replicate	K	run	cv_error	loglikelihood	q_file	run_dir
rep001	1	run01	0.35996	-8086882.514842	/cfs/klemming/home/t/tabeadi/tabea_work/08_population_analysis_final/skane_only/combined/results/structure/admixture/rep001/K1/run01/data.1.Q	/cfs/klemming/home/t/tabeadi/tabea_work/08_population_analysis_final/skane_only/combined/results/structure/admixture/rep001/K1/run01
rep001	1	run02	0.35995	-8086882.514842	/cfs/klemming/home/t/tabeadi/tabea_work/08_population_analysis_final/skane_only/combined/results/structure/admixture/rep001/K1/run02/data.1.Q	/cfs/klemming/home/t/tabeadi/tabea_work/08_population_analysis_final/skane_only/combined/results/structure/admixture/rep001/K1/run02
rep001	1	run03	0.35996	-8086882.514842	/cfs/klemming/home/t/tabeadi/tabea_work/08_population_analysis_final/skane_only/combined/results/structure/admixture/rep001/K1/run03/data.1.Q	/cfs/klemming/home/t/tabeadi/tabea_work/08_population_analysis_final/skane_only/combined/results/structure/admixture/rep001/K1/run03
rep001	1	run04	0.35994	-8086882.514842	/cfs/klemming/home/t/tabeadi/tabea_work/08_population_analysis_final/skane_only/combined/results/structure/admixture/rep001/K1/run04/data.1.Q	/cfs/klemming/home/t/tabeadi/tabea_work/08_population_analysis_final/skane_only/combined/results/structure/admixture/rep001/K1/run04
rep001	1	run05	0.35996	-8086882.514842	/cfs/klemming/home/t/tabeadi/tabea_work/08_population_analysis_final/skane_only/combined/results/structure/admixture/rep001/K1/run05/data.1.Q	/cfs/klemming/home/t/tabeadi/tabea_work/08_population_analysis_final/skane_only/combined/results/structure/admixture/rep001/K1/run05
rep001	1	run06	0.35995	-8086882.514842	/cfs/klemming/home/t/tabeadi/tabea_work/08_population_analysis_final/skane_only/combined/results/structure/admixture/rep001/K1/run06/data.1.Q	/cfs/klemming/home/t/tabeadi/tabea_work/08_population_analysis_final/skane_only/combined/results/structure/admixture/rep001/K1/run06
rep001	1	run07	0.35995	-8086882.514842	/cfs/klemming/home/t/tabeadi/tabea_work/08_population_analysis_final/skane_only/combined/results/structure/admixture/rep001/K1/run07/data.1.Q	/cfs/klemming/home/t/tabeadi/tabea_work/08_population_analysis_final/skane_only/combined/results/structure/admixture/rep001/K1/run07
rep001	1	run08	0.35995	-8086882.514842	/cfs/klemming/home/t/tabeadi/tabea_work/08_population_analysis_final/skane_only/combined/results/structure/admixture/rep001/K1/run08/data.1.Q	/cfs/klemming/home/t/tabeadi/tabea_work/08_population_analysis_final/skane_only/combined/results/structure/admixture/rep001/K1/run08
rep001	1	run09	0.35994	-8086882.514842	/cfs/klemming/home/t/tabeadi/tabea_work/08_population_analysis_final/skane_only/combined/results/structure/admixture/rep001/K1/run09/data.1.Q	/cfs/klemming/home/t/tabeadi/tabea_work/08_population_analysis_final/skane_only/combined/results/structure/admixture/rep001/K1/run09
rep001	1	run10	0.35994	-8086882.514842	/cfs/klemming/home/t/tabeadi/tabea_work/08_population_analysis_final/skane_only/combined/results/structure/admixture/rep001/K1/run10/data.1.Q	/cfs/klemming/home/t/tabeadi/tabea_work/08_population_analysis_final/skane_only/combined/results/structure/admixture/rep001/K1/run10
rep001	1	run11	0.35996	-8086882.514842	/cfs/klemming/home/t/tabeadi/tabea_work/08_population_analysis_final/skane_only/combined/results/structure/admixture/rep001/K1/run11/data.1.Q	/cfs/klemming/home/t/tabeadi/tabea_work/08_population_analysis_final/skane_only/combined/results/structure/admixture/rep001/K1/run11
rep001	1	run12	0.35995	-8086882.514842	/cfs/klemming/home/t/tabeadi/tabea_work/08_population_analysis_final/skane_only/combined/results/structure/admixture/rep001/K1/run12/data.1.Q	/cfs/klemming/home/t/tabeadi/tabea_work/08_population_analysis_final/skane_only/combined/results/structure/admixture/rep001/K1/run12
rep001	1	run13	0.35995	-8086882.514842	/cfs/klemming/home/t/tabeadi/tabea_work/08_population_analysis_final/skane_only/combined/results/structure/admixture/rep001/K1/run13/data.1.Q	/cfs/klemming/home/t/tabeadi/tabea_work/08_population_analysis_final/skane_only/combined/results/structure/admixture/rep001/K1/run13
rep001	1	run14	0.35996	-8086882.514842	/cfs/klemming/home/t/tabeadi/tabea_work/08_population_analysis_final/skane_only/combined/results/structure/admixture/rep001/K1/run14/data.1.Q	/cfs/klemming/home/t/tabeadi/tabea_work/08_population_analysis_final/skane_only/combined/results/structure/admixture/rep001/K1/run14
rep001	1	run15	0.35994	-8086882.514842	/cfs/klemming/home/t/tabeadi/tabea_work/08_population_analysis_final/skane_only/combined/results/structure/admixture/rep001/K1/run15/data.1.Q	/cfs/klemming/home/t/tabeadi/tabea_work/08_population_analysis_final/skane_only/combined/results/structure/admixture/rep001/K1/run15
rep001	1	run16	0.35995	-8086882.514842	/cfs/klemming/home/t/tabeadi/tabea_work/08_population_analysis_final/skane_only/combined/results/structure/admixture/rep001/K1/run16/data.1.Q	/cfs/klemming/home/t/tabeadi/tabea_work/08_population_analysis_final/skane_only/combined/results/structure/admixture/rep001/K1/run16
rep001	1	run17	0.35996	-8086882.514842	/cfs/klemming/home/t/tabeadi/tabea_work/08_population_analysis_final/skane_only/combined/results/structure/admixture/rep001/K1/run17/data.1.Q	/cfs/klemming/home/t/tabeadi/tabea_work/08_population_analysis_final/skane_only/combined/results/structure/admixture/rep001/K1/run17
rep001	1	run18	0.35994	-8086882.514842	/cfs/klemming/home/t/tabeadi/tabea_work/08_population_analysis_final/skane_only/combined/results/structure/admixture/rep001/K1/run18/data.1.Q	/cfs/klemming/home/t/tabeadi/tabea_work/08_population_analysis_final/skane_only/combined/results/structure/admixture/rep001/K1/run18
rep001	1	run19	0.35995	-8086882.514842	/cfs/klemming/home/t/tabeadi/tabea_work/08_population_analysis_final/skane_only/combined/results/structure/admixture/rep001/K1/run19/data.1.Q	/cfs/klemming/home/t/tabeadi/tabea_work/08_population_analysis_final/skane_only/combined/results/structure/admixture/rep001/K1/run19
rep001	1	run20	0.35996	-8086882.514842	/cfs/klemming/home/t/tabeadi/tabea_work/08_population_analysis_final/skane_only/combined/results/structure/admixture/rep001/K1/run20/data.1.Q	/cfs/klemming/home/t/tabeadi/tabea_work/08_population_analysis_final/skane_only/combined/results/structure/admixture/rep001/K1/run20
rep001	2	run01	0.3587	-8057262.997898	/cfs/klemming/home/t/tabeadi/tabea_work/08_population_analysis_final/skane_only/combined/results/structure/admixture/rep001/K2/run01/data.2.Q	/cfs/klemming/home/t/tabeadi/tabea_work/08_population_analysis_final/skane_only/combined/results/structure/admixture/rep001/K2/run01
rep001	2	run02	0.35868	-8057262.997892	/cfs/klemming/home/t/tabeadi/tabea_work/08_population_analysis_final/skane_only/combined/results/structure/admixture/rep001/K2/run02/data.2.Q	/cfs/klemming/home/t/tabeadi/tabea_work/08_population_analysis_final/skane_only/combined/results/structure/admixture/rep001/K2/run02
rep001	2	run03	0.35867	-8057262.997906	/cfs/klemming/home/t/tabeadi/tabea_work/08_population_analysis_final/skane_only/combined/results/structure/admixture/rep001/K2/run03/data.2.Q	/cfs/klemming/home/t/tabeadi/tabea_work/08_population_analysis_final/skane_only/combined/results/structure/admixture/rep001/K2/run03
rep001	2	run04	0.35872	-8057262.997882	/cfs/klemming/home/t/tabeadi/tabea_work/08_population_analysis_final/skane_only/combined/results/structure/admixture/rep001/K2/run04/data.2.Q	/cfs/klemming/home/t/tabeadi/tabea_work/08_population_analysis_final/skane_only/combined/results/structure/admixture/rep001/K2/run04
rep001	2	run05	0.35871	-8057262.997881	/cfs/klemming/home/t/tabeadi/tabea_work/08_population_analysis_final/skane_only/combined/results/structure/admixture/rep001/K2/run05/data.2.Q	/cfs/klemming/home/t/tabeadi/tabea_work/08_population_analysis_final/skane_only/combined/results/structure/admixture/rep001/K2/run05
rep001	2	run06	0.35869	-8057262.997882	/cfs/klemming/home/t/tabeadi/tabea_work/08_population_analysis_final/skane_only/combined/results/structure/admixture/rep001/K2/run06/data.2.Q	/cfs/klemming/home/t/tabeadi/tabea_work/08_population_analysis_final/skane_only/combined/results/structure/admixture/rep001/K2/run06
rep001	2	run07	0.35868	-8057262.997887	/cfs/klemming/home/t/tabeadi/tabea_work/08_population_analysis_final/skane_only/combined/results/structure/admixture/rep001/K2/run07/data.2.Q	/cfs/klemming/home/t/tabeadi/tabea_work/08_population_analysis_final/skane_only/combined/results/structure/admixture/rep001/K2/run07
rep001	2	run08	0.35869	-8057262.997882	/cfs/klemming/home/t/tabeadi/tabea_work/08_population_analysis_final/skane_only/combined/results/structure/admixture/rep001/K2/run08/data.2.Q	/cfs/klemming/home/t/tabeadi/tabea_work/08_population_analysis_final/skane_only/combined/results/structure/admixture/rep001/K2/run08
rep001	2	run09	0.35869	-8057262.997905	/cfs/klemming/home/t/tabeadi/tabea_work/08_population_analysis_final/skane_only/combined/results/structure/admixture/rep001/K2/run09/data.2.Q	/cfs/klemming/home/t/tabeadi/tabea_work/08_population_analysis_final/skane_only/combined/results/structure/admixture/rep001/K2/run09
rep001	2	run10	0.35868	-8057262.997884	/cfs/klemming/home/t/tabeadi/tabea_work/08_population_analysis_final/skane_only/combined/results/structure/admixture/rep001/K2/run10/data.2.Q	/cfs/klemming/home/t/tabeadi/tabea_work/08_population_analysis_final/skane_only/combined/results/structure/admixture/rep001/K2/run10
rep001	2	run11	0.35868	-8057262.997883	/cfs/klemming/home/t/tabeadi/tabea_work/08_population_analysis_final/skane_only/combined/results/structure/admixture/rep001/K2/run11/data.2.Q	/cfs/klemming/home/t/tabeadi/tabea_work/08_population_analysis_final/skane_only/combined/results/structure/admixture/rep001/K2/run11
rep001	2	run12	0.35871	-8057262.997881	/cfs/klemming/home/t/tabeadi/tabea_work/08_population_analysis_final/skane_only/combined/results/structure/admixture/rep001/K2/run12/data.2.Q	/cfs/klemming/home/t/tabeadi/tabea_work/08_population_analysis_final/skane_only/combined/results/structure/admixture/rep001/K2/run12
rep001	2	run13	0.35869	-8057262.997899	/cfs/klemming/home/t/tabeadi/tabea_work/08_population_analysis_final/skane_only/combined/results/structure/admixture/rep001/K2/run13/data.2.Q	/cfs/klemming/home/t/tabeadi/tabea_work/08_population_analysis_final/skane_only/combined/results/structure/admixture/rep001/K2/run13
rep001	2	run14	0.35869	-8057262.997896	/cfs/klemming/home/t/tabeadi/tabea_work/08_population_analysis_final/skane_only/combined/results/structure/admixture/rep001/K2/run14/data.2.Q	/cfs/klemming/home/t/tabeadi/tabea_work/08_population_analysis_final/skane_only/combined/results/structure/admixture/rep001/K2/run14
rep001	2	run15	0.35868	-8057262.997883	/cfs/klemming/home/t/tabeadi/tabea_work/08_population_analysis_final/skane_only/combined/results/structure/admixture/rep001/K2/run15/data.2.Q	/cfs/klemming/home/t/tabeadi/tabea_work/08_population_analysis_final/skane_only/combined/results/structure/admixture/rep001/K2/run15
rep001	2	run16	0.35867	-8057262.997885	/cfs/klemming/home/t/tabeadi/tabea_work/08_population_analysis_final/skane_only/combined/results/structure/admixture/rep001/K2/run16/data.2.Q	/cfs/klemming/home/t/tabeadi/tabea_work/08_population_analysis_final/skane_only/combined/results/structure/admixture/rep001/K2/run16
rep001	2	run17	0.35869	-8057262.997886	/cfs/klemming/home/t/tabeadi/tabea_work/08_population_analysis_final/skane_only/combined/results/structure/admixture/rep001/K2/run17/data.2.Q	/cfs/klemming/home/t/tabeadi/tabea_work/08_population_analysis_final/skane_only/combined/results/structure/admixture/rep001/K2/run17
rep001	2	run18	0.35869	-8057262.997894	/cfs/klemming/home/t/tabeadi/tabea_work/08_population_analysis_final/skane_only/combined/results/structure/admixture/rep001/K2/run18/data.2.Q	/cfs/klemming/home/t/tabeadi/tabea_work/08_population_analysis_final/skane_only/combined/results/structure/admixture/rep001/K2/run18
rep001	2	run19	0.35869	-8057262.997896	/cfs/klemming/home/t/tabeadi/tabea_work/08_population_analysis_final/skane_only/combined/results/structure/admixture/rep001/K2/run19/data.2.Q	/cfs/klemming/home/t/tabeadi/tabea_work/08_population_analysis_final/skane_only/combined/results/structure/admixture/rep001/K2/run19
rep001	2	run20	0.35869	-8057262.997887	/cfs/klemming/home/t/tabeadi/tabea_work/08_population_analysis_final/skane_only/combined/results/structure/admixture/rep001/K2/run20/data.2.Q	/cfs/klemming/home/t/tabeadi/tabea_work/08_population_analysis_final/skane_only/combined/results/structure/admixture/rep001/K2/run20
rep001	3	run01	0.35813	-8036599.146227	/cfs/klemming/home/t/tabeadi/tabea_work/08_population_analysis_final/skane_only/combined/results/structure/admixture/rep001/K3/run01/data.3.Q	/cfs/klemming/home/t/tabeadi/tabea_work/08_population_analysis_final/skane_only/combined/results/structure/admixture/rep001/K3/run01
rep001	3	run02	0.35809	-8036599.170063	/cfs/klemming/home/t/tabeadi/tabea_work/08_population_analysis_final/skane_only/combined/results/structure/admixture/rep001/K3/run02/data.3.Q	/cfs/klemming/home/t/tabeadi/tabea_work/08_population_analysis_final/skane_only/combined/results/structure/admixture/rep001/K3/run02
rep001	3	run03	0.3581	-8036599.166149	/cfs/klemming/home/t/tabeadi/tabea_work/08_population_analysis_final/skane_only/combined/results/structure/admixture/rep001/K3/run03/data.3.Q	/cfs/klemming/home/t/tabeadi/tabea_work/08_population_analysis_final/skane_only/combined/results/structure/admixture/rep001/K3/run03
rep001	3	run04	0.35809	-8036599.147542	/cfs/klemming/home/t/tabeadi/tabea_work/08_population_analysis_final/skane_only/combined/results/structure/admixture/rep001/K3/run04/data.3.Q	/cfs/klemming/home/t/tabeadi/tabea_work/08_population_analysis_final/skane_only/combined/results/structure/admixture/rep001/K3/run04
rep001	3	run05	0.35811	-8036599.145899	/cfs/klemming/home/t/tabeadi/tabea_work/08_population_analysis_final/skane_only/combined/results/structure/admixture/rep001/K3/run05/data.3.Q	/cfs/klemming/home/t/tabeadi/tabea_work/08_population_analysis_final/skane_only/combined/results/structure/admixture/rep001/K3/run05
rep001	3	run06	0.35808	-8036599.147126	/cfs/klemming/home/t/tabeadi/tabea_work/08_population_analysis_final/skane_only/combined/results/structure/admixture/rep001/K3/run06/data.3.Q	/cfs/klemming/home/t/tabeadi/tabea_work/08_population_analysis_final/skane_only/combined/results/structure/admixture/rep001/K3/run06
rep001	3	run07	0.35807	-8036599.148195	/cfs/klemming/home/t/tabeadi/tabea_work/08_population_analysis_final/skane_only/combined/results/structure/admixture/rep001/K3/run07/data.3.Q	/cfs/klemming/home/t/tabeadi/tabea_work/08_population_analysis_final/skane_only/combined/results/structure/admixture/rep001/K3/run07
rep001	3	run08	0.35807	-8036599.150238	/cfs/klemming/home/t/tabeadi/tabea_work/08_population_analysis_final/skane_only/combined/results/structure/admixture/rep001/K3/run08/data.3.Q	/cfs/klemming/home/t/tabeadi/tabea_work/08_population_analysis_final/skane_only/combined/results/structure/admixture/rep001/K3/run08
rep001	3	run09	0.35809	-8036599.163822	/cfs/klemming/home/t/tabeadi/tabea_work/08_population_analysis_final/skane_only/combined/results/structure/admixture/rep001/K3/run09/data.3.Q	/cfs/klemming/home/t/tabeadi/tabea_work/08_population_analysis_final/skane_only/combined/results/structure/admixture/rep001/K3/run09
rep001	3	run10	0.35807	-8036599.147755	/cfs/klemming/home/t/tabeadi/tabea_work/08_population_analysis_final/skane_only/combined/results/structure/admixture/rep001/K3/run10/data.3.Q	/cfs/klemming/home/t/tabeadi/tabea_work/08_population_analysis_final/skane_only/combined/results/structure/admixture/rep001/K3/run10
rep001	3	run11	0.35808	-8036599.160995	/cfs/klemming/home/t/tabeadi/tabea_work/08_population_analysis_final/skane_only/combined/results/structure/admixture/rep001/K3/run11/data.3.Q	/cfs/klemming/home/t/tabeadi/tabea_work/08_population_analysis_final/skane_only/combined/results/structure/admixture/rep001/K3/run11
rep001	3	run12	0.35811	-8036599.147331	/cfs/klemming/home/t/tabeadi/tabea_work/08_population_analysis_final/skane_only/combined/results/structure/admixture/rep001/K3/run12/data.3.Q	/cfs/klemming/home/t/tabeadi/tabea_work/08_population_analysis_final/skane_only/combined/results/structure/admixture/rep001/K3/run12
rep001	3	run13	0.35809	-8036599.147094	/cfs/klemming/home/t/tabeadi/tabea_work/08_population_analysis_final/skane_only/combined/results/structure/admixture/rep001/K3/run13/data.3.Q	/cfs/klemming/home/t/tabeadi/tabea_work/08_population_analysis_final/skane_only/combined/results/structure/admixture/rep001/K3/run13
rep001	3	run14	0.35811	-8036599.144391	/cfs/klemming/home/t/tabeadi/tabea_work/08_population_analysis_final/skane_only/combined/results/structure/admixture/rep001/K3/run14/data.3.Q	/cfs/klemming/home/t/tabeadi/tabea_work/08_population_analysis_final/skane_only/combined/results/structure/admixture/rep001/K3/run14
rep001	3	run15	0.35808	-8036599.147436	/cfs/klemming/home/t/tabeadi/tabea_work/08_population_analysis_final/skane_only/combined/results/structure/admixture/rep001/K3/run15/data.3.Q	/cfs/klemming/home/t/tabeadi/tabea_work/08_population_analysis_final/skane_only/combined/results/structure/admixture/rep001/K3/run15
rep001	3	run16	0.35812	-8036599.144454	/cfs/klemming/home/t/tabeadi/tabea_work/08_population_analysis_final/skane_only/combined/results/structure/admixture/rep001/K3/run16/data.3.Q	/cfs/klemming/home/t/tabeadi/tabea_work/08_population_analysis_final/skane_only/combined/results/structure/admixture/rep001/K3/run16
rep001	3	run17	0.35809	-8036599.149061	/cfs/klemming/home/t/tabeadi/tabea_work/08_population_analysis_final/skane_only/combined/results/structure/admixture/rep001/K3/run17/data.3.Q	/cfs/klemming/home/t/tabeadi/tabea_work/08_population_analysis_final/skane_only/combined/results/structure/admixture/rep001/K3/run17
rep001	3	run18	0.35806	-8036599.152027	/cfs/klemming/home/t/tabeadi/tabea_work/08_population_analysis_final/skane_only/combined/results/structure/admixture/rep001/K3/run18/data.3.Q	/cfs/klemming/home/t/tabeadi/tabea_work/08_population_analysis_final/skane_only/combined/results/structure/admixture/rep001/K3/run18
rep001	3	run19	0.35809	-8036599.153091	/cfs/klemming/home/t/tabeadi/tabea_work/08_population_analysis_final/skane_only/combined/results/structure/admixture/rep001/K3/run19/data.3.Q	/cfs/klemming/home/t/tabeadi/tabea_work/08_population_analysis_final/skane_only/combined/results/structure/admixture/rep001/K3/run19
rep001	3	run20	0.35812	-8036599.150291	/cfs/klemming/home/t/tabeadi/tabea_work/08_population_analysis_final/skane_only/combined/results/structure/admixture/rep001/K3/run20/data.3.Q	/cfs/klemming/home/t/tabeadi/tabea_work/08_population_analysis_final/skane_only/combined/results/structure/admixture/rep001/K3/run20
rep001	4	run01	0.35758	-8017429.050717	/cfs/klemming/home/t/tabeadi/tabea_work/08_population_analysis_final/skane_only/combined/results/structure/admixture/rep001/K4/run01/data.4.Q	/cfs/klemming/home/t/tabeadi/tabea_work/08_population_analysis_final/skane_only/combined/results/structure/admixture/rep001/K4/run01
rep001	4	run02	0.35753	-8017429.052114	/cfs/klemming/home/t/tabeadi/tabea_work/08_population_analysis_final/skane_only/combined/results/structure/admixture/rep001/K4/run02/data.4.Q	/cfs/klemming/home/t/tabeadi/tabea_work/08_population_analysis_final/skane_only/combined/results/structure/admixture/rep001/K4/run02
rep001	4	run03	0.35756	-8017429.044759	/cfs/klemming/home/t/tabeadi/tabea_work/08_population_analysis_final/skane_only/combined/results/structure/admixture/rep001/K4/run03/data.4.Q	/cfs/klemming/home/t/tabeadi/tabea_work/08_population_analysis_final/skane_only/combined/results/structure/admixture/rep001/K4/run03
rep001	4	run04	0.35753	-8017429.045133	/cfs/klemming/home/t/tabeadi/tabea_work/08_population_analysis_final/skane_only/combined/results/structure/admixture/rep001/K4/run04/data.4.Q	/cfs/klemming/home/t/tabeadi/tabea_work/08_population_analysis_final/skane_only/combined/results/structure/admixture/rep001/K4/run04
rep001	4	run05	0.35757	-8017429.042949	/cfs/klemming/home/t/tabeadi/tabea_work/08_population_analysis_final/skane_only/combined/results/structure/admixture/rep001/K4/run05/data.4.Q	/cfs/klemming/home/t/tabeadi/tabea_work/08_population_analysis_final/skane_only/combined/results/structure/admixture/rep001/K4/run05
rep001	4	run06	0.35752	-8017429.04469	/cfs/klemming/home/t/tabeadi/tabea_work/08_population_analysis_final/skane_only/combined/results/structure/admixture/rep001/K4/run06/data.4.Q	/cfs/klemming/home/t/tabeadi/tabea_work/08_population_analysis_final/skane_only/combined/results/structure/admixture/rep001/K4/run06
rep001	4	run07	0.35754	-8017429.07054	/cfs/klemming/home/t/tabeadi/tabea_work/08_population_analysis_final/skane_only/combined/results/structure/admixture/rep001/K4/run07/data.4.Q	/cfs/klemming/home/t/tabeadi/tabea_work/08_population_analysis_final/skane_only/combined/results/structure/admixture/rep001/K4/run07
rep001	4	run08	0.35757	-8017429.075575	/cfs/klemming/home/t/tabeadi/tabea_work/08_population_analysis_final/skane_only/combined/results/structure/admixture/rep001/K4/run08/data.4.Q	/cfs/klemming/home/t/tabeadi/tabea_work/08_population_analysis_final/skane_only/combined/results/structure/admixture/rep001/K4/run08
rep001	4	run09	0.35759	-8017429.04612	/cfs/klemming/home/t/tabeadi/tabea_work/08_population_analysis_final/skane_only/combined/results/structure/admixture/rep001/K4/run09/data.4.Q	/cfs/klemming/home/t/tabeadi/tabea_work/08_population_analysis_final/skane_only/combined/results/structure/admixture/rep001/K4/run09
rep001	4	run10	0.35754	-8017429.044898	/cfs/klemming/home/t/tabeadi/tabea_work/08_population_analysis_final/skane_only/combined/results/structure/admixture/rep001/K4/run10/data.4.Q	/cfs/klemming/home/t/tabeadi/tabea_work/08_population_analysis_final/skane_only/combined/results/structure/admixture/rep001/K4/run10
rep001	4	run11	0.35761	-8017429.041573	/cfs/klemming/home/t/tabeadi/tabea_work/08_population_analysis_final/skane_only/combined/results/structure/admixture/rep001/K4/run11/data.4.Q	/cfs/klemming/home/t/tabeadi/tabea_work/08_population_analysis_final/skane_only/combined/results/structure/admixture/rep001/K4/run11
rep001	4	run12	0.35755	-8017429.059381	/cfs/klemming/home/t/tabeadi/tabea_work/08_population_analysis_final/skane_only/combined/results/structure/admixture/rep001/K4/run12/data.4.Q	/cfs/klemming/home/t/tabeadi/tabea_work/08_population_analysis_final/skane_only/combined/results/structure/admixture/rep001/K4/run12
rep001	4	run13	0.35754	-8017429.037889	/cfs/klemming/home/t/tabeadi/tabea_work/08_population_analysis_final/skane_only/combined/results/structure/admixture/rep001/K4/run13/data.4.Q	/cfs/klemming/home/t/tabeadi/tabea_work/08_population_analysis_final/skane_only/combined/results/structure/admixture/rep001/K4/run13
rep001	4	run14	0.35753	-8017429.043242	/cfs/klemming/home/t/tabeadi/tabea_work/08_population_analysis_final/skane_only/combined/results/structure/admixture/rep001/K4/run14/data.4.Q	/cfs/klemming/home/t/tabeadi/tabea_work/08_population_analysis_final/skane_only/combined/results/structure/admixture/rep001/K4/run14
rep001	4	run15	0.35754	-8017429.041364	/cfs/klemming/home/t/tabeadi/tabea_work/08_population_analysis_final/skane_only/combined/results/structure/admixture/rep001/K4/run15/data.4.Q	/cfs/klemming/home/t/tabeadi/tabea_work/08_population_analysis_final/skane_only/combined/results/structure/admixture/rep001/K4/run15
rep001	4	run16	0.35754	-8017429.036091	/cfs/klemming/home/t/tabeadi/tabea_work/08_population_analysis_final/skane_only/combined/results/structure/admixture/rep001/K4/run16/data.4.Q	/cfs/klemming/home/t/tabeadi/tabea_work/08_population_analysis_final/skane_only/combined/results/structure/admixture/rep001/K4/run16
rep001	4	run17	0.35762	-8017429.041091	/cfs/klemming/home/t/tabeadi/tabea_work/08_population_analysis_final/skane_only/combined/results/structure/admixture/rep001/K4/run17/data.4.Q	/cfs/klemming/home/t/tabeadi/tabea_work/08_population_analysis_final/skane_only/combined/results/structure/admixture/rep001/K4/run17
rep001	4	run18	0.35756	-8017429.052125	/cfs/klemming/home/t/tabeadi/tabea_work/08_population_analysis_final/skane_only/combined/results/structure/admixture/rep001/K4/run18/data.4.Q	/cfs/klemming/home/t/tabeadi/tabea_work/08_population_analysis_final/skane_only/combined/results/structure/admixture/rep001/K4/run18
rep001	4	run19	0.35753	-8017429.068635	/cfs/klemming/home/t/tabeadi/tabea_work/08_population_analysis_final/skane_only/combined/results/structure/admixture/rep001/K4/run19/data.4.Q	/cfs/klemming/home/t/tabeadi/tabea_work/08_population_analysis_final/skane_only/combined/results/structure/admixture/rep001/K4/run19
rep001	4	run20	0.35752	-8017429.046315	/cfs/klemming/home/t/tabeadi/tabea_work/08_population_analysis_final/skane_only/combined/results/structure/admixture/rep001/K4/run20/data.4.Q	/cfs/klemming/home/t/tabeadi/tabea_work/08_population_analysis_final/skane_only/combined/results/structure/admixture/rep001/K4/run20
rep001	5	run01	0.35705	-7999545.446815	/cfs/klemming/home/t/tabeadi/tabea_work/08_population_analysis_final/skane_only/combined/results/structure/admixture/rep001/K5/run01/data.5.Q	/cfs/klemming/home/t/tabeadi/tabea_work/08_population_analysis_final/skane_only/combined/results/structure/admixture/rep001/K5/run01
rep001	5	run02	0.35703	-7999784.827527	/cfs/klemming/home/t/tabeadi/tabea_work/08_population_analysis_final/skane_only/combined/results/structure/admixture/rep001/K5/run02/data.5.Q	/cfs/klemming/home/t/tabeadi/tabea_work/08_population_analysis_final/skane_only/combined/results/structure/admixture/rep001/K5/run02
rep001	5	run03	0.35704	-7999545.456015	/cfs/klemming/home/t/tabeadi/tabea_work/08_population_analysis_final/skane_only/combined/results/structure/admixture/rep001/K5/run03/data.5.Q	/cfs/klemming/home/t/tabeadi/tabea_work/08_population_analysis_final/skane_only/combined/results/structure/admixture/rep001/K5/run03
rep001	5	run04	0.35709	-7999784.830397	/cfs/klemming/home/t/tabeadi/tabea_work/08_population_analysis_final/skane_only/combined/results/structure/admixture/rep001/K5/run04/data.5.Q	/cfs/klemming/home/t/tabeadi/tabea_work/08_population_analysis_final/skane_only/combined/results/structure/admixture/rep001/K5/run04
rep001	5	run05	0.35698	-7999784.81606	/cfs/klemming/home/t/tabeadi/tabea_work/08_population_analysis_final/skane_only/combined/results/structure/admixture/rep001/K5/run05/data.5.Q	/cfs/klemming/home/t/tabeadi/tabea_work/08_population_analysis_final/skane_only/combined/results/structure/admixture/rep001/K5/run05
rep001	5	run06	0.35702	-7999545.465849	/cfs/klemming/home/t/tabeadi/tabea_work/08_population_analysis_final/skane_only/combined/results/structure/admixture/rep001/K5/run06/data.5.Q	/cfs/klemming/home/t/tabeadi/tabea_work/08_population_analysis_final/skane_only/combined/results/structure/admixture/rep001/K5/run06
rep001	5	run07	0.35711	-7999545.45765	/cfs/klemming/home/t/tabeadi/tabea_work/08_population_analysis_final/skane_only/combined/results/structure/admixture/rep001/K5/run07/data.5.Q	/cfs/klemming/home/t/tabeadi/tabea_work/08_population_analysis_final/skane_only/combined/results/structure/admixture/rep001/K5/run07
rep001	5	run08	0.35709	-7999545.482725	/cfs/klemming/home/t/tabeadi/tabea_work/08_population_analysis_final/skane_only/combined/results/structure/admixture/rep001/K5/run08/data.5.Q	/cfs/klemming/home/t/tabeadi/tabea_work/08_population_analysis_final/skane_only/combined/results/structure/admixture/rep001/K5/run08
rep001	5	run09	0.357	-7999784.817215	/cfs/klemming/home/t/tabeadi/tabea_work/08_population_analysis_final/skane_only/combined/results/structure/admixture/rep001/K5/run09/data.5.Q	/cfs/klemming/home/t/tabeadi/tabea_work/08_population_analysis_final/skane_only/combined/results/structure/admixture/rep001/K5/run09
rep001	5	run10	0.35702	-7999545.450149	/cfs/klemming/home/t/tabeadi/tabea_work/08_population_analysis_final/skane_only/combined/results/structure/admixture/rep001/K5/run10/data.5.Q	/cfs/klemming/home/t/tabeadi/tabea_work/08_population_analysis_final/skane_only/combined/results/structure/admixture/rep001/K5/run10
rep001	5	run11	0.35701	-7999545.450483	/cfs/klemming/home/t/tabeadi/tabea_work/08_population_analysis_final/skane_only/combined/results/structure/admixture/rep001/K5/run11/data.5.Q	/cfs/klemming/home/t/tabeadi/tabea_work/08_population_analysis_final/skane_only/combined/results/structure/admixture/rep001/K5/run11
rep001	5	run12	0.35711	-7999545.445212	/cfs/klemming/home/t/tabeadi/tabea_work/08_population_analysis_final/skane_only/combined/results/structure/admixture/rep001/K5/run12/data.5.Q	/cfs/klemming/home/t/tabeadi/tabea_work/08_population_analysis_final/skane_only/combined/results/structure/admixture/rep001/K5/run12
rep001	5	run13	0.35706	-7999545.462062	/cfs/klemming/home/t/tabeadi/tabea_work/08_population_analysis_final/skane_only/combined/results/structure/admixture/rep001/K5/run13/data.5.Q	/cfs/klemming/home/t/tabeadi/tabea_work/08_population_analysis_final/skane_only/combined/results/structure/admixture/rep001/K5/run13
rep001	5	run14	0.35711	-7999545.478188	/cfs/klemming/home/t/tabeadi/tabea_work/08_population_analysis_final/skane_only/combined/results/structure/admixture/rep001/K5/run14/data.5.Q	/cfs/klemming/home/t/tabeadi/tabea_work/08_population_analysis_final/skane_only/combined/results/structure/admixture/rep001/K5/run14
rep001	5	run15	0.35712	-7999784.850064	/cfs/klemming/home/t/tabeadi/tabea_work/08_population_analysis_final/skane_only/combined/results/structure/admixture/rep001/K5/run15/data.5.Q	/cfs/klemming/home/t/tabeadi/tabea_work/08_population_analysis_final/skane_only/combined/results/structure/admixture/rep001/K5/run15
rep001	5	run16	0.3571	-7999545.459934	/cfs/klemming/home/t/tabeadi/tabea_work/08_population_analysis_final/skane_only/combined/results/structure/admixture/rep001/K5/run16/data.5.Q	/cfs/klemming/home/t/tabeadi/tabea_work/08_population_analysis_final/skane_only/combined/results/structure/admixture/rep001/K5/run16
rep001	5	run17	0.35713	-7999784.830347	/cfs/klemming/home/t/tabeadi/tabea_work/08_population_analysis_final/skane_only/combined/results/structure/admixture/rep001/K5/run17/data.5.Q	/cfs/klemming/home/t/tabeadi/tabea_work/08_population_analysis_final/skane_only/combined/results/structure/admixture/rep001/K5/run17
rep001	5	run18	0.35705	-7999545.453727	/cfs/klemming/home/t/tabeadi/tabea_work/08_population_analysis_final/skane_only/combined/results/structure/admixture/rep001/K5/run18/data.5.Q	/cfs/klemming/home/t/tabeadi/tabea_work/08_population_analysis_final/skane_only/combined/results/structure/admixture/rep001/K5/run18
rep001	5	run19	0.35706	-7999784.872555	/cfs/klemming/home/t/tabeadi/tabea_work/08_population_analysis_final/skane_only/combined/results/structure/admixture/rep001/K5/run19/data.5.Q	/cfs/klemming/home/t/tabeadi/tabea_work/08_population_analysis_final/skane_only/combined/results/structure/admixture/rep001/K5/run19
rep001	5	run20	0.35706	-7999545.446823	/cfs/klemming/home/t/tabeadi/tabea_work/08_population_analysis_final/skane_only/combined/results/structure/admixture/rep001/K5/run20/data.5.Q	/cfs/klemming/home/t/tabeadi/tabea_work/08_population_analysis_final/skane_only/combined/results/structure/admixture/rep001/K5/run20
rep001	6	run01	0.35653	-7982575.76073	/cfs/klemming/home/t/tabeadi/tabea_work/08_population_analysis_final/skane_only/combined/results/structure/admixture/rep001/K6/run01/data.6.Q	/cfs/klemming/home/t/tabeadi/tabea_work/08_population_analysis_final/skane_only/combined/results/structure/admixture/rep001/K6/run01
rep001	6	run02	0.3564	-7982575.837422	/cfs/klemming/home/t/tabeadi/tabea_work/08_population_analysis_final/skane_only/combined/results/structure/admixture/rep001/K6/run02/data.6.Q	/cfs/klemming/home/t/tabeadi/tabea_work/08_population_analysis_final/skane_only/combined/results/structure/admixture/rep001/K6/run02
rep001	6	run03	0.3565	-7982575.890495	/cfs/klemming/home/t/tabeadi/tabea_work/08_population_analysis_final/skane_only/combined/results/structure/admixture/rep001/K6/run03/data.6.Q	/cfs/klemming/home/t/tabeadi/tabea_work/08_population_analysis_final/skane_only/combined/results/structure/admixture/rep001/K6/run03
rep001	6	run04	0.3565	-7982575.819873	/cfs/klemming/home/t/tabeadi/tabea_work/08_population_analysis_final/skane_only/combined/results/structure/admixture/rep001/K6/run04/data.6.Q	/cfs/klemming/home/t/tabeadi/tabea_work/08_population_analysis_final/skane_only/combined/results/structure/admixture/rep001/K6/run04
rep001	6	run05	0.35657	-7982575.777969	/cfs/klemming/home/t/tabeadi/tabea_work/08_population_analysis_final/skane_only/combined/results/structure/admixture/rep001/K6/run05/data.6.Q	/cfs/klemming/home/t/tabeadi/tabea_work/08_population_analysis_final/skane_only/combined/results/structure/admixture/rep001/K6/run05
rep001	6	run06	0.35653	-7982575.769072	/cfs/klemming/home/t/tabeadi/tabea_work/08_population_analysis_final/skane_only/combined/results/structure/admixture/rep001/K6/run06/data.6.Q	/cfs/klemming/home/t/tabeadi/tabea_work/08_population_analysis_final/skane_only/combined/results/structure/admixture/rep001/K6/run06
rep001	6	run07	0.35665	-7983343.448134	/cfs/klemming/home/t/tabeadi/tabea_work/08_population_analysis_final/skane_only/combined/results/structure/admixture/rep001/K6/run07/data.6.Q	/cfs/klemming/home/t/tabeadi/tabea_work/08_population_analysis_final/skane_only/combined/results/structure/admixture/rep001/K6/run07
rep001	6	run08	0.35661	-7982575.857708	/cfs/klemming/home/t/tabeadi/tabea_work/08_population_analysis_final/skane_only/combined/results/structure/admixture/rep001/K6/run08/data.6.Q	/cfs/klemming/home/t/tabeadi/tabea_work/08_population_analysis_final/skane_only/combined/results/structure/admixture/rep001/K6/run08
rep001	6	run09	0.35664	-7982575.780917	/cfs/klemming/home/t/tabeadi/tabea_work/08_population_analysis_final/skane_only/combined/results/structure/admixture/rep001/K6/run09/data.6.Q	/cfs/klemming/home/t/tabeadi/tabea_work/08_population_analysis_final/skane_only/combined/results/structure/admixture/rep001/K6/run09
rep001	6	run10	0.35659	-7982575.834699	/cfs/klemming/home/t/tabeadi/tabea_work/08_population_analysis_final/skane_only/combined/results/structure/admixture/rep001/K6/run10/data.6.Q	/cfs/klemming/home/t/tabeadi/tabea_work/08_population_analysis_final/skane_only/combined/results/structure/admixture/rep001/K6/run10
rep001	6	run11	0.35658	-7982575.780885	/cfs/klemming/home/t/tabeadi/tabea_work/08_population_analysis_final/skane_only/combined/results/structure/admixture/rep001/K6/run11/data.6.Q	/cfs/klemming/home/t/tabeadi/tabea_work/08_population_analysis_final/skane_only/combined/results/structure/admixture/rep001/K6/run11
rep001	6	run12	0.3566	-7982575.768847	/cfs/klemming/home/t/tabeadi/tabea_work/08_population_analysis_final/skane_only/combined/results/structure/admixture/rep001/K6/run12/data.6.Q	/cfs/klemming/home/t/tabeadi/tabea_work/08_population_analysis_final/skane_only/combined/results/structure/admixture/rep001/K6/run12
rep001	6	run13	0.35651	-7982575.780644	/cfs/klemming/home/t/tabeadi/tabea_work/08_population_analysis_final/skane_only/combined/results/structure/admixture/rep001/K6/run13/data.6.Q	/cfs/klemming/home/t/tabeadi/tabea_work/08_population_analysis_final/skane_only/combined/results/structure/admixture/rep001/K6/run13
rep001	6	run14	0.35657	-7982575.77404	/cfs/klemming/home/t/tabeadi/tabea_work/08_population_analysis_final/skane_only/combined/results/structure/admixture/rep001/K6/run14/data.6.Q	/cfs/klemming/home/t/tabeadi/tabea_work/08_population_analysis_final/skane_only/combined/results/structure/admixture/rep001/K6/run14
rep001	6	run15	0.35655	-7982575.847663	/cfs/klemming/home/t/tabeadi/tabea_work/08_population_analysis_final/skane_only/combined/results/structure/admixture/rep001/K6/run15/data.6.Q	/cfs/klemming/home/t/tabeadi/tabea_work/08_population_analysis_final/skane_only/combined/results/structure/admixture/rep001/K6/run15
rep001	6	run16	0.35648	-7982575.779057	/cfs/klemming/home/t/tabeadi/tabea_work/08_population_analysis_final/skane_only/combined/results/structure/admixture/rep001/K6/run16/data.6.Q	/cfs/klemming/home/t/tabeadi/tabea_work/08_population_analysis_final/skane_only/combined/results/structure/admixture/rep001/K6/run16
rep001	6	run17	0.35644	-7982575.776231	/cfs/klemming/home/t/tabeadi/tabea_work/08_population_analysis_final/skane_only/combined/results/structure/admixture/rep001/K6/run17/data.6.Q	/cfs/klemming/home/t/tabeadi/tabea_work/08_population_analysis_final/skane_only/combined/results/structure/admixture/rep001/K6/run17
rep001	6	run18	0.35661	-7982575.846127	/cfs/klemming/home/t/tabeadi/tabea_work/08_population_analysis_final/skane_only/combined/results/structure/admixture/rep001/K6/run18/data.6.Q	/cfs/klemming/home/t/tabeadi/tabea_work/08_population_analysis_final/skane_only/combined/results/structure/admixture/rep001/K6/run18
rep001	6	run19	0.3567	-7983343.466272	/cfs/klemming/home/t/tabeadi/tabea_work/08_population_analysis_final/skane_only/combined/results/structure/admixture/rep001/K6/run19/data.6.Q	/cfs/klemming/home/t/tabeadi/tabea_work/08_population_analysis_final/skane_only/combined/results/structure/admixture/rep001/K6/run19
rep001	6	run20	0.35655	-7982575.777786	/cfs/klemming/home/t/tabeadi/tabea_work/08_population_analysis_final/skane_only/combined/results/structure/admixture/rep001/K6/run20/data.6.Q	/cfs/klemming/home/t/tabeadi/tabea_work/08_population_analysis_final/skane_only/combined/results/structure/admixture/rep001/K6/run20
rep001	7	run01	0.3561	-7966560.782687	/cfs/klemming/home/t/tabeadi/tabea_work/08_population_analysis_final/skane_only/combined/results/structure/admixture/rep001/K7/run01/data.7.Q	/cfs/klemming/home/t/tabeadi/tabea_work/08_population_analysis_final/skane_only/combined/results/structure/admixture/rep001/K7/run01
rep001	7	run02	0.35612	-7966879.676642	/cfs/klemming/home/t/tabeadi/tabea_work/08_population_analysis_final/skane_only/combined/results/structure/admixture/rep001/K7/run02/data.7.Q	/cfs/klemming/home/t/tabeadi/tabea_work/08_population_analysis_final/skane_only/combined/results/structure/admixture/rep001/K7/run02
rep001	7	run03	0.35616	-7966879.487012	/cfs/klemming/home/t/tabeadi/tabea_work/08_population_analysis_final/skane_only/combined/results/structure/admixture/rep001/K7/run03/data.7.Q	/cfs/klemming/home/t/tabeadi/tabea_work/08_population_analysis_final/skane_only/combined/results/structure/admixture/rep001/K7/run03
rep001	7	run04	0.35608	-7966560.819822	/cfs/klemming/home/t/tabeadi/tabea_work/08_population_analysis_final/skane_only/combined/results/structure/admixture/rep001/K7/run04/data.7.Q	/cfs/klemming/home/t/tabeadi/tabea_work/08_population_analysis_final/skane_only/combined/results/structure/admixture/rep001/K7/run04
rep001	7	run05	0.35618	-7966921.37257	/cfs/klemming/home/t/tabeadi/tabea_work/08_population_analysis_final/skane_only/combined/results/structure/admixture/rep001/K7/run05/data.7.Q	/cfs/klemming/home/t/tabeadi/tabea_work/08_population_analysis_final/skane_only/combined/results/structure/admixture/rep001/K7/run05
rep001	7	run06	0.35606	-7966560.627864	/cfs/klemming/home/t/tabeadi/tabea_work/08_population_analysis_final/skane_only/combined/results/structure/admixture/rep001/K7/run06/data.7.Q	/cfs/klemming/home/t/tabeadi/tabea_work/08_population_analysis_final/skane_only/combined/results/structure/admixture/rep001/K7/run06
rep001	7	run07	0.35616	-7966560.612905	/cfs/klemming/home/t/tabeadi/tabea_work/08_population_analysis_final/skane_only/combined/results/structure/admixture/rep001/K7/run07/data.7.Q	/cfs/klemming/home/t/tabeadi/tabea_work/08_population_analysis_final/skane_only/combined/results/structure/admixture/rep001/K7/run07
rep001	7	run08	0.35616	-7966879.56219	/cfs/klemming/home/t/tabeadi/tabea_work/08_population_analysis_final/skane_only/combined/results/structure/admixture/rep001/K7/run08/data.7.Q	/cfs/klemming/home/t/tabeadi/tabea_work/08_population_analysis_final/skane_only/combined/results/structure/admixture/rep001/K7/run08
rep001	7	run09	0.35608	-7966560.716123	/cfs/klemming/home/t/tabeadi/tabea_work/08_population_analysis_final/skane_only/combined/results/structure/admixture/rep001/K7/run09/data.7.Q	/cfs/klemming/home/t/tabeadi/tabea_work/08_population_analysis_final/skane_only/combined/results/structure/admixture/rep001/K7/run09
rep001	7	run10	0.35613	-7966560.647218	/cfs/klemming/home/t/tabeadi/tabea_work/08_population_analysis_final/skane_only/combined/results/structure/admixture/rep001/K7/run10/data.7.Q	/cfs/klemming/home/t/tabeadi/tabea_work/08_population_analysis_final/skane_only/combined/results/structure/admixture/rep001/K7/run10
rep001	7	run11	0.35618	-7966560.689339	/cfs/klemming/home/t/tabeadi/tabea_work/08_population_analysis_final/skane_only/combined/results/structure/admixture/rep001/K7/run11/data.7.Q	/cfs/klemming/home/t/tabeadi/tabea_work/08_population_analysis_final/skane_only/combined/results/structure/admixture/rep001/K7/run11
rep001	7	run12	0.35615	-7966560.791277	/cfs/klemming/home/t/tabeadi/tabea_work/08_population_analysis_final/skane_only/combined/results/structure/admixture/rep001/K7/run12/data.7.Q	/cfs/klemming/home/t/tabeadi/tabea_work/08_population_analysis_final/skane_only/combined/results/structure/admixture/rep001/K7/run12
rep001	7	run13	0.35614	-7966560.773461	/cfs/klemming/home/t/tabeadi/tabea_work/08_population_analysis_final/skane_only/combined/results/structure/admixture/rep001/K7/run13/data.7.Q	/cfs/klemming/home/t/tabeadi/tabea_work/08_population_analysis_final/skane_only/combined/results/structure/admixture/rep001/K7/run13
rep001	7	run14	0.35614	-7966560.669319	/cfs/klemming/home/t/tabeadi/tabea_work/08_population_analysis_final/skane_only/combined/results/structure/admixture/rep001/K7/run14/data.7.Q	/cfs/klemming/home/t/tabeadi/tabea_work/08_population_analysis_final/skane_only/combined/results/structure/admixture/rep001/K7/run14
rep001	7	run15	0.35633	-7967368.507359	/cfs/klemming/home/t/tabeadi/tabea_work/08_population_analysis_final/skane_only/combined/results/structure/admixture/rep001/K7/run15/data.7.Q	/cfs/klemming/home/t/tabeadi/tabea_work/08_population_analysis_final/skane_only/combined/results/structure/admixture/rep001/K7/run15
rep001	7	run16	0.3561	-7966560.825693	/cfs/klemming/home/t/tabeadi/tabea_work/08_population_analysis_final/skane_only/combined/results/structure/admixture/rep001/K7/run16/data.7.Q	/cfs/klemming/home/t/tabeadi/tabea_work/08_population_analysis_final/skane_only/combined/results/structure/admixture/rep001/K7/run16
rep001	7	run17	0.35622	-7966879.690312	/cfs/klemming/home/t/tabeadi/tabea_work/08_population_analysis_final/skane_only/combined/results/structure/admixture/rep001/K7/run17/data.7.Q	/cfs/klemming/home/t/tabeadi/tabea_work/08_population_analysis_final/skane_only/combined/results/structure/admixture/rep001/K7/run17
rep001	7	run18	0.35616	-7966560.633386	/cfs/klemming/home/t/tabeadi/tabea_work/08_population_analysis_final/skane_only/combined/results/structure/admixture/rep001/K7/run18/data.7.Q	/cfs/klemming/home/t/tabeadi/tabea_work/08_population_analysis_final/skane_only/combined/results/structure/admixture/rep001/K7/run18
rep001	7	run19	0.35619	-7966560.658328	/cfs/klemming/home/t/tabeadi/tabea_work/08_population_analysis_final/skane_only/combined/results/structure/admixture/rep001/K7/run19/data.7.Q	/cfs/klemming/home/t/tabeadi/tabea_work/08_population_analysis_final/skane_only/combined/results/structure/admixture/rep001/K7/run19
rep001	7	run20	0.35605	-7966560.709365	/cfs/klemming/home/t/tabeadi/tabea_work/08_population_analysis_final/skane_only/combined/results/structure/admixture/rep001/K7/run20/data.7.Q	/cfs/klemming/home/t/tabeadi/tabea_work/08_population_analysis_final/skane_only/combined/results/structure/admixture/rep001/K7/run20
rep001	8	run01	0.35571	-7951556.298656	/cfs/klemming/home/t/tabeadi/tabea_work/08_population_analysis_final/skane_only/combined/results/structure/admixture/rep001/K8/run01/data.8.Q	/cfs/klemming/home/t/tabeadi/tabea_work/08_population_analysis_final/skane_only/combined/results/structure/admixture/rep001/K8/run01
rep001	8	run02	0.35593	-7951830.303347	/cfs/klemming/home/t/tabeadi/tabea_work/08_population_analysis_final/skane_only/combined/results/structure/admixture/rep001/K8/run02/data.8.Q	/cfs/klemming/home/t/tabeadi/tabea_work/08_population_analysis_final/skane_only/combined/results/structure/admixture/rep001/K8/run02
rep001	8	run03	0.35582	-7951548.024413	/cfs/klemming/home/t/tabeadi/tabea_work/08_population_analysis_final/skane_only/combined/results/structure/admixture/rep001/K8/run03/data.8.Q	/cfs/klemming/home/t/tabeadi/tabea_work/08_population_analysis_final/skane_only/combined/results/structure/admixture/rep001/K8/run03
rep001	8	run04	0.35579	-7951627.272308	/cfs/klemming/home/t/tabeadi/tabea_work/08_population_analysis_final/skane_only/combined/results/structure/admixture/rep001/K8/run04/data.8.Q	/cfs/klemming/home/t/tabeadi/tabea_work/08_population_analysis_final/skane_only/combined/results/structure/admixture/rep001/K8/run04
rep001	8	run05	0.35583	-7951548.162407	/cfs/klemming/home/t/tabeadi/tabea_work/08_population_analysis_final/skane_only/combined/results/structure/admixture/rep001/K8/run05/data.8.Q	/cfs/klemming/home/t/tabeadi/tabea_work/08_population_analysis_final/skane_only/combined/results/structure/admixture/rep001/K8/run05
rep001	8	run06	0.35594	-7951548.015087	/cfs/klemming/home/t/tabeadi/tabea_work/08_population_analysis_final/skane_only/combined/results/structure/admixture/rep001/K8/run06/data.8.Q	/cfs/klemming/home/t/tabeadi/tabea_work/08_population_analysis_final/skane_only/combined/results/structure/admixture/rep001/K8/run06
rep001	8	run07	0.35586	-7951548.211083	/cfs/klemming/home/t/tabeadi/tabea_work/08_population_analysis_final/skane_only/combined/results/structure/admixture/rep001/K8/run07/data.8.Q	/cfs/klemming/home/t/tabeadi/tabea_work/08_population_analysis_final/skane_only/combined/results/structure/admixture/rep001/K8/run07
rep001	8	run08	0.3559	-7951574.318084	/cfs/klemming/home/t/tabeadi/tabea_work/08_population_analysis_final/skane_only/combined/results/structure/admixture/rep001/K8/run08/data.8.Q	/cfs/klemming/home/t/tabeadi/tabea_work/08_population_analysis_final/skane_only/combined/results/structure/admixture/rep001/K8/run08
rep001	8	run09	0.35581	-7951556.087299	/cfs/klemming/home/t/tabeadi/tabea_work/08_population_analysis_final/skane_only/combined/results/structure/admixture/rep001/K8/run09/data.8.Q	/cfs/klemming/home/t/tabeadi/tabea_work/08_population_analysis_final/skane_only/combined/results/structure/admixture/rep001/K8/run09
rep001	8	run10	0.3557	-7951627.630077	/cfs/klemming/home/t/tabeadi/tabea_work/08_population_analysis_final/skane_only/combined/results/structure/admixture/rep001/K8/run10/data.8.Q	/cfs/klemming/home/t/tabeadi/tabea_work/08_population_analysis_final/skane_only/combined/results/structure/admixture/rep001/K8/run10
rep001	8	run11	0.35575	-7951556.247159	/cfs/klemming/home/t/tabeadi/tabea_work/08_population_analysis_final/skane_only/combined/results/structure/admixture/rep001/K8/run11/data.8.Q	/cfs/klemming/home/t/tabeadi/tabea_work/08_population_analysis_final/skane_only/combined/results/structure/admixture/rep001/K8/run11
rep001	8	run12	0.3558	-7951548.204235	/cfs/klemming/home/t/tabeadi/tabea_work/08_population_analysis_final/skane_only/combined/results/structure/admixture/rep001/K8/run12/data.8.Q	/cfs/klemming/home/t/tabeadi/tabea_work/08_population_analysis_final/skane_only/combined/results/structure/admixture/rep001/K8/run12
rep001	8	run13	0.35586	-7951627.591118	/cfs/klemming/home/t/tabeadi/tabea_work/08_population_analysis_final/skane_only/combined/results/structure/admixture/rep001/K8/run13/data.8.Q	/cfs/klemming/home/t/tabeadi/tabea_work/08_population_analysis_final/skane_only/combined/results/structure/admixture/rep001/K8/run13
rep001	8	run14	0.35567	-7951548.188107	/cfs/klemming/home/t/tabeadi/tabea_work/08_population_analysis_final/skane_only/combined/results/structure/admixture/rep001/K8/run14/data.8.Q	/cfs/klemming/home/t/tabeadi/tabea_work/08_population_analysis_final/skane_only/combined/results/structure/admixture/rep001/K8/run14
rep001	8	run15	0.35578	-7951627.271405	/cfs/klemming/home/t/tabeadi/tabea_work/08_population_analysis_final/skane_only/combined/results/structure/admixture/rep001/K8/run15/data.8.Q	/cfs/klemming/home/t/tabeadi/tabea_work/08_population_analysis_final/skane_only/combined/results/structure/admixture/rep001/K8/run15
rep001	8	run16	0.35584	-7951548.217264	/cfs/klemming/home/t/tabeadi/tabea_work/08_population_analysis_final/skane_only/combined/results/structure/admixture/rep001/K8/run16/data.8.Q	/cfs/klemming/home/t/tabeadi/tabea_work/08_population_analysis_final/skane_only/combined/results/structure/admixture/rep001/K8/run16
rep001	8	run17	0.35576	-7951548.270397	/cfs/klemming/home/t/tabeadi/tabea_work/08_population_analysis_final/skane_only/combined/results/structure/admixture/rep001/K8/run17/data.8.Q	/cfs/klemming/home/t/tabeadi/tabea_work/08_population_analysis_final/skane_only/combined/results/structure/admixture/rep001/K8/run17
rep001	8	run18	0.35598	-7951830.056394	/cfs/klemming/home/t/tabeadi/tabea_work/08_population_analysis_final/skane_only/combined/results/structure/admixture/rep001/K8/run18/data.8.Q	/cfs/klemming/home/t/tabeadi/tabea_work/08_population_analysis_final/skane_only/combined/results/structure/admixture/rep001/K8/run18
rep001	8	run19	0.35571	-7951556.357497	/cfs/klemming/home/t/tabeadi/tabea_work/08_population_analysis_final/skane_only/combined/results/structure/admixture/rep001/K8/run19/data.8.Q	/cfs/klemming/home/t/tabeadi/tabea_work/08_population_analysis_final/skane_only/combined/results/structure/admixture/rep001/K8/run19
rep001	8	run20	0.35582	-7951627.568525	/cfs/klemming/home/t/tabeadi/tabea_work/08_population_analysis_final/skane_only/combined/results/structure/admixture/rep001/K8/run20/data.8.Q	/cfs/klemming/home/t/tabeadi/tabea_work/08_population_analysis_final/skane_only/combined/results/structure/admixture/rep001/K8/run20
rep002	1	run01	0.3602	-8109569.092637	/cfs/klemming/home/t/tabeadi/tabea_work/08_population_analysis_final/skane_only/combined/results/structure/admixture/rep002/K1/run01/data.1.Q	/cfs/klemming/home/t/tabeadi/tabea_work/08_population_analysis_final/skane_only/combined/results/structure/admixture/rep002/K1/run01
rep002	1	run02	0.3602	-8109569.092637	/cfs/klemming/home/t/tabeadi/tabea_work/08_population_analysis_final/skane_only/combined/results/structure/admixture/rep002/K1/run02/data.1.Q	/cfs/klemming/home/t/tabeadi/tabea_work/08_population_analysis_final/skane_only/combined/results/structure/admixture/rep002/K1/run02
rep002	1	run03	0.36019	-8109569.092637	/cfs/klemming/home/t/tabeadi/tabea_work/08_population_analysis_final/skane_only/combined/results/structure/admixture/rep002/K1/run03/data.1.Q	/cfs/klemming/home/t/tabeadi/tabea_work/08_population_analysis_final/skane_only/combined/results/structure/admixture/rep002/K1/run03
rep002	1	run04	0.36021	-8109569.092637	/cfs/klemming/home/t/tabeadi/tabea_work/08_population_analysis_final/skane_only/combined/results/structure/admixture/rep002/K1/run04/data.1.Q	/cfs/klemming/home/t/tabeadi/tabea_work/08_population_analysis_final/skane_only/combined/results/structure/admixture/rep002/K1/run04
rep002	1	run05	0.3602	-8109569.092637	/cfs/klemming/home/t/tabeadi/tabea_work/08_population_analysis_final/skane_only/combined/results/structure/admixture/rep002/K1/run05/data.1.Q	/cfs/klemming/home/t/tabeadi/tabea_work/08_population_analysis_final/skane_only/combined/results/structure/admixture/rep002/K1/run05
rep002	1	run06	0.36019	-8109569.092637	/cfs/klemming/home/t/tabeadi/tabea_work/08_population_analysis_final/skane_only/combined/results/structure/admixture/rep002/K1/run06/data.1.Q	/cfs/klemming/home/t/tabeadi/tabea_work/08_population_analysis_final/skane_only/combined/results/structure/admixture/rep002/K1/run06
rep002	1	run07	0.3602	-8109569.092637	/cfs/klemming/home/t/tabeadi/tabea_work/08_population_analysis_final/skane_only/combined/results/structure/admixture/rep002/K1/run07/data.1.Q	/cfs/klemming/home/t/tabeadi/tabea_work/08_population_analysis_final/skane_only/combined/results/structure/admixture/rep002/K1/run07
rep002	1	run08	0.3602	-8109569.092637	/cfs/klemming/home/t/tabeadi/tabea_work/08_population_analysis_final/skane_only/combined/results/structure/admixture/rep002/K1/run08/data.1.Q	/cfs/klemming/home/t/tabeadi/tabea_work/08_population_analysis_final/skane_only/combined/results/structure/admixture/rep002/K1/run08
rep002	1	run09	0.3602	-8109569.092637	/cfs/klemming/home/t/tabeadi/tabea_work/08_population_analysis_final/skane_only/combined/results/structure/admixture/rep002/K1/run09/data.1.Q	/cfs/klemming/home/t/tabeadi/tabea_work/08_population_analysis_final/skane_only/combined/results/structure/admixture/rep002/K1/run09
rep002	1	run10	0.36018	-8109569.092637	/cfs/klemming/home/t/tabeadi/tabea_work/08_population_analysis_final/skane_only/combined/results/structure/admixture/rep002/K1/run10/data.1.Q	/cfs/klemming/home/t/tabeadi/tabea_work/08_population_analysis_final/skane_only/combined/results/structure/admixture/rep002/K1/run10
rep002	1	run11	0.36019	-8109569.092637	/cfs/klemming/home/t/tabeadi/tabea_work/08_population_analysis_final/skane_only/combined/results/structure/admixture/rep002/K1/run11/data.1.Q	/cfs/klemming/home/t/tabeadi/tabea_work/08_population_analysis_final/skane_only/combined/results/structure/admixture/rep002/K1/run11
rep002	1	run12	0.36018	-8109569.092637	/cfs/klemming/home/t/tabeadi/tabea_work/08_population_analysis_final/skane_only/combined/results/structure/admixture/rep002/K1/run12/data.1.Q	/cfs/klemming/home/t/tabeadi/tabea_work/08_population_analysis_final/skane_only/combined/results/structure/admixture/rep002/K1/run12
rep002	1	run13	0.36019	-8109569.092637	/cfs/klemming/home/t/tabeadi/tabea_work/08_population_analysis_final/skane_only/combined/results/structure/admixture/rep002/K1/run13/data.1.Q	/cfs/klemming/home/t/tabeadi/tabea_work/08_population_analysis_final/skane_only/combined/results/structure/admixture/rep002/K1/run13
rep002	1	run14	0.3602	-8109569.092637	/cfs/klemming/home/t/tabeadi/tabea_work/08_population_analysis_final/skane_only/combined/results/structure/admixture/rep002/K1/run14/data.1.Q	/cfs/klemming/home/t/tabeadi/tabea_work/08_population_analysis_final/skane_only/combined/results/structure/admixture/rep002/K1/run14
rep002	1	run15	0.3602	-8109569.092637	/cfs/klemming/home/t/tabeadi/tabea_work/08_population_analysis_final/skane_only/combined/results/structure/admixture/rep002/K1/run15/data.1.Q	/cfs/klemming/home/t/tabeadi/tabea_work/08_population_analysis_final/skane_only/combined/results/structure/admixture/rep002/K1/run15
rep002	1	run16	0.36019	-8109569.092637	/cfs/klemming/home/t/tabeadi/tabea_work/08_population_analysis_final/skane_only/combined/results/structure/admixture/rep002/K1/run16/data.1.Q	/cfs/klemming/home/t/tabeadi/tabea_work/08_population_analysis_final/skane_only/combined/results/structure/admixture/rep002/K1/run16
rep002	1	run17	0.3602	-8109569.092637	/cfs/klemming/home/t/tabeadi/tabea_work/08_population_analysis_final/skane_only/combined/results/structure/admixture/rep002/K1/run17/data.1.Q	/cfs/klemming/home/t/tabeadi/tabea_work/08_population_analysis_final/skane_only/combined/results/structure/admixture/rep002/K1/run17
rep002	1	run18	0.36021	-8109569.092637	/cfs/klemming/home/t/tabeadi/tabea_work/08_population_analysis_final/skane_only/combined/results/structure/admixture/rep002/K1/run18/data.1.Q	/cfs/klemming/home/t/tabeadi/tabea_work/08_population_analysis_final/skane_only/combined/results/structure/admixture/rep002/K1/run18
rep002	1	run19	0.36021	-8109569.092637	/cfs/klemming/home/t/tabeadi/tabea_work/08_population_analysis_final/skane_only/combined/results/structure/admixture/rep002/K1/run19/data.1.Q	/cfs/klemming/home/t/tabeadi/tabea_work/08_population_analysis_final/skane_only/combined/results/structure/admixture/rep002/K1/run19
rep002	1	run20	0.36018	-8109569.092637	/cfs/klemming/home/t/tabeadi/tabea_work/08_population_analysis_final/skane_only/combined/results/structure/admixture/rep002/K1/run20/data.1.Q	/cfs/klemming/home/t/tabeadi/tabea_work/08_population_analysis_final/skane_only/combined/results/structure/admixture/rep002/K1/run20
rep002	2	run01	0.3591	-8081615.435925	/cfs/klemming/home/t/tabeadi/tabea_work/08_population_analysis_final/skane_only/combined/results/structure/admixture/rep002/K2/run01/data.2.Q	/cfs/klemming/home/t/tabeadi/tabea_work/08_population_analysis_final/skane_only/combined/results/structure/admixture/rep002/K2/run01
rep002	2	run02	0.35907	-8081615.435931	/cfs/klemming/home/t/tabeadi/tabea_work/08_population_analysis_final/skane_only/combined/results/structure/admixture/rep002/K2/run02/data.2.Q	/cfs/klemming/home/t/tabeadi/tabea_work/08_population_analysis_final/skane_only/combined/results/structure/admixture/rep002/K2/run02
rep002	2	run03	0.35904	-8081615.435884	/cfs/klemming/home/t/tabeadi/tabea_work/08_population_analysis_final/skane_only/combined/results/structure/admixture/rep002/K2/run03/data.2.Q	/cfs/klemming/home/t/tabeadi/tabea_work/08_population_analysis_final/skane_only/combined/results/structure/admixture/rep002/K2/run03
rep002	2	run04	0.35904	-8081615.435905	/cfs/klemming/home/t/tabeadi/tabea_work/08_population_analysis_final/skane_only/combined/results/structure/admixture/rep002/K2/run04/data.2.Q	/cfs/klemming/home/t/tabeadi/tabea_work/08_population_analysis_final/skane_only/combined/results/structure/admixture/rep002/K2/run04
rep002	2	run05	0.35906	-8081615.435887	/cfs/klemming/home/t/tabeadi/tabea_work/08_population_analysis_final/skane_only/combined/results/structure/admixture/rep002/K2/run05/data.2.Q	/cfs/klemming/home/t/tabeadi/tabea_work/08_population_analysis_final/skane_only/combined/results/structure/admixture/rep002/K2/run05
rep002	2	run06	0.35907	-8081615.435898	/cfs/klemming/home/t/tabeadi/tabea_work/08_population_analysis_final/skane_only/combined/results/structure/admixture/rep002/K2/run06/data.2.Q	/cfs/klemming/home/t/tabeadi/tabea_work/08_population_analysis_final/skane_only/combined/results/structure/admixture/rep002/K2/run06
rep002	2	run07	0.35904	-8081615.435885	/cfs/klemming/home/t/tabeadi/tabea_work/08_population_analysis_final/skane_only/combined/results/structure/admixture/rep002/K2/run07/data.2.Q	/cfs/klemming/home/t/tabeadi/tabea_work/08_population_analysis_final/skane_only/combined/results/structure/admixture/rep002/K2/run07
rep002	2	run08	0.35905	-8081615.435908	/cfs/klemming/home/t/tabeadi/tabea_work/08_population_analysis_final/skane_only/combined/results/structure/admixture/rep002/K2/run08/data.2.Q	/cfs/klemming/home/t/tabeadi/tabea_work/08_population_analysis_final/skane_only/combined/results/structure/admixture/rep002/K2/run08
rep002	2	run09	0.35903	-8081615.435882	/cfs/klemming/home/t/tabeadi/tabea_work/08_population_analysis_final/skane_only/combined/results/structure/admixture/rep002/K2/run09/data.2.Q	/cfs/klemming/home/t/tabeadi/tabea_work/08_population_analysis_final/skane_only/combined/results/structure/admixture/rep002/K2/run09
rep002	2	run10	0.35903	-8081615.435891	/cfs/klemming/home/t/tabeadi/tabea_work/08_population_analysis_final/skane_only/combined/results/structure/admixture/rep002/K2/run10/data.2.Q	/cfs/klemming/home/t/tabeadi/tabea_work/08_population_analysis_final/skane_only/combined/results/structure/admixture/rep002/K2/run10
rep002	2	run11	0.35906	-8081615.435895	/cfs/klemming/home/t/tabeadi/tabea_work/08_population_analysis_final/skane_only/combined/results/structure/admixture/rep002/K2/run11/data.2.Q	/cfs/klemming/home/t/tabeadi/tabea_work/08_population_analysis_final/skane_only/combined/results/structure/admixture/rep002/K2/run11
rep002	2	run12	0.35907	-8081615.435893	/cfs/klemming/home/t/tabeadi/tabea_work/08_population_analysis_final/skane_only/combined/results/structure/admixture/rep002/K2/run12/data.2.Q	/cfs/klemming/home/t/tabeadi/tabea_work/08_population_analysis_final/skane_only/combined/results/structure/admixture/rep002/K2/run12
rep002	2	run13	0.35905	-8081615.435883	/cfs/klemming/home/t/tabeadi/tabea_work/08_population_analysis_final/skane_only/combined/results/structure/admixture/rep002/K2/run13/data.2.Q	/cfs/klemming/home/t/tabeadi/tabea_work/08_population_analysis_final/skane_only/combined/results/structure/admixture/rep002/K2/run13
rep002	2	run14	0.35905	-8081615.435899	/cfs/klemming/home/t/tabeadi/tabea_work/08_population_analysis_final/skane_only/combined/results/structure/admixture/rep002/K2/run14/data.2.Q	/cfs/klemming/home/t/tabeadi/tabea_work/08_population_analysis_final/skane_only/combined/results/structure/admixture/rep002/K2/run14
rep002	2	run15	0.35908	-8081615.435934	/cfs/klemming/home/t/tabeadi/tabea_work/08_population_analysis_final/skane_only/combined/results/structure/admixture/rep002/K2/run15/data.2.Q	/cfs/klemming/home/t/tabeadi/tabea_work/08_population_analysis_final/skane_only/combined/results/structure/admixture/rep002/K2/run15
rep002	2	run16	0.35908	-8081615.435887	/cfs/klemming/home/t/tabeadi/tabea_work/08_population_analysis_final/skane_only/combined/results/structure/admixture/rep002/K2/run16/data.2.Q	/cfs/klemming/home/t/tabeadi/tabea_work/08_population_analysis_final/skane_only/combined/results/structure/admixture/rep002/K2/run16
rep002	2	run17	0.35907	-8081615.435899	/cfs/klemming/home/t/tabeadi/tabea_work/08_population_analysis_final/skane_only/combined/results/structure/admixture/rep002/K2/run17/data.2.Q	/cfs/klemming/home/t/tabeadi/tabea_work/08_population_analysis_final/skane_only/combined/results/structure/admixture/rep002/K2/run17
rep002	2	run18	0.35907	-8081615.435886	/cfs/klemming/home/t/tabeadi/tabea_work/08_population_analysis_final/skane_only/combined/results/structure/admixture/rep002/K2/run18/data.2.Q	/cfs/klemming/home/t/tabeadi/tabea_work/08_population_analysis_final/skane_only/combined/results/structure/admixture/rep002/K2/run18
rep002	2	run19	0.35907	-8081615.435889	/cfs/klemming/home/t/tabeadi/tabea_work/08_population_analysis_final/skane_only/combined/results/structure/admixture/rep002/K2/run19/data.2.Q	/cfs/klemming/home/t/tabeadi/tabea_work/08_population_analysis_final/skane_only/combined/results/structure/admixture/rep002/K2/run19
rep002	2	run20	0.35903	-8081615.435887	/cfs/klemming/home/t/tabeadi/tabea_work/08_population_analysis_final/skane_only/combined/results/structure/admixture/rep002/K2/run20/data.2.Q	/cfs/klemming/home/t/tabeadi/tabea_work/08_population_analysis_final/skane_only/combined/results/structure/admixture/rep002/K2/run20
rep002	3	run01	0.35825	-8059276.084988	/cfs/klemming/home/t/tabeadi/tabea_work/08_population_analysis_final/skane_only/combined/results/structure/admixture/rep002/K3/run01/data.3.Q	/cfs/klemming/home/t/tabeadi/tabea_work/08_population_analysis_final/skane_only/combined/results/structure/admixture/rep002/K3/run01
rep002	3	run02	0.35827	-8059276.088252	/cfs/klemming/home/t/tabeadi/tabea_work/08_population_analysis_final/skane_only/combined/results/structure/admixture/rep002/K3/run02/data.3.Q	/cfs/klemming/home/t/tabeadi/tabea_work/08_population_analysis_final/skane_only/combined/results/structure/admixture/rep002/K3/run02
rep002	3	run03	0.3583	-8059276.085097	/cfs/klemming/home/t/tabeadi/tabea_work/08_population_analysis_final/skane_only/combined/results/structure/admixture/rep002/K3/run03/data.3.Q	/cfs/klemming/home/t/tabeadi/tabea_work/08_population_analysis_final/skane_only/combined/results/structure/admixture/rep002/K3/run03
rep002	3	run04	0.35829	-8059276.086292	/cfs/klemming/home/t/tabeadi/tabea_work/08_population_analysis_final/skane_only/combined/results/structure/admixture/rep002/K3/run04/data.3.Q	/cfs/klemming/home/t/tabeadi/tabea_work/08_population_analysis_final/skane_only/combined/results/structure/admixture/rep002/K3/run04
rep002	3	run05	0.35827	-8059276.088938	/cfs/klemming/home/t/tabeadi/tabea_work/08_population_analysis_final/skane_only/combined/results/structure/admixture/rep002/K3/run05/data.3.Q	/cfs/klemming/home/t/tabeadi/tabea_work/08_population_analysis_final/skane_only/combined/results/structure/admixture/rep002/K3/run05
rep002	3	run06	0.35826	-8059276.085578	/cfs/klemming/home/t/tabeadi/tabea_work/08_population_analysis_final/skane_only/combined/results/structure/admixture/rep002/K3/run06/data.3.Q	/cfs/klemming/home/t/tabeadi/tabea_work/08_population_analysis_final/skane_only/combined/results/structure/admixture/rep002/K3/run06
rep002	3	run07	0.35828	-8059276.095687	/cfs/klemming/home/t/tabeadi/tabea_work/08_population_analysis_final/skane_only/combined/results/structure/admixture/rep002/K3/run07/data.3.Q	/cfs/klemming/home/t/tabeadi/tabea_work/08_population_analysis_final/skane_only/combined/results/structure/admixture/rep002/K3/run07
rep002	3	run08	0.35829	-8059276.084685	/cfs/klemming/home/t/tabeadi/tabea_work/08_population_analysis_final/skane_only/combined/results/structure/admixture/rep002/K3/run08/data.3.Q	/cfs/klemming/home/t/tabeadi/tabea_work/08_population_analysis_final/skane_only/combined/results/structure/admixture/rep002/K3/run08
rep002	3	run09	0.35828	-8059276.085597	/cfs/klemming/home/t/tabeadi/tabea_work/08_population_analysis_final/skane_only/combined/results/structure/admixture/rep002/K3/run09/data.3.Q	/cfs/klemming/home/t/tabeadi/tabea_work/08_population_analysis_final/skane_only/combined/results/structure/admixture/rep002/K3/run09
rep002	3	run10	0.35831	-8059276.086655	/cfs/klemming/home/t/tabeadi/tabea_work/08_population_analysis_final/skane_only/combined/results/structure/admixture/rep002/K3/run10/data.3.Q	/cfs/klemming/home/t/tabeadi/tabea_work/08_population_analysis_final/skane_only/combined/results/structure/admixture/rep002/K3/run10
rep002	3	run11	0.35829	-8059276.092609	/cfs/klemming/home/t/tabeadi/tabea_work/08_population_analysis_final/skane_only/combined/results/structure/admixture/rep002/K3/run11/data.3.Q	/cfs/klemming/home/t/tabeadi/tabea_work/08_population_analysis_final/skane_only/combined/results/structure/admixture/rep002/K3/run11
rep002	3	run12	0.35827	-8059276.085524	/cfs/klemming/home/t/tabeadi/tabea_work/08_population_analysis_final/skane_only/combined/results/structure/admixture/rep002/K3/run12/data.3.Q	/cfs/klemming/home/t/tabeadi/tabea_work/08_population_analysis_final/skane_only/combined/results/structure/admixture/rep002/K3/run12
rep002	3	run13	0.35828	-8059276.085855	/cfs/klemming/home/t/tabeadi/tabea_work/08_population_analysis_final/skane_only/combined/results/structure/admixture/rep002/K3/run13/data.3.Q	/cfs/klemming/home/t/tabeadi/tabea_work/08_population_analysis_final/skane_only/combined/results/structure/admixture/rep002/K3/run13
rep002	3	run14	0.3583	-8059276.09768	/cfs/klemming/home/t/tabeadi/tabea_work/08_population_analysis_final/skane_only/combined/results/structure/admixture/rep002/K3/run14/data.3.Q	/cfs/klemming/home/t/tabeadi/tabea_work/08_population_analysis_final/skane_only/combined/results/structure/admixture/rep002/K3/run14
rep002	3	run15	0.35831	-8059276.086936	/cfs/klemming/home/t/tabeadi/tabea_work/08_population_analysis_final/skane_only/combined/results/structure/admixture/rep002/K3/run15/data.3.Q	/cfs/klemming/home/t/tabeadi/tabea_work/08_population_analysis_final/skane_only/combined/results/structure/admixture/rep002/K3/run15
rep002	3	run16	0.35835	-8059276.08578	/cfs/klemming/home/t/tabeadi/tabea_work/08_population_analysis_final/skane_only/combined/results/structure/admixture/rep002/K3/run16/data.3.Q	/cfs/klemming/home/t/tabeadi/tabea_work/08_population_analysis_final/skane_only/combined/results/structure/admixture/rep002/K3/run16
rep002	3	run17	0.35828	-8059276.095848	/cfs/klemming/home/t/tabeadi/tabea_work/08_population_analysis_final/skane_only/combined/results/structure/admixture/rep002/K3/run17/data.3.Q	/cfs/klemming/home/t/tabeadi/tabea_work/08_population_analysis_final/skane_only/combined/results/structure/admixture/rep002/K3/run17
rep002	3	run18	0.35832	-8059276.085347	/cfs/klemming/home/t/tabeadi/tabea_work/08_population_analysis_final/skane_only/combined/results/structure/admixture/rep002/K3/run18/data.3.Q	/cfs/klemming/home/t/tabeadi/tabea_work/08_population_analysis_final/skane_only/combined/results/structure/admixture/rep002/K3/run18
rep002	3	run19	0.35828	-8059276.085894	/cfs/klemming/home/t/tabeadi/tabea_work/08_population_analysis_final/skane_only/combined/results/structure/admixture/rep002/K3/run19/data.3.Q	/cfs/klemming/home/t/tabeadi/tabea_work/08_population_analysis_final/skane_only/combined/results/structure/admixture/rep002/K3/run19
rep002	3	run20	0.35831	-8059276.089397	/cfs/klemming/home/t/tabeadi/tabea_work/08_population_analysis_final/skane_only/combined/results/structure/admixture/rep002/K3/run20/data.3.Q	/cfs/klemming/home/t/tabeadi/tabea_work/08_population_analysis_final/skane_only/combined/results/structure/admixture/rep002/K3/run20
rep002	4	run01	0.35769	-8039343.352644	/cfs/klemming/home/t/tabeadi/tabea_work/08_population_analysis_final/skane_only/combined/results/structure/admixture/rep002/K4/run01/data.4.Q	/cfs/klemming/home/t/tabeadi/tabea_work/08_population_analysis_final/skane_only/combined/results/structure/admixture/rep002/K4/run01
rep002	4	run02	0.3576	-8039343.319616	/cfs/klemming/home/t/tabeadi/tabea_work/08_population_analysis_final/skane_only/combined/results/structure/admixture/rep002/K4/run02/data.4.Q	/cfs/klemming/home/t/tabeadi/tabea_work/08_population_analysis_final/skane_only/combined/results/structure/admixture/rep002/K4/run02
rep002	4	run03	0.35761	-8039343.336657	/cfs/klemming/home/t/tabeadi/tabea_work/08_population_analysis_final/skane_only/combined/results/structure/admixture/rep002/K4/run03/data.4.Q	/cfs/klemming/home/t/tabeadi/tabea_work/08_population_analysis_final/skane_only/combined/results/structure/admixture/rep002/K4/run03
rep002	4	run04	0.3577	-8039343.321587	/cfs/klemming/home/t/tabeadi/tabea_work/08_population_analysis_final/skane_only/combined/results/structure/admixture/rep002/K4/run04/data.4.Q	/cfs/klemming/home/t/tabeadi/tabea_work/08_population_analysis_final/skane_only/combined/results/structure/admixture/rep002/K4/run04
rep002	4	run05	0.35762	-8039343.330555	/cfs/klemming/home/t/tabeadi/tabea_work/08_population_analysis_final/skane_only/combined/results/structure/admixture/rep002/K4/run05/data.4.Q	/cfs/klemming/home/t/tabeadi/tabea_work/08_population_analysis_final/skane_only/combined/results/structure/admixture/rep002/K4/run05
rep002	4	run06	0.35762	-8039343.321779	/cfs/klemming/home/t/tabeadi/tabea_work/08_population_analysis_final/skane_only/combined/results/structure/admixture/rep002/K4/run06/data.4.Q	/cfs/klemming/home/t/tabeadi/tabea_work/08_population_analysis_final/skane_only/combined/results/structure/admixture/rep002/K4/run06
rep002	4	run07	0.35765	-8039343.326672	/cfs/klemming/home/t/tabeadi/tabea_work/08_population_analysis_final/skane_only/combined/results/structure/admixture/rep002/K4/run07/data.4.Q	/cfs/klemming/home/t/tabeadi/tabea_work/08_population_analysis_final/skane_only/combined/results/structure/admixture/rep002/K4/run07
rep002	4	run08	0.3577	-8039343.339617	/cfs/klemming/home/t/tabeadi/tabea_work/08_population_analysis_final/skane_only/combined/results/structure/admixture/rep002/K4/run08/data.4.Q	/cfs/klemming/home/t/tabeadi/tabea_work/08_population_analysis_final/skane_only/combined/results/structure/admixture/rep002/K4/run08
rep002	4	run09	0.35757	-8039343.330474	/cfs/klemming/home/t/tabeadi/tabea_work/08_population_analysis_final/skane_only/combined/results/structure/admixture/rep002/K4/run09/data.4.Q	/cfs/klemming/home/t/tabeadi/tabea_work/08_population_analysis_final/skane_only/combined/results/structure/admixture/rep002/K4/run09
rep002	4	run10	0.35769	-8039343.34081	/cfs/klemming/home/t/tabeadi/tabea_work/08_population_analysis_final/skane_only/combined/results/structure/admixture/rep002/K4/run10/data.4.Q	/cfs/klemming/home/t/tabeadi/tabea_work/08_population_analysis_final/skane_only/combined/results/structure/admixture/rep002/K4/run10
rep002	4	run11	0.35775	-8040313.090682	/cfs/klemming/home/t/tabeadi/tabea_work/08_population_analysis_final/skane_only/combined/results/structure/admixture/rep002/K4/run11/data.4.Q	/cfs/klemming/home/t/tabeadi/tabea_work/08_population_analysis_final/skane_only/combined/results/structure/admixture/rep002/K4/run11
rep002	4	run12	0.3577	-8039343.329244	/cfs/klemming/home/t/tabeadi/tabea_work/08_population_analysis_final/skane_only/combined/results/structure/admixture/rep002/K4/run12/data.4.Q	/cfs/klemming/home/t/tabeadi/tabea_work/08_population_analysis_final/skane_only/combined/results/structure/admixture/rep002/K4/run12
rep002	4	run13	0.35762	-8039343.324768	/cfs/klemming/home/t/tabeadi/tabea_work/08_population_analysis_final/skane_only/combined/results/structure/admixture/rep002/K4/run13/data.4.Q	/cfs/klemming/home/t/tabeadi/tabea_work/08_population_analysis_final/skane_only/combined/results/structure/admixture/rep002/K4/run13
rep002	4	run14	0.35762	-8039343.35017	/cfs/klemming/home/t/tabeadi/tabea_work/08_population_analysis_final/skane_only/combined/results/structure/admixture/rep002/K4/run14/data.4.Q	/cfs/klemming/home/t/tabeadi/tabea_work/08_population_analysis_final/skane_only/combined/results/structure/admixture/rep002/K4/run14
rep002	4	run15	0.35766	-8039343.355541	/cfs/klemming/home/t/tabeadi/tabea_work/08_population_analysis_final/skane_only/combined/results/structure/admixture/rep002/K4/run15/data.4.Q	/cfs/klemming/home/t/tabeadi/tabea_work/08_population_analysis_final/skane_only/combined/results/structure/admixture/rep002/K4/run15
rep002	4	run16	0.35763	-8039343.333945	/cfs/klemming/home/t/tabeadi/tabea_work/08_population_analysis_final/skane_only/combined/results/structure/admixture/rep002/K4/run16/data.4.Q	/cfs/klemming/home/t/tabeadi/tabea_work/08_population_analysis_final/skane_only/combined/results/structure/admixture/rep002/K4/run16
rep002	4	run17	0.35767	-8039343.326463	/cfs/klemming/home/t/tabeadi/tabea_work/08_population_analysis_final/skane_only/combined/results/structure/admixture/rep002/K4/run17/data.4.Q	/cfs/klemming/home/t/tabeadi/tabea_work/08_population_analysis_final/skane_only/combined/results/structure/admixture/rep002/K4/run17
rep002	4	run18	0.35768	-8039343.359554	/cfs/klemming/home/t/tabeadi/tabea_work/08_population_analysis_final/skane_only/combined/results/structure/admixture/rep002/K4/run18/data.4.Q	/cfs/klemming/home/t/tabeadi/tabea_work/08_population_analysis_final/skane_only/combined/results/structure/admixture/rep002/K4/run18
rep002	4	run19	0.35766	-8039343.324691	/cfs/klemming/home/t/tabeadi/tabea_work/08_population_analysis_final/skane_only/combined/results/structure/admixture/rep002/K4/run19/data.4.Q	/cfs/klemming/home/t/tabeadi/tabea_work/08_population_analysis_final/skane_only/combined/results/structure/admixture/rep002/K4/run19
rep002	4	run20	0.35769	-8039343.324801	/cfs/klemming/home/t/tabeadi/tabea_work/08_population_analysis_final/skane_only/combined/results/structure/admixture/rep002/K4/run20/data.4.Q	/cfs/klemming/home/t/tabeadi/tabea_work/08_population_analysis_final/skane_only/combined/results/structure/admixture/rep002/K4/run20
rep002	5	run01	0.35707	-8020700.715661	/cfs/klemming/home/t/tabeadi/tabea_work/08_population_analysis_final/skane_only/combined/results/structure/admixture/rep002/K5/run01/data.5.Q	/cfs/klemming/home/t/tabeadi/tabea_work/08_population_analysis_final/skane_only/combined/results/structure/admixture/rep002/K5/run01
rep002	5	run02	0.35703	-8020700.704476	/cfs/klemming/home/t/tabeadi/tabea_work/08_population_analysis_final/skane_only/combined/results/structure/admixture/rep002/K5/run02/data.5.Q	/cfs/klemming/home/t/tabeadi/tabea_work/08_population_analysis_final/skane_only/combined/results/structure/admixture/rep002/K5/run02
rep002	5	run03	0.35709	-8020700.687713	/cfs/klemming/home/t/tabeadi/tabea_work/08_population_analysis_final/skane_only/combined/results/structure/admixture/rep002/K5/run03/data.5.Q	/cfs/klemming/home/t/tabeadi/tabea_work/08_population_analysis_final/skane_only/combined/results/structure/admixture/rep002/K5/run03
rep002	5	run04	0.35704	-8020700.694415	/cfs/klemming/home/t/tabeadi/tabea_work/08_population_analysis_final/skane_only/combined/results/structure/admixture/rep002/K5/run04/data.5.Q	/cfs/klemming/home/t/tabeadi/tabea_work/08_population_analysis_final/skane_only/combined/results/structure/admixture/rep002/K5/run04
rep002	5	run05	0.35703	-8020700.706863	/cfs/klemming/home/t/tabeadi/tabea_work/08_population_analysis_final/skane_only/combined/results/structure/admixture/rep002/K5/run05/data.5.Q	/cfs/klemming/home/t/tabeadi/tabea_work/08_population_analysis_final/skane_only/combined/results/structure/admixture/rep002/K5/run05
rep002	5	run06	0.35706	-8020700.69717	/cfs/klemming/home/t/tabeadi/tabea_work/08_population_analysis_final/skane_only/combined/results/structure/admixture/rep002/K5/run06/data.5.Q	/cfs/klemming/home/t/tabeadi/tabea_work/08_population_analysis_final/skane_only/combined/results/structure/admixture/rep002/K5/run06
rep002	5	run07	0.35706	-8020700.732265	/cfs/klemming/home/t/tabeadi/tabea_work/08_population_analysis_final/skane_only/combined/results/structure/admixture/rep002/K5/run07/data.5.Q	/cfs/klemming/home/t/tabeadi/tabea_work/08_population_analysis_final/skane_only/combined/results/structure/admixture/rep002/K5/run07
rep002	5	run08	0.35704	-8020700.718012	/cfs/klemming/home/t/tabeadi/tabea_work/08_population_analysis_final/skane_only/combined/results/structure/admixture/rep002/K5/run08/data.5.Q	/cfs/klemming/home/t/tabeadi/tabea_work/08_population_analysis_final/skane_only/combined/results/structure/admixture/rep002/K5/run08
rep002	5	run09	0.35698	-8020700.778014	/cfs/klemming/home/t/tabeadi/tabea_work/08_population_analysis_final/skane_only/combined/results/structure/admixture/rep002/K5/run09/data.5.Q	/cfs/klemming/home/t/tabeadi/tabea_work/08_population_analysis_final/skane_only/combined/results/structure/admixture/rep002/K5/run09
rep002	5	run10	0.35698	-8020700.694621	/cfs/klemming/home/t/tabeadi/tabea_work/08_population_analysis_final/skane_only/combined/results/structure/admixture/rep002/K5/run10/data.5.Q	/cfs/klemming/home/t/tabeadi/tabea_work/08_population_analysis_final/skane_only/combined/results/structure/admixture/rep002/K5/run10
rep002	5	run11	0.35707	-8020700.704014	/cfs/klemming/home/t/tabeadi/tabea_work/08_population_analysis_final/skane_only/combined/results/structure/admixture/rep002/K5/run11/data.5.Q	/cfs/klemming/home/t/tabeadi/tabea_work/08_population_analysis_final/skane_only/combined/results/structure/admixture/rep002/K5/run11
rep002	5	run12	0.35704	-8020700.702733	/cfs/klemming/home/t/tabeadi/tabea_work/08_population_analysis_final/skane_only/combined/results/structure/admixture/rep002/K5/run12/data.5.Q	/cfs/klemming/home/t/tabeadi/tabea_work/08_population_analysis_final/skane_only/combined/results/structure/admixture/rep002/K5/run12
rep002	5	run13	0.35702	-8020700.69902	/cfs/klemming/home/t/tabeadi/tabea_work/08_population_analysis_final/skane_only/combined/results/structure/admixture/rep002/K5/run13/data.5.Q	/cfs/klemming/home/t/tabeadi/tabea_work/08_population_analysis_final/skane_only/combined/results/structure/admixture/rep002/K5/run13
rep002	5	run14	0.3571	-8020700.717224	/cfs/klemming/home/t/tabeadi/tabea_work/08_population_analysis_final/skane_only/combined/results/structure/admixture/rep002/K5/run14/data.5.Q	/cfs/klemming/home/t/tabeadi/tabea_work/08_population_analysis_final/skane_only/combined/results/structure/admixture/rep002/K5/run14
rep002	5	run15	0.35705	-8020700.726333	/cfs/klemming/home/t/tabeadi/tabea_work/08_population_analysis_final/skane_only/combined/results/structure/admixture/rep002/K5/run15/data.5.Q	/cfs/klemming/home/t/tabeadi/tabea_work/08_population_analysis_final/skane_only/combined/results/structure/admixture/rep002/K5/run15
rep002	5	run16	0.35704	-8020700.690839	/cfs/klemming/home/t/tabeadi/tabea_work/08_population_analysis_final/skane_only/combined/results/structure/admixture/rep002/K5/run16/data.5.Q	/cfs/klemming/home/t/tabeadi/tabea_work/08_population_analysis_final/skane_only/combined/results/structure/admixture/rep002/K5/run16
rep002	5	run17	0.3571	-8020700.707661	/cfs/klemming/home/t/tabeadi/tabea_work/08_population_analysis_final/skane_only/combined/results/structure/admixture/rep002/K5/run17/data.5.Q	/cfs/klemming/home/t/tabeadi/tabea_work/08_population_analysis_final/skane_only/combined/results/structure/admixture/rep002/K5/run17
rep002	5	run18	0.35711	-8020700.741006	/cfs/klemming/home/t/tabeadi/tabea_work/08_population_analysis_final/skane_only/combined/results/structure/admixture/rep002/K5/run18/data.5.Q	/cfs/klemming/home/t/tabeadi/tabea_work/08_population_analysis_final/skane_only/combined/results/structure/admixture/rep002/K5/run18
rep002	5	run19	0.35707	-8020700.691001	/cfs/klemming/home/t/tabeadi/tabea_work/08_population_analysis_final/skane_only/combined/results/structure/admixture/rep002/K5/run19/data.5.Q	/cfs/klemming/home/t/tabeadi/tabea_work/08_population_analysis_final/skane_only/combined/results/structure/admixture/rep002/K5/run19
rep002	5	run20	0.35704	-8020700.690659	/cfs/klemming/home/t/tabeadi/tabea_work/08_population_analysis_final/skane_only/combined/results/structure/admixture/rep002/K5/run20/data.5.Q	/cfs/klemming/home/t/tabeadi/tabea_work/08_population_analysis_final/skane_only/combined/results/structure/admixture/rep002/K5/run20
rep002	6	run01	0.35653	-8003378.355368	/cfs/klemming/home/t/tabeadi/tabea_work/08_population_analysis_final/skane_only/combined/results/structure/admixture/rep002/K6/run01/data.6.Q	/cfs/klemming/home/t/tabeadi/tabea_work/08_population_analysis_final/skane_only/combined/results/structure/admixture/rep002/K6/run01
rep002	6	run02	0.35649	-8003378.421642	/cfs/klemming/home/t/tabeadi/tabea_work/08_population_analysis_final/skane_only/combined/results/structure/admixture/rep002/K6/run02/data.6.Q	/cfs/klemming/home/t/tabeadi/tabea_work/08_population_analysis_final/skane_only/combined/results/structure/admixture/rep002/K6/run02
rep002	6	run03	0.35647	-8003231.077845	/cfs/klemming/home/t/tabeadi/tabea_work/08_population_analysis_final/skane_only/combined/results/structure/admixture/rep002/K6/run03/data.6.Q	/cfs/klemming/home/t/tabeadi/tabea_work/08_population_analysis_final/skane_only/combined/results/structure/admixture/rep002/K6/run03
rep002	6	run04	0.35668	-8003587.284841	/cfs/klemming/home/t/tabeadi/tabea_work/08_population_analysis_final/skane_only/combined/results/structure/admixture/rep002/K6/run04/data.6.Q	/cfs/klemming/home/t/tabeadi/tabea_work/08_population_analysis_final/skane_only/combined/results/structure/admixture/rep002/K6/run04
rep002	6	run05	0.35654	-8003231.205503	/cfs/klemming/home/t/tabeadi/tabea_work/08_population_analysis_final/skane_only/combined/results/structure/admixture/rep002/K6/run05/data.6.Q	/cfs/klemming/home/t/tabeadi/tabea_work/08_population_analysis_final/skane_only/combined/results/structure/admixture/rep002/K6/run05
rep002	6	run06	0.35666	-8003231.183577	/cfs/klemming/home/t/tabeadi/tabea_work/08_population_analysis_final/skane_only/combined/results/structure/admixture/rep002/K6/run06/data.6.Q	/cfs/klemming/home/t/tabeadi/tabea_work/08_population_analysis_final/skane_only/combined/results/structure/admixture/rep002/K6/run06
rep002	6	run07	0.35657	-8003378.345761	/cfs/klemming/home/t/tabeadi/tabea_work/08_population_analysis_final/skane_only/combined/results/structure/admixture/rep002/K6/run07/data.6.Q	/cfs/klemming/home/t/tabeadi/tabea_work/08_population_analysis_final/skane_only/combined/results/structure/admixture/rep002/K6/run07
rep002	6	run08	0.35655	-8003378.425296	/cfs/klemming/home/t/tabeadi/tabea_work/08_population_analysis_final/skane_only/combined/results/structure/admixture/rep002/K6/run08/data.6.Q	/cfs/klemming/home/t/tabeadi/tabea_work/08_population_analysis_final/skane_only/combined/results/structure/admixture/rep002/K6/run08
rep002	6	run09	0.35653	-8003231.065109	/cfs/klemming/home/t/tabeadi/tabea_work/08_population_analysis_final/skane_only/combined/results/structure/admixture/rep002/K6/run09/data.6.Q	/cfs/klemming/home/t/tabeadi/tabea_work/08_population_analysis_final/skane_only/combined/results/structure/admixture/rep002/K6/run09
rep002	6	run10	0.35648	-8003231.084507	/cfs/klemming/home/t/tabeadi/tabea_work/08_population_analysis_final/skane_only/combined/results/structure/admixture/rep002/K6/run10/data.6.Q	/cfs/klemming/home/t/tabeadi/tabea_work/08_population_analysis_final/skane_only/combined/results/structure/admixture/rep002/K6/run10
rep002	6	run11	0.35655	-8003231.091031	/cfs/klemming/home/t/tabeadi/tabea_work/08_population_analysis_final/skane_only/combined/results/structure/admixture/rep002/K6/run11/data.6.Q	/cfs/klemming/home/t/tabeadi/tabea_work/08_population_analysis_final/skane_only/combined/results/structure/admixture/rep002/K6/run11
rep002	6	run12	0.35658	-8003231.147834	/cfs/klemming/home/t/tabeadi/tabea_work/08_population_analysis_final/skane_only/combined/results/structure/admixture/rep002/K6/run12/data.6.Q	/cfs/klemming/home/t/tabeadi/tabea_work/08_population_analysis_final/skane_only/combined/results/structure/admixture/rep002/K6/run12
rep002	6	run13	0.35655	-8003378.480283	/cfs/klemming/home/t/tabeadi/tabea_work/08_population_analysis_final/skane_only/combined/results/structure/admixture/rep002/K6/run13/data.6.Q	/cfs/klemming/home/t/tabeadi/tabea_work/08_population_analysis_final/skane_only/combined/results/structure/admixture/rep002/K6/run13
rep002	6	run14	0.35651	-8003231.071773	/cfs/klemming/home/t/tabeadi/tabea_work/08_population_analysis_final/skane_only/combined/results/structure/admixture/rep002/K6/run14/data.6.Q	/cfs/klemming/home/t/tabeadi/tabea_work/08_population_analysis_final/skane_only/combined/results/structure/admixture/rep002/K6/run14
rep002	6	run15	0.35656	-8003587.358359	/cfs/klemming/home/t/tabeadi/tabea_work/08_population_analysis_final/skane_only/combined/results/structure/admixture/rep002/K6/run15/data.6.Q	/cfs/klemming/home/t/tabeadi/tabea_work/08_population_analysis_final/skane_only/combined/results/structure/admixture/rep002/K6/run15
rep002	6	run16	0.3566	-8003587.343804	/cfs/klemming/home/t/tabeadi/tabea_work/08_population_analysis_final/skane_only/combined/results/structure/admixture/rep002/K6/run16/data.6.Q	/cfs/klemming/home/t/tabeadi/tabea_work/08_population_analysis_final/skane_only/combined/results/structure/admixture/rep002/K6/run16
rep002	6	run17	0.35661	-8003378.344523	/cfs/klemming/home/t/tabeadi/tabea_work/08_population_analysis_final/skane_only/combined/results/structure/admixture/rep002/K6/run17/data.6.Q	/cfs/klemming/home/t/tabeadi/tabea_work/08_population_analysis_final/skane_only/combined/results/structure/admixture/rep002/K6/run17
rep002	6	run18	0.35648	-8003378.334123	/cfs/klemming/home/t/tabeadi/tabea_work/08_population_analysis_final/skane_only/combined/results/structure/admixture/rep002/K6/run18/data.6.Q	/cfs/klemming/home/t/tabeadi/tabea_work/08_population_analysis_final/skane_only/combined/results/structure/admixture/rep002/K6/run18
rep002	6	run19	0.35657	-8003231.087918	/cfs/klemming/home/t/tabeadi/tabea_work/08_population_analysis_final/skane_only/combined/results/structure/admixture/rep002/K6/run19/data.6.Q	/cfs/klemming/home/t/tabeadi/tabea_work/08_population_analysis_final/skane_only/combined/results/structure/admixture/rep002/K6/run19
rep002	6	run20	0.35658	-8003378.415603	/cfs/klemming/home/t/tabeadi/tabea_work/08_population_analysis_final/skane_only/combined/results/structure/admixture/rep002/K6/run20/data.6.Q	/cfs/klemming/home/t/tabeadi/tabea_work/08_population_analysis_final/skane_only/combined/results/structure/admixture/rep002/K6/run20
rep002	7	run01	0.35603	-7986229.882575	/cfs/klemming/home/t/tabeadi/tabea_work/08_population_analysis_final/skane_only/combined/results/structure/admixture/rep002/K7/run01/data.7.Q	/cfs/klemming/home/t/tabeadi/tabea_work/08_population_analysis_final/skane_only/combined/results/structure/admixture/rep002/K7/run01
rep002	7	run02	0.35606	-7986229.803992	/cfs/klemming/home/t/tabeadi/tabea_work/08_population_analysis_final/skane_only/combined/results/structure/admixture/rep002/K7/run02/data.7.Q	/cfs/klemming/home/t/tabeadi/tabea_work/08_population_analysis_final/skane_only/combined/results/structure/admixture/rep002/K7/run02
rep002	7	run03	0.35614	-7986229.738651	/cfs/klemming/home/t/tabeadi/tabea_work/08_population_analysis_final/skane_only/combined/results/structure/admixture/rep002/K7/run03/data.7.Q	/cfs/klemming/home/t/tabeadi/tabea_work/08_population_analysis_final/skane_only/combined/results/structure/admixture/rep002/K7/run03
rep002	7	run04	0.35603	-7986229.959824	/cfs/klemming/home/t/tabeadi/tabea_work/08_population_analysis_final/skane_only/combined/results/structure/admixture/rep002/K7/run04/data.7.Q	/cfs/klemming/home/t/tabeadi/tabea_work/08_population_analysis_final/skane_only/combined/results/structure/admixture/rep002/K7/run04
rep002	7	run05	0.35596	-7986229.730123	/cfs/klemming/home/t/tabeadi/tabea_work/08_population_analysis_final/skane_only/combined/results/structure/admixture/rep002/K7/run05/data.7.Q	/cfs/klemming/home/t/tabeadi/tabea_work/08_population_analysis_final/skane_only/combined/results/structure/admixture/rep002/K7/run05
rep002	7	run06	0.35591	-7986229.877259	/cfs/klemming/home/t/tabeadi/tabea_work/08_population_analysis_final/skane_only/combined/results/structure/admixture/rep002/K7/run06/data.7.Q	/cfs/klemming/home/t/tabeadi/tabea_work/08_population_analysis_final/skane_only/combined/results/structure/admixture/rep002/K7/run06
rep002	7	run07	0.35621	-7986229.906394	/cfs/klemming/home/t/tabeadi/tabea_work/08_population_analysis_final/skane_only/combined/results/structure/admixture/rep002/K7/run07/data.7.Q	/cfs/klemming/home/t/tabeadi/tabea_work/08_population_analysis_final/skane_only/combined/results/structure/admixture/rep002/K7/run07
rep002	7	run08	0.35601	-7986229.735913	/cfs/klemming/home/t/tabeadi/tabea_work/08_population_analysis_final/skane_only/combined/results/structure/admixture/rep002/K7/run08/data.7.Q	/cfs/klemming/home/t/tabeadi/tabea_work/08_population_analysis_final/skane_only/combined/results/structure/admixture/rep002/K7/run08
rep002	7	run09	0.35614	-7986229.875291	/cfs/klemming/home/t/tabeadi/tabea_work/08_population_analysis_final/skane_only/combined/results/structure/admixture/rep002/K7/run09/data.7.Q	/cfs/klemming/home/t/tabeadi/tabea_work/08_population_analysis_final/skane_only/combined/results/structure/admixture/rep002/K7/run09
rep002	7	run10	0.3561	-7986229.861765	/cfs/klemming/home/t/tabeadi/tabea_work/08_population_analysis_final/skane_only/combined/results/structure/admixture/rep002/K7/run10/data.7.Q	/cfs/klemming/home/t/tabeadi/tabea_work/08_population_analysis_final/skane_only/combined/results/structure/admixture/rep002/K7/run10
rep002	7	run11	0.35592	-7986229.887884	/cfs/klemming/home/t/tabeadi/tabea_work/08_population_analysis_final/skane_only/combined/results/structure/admixture/rep002/K7/run11/data.7.Q	/cfs/klemming/home/t/tabeadi/tabea_work/08_population_analysis_final/skane_only/combined/results/structure/admixture/rep002/K7/run11
rep002	7	run12	0.35603	-7986229.885198	/cfs/klemming/home/t/tabeadi/tabea_work/08_population_analysis_final/skane_only/combined/results/structure/admixture/rep002/K7/run12/data.7.Q	/cfs/klemming/home/t/tabeadi/tabea_work/08_population_analysis_final/skane_only/combined/results/structure/admixture/rep002/K7/run12
rep002	7	run13	0.356	-7986229.898791	/cfs/klemming/home/t/tabeadi/tabea_work/08_population_analysis_final/skane_only/combined/results/structure/admixture/rep002/K7/run13/data.7.Q	/cfs/klemming/home/t/tabeadi/tabea_work/08_population_analysis_final/skane_only/combined/results/structure/admixture/rep002/K7/run13
rep002	7	run14	0.35607	-7986229.93738	/cfs/klemming/home/t/tabeadi/tabea_work/08_population_analysis_final/skane_only/combined/results/structure/admixture/rep002/K7/run14/data.7.Q	/cfs/klemming/home/t/tabeadi/tabea_work/08_population_analysis_final/skane_only/combined/results/structure/admixture/rep002/K7/run14
rep002	7	run15	0.35618	-7986229.724212	/cfs/klemming/home/t/tabeadi/tabea_work/08_population_analysis_final/skane_only/combined/results/structure/admixture/rep002/K7/run15/data.7.Q	/cfs/klemming/home/t/tabeadi/tabea_work/08_population_analysis_final/skane_only/combined/results/structure/admixture/rep002/K7/run15
rep002	7	run16	0.35599	-7986229.92261	/cfs/klemming/home/t/tabeadi/tabea_work/08_population_analysis_final/skane_only/combined/results/structure/admixture/rep002/K7/run16/data.7.Q	/cfs/klemming/home/t/tabeadi/tabea_work/08_population_analysis_final/skane_only/combined/results/structure/admixture/rep002/K7/run16
rep002	7	run17	0.35611	-7986229.763375	/cfs/klemming/home/t/tabeadi/tabea_work/08_population_analysis_final/skane_only/combined/results/structure/admixture/rep002/K7/run17/data.7.Q	/cfs/klemming/home/t/tabeadi/tabea_work/08_population_analysis_final/skane_only/combined/results/structure/admixture/rep002/K7/run17
rep002	7	run18	0.35616	-7986229.734833	/cfs/klemming/home/t/tabeadi/tabea_work/08_population_analysis_final/skane_only/combined/results/structure/admixture/rep002/K7/run18/data.7.Q	/cfs/klemming/home/t/tabeadi/tabea_work/08_population_analysis_final/skane_only/combined/results/structure/admixture/rep002/K7/run18
rep002	7	run19	0.35597	-7986229.75556	/cfs/klemming/home/t/tabeadi/tabea_work/08_population_analysis_final/skane_only/combined/results/structure/admixture/rep002/K7/run19/data.7.Q	/cfs/klemming/home/t/tabeadi/tabea_work/08_population_analysis_final/skane_only/combined/results/structure/admixture/rep002/K7/run19
rep002	7	run20	0.35593	-7986229.843491	/cfs/klemming/home/t/tabeadi/tabea_work/08_population_analysis_final/skane_only/combined/results/structure/admixture/rep002/K7/run20/data.7.Q	/cfs/klemming/home/t/tabeadi/tabea_work/08_population_analysis_final/skane_only/combined/results/structure/admixture/rep002/K7/run20
rep002	8	run01	0.35575	-7971378.980282	/cfs/klemming/home/t/tabeadi/tabea_work/08_population_analysis_final/skane_only/combined/results/structure/admixture/rep002/K8/run01/data.8.Q	/cfs/klemming/home/t/tabeadi/tabea_work/08_population_analysis_final/skane_only/combined/results/structure/admixture/rep002/K8/run01
rep002	8	run02	0.35561	-7971513.047805	/cfs/klemming/home/t/tabeadi/tabea_work/08_population_analysis_final/skane_only/combined/results/structure/admixture/rep002/K8/run02/data.8.Q	/cfs/klemming/home/t/tabeadi/tabea_work/08_population_analysis_final/skane_only/combined/results/structure/admixture/rep002/K8/run02
rep002	8	run03	0.35562	-7971379.024961	/cfs/klemming/home/t/tabeadi/tabea_work/08_population_analysis_final/skane_only/combined/results/structure/admixture/rep002/K8/run03/data.8.Q	/cfs/klemming/home/t/tabeadi/tabea_work/08_population_analysis_final/skane_only/combined/results/structure/admixture/rep002/K8/run03
rep002	8	run04	0.35571	-7971189.313117	/cfs/klemming/home/t/tabeadi/tabea_work/08_population_analysis_final/skane_only/combined/results/structure/admixture/rep002/K8/run04/data.8.Q	/cfs/klemming/home/t/tabeadi/tabea_work/08_population_analysis_final/skane_only/combined/results/structure/admixture/rep002/K8/run04
rep002	8	run05	0.35577	-7971189.443544	/cfs/klemming/home/t/tabeadi/tabea_work/08_population_analysis_final/skane_only/combined/results/structure/admixture/rep002/K8/run05/data.8.Q	/cfs/klemming/home/t/tabeadi/tabea_work/08_population_analysis_final/skane_only/combined/results/structure/admixture/rep002/K8/run05
rep002	8	run06	0.35567	-7971189.309668	/cfs/klemming/home/t/tabeadi/tabea_work/08_population_analysis_final/skane_only/combined/results/structure/admixture/rep002/K8/run06/data.8.Q	/cfs/klemming/home/t/tabeadi/tabea_work/08_population_analysis_final/skane_only/combined/results/structure/admixture/rep002/K8/run06
rep002	8	run07	0.35573	-7971515.16768	/cfs/klemming/home/t/tabeadi/tabea_work/08_population_analysis_final/skane_only/combined/results/structure/admixture/rep002/K8/run07/data.8.Q	/cfs/klemming/home/t/tabeadi/tabea_work/08_population_analysis_final/skane_only/combined/results/structure/admixture/rep002/K8/run07
rep002	8	run08	0.35573	-7971513.111227	/cfs/klemming/home/t/tabeadi/tabea_work/08_population_analysis_final/skane_only/combined/results/structure/admixture/rep002/K8/run08/data.8.Q	/cfs/klemming/home/t/tabeadi/tabea_work/08_population_analysis_final/skane_only/combined/results/structure/admixture/rep002/K8/run08
rep002	8	run09	0.35559	-7971189.485748	/cfs/klemming/home/t/tabeadi/tabea_work/08_population_analysis_final/skane_only/combined/results/structure/admixture/rep002/K8/run09/data.8.Q	/cfs/klemming/home/t/tabeadi/tabea_work/08_population_analysis_final/skane_only/combined/results/structure/admixture/rep002/K8/run09
rep002	8	run10	0.35572	-7971189.551076	/cfs/klemming/home/t/tabeadi/tabea_work/08_population_analysis_final/skane_only/combined/results/structure/admixture/rep002/K8/run10/data.8.Q	/cfs/klemming/home/t/tabeadi/tabea_work/08_population_analysis_final/skane_only/combined/results/structure/admixture/rep002/K8/run10
rep002	8	run11	0.35558	-7971189.641151	/cfs/klemming/home/t/tabeadi/tabea_work/08_population_analysis_final/skane_only/combined/results/structure/admixture/rep002/K8/run11/data.8.Q	/cfs/klemming/home/t/tabeadi/tabea_work/08_population_analysis_final/skane_only/combined/results/structure/admixture/rep002/K8/run11
rep002	8	run12	0.35558	-7971379.044697	/cfs/klemming/home/t/tabeadi/tabea_work/08_population_analysis_final/skane_only/combined/results/structure/admixture/rep002/K8/run12/data.8.Q	/cfs/klemming/home/t/tabeadi/tabea_work/08_population_analysis_final/skane_only/combined/results/structure/admixture/rep002/K8/run12
rep002	8	run13	0.35582	-7971378.985354	/cfs/klemming/home/t/tabeadi/tabea_work/08_population_analysis_final/skane_only/combined/results/structure/admixture/rep002/K8/run13/data.8.Q	/cfs/klemming/home/t/tabeadi/tabea_work/08_population_analysis_final/skane_only/combined/results/structure/admixture/rep002/K8/run13
rep002	8	run14	0.35561	-7971378.950812	/cfs/klemming/home/t/tabeadi/tabea_work/08_population_analysis_final/skane_only/combined/results/structure/admixture/rep002/K8/run14/data.8.Q	/cfs/klemming/home/t/tabeadi/tabea_work/08_population_analysis_final/skane_only/combined/results/structure/admixture/rep002/K8/run14
rep002	8	run15	0.35564	-7971189.504884	/cfs/klemming/home/t/tabeadi/tabea_work/08_population_analysis_final/skane_only/combined/results/structure/admixture/rep002/K8/run15/data.8.Q	/cfs/klemming/home/t/tabeadi/tabea_work/08_population_analysis_final/skane_only/combined/results/structure/admixture/rep002/K8/run15
rep002	8	run16	0.35608	-7971513.152654	/cfs/klemming/home/t/tabeadi/tabea_work/08_population_analysis_final/skane_only/combined/results/structure/admixture/rep002/K8/run16/data.8.Q	/cfs/klemming/home/t/tabeadi/tabea_work/08_population_analysis_final/skane_only/combined/results/structure/admixture/rep002/K8/run16
rep002	8	run17	0.35579	-7971513.067054	/cfs/klemming/home/t/tabeadi/tabea_work/08_population_analysis_final/skane_only/combined/results/structure/admixture/rep002/K8/run17/data.8.Q	/cfs/klemming/home/t/tabeadi/tabea_work/08_population_analysis_final/skane_only/combined/results/structure/admixture/rep002/K8/run17
rep002	8	run18	0.35572	-7971234.452645	/cfs/klemming/home/t/tabeadi/tabea_work/08_population_analysis_final/skane_only/combined/results/structure/admixture/rep002/K8/run18/data.8.Q	/cfs/klemming/home/t/tabeadi/tabea_work/08_population_analysis_final/skane_only/combined/results/structure/admixture/rep002/K8/run18
rep002	8	run19	0.35577	-7971379.039426	/cfs/klemming/home/t/tabeadi/tabea_work/08_population_analysis_final/skane_only/combined/results/structure/admixture/rep002/K8/run19/data.8.Q	/cfs/klemming/home/t/tabeadi/tabea_work/08_population_analysis_final/skane_only/combined/results/structure/admixture/rep002/K8/run19
rep002	8	run20	0.35569	-7971378.737545	/cfs/klemming/home/t/tabeadi/tabea_work/08_population_analysis_final/skane_only/combined/results/structure/admixture/rep002/K8/run20/data.8.Q	/cfs/klemming/home/t/tabeadi/tabea_work/08_population_analysis_final/skane_only/combined/results/structure/admixture/rep002/K8/run20
rep003	1	run01	0.3591	-8137690.778332	/cfs/klemming/home/t/tabeadi/tabea_work/08_population_analysis_final/skane_only/combined/results/structure/admixture/rep003/K1/run01/data.1.Q	/cfs/klemming/home/t/tabeadi/tabea_work/08_population_analysis_final/skane_only/combined/results/structure/admixture/rep003/K1/run01
rep003	1	run02	0.35909	-8137690.778332	/cfs/klemming/home/t/tabeadi/tabea_work/08_population_analysis_final/skane_only/combined/results/structure/admixture/rep003/K1/run02/data.1.Q	/cfs/klemming/home/t/tabeadi/tabea_work/08_population_analysis_final/skane_only/combined/results/structure/admixture/rep003/K1/run02
rep003	1	run03	0.35908	-8137690.778332	/cfs/klemming/home/t/tabeadi/tabea_work/08_population_analysis_final/skane_only/combined/results/structure/admixture/rep003/K1/run03/data.1.Q	/cfs/klemming/home/t/tabeadi/tabea_work/08_population_analysis_final/skane_only/combined/results/structure/admixture/rep003/K1/run03
rep003	1	run04	0.35909	-8137690.778332	/cfs/klemming/home/t/tabeadi/tabea_work/08_population_analysis_final/skane_only/combined/results/structure/admixture/rep003/K1/run04/data.1.Q	/cfs/klemming/home/t/tabeadi/tabea_work/08_population_analysis_final/skane_only/combined/results/structure/admixture/rep003/K1/run04
rep003	1	run05	0.35911	-8137690.778332	/cfs/klemming/home/t/tabeadi/tabea_work/08_population_analysis_final/skane_only/combined/results/structure/admixture/rep003/K1/run05/data.1.Q	/cfs/klemming/home/t/tabeadi/tabea_work/08_population_analysis_final/skane_only/combined/results/structure/admixture/rep003/K1/run05
rep003	1	run06	0.35909	-8137690.778332	/cfs/klemming/home/t/tabeadi/tabea_work/08_population_analysis_final/skane_only/combined/results/structure/admixture/rep003/K1/run06/data.1.Q	/cfs/klemming/home/t/tabeadi/tabea_work/08_population_analysis_final/skane_only/combined/results/structure/admixture/rep003/K1/run06
rep003	1	run07	0.35909	-8137690.778332	/cfs/klemming/home/t/tabeadi/tabea_work/08_population_analysis_final/skane_only/combined/results/structure/admixture/rep003/K1/run07/data.1.Q	/cfs/klemming/home/t/tabeadi/tabea_work/08_population_analysis_final/skane_only/combined/results/structure/admixture/rep003/K1/run07
rep003	1	run08	0.35909	-8137690.778332	/cfs/klemming/home/t/tabeadi/tabea_work/08_population_analysis_final/skane_only/combined/results/structure/admixture/rep003/K1/run08/data.1.Q	/cfs/klemming/home/t/tabeadi/tabea_work/08_population_analysis_final/skane_only/combined/results/structure/admixture/rep003/K1/run08
rep003	1	run09	0.35909	-8137690.778332	/cfs/klemming/home/t/tabeadi/tabea_work/08_population_analysis_final/skane_only/combined/results/structure/admixture/rep003/K1/run09/data.1.Q	/cfs/klemming/home/t/tabeadi/tabea_work/08_population_analysis_final/skane_only/combined/results/structure/admixture/rep003/K1/run09
rep003	1	run10	0.3591	-8137690.778332	/cfs/klemming/home/t/tabeadi/tabea_work/08_population_analysis_final/skane_only/combined/results/structure/admixture/rep003/K1/run10/data.1.Q	/cfs/klemming/home/t/tabeadi/tabea_work/08_population_analysis_final/skane_only/combined/results/structure/admixture/rep003/K1/run10
rep003	1	run11	0.35909	-8137690.778332	/cfs/klemming/home/t/tabeadi/tabea_work/08_population_analysis_final/skane_only/combined/results/structure/admixture/rep003/K1/run11/data.1.Q	/cfs/klemming/home/t/tabeadi/tabea_work/08_population_analysis_final/skane_only/combined/results/structure/admixture/rep003/K1/run11
rep003	1	run12	0.3591	-8137690.778332	/cfs/klemming/home/t/tabeadi/tabea_work/08_population_analysis_final/skane_only/combined/results/structure/admixture/rep003/K1/run12/data.1.Q	/cfs/klemming/home/t/tabeadi/tabea_work/08_population_analysis_final/skane_only/combined/results/structure/admixture/rep003/K1/run12
rep003	1	run13	0.35908	-8137690.778332	/cfs/klemming/home/t/tabeadi/tabea_work/08_population_analysis_final/skane_only/combined/results/structure/admixture/rep003/K1/run13/data.1.Q	/cfs/klemming/home/t/tabeadi/tabea_work/08_population_analysis_final/skane_only/combined/results/structure/admixture/rep003/K1/run13
rep003	1	run14	0.3591	-8137690.778332	/cfs/klemming/home/t/tabeadi/tabea_work/08_population_analysis_final/skane_only/combined/results/structure/admixture/rep003/K1/run14/data.1.Q	/cfs/klemming/home/t/tabeadi/tabea_work/08_population_analysis_final/skane_only/combined/results/structure/admixture/rep003/K1/run14
rep003	1	run15	0.3591	-8137690.778332	/cfs/klemming/home/t/tabeadi/tabea_work/08_population_analysis_final/skane_only/combined/results/structure/admixture/rep003/K1/run15/data.1.Q	/cfs/klemming/home/t/tabeadi/tabea_work/08_population_analysis_final/skane_only/combined/results/structure/admixture/rep003/K1/run15
rep003	1	run16	0.35908	-8137690.778332	/cfs/klemming/home/t/tabeadi/tabea_work/08_population_analysis_final/skane_only/combined/results/structure/admixture/rep003/K1/run16/data.1.Q	/cfs/klemming/home/t/tabeadi/tabea_work/08_population_analysis_final/skane_only/combined/results/structure/admixture/rep003/K1/run16
rep003	1	run17	0.3591	-8137690.778332	/cfs/klemming/home/t/tabeadi/tabea_work/08_population_analysis_final/skane_only/combined/results/structure/admixture/rep003/K1/run17/data.1.Q	/cfs/klemming/home/t/tabeadi/tabea_work/08_population_analysis_final/skane_only/combined/results/structure/admixture/rep003/K1/run17
rep003	1	run18	0.3591	-8137690.778332	/cfs/klemming/home/t/tabeadi/tabea_work/08_population_analysis_final/skane_only/combined/results/structure/admixture/rep003/K1/run18/data.1.Q	/cfs/klemming/home/t/tabeadi/tabea_work/08_population_analysis_final/skane_only/combined/results/structure/admixture/rep003/K1/run18
rep003	1	run19	0.35911	-8137690.778332	/cfs/klemming/home/t/tabeadi/tabea_work/08_population_analysis_final/skane_only/combined/results/structure/admixture/rep003/K1/run19/data.1.Q	/cfs/klemming/home/t/tabeadi/tabea_work/08_population_analysis_final/skane_only/combined/results/structure/admixture/rep003/K1/run19
rep003	1	run20	0.35909	-8137690.778332	/cfs/klemming/home/t/tabeadi/tabea_work/08_population_analysis_final/skane_only/combined/results/structure/admixture/rep003/K1/run20/data.1.Q	/cfs/klemming/home/t/tabeadi/tabea_work/08_population_analysis_final/skane_only/combined/results/structure/admixture/rep003/K1/run20
rep003	2	run01	0.35797	-8109243.606671	/cfs/klemming/home/t/tabeadi/tabea_work/08_population_analysis_final/skane_only/combined/results/structure/admixture/rep003/K2/run01/data.2.Q	/cfs/klemming/home/t/tabeadi/tabea_work/08_population_analysis_final/skane_only/combined/results/structure/admixture/rep003/K2/run01
rep003	2	run02	0.35797	-8109243.606662	/cfs/klemming/home/t/tabeadi/tabea_work/08_population_analysis_final/skane_only/combined/results/structure/admixture/rep003/K2/run02/data.2.Q	/cfs/klemming/home/t/tabeadi/tabea_work/08_population_analysis_final/skane_only/combined/results/structure/admixture/rep003/K2/run02
rep003	2	run03	0.35796	-8109243.606674	/cfs/klemming/home/t/tabeadi/tabea_work/08_population_analysis_final/skane_only/combined/results/structure/admixture/rep003/K2/run03/data.2.Q	/cfs/klemming/home/t/tabeadi/tabea_work/08_population_analysis_final/skane_only/combined/results/structure/admixture/rep003/K2/run03
rep003	2	run04	0.35796	-8109243.606661	/cfs/klemming/home/t/tabeadi/tabea_work/08_population_analysis_final/skane_only/combined/results/structure/admixture/rep003/K2/run04/data.2.Q	/cfs/klemming/home/t/tabeadi/tabea_work/08_population_analysis_final/skane_only/combined/results/structure/admixture/rep003/K2/run04
rep003	2	run05	0.35796	-8109243.60666	/cfs/klemming/home/t/tabeadi/tabea_work/08_population_analysis_final/skane_only/combined/results/structure/admixture/rep003/K2/run05/data.2.Q	/cfs/klemming/home/t/tabeadi/tabea_work/08_population_analysis_final/skane_only/combined/results/structure/admixture/rep003/K2/run05
rep003	2	run06	0.35796	-8109243.60666	/cfs/klemming/home/t/tabeadi/tabea_work/08_population_analysis_final/skane_only/combined/results/structure/admixture/rep003/K2/run06/data.2.Q	/cfs/klemming/home/t/tabeadi/tabea_work/08_population_analysis_final/skane_only/combined/results/structure/admixture/rep003/K2/run06
rep003	2	run07	0.35798	-8109243.606662	/cfs/klemming/home/t/tabeadi/tabea_work/08_population_analysis_final/skane_only/combined/results/structure/admixture/rep003/K2/run07/data.2.Q	/cfs/klemming/home/t/tabeadi/tabea_work/08_population_analysis_final/skane_only/combined/results/structure/admixture/rep003/K2/run07
rep003	2	run08	0.35795	-8109243.606703	/cfs/klemming/home/t/tabeadi/tabea_work/08_population_analysis_final/skane_only/combined/results/structure/admixture/rep003/K2/run08/data.2.Q	/cfs/klemming/home/t/tabeadi/tabea_work/08_population_analysis_final/skane_only/combined/results/structure/admixture/rep003/K2/run08
rep003	2	run09	0.35796	-8109243.60666	/cfs/klemming/home/t/tabeadi/tabea_work/08_population_analysis_final/skane_only/combined/results/structure/admixture/rep003/K2/run09/data.2.Q	/cfs/klemming/home/t/tabeadi/tabea_work/08_population_analysis_final/skane_only/combined/results/structure/admixture/rep003/K2/run09
rep003	2	run10	0.35796	-8109243.60667	/cfs/klemming/home/t/tabeadi/tabea_work/08_population_analysis_final/skane_only/combined/results/structure/admixture/rep003/K2/run10/data.2.Q	/cfs/klemming/home/t/tabeadi/tabea_work/08_population_analysis_final/skane_only/combined/results/structure/admixture/rep003/K2/run10
rep003	2	run11	0.35797	-8109243.606664	/cfs/klemming/home/t/tabeadi/tabea_work/08_population_analysis_final/skane_only/combined/results/structure/admixture/rep003/K2/run11/data.2.Q	/cfs/klemming/home/t/tabeadi/tabea_work/08_population_analysis_final/skane_only/combined/results/structure/admixture/rep003/K2/run11
rep003	2	run12	0.35797	-8109243.606702	/cfs/klemming/home/t/tabeadi/tabea_work/08_population_analysis_final/skane_only/combined/results/structure/admixture/rep003/K2/run12/data.2.Q	/cfs/klemming/home/t/tabeadi/tabea_work/08_population_analysis_final/skane_only/combined/results/structure/admixture/rep003/K2/run12
rep003	2	run13	0.35797	-8109243.606663	/cfs/klemming/home/t/tabeadi/tabea_work/08_population_analysis_final/skane_only/combined/results/structure/admixture/rep003/K2/run13/data.2.Q	/cfs/klemming/home/t/tabeadi/tabea_work/08_population_analysis_final/skane_only/combined/results/structure/admixture/rep003/K2/run13
rep003	2	run14	0.35797	-8109243.60666	/cfs/klemming/home/t/tabeadi/tabea_work/08_population_analysis_final/skane_only/combined/results/structure/admixture/rep003/K2/run14/data.2.Q	/cfs/klemming/home/t/tabeadi/tabea_work/08_population_analysis_final/skane_only/combined/results/structure/admixture/rep003/K2/run14
rep003	2	run15	0.35794	-8109243.606661	/cfs/klemming/home/t/tabeadi/tabea_work/08_population_analysis_final/skane_only/combined/results/structure/admixture/rep003/K2/run15/data.2.Q	/cfs/klemming/home/t/tabeadi/tabea_work/08_population_analysis_final/skane_only/combined/results/structure/admixture/rep003/K2/run15
rep003	2	run16	0.35796	-8109243.606661	/cfs/klemming/home/t/tabeadi/tabea_work/08_population_analysis_final/skane_only/combined/results/structure/admixture/rep003/K2/run16/data.2.Q	/cfs/klemming/home/t/tabeadi/tabea_work/08_population_analysis_final/skane_only/combined/results/structure/admixture/rep003/K2/run16
rep003	2	run17	0.35797	-8109243.606677	/cfs/klemming/home/t/tabeadi/tabea_work/08_population_analysis_final/skane_only/combined/results/structure/admixture/rep003/K2/run17/data.2.Q	/cfs/klemming/home/t/tabeadi/tabea_work/08_population_analysis_final/skane_only/combined/results/structure/admixture/rep003/K2/run17
rep003	2	run18	0.35797	-8109243.606663	/cfs/klemming/home/t/tabeadi/tabea_work/08_population_analysis_final/skane_only/combined/results/structure/admixture/rep003/K2/run18/data.2.Q	/cfs/klemming/home/t/tabeadi/tabea_work/08_population_analysis_final/skane_only/combined/results/structure/admixture/rep003/K2/run18
rep003	2	run19	0.35795	-8109243.60666	/cfs/klemming/home/t/tabeadi/tabea_work/08_population_analysis_final/skane_only/combined/results/structure/admixture/rep003/K2/run19/data.2.Q	/cfs/klemming/home/t/tabeadi/tabea_work/08_population_analysis_final/skane_only/combined/results/structure/admixture/rep003/K2/run19
rep003	2	run20	0.35797	-8109243.606665	/cfs/klemming/home/t/tabeadi/tabea_work/08_population_analysis_final/skane_only/combined/results/structure/admixture/rep003/K2/run20/data.2.Q	/cfs/klemming/home/t/tabeadi/tabea_work/08_population_analysis_final/skane_only/combined/results/structure/admixture/rep003/K2/run20
rep003	3	run01	0.35733	-8087650.213149	/cfs/klemming/home/t/tabeadi/tabea_work/08_population_analysis_final/skane_only/combined/results/structure/admixture/rep003/K3/run01/data.3.Q	/cfs/klemming/home/t/tabeadi/tabea_work/08_population_analysis_final/skane_only/combined/results/structure/admixture/rep003/K3/run01
rep003	3	run02	0.35726	-8087650.210877	/cfs/klemming/home/t/tabeadi/tabea_work/08_population_analysis_final/skane_only/combined/results/structure/admixture/rep003/K3/run02/data.3.Q	/cfs/klemming/home/t/tabeadi/tabea_work/08_population_analysis_final/skane_only/combined/results/structure/admixture/rep003/K3/run02
rep003	3	run03	0.35725	-8087650.217907	/cfs/klemming/home/t/tabeadi/tabea_work/08_population_analysis_final/skane_only/combined/results/structure/admixture/rep003/K3/run03/data.3.Q	/cfs/klemming/home/t/tabeadi/tabea_work/08_population_analysis_final/skane_only/combined/results/structure/admixture/rep003/K3/run03
rep003	3	run04	0.35729	-8087650.218043	/cfs/klemming/home/t/tabeadi/tabea_work/08_population_analysis_final/skane_only/combined/results/structure/admixture/rep003/K3/run04/data.3.Q	/cfs/klemming/home/t/tabeadi/tabea_work/08_population_analysis_final/skane_only/combined/results/structure/admixture/rep003/K3/run04
rep003	3	run05	0.35728	-8087650.211091	/cfs/klemming/home/t/tabeadi/tabea_work/08_population_analysis_final/skane_only/combined/results/structure/admixture/rep003/K3/run05/data.3.Q	/cfs/klemming/home/t/tabeadi/tabea_work/08_population_analysis_final/skane_only/combined/results/structure/admixture/rep003/K3/run05
rep003	3	run06	0.3573	-8087650.209467	/cfs/klemming/home/t/tabeadi/tabea_work/08_population_analysis_final/skane_only/combined/results/structure/admixture/rep003/K3/run06/data.3.Q	/cfs/klemming/home/t/tabeadi/tabea_work/08_population_analysis_final/skane_only/combined/results/structure/admixture/rep003/K3/run06
rep003	3	run07	0.35727	-8087650.21007	/cfs/klemming/home/t/tabeadi/tabea_work/08_population_analysis_final/skane_only/combined/results/structure/admixture/rep003/K3/run07/data.3.Q	/cfs/klemming/home/t/tabeadi/tabea_work/08_population_analysis_final/skane_only/combined/results/structure/admixture/rep003/K3/run07
rep003	3	run08	0.35726	-8087650.21381	/cfs/klemming/home/t/tabeadi/tabea_work/08_population_analysis_final/skane_only/combined/results/structure/admixture/rep003/K3/run08/data.3.Q	/cfs/klemming/home/t/tabeadi/tabea_work/08_population_analysis_final/skane_only/combined/results/structure/admixture/rep003/K3/run08
rep003	3	run09	0.3573	-8087650.210187	/cfs/klemming/home/t/tabeadi/tabea_work/08_population_analysis_final/skane_only/combined/results/structure/admixture/rep003/K3/run09/data.3.Q	/cfs/klemming/home/t/tabeadi/tabea_work/08_population_analysis_final/skane_only/combined/results/structure/admixture/rep003/K3/run09
rep003	3	run10	0.35729	-8087650.224513	/cfs/klemming/home/t/tabeadi/tabea_work/08_population_analysis_final/skane_only/combined/results/structure/admixture/rep003/K3/run10/data.3.Q	/cfs/klemming/home/t/tabeadi/tabea_work/08_population_analysis_final/skane_only/combined/results/structure/admixture/rep003/K3/run10
rep003	3	run11	0.3573	-8087650.215234	/cfs/klemming/home/t/tabeadi/tabea_work/08_population_analysis_final/skane_only/combined/results/structure/admixture/rep003/K3/run11/data.3.Q	/cfs/klemming/home/t/tabeadi/tabea_work/08_population_analysis_final/skane_only/combined/results/structure/admixture/rep003/K3/run11
rep003	3	run12	0.3573	-8087650.21235	/cfs/klemming/home/t/tabeadi/tabea_work/08_population_analysis_final/skane_only/combined/results/structure/admixture/rep003/K3/run12/data.3.Q	/cfs/klemming/home/t/tabeadi/tabea_work/08_population_analysis_final/skane_only/combined/results/structure/admixture/rep003/K3/run12
rep003	3	run13	0.3573	-8087650.210155	/cfs/klemming/home/t/tabeadi/tabea_work/08_population_analysis_final/skane_only/combined/results/structure/admixture/rep003/K3/run13/data.3.Q	/cfs/klemming/home/t/tabeadi/tabea_work/08_population_analysis_final/skane_only/combined/results/structure/admixture/rep003/K3/run13
rep003	3	run14	0.35726	-8087650.209325	/cfs/klemming/home/t/tabeadi/tabea_work/08_population_analysis_final/skane_only/combined/results/structure/admixture/rep003/K3/run14/data.3.Q	/cfs/klemming/home/t/tabeadi/tabea_work/08_population_analysis_final/skane_only/combined/results/structure/admixture/rep003/K3/run14
rep003	3	run15	0.35726	-8087650.217134	/cfs/klemming/home/t/tabeadi/tabea_work/08_population_analysis_final/skane_only/combined/results/structure/admixture/rep003/K3/run15/data.3.Q	/cfs/klemming/home/t/tabeadi/tabea_work/08_population_analysis_final/skane_only/combined/results/structure/admixture/rep003/K3/run15
rep003	3	run16	0.35731	-8087650.213194	/cfs/klemming/home/t/tabeadi/tabea_work/08_population_analysis_final/skane_only/combined/results/structure/admixture/rep003/K3/run16/data.3.Q	/cfs/klemming/home/t/tabeadi/tabea_work/08_population_analysis_final/skane_only/combined/results/structure/admixture/rep003/K3/run16
rep003	3	run17	0.35729	-8087650.219312	/cfs/klemming/home/t/tabeadi/tabea_work/08_population_analysis_final/skane_only/combined/results/structure/admixture/rep003/K3/run17/data.3.Q	/cfs/klemming/home/t/tabeadi/tabea_work/08_population_analysis_final/skane_only/combined/results/structure/admixture/rep003/K3/run17
rep003	3	run18	0.35728	-8087650.209936	/cfs/klemming/home/t/tabeadi/tabea_work/08_population_analysis_final/skane_only/combined/results/structure/admixture/rep003/K3/run18/data.3.Q	/cfs/klemming/home/t/tabeadi/tabea_work/08_population_analysis_final/skane_only/combined/results/structure/admixture/rep003/K3/run18
rep003	3	run19	0.3573	-8087650.211243	/cfs/klemming/home/t/tabeadi/tabea_work/08_population_analysis_final/skane_only/combined/results/structure/admixture/rep003/K3/run19/data.3.Q	/cfs/klemming/home/t/tabeadi/tabea_work/08_population_analysis_final/skane_only/combined/results/structure/admixture/rep003/K3/run19
rep003	3	run20	0.35726	-8087650.210143	/cfs/klemming/home/t/tabeadi/tabea_work/08_population_analysis_final/skane_only/combined/results/structure/admixture/rep003/K3/run20/data.3.Q	/cfs/klemming/home/t/tabeadi/tabea_work/08_population_analysis_final/skane_only/combined/results/structure/admixture/rep003/K3/run20
rep003	4	run01	0.35677	-8068619.953103	/cfs/klemming/home/t/tabeadi/tabea_work/08_population_analysis_final/skane_only/combined/results/structure/admixture/rep003/K4/run01/data.4.Q	/cfs/klemming/home/t/tabeadi/tabea_work/08_population_analysis_final/skane_only/combined/results/structure/admixture/rep003/K4/run01
rep003	4	run02	0.35678	-8068630.890139	/cfs/klemming/home/t/tabeadi/tabea_work/08_population_analysis_final/skane_only/combined/results/structure/admixture/rep003/K4/run02/data.4.Q	/cfs/klemming/home/t/tabeadi/tabea_work/08_population_analysis_final/skane_only/combined/results/structure/admixture/rep003/K4/run02
rep003	4	run03	0.35676	-8068630.885481	/cfs/klemming/home/t/tabeadi/tabea_work/08_population_analysis_final/skane_only/combined/results/structure/admixture/rep003/K4/run03/data.4.Q	/cfs/klemming/home/t/tabeadi/tabea_work/08_population_analysis_final/skane_only/combined/results/structure/admixture/rep003/K4/run03
rep003	4	run04	0.35677	-8068630.885336	/cfs/klemming/home/t/tabeadi/tabea_work/08_population_analysis_final/skane_only/combined/results/structure/admixture/rep003/K4/run04/data.4.Q	/cfs/klemming/home/t/tabeadi/tabea_work/08_population_analysis_final/skane_only/combined/results/structure/admixture/rep003/K4/run04
rep003	4	run05	0.35669	-8068619.954133	/cfs/klemming/home/t/tabeadi/tabea_work/08_population_analysis_final/skane_only/combined/results/structure/admixture/rep003/K4/run05/data.4.Q	/cfs/klemming/home/t/tabeadi/tabea_work/08_population_analysis_final/skane_only/combined/results/structure/admixture/rep003/K4/run05
rep003	4	run06	0.35677	-8068630.881058	/cfs/klemming/home/t/tabeadi/tabea_work/08_population_analysis_final/skane_only/combined/results/structure/admixture/rep003/K4/run06/data.4.Q	/cfs/klemming/home/t/tabeadi/tabea_work/08_population_analysis_final/skane_only/combined/results/structure/admixture/rep003/K4/run06
rep003	4	run07	0.35676	-8068619.961619	/cfs/klemming/home/t/tabeadi/tabea_work/08_population_analysis_final/skane_only/combined/results/structure/admixture/rep003/K4/run07/data.4.Q	/cfs/klemming/home/t/tabeadi/tabea_work/08_population_analysis_final/skane_only/combined/results/structure/admixture/rep003/K4/run07
rep003	4	run08	0.35671	-8068619.966918	/cfs/klemming/home/t/tabeadi/tabea_work/08_population_analysis_final/skane_only/combined/results/structure/admixture/rep003/K4/run08/data.4.Q	/cfs/klemming/home/t/tabeadi/tabea_work/08_population_analysis_final/skane_only/combined/results/structure/admixture/rep003/K4/run08
rep003	4	run09	0.35669	-8068630.885372	/cfs/klemming/home/t/tabeadi/tabea_work/08_population_analysis_final/skane_only/combined/results/structure/admixture/rep003/K4/run09/data.4.Q	/cfs/klemming/home/t/tabeadi/tabea_work/08_population_analysis_final/skane_only/combined/results/structure/admixture/rep003/K4/run09
rep003	4	run10	0.35674	-8068619.95865	/cfs/klemming/home/t/tabeadi/tabea_work/08_population_analysis_final/skane_only/combined/results/structure/admixture/rep003/K4/run10/data.4.Q	/cfs/klemming/home/t/tabeadi/tabea_work/08_population_analysis_final/skane_only/combined/results/structure/admixture/rep003/K4/run10
rep003	4	run11	0.35671	-8068630.882992	/cfs/klemming/home/t/tabeadi/tabea_work/08_population_analysis_final/skane_only/combined/results/structure/admixture/rep003/K4/run11/data.4.Q	/cfs/klemming/home/t/tabeadi/tabea_work/08_population_analysis_final/skane_only/combined/results/structure/admixture/rep003/K4/run11
rep003	4	run12	0.35677	-8068630.880996	/cfs/klemming/home/t/tabeadi/tabea_work/08_population_analysis_final/skane_only/combined/results/structure/admixture/rep003/K4/run12/data.4.Q	/cfs/klemming/home/t/tabeadi/tabea_work/08_population_analysis_final/skane_only/combined/results/structure/admixture/rep003/K4/run12
rep003	4	run13	0.35669	-8068619.96979	/cfs/klemming/home/t/tabeadi/tabea_work/08_population_analysis_final/skane_only/combined/results/structure/admixture/rep003/K4/run13/data.4.Q	/cfs/klemming/home/t/tabeadi/tabea_work/08_population_analysis_final/skane_only/combined/results/structure/admixture/rep003/K4/run13
rep003	4	run14	0.35673	-8068619.958994	/cfs/klemming/home/t/tabeadi/tabea_work/08_population_analysis_final/skane_only/combined/results/structure/admixture/rep003/K4/run14/data.4.Q	/cfs/klemming/home/t/tabeadi/tabea_work/08_population_analysis_final/skane_only/combined/results/structure/admixture/rep003/K4/run14
rep003	4	run15	0.35676	-8068796.255701	/cfs/klemming/home/t/tabeadi/tabea_work/08_population_analysis_final/skane_only/combined/results/structure/admixture/rep003/K4/run15/data.4.Q	/cfs/klemming/home/t/tabeadi/tabea_work/08_population_analysis_final/skane_only/combined/results/structure/admixture/rep003/K4/run15
rep003	4	run16	0.35671	-8068619.955593	/cfs/klemming/home/t/tabeadi/tabea_work/08_population_analysis_final/skane_only/combined/results/structure/admixture/rep003/K4/run16/data.4.Q	/cfs/klemming/home/t/tabeadi/tabea_work/08_population_analysis_final/skane_only/combined/results/structure/admixture/rep003/K4/run16
rep003	4	run17	0.35679	-8068630.906931	/cfs/klemming/home/t/tabeadi/tabea_work/08_population_analysis_final/skane_only/combined/results/structure/admixture/rep003/K4/run17/data.4.Q	/cfs/klemming/home/t/tabeadi/tabea_work/08_population_analysis_final/skane_only/combined/results/structure/admixture/rep003/K4/run17
rep003	4	run18	0.35676	-8068619.974821	/cfs/klemming/home/t/tabeadi/tabea_work/08_population_analysis_final/skane_only/combined/results/structure/admixture/rep003/K4/run18/data.4.Q	/cfs/klemming/home/t/tabeadi/tabea_work/08_population_analysis_final/skane_only/combined/results/structure/admixture/rep003/K4/run18
rep003	4	run19	0.35668	-8068619.95356	/cfs/klemming/home/t/tabeadi/tabea_work/08_population_analysis_final/skane_only/combined/results/structure/admixture/rep003/K4/run19/data.4.Q	/cfs/klemming/home/t/tabeadi/tabea_work/08_population_analysis_final/skane_only/combined/results/structure/admixture/rep003/K4/run19
rep003	4	run20	0.35672	-8068630.877717	/cfs/klemming/home/t/tabeadi/tabea_work/08_population_analysis_final/skane_only/combined/results/structure/admixture/rep003/K4/run20/data.4.Q	/cfs/klemming/home/t/tabeadi/tabea_work/08_population_analysis_final/skane_only/combined/results/structure/admixture/rep003/K4/run20
rep003	5	run01	0.35626	-8050592.822203	/cfs/klemming/home/t/tabeadi/tabea_work/08_population_analysis_final/skane_only/combined/results/structure/admixture/rep003/K5/run01/data.5.Q	/cfs/klemming/home/t/tabeadi/tabea_work/08_population_analysis_final/skane_only/combined/results/structure/admixture/rep003/K5/run01
rep003	5	run02	0.35632	-8050871.612537	/cfs/klemming/home/t/tabeadi/tabea_work/08_population_analysis_final/skane_only/combined/results/structure/admixture/rep003/K5/run02/data.5.Q	/cfs/klemming/home/t/tabeadi/tabea_work/08_population_analysis_final/skane_only/combined/results/structure/admixture/rep003/K5/run02
rep003	5	run03	0.35628	-8050871.62074	/cfs/klemming/home/t/tabeadi/tabea_work/08_population_analysis_final/skane_only/combined/results/structure/admixture/rep003/K5/run03/data.5.Q	/cfs/klemming/home/t/tabeadi/tabea_work/08_population_analysis_final/skane_only/combined/results/structure/admixture/rep003/K5/run03
rep003	5	run04	0.35624	-8050592.850809	/cfs/klemming/home/t/tabeadi/tabea_work/08_population_analysis_final/skane_only/combined/results/structure/admixture/rep003/K5/run04/data.5.Q	/cfs/klemming/home/t/tabeadi/tabea_work/08_population_analysis_final/skane_only/combined/results/structure/admixture/rep003/K5/run04
rep003	5	run05	0.35619	-8050592.809366	/cfs/klemming/home/t/tabeadi/tabea_work/08_population_analysis_final/skane_only/combined/results/structure/admixture/rep003/K5/run05/data.5.Q	/cfs/klemming/home/t/tabeadi/tabea_work/08_population_analysis_final/skane_only/combined/results/structure/admixture/rep003/K5/run05
rep003	5	run06	0.35629	-8050871.622808	/cfs/klemming/home/t/tabeadi/tabea_work/08_population_analysis_final/skane_only/combined/results/structure/admixture/rep003/K5/run06/data.5.Q	/cfs/klemming/home/t/tabeadi/tabea_work/08_population_analysis_final/skane_only/combined/results/structure/admixture/rep003/K5/run06
rep003	5	run07	0.35627	-8050871.61349	/cfs/klemming/home/t/tabeadi/tabea_work/08_population_analysis_final/skane_only/combined/results/structure/admixture/rep003/K5/run07/data.5.Q	/cfs/klemming/home/t/tabeadi/tabea_work/08_population_analysis_final/skane_only/combined/results/structure/admixture/rep003/K5/run07
rep003	5	run08	0.35635	-8050871.626089	/cfs/klemming/home/t/tabeadi/tabea_work/08_population_analysis_final/skane_only/combined/results/structure/admixture/rep003/K5/run08/data.5.Q	/cfs/klemming/home/t/tabeadi/tabea_work/08_population_analysis_final/skane_only/combined/results/structure/admixture/rep003/K5/run08
rep003	5	run09	0.35628	-8050592.813457	/cfs/klemming/home/t/tabeadi/tabea_work/08_population_analysis_final/skane_only/combined/results/structure/admixture/rep003/K5/run09/data.5.Q	/cfs/klemming/home/t/tabeadi/tabea_work/08_population_analysis_final/skane_only/combined/results/structure/admixture/rep003/K5/run09
rep003	5	run10	0.35627	-8050592.851156	/cfs/klemming/home/t/tabeadi/tabea_work/08_population_analysis_final/skane_only/combined/results/structure/admixture/rep003/K5/run10/data.5.Q	/cfs/klemming/home/t/tabeadi/tabea_work/08_population_analysis_final/skane_only/combined/results/structure/admixture/rep003/K5/run10
rep003	5	run11	0.35618	-8050592.814181	/cfs/klemming/home/t/tabeadi/tabea_work/08_population_analysis_final/skane_only/combined/results/structure/admixture/rep003/K5/run11/data.5.Q	/cfs/klemming/home/t/tabeadi/tabea_work/08_population_analysis_final/skane_only/combined/results/structure/admixture/rep003/K5/run11
rep003	5	run12	0.35622	-8050592.822774	/cfs/klemming/home/t/tabeadi/tabea_work/08_population_analysis_final/skane_only/combined/results/structure/admixture/rep003/K5/run12/data.5.Q	/cfs/klemming/home/t/tabeadi/tabea_work/08_population_analysis_final/skane_only/combined/results/structure/admixture/rep003/K5/run12
rep003	5	run13	0.35621	-8050592.84426	/cfs/klemming/home/t/tabeadi/tabea_work/08_population_analysis_final/skane_only/combined/results/structure/admixture/rep003/K5/run13/data.5.Q	/cfs/klemming/home/t/tabeadi/tabea_work/08_population_analysis_final/skane_only/combined/results/structure/admixture/rep003/K5/run13
rep003	5	run14	0.35629	-8050871.629347	/cfs/klemming/home/t/tabeadi/tabea_work/08_population_analysis_final/skane_only/combined/results/structure/admixture/rep003/K5/run14/data.5.Q	/cfs/klemming/home/t/tabeadi/tabea_work/08_population_analysis_final/skane_only/combined/results/structure/admixture/rep003/K5/run14
rep003	5	run15	0.35629	-8050592.810506	/cfs/klemming/home/t/tabeadi/tabea_work/08_population_analysis_final/skane_only/combined/results/structure/admixture/rep003/K5/run15/data.5.Q	/cfs/klemming/home/t/tabeadi/tabea_work/08_population_analysis_final/skane_only/combined/results/structure/admixture/rep003/K5/run15
rep003	5	run16	0.35622	-8050592.804899	/cfs/klemming/home/t/tabeadi/tabea_work/08_population_analysis_final/skane_only/combined/results/structure/admixture/rep003/K5/run16/data.5.Q	/cfs/klemming/home/t/tabeadi/tabea_work/08_population_analysis_final/skane_only/combined/results/structure/admixture/rep003/K5/run16
rep003	5	run17	0.35613	-8050592.811258	/cfs/klemming/home/t/tabeadi/tabea_work/08_population_analysis_final/skane_only/combined/results/structure/admixture/rep003/K5/run17/data.5.Q	/cfs/klemming/home/t/tabeadi/tabea_work/08_population_analysis_final/skane_only/combined/results/structure/admixture/rep003/K5/run17
rep003	5	run18	0.35631	-8050592.815537	/cfs/klemming/home/t/tabeadi/tabea_work/08_population_analysis_final/skane_only/combined/results/structure/admixture/rep003/K5/run18/data.5.Q	/cfs/klemming/home/t/tabeadi/tabea_work/08_population_analysis_final/skane_only/combined/results/structure/admixture/rep003/K5/run18
rep003	5	run19	0.35626	-8050592.874202	/cfs/klemming/home/t/tabeadi/tabea_work/08_population_analysis_final/skane_only/combined/results/structure/admixture/rep003/K5/run19/data.5.Q	/cfs/klemming/home/t/tabeadi/tabea_work/08_population_analysis_final/skane_only/combined/results/structure/admixture/rep003/K5/run19
rep003	5	run20	0.35627	-8050592.814695	/cfs/klemming/home/t/tabeadi/tabea_work/08_population_analysis_final/skane_only/combined/results/structure/admixture/rep003/K5/run20/data.5.Q	/cfs/klemming/home/t/tabeadi/tabea_work/08_population_analysis_final/skane_only/combined/results/structure/admixture/rep003/K5/run20
rep003	6	run01	0.35577	-8033276.266195	/cfs/klemming/home/t/tabeadi/tabea_work/08_population_analysis_final/skane_only/combined/results/structure/admixture/rep003/K6/run01/data.6.Q	/cfs/klemming/home/t/tabeadi/tabea_work/08_population_analysis_final/skane_only/combined/results/structure/admixture/rep003/K6/run01
rep003	6	run02	0.35571	-8033276.266056	/cfs/klemming/home/t/tabeadi/tabea_work/08_population_analysis_final/skane_only/combined/results/structure/admixture/rep003/K6/run02/data.6.Q	/cfs/klemming/home/t/tabeadi/tabea_work/08_population_analysis_final/skane_only/combined/results/structure/admixture/rep003/K6/run02
rep003	6	run03	0.35565	-8033276.27772	/cfs/klemming/home/t/tabeadi/tabea_work/08_population_analysis_final/skane_only/combined/results/structure/admixture/rep003/K6/run03/data.6.Q	/cfs/klemming/home/t/tabeadi/tabea_work/08_population_analysis_final/skane_only/combined/results/structure/admixture/rep003/K6/run03
rep003	6	run04	0.35568	-8033276.26225	/cfs/klemming/home/t/tabeadi/tabea_work/08_population_analysis_final/skane_only/combined/results/structure/admixture/rep003/K6/run04/data.6.Q	/cfs/klemming/home/t/tabeadi/tabea_work/08_population_analysis_final/skane_only/combined/results/structure/admixture/rep003/K6/run04
rep003	6	run05	0.35572	-8033276.311978	/cfs/klemming/home/t/tabeadi/tabea_work/08_population_analysis_final/skane_only/combined/results/structure/admixture/rep003/K6/run05/data.6.Q	/cfs/klemming/home/t/tabeadi/tabea_work/08_population_analysis_final/skane_only/combined/results/structure/admixture/rep003/K6/run05
rep003	6	run06	0.35567	-8033276.259451	/cfs/klemming/home/t/tabeadi/tabea_work/08_population_analysis_final/skane_only/combined/results/structure/admixture/rep003/K6/run06/data.6.Q	/cfs/klemming/home/t/tabeadi/tabea_work/08_population_analysis_final/skane_only/combined/results/structure/admixture/rep003/K6/run06
rep003	6	run07	0.35572	-8033276.287914	/cfs/klemming/home/t/tabeadi/tabea_work/08_population_analysis_final/skane_only/combined/results/structure/admixture/rep003/K6/run07/data.6.Q	/cfs/klemming/home/t/tabeadi/tabea_work/08_population_analysis_final/skane_only/combined/results/structure/admixture/rep003/K6/run07
rep003	6	run08	0.35567	-8033276.291372	/cfs/klemming/home/t/tabeadi/tabea_work/08_population_analysis_final/skane_only/combined/results/structure/admixture/rep003/K6/run08/data.6.Q	/cfs/klemming/home/t/tabeadi/tabea_work/08_population_analysis_final/skane_only/combined/results/structure/admixture/rep003/K6/run08
rep003	6	run09	0.35573	-8033276.267497	/cfs/klemming/home/t/tabeadi/tabea_work/08_population_analysis_final/skane_only/combined/results/structure/admixture/rep003/K6/run09/data.6.Q	/cfs/klemming/home/t/tabeadi/tabea_work/08_population_analysis_final/skane_only/combined/results/structure/admixture/rep003/K6/run09
rep003	6	run10	0.35575	-8033276.277311	/cfs/klemming/home/t/tabeadi/tabea_work/08_population_analysis_final/skane_only/combined/results/structure/admixture/rep003/K6/run10/data.6.Q	/cfs/klemming/home/t/tabeadi/tabea_work/08_population_analysis_final/skane_only/combined/results/structure/admixture/rep003/K6/run10
rep003	6	run11	0.35564	-8033276.25455	/cfs/klemming/home/t/tabeadi/tabea_work/08_population_analysis_final/skane_only/combined/results/structure/admixture/rep003/K6/run11/data.6.Q	/cfs/klemming/home/t/tabeadi/tabea_work/08_population_analysis_final/skane_only/combined/results/structure/admixture/rep003/K6/run11
rep003	6	run12	0.35584	-8033276.2697	/cfs/klemming/home/t/tabeadi/tabea_work/08_population_analysis_final/skane_only/combined/results/structure/admixture/rep003/K6/run12/data.6.Q	/cfs/klemming/home/t/tabeadi/tabea_work/08_population_analysis_final/skane_only/combined/results/structure/admixture/rep003/K6/run12
rep003	6	run13	0.3558	-8033276.255261	/cfs/klemming/home/t/tabeadi/tabea_work/08_population_analysis_final/skane_only/combined/results/structure/admixture/rep003/K6/run13/data.6.Q	/cfs/klemming/home/t/tabeadi/tabea_work/08_population_analysis_final/skane_only/combined/results/structure/admixture/rep003/K6/run13
rep003	6	run14	0.35575	-8033276.251693	/cfs/klemming/home/t/tabeadi/tabea_work/08_population_analysis_final/skane_only/combined/results/structure/admixture/rep003/K6/run14/data.6.Q	/cfs/klemming/home/t/tabeadi/tabea_work/08_population_analysis_final/skane_only/combined/results/structure/admixture/rep003/K6/run14
rep003	6	run15	0.35582	-8033276.267583	/cfs/klemming/home/t/tabeadi/tabea_work/08_population_analysis_final/skane_only/combined/results/structure/admixture/rep003/K6/run15/data.6.Q	/cfs/klemming/home/t/tabeadi/tabea_work/08_population_analysis_final/skane_only/combined/results/structure/admixture/rep003/K6/run15
rep003	6	run16	0.35571	-8033276.253838	/cfs/klemming/home/t/tabeadi/tabea_work/08_population_analysis_final/skane_only/combined/results/structure/admixture/rep003/K6/run16/data.6.Q	/cfs/klemming/home/t/tabeadi/tabea_work/08_population_analysis_final/skane_only/combined/results/structure/admixture/rep003/K6/run16
rep003	6	run17	0.3559	-8034754.788679	/cfs/klemming/home/t/tabeadi/tabea_work/08_population_analysis_final/skane_only/combined/results/structure/admixture/rep003/K6/run17/data.6.Q	/cfs/klemming/home/t/tabeadi/tabea_work/08_population_analysis_final/skane_only/combined/results/structure/admixture/rep003/K6/run17
rep003	6	run18	0.3557	-8033276.284651	/cfs/klemming/home/t/tabeadi/tabea_work/08_population_analysis_final/skane_only/combined/results/structure/admixture/rep003/K6/run18/data.6.Q	/cfs/klemming/home/t/tabeadi/tabea_work/08_population_analysis_final/skane_only/combined/results/structure/admixture/rep003/K6/run18
rep003	6	run19	0.35578	-8033276.341085	/cfs/klemming/home/t/tabeadi/tabea_work/08_population_analysis_final/skane_only/combined/results/structure/admixture/rep003/K6/run19/data.6.Q	/cfs/klemming/home/t/tabeadi/tabea_work/08_population_analysis_final/skane_only/combined/results/structure/admixture/rep003/K6/run19
rep003	6	run20	0.35572	-8033276.268903	/cfs/klemming/home/t/tabeadi/tabea_work/08_population_analysis_final/skane_only/combined/results/structure/admixture/rep003/K6/run20/data.6.Q	/cfs/klemming/home/t/tabeadi/tabea_work/08_population_analysis_final/skane_only/combined/results/structure/admixture/rep003/K6/run20
rep003	7	run01	0.35541	-8018381.867652	/cfs/klemming/home/t/tabeadi/tabea_work/08_population_analysis_final/skane_only/combined/results/structure/admixture/rep003/K7/run01/data.7.Q	/cfs/klemming/home/t/tabeadi/tabea_work/08_population_analysis_final/skane_only/combined/results/structure/admixture/rep003/K7/run01
rep003	7	run02	0.35546	-8018029.558027	/cfs/klemming/home/t/tabeadi/tabea_work/08_population_analysis_final/skane_only/combined/results/structure/admixture/rep003/K7/run02/data.7.Q	/cfs/klemming/home/t/tabeadi/tabea_work/08_population_analysis_final/skane_only/combined/results/structure/admixture/rep003/K7/run02
rep003	7	run03	0.35539	-8017997.897208	/cfs/klemming/home/t/tabeadi/tabea_work/08_population_analysis_final/skane_only/combined/results/structure/admixture/rep003/K7/run03/data.7.Q	/cfs/klemming/home/t/tabeadi/tabea_work/08_population_analysis_final/skane_only/combined/results/structure/admixture/rep003/K7/run03
rep003	7	run04	0.3555	-8018029.572234	/cfs/klemming/home/t/tabeadi/tabea_work/08_population_analysis_final/skane_only/combined/results/structure/admixture/rep003/K7/run04/data.7.Q	/cfs/klemming/home/t/tabeadi/tabea_work/08_population_analysis_final/skane_only/combined/results/structure/admixture/rep003/K7/run04
rep003	7	run05	0.35543	-8018029.565124	/cfs/klemming/home/t/tabeadi/tabea_work/08_population_analysis_final/skane_only/combined/results/structure/admixture/rep003/K7/run05/data.7.Q	/cfs/klemming/home/t/tabeadi/tabea_work/08_population_analysis_final/skane_only/combined/results/structure/admixture/rep003/K7/run05
rep003	7	run06	0.35543	-8018029.535502	/cfs/klemming/home/t/tabeadi/tabea_work/08_population_analysis_final/skane_only/combined/results/structure/admixture/rep003/K7/run06/data.7.Q	/cfs/klemming/home/t/tabeadi/tabea_work/08_population_analysis_final/skane_only/combined/results/structure/admixture/rep003/K7/run06
rep003	7	run07	0.35551	-8018029.532467	/cfs/klemming/home/t/tabeadi/tabea_work/08_population_analysis_final/skane_only/combined/results/structure/admixture/rep003/K7/run07/data.7.Q	/cfs/klemming/home/t/tabeadi/tabea_work/08_population_analysis_final/skane_only/combined/results/structure/admixture/rep003/K7/run07
rep003	7	run08	0.35542	-8018029.574357	/cfs/klemming/home/t/tabeadi/tabea_work/08_population_analysis_final/skane_only/combined/results/structure/admixture/rep003/K7/run08/data.7.Q	/cfs/klemming/home/t/tabeadi/tabea_work/08_population_analysis_final/skane_only/combined/results/structure/admixture/rep003/K7/run08
rep003	7	run09	0.35536	-8017998.077162	/cfs/klemming/home/t/tabeadi/tabea_work/08_population_analysis_final/skane_only/combined/results/structure/admixture/rep003/K7/run09/data.7.Q	/cfs/klemming/home/t/tabeadi/tabea_work/08_population_analysis_final/skane_only/combined/results/structure/admixture/rep003/K7/run09
rep003	7	run10	0.35552	-8018029.736977	/cfs/klemming/home/t/tabeadi/tabea_work/08_population_analysis_final/skane_only/combined/results/structure/admixture/rep003/K7/run10/data.7.Q	/cfs/klemming/home/t/tabeadi/tabea_work/08_population_analysis_final/skane_only/combined/results/structure/admixture/rep003/K7/run10
rep003	7	run11	0.35542	-8017998.06355	/cfs/klemming/home/t/tabeadi/tabea_work/08_population_analysis_final/skane_only/combined/results/structure/admixture/rep003/K7/run11/data.7.Q	/cfs/klemming/home/t/tabeadi/tabea_work/08_population_analysis_final/skane_only/combined/results/structure/admixture/rep003/K7/run11
rep003	7	run12	0.35535	-8017997.867532	/cfs/klemming/home/t/tabeadi/tabea_work/08_population_analysis_final/skane_only/combined/results/structure/admixture/rep003/K7/run12/data.7.Q	/cfs/klemming/home/t/tabeadi/tabea_work/08_population_analysis_final/skane_only/combined/results/structure/admixture/rep003/K7/run12
rep003	7	run13	0.35546	-8018381.911866	/cfs/klemming/home/t/tabeadi/tabea_work/08_population_analysis_final/skane_only/combined/results/structure/admixture/rep003/K7/run13/data.7.Q	/cfs/klemming/home/t/tabeadi/tabea_work/08_population_analysis_final/skane_only/combined/results/structure/admixture/rep003/K7/run13
rep003	7	run14	0.35542	-8018029.547985	/cfs/klemming/home/t/tabeadi/tabea_work/08_population_analysis_final/skane_only/combined/results/structure/admixture/rep003/K7/run14/data.7.Q	/cfs/klemming/home/t/tabeadi/tabea_work/08_population_analysis_final/skane_only/combined/results/structure/admixture/rep003/K7/run14
rep003	7	run15	0.35542	-8017997.967987	/cfs/klemming/home/t/tabeadi/tabea_work/08_population_analysis_final/skane_only/combined/results/structure/admixture/rep003/K7/run15/data.7.Q	/cfs/klemming/home/t/tabeadi/tabea_work/08_population_analysis_final/skane_only/combined/results/structure/admixture/rep003/K7/run15
rep003	7	run16	0.35544	-8018029.577183	/cfs/klemming/home/t/tabeadi/tabea_work/08_population_analysis_final/skane_only/combined/results/structure/admixture/rep003/K7/run16/data.7.Q	/cfs/klemming/home/t/tabeadi/tabea_work/08_population_analysis_final/skane_only/combined/results/structure/admixture/rep003/K7/run16
rep003	7	run17	0.35553	-8018403.528623	/cfs/klemming/home/t/tabeadi/tabea_work/08_population_analysis_final/skane_only/combined/results/structure/admixture/rep003/K7/run17/data.7.Q	/cfs/klemming/home/t/tabeadi/tabea_work/08_population_analysis_final/skane_only/combined/results/structure/admixture/rep003/K7/run17
rep003	7	run18	0.35536	-8017997.908002	/cfs/klemming/home/t/tabeadi/tabea_work/08_population_analysis_final/skane_only/combined/results/structure/admixture/rep003/K7/run18/data.7.Q	/cfs/klemming/home/t/tabeadi/tabea_work/08_population_analysis_final/skane_only/combined/results/structure/admixture/rep003/K7/run18
rep003	7	run19	0.35548	-8018381.900238	/cfs/klemming/home/t/tabeadi/tabea_work/08_population_analysis_final/skane_only/combined/results/structure/admixture/rep003/K7/run19/data.7.Q	/cfs/klemming/home/t/tabeadi/tabea_work/08_population_analysis_final/skane_only/combined/results/structure/admixture/rep003/K7/run19
rep003	7	run20	0.35541	-8018029.701716	/cfs/klemming/home/t/tabeadi/tabea_work/08_population_analysis_final/skane_only/combined/results/structure/admixture/rep003/K7/run20/data.7.Q	/cfs/klemming/home/t/tabeadi/tabea_work/08_population_analysis_final/skane_only/combined/results/structure/admixture/rep003/K7/run20
rep003	8	run01	0.35507	-8003650.116182	/cfs/klemming/home/t/tabeadi/tabea_work/08_population_analysis_final/skane_only/combined/results/structure/admixture/rep003/K8/run01/data.8.Q	/cfs/klemming/home/t/tabeadi/tabea_work/08_population_analysis_final/skane_only/combined/results/structure/admixture/rep003/K8/run01
rep003	8	run02	0.35519	-8003449.34664	/cfs/klemming/home/t/tabeadi/tabea_work/08_population_analysis_final/skane_only/combined/results/structure/admixture/rep003/K8/run02/data.8.Q	/cfs/klemming/home/t/tabeadi/tabea_work/08_population_analysis_final/skane_only/combined/results/structure/admixture/rep003/K8/run02
rep003	8	run03	0.3551	-8003500.99064	/cfs/klemming/home/t/tabeadi/tabea_work/08_population_analysis_final/skane_only/combined/results/structure/admixture/rep003/K8/run03/data.8.Q	/cfs/klemming/home/t/tabeadi/tabea_work/08_population_analysis_final/skane_only/combined/results/structure/admixture/rep003/K8/run03
rep003	8	run04	0.35504	-8003449.271391	/cfs/klemming/home/t/tabeadi/tabea_work/08_population_analysis_final/skane_only/combined/results/structure/admixture/rep003/K8/run04/data.8.Q	/cfs/klemming/home/t/tabeadi/tabea_work/08_population_analysis_final/skane_only/combined/results/structure/admixture/rep003/K8/run04
rep003	8	run05	0.35524	-8003500.868686	/cfs/klemming/home/t/tabeadi/tabea_work/08_population_analysis_final/skane_only/combined/results/structure/admixture/rep003/K8/run05/data.8.Q	/cfs/klemming/home/t/tabeadi/tabea_work/08_population_analysis_final/skane_only/combined/results/structure/admixture/rep003/K8/run05
rep003	8	run06	0.3551	-8003449.325942	/cfs/klemming/home/t/tabeadi/tabea_work/08_population_analysis_final/skane_only/combined/results/structure/admixture/rep003/K8/run06/data.8.Q	/cfs/klemming/home/t/tabeadi/tabea_work/08_population_analysis_final/skane_only/combined/results/structure/admixture/rep003/K8/run06
rep003	8	run07	0.3552	-8003501.124857	/cfs/klemming/home/t/tabeadi/tabea_work/08_population_analysis_final/skane_only/combined/results/structure/admixture/rep003/K8/run07/data.8.Q	/cfs/klemming/home/t/tabeadi/tabea_work/08_population_analysis_final/skane_only/combined/results/structure/admixture/rep003/K8/run07
rep003	8	run08	0.35518	-8003201.35887	/cfs/klemming/home/t/tabeadi/tabea_work/08_population_analysis_final/skane_only/combined/results/structure/admixture/rep003/K8/run08/data.8.Q	/cfs/klemming/home/t/tabeadi/tabea_work/08_population_analysis_final/skane_only/combined/results/structure/admixture/rep003/K8/run08
rep003	8	run09	0.35504	-8003201.395414	/cfs/klemming/home/t/tabeadi/tabea_work/08_population_analysis_final/skane_only/combined/results/structure/admixture/rep003/K8/run09/data.8.Q	/cfs/klemming/home/t/tabeadi/tabea_work/08_population_analysis_final/skane_only/combined/results/structure/admixture/rep003/K8/run09
rep003	8	run10	0.35505	-8003449.323219	/cfs/klemming/home/t/tabeadi/tabea_work/08_population_analysis_final/skane_only/combined/results/structure/admixture/rep003/K8/run10/data.8.Q	/cfs/klemming/home/t/tabeadi/tabea_work/08_population_analysis_final/skane_only/combined/results/structure/admixture/rep003/K8/run10
rep003	8	run11	0.35503	-8003201.143577	/cfs/klemming/home/t/tabeadi/tabea_work/08_population_analysis_final/skane_only/combined/results/structure/admixture/rep003/K8/run11/data.8.Q	/cfs/klemming/home/t/tabeadi/tabea_work/08_population_analysis_final/skane_only/combined/results/structure/admixture/rep003/K8/run11
rep003	8	run12	0.35511	-8003687.199191	/cfs/klemming/home/t/tabeadi/tabea_work/08_population_analysis_final/skane_only/combined/results/structure/admixture/rep003/K8/run12/data.8.Q	/cfs/klemming/home/t/tabeadi/tabea_work/08_population_analysis_final/skane_only/combined/results/structure/admixture/rep003/K8/run12
rep003	8	run13	0.35508	-8003879.492046	/cfs/klemming/home/t/tabeadi/tabea_work/08_population_analysis_final/skane_only/combined/results/structure/admixture/rep003/K8/run13/data.8.Q	/cfs/klemming/home/t/tabeadi/tabea_work/08_population_analysis_final/skane_only/combined/results/structure/admixture/rep003/K8/run13
rep003	8	run14	0.35513	-8003449.313998	/cfs/klemming/home/t/tabeadi/tabea_work/08_population_analysis_final/skane_only/combined/results/structure/admixture/rep003/K8/run14/data.8.Q	/cfs/klemming/home/t/tabeadi/tabea_work/08_population_analysis_final/skane_only/combined/results/structure/admixture/rep003/K8/run14
rep003	8	run15	0.35512	-8004191.284505	/cfs/klemming/home/t/tabeadi/tabea_work/08_population_analysis_final/skane_only/combined/results/structure/admixture/rep003/K8/run15/data.8.Q	/cfs/klemming/home/t/tabeadi/tabea_work/08_population_analysis_final/skane_only/combined/results/structure/admixture/rep003/K8/run15
rep003	8	run16	0.35504	-8003650.130271	/cfs/klemming/home/t/tabeadi/tabea_work/08_population_analysis_final/skane_only/combined/results/structure/admixture/rep003/K8/run16/data.8.Q	/cfs/klemming/home/t/tabeadi/tabea_work/08_population_analysis_final/skane_only/combined/results/structure/admixture/rep003/K8/run16
rep003	8	run17	0.35511	-8003449.349743	/cfs/klemming/home/t/tabeadi/tabea_work/08_population_analysis_final/skane_only/combined/results/structure/admixture/rep003/K8/run17/data.8.Q	/cfs/klemming/home/t/tabeadi/tabea_work/08_population_analysis_final/skane_only/combined/results/structure/admixture/rep003/K8/run17
rep003	8	run18	0.3551	-8003879.350645	/cfs/klemming/home/t/tabeadi/tabea_work/08_population_analysis_final/skane_only/combined/results/structure/admixture/rep003/K8/run18/data.8.Q	/cfs/klemming/home/t/tabeadi/tabea_work/08_population_analysis_final/skane_only/combined/results/structure/admixture/rep003/K8/run18
rep003	8	run19	0.355	-8003201.147478	/cfs/klemming/home/t/tabeadi/tabea_work/08_population_analysis_final/skane_only/combined/results/structure/admixture/rep003/K8/run19/data.8.Q	/cfs/klemming/home/t/tabeadi/tabea_work/08_population_analysis_final/skane_only/combined/results/structure/admixture/rep003/K8/run19
rep003	8	run20	0.3551	-8003500.882071	/cfs/klemming/home/t/tabeadi/tabea_work/08_population_analysis_final/skane_only/combined/results/structure/admixture/rep003/K8/run20/data.8.Q	/cfs/klemming/home/t/tabeadi/tabea_work/08_population_analysis_final/skane_only/combined/results/structure/admixture/rep003/K8/run20
rep004	1	run01	0.36115	-8117091.778399	/cfs/klemming/home/t/tabeadi/tabea_work/08_population_analysis_final/skane_only/combined/results/structure/admixture/rep004/K1/run01/data.1.Q	/cfs/klemming/home/t/tabeadi/tabea_work/08_population_analysis_final/skane_only/combined/results/structure/admixture/rep004/K1/run01
rep004	1	run02	0.36116	-8117091.778399	/cfs/klemming/home/t/tabeadi/tabea_work/08_population_analysis_final/skane_only/combined/results/structure/admixture/rep004/K1/run02/data.1.Q	/cfs/klemming/home/t/tabeadi/tabea_work/08_population_analysis_final/skane_only/combined/results/structure/admixture/rep004/K1/run02
rep004	1	run03	0.36116	-8117091.778399	/cfs/klemming/home/t/tabeadi/tabea_work/08_population_analysis_final/skane_only/combined/results/structure/admixture/rep004/K1/run03/data.1.Q	/cfs/klemming/home/t/tabeadi/tabea_work/08_population_analysis_final/skane_only/combined/results/structure/admixture/rep004/K1/run03
rep004	1	run04	0.36115	-8117091.778399	/cfs/klemming/home/t/tabeadi/tabea_work/08_population_analysis_final/skane_only/combined/results/structure/admixture/rep004/K1/run04/data.1.Q	/cfs/klemming/home/t/tabeadi/tabea_work/08_population_analysis_final/skane_only/combined/results/structure/admixture/rep004/K1/run04
rep004	1	run05	0.36116	-8117091.778399	/cfs/klemming/home/t/tabeadi/tabea_work/08_population_analysis_final/skane_only/combined/results/structure/admixture/rep004/K1/run05/data.1.Q	/cfs/klemming/home/t/tabeadi/tabea_work/08_population_analysis_final/skane_only/combined/results/structure/admixture/rep004/K1/run05
rep004	1	run06	0.36116	-8117091.778399	/cfs/klemming/home/t/tabeadi/tabea_work/08_population_analysis_final/skane_only/combined/results/structure/admixture/rep004/K1/run06/data.1.Q	/cfs/klemming/home/t/tabeadi/tabea_work/08_population_analysis_final/skane_only/combined/results/structure/admixture/rep004/K1/run06
rep004	1	run07	0.36114	-8117091.778399	/cfs/klemming/home/t/tabeadi/tabea_work/08_population_analysis_final/skane_only/combined/results/structure/admixture/rep004/K1/run07/data.1.Q	/cfs/klemming/home/t/tabeadi/tabea_work/08_population_analysis_final/skane_only/combined/results/structure/admixture/rep004/K1/run07
rep004	1	run08	0.36116	-8117091.778399	/cfs/klemming/home/t/tabeadi/tabea_work/08_population_analysis_final/skane_only/combined/results/structure/admixture/rep004/K1/run08/data.1.Q	/cfs/klemming/home/t/tabeadi/tabea_work/08_population_analysis_final/skane_only/combined/results/structure/admixture/rep004/K1/run08
rep004	1	run09	0.36115	-8117091.778399	/cfs/klemming/home/t/tabeadi/tabea_work/08_population_analysis_final/skane_only/combined/results/structure/admixture/rep004/K1/run09/data.1.Q	/cfs/klemming/home/t/tabeadi/tabea_work/08_population_analysis_final/skane_only/combined/results/structure/admixture/rep004/K1/run09
rep004	1	run10	0.36115	-8117091.778399	/cfs/klemming/home/t/tabeadi/tabea_work/08_population_analysis_final/skane_only/combined/results/structure/admixture/rep004/K1/run10/data.1.Q	/cfs/klemming/home/t/tabeadi/tabea_work/08_population_analysis_final/skane_only/combined/results/structure/admixture/rep004/K1/run10
rep004	1	run11	0.36115	-8117091.778399	/cfs/klemming/home/t/tabeadi/tabea_work/08_population_analysis_final/skane_only/combined/results/structure/admixture/rep004/K1/run11/data.1.Q	/cfs/klemming/home/t/tabeadi/tabea_work/08_population_analysis_final/skane_only/combined/results/structure/admixture/rep004/K1/run11
rep004	1	run12	0.36115	-8117091.778399	/cfs/klemming/home/t/tabeadi/tabea_work/08_population_analysis_final/skane_only/combined/results/structure/admixture/rep004/K1/run12/data.1.Q	/cfs/klemming/home/t/tabeadi/tabea_work/08_population_analysis_final/skane_only/combined/results/structure/admixture/rep004/K1/run12
rep004	1	run13	0.36115	-8117091.778399	/cfs/klemming/home/t/tabeadi/tabea_work/08_population_analysis_final/skane_only/combined/results/structure/admixture/rep004/K1/run13/data.1.Q	/cfs/klemming/home/t/tabeadi/tabea_work/08_population_analysis_final/skane_only/combined/results/structure/admixture/rep004/K1/run13
rep004	1	run14	0.36116	-8117091.778399	/cfs/klemming/home/t/tabeadi/tabea_work/08_population_analysis_final/skane_only/combined/results/structure/admixture/rep004/K1/run14/data.1.Q	/cfs/klemming/home/t/tabeadi/tabea_work/08_population_analysis_final/skane_only/combined/results/structure/admixture/rep004/K1/run14
rep004	1	run15	0.36115	-8117091.778399	/cfs/klemming/home/t/tabeadi/tabea_work/08_population_analysis_final/skane_only/combined/results/structure/admixture/rep004/K1/run15/data.1.Q	/cfs/klemming/home/t/tabeadi/tabea_work/08_population_analysis_final/skane_only/combined/results/structure/admixture/rep004/K1/run15
rep004	1	run16	0.36114	-8117091.778399	/cfs/klemming/home/t/tabeadi/tabea_work/08_population_analysis_final/skane_only/combined/results/structure/admixture/rep004/K1/run16/data.1.Q	/cfs/klemming/home/t/tabeadi/tabea_work/08_population_analysis_final/skane_only/combined/results/structure/admixture/rep004/K1/run16
rep004	1	run17	0.36116	-8117091.778399	/cfs/klemming/home/t/tabeadi/tabea_work/08_population_analysis_final/skane_only/combined/results/structure/admixture/rep004/K1/run17/data.1.Q	/cfs/klemming/home/t/tabeadi/tabea_work/08_population_analysis_final/skane_only/combined/results/structure/admixture/rep004/K1/run17
rep004	1	run18	0.36115	-8117091.778399	/cfs/klemming/home/t/tabeadi/tabea_work/08_population_analysis_final/skane_only/combined/results/structure/admixture/rep004/K1/run18/data.1.Q	/cfs/klemming/home/t/tabeadi/tabea_work/08_population_analysis_final/skane_only/combined/results/structure/admixture/rep004/K1/run18
rep004	1	run19	0.36115	-8117091.778399	/cfs/klemming/home/t/tabeadi/tabea_work/08_population_analysis_final/skane_only/combined/results/structure/admixture/rep004/K1/run19/data.1.Q	/cfs/klemming/home/t/tabeadi/tabea_work/08_population_analysis_final/skane_only/combined/results/structure/admixture/rep004/K1/run19
rep004	1	run20	0.36114	-8117091.778399	/cfs/klemming/home/t/tabeadi/tabea_work/08_population_analysis_final/skane_only/combined/results/structure/admixture/rep004/K1/run20/data.1.Q	/cfs/klemming/home/t/tabeadi/tabea_work/08_population_analysis_final/skane_only/combined/results/structure/admixture/rep004/K1/run20
rep004	2	run01	0.36001	-8089072.704117	/cfs/klemming/home/t/tabeadi/tabea_work/08_population_analysis_final/skane_only/combined/results/structure/admixture/rep004/K2/run01/data.2.Q	/cfs/klemming/home/t/tabeadi/tabea_work/08_population_analysis_final/skane_only/combined/results/structure/admixture/rep004/K2/run01
rep004	2	run02	0.36002	-8089072.704073	/cfs/klemming/home/t/tabeadi/tabea_work/08_population_analysis_final/skane_only/combined/results/structure/admixture/rep004/K2/run02/data.2.Q	/cfs/klemming/home/t/tabeadi/tabea_work/08_population_analysis_final/skane_only/combined/results/structure/admixture/rep004/K2/run02
rep004	2	run03	0.36004	-8089072.704083	/cfs/klemming/home/t/tabeadi/tabea_work/08_population_analysis_final/skane_only/combined/results/structure/admixture/rep004/K2/run03/data.2.Q	/cfs/klemming/home/t/tabeadi/tabea_work/08_population_analysis_final/skane_only/combined/results/structure/admixture/rep004/K2/run03
rep004	2	run04	0.36	-8089072.704072	/cfs/klemming/home/t/tabeadi/tabea_work/08_population_analysis_final/skane_only/combined/results/structure/admixture/rep004/K2/run04/data.2.Q	/cfs/klemming/home/t/tabeadi/tabea_work/08_population_analysis_final/skane_only/combined/results/structure/admixture/rep004/K2/run04
rep004	2	run05	0.36003	-8089072.704084	/cfs/klemming/home/t/tabeadi/tabea_work/08_population_analysis_final/skane_only/combined/results/structure/admixture/rep004/K2/run05/data.2.Q	/cfs/klemming/home/t/tabeadi/tabea_work/08_population_analysis_final/skane_only/combined/results/structure/admixture/rep004/K2/run05
rep004	2	run06	0.35997	-8089072.704073	/cfs/klemming/home/t/tabeadi/tabea_work/08_population_analysis_final/skane_only/combined/results/structure/admixture/rep004/K2/run06/data.2.Q	/cfs/klemming/home/t/tabeadi/tabea_work/08_population_analysis_final/skane_only/combined/results/structure/admixture/rep004/K2/run06
rep004	2	run07	0.36004	-8089072.704076	/cfs/klemming/home/t/tabeadi/tabea_work/08_population_analysis_final/skane_only/combined/results/structure/admixture/rep004/K2/run07/data.2.Q	/cfs/klemming/home/t/tabeadi/tabea_work/08_population_analysis_final/skane_only/combined/results/structure/admixture/rep004/K2/run07
rep004	2	run08	0.36001	-8089072.704071	/cfs/klemming/home/t/tabeadi/tabea_work/08_population_analysis_final/skane_only/combined/results/structure/admixture/rep004/K2/run08/data.2.Q	/cfs/klemming/home/t/tabeadi/tabea_work/08_population_analysis_final/skane_only/combined/results/structure/admixture/rep004/K2/run08
rep004	2	run09	0.36	-8089072.704091	/cfs/klemming/home/t/tabeadi/tabea_work/08_population_analysis_final/skane_only/combined/results/structure/admixture/rep004/K2/run09/data.2.Q	/cfs/klemming/home/t/tabeadi/tabea_work/08_population_analysis_final/skane_only/combined/results/structure/admixture/rep004/K2/run09
rep004	2	run10	0.36003	-8089072.704073	/cfs/klemming/home/t/tabeadi/tabea_work/08_population_analysis_final/skane_only/combined/results/structure/admixture/rep004/K2/run10/data.2.Q	/cfs/klemming/home/t/tabeadi/tabea_work/08_population_analysis_final/skane_only/combined/results/structure/admixture/rep004/K2/run10
rep004	2	run11	0.35999	-8089072.704075	/cfs/klemming/home/t/tabeadi/tabea_work/08_population_analysis_final/skane_only/combined/results/structure/admixture/rep004/K2/run11/data.2.Q	/cfs/klemming/home/t/tabeadi/tabea_work/08_population_analysis_final/skane_only/combined/results/structure/admixture/rep004/K2/run11
rep004	2	run12	0.36003	-8089072.704089	/cfs/klemming/home/t/tabeadi/tabea_work/08_population_analysis_final/skane_only/combined/results/structure/admixture/rep004/K2/run12/data.2.Q	/cfs/klemming/home/t/tabeadi/tabea_work/08_population_analysis_final/skane_only/combined/results/structure/admixture/rep004/K2/run12
rep004	2	run13	0.36	-8089072.704074	/cfs/klemming/home/t/tabeadi/tabea_work/08_population_analysis_final/skane_only/combined/results/structure/admixture/rep004/K2/run13/data.2.Q	/cfs/klemming/home/t/tabeadi/tabea_work/08_population_analysis_final/skane_only/combined/results/structure/admixture/rep004/K2/run13
rep004	2	run14	0.36002	-8089072.704097	/cfs/klemming/home/t/tabeadi/tabea_work/08_population_analysis_final/skane_only/combined/results/structure/admixture/rep004/K2/run14/data.2.Q	/cfs/klemming/home/t/tabeadi/tabea_work/08_population_analysis_final/skane_only/combined/results/structure/admixture/rep004/K2/run14
rep004	2	run15	0.36001	-8089072.704071	/cfs/klemming/home/t/tabeadi/tabea_work/08_population_analysis_final/skane_only/combined/results/structure/admixture/rep004/K2/run15/data.2.Q	/cfs/klemming/home/t/tabeadi/tabea_work/08_population_analysis_final/skane_only/combined/results/structure/admixture/rep004/K2/run15
rep004	2	run16	0.36001	-8089072.70408	/cfs/klemming/home/t/tabeadi/tabea_work/08_population_analysis_final/skane_only/combined/results/structure/admixture/rep004/K2/run16/data.2.Q	/cfs/klemming/home/t/tabeadi/tabea_work/08_population_analysis_final/skane_only/combined/results/structure/admixture/rep004/K2/run16
rep004	2	run17	0.36002	-8089072.704089	/cfs/klemming/home/t/tabeadi/tabea_work/08_population_analysis_final/skane_only/combined/results/structure/admixture/rep004/K2/run17/data.2.Q	/cfs/klemming/home/t/tabeadi/tabea_work/08_population_analysis_final/skane_only/combined/results/structure/admixture/rep004/K2/run17
rep004	2	run18	0.36001	-8089072.704071	/cfs/klemming/home/t/tabeadi/tabea_work/08_population_analysis_final/skane_only/combined/results/structure/admixture/rep004/K2/run18/data.2.Q	/cfs/klemming/home/t/tabeadi/tabea_work/08_population_analysis_final/skane_only/combined/results/structure/admixture/rep004/K2/run18
rep004	2	run19	0.36	-8089072.704084	/cfs/klemming/home/t/tabeadi/tabea_work/08_population_analysis_final/skane_only/combined/results/structure/admixture/rep004/K2/run19/data.2.Q	/cfs/klemming/home/t/tabeadi/tabea_work/08_population_analysis_final/skane_only/combined/results/structure/admixture/rep004/K2/run19
rep004	2	run20	0.36001	-8089072.704079	/cfs/klemming/home/t/tabeadi/tabea_work/08_population_analysis_final/skane_only/combined/results/structure/admixture/rep004/K2/run20/data.2.Q	/cfs/klemming/home/t/tabeadi/tabea_work/08_population_analysis_final/skane_only/combined/results/structure/admixture/rep004/K2/run20
rep004	3	run01	0.35936	-8067788.303255	/cfs/klemming/home/t/tabeadi/tabea_work/08_population_analysis_final/skane_only/combined/results/structure/admixture/rep004/K3/run01/data.3.Q	/cfs/klemming/home/t/tabeadi/tabea_work/08_population_analysis_final/skane_only/combined/results/structure/admixture/rep004/K3/run01
rep004	3	run02	0.35932	-8067788.302232	/cfs/klemming/home/t/tabeadi/tabea_work/08_population_analysis_final/skane_only/combined/results/structure/admixture/rep004/K3/run02/data.3.Q	/cfs/klemming/home/t/tabeadi/tabea_work/08_population_analysis_final/skane_only/combined/results/structure/admixture/rep004/K3/run02
rep004	3	run03	0.35938	-8067788.298762	/cfs/klemming/home/t/tabeadi/tabea_work/08_population_analysis_final/skane_only/combined/results/structure/admixture/rep004/K3/run03/data.3.Q	/cfs/klemming/home/t/tabeadi/tabea_work/08_population_analysis_final/skane_only/combined/results/structure/admixture/rep004/K3/run03
rep004	3	run04	0.35936	-8067788.305419	/cfs/klemming/home/t/tabeadi/tabea_work/08_population_analysis_final/skane_only/combined/results/structure/admixture/rep004/K3/run04/data.3.Q	/cfs/klemming/home/t/tabeadi/tabea_work/08_population_analysis_final/skane_only/combined/results/structure/admixture/rep004/K3/run04
rep004	3	run05	0.35934	-8067788.309474	/cfs/klemming/home/t/tabeadi/tabea_work/08_population_analysis_final/skane_only/combined/results/structure/admixture/rep004/K3/run05/data.3.Q	/cfs/klemming/home/t/tabeadi/tabea_work/08_population_analysis_final/skane_only/combined/results/structure/admixture/rep004/K3/run05
rep004	3	run06	0.35933	-8067788.298905	/cfs/klemming/home/t/tabeadi/tabea_work/08_population_analysis_final/skane_only/combined/results/structure/admixture/rep004/K3/run06/data.3.Q	/cfs/klemming/home/t/tabeadi/tabea_work/08_population_analysis_final/skane_only/combined/results/structure/admixture/rep004/K3/run06
rep004	3	run07	0.35937	-8067788.298898	/cfs/klemming/home/t/tabeadi/tabea_work/08_population_analysis_final/skane_only/combined/results/structure/admixture/rep004/K3/run07/data.3.Q	/cfs/klemming/home/t/tabeadi/tabea_work/08_population_analysis_final/skane_only/combined/results/structure/admixture/rep004/K3/run07
rep004	3	run08	0.35933	-8067788.305239	/cfs/klemming/home/t/tabeadi/tabea_work/08_population_analysis_final/skane_only/combined/results/structure/admixture/rep004/K3/run08/data.3.Q	/cfs/klemming/home/t/tabeadi/tabea_work/08_population_analysis_final/skane_only/combined/results/structure/admixture/rep004/K3/run08
rep004	3	run09	0.35937	-8067788.305836	/cfs/klemming/home/t/tabeadi/tabea_work/08_population_analysis_final/skane_only/combined/results/structure/admixture/rep004/K3/run09/data.3.Q	/cfs/klemming/home/t/tabeadi/tabea_work/08_population_analysis_final/skane_only/combined/results/structure/admixture/rep004/K3/run09
rep004	3	run10	0.3594	-8067788.298489	/cfs/klemming/home/t/tabeadi/tabea_work/08_population_analysis_final/skane_only/combined/results/structure/admixture/rep004/K3/run10/data.3.Q	/cfs/klemming/home/t/tabeadi/tabea_work/08_population_analysis_final/skane_only/combined/results/structure/admixture/rep004/K3/run10
rep004	3	run11	0.35939	-8067788.303072	/cfs/klemming/home/t/tabeadi/tabea_work/08_population_analysis_final/skane_only/combined/results/structure/admixture/rep004/K3/run11/data.3.Q	/cfs/klemming/home/t/tabeadi/tabea_work/08_population_analysis_final/skane_only/combined/results/structure/admixture/rep004/K3/run11
rep004	3	run12	0.35943	-8067788.301175	/cfs/klemming/home/t/tabeadi/tabea_work/08_population_analysis_final/skane_only/combined/results/structure/admixture/rep004/K3/run12/data.3.Q	/cfs/klemming/home/t/tabeadi/tabea_work/08_population_analysis_final/skane_only/combined/results/structure/admixture/rep004/K3/run12
rep004	3	run13	0.35936	-8067788.309811	/cfs/klemming/home/t/tabeadi/tabea_work/08_population_analysis_final/skane_only/combined/results/structure/admixture/rep004/K3/run13/data.3.Q	/cfs/klemming/home/t/tabeadi/tabea_work/08_population_analysis_final/skane_only/combined/results/structure/admixture/rep004/K3/run13
rep004	3	run14	0.35937	-8067788.30271	/cfs/klemming/home/t/tabeadi/tabea_work/08_population_analysis_final/skane_only/combined/results/structure/admixture/rep004/K3/run14/data.3.Q	/cfs/klemming/home/t/tabeadi/tabea_work/08_population_analysis_final/skane_only/combined/results/structure/admixture/rep004/K3/run14
rep004	3	run15	0.35936	-8067788.298474	/cfs/klemming/home/t/tabeadi/tabea_work/08_population_analysis_final/skane_only/combined/results/structure/admixture/rep004/K3/run15/data.3.Q	/cfs/klemming/home/t/tabeadi/tabea_work/08_population_analysis_final/skane_only/combined/results/structure/admixture/rep004/K3/run15
rep004	3	run16	0.35932	-8067788.299297	/cfs/klemming/home/t/tabeadi/tabea_work/08_population_analysis_final/skane_only/combined/results/structure/admixture/rep004/K3/run16/data.3.Q	/cfs/klemming/home/t/tabeadi/tabea_work/08_population_analysis_final/skane_only/combined/results/structure/admixture/rep004/K3/run16
rep004	3	run17	0.35939	-8067788.307722	/cfs/klemming/home/t/tabeadi/tabea_work/08_population_analysis_final/skane_only/combined/results/structure/admixture/rep004/K3/run17/data.3.Q	/cfs/klemming/home/t/tabeadi/tabea_work/08_population_analysis_final/skane_only/combined/results/structure/admixture/rep004/K3/run17
rep004	3	run18	0.35935	-8067788.300095	/cfs/klemming/home/t/tabeadi/tabea_work/08_population_analysis_final/skane_only/combined/results/structure/admixture/rep004/K3/run18/data.3.Q	/cfs/klemming/home/t/tabeadi/tabea_work/08_population_analysis_final/skane_only/combined/results/structure/admixture/rep004/K3/run18
rep004	3	run19	0.35932	-8067788.301726	/cfs/klemming/home/t/tabeadi/tabea_work/08_population_analysis_final/skane_only/combined/results/structure/admixture/rep004/K3/run19/data.3.Q	/cfs/klemming/home/t/tabeadi/tabea_work/08_population_analysis_final/skane_only/combined/results/structure/admixture/rep004/K3/run19
rep004	3	run20	0.35938	-8067788.3013	/cfs/klemming/home/t/tabeadi/tabea_work/08_population_analysis_final/skane_only/combined/results/structure/admixture/rep004/K3/run20/data.3.Q	/cfs/klemming/home/t/tabeadi/tabea_work/08_population_analysis_final/skane_only/combined/results/structure/admixture/rep004/K3/run20
rep004	4	run01	0.35877	-8048427.522422	/cfs/klemming/home/t/tabeadi/tabea_work/08_population_analysis_final/skane_only/combined/results/structure/admixture/rep004/K4/run01/data.4.Q	/cfs/klemming/home/t/tabeadi/tabea_work/08_population_analysis_final/skane_only/combined/results/structure/admixture/rep004/K4/run01
rep004	4	run02	0.35886	-8048427.514145	/cfs/klemming/home/t/tabeadi/tabea_work/08_population_analysis_final/skane_only/combined/results/structure/admixture/rep004/K4/run02/data.4.Q	/cfs/klemming/home/t/tabeadi/tabea_work/08_population_analysis_final/skane_only/combined/results/structure/admixture/rep004/K4/run02
rep004	4	run03	0.35881	-8048427.518716	/cfs/klemming/home/t/tabeadi/tabea_work/08_population_analysis_final/skane_only/combined/results/structure/admixture/rep004/K4/run03/data.4.Q	/cfs/klemming/home/t/tabeadi/tabea_work/08_population_analysis_final/skane_only/combined/results/structure/admixture/rep004/K4/run03
rep004	4	run04	0.35884	-8048427.53224	/cfs/klemming/home/t/tabeadi/tabea_work/08_population_analysis_final/skane_only/combined/results/structure/admixture/rep004/K4/run04/data.4.Q	/cfs/klemming/home/t/tabeadi/tabea_work/08_population_analysis_final/skane_only/combined/results/structure/admixture/rep004/K4/run04
rep004	4	run05	0.35882	-8048427.540121	/cfs/klemming/home/t/tabeadi/tabea_work/08_population_analysis_final/skane_only/combined/results/structure/admixture/rep004/K4/run05/data.4.Q	/cfs/klemming/home/t/tabeadi/tabea_work/08_population_analysis_final/skane_only/combined/results/structure/admixture/rep004/K4/run05
rep004	4	run06	0.35875	-8048427.524867	/cfs/klemming/home/t/tabeadi/tabea_work/08_population_analysis_final/skane_only/combined/results/structure/admixture/rep004/K4/run06/data.4.Q	/cfs/klemming/home/t/tabeadi/tabea_work/08_population_analysis_final/skane_only/combined/results/structure/admixture/rep004/K4/run06
rep004	4	run07	0.35884	-8048427.522701	/cfs/klemming/home/t/tabeadi/tabea_work/08_population_analysis_final/skane_only/combined/results/structure/admixture/rep004/K4/run07/data.4.Q	/cfs/klemming/home/t/tabeadi/tabea_work/08_population_analysis_final/skane_only/combined/results/structure/admixture/rep004/K4/run07
rep004	4	run08	0.3588	-8048427.514108	/cfs/klemming/home/t/tabeadi/tabea_work/08_population_analysis_final/skane_only/combined/results/structure/admixture/rep004/K4/run08/data.4.Q	/cfs/klemming/home/t/tabeadi/tabea_work/08_population_analysis_final/skane_only/combined/results/structure/admixture/rep004/K4/run08
rep004	4	run09	0.35883	-8048427.515896	/cfs/klemming/home/t/tabeadi/tabea_work/08_population_analysis_final/skane_only/combined/results/structure/admixture/rep004/K4/run09/data.4.Q	/cfs/klemming/home/t/tabeadi/tabea_work/08_population_analysis_final/skane_only/combined/results/structure/admixture/rep004/K4/run09
rep004	4	run10	0.35879	-8048427.536566	/cfs/klemming/home/t/tabeadi/tabea_work/08_population_analysis_final/skane_only/combined/results/structure/admixture/rep004/K4/run10/data.4.Q	/cfs/klemming/home/t/tabeadi/tabea_work/08_population_analysis_final/skane_only/combined/results/structure/admixture/rep004/K4/run10
rep004	4	run11	0.35881	-8048427.518941	/cfs/klemming/home/t/tabeadi/tabea_work/08_population_analysis_final/skane_only/combined/results/structure/admixture/rep004/K4/run11/data.4.Q	/cfs/klemming/home/t/tabeadi/tabea_work/08_population_analysis_final/skane_only/combined/results/structure/admixture/rep004/K4/run11
rep004	4	run12	0.35877	-8048427.545377	/cfs/klemming/home/t/tabeadi/tabea_work/08_population_analysis_final/skane_only/combined/results/structure/admixture/rep004/K4/run12/data.4.Q	/cfs/klemming/home/t/tabeadi/tabea_work/08_population_analysis_final/skane_only/combined/results/structure/admixture/rep004/K4/run12
rep004	4	run13	0.35881	-8048427.520923	/cfs/klemming/home/t/tabeadi/tabea_work/08_population_analysis_final/skane_only/combined/results/structure/admixture/rep004/K4/run13/data.4.Q	/cfs/klemming/home/t/tabeadi/tabea_work/08_population_analysis_final/skane_only/combined/results/structure/admixture/rep004/K4/run13
rep004	4	run14	0.35878	-8048427.518243	/cfs/klemming/home/t/tabeadi/tabea_work/08_population_analysis_final/skane_only/combined/results/structure/admixture/rep004/K4/run14/data.4.Q	/cfs/klemming/home/t/tabeadi/tabea_work/08_population_analysis_final/skane_only/combined/results/structure/admixture/rep004/K4/run14
rep004	4	run15	0.35879	-8048427.517779	/cfs/klemming/home/t/tabeadi/tabea_work/08_population_analysis_final/skane_only/combined/results/structure/admixture/rep004/K4/run15/data.4.Q	/cfs/klemming/home/t/tabeadi/tabea_work/08_population_analysis_final/skane_only/combined/results/structure/admixture/rep004/K4/run15
rep004	4	run16	0.35883	-8048427.51965	/cfs/klemming/home/t/tabeadi/tabea_work/08_population_analysis_final/skane_only/combined/results/structure/admixture/rep004/K4/run16/data.4.Q	/cfs/klemming/home/t/tabeadi/tabea_work/08_population_analysis_final/skane_only/combined/results/structure/admixture/rep004/K4/run16
rep004	4	run17	0.3588	-8048427.539293	/cfs/klemming/home/t/tabeadi/tabea_work/08_population_analysis_final/skane_only/combined/results/structure/admixture/rep004/K4/run17/data.4.Q	/cfs/klemming/home/t/tabeadi/tabea_work/08_population_analysis_final/skane_only/combined/results/structure/admixture/rep004/K4/run17
rep004	4	run18	0.35877	-8048427.549473	/cfs/klemming/home/t/tabeadi/tabea_work/08_population_analysis_final/skane_only/combined/results/structure/admixture/rep004/K4/run18/data.4.Q	/cfs/klemming/home/t/tabeadi/tabea_work/08_population_analysis_final/skane_only/combined/results/structure/admixture/rep004/K4/run18
rep004	4	run19	0.35876	-8048427.52161	/cfs/klemming/home/t/tabeadi/tabea_work/08_population_analysis_final/skane_only/combined/results/structure/admixture/rep004/K4/run19/data.4.Q	/cfs/klemming/home/t/tabeadi/tabea_work/08_population_analysis_final/skane_only/combined/results/structure/admixture/rep004/K4/run19
rep004	4	run20	0.35878	-8048427.515043	/cfs/klemming/home/t/tabeadi/tabea_work/08_population_analysis_final/skane_only/combined/results/structure/admixture/rep004/K4/run20/data.4.Q	/cfs/klemming/home/t/tabeadi/tabea_work/08_population_analysis_final/skane_only/combined/results/structure/admixture/rep004/K4/run20
rep004	5	run01	0.35828	-8030436.976191	/cfs/klemming/home/t/tabeadi/tabea_work/08_population_analysis_final/skane_only/combined/results/structure/admixture/rep004/K5/run01/data.5.Q	/cfs/klemming/home/t/tabeadi/tabea_work/08_population_analysis_final/skane_only/combined/results/structure/admixture/rep004/K5/run01
rep004	5	run02	0.35828	-8030436.978131	/cfs/klemming/home/t/tabeadi/tabea_work/08_population_analysis_final/skane_only/combined/results/structure/admixture/rep004/K5/run02/data.5.Q	/cfs/klemming/home/t/tabeadi/tabea_work/08_population_analysis_final/skane_only/combined/results/structure/admixture/rep004/K5/run02
rep004	5	run03	0.35827	-8030436.988427	/cfs/klemming/home/t/tabeadi/tabea_work/08_population_analysis_final/skane_only/combined/results/structure/admixture/rep004/K5/run03/data.5.Q	/cfs/klemming/home/t/tabeadi/tabea_work/08_population_analysis_final/skane_only/combined/results/structure/admixture/rep004/K5/run03
rep004	5	run04	0.35824	-8030427.202831	/cfs/klemming/home/t/tabeadi/tabea_work/08_population_analysis_final/skane_only/combined/results/structure/admixture/rep004/K5/run04/data.5.Q	/cfs/klemming/home/t/tabeadi/tabea_work/08_population_analysis_final/skane_only/combined/results/structure/admixture/rep004/K5/run04
rep004	5	run05	0.35823	-8030436.981364	/cfs/klemming/home/t/tabeadi/tabea_work/08_population_analysis_final/skane_only/combined/results/structure/admixture/rep004/K5/run05/data.5.Q	/cfs/klemming/home/t/tabeadi/tabea_work/08_population_analysis_final/skane_only/combined/results/structure/admixture/rep004/K5/run05
rep004	5	run06	0.35825	-8030427.193825	/cfs/klemming/home/t/tabeadi/tabea_work/08_population_analysis_final/skane_only/combined/results/structure/admixture/rep004/K5/run06/data.5.Q	/cfs/klemming/home/t/tabeadi/tabea_work/08_population_analysis_final/skane_only/combined/results/structure/admixture/rep004/K5/run06
rep004	5	run07	0.3583	-8030436.970053	/cfs/klemming/home/t/tabeadi/tabea_work/08_population_analysis_final/skane_only/combined/results/structure/admixture/rep004/K5/run07/data.5.Q	/cfs/klemming/home/t/tabeadi/tabea_work/08_population_analysis_final/skane_only/combined/results/structure/admixture/rep004/K5/run07
rep004	5	run08	0.35823	-8030427.198745	/cfs/klemming/home/t/tabeadi/tabea_work/08_population_analysis_final/skane_only/combined/results/structure/admixture/rep004/K5/run08/data.5.Q	/cfs/klemming/home/t/tabeadi/tabea_work/08_population_analysis_final/skane_only/combined/results/structure/admixture/rep004/K5/run08
rep004	5	run09	0.35832	-8030436.963963	/cfs/klemming/home/t/tabeadi/tabea_work/08_population_analysis_final/skane_only/combined/results/structure/admixture/rep004/K5/run09/data.5.Q	/cfs/klemming/home/t/tabeadi/tabea_work/08_population_analysis_final/skane_only/combined/results/structure/admixture/rep004/K5/run09
rep004	5	run10	0.35835	-8030436.976294	/cfs/klemming/home/t/tabeadi/tabea_work/08_population_analysis_final/skane_only/combined/results/structure/admixture/rep004/K5/run10/data.5.Q	/cfs/klemming/home/t/tabeadi/tabea_work/08_population_analysis_final/skane_only/combined/results/structure/admixture/rep004/K5/run10
rep004	5	run11	0.35826	-8030436.965567	/cfs/klemming/home/t/tabeadi/tabea_work/08_population_analysis_final/skane_only/combined/results/structure/admixture/rep004/K5/run11/data.5.Q	/cfs/klemming/home/t/tabeadi/tabea_work/08_population_analysis_final/skane_only/combined/results/structure/admixture/rep004/K5/run11
rep004	5	run12	0.35825	-8030436.977323	/cfs/klemming/home/t/tabeadi/tabea_work/08_population_analysis_final/skane_only/combined/results/structure/admixture/rep004/K5/run12/data.5.Q	/cfs/klemming/home/t/tabeadi/tabea_work/08_population_analysis_final/skane_only/combined/results/structure/admixture/rep004/K5/run12
rep004	5	run13	0.35826	-8030427.196334	/cfs/klemming/home/t/tabeadi/tabea_work/08_population_analysis_final/skane_only/combined/results/structure/admixture/rep004/K5/run13/data.5.Q	/cfs/klemming/home/t/tabeadi/tabea_work/08_population_analysis_final/skane_only/combined/results/structure/admixture/rep004/K5/run13
rep004	5	run14	0.35825	-8030427.203563	/cfs/klemming/home/t/tabeadi/tabea_work/08_population_analysis_final/skane_only/combined/results/structure/admixture/rep004/K5/run14/data.5.Q	/cfs/klemming/home/t/tabeadi/tabea_work/08_population_analysis_final/skane_only/combined/results/structure/admixture/rep004/K5/run14
rep004	5	run15	0.35828	-8030436.973979	/cfs/klemming/home/t/tabeadi/tabea_work/08_population_analysis_final/skane_only/combined/results/structure/admixture/rep004/K5/run15/data.5.Q	/cfs/klemming/home/t/tabeadi/tabea_work/08_population_analysis_final/skane_only/combined/results/structure/admixture/rep004/K5/run15
rep004	5	run16	0.35836	-8030436.978999	/cfs/klemming/home/t/tabeadi/tabea_work/08_population_analysis_final/skane_only/combined/results/structure/admixture/rep004/K5/run16/data.5.Q	/cfs/klemming/home/t/tabeadi/tabea_work/08_population_analysis_final/skane_only/combined/results/structure/admixture/rep004/K5/run16
rep004	5	run17	0.35827	-8030436.966716	/cfs/klemming/home/t/tabeadi/tabea_work/08_population_analysis_final/skane_only/combined/results/structure/admixture/rep004/K5/run17/data.5.Q	/cfs/klemming/home/t/tabeadi/tabea_work/08_population_analysis_final/skane_only/combined/results/structure/admixture/rep004/K5/run17
rep004	5	run18	0.35828	-8030436.968438	/cfs/klemming/home/t/tabeadi/tabea_work/08_population_analysis_final/skane_only/combined/results/structure/admixture/rep004/K5/run18/data.5.Q	/cfs/klemming/home/t/tabeadi/tabea_work/08_population_analysis_final/skane_only/combined/results/structure/admixture/rep004/K5/run18
rep004	5	run19	0.35826	-8030436.973241	/cfs/klemming/home/t/tabeadi/tabea_work/08_population_analysis_final/skane_only/combined/results/structure/admixture/rep004/K5/run19/data.5.Q	/cfs/klemming/home/t/tabeadi/tabea_work/08_population_analysis_final/skane_only/combined/results/structure/admixture/rep004/K5/run19
rep004	5	run20	0.35829	-8030436.973253	/cfs/klemming/home/t/tabeadi/tabea_work/08_population_analysis_final/skane_only/combined/results/structure/admixture/rep004/K5/run20/data.5.Q	/cfs/klemming/home/t/tabeadi/tabea_work/08_population_analysis_final/skane_only/combined/results/structure/admixture/rep004/K5/run20
rep004	6	run01	0.3578	-8013618.023502	/cfs/klemming/home/t/tabeadi/tabea_work/08_population_analysis_final/skane_only/combined/results/structure/admixture/rep004/K6/run01/data.6.Q	/cfs/klemming/home/t/tabeadi/tabea_work/08_population_analysis_final/skane_only/combined/results/structure/admixture/rep004/K6/run01
rep004	6	run02	0.3578	-8013618.062044	/cfs/klemming/home/t/tabeadi/tabea_work/08_population_analysis_final/skane_only/combined/results/structure/admixture/rep004/K6/run02/data.6.Q	/cfs/klemming/home/t/tabeadi/tabea_work/08_population_analysis_final/skane_only/combined/results/structure/admixture/rep004/K6/run02
rep004	6	run03	0.35773	-8013495.945868	/cfs/klemming/home/t/tabeadi/tabea_work/08_population_analysis_final/skane_only/combined/results/structure/admixture/rep004/K6/run03/data.6.Q	/cfs/klemming/home/t/tabeadi/tabea_work/08_population_analysis_final/skane_only/combined/results/structure/admixture/rep004/K6/run03
rep004	6	run04	0.35779	-8013495.946701	/cfs/klemming/home/t/tabeadi/tabea_work/08_population_analysis_final/skane_only/combined/results/structure/admixture/rep004/K6/run04/data.6.Q	/cfs/klemming/home/t/tabeadi/tabea_work/08_population_analysis_final/skane_only/combined/results/structure/admixture/rep004/K6/run04
rep004	6	run05	0.35784	-8013628.691061	/cfs/klemming/home/t/tabeadi/tabea_work/08_population_analysis_final/skane_only/combined/results/structure/admixture/rep004/K6/run05/data.6.Q	/cfs/klemming/home/t/tabeadi/tabea_work/08_population_analysis_final/skane_only/combined/results/structure/admixture/rep004/K6/run05
rep004	6	run06	0.35779	-8013495.962285	/cfs/klemming/home/t/tabeadi/tabea_work/08_population_analysis_final/skane_only/combined/results/structure/admixture/rep004/K6/run06/data.6.Q	/cfs/klemming/home/t/tabeadi/tabea_work/08_population_analysis_final/skane_only/combined/results/structure/admixture/rep004/K6/run06
rep004	6	run07	0.35785	-8014339.972891	/cfs/klemming/home/t/tabeadi/tabea_work/08_population_analysis_final/skane_only/combined/results/structure/admixture/rep004/K6/run07/data.6.Q	/cfs/klemming/home/t/tabeadi/tabea_work/08_population_analysis_final/skane_only/combined/results/structure/admixture/rep004/K6/run07
rep004	6	run08	0.35782	-8013628.598176	/cfs/klemming/home/t/tabeadi/tabea_work/08_population_analysis_final/skane_only/combined/results/structure/admixture/rep004/K6/run08/data.6.Q	/cfs/klemming/home/t/tabeadi/tabea_work/08_population_analysis_final/skane_only/combined/results/structure/admixture/rep004/K6/run08
rep004	6	run09	0.35771	-8013618.012332	/cfs/klemming/home/t/tabeadi/tabea_work/08_population_analysis_final/skane_only/combined/results/structure/admixture/rep004/K6/run09/data.6.Q	/cfs/klemming/home/t/tabeadi/tabea_work/08_population_analysis_final/skane_only/combined/results/structure/admixture/rep004/K6/run09
rep004	6	run10	0.3577	-8013496.054961	/cfs/klemming/home/t/tabeadi/tabea_work/08_population_analysis_final/skane_only/combined/results/structure/admixture/rep004/K6/run10/data.6.Q	/cfs/klemming/home/t/tabeadi/tabea_work/08_population_analysis_final/skane_only/combined/results/structure/admixture/rep004/K6/run10
rep004	6	run11	0.35782	-8014355.36015	/cfs/klemming/home/t/tabeadi/tabea_work/08_population_analysis_final/skane_only/combined/results/structure/admixture/rep004/K6/run11/data.6.Q	/cfs/klemming/home/t/tabeadi/tabea_work/08_population_analysis_final/skane_only/combined/results/structure/admixture/rep004/K6/run11
rep004	6	run12	0.35783	-8013495.942433	/cfs/klemming/home/t/tabeadi/tabea_work/08_population_analysis_final/skane_only/combined/results/structure/admixture/rep004/K6/run12/data.6.Q	/cfs/klemming/home/t/tabeadi/tabea_work/08_population_analysis_final/skane_only/combined/results/structure/admixture/rep004/K6/run12
rep004	6	run13	0.35776	-8013628.614116	/cfs/klemming/home/t/tabeadi/tabea_work/08_population_analysis_final/skane_only/combined/results/structure/admixture/rep004/K6/run13/data.6.Q	/cfs/klemming/home/t/tabeadi/tabea_work/08_population_analysis_final/skane_only/combined/results/structure/admixture/rep004/K6/run13
rep004	6	run14	0.35767	-8013628.610041	/cfs/klemming/home/t/tabeadi/tabea_work/08_population_analysis_final/skane_only/combined/results/structure/admixture/rep004/K6/run14/data.6.Q	/cfs/klemming/home/t/tabeadi/tabea_work/08_population_analysis_final/skane_only/combined/results/structure/admixture/rep004/K6/run14
rep004	6	run15	0.35788	-8013628.592634	/cfs/klemming/home/t/tabeadi/tabea_work/08_population_analysis_final/skane_only/combined/results/structure/admixture/rep004/K6/run15/data.6.Q	/cfs/klemming/home/t/tabeadi/tabea_work/08_population_analysis_final/skane_only/combined/results/structure/admixture/rep004/K6/run15
rep004	6	run16	0.35792	-8014339.844377	/cfs/klemming/home/t/tabeadi/tabea_work/08_population_analysis_final/skane_only/combined/results/structure/admixture/rep004/K6/run16/data.6.Q	/cfs/klemming/home/t/tabeadi/tabea_work/08_population_analysis_final/skane_only/combined/results/structure/admixture/rep004/K6/run16
rep004	6	run17	0.3577	-8013495.948925	/cfs/klemming/home/t/tabeadi/tabea_work/08_population_analysis_final/skane_only/combined/results/structure/admixture/rep004/K6/run17/data.6.Q	/cfs/klemming/home/t/tabeadi/tabea_work/08_population_analysis_final/skane_only/combined/results/structure/admixture/rep004/K6/run17
rep004	6	run18	0.35782	-8013628.605354	/cfs/klemming/home/t/tabeadi/tabea_work/08_population_analysis_final/skane_only/combined/results/structure/admixture/rep004/K6/run18/data.6.Q	/cfs/klemming/home/t/tabeadi/tabea_work/08_population_analysis_final/skane_only/combined/results/structure/admixture/rep004/K6/run18
rep004	6	run19	0.35777	-8013495.928934	/cfs/klemming/home/t/tabeadi/tabea_work/08_population_analysis_final/skane_only/combined/results/structure/admixture/rep004/K6/run19/data.6.Q	/cfs/klemming/home/t/tabeadi/tabea_work/08_population_analysis_final/skane_only/combined/results/structure/admixture/rep004/K6/run19
rep004	6	run20	0.35788	-8014339.961563	/cfs/klemming/home/t/tabeadi/tabea_work/08_population_analysis_final/skane_only/combined/results/structure/admixture/rep004/K6/run20/data.6.Q	/cfs/klemming/home/t/tabeadi/tabea_work/08_population_analysis_final/skane_only/combined/results/structure/admixture/rep004/K6/run20
rep004	7	run01	0.35736	-7997937.796269	/cfs/klemming/home/t/tabeadi/tabea_work/08_population_analysis_final/skane_only/combined/results/structure/admixture/rep004/K7/run01/data.7.Q	/cfs/klemming/home/t/tabeadi/tabea_work/08_population_analysis_final/skane_only/combined/results/structure/admixture/rep004/K7/run01
rep004	7	run02	0.35741	-7997930.380674	/cfs/klemming/home/t/tabeadi/tabea_work/08_population_analysis_final/skane_only/combined/results/structure/admixture/rep004/K7/run02/data.7.Q	/cfs/klemming/home/t/tabeadi/tabea_work/08_population_analysis_final/skane_only/combined/results/structure/admixture/rep004/K7/run02
rep004	7	run03	0.3575	-7998716.426697	/cfs/klemming/home/t/tabeadi/tabea_work/08_population_analysis_final/skane_only/combined/results/structure/admixture/rep004/K7/run03/data.7.Q	/cfs/klemming/home/t/tabeadi/tabea_work/08_population_analysis_final/skane_only/combined/results/structure/admixture/rep004/K7/run03
rep004	7	run04	0.35747	-7997937.966774	/cfs/klemming/home/t/tabeadi/tabea_work/08_population_analysis_final/skane_only/combined/results/structure/admixture/rep004/K7/run04/data.7.Q	/cfs/klemming/home/t/tabeadi/tabea_work/08_population_analysis_final/skane_only/combined/results/structure/admixture/rep004/K7/run04
rep004	7	run05	0.35743	-7997930.379833	/cfs/klemming/home/t/tabeadi/tabea_work/08_population_analysis_final/skane_only/combined/results/structure/admixture/rep004/K7/run05/data.7.Q	/cfs/klemming/home/t/tabeadi/tabea_work/08_population_analysis_final/skane_only/combined/results/structure/admixture/rep004/K7/run05
rep004	7	run06	0.35736	-7997930.443503	/cfs/klemming/home/t/tabeadi/tabea_work/08_population_analysis_final/skane_only/combined/results/structure/admixture/rep004/K7/run06/data.7.Q	/cfs/klemming/home/t/tabeadi/tabea_work/08_population_analysis_final/skane_only/combined/results/structure/admixture/rep004/K7/run06
rep004	7	run07	0.35736	-7997782.112713	/cfs/klemming/home/t/tabeadi/tabea_work/08_population_analysis_final/skane_only/combined/results/structure/admixture/rep004/K7/run07/data.7.Q	/cfs/klemming/home/t/tabeadi/tabea_work/08_population_analysis_final/skane_only/combined/results/structure/admixture/rep004/K7/run07
rep004	7	run08	0.35736	-7997930.53624	/cfs/klemming/home/t/tabeadi/tabea_work/08_population_analysis_final/skane_only/combined/results/structure/admixture/rep004/K7/run08/data.7.Q	/cfs/klemming/home/t/tabeadi/tabea_work/08_population_analysis_final/skane_only/combined/results/structure/admixture/rep004/K7/run08
rep004	7	run09	0.35749	-7997782.157417	/cfs/klemming/home/t/tabeadi/tabea_work/08_population_analysis_final/skane_only/combined/results/structure/admixture/rep004/K7/run09/data.7.Q	/cfs/klemming/home/t/tabeadi/tabea_work/08_population_analysis_final/skane_only/combined/results/structure/admixture/rep004/K7/run09
rep004	7	run10	0.35746	-7998266.16081	/cfs/klemming/home/t/tabeadi/tabea_work/08_population_analysis_final/skane_only/combined/results/structure/admixture/rep004/K7/run10/data.7.Q	/cfs/klemming/home/t/tabeadi/tabea_work/08_population_analysis_final/skane_only/combined/results/structure/admixture/rep004/K7/run10
rep004	7	run11	0.35734	-7998285.900524	/cfs/klemming/home/t/tabeadi/tabea_work/08_population_analysis_final/skane_only/combined/results/structure/admixture/rep004/K7/run11/data.7.Q	/cfs/klemming/home/t/tabeadi/tabea_work/08_population_analysis_final/skane_only/combined/results/structure/admixture/rep004/K7/run11
rep004	7	run12	0.35734	-7998285.754755	/cfs/klemming/home/t/tabeadi/tabea_work/08_population_analysis_final/skane_only/combined/results/structure/admixture/rep004/K7/run12/data.7.Q	/cfs/klemming/home/t/tabeadi/tabea_work/08_population_analysis_final/skane_only/combined/results/structure/admixture/rep004/K7/run12
rep004	7	run13	0.35741	-7997782.311623	/cfs/klemming/home/t/tabeadi/tabea_work/08_population_analysis_final/skane_only/combined/results/structure/admixture/rep004/K7/run13/data.7.Q	/cfs/klemming/home/t/tabeadi/tabea_work/08_population_analysis_final/skane_only/combined/results/structure/admixture/rep004/K7/run13
rep004	7	run14	0.35738	-7997930.547662	/cfs/klemming/home/t/tabeadi/tabea_work/08_population_analysis_final/skane_only/combined/results/structure/admixture/rep004/K7/run14/data.7.Q	/cfs/klemming/home/t/tabeadi/tabea_work/08_population_analysis_final/skane_only/combined/results/structure/admixture/rep004/K7/run14
rep004	7	run15	0.35757	-7997930.45834	/cfs/klemming/home/t/tabeadi/tabea_work/08_population_analysis_final/skane_only/combined/results/structure/admixture/rep004/K7/run15/data.7.Q	/cfs/klemming/home/t/tabeadi/tabea_work/08_population_analysis_final/skane_only/combined/results/structure/admixture/rep004/K7/run15
rep004	7	run16	0.3574	-7998108.074972	/cfs/klemming/home/t/tabeadi/tabea_work/08_population_analysis_final/skane_only/combined/results/structure/admixture/rep004/K7/run16/data.7.Q	/cfs/klemming/home/t/tabeadi/tabea_work/08_population_analysis_final/skane_only/combined/results/structure/admixture/rep004/K7/run16
rep004	7	run17	0.35746	-7998728.422076	/cfs/klemming/home/t/tabeadi/tabea_work/08_population_analysis_final/skane_only/combined/results/structure/admixture/rep004/K7/run17/data.7.Q	/cfs/klemming/home/t/tabeadi/tabea_work/08_population_analysis_final/skane_only/combined/results/structure/admixture/rep004/K7/run17
rep004	7	run18	0.35757	-7998879.335572	/cfs/klemming/home/t/tabeadi/tabea_work/08_population_analysis_final/skane_only/combined/results/structure/admixture/rep004/K7/run18/data.7.Q	/cfs/klemming/home/t/tabeadi/tabea_work/08_population_analysis_final/skane_only/combined/results/structure/admixture/rep004/K7/run18
rep004	7	run19	0.35736	-7997782.226142	/cfs/klemming/home/t/tabeadi/tabea_work/08_population_analysis_final/skane_only/combined/results/structure/admixture/rep004/K7/run19/data.7.Q	/cfs/klemming/home/t/tabeadi/tabea_work/08_population_analysis_final/skane_only/combined/results/structure/admixture/rep004/K7/run19
rep004	7	run20	0.35743	-7998285.854352	/cfs/klemming/home/t/tabeadi/tabea_work/08_population_analysis_final/skane_only/combined/results/structure/admixture/rep004/K7/run20/data.7.Q	/cfs/klemming/home/t/tabeadi/tabea_work/08_population_analysis_final/skane_only/combined/results/structure/admixture/rep004/K7/run20
rep004	8	run01	0.35695	-7982905.099716	/cfs/klemming/home/t/tabeadi/tabea_work/08_population_analysis_final/skane_only/combined/results/structure/admixture/rep004/K8/run01/data.8.Q	/cfs/klemming/home/t/tabeadi/tabea_work/08_population_analysis_final/skane_only/combined/results/structure/admixture/rep004/K8/run01
rep004	8	run02	0.35704	-7983381.172042	/cfs/klemming/home/t/tabeadi/tabea_work/08_population_analysis_final/skane_only/combined/results/structure/admixture/rep004/K8/run02/data.8.Q	/cfs/klemming/home/t/tabeadi/tabea_work/08_population_analysis_final/skane_only/combined/results/structure/admixture/rep004/K8/run02
rep004	8	run03	0.35706	-7982904.816608	/cfs/klemming/home/t/tabeadi/tabea_work/08_population_analysis_final/skane_only/combined/results/structure/admixture/rep004/K8/run03/data.8.Q	/cfs/klemming/home/t/tabeadi/tabea_work/08_population_analysis_final/skane_only/combined/results/structure/admixture/rep004/K8/run03
rep004	8	run04	0.35692	-7982884.409604	/cfs/klemming/home/t/tabeadi/tabea_work/08_population_analysis_final/skane_only/combined/results/structure/admixture/rep004/K8/run04/data.8.Q	/cfs/klemming/home/t/tabeadi/tabea_work/08_population_analysis_final/skane_only/combined/results/structure/admixture/rep004/K8/run04
rep004	8	run05	0.35699	-7982884.360803	/cfs/klemming/home/t/tabeadi/tabea_work/08_population_analysis_final/skane_only/combined/results/structure/admixture/rep004/K8/run05/data.8.Q	/cfs/klemming/home/t/tabeadi/tabea_work/08_population_analysis_final/skane_only/combined/results/structure/admixture/rep004/K8/run05
rep004	8	run06	0.35713	-7982904.83003	/cfs/klemming/home/t/tabeadi/tabea_work/08_population_analysis_final/skane_only/combined/results/structure/admixture/rep004/K8/run06/data.8.Q	/cfs/klemming/home/t/tabeadi/tabea_work/08_population_analysis_final/skane_only/combined/results/structure/admixture/rep004/K8/run06
rep004	8	run07	0.35692	-7982884.315036	/cfs/klemming/home/t/tabeadi/tabea_work/08_population_analysis_final/skane_only/combined/results/structure/admixture/rep004/K8/run07/data.8.Q	/cfs/klemming/home/t/tabeadi/tabea_work/08_population_analysis_final/skane_only/combined/results/structure/admixture/rep004/K8/run07
rep004	8	run08	0.35702	-7982902.549979	/cfs/klemming/home/t/tabeadi/tabea_work/08_population_analysis_final/skane_only/combined/results/structure/admixture/rep004/K8/run08/data.8.Q	/cfs/klemming/home/t/tabeadi/tabea_work/08_population_analysis_final/skane_only/combined/results/structure/admixture/rep004/K8/run08
rep004	8	run09	0.3571	-7983381.46132	/cfs/klemming/home/t/tabeadi/tabea_work/08_population_analysis_final/skane_only/combined/results/structure/admixture/rep004/K8/run09/data.8.Q	/cfs/klemming/home/t/tabeadi/tabea_work/08_population_analysis_final/skane_only/combined/results/structure/admixture/rep004/K8/run09
rep004	8	run10	0.35704	-7983800.217715	/cfs/klemming/home/t/tabeadi/tabea_work/08_population_analysis_final/skane_only/combined/results/structure/admixture/rep004/K8/run10/data.8.Q	/cfs/klemming/home/t/tabeadi/tabea_work/08_population_analysis_final/skane_only/combined/results/structure/admixture/rep004/K8/run10
rep004	8	run11	0.35705	-7982905.045428	/cfs/klemming/home/t/tabeadi/tabea_work/08_population_analysis_final/skane_only/combined/results/structure/admixture/rep004/K8/run11/data.8.Q	/cfs/klemming/home/t/tabeadi/tabea_work/08_population_analysis_final/skane_only/combined/results/structure/admixture/rep004/K8/run11
rep004	8	run12	0.35706	-7982904.866253	/cfs/klemming/home/t/tabeadi/tabea_work/08_population_analysis_final/skane_only/combined/results/structure/admixture/rep004/K8/run12/data.8.Q	/cfs/klemming/home/t/tabeadi/tabea_work/08_population_analysis_final/skane_only/combined/results/structure/admixture/rep004/K8/run12
rep004	8	run13	0.35705	-7982884.33591	/cfs/klemming/home/t/tabeadi/tabea_work/08_population_analysis_final/skane_only/combined/results/structure/admixture/rep004/K8/run13/data.8.Q	/cfs/klemming/home/t/tabeadi/tabea_work/08_population_analysis_final/skane_only/combined/results/structure/admixture/rep004/K8/run13
rep004	8	run14	0.35716	-7983381.150054	/cfs/klemming/home/t/tabeadi/tabea_work/08_population_analysis_final/skane_only/combined/results/structure/admixture/rep004/K8/run14/data.8.Q	/cfs/klemming/home/t/tabeadi/tabea_work/08_population_analysis_final/skane_only/combined/results/structure/admixture/rep004/K8/run14
rep004	8	run15	0.35713	-7982884.295225	/cfs/klemming/home/t/tabeadi/tabea_work/08_population_analysis_final/skane_only/combined/results/structure/admixture/rep004/K8/run15/data.8.Q	/cfs/klemming/home/t/tabeadi/tabea_work/08_population_analysis_final/skane_only/combined/results/structure/admixture/rep004/K8/run15
rep004	8	run16	0.35712	-7983140.576462	/cfs/klemming/home/t/tabeadi/tabea_work/08_population_analysis_final/skane_only/combined/results/structure/admixture/rep004/K8/run16/data.8.Q	/cfs/klemming/home/t/tabeadi/tabea_work/08_population_analysis_final/skane_only/combined/results/structure/admixture/rep004/K8/run16
rep004	8	run17	0.35726	-7983997.525758	/cfs/klemming/home/t/tabeadi/tabea_work/08_population_analysis_final/skane_only/combined/results/structure/admixture/rep004/K8/run17/data.8.Q	/cfs/klemming/home/t/tabeadi/tabea_work/08_population_analysis_final/skane_only/combined/results/structure/admixture/rep004/K8/run17
rep004	8	run18	0.35722	-7983381.178022	/cfs/klemming/home/t/tabeadi/tabea_work/08_population_analysis_final/skane_only/combined/results/structure/admixture/rep004/K8/run18/data.8.Q	/cfs/klemming/home/t/tabeadi/tabea_work/08_population_analysis_final/skane_only/combined/results/structure/admixture/rep004/K8/run18
rep004	8	run19	0.35708	-7983381.402621	/cfs/klemming/home/t/tabeadi/tabea_work/08_population_analysis_final/skane_only/combined/results/structure/admixture/rep004/K8/run19/data.8.Q	/cfs/klemming/home/t/tabeadi/tabea_work/08_population_analysis_final/skane_only/combined/results/structure/admixture/rep004/K8/run19
rep004	8	run20	0.35697	-7983142.570965	/cfs/klemming/home/t/tabeadi/tabea_work/08_population_analysis_final/skane_only/combined/results/structure/admixture/rep004/K8/run20/data.8.Q	/cfs/klemming/home/t/tabeadi/tabea_work/08_population_analysis_final/skane_only/combined/results/structure/admixture/rep004/K8/run20
rep005	1	run01	0.35701	-8123745.031434	/cfs/klemming/home/t/tabeadi/tabea_work/08_population_analysis_final/skane_only/combined/results/structure/admixture/rep005/K1/run01/data.1.Q	/cfs/klemming/home/t/tabeadi/tabea_work/08_population_analysis_final/skane_only/combined/results/structure/admixture/rep005/K1/run01
rep005	1	run02	0.35701	-8123745.031434	/cfs/klemming/home/t/tabeadi/tabea_work/08_population_analysis_final/skane_only/combined/results/structure/admixture/rep005/K1/run02/data.1.Q	/cfs/klemming/home/t/tabeadi/tabea_work/08_population_analysis_final/skane_only/combined/results/structure/admixture/rep005/K1/run02
rep005	1	run03	0.35703	-8123745.031434	/cfs/klemming/home/t/tabeadi/tabea_work/08_population_analysis_final/skane_only/combined/results/structure/admixture/rep005/K1/run03/data.1.Q	/cfs/klemming/home/t/tabeadi/tabea_work/08_population_analysis_final/skane_only/combined/results/structure/admixture/rep005/K1/run03
rep005	1	run04	0.35701	-8123745.031434	/cfs/klemming/home/t/tabeadi/tabea_work/08_population_analysis_final/skane_only/combined/results/structure/admixture/rep005/K1/run04/data.1.Q	/cfs/klemming/home/t/tabeadi/tabea_work/08_population_analysis_final/skane_only/combined/results/structure/admixture/rep005/K1/run04
rep005	1	run05	0.35702	-8123745.031434	/cfs/klemming/home/t/tabeadi/tabea_work/08_population_analysis_final/skane_only/combined/results/structure/admixture/rep005/K1/run05/data.1.Q	/cfs/klemming/home/t/tabeadi/tabea_work/08_population_analysis_final/skane_only/combined/results/structure/admixture/rep005/K1/run05
rep005	1	run06	0.35702	-8123745.031434	/cfs/klemming/home/t/tabeadi/tabea_work/08_population_analysis_final/skane_only/combined/results/structure/admixture/rep005/K1/run06/data.1.Q	/cfs/klemming/home/t/tabeadi/tabea_work/08_population_analysis_final/skane_only/combined/results/structure/admixture/rep005/K1/run06
rep005	1	run07	0.35703	-8123745.031434	/cfs/klemming/home/t/tabeadi/tabea_work/08_population_analysis_final/skane_only/combined/results/structure/admixture/rep005/K1/run07/data.1.Q	/cfs/klemming/home/t/tabeadi/tabea_work/08_population_analysis_final/skane_only/combined/results/structure/admixture/rep005/K1/run07
rep005	1	run08	0.35701	-8123745.031434	/cfs/klemming/home/t/tabeadi/tabea_work/08_population_analysis_final/skane_only/combined/results/structure/admixture/rep005/K1/run08/data.1.Q	/cfs/klemming/home/t/tabeadi/tabea_work/08_population_analysis_final/skane_only/combined/results/structure/admixture/rep005/K1/run08
rep005	1	run09	0.35701	-8123745.031434	/cfs/klemming/home/t/tabeadi/tabea_work/08_population_analysis_final/skane_only/combined/results/structure/admixture/rep005/K1/run09/data.1.Q	/cfs/klemming/home/t/tabeadi/tabea_work/08_population_analysis_final/skane_only/combined/results/structure/admixture/rep005/K1/run09
rep005	1	run10	0.35701	-8123745.031434	/cfs/klemming/home/t/tabeadi/tabea_work/08_population_analysis_final/skane_only/combined/results/structure/admixture/rep005/K1/run10/data.1.Q	/cfs/klemming/home/t/tabeadi/tabea_work/08_population_analysis_final/skane_only/combined/results/structure/admixture/rep005/K1/run10
rep005	1	run11	0.35702	-8123745.031434	/cfs/klemming/home/t/tabeadi/tabea_work/08_population_analysis_final/skane_only/combined/results/structure/admixture/rep005/K1/run11/data.1.Q	/cfs/klemming/home/t/tabeadi/tabea_work/08_population_analysis_final/skane_only/combined/results/structure/admixture/rep005/K1/run11
rep005	1	run12	0.35702	-8123745.031434	/cfs/klemming/home/t/tabeadi/tabea_work/08_population_analysis_final/skane_only/combined/results/structure/admixture/rep005/K1/run12/data.1.Q	/cfs/klemming/home/t/tabeadi/tabea_work/08_population_analysis_final/skane_only/combined/results/structure/admixture/rep005/K1/run12
rep005	1	run13	0.35702	-8123745.031434	/cfs/klemming/home/t/tabeadi/tabea_work/08_population_analysis_final/skane_only/combined/results/structure/admixture/rep005/K1/run13/data.1.Q	/cfs/klemming/home/t/tabeadi/tabea_work/08_population_analysis_final/skane_only/combined/results/structure/admixture/rep005/K1/run13
rep005	1	run14	0.35701	-8123745.031434	/cfs/klemming/home/t/tabeadi/tabea_work/08_population_analysis_final/skane_only/combined/results/structure/admixture/rep005/K1/run14/data.1.Q	/cfs/klemming/home/t/tabeadi/tabea_work/08_population_analysis_final/skane_only/combined/results/structure/admixture/rep005/K1/run14
rep005	1	run15	0.35701	-8123745.031434	/cfs/klemming/home/t/tabeadi/tabea_work/08_population_analysis_final/skane_only/combined/results/structure/admixture/rep005/K1/run15/data.1.Q	/cfs/klemming/home/t/tabeadi/tabea_work/08_population_analysis_final/skane_only/combined/results/structure/admixture/rep005/K1/run15
rep005	1	run16	0.35701	-8123745.031434	/cfs/klemming/home/t/tabeadi/tabea_work/08_population_analysis_final/skane_only/combined/results/structure/admixture/rep005/K1/run16/data.1.Q	/cfs/klemming/home/t/tabeadi/tabea_work/08_population_analysis_final/skane_only/combined/results/structure/admixture/rep005/K1/run16
rep005	1	run17	0.35701	-8123745.031434	/cfs/klemming/home/t/tabeadi/tabea_work/08_population_analysis_final/skane_only/combined/results/structure/admixture/rep005/K1/run17/data.1.Q	/cfs/klemming/home/t/tabeadi/tabea_work/08_population_analysis_final/skane_only/combined/results/structure/admixture/rep005/K1/run17
rep005	1	run18	0.35702	-8123745.031434	/cfs/klemming/home/t/tabeadi/tabea_work/08_population_analysis_final/skane_only/combined/results/structure/admixture/rep005/K1/run18/data.1.Q	/cfs/klemming/home/t/tabeadi/tabea_work/08_population_analysis_final/skane_only/combined/results/structure/admixture/rep005/K1/run18
rep005	1	run19	0.35701	-8123745.031434	/cfs/klemming/home/t/tabeadi/tabea_work/08_population_analysis_final/skane_only/combined/results/structure/admixture/rep005/K1/run19/data.1.Q	/cfs/klemming/home/t/tabeadi/tabea_work/08_population_analysis_final/skane_only/combined/results/structure/admixture/rep005/K1/run19
rep005	1	run20	0.35701	-8123745.031434	/cfs/klemming/home/t/tabeadi/tabea_work/08_population_analysis_final/skane_only/combined/results/structure/admixture/rep005/K1/run20/data.1.Q	/cfs/klemming/home/t/tabeadi/tabea_work/08_population_analysis_final/skane_only/combined/results/structure/admixture/rep005/K1/run20
rep005	2	run01	0.35587	-8096233.748217	/cfs/klemming/home/t/tabeadi/tabea_work/08_population_analysis_final/skane_only/combined/results/structure/admixture/rep005/K2/run01/data.2.Q	/cfs/klemming/home/t/tabeadi/tabea_work/08_population_analysis_final/skane_only/combined/results/structure/admixture/rep005/K2/run01
rep005	2	run02	0.35588	-8096233.748209	/cfs/klemming/home/t/tabeadi/tabea_work/08_population_analysis_final/skane_only/combined/results/structure/admixture/rep005/K2/run02/data.2.Q	/cfs/klemming/home/t/tabeadi/tabea_work/08_population_analysis_final/skane_only/combined/results/structure/admixture/rep005/K2/run02
rep005	2	run03	0.35589	-8096233.748289	/cfs/klemming/home/t/tabeadi/tabea_work/08_population_analysis_final/skane_only/combined/results/structure/admixture/rep005/K2/run03/data.2.Q	/cfs/klemming/home/t/tabeadi/tabea_work/08_population_analysis_final/skane_only/combined/results/structure/admixture/rep005/K2/run03
rep005	2	run04	0.35587	-8096233.748323	/cfs/klemming/home/t/tabeadi/tabea_work/08_population_analysis_final/skane_only/combined/results/structure/admixture/rep005/K2/run04/data.2.Q	/cfs/klemming/home/t/tabeadi/tabea_work/08_population_analysis_final/skane_only/combined/results/structure/admixture/rep005/K2/run04
rep005	2	run05	0.35587	-8096233.748228	/cfs/klemming/home/t/tabeadi/tabea_work/08_population_analysis_final/skane_only/combined/results/structure/admixture/rep005/K2/run05/data.2.Q	/cfs/klemming/home/t/tabeadi/tabea_work/08_population_analysis_final/skane_only/combined/results/structure/admixture/rep005/K2/run05
rep005	2	run06	0.35587	-8096233.748291	/cfs/klemming/home/t/tabeadi/tabea_work/08_population_analysis_final/skane_only/combined/results/structure/admixture/rep005/K2/run06/data.2.Q	/cfs/klemming/home/t/tabeadi/tabea_work/08_population_analysis_final/skane_only/combined/results/structure/admixture/rep005/K2/run06
rep005	2	run07	0.35586	-8096233.748264	/cfs/klemming/home/t/tabeadi/tabea_work/08_population_analysis_final/skane_only/combined/results/structure/admixture/rep005/K2/run07/data.2.Q	/cfs/klemming/home/t/tabeadi/tabea_work/08_population_analysis_final/skane_only/combined/results/structure/admixture/rep005/K2/run07
rep005	2	run08	0.35587	-8096233.748218	/cfs/klemming/home/t/tabeadi/tabea_work/08_population_analysis_final/skane_only/combined/results/structure/admixture/rep005/K2/run08/data.2.Q	/cfs/klemming/home/t/tabeadi/tabea_work/08_population_analysis_final/skane_only/combined/results/structure/admixture/rep005/K2/run08
rep005	2	run09	0.35588	-8096233.748204	/cfs/klemming/home/t/tabeadi/tabea_work/08_population_analysis_final/skane_only/combined/results/structure/admixture/rep005/K2/run09/data.2.Q	/cfs/klemming/home/t/tabeadi/tabea_work/08_population_analysis_final/skane_only/combined/results/structure/admixture/rep005/K2/run09
rep005	2	run10	0.35587	-8096233.748244	/cfs/klemming/home/t/tabeadi/tabea_work/08_population_analysis_final/skane_only/combined/results/structure/admixture/rep005/K2/run10/data.2.Q	/cfs/klemming/home/t/tabeadi/tabea_work/08_population_analysis_final/skane_only/combined/results/structure/admixture/rep005/K2/run10
rep005	2	run11	0.35588	-8096233.748326	/cfs/klemming/home/t/tabeadi/tabea_work/08_population_analysis_final/skane_only/combined/results/structure/admixture/rep005/K2/run11/data.2.Q	/cfs/klemming/home/t/tabeadi/tabea_work/08_population_analysis_final/skane_only/combined/results/structure/admixture/rep005/K2/run11
rep005	2	run12	0.35588	-8096233.748226	/cfs/klemming/home/t/tabeadi/tabea_work/08_population_analysis_final/skane_only/combined/results/structure/admixture/rep005/K2/run12/data.2.Q	/cfs/klemming/home/t/tabeadi/tabea_work/08_population_analysis_final/skane_only/combined/results/structure/admixture/rep005/K2/run12
rep005	2	run13	0.35586	-8096233.748227	/cfs/klemming/home/t/tabeadi/tabea_work/08_population_analysis_final/skane_only/combined/results/structure/admixture/rep005/K2/run13/data.2.Q	/cfs/klemming/home/t/tabeadi/tabea_work/08_population_analysis_final/skane_only/combined/results/structure/admixture/rep005/K2/run13
rep005	2	run14	0.35588	-8096233.748284	/cfs/klemming/home/t/tabeadi/tabea_work/08_population_analysis_final/skane_only/combined/results/structure/admixture/rep005/K2/run14/data.2.Q	/cfs/klemming/home/t/tabeadi/tabea_work/08_population_analysis_final/skane_only/combined/results/structure/admixture/rep005/K2/run14
rep005	2	run15	0.35587	-8096233.748204	/cfs/klemming/home/t/tabeadi/tabea_work/08_population_analysis_final/skane_only/combined/results/structure/admixture/rep005/K2/run15/data.2.Q	/cfs/klemming/home/t/tabeadi/tabea_work/08_population_analysis_final/skane_only/combined/results/structure/admixture/rep005/K2/run15
rep005	2	run16	0.35587	-8096233.748224	/cfs/klemming/home/t/tabeadi/tabea_work/08_population_analysis_final/skane_only/combined/results/structure/admixture/rep005/K2/run16/data.2.Q	/cfs/klemming/home/t/tabeadi/tabea_work/08_population_analysis_final/skane_only/combined/results/structure/admixture/rep005/K2/run16
rep005	2	run17	0.35587	-8096233.748227	/cfs/klemming/home/t/tabeadi/tabea_work/08_population_analysis_final/skane_only/combined/results/structure/admixture/rep005/K2/run17/data.2.Q	/cfs/klemming/home/t/tabeadi/tabea_work/08_population_analysis_final/skane_only/combined/results/structure/admixture/rep005/K2/run17
rep005	2	run18	0.35588	-8096233.748203	/cfs/klemming/home/t/tabeadi/tabea_work/08_population_analysis_final/skane_only/combined/results/structure/admixture/rep005/K2/run18/data.2.Q	/cfs/klemming/home/t/tabeadi/tabea_work/08_population_analysis_final/skane_only/combined/results/structure/admixture/rep005/K2/run18
rep005	2	run19	0.35585	-8096233.748207	/cfs/klemming/home/t/tabeadi/tabea_work/08_population_analysis_final/skane_only/combined/results/structure/admixture/rep005/K2/run19/data.2.Q	/cfs/klemming/home/t/tabeadi/tabea_work/08_population_analysis_final/skane_only/combined/results/structure/admixture/rep005/K2/run19
rep005	2	run20	0.35587	-8096233.748235	/cfs/klemming/home/t/tabeadi/tabea_work/08_population_analysis_final/skane_only/combined/results/structure/admixture/rep005/K2/run20/data.2.Q	/cfs/klemming/home/t/tabeadi/tabea_work/08_population_analysis_final/skane_only/combined/results/structure/admixture/rep005/K2/run20
rep005	3	run01	0.35513	-8074492.979005	/cfs/klemming/home/t/tabeadi/tabea_work/08_population_analysis_final/skane_only/combined/results/structure/admixture/rep005/K3/run01/data.3.Q	/cfs/klemming/home/t/tabeadi/tabea_work/08_population_analysis_final/skane_only/combined/results/structure/admixture/rep005/K3/run01
rep005	3	run02	0.35516	-8074492.979008	/cfs/klemming/home/t/tabeadi/tabea_work/08_population_analysis_final/skane_only/combined/results/structure/admixture/rep005/K3/run02/data.3.Q	/cfs/klemming/home/t/tabeadi/tabea_work/08_population_analysis_final/skane_only/combined/results/structure/admixture/rep005/K3/run02
rep005	3	run03	0.35512	-8074492.981764	/cfs/klemming/home/t/tabeadi/tabea_work/08_population_analysis_final/skane_only/combined/results/structure/admixture/rep005/K3/run03/data.3.Q	/cfs/klemming/home/t/tabeadi/tabea_work/08_population_analysis_final/skane_only/combined/results/structure/admixture/rep005/K3/run03
rep005	3	run04	0.35513	-8074492.980618	/cfs/klemming/home/t/tabeadi/tabea_work/08_population_analysis_final/skane_only/combined/results/structure/admixture/rep005/K3/run04/data.3.Q	/cfs/klemming/home/t/tabeadi/tabea_work/08_population_analysis_final/skane_only/combined/results/structure/admixture/rep005/K3/run04
rep005	3	run05	0.35514	-8074492.983656	/cfs/klemming/home/t/tabeadi/tabea_work/08_population_analysis_final/skane_only/combined/results/structure/admixture/rep005/K3/run05/data.3.Q	/cfs/klemming/home/t/tabeadi/tabea_work/08_population_analysis_final/skane_only/combined/results/structure/admixture/rep005/K3/run05
rep005	3	run06	0.35514	-8074492.995172	/cfs/klemming/home/t/tabeadi/tabea_work/08_population_analysis_final/skane_only/combined/results/structure/admixture/rep005/K3/run06/data.3.Q	/cfs/klemming/home/t/tabeadi/tabea_work/08_population_analysis_final/skane_only/combined/results/structure/admixture/rep005/K3/run06
rep005	3	run07	0.35513	-8074492.978721	/cfs/klemming/home/t/tabeadi/tabea_work/08_population_analysis_final/skane_only/combined/results/structure/admixture/rep005/K3/run07/data.3.Q	/cfs/klemming/home/t/tabeadi/tabea_work/08_population_analysis_final/skane_only/combined/results/structure/admixture/rep005/K3/run07
rep005	3	run08	0.35511	-8074492.979416	/cfs/klemming/home/t/tabeadi/tabea_work/08_population_analysis_final/skane_only/combined/results/structure/admixture/rep005/K3/run08/data.3.Q	/cfs/klemming/home/t/tabeadi/tabea_work/08_population_analysis_final/skane_only/combined/results/structure/admixture/rep005/K3/run08
rep005	3	run09	0.35514	-8074492.979101	/cfs/klemming/home/t/tabeadi/tabea_work/08_population_analysis_final/skane_only/combined/results/structure/admixture/rep005/K3/run09/data.3.Q	/cfs/klemming/home/t/tabeadi/tabea_work/08_population_analysis_final/skane_only/combined/results/structure/admixture/rep005/K3/run09
rep005	3	run10	0.35512	-8074492.978768	/cfs/klemming/home/t/tabeadi/tabea_work/08_population_analysis_final/skane_only/combined/results/structure/admixture/rep005/K3/run10/data.3.Q	/cfs/klemming/home/t/tabeadi/tabea_work/08_population_analysis_final/skane_only/combined/results/structure/admixture/rep005/K3/run10
rep005	3	run11	0.35513	-8074492.97849	/cfs/klemming/home/t/tabeadi/tabea_work/08_population_analysis_final/skane_only/combined/results/structure/admixture/rep005/K3/run11/data.3.Q	/cfs/klemming/home/t/tabeadi/tabea_work/08_population_analysis_final/skane_only/combined/results/structure/admixture/rep005/K3/run11
rep005	3	run12	0.35513	-8074492.979198	/cfs/klemming/home/t/tabeadi/tabea_work/08_population_analysis_final/skane_only/combined/results/structure/admixture/rep005/K3/run12/data.3.Q	/cfs/klemming/home/t/tabeadi/tabea_work/08_population_analysis_final/skane_only/combined/results/structure/admixture/rep005/K3/run12
rep005	3	run13	0.35511	-8074492.981724	/cfs/klemming/home/t/tabeadi/tabea_work/08_population_analysis_final/skane_only/combined/results/structure/admixture/rep005/K3/run13/data.3.Q	/cfs/klemming/home/t/tabeadi/tabea_work/08_population_analysis_final/skane_only/combined/results/structure/admixture/rep005/K3/run13
rep005	3	run14	0.35514	-8074492.992222	/cfs/klemming/home/t/tabeadi/tabea_work/08_population_analysis_final/skane_only/combined/results/structure/admixture/rep005/K3/run14/data.3.Q	/cfs/klemming/home/t/tabeadi/tabea_work/08_population_analysis_final/skane_only/combined/results/structure/admixture/rep005/K3/run14
rep005	3	run15	0.35516	-8074492.982513	/cfs/klemming/home/t/tabeadi/tabea_work/08_population_analysis_final/skane_only/combined/results/structure/admixture/rep005/K3/run15/data.3.Q	/cfs/klemming/home/t/tabeadi/tabea_work/08_population_analysis_final/skane_only/combined/results/structure/admixture/rep005/K3/run15
rep005	3	run16	0.35515	-8074492.982345	/cfs/klemming/home/t/tabeadi/tabea_work/08_population_analysis_final/skane_only/combined/results/structure/admixture/rep005/K3/run16/data.3.Q	/cfs/klemming/home/t/tabeadi/tabea_work/08_population_analysis_final/skane_only/combined/results/structure/admixture/rep005/K3/run16
rep005	3	run17	0.35514	-8074492.984662	/cfs/klemming/home/t/tabeadi/tabea_work/08_population_analysis_final/skane_only/combined/results/structure/admixture/rep005/K3/run17/data.3.Q	/cfs/klemming/home/t/tabeadi/tabea_work/08_population_analysis_final/skane_only/combined/results/structure/admixture/rep005/K3/run17
rep005	3	run18	0.35513	-8074492.978485	/cfs/klemming/home/t/tabeadi/tabea_work/08_population_analysis_final/skane_only/combined/results/structure/admixture/rep005/K3/run18/data.3.Q	/cfs/klemming/home/t/tabeadi/tabea_work/08_population_analysis_final/skane_only/combined/results/structure/admixture/rep005/K3/run18
rep005	3	run19	0.35513	-8074492.981029	/cfs/klemming/home/t/tabeadi/tabea_work/08_population_analysis_final/skane_only/combined/results/structure/admixture/rep005/K3/run19/data.3.Q	/cfs/klemming/home/t/tabeadi/tabea_work/08_population_analysis_final/skane_only/combined/results/structure/admixture/rep005/K3/run19
rep005	3	run20	0.35514	-8074492.979772	/cfs/klemming/home/t/tabeadi/tabea_work/08_population_analysis_final/skane_only/combined/results/structure/admixture/rep005/K3/run20/data.3.Q	/cfs/klemming/home/t/tabeadi/tabea_work/08_population_analysis_final/skane_only/combined/results/structure/admixture/rep005/K3/run20
rep005	4	run01	0.35449	-8054592.302611	/cfs/klemming/home/t/tabeadi/tabea_work/08_population_analysis_final/skane_only/combined/results/structure/admixture/rep005/K4/run01/data.4.Q	/cfs/klemming/home/t/tabeadi/tabea_work/08_population_analysis_final/skane_only/combined/results/structure/admixture/rep005/K4/run01
rep005	4	run02	0.35451	-8054592.297932	/cfs/klemming/home/t/tabeadi/tabea_work/08_population_analysis_final/skane_only/combined/results/structure/admixture/rep005/K4/run02/data.4.Q	/cfs/klemming/home/t/tabeadi/tabea_work/08_population_analysis_final/skane_only/combined/results/structure/admixture/rep005/K4/run02
rep005	4	run03	0.35447	-8054592.29313	/cfs/klemming/home/t/tabeadi/tabea_work/08_population_analysis_final/skane_only/combined/results/structure/admixture/rep005/K4/run03/data.4.Q	/cfs/klemming/home/t/tabeadi/tabea_work/08_population_analysis_final/skane_only/combined/results/structure/admixture/rep005/K4/run03
rep005	4	run04	0.35446	-8054592.298165	/cfs/klemming/home/t/tabeadi/tabea_work/08_population_analysis_final/skane_only/combined/results/structure/admixture/rep005/K4/run04/data.4.Q	/cfs/klemming/home/t/tabeadi/tabea_work/08_population_analysis_final/skane_only/combined/results/structure/admixture/rep005/K4/run04
rep005	4	run05	0.35447	-8054592.295016	/cfs/klemming/home/t/tabeadi/tabea_work/08_population_analysis_final/skane_only/combined/results/structure/admixture/rep005/K4/run05/data.4.Q	/cfs/klemming/home/t/tabeadi/tabea_work/08_population_analysis_final/skane_only/combined/results/structure/admixture/rep005/K4/run05
rep005	4	run06	0.35449	-8054592.293364	/cfs/klemming/home/t/tabeadi/tabea_work/08_population_analysis_final/skane_only/combined/results/structure/admixture/rep005/K4/run06/data.4.Q	/cfs/klemming/home/t/tabeadi/tabea_work/08_population_analysis_final/skane_only/combined/results/structure/admixture/rep005/K4/run06
rep005	4	run07	0.35448	-8054592.29282	/cfs/klemming/home/t/tabeadi/tabea_work/08_population_analysis_final/skane_only/combined/results/structure/admixture/rep005/K4/run07/data.4.Q	/cfs/klemming/home/t/tabeadi/tabea_work/08_population_analysis_final/skane_only/combined/results/structure/admixture/rep005/K4/run07
rep005	4	run08	0.35449	-8054592.298223	/cfs/klemming/home/t/tabeadi/tabea_work/08_population_analysis_final/skane_only/combined/results/structure/admixture/rep005/K4/run08/data.4.Q	/cfs/klemming/home/t/tabeadi/tabea_work/08_population_analysis_final/skane_only/combined/results/structure/admixture/rep005/K4/run08
rep005	4	run09	0.3545	-8054592.29917	/cfs/klemming/home/t/tabeadi/tabea_work/08_population_analysis_final/skane_only/combined/results/structure/admixture/rep005/K4/run09/data.4.Q	/cfs/klemming/home/t/tabeadi/tabea_work/08_population_analysis_final/skane_only/combined/results/structure/admixture/rep005/K4/run09
rep005	4	run10	0.35447	-8054592.303164	/cfs/klemming/home/t/tabeadi/tabea_work/08_population_analysis_final/skane_only/combined/results/structure/admixture/rep005/K4/run10/data.4.Q	/cfs/klemming/home/t/tabeadi/tabea_work/08_population_analysis_final/skane_only/combined/results/structure/admixture/rep005/K4/run10
rep005	4	run11	0.35453	-8055479.978954	/cfs/klemming/home/t/tabeadi/tabea_work/08_population_analysis_final/skane_only/combined/results/structure/admixture/rep005/K4/run11/data.4.Q	/cfs/klemming/home/t/tabeadi/tabea_work/08_population_analysis_final/skane_only/combined/results/structure/admixture/rep005/K4/run11
rep005	4	run12	0.35447	-8054592.297903	/cfs/klemming/home/t/tabeadi/tabea_work/08_population_analysis_final/skane_only/combined/results/structure/admixture/rep005/K4/run12/data.4.Q	/cfs/klemming/home/t/tabeadi/tabea_work/08_population_analysis_final/skane_only/combined/results/structure/admixture/rep005/K4/run12
rep005	4	run13	0.35448	-8054592.29398	/cfs/klemming/home/t/tabeadi/tabea_work/08_population_analysis_final/skane_only/combined/results/structure/admixture/rep005/K4/run13/data.4.Q	/cfs/klemming/home/t/tabeadi/tabea_work/08_population_analysis_final/skane_only/combined/results/structure/admixture/rep005/K4/run13
rep005	4	run14	0.35448	-8054592.297729	/cfs/klemming/home/t/tabeadi/tabea_work/08_population_analysis_final/skane_only/combined/results/structure/admixture/rep005/K4/run14/data.4.Q	/cfs/klemming/home/t/tabeadi/tabea_work/08_population_analysis_final/skane_only/combined/results/structure/admixture/rep005/K4/run14
rep005	4	run15	0.35445	-8054592.296196	/cfs/klemming/home/t/tabeadi/tabea_work/08_population_analysis_final/skane_only/combined/results/structure/admixture/rep005/K4/run15/data.4.Q	/cfs/klemming/home/t/tabeadi/tabea_work/08_population_analysis_final/skane_only/combined/results/structure/admixture/rep005/K4/run15
rep005	4	run16	0.35448	-8054592.296408	/cfs/klemming/home/t/tabeadi/tabea_work/08_population_analysis_final/skane_only/combined/results/structure/admixture/rep005/K4/run16/data.4.Q	/cfs/klemming/home/t/tabeadi/tabea_work/08_population_analysis_final/skane_only/combined/results/structure/admixture/rep005/K4/run16
rep005	4	run17	0.35447	-8054592.294473	/cfs/klemming/home/t/tabeadi/tabea_work/08_population_analysis_final/skane_only/combined/results/structure/admixture/rep005/K4/run17/data.4.Q	/cfs/klemming/home/t/tabeadi/tabea_work/08_population_analysis_final/skane_only/combined/results/structure/admixture/rep005/K4/run17
rep005	4	run18	0.35446	-8054592.295297	/cfs/klemming/home/t/tabeadi/tabea_work/08_population_analysis_final/skane_only/combined/results/structure/admixture/rep005/K4/run18/data.4.Q	/cfs/klemming/home/t/tabeadi/tabea_work/08_population_analysis_final/skane_only/combined/results/structure/admixture/rep005/K4/run18
rep005	4	run19	0.35447	-8054592.302267	/cfs/klemming/home/t/tabeadi/tabea_work/08_population_analysis_final/skane_only/combined/results/structure/admixture/rep005/K4/run19/data.4.Q	/cfs/klemming/home/t/tabeadi/tabea_work/08_population_analysis_final/skane_only/combined/results/structure/admixture/rep005/K4/run19
rep005	4	run20	0.35447	-8054592.299328	/cfs/klemming/home/t/tabeadi/tabea_work/08_population_analysis_final/skane_only/combined/results/structure/admixture/rep005/K4/run20/data.4.Q	/cfs/klemming/home/t/tabeadi/tabea_work/08_population_analysis_final/skane_only/combined/results/structure/admixture/rep005/K4/run20
rep005	5	run01	0.35383	-8036000.944705	/cfs/klemming/home/t/tabeadi/tabea_work/08_population_analysis_final/skane_only/combined/results/structure/admixture/rep005/K5/run01/data.5.Q	/cfs/klemming/home/t/tabeadi/tabea_work/08_population_analysis_final/skane_only/combined/results/structure/admixture/rep005/K5/run01
rep005	5	run02	0.35386	-8036000.928459	/cfs/klemming/home/t/tabeadi/tabea_work/08_population_analysis_final/skane_only/combined/results/structure/admixture/rep005/K5/run02/data.5.Q	/cfs/klemming/home/t/tabeadi/tabea_work/08_population_analysis_final/skane_only/combined/results/structure/admixture/rep005/K5/run02
rep005	5	run03	0.35386	-8036000.931242	/cfs/klemming/home/t/tabeadi/tabea_work/08_population_analysis_final/skane_only/combined/results/structure/admixture/rep005/K5/run03/data.5.Q	/cfs/klemming/home/t/tabeadi/tabea_work/08_population_analysis_final/skane_only/combined/results/structure/admixture/rep005/K5/run03
rep005	5	run04	0.35381	-8036000.932226	/cfs/klemming/home/t/tabeadi/tabea_work/08_population_analysis_final/skane_only/combined/results/structure/admixture/rep005/K5/run04/data.5.Q	/cfs/klemming/home/t/tabeadi/tabea_work/08_population_analysis_final/skane_only/combined/results/structure/admixture/rep005/K5/run04
rep005	5	run05	0.35386	-8036000.931149	/cfs/klemming/home/t/tabeadi/tabea_work/08_population_analysis_final/skane_only/combined/results/structure/admixture/rep005/K5/run05/data.5.Q	/cfs/klemming/home/t/tabeadi/tabea_work/08_population_analysis_final/skane_only/combined/results/structure/admixture/rep005/K5/run05
rep005	5	run06	0.35383	-8036000.945157	/cfs/klemming/home/t/tabeadi/tabea_work/08_population_analysis_final/skane_only/combined/results/structure/admixture/rep005/K5/run06/data.5.Q	/cfs/klemming/home/t/tabeadi/tabea_work/08_population_analysis_final/skane_only/combined/results/structure/admixture/rep005/K5/run06
rep005	5	run07	0.35385	-8036000.965893	/cfs/klemming/home/t/tabeadi/tabea_work/08_population_analysis_final/skane_only/combined/results/structure/admixture/rep005/K5/run07/data.5.Q	/cfs/klemming/home/t/tabeadi/tabea_work/08_population_analysis_final/skane_only/combined/results/structure/admixture/rep005/K5/run07
rep005	5	run08	0.35389	-8036000.94071	/cfs/klemming/home/t/tabeadi/tabea_work/08_population_analysis_final/skane_only/combined/results/structure/admixture/rep005/K5/run08/data.5.Q	/cfs/klemming/home/t/tabeadi/tabea_work/08_population_analysis_final/skane_only/combined/results/structure/admixture/rep005/K5/run08
rep005	5	run09	0.35383	-8036000.985154	/cfs/klemming/home/t/tabeadi/tabea_work/08_population_analysis_final/skane_only/combined/results/structure/admixture/rep005/K5/run09/data.5.Q	/cfs/klemming/home/t/tabeadi/tabea_work/08_population_analysis_final/skane_only/combined/results/structure/admixture/rep005/K5/run09
rep005	5	run10	0.35382	-8036000.940481	/cfs/klemming/home/t/tabeadi/tabea_work/08_population_analysis_final/skane_only/combined/results/structure/admixture/rep005/K5/run10/data.5.Q	/cfs/klemming/home/t/tabeadi/tabea_work/08_population_analysis_final/skane_only/combined/results/structure/admixture/rep005/K5/run10
rep005	5	run11	0.35384	-8036000.938958	/cfs/klemming/home/t/tabeadi/tabea_work/08_population_analysis_final/skane_only/combined/results/structure/admixture/rep005/K5/run11/data.5.Q	/cfs/klemming/home/t/tabeadi/tabea_work/08_population_analysis_final/skane_only/combined/results/structure/admixture/rep005/K5/run11
rep005	5	run12	0.35389	-8036000.930631	/cfs/klemming/home/t/tabeadi/tabea_work/08_population_analysis_final/skane_only/combined/results/structure/admixture/rep005/K5/run12/data.5.Q	/cfs/klemming/home/t/tabeadi/tabea_work/08_population_analysis_final/skane_only/combined/results/structure/admixture/rep005/K5/run12
rep005	5	run13	0.35384	-8036000.931763	/cfs/klemming/home/t/tabeadi/tabea_work/08_population_analysis_final/skane_only/combined/results/structure/admixture/rep005/K5/run13/data.5.Q	/cfs/klemming/home/t/tabeadi/tabea_work/08_population_analysis_final/skane_only/combined/results/structure/admixture/rep005/K5/run13
rep005	5	run14	0.35382	-8036000.938752	/cfs/klemming/home/t/tabeadi/tabea_work/08_population_analysis_final/skane_only/combined/results/structure/admixture/rep005/K5/run14/data.5.Q	/cfs/klemming/home/t/tabeadi/tabea_work/08_population_analysis_final/skane_only/combined/results/structure/admixture/rep005/K5/run14
rep005	5	run15	0.35385	-8036000.946715	/cfs/klemming/home/t/tabeadi/tabea_work/08_population_analysis_final/skane_only/combined/results/structure/admixture/rep005/K5/run15/data.5.Q	/cfs/klemming/home/t/tabeadi/tabea_work/08_population_analysis_final/skane_only/combined/results/structure/admixture/rep005/K5/run15
rep005	5	run16	0.35384	-8036000.940342	/cfs/klemming/home/t/tabeadi/tabea_work/08_population_analysis_final/skane_only/combined/results/structure/admixture/rep005/K5/run16/data.5.Q	/cfs/klemming/home/t/tabeadi/tabea_work/08_population_analysis_final/skane_only/combined/results/structure/admixture/rep005/K5/run16
rep005	5	run17	0.35384	-8036000.94254	/cfs/klemming/home/t/tabeadi/tabea_work/08_population_analysis_final/skane_only/combined/results/structure/admixture/rep005/K5/run17/data.5.Q	/cfs/klemming/home/t/tabeadi/tabea_work/08_population_analysis_final/skane_only/combined/results/structure/admixture/rep005/K5/run17
rep005	5	run18	0.35381	-8036000.938326	/cfs/klemming/home/t/tabeadi/tabea_work/08_population_analysis_final/skane_only/combined/results/structure/admixture/rep005/K5/run18/data.5.Q	/cfs/klemming/home/t/tabeadi/tabea_work/08_population_analysis_final/skane_only/combined/results/structure/admixture/rep005/K5/run18
rep005	5	run19	0.35384	-8036000.931421	/cfs/klemming/home/t/tabeadi/tabea_work/08_population_analysis_final/skane_only/combined/results/structure/admixture/rep005/K5/run19/data.5.Q	/cfs/klemming/home/t/tabeadi/tabea_work/08_population_analysis_final/skane_only/combined/results/structure/admixture/rep005/K5/run19
rep005	5	run20	0.35383	-8036000.934008	/cfs/klemming/home/t/tabeadi/tabea_work/08_population_analysis_final/skane_only/combined/results/structure/admixture/rep005/K5/run20/data.5.Q	/cfs/klemming/home/t/tabeadi/tabea_work/08_population_analysis_final/skane_only/combined/results/structure/admixture/rep005/K5/run20
rep005	6	run01	0.3533	-8018819.993282	/cfs/klemming/home/t/tabeadi/tabea_work/08_population_analysis_final/skane_only/combined/results/structure/admixture/rep005/K6/run01/data.6.Q	/cfs/klemming/home/t/tabeadi/tabea_work/08_population_analysis_final/skane_only/combined/results/structure/admixture/rep005/K6/run01
rep005	6	run02	0.35326	-8018820.021618	/cfs/klemming/home/t/tabeadi/tabea_work/08_population_analysis_final/skane_only/combined/results/structure/admixture/rep005/K6/run02/data.6.Q	/cfs/klemming/home/t/tabeadi/tabea_work/08_population_analysis_final/skane_only/combined/results/structure/admixture/rep005/K6/run02
rep005	6	run03	0.35331	-8018819.991991	/cfs/klemming/home/t/tabeadi/tabea_work/08_population_analysis_final/skane_only/combined/results/structure/admixture/rep005/K6/run03/data.6.Q	/cfs/klemming/home/t/tabeadi/tabea_work/08_population_analysis_final/skane_only/combined/results/structure/admixture/rep005/K6/run03
rep005	6	run04	0.35326	-8018820.043374	/cfs/klemming/home/t/tabeadi/tabea_work/08_population_analysis_final/skane_only/combined/results/structure/admixture/rep005/K6/run04/data.6.Q	/cfs/klemming/home/t/tabeadi/tabea_work/08_population_analysis_final/skane_only/combined/results/structure/admixture/rep005/K6/run04
rep005	6	run05	0.35331	-8018820.002278	/cfs/klemming/home/t/tabeadi/tabea_work/08_population_analysis_final/skane_only/combined/results/structure/admixture/rep005/K6/run05/data.6.Q	/cfs/klemming/home/t/tabeadi/tabea_work/08_population_analysis_final/skane_only/combined/results/structure/admixture/rep005/K6/run05
rep005	6	run06	0.35329	-8018820.015878	/cfs/klemming/home/t/tabeadi/tabea_work/08_population_analysis_final/skane_only/combined/results/structure/admixture/rep005/K6/run06/data.6.Q	/cfs/klemming/home/t/tabeadi/tabea_work/08_population_analysis_final/skane_only/combined/results/structure/admixture/rep005/K6/run06
rep005	6	run07	0.35325	-8018820.074784	/cfs/klemming/home/t/tabeadi/tabea_work/08_population_analysis_final/skane_only/combined/results/structure/admixture/rep005/K6/run07/data.6.Q	/cfs/klemming/home/t/tabeadi/tabea_work/08_population_analysis_final/skane_only/combined/results/structure/admixture/rep005/K6/run07
rep005	6	run08	0.35326	-8018820.012378	/cfs/klemming/home/t/tabeadi/tabea_work/08_population_analysis_final/skane_only/combined/results/structure/admixture/rep005/K6/run08/data.6.Q	/cfs/klemming/home/t/tabeadi/tabea_work/08_population_analysis_final/skane_only/combined/results/structure/admixture/rep005/K6/run08
rep005	6	run09	0.35329	-8018820.001116	/cfs/klemming/home/t/tabeadi/tabea_work/08_population_analysis_final/skane_only/combined/results/structure/admixture/rep005/K6/run09/data.6.Q	/cfs/klemming/home/t/tabeadi/tabea_work/08_population_analysis_final/skane_only/combined/results/structure/admixture/rep005/K6/run09
rep005	6	run10	0.3533	-8018820.015328	/cfs/klemming/home/t/tabeadi/tabea_work/08_population_analysis_final/skane_only/combined/results/structure/admixture/rep005/K6/run10/data.6.Q	/cfs/klemming/home/t/tabeadi/tabea_work/08_population_analysis_final/skane_only/combined/results/structure/admixture/rep005/K6/run10
rep005	6	run11	0.35327	-8018820.019389	/cfs/klemming/home/t/tabeadi/tabea_work/08_population_analysis_final/skane_only/combined/results/structure/admixture/rep005/K6/run11/data.6.Q	/cfs/klemming/home/t/tabeadi/tabea_work/08_population_analysis_final/skane_only/combined/results/structure/admixture/rep005/K6/run11
rep005	6	run12	0.35329	-8018819.999316	/cfs/klemming/home/t/tabeadi/tabea_work/08_population_analysis_final/skane_only/combined/results/structure/admixture/rep005/K6/run12/data.6.Q	/cfs/klemming/home/t/tabeadi/tabea_work/08_population_analysis_final/skane_only/combined/results/structure/admixture/rep005/K6/run12
rep005	6	run13	0.35322	-8018820.005481	/cfs/klemming/home/t/tabeadi/tabea_work/08_population_analysis_final/skane_only/combined/results/structure/admixture/rep005/K6/run13/data.6.Q	/cfs/klemming/home/t/tabeadi/tabea_work/08_population_analysis_final/skane_only/combined/results/structure/admixture/rep005/K6/run13
rep005	6	run14	0.35328	-8018819.9956	/cfs/klemming/home/t/tabeadi/tabea_work/08_population_analysis_final/skane_only/combined/results/structure/admixture/rep005/K6/run14/data.6.Q	/cfs/klemming/home/t/tabeadi/tabea_work/08_population_analysis_final/skane_only/combined/results/structure/admixture/rep005/K6/run14
rep005	6	run15	0.3533	-8018820.065108	/cfs/klemming/home/t/tabeadi/tabea_work/08_population_analysis_final/skane_only/combined/results/structure/admixture/rep005/K6/run15/data.6.Q	/cfs/klemming/home/t/tabeadi/tabea_work/08_population_analysis_final/skane_only/combined/results/structure/admixture/rep005/K6/run15
rep005	6	run16	0.35327	-8018820.016138	/cfs/klemming/home/t/tabeadi/tabea_work/08_population_analysis_final/skane_only/combined/results/structure/admixture/rep005/K6/run16/data.6.Q	/cfs/klemming/home/t/tabeadi/tabea_work/08_population_analysis_final/skane_only/combined/results/structure/admixture/rep005/K6/run16
rep005	6	run17	0.35327	-8018820.020082	/cfs/klemming/home/t/tabeadi/tabea_work/08_population_analysis_final/skane_only/combined/results/structure/admixture/rep005/K6/run17/data.6.Q	/cfs/klemming/home/t/tabeadi/tabea_work/08_population_analysis_final/skane_only/combined/results/structure/admixture/rep005/K6/run17
rep005	6	run18	0.35331	-8018820.02057	/cfs/klemming/home/t/tabeadi/tabea_work/08_population_analysis_final/skane_only/combined/results/structure/admixture/rep005/K6/run18/data.6.Q	/cfs/klemming/home/t/tabeadi/tabea_work/08_population_analysis_final/skane_only/combined/results/structure/admixture/rep005/K6/run18
rep005	6	run19	0.35326	-8018819.998245	/cfs/klemming/home/t/tabeadi/tabea_work/08_population_analysis_final/skane_only/combined/results/structure/admixture/rep005/K6/run19/data.6.Q	/cfs/klemming/home/t/tabeadi/tabea_work/08_population_analysis_final/skane_only/combined/results/structure/admixture/rep005/K6/run19
rep005	6	run20	0.35328	-8018820.001069	/cfs/klemming/home/t/tabeadi/tabea_work/08_population_analysis_final/skane_only/combined/results/structure/admixture/rep005/K6/run20/data.6.Q	/cfs/klemming/home/t/tabeadi/tabea_work/08_population_analysis_final/skane_only/combined/results/structure/admixture/rep005/K6/run20
rep005	7	run01	0.35298	-8004202.082808	/cfs/klemming/home/t/tabeadi/tabea_work/08_population_analysis_final/skane_only/combined/results/structure/admixture/rep005/K7/run01/data.7.Q	/cfs/klemming/home/t/tabeadi/tabea_work/08_population_analysis_final/skane_only/combined/results/structure/admixture/rep005/K7/run01
rep005	7	run02	0.35287	-8003841.785968	/cfs/klemming/home/t/tabeadi/tabea_work/08_population_analysis_final/skane_only/combined/results/structure/admixture/rep005/K7/run02/data.7.Q	/cfs/klemming/home/t/tabeadi/tabea_work/08_population_analysis_final/skane_only/combined/results/structure/admixture/rep005/K7/run02
rep005	7	run03	0.3529	-8003841.888325	/cfs/klemming/home/t/tabeadi/tabea_work/08_population_analysis_final/skane_only/combined/results/structure/admixture/rep005/K7/run03/data.7.Q	/cfs/klemming/home/t/tabeadi/tabea_work/08_population_analysis_final/skane_only/combined/results/structure/admixture/rep005/K7/run03
rep005	7	run04	0.35298	-8004202.081353	/cfs/klemming/home/t/tabeadi/tabea_work/08_population_analysis_final/skane_only/combined/results/structure/admixture/rep005/K7/run04/data.7.Q	/cfs/klemming/home/t/tabeadi/tabea_work/08_population_analysis_final/skane_only/combined/results/structure/admixture/rep005/K7/run04
rep005	7	run05	0.3529	-8003841.899191	/cfs/klemming/home/t/tabeadi/tabea_work/08_population_analysis_final/skane_only/combined/results/structure/admixture/rep005/K7/run05/data.7.Q	/cfs/klemming/home/t/tabeadi/tabea_work/08_population_analysis_final/skane_only/combined/results/structure/admixture/rep005/K7/run05
rep005	7	run06	0.35302	-8004202.258284	/cfs/klemming/home/t/tabeadi/tabea_work/08_population_analysis_final/skane_only/combined/results/structure/admixture/rep005/K7/run06/data.7.Q	/cfs/klemming/home/t/tabeadi/tabea_work/08_population_analysis_final/skane_only/combined/results/structure/admixture/rep005/K7/run06
rep005	7	run07	0.35298	-8004202.109063	/cfs/klemming/home/t/tabeadi/tabea_work/08_population_analysis_final/skane_only/combined/results/structure/admixture/rep005/K7/run07/data.7.Q	/cfs/klemming/home/t/tabeadi/tabea_work/08_population_analysis_final/skane_only/combined/results/structure/admixture/rep005/K7/run07
rep005	7	run08	0.35293	-8003841.703106	/cfs/klemming/home/t/tabeadi/tabea_work/08_population_analysis_final/skane_only/combined/results/structure/admixture/rep005/K7/run08/data.7.Q	/cfs/klemming/home/t/tabeadi/tabea_work/08_population_analysis_final/skane_only/combined/results/structure/admixture/rep005/K7/run08
rep005	7	run09	0.35292	-8003841.70919	/cfs/klemming/home/t/tabeadi/tabea_work/08_population_analysis_final/skane_only/combined/results/structure/admixture/rep005/K7/run09/data.7.Q	/cfs/klemming/home/t/tabeadi/tabea_work/08_population_analysis_final/skane_only/combined/results/structure/admixture/rep005/K7/run09
rep005	7	run10	0.35288	-8003841.89262	/cfs/klemming/home/t/tabeadi/tabea_work/08_population_analysis_final/skane_only/combined/results/structure/admixture/rep005/K7/run10/data.7.Q	/cfs/klemming/home/t/tabeadi/tabea_work/08_population_analysis_final/skane_only/combined/results/structure/admixture/rep005/K7/run10
rep005	7	run11	0.353	-8004202.077632	/cfs/klemming/home/t/tabeadi/tabea_work/08_population_analysis_final/skane_only/combined/results/structure/admixture/rep005/K7/run11/data.7.Q	/cfs/klemming/home/t/tabeadi/tabea_work/08_population_analysis_final/skane_only/combined/results/structure/admixture/rep005/K7/run11
rep005	7	run12	0.35293	-8003841.776959	/cfs/klemming/home/t/tabeadi/tabea_work/08_population_analysis_final/skane_only/combined/results/structure/admixture/rep005/K7/run12/data.7.Q	/cfs/klemming/home/t/tabeadi/tabea_work/08_population_analysis_final/skane_only/combined/results/structure/admixture/rep005/K7/run12
rep005	7	run13	0.35292	-8003841.713314	/cfs/klemming/home/t/tabeadi/tabea_work/08_population_analysis_final/skane_only/combined/results/structure/admixture/rep005/K7/run13/data.7.Q	/cfs/klemming/home/t/tabeadi/tabea_work/08_population_analysis_final/skane_only/combined/results/structure/admixture/rep005/K7/run13
rep005	7	run14	0.35287	-8003841.793612	/cfs/klemming/home/t/tabeadi/tabea_work/08_population_analysis_final/skane_only/combined/results/structure/admixture/rep005/K7/run14/data.7.Q	/cfs/klemming/home/t/tabeadi/tabea_work/08_population_analysis_final/skane_only/combined/results/structure/admixture/rep005/K7/run14
rep005	7	run15	0.35291	-8003841.726263	/cfs/klemming/home/t/tabeadi/tabea_work/08_population_analysis_final/skane_only/combined/results/structure/admixture/rep005/K7/run15/data.7.Q	/cfs/klemming/home/t/tabeadi/tabea_work/08_population_analysis_final/skane_only/combined/results/structure/admixture/rep005/K7/run15
rep005	7	run16	0.35297	-8004411.600881	/cfs/klemming/home/t/tabeadi/tabea_work/08_population_analysis_final/skane_only/combined/results/structure/admixture/rep005/K7/run16/data.7.Q	/cfs/klemming/home/t/tabeadi/tabea_work/08_population_analysis_final/skane_only/combined/results/structure/admixture/rep005/K7/run16
rep005	7	run17	0.35301	-8004364.861636	/cfs/klemming/home/t/tabeadi/tabea_work/08_population_analysis_final/skane_only/combined/results/structure/admixture/rep005/K7/run17/data.7.Q	/cfs/klemming/home/t/tabeadi/tabea_work/08_population_analysis_final/skane_only/combined/results/structure/admixture/rep005/K7/run17
rep005	7	run18	0.35289	-8003841.726328	/cfs/klemming/home/t/tabeadi/tabea_work/08_population_analysis_final/skane_only/combined/results/structure/admixture/rep005/K7/run18/data.7.Q	/cfs/klemming/home/t/tabeadi/tabea_work/08_population_analysis_final/skane_only/combined/results/structure/admixture/rep005/K7/run18
rep005	7	run19	0.35289	-8003841.840923	/cfs/klemming/home/t/tabeadi/tabea_work/08_population_analysis_final/skane_only/combined/results/structure/admixture/rep005/K7/run19/data.7.Q	/cfs/klemming/home/t/tabeadi/tabea_work/08_population_analysis_final/skane_only/combined/results/structure/admixture/rep005/K7/run19
rep005	7	run20	0.35293	-8004365.034138	/cfs/klemming/home/t/tabeadi/tabea_work/08_population_analysis_final/skane_only/combined/results/structure/admixture/rep005/K7/run20/data.7.Q	/cfs/klemming/home/t/tabeadi/tabea_work/08_population_analysis_final/skane_only/combined/results/structure/admixture/rep005/K7/run20
rep005	8	run01	0.35264	-7989873.802024	/cfs/klemming/home/t/tabeadi/tabea_work/08_population_analysis_final/skane_only/combined/results/structure/admixture/rep005/K8/run01/data.8.Q	/cfs/klemming/home/t/tabeadi/tabea_work/08_population_analysis_final/skane_only/combined/results/structure/admixture/rep005/K8/run01
rep005	8	run02	0.35272	-7990408.647693	/cfs/klemming/home/t/tabeadi/tabea_work/08_population_analysis_final/skane_only/combined/results/structure/admixture/rep005/K8/run02/data.8.Q	/cfs/klemming/home/t/tabeadi/tabea_work/08_population_analysis_final/skane_only/combined/results/structure/admixture/rep005/K8/run02
rep005	8	run03	0.3527	-7990022.723096	/cfs/klemming/home/t/tabeadi/tabea_work/08_population_analysis_final/skane_only/combined/results/structure/admixture/rep005/K8/run03/data.8.Q	/cfs/klemming/home/t/tabeadi/tabea_work/08_population_analysis_final/skane_only/combined/results/structure/admixture/rep005/K8/run03
rep005	8	run04	0.35264	-7989567.71466	/cfs/klemming/home/t/tabeadi/tabea_work/08_population_analysis_final/skane_only/combined/results/structure/admixture/rep005/K8/run04/data.8.Q	/cfs/klemming/home/t/tabeadi/tabea_work/08_population_analysis_final/skane_only/combined/results/structure/admixture/rep005/K8/run04
rep005	8	run05	0.35261	-7989873.897952	/cfs/klemming/home/t/tabeadi/tabea_work/08_population_analysis_final/skane_only/combined/results/structure/admixture/rep005/K8/run05/data.8.Q	/cfs/klemming/home/t/tabeadi/tabea_work/08_population_analysis_final/skane_only/combined/results/structure/admixture/rep005/K8/run05
rep005	8	run06	0.35262	-7989873.827311	/cfs/klemming/home/t/tabeadi/tabea_work/08_population_analysis_final/skane_only/combined/results/structure/admixture/rep005/K8/run06/data.8.Q	/cfs/klemming/home/t/tabeadi/tabea_work/08_population_analysis_final/skane_only/combined/results/structure/admixture/rep005/K8/run06
rep005	8	run07	0.35263	-7989719.980441	/cfs/klemming/home/t/tabeadi/tabea_work/08_population_analysis_final/skane_only/combined/results/structure/admixture/rep005/K8/run07/data.8.Q	/cfs/klemming/home/t/tabeadi/tabea_work/08_population_analysis_final/skane_only/combined/results/structure/admixture/rep005/K8/run07
rep005	8	run08	0.35266	-7990022.980355	/cfs/klemming/home/t/tabeadi/tabea_work/08_population_analysis_final/skane_only/combined/results/structure/admixture/rep005/K8/run08/data.8.Q	/cfs/klemming/home/t/tabeadi/tabea_work/08_population_analysis_final/skane_only/combined/results/structure/admixture/rep005/K8/run08
rep005	8	run09	0.35263	-7990080.37001	/cfs/klemming/home/t/tabeadi/tabea_work/08_population_analysis_final/skane_only/combined/results/structure/admixture/rep005/K8/run09/data.8.Q	/cfs/klemming/home/t/tabeadi/tabea_work/08_population_analysis_final/skane_only/combined/results/structure/admixture/rep005/K8/run09
rep005	8	run10	0.35262	-7989720.046241	/cfs/klemming/home/t/tabeadi/tabea_work/08_population_analysis_final/skane_only/combined/results/structure/admixture/rep005/K8/run10/data.8.Q	/cfs/klemming/home/t/tabeadi/tabea_work/08_population_analysis_final/skane_only/combined/results/structure/admixture/rep005/K8/run10
rep005	8	run11	0.35256	-7989720.057115	/cfs/klemming/home/t/tabeadi/tabea_work/08_population_analysis_final/skane_only/combined/results/structure/admixture/rep005/K8/run11/data.8.Q	/cfs/klemming/home/t/tabeadi/tabea_work/08_population_analysis_final/skane_only/combined/results/structure/admixture/rep005/K8/run11
rep005	8	run12	0.35256	-7989719.800994	/cfs/klemming/home/t/tabeadi/tabea_work/08_population_analysis_final/skane_only/combined/results/structure/admixture/rep005/K8/run12/data.8.Q	/cfs/klemming/home/t/tabeadi/tabea_work/08_population_analysis_final/skane_only/combined/results/structure/admixture/rep005/K8/run12
rep005	8	run13	0.35268	-7989567.726474	/cfs/klemming/home/t/tabeadi/tabea_work/08_population_analysis_final/skane_only/combined/results/structure/admixture/rep005/K8/run13/data.8.Q	/cfs/klemming/home/t/tabeadi/tabea_work/08_population_analysis_final/skane_only/combined/results/structure/admixture/rep005/K8/run13
rep005	8	run14	0.35268	-7989567.597755	/cfs/klemming/home/t/tabeadi/tabea_work/08_population_analysis_final/skane_only/combined/results/structure/admixture/rep005/K8/run14/data.8.Q	/cfs/klemming/home/t/tabeadi/tabea_work/08_population_analysis_final/skane_only/combined/results/structure/admixture/rep005/K8/run14
rep005	8	run15	0.35262	-7989881.109269	/cfs/klemming/home/t/tabeadi/tabea_work/08_population_analysis_final/skane_only/combined/results/structure/admixture/rep005/K8/run15/data.8.Q	/cfs/klemming/home/t/tabeadi/tabea_work/08_population_analysis_final/skane_only/combined/results/structure/admixture/rep005/K8/run15
rep005	8	run16	0.35262	-7990005.39195	/cfs/klemming/home/t/tabeadi/tabea_work/08_population_analysis_final/skane_only/combined/results/structure/admixture/rep005/K8/run16/data.8.Q	/cfs/klemming/home/t/tabeadi/tabea_work/08_population_analysis_final/skane_only/combined/results/structure/admixture/rep005/K8/run16
rep005	8	run17	0.35267	-7990726.207814	/cfs/klemming/home/t/tabeadi/tabea_work/08_population_analysis_final/skane_only/combined/results/structure/admixture/rep005/K8/run17/data.8.Q	/cfs/klemming/home/t/tabeadi/tabea_work/08_population_analysis_final/skane_only/combined/results/structure/admixture/rep005/K8/run17
rep005	8	run18	0.35267	-7989567.617681	/cfs/klemming/home/t/tabeadi/tabea_work/08_population_analysis_final/skane_only/combined/results/structure/admixture/rep005/K8/run18/data.8.Q	/cfs/klemming/home/t/tabeadi/tabea_work/08_population_analysis_final/skane_only/combined/results/structure/admixture/rep005/K8/run18
rep005	8	run19	0.35267	-7989567.392392	/cfs/klemming/home/t/tabeadi/tabea_work/08_population_analysis_final/skane_only/combined/results/structure/admixture/rep005/K8/run19/data.8.Q	/cfs/klemming/home/t/tabeadi/tabea_work/08_population_analysis_final/skane_only/combined/results/structure/admixture/rep005/K8/run19
rep005	8	run20	0.35262	-7989881.337837	/cfs/klemming/home/t/tabeadi/tabea_work/08_population_analysis_final/skane_only/combined/results/structure/admixture/rep005/K8/run20/data.8.Q	/cfs/klemming/home/t/tabeadi/tabea_work/08_population_analysis_final/skane_only/combined/results/structure/admixture/rep005/K8/run20
rep008	1	run01	0.35808	-8033381.663784	/cfs/klemming/home/t/tabeadi/tabea_work/08_population_analysis_final/skane_only/combined/results/structure/admixture/rep008/K1/run01/data.1.Q	/cfs/klemming/home/t/tabeadi/tabea_work/08_population_analysis_final/skane_only/combined/results/structure/admixture/rep008/K1/run01
rep008	1	run02	0.35806	-8033381.663784	/cfs/klemming/home/t/tabeadi/tabea_work/08_population_analysis_final/skane_only/combined/results/structure/admixture/rep008/K1/run02/data.1.Q	/cfs/klemming/home/t/tabeadi/tabea_work/08_population_analysis_final/skane_only/combined/results/structure/admixture/rep008/K1/run02
rep008	1	run03	0.35808	-8033381.663784	/cfs/klemming/home/t/tabeadi/tabea_work/08_population_analysis_final/skane_only/combined/results/structure/admixture/rep008/K1/run03/data.1.Q	/cfs/klemming/home/t/tabeadi/tabea_work/08_population_analysis_final/skane_only/combined/results/structure/admixture/rep008/K1/run03
rep008	1	run04	0.35807	-8033381.663784	/cfs/klemming/home/t/tabeadi/tabea_work/08_population_analysis_final/skane_only/combined/results/structure/admixture/rep008/K1/run04/data.1.Q	/cfs/klemming/home/t/tabeadi/tabea_work/08_population_analysis_final/skane_only/combined/results/structure/admixture/rep008/K1/run04
rep008	1	run05	0.35809	-8033381.663784	/cfs/klemming/home/t/tabeadi/tabea_work/08_population_analysis_final/skane_only/combined/results/structure/admixture/rep008/K1/run05/data.1.Q	/cfs/klemming/home/t/tabeadi/tabea_work/08_population_analysis_final/skane_only/combined/results/structure/admixture/rep008/K1/run05
rep008	1	run06	0.35808	-8033381.663784	/cfs/klemming/home/t/tabeadi/tabea_work/08_population_analysis_final/skane_only/combined/results/structure/admixture/rep008/K1/run06/data.1.Q	/cfs/klemming/home/t/tabeadi/tabea_work/08_population_analysis_final/skane_only/combined/results/structure/admixture/rep008/K1/run06
rep008	1	run07	0.35808	-8033381.663784	/cfs/klemming/home/t/tabeadi/tabea_work/08_population_analysis_final/skane_only/combined/results/structure/admixture/rep008/K1/run07/data.1.Q	/cfs/klemming/home/t/tabeadi/tabea_work/08_population_analysis_final/skane_only/combined/results/structure/admixture/rep008/K1/run07
rep008	1	run08	0.35807	-8033381.663784	/cfs/klemming/home/t/tabeadi/tabea_work/08_population_analysis_final/skane_only/combined/results/structure/admixture/rep008/K1/run08/data.1.Q	/cfs/klemming/home/t/tabeadi/tabea_work/08_population_analysis_final/skane_only/combined/results/structure/admixture/rep008/K1/run08
rep008	1	run09	0.35808	-8033381.663784	/cfs/klemming/home/t/tabeadi/tabea_work/08_population_analysis_final/skane_only/combined/results/structure/admixture/rep008/K1/run09/data.1.Q	/cfs/klemming/home/t/tabeadi/tabea_work/08_population_analysis_final/skane_only/combined/results/structure/admixture/rep008/K1/run09
rep008	1	run10	0.35808	-8033381.663784	/cfs/klemming/home/t/tabeadi/tabea_work/08_population_analysis_final/skane_only/combined/results/structure/admixture/rep008/K1/run10/data.1.Q	/cfs/klemming/home/t/tabeadi/tabea_work/08_population_analysis_final/skane_only/combined/results/structure/admixture/rep008/K1/run10
rep008	1	run11	0.35808	-8033381.663784	/cfs/klemming/home/t/tabeadi/tabea_work/08_population_analysis_final/skane_only/combined/results/structure/admixture/rep008/K1/run11/data.1.Q	/cfs/klemming/home/t/tabeadi/tabea_work/08_population_analysis_final/skane_only/combined/results/structure/admixture/rep008/K1/run11
rep008	1	run12	0.35808	-8033381.663784	/cfs/klemming/home/t/tabeadi/tabea_work/08_population_analysis_final/skane_only/combined/results/structure/admixture/rep008/K1/run12/data.1.Q	/cfs/klemming/home/t/tabeadi/tabea_work/08_population_analysis_final/skane_only/combined/results/structure/admixture/rep008/K1/run12
rep008	1	run13	0.35808	-8033381.663784	/cfs/klemming/home/t/tabeadi/tabea_work/08_population_analysis_final/skane_only/combined/results/structure/admixture/rep008/K1/run13/data.1.Q	/cfs/klemming/home/t/tabeadi/tabea_work/08_population_analysis_final/skane_only/combined/results/structure/admixture/rep008/K1/run13
rep008	1	run14	0.35807	-8033381.663784	/cfs/klemming/home/t/tabeadi/tabea_work/08_population_analysis_final/skane_only/combined/results/structure/admixture/rep008/K1/run14/data.1.Q	/cfs/klemming/home/t/tabeadi/tabea_work/08_population_analysis_final/skane_only/combined/results/structure/admixture/rep008/K1/run14
rep008	1	run15	0.35807	-8033381.663784	/cfs/klemming/home/t/tabeadi/tabea_work/08_population_analysis_final/skane_only/combined/results/structure/admixture/rep008/K1/run15/data.1.Q	/cfs/klemming/home/t/tabeadi/tabea_work/08_population_analysis_final/skane_only/combined/results/structure/admixture/rep008/K1/run15
rep008	1	run16	0.35808	-8033381.663784	/cfs/klemming/home/t/tabeadi/tabea_work/08_population_analysis_final/skane_only/combined/results/structure/admixture/rep008/K1/run16/data.1.Q	/cfs/klemming/home/t/tabeadi/tabea_work/08_population_analysis_final/skane_only/combined/results/structure/admixture/rep008/K1/run16
rep008	1	run17	0.35808	-8033381.663784	/cfs/klemming/home/t/tabeadi/tabea_work/08_population_analysis_final/skane_only/combined/results/structure/admixture/rep008/K1/run17/data.1.Q	/cfs/klemming/home/t/tabeadi/tabea_work/08_population_analysis_final/skane_only/combined/results/structure/admixture/rep008/K1/run17
rep008	1	run18	0.35806	-8033381.663784	/cfs/klemming/home/t/tabeadi/tabea_work/08_population_analysis_final/skane_only/combined/results/structure/admixture/rep008/K1/run18/data.1.Q	/cfs/klemming/home/t/tabeadi/tabea_work/08_population_analysis_final/skane_only/combined/results/structure/admixture/rep008/K1/run18
rep008	1	run19	0.35807	-8033381.663784	/cfs/klemming/home/t/tabeadi/tabea_work/08_population_analysis_final/skane_only/combined/results/structure/admixture/rep008/K1/run19/data.1.Q	/cfs/klemming/home/t/tabeadi/tabea_work/08_population_analysis_final/skane_only/combined/results/structure/admixture/rep008/K1/run19
rep008	1	run20	0.35808	-8033381.663784	/cfs/klemming/home/t/tabeadi/tabea_work/08_population_analysis_final/skane_only/combined/results/structure/admixture/rep008/K1/run20/data.1.Q	/cfs/klemming/home/t/tabeadi/tabea_work/08_population_analysis_final/skane_only/combined/results/structure/admixture/rep008/K1/run20
rep008	2	run01	0.35697	-8005410.110016	/cfs/klemming/home/t/tabeadi/tabea_work/08_population_analysis_final/skane_only/combined/results/structure/admixture/rep008/K2/run01/data.2.Q	/cfs/klemming/home/t/tabeadi/tabea_work/08_population_analysis_final/skane_only/combined/results/structure/admixture/rep008/K2/run01
rep008	2	run02	0.35694	-8005410.110025	/cfs/klemming/home/t/tabeadi/tabea_work/08_population_analysis_final/skane_only/combined/results/structure/admixture/rep008/K2/run02/data.2.Q	/cfs/klemming/home/t/tabeadi/tabea_work/08_population_analysis_final/skane_only/combined/results/structure/admixture/rep008/K2/run02
rep008	2	run03	0.35691	-8005410.110014	/cfs/klemming/home/t/tabeadi/tabea_work/08_population_analysis_final/skane_only/combined/results/structure/admixture/rep008/K2/run03/data.2.Q	/cfs/klemming/home/t/tabeadi/tabea_work/08_population_analysis_final/skane_only/combined/results/structure/admixture/rep008/K2/run03
rep008	2	run04	0.35693	-8005410.110015	/cfs/klemming/home/t/tabeadi/tabea_work/08_population_analysis_final/skane_only/combined/results/structure/admixture/rep008/K2/run04/data.2.Q	/cfs/klemming/home/t/tabeadi/tabea_work/08_population_analysis_final/skane_only/combined/results/structure/admixture/rep008/K2/run04
rep008	2	run05	0.35696	-8005410.110019	/cfs/klemming/home/t/tabeadi/tabea_work/08_population_analysis_final/skane_only/combined/results/structure/admixture/rep008/K2/run05/data.2.Q	/cfs/klemming/home/t/tabeadi/tabea_work/08_population_analysis_final/skane_only/combined/results/structure/admixture/rep008/K2/run05
rep008	2	run06	0.35692	-8005410.110028	/cfs/klemming/home/t/tabeadi/tabea_work/08_population_analysis_final/skane_only/combined/results/structure/admixture/rep008/K2/run06/data.2.Q	/cfs/klemming/home/t/tabeadi/tabea_work/08_population_analysis_final/skane_only/combined/results/structure/admixture/rep008/K2/run06
rep008	2	run07	0.35694	-8005410.110018	/cfs/klemming/home/t/tabeadi/tabea_work/08_population_analysis_final/skane_only/combined/results/structure/admixture/rep008/K2/run07/data.2.Q	/cfs/klemming/home/t/tabeadi/tabea_work/08_population_analysis_final/skane_only/combined/results/structure/admixture/rep008/K2/run07
rep008	2	run08	0.35698	-8005410.110016	/cfs/klemming/home/t/tabeadi/tabea_work/08_population_analysis_final/skane_only/combined/results/structure/admixture/rep008/K2/run08/data.2.Q	/cfs/klemming/home/t/tabeadi/tabea_work/08_population_analysis_final/skane_only/combined/results/structure/admixture/rep008/K2/run08
rep008	2	run09	0.35698	-8005410.110021	/cfs/klemming/home/t/tabeadi/tabea_work/08_population_analysis_final/skane_only/combined/results/structure/admixture/rep008/K2/run09/data.2.Q	/cfs/klemming/home/t/tabeadi/tabea_work/08_population_analysis_final/skane_only/combined/results/structure/admixture/rep008/K2/run09
rep008	2	run10	0.35693	-8005410.110036	/cfs/klemming/home/t/tabeadi/tabea_work/08_population_analysis_final/skane_only/combined/results/structure/admixture/rep008/K2/run10/data.2.Q	/cfs/klemming/home/t/tabeadi/tabea_work/08_population_analysis_final/skane_only/combined/results/structure/admixture/rep008/K2/run10
rep008	2	run11	0.35694	-8005410.11002	/cfs/klemming/home/t/tabeadi/tabea_work/08_population_analysis_final/skane_only/combined/results/structure/admixture/rep008/K2/run11/data.2.Q	/cfs/klemming/home/t/tabeadi/tabea_work/08_population_analysis_final/skane_only/combined/results/structure/admixture/rep008/K2/run11
rep008	2	run12	0.35696	-8005410.110015	/cfs/klemming/home/t/tabeadi/tabea_work/08_population_analysis_final/skane_only/combined/results/structure/admixture/rep008/K2/run12/data.2.Q	/cfs/klemming/home/t/tabeadi/tabea_work/08_population_analysis_final/skane_only/combined/results/structure/admixture/rep008/K2/run12
rep008	2	run13	0.35694	-8005410.110017	/cfs/klemming/home/t/tabeadi/tabea_work/08_population_analysis_final/skane_only/combined/results/structure/admixture/rep008/K2/run13/data.2.Q	/cfs/klemming/home/t/tabeadi/tabea_work/08_population_analysis_final/skane_only/combined/results/structure/admixture/rep008/K2/run13
rep008	2	run14	0.35695	-8005410.110034	/cfs/klemming/home/t/tabeadi/tabea_work/08_population_analysis_final/skane_only/combined/results/structure/admixture/rep008/K2/run14/data.2.Q	/cfs/klemming/home/t/tabeadi/tabea_work/08_population_analysis_final/skane_only/combined/results/structure/admixture/rep008/K2/run14
rep008	2	run15	0.35698	-8005410.110015	/cfs/klemming/home/t/tabeadi/tabea_work/08_population_analysis_final/skane_only/combined/results/structure/admixture/rep008/K2/run15/data.2.Q	/cfs/klemming/home/t/tabeadi/tabea_work/08_population_analysis_final/skane_only/combined/results/structure/admixture/rep008/K2/run15
rep008	2	run16	0.35695	-8005410.110031	/cfs/klemming/home/t/tabeadi/tabea_work/08_population_analysis_final/skane_only/combined/results/structure/admixture/rep008/K2/run16/data.2.Q	/cfs/klemming/home/t/tabeadi/tabea_work/08_population_analysis_final/skane_only/combined/results/structure/admixture/rep008/K2/run16
rep008	2	run17	0.35696	-8005410.110034	/cfs/klemming/home/t/tabeadi/tabea_work/08_population_analysis_final/skane_only/combined/results/structure/admixture/rep008/K2/run17/data.2.Q	/cfs/klemming/home/t/tabeadi/tabea_work/08_population_analysis_final/skane_only/combined/results/structure/admixture/rep008/K2/run17
rep008	2	run18	0.35691	-8005410.11002	/cfs/klemming/home/t/tabeadi/tabea_work/08_population_analysis_final/skane_only/combined/results/structure/admixture/rep008/K2/run18/data.2.Q	/cfs/klemming/home/t/tabeadi/tabea_work/08_population_analysis_final/skane_only/combined/results/structure/admixture/rep008/K2/run18
rep008	2	run19	0.35695	-8005410.110022	/cfs/klemming/home/t/tabeadi/tabea_work/08_population_analysis_final/skane_only/combined/results/structure/admixture/rep008/K2/run19/data.2.Q	/cfs/klemming/home/t/tabeadi/tabea_work/08_population_analysis_final/skane_only/combined/results/structure/admixture/rep008/K2/run19
rep008	2	run20	0.35698	-8005410.110021	/cfs/klemming/home/t/tabeadi/tabea_work/08_population_analysis_final/skane_only/combined/results/structure/admixture/rep008/K2/run20/data.2.Q	/cfs/klemming/home/t/tabeadi/tabea_work/08_population_analysis_final/skane_only/combined/results/structure/admixture/rep008/K2/run20
rep008	3	run01	0.35628	-7984283.137863	/cfs/klemming/home/t/tabeadi/tabea_work/08_population_analysis_final/skane_only/combined/results/structure/admixture/rep008/K3/run01/data.3.Q	/cfs/klemming/home/t/tabeadi/tabea_work/08_population_analysis_final/skane_only/combined/results/structure/admixture/rep008/K3/run01
rep008	3	run02	0.35635	-7984881.157977	/cfs/klemming/home/t/tabeadi/tabea_work/08_population_analysis_final/skane_only/combined/results/structure/admixture/rep008/K3/run02/data.3.Q	/cfs/klemming/home/t/tabeadi/tabea_work/08_population_analysis_final/skane_only/combined/results/structure/admixture/rep008/K3/run02
rep008	3	run03	0.35631	-7984283.135435	/cfs/klemming/home/t/tabeadi/tabea_work/08_population_analysis_final/skane_only/combined/results/structure/admixture/rep008/K3/run03/data.3.Q	/cfs/klemming/home/t/tabeadi/tabea_work/08_population_analysis_final/skane_only/combined/results/structure/admixture/rep008/K3/run03
rep008	3	run04	0.35627	-7984283.136019	/cfs/klemming/home/t/tabeadi/tabea_work/08_population_analysis_final/skane_only/combined/results/structure/admixture/rep008/K3/run04/data.3.Q	/cfs/klemming/home/t/tabeadi/tabea_work/08_population_analysis_final/skane_only/combined/results/structure/admixture/rep008/K3/run04
rep008	3	run05	0.35626	-7984283.139689	/cfs/klemming/home/t/tabeadi/tabea_work/08_population_analysis_final/skane_only/combined/results/structure/admixture/rep008/K3/run05/data.3.Q	/cfs/klemming/home/t/tabeadi/tabea_work/08_population_analysis_final/skane_only/combined/results/structure/admixture/rep008/K3/run05
rep008	3	run06	0.3563	-7984283.136923	/cfs/klemming/home/t/tabeadi/tabea_work/08_population_analysis_final/skane_only/combined/results/structure/admixture/rep008/K3/run06/data.3.Q	/cfs/klemming/home/t/tabeadi/tabea_work/08_population_analysis_final/skane_only/combined/results/structure/admixture/rep008/K3/run06
rep008	3	run07	0.35632	-7984283.135442	/cfs/klemming/home/t/tabeadi/tabea_work/08_population_analysis_final/skane_only/combined/results/structure/admixture/rep008/K3/run07/data.3.Q	/cfs/klemming/home/t/tabeadi/tabea_work/08_population_analysis_final/skane_only/combined/results/structure/admixture/rep008/K3/run07
rep008	3	run08	0.35629	-7984283.139731	/cfs/klemming/home/t/tabeadi/tabea_work/08_population_analysis_final/skane_only/combined/results/structure/admixture/rep008/K3/run08/data.3.Q	/cfs/klemming/home/t/tabeadi/tabea_work/08_population_analysis_final/skane_only/combined/results/structure/admixture/rep008/K3/run08
rep008	3	run09	0.35632	-7984283.135414	/cfs/klemming/home/t/tabeadi/tabea_work/08_population_analysis_final/skane_only/combined/results/structure/admixture/rep008/K3/run09/data.3.Q	/cfs/klemming/home/t/tabeadi/tabea_work/08_population_analysis_final/skane_only/combined/results/structure/admixture/rep008/K3/run09
rep008	3	run10	0.3563	-7984283.144735	/cfs/klemming/home/t/tabeadi/tabea_work/08_population_analysis_final/skane_only/combined/results/structure/admixture/rep008/K3/run10/data.3.Q	/cfs/klemming/home/t/tabeadi/tabea_work/08_population_analysis_final/skane_only/combined/results/structure/admixture/rep008/K3/run10
rep008	3	run11	0.35627	-7984283.145426	/cfs/klemming/home/t/tabeadi/tabea_work/08_population_analysis_final/skane_only/combined/results/structure/admixture/rep008/K3/run11/data.3.Q	/cfs/klemming/home/t/tabeadi/tabea_work/08_population_analysis_final/skane_only/combined/results/structure/admixture/rep008/K3/run11
rep008	3	run12	0.35627	-7984283.136278	/cfs/klemming/home/t/tabeadi/tabea_work/08_population_analysis_final/skane_only/combined/results/structure/admixture/rep008/K3/run12/data.3.Q	/cfs/klemming/home/t/tabeadi/tabea_work/08_population_analysis_final/skane_only/combined/results/structure/admixture/rep008/K3/run12
rep008	3	run13	0.35632	-7984283.136993	/cfs/klemming/home/t/tabeadi/tabea_work/08_population_analysis_final/skane_only/combined/results/structure/admixture/rep008/K3/run13/data.3.Q	/cfs/klemming/home/t/tabeadi/tabea_work/08_population_analysis_final/skane_only/combined/results/structure/admixture/rep008/K3/run13
rep008	3	run14	0.35632	-7984283.143224	/cfs/klemming/home/t/tabeadi/tabea_work/08_population_analysis_final/skane_only/combined/results/structure/admixture/rep008/K3/run14/data.3.Q	/cfs/klemming/home/t/tabeadi/tabea_work/08_population_analysis_final/skane_only/combined/results/structure/admixture/rep008/K3/run14
rep008	3	run15	0.35633	-7984283.135548	/cfs/klemming/home/t/tabeadi/tabea_work/08_population_analysis_final/skane_only/combined/results/structure/admixture/rep008/K3/run15/data.3.Q	/cfs/klemming/home/t/tabeadi/tabea_work/08_population_analysis_final/skane_only/combined/results/structure/admixture/rep008/K3/run15
rep008	3	run16	0.35636	-7984881.157343	/cfs/klemming/home/t/tabeadi/tabea_work/08_population_analysis_final/skane_only/combined/results/structure/admixture/rep008/K3/run16/data.3.Q	/cfs/klemming/home/t/tabeadi/tabea_work/08_population_analysis_final/skane_only/combined/results/structure/admixture/rep008/K3/run16
rep008	3	run17	0.35632	-7984881.159639	/cfs/klemming/home/t/tabeadi/tabea_work/08_population_analysis_final/skane_only/combined/results/structure/admixture/rep008/K3/run17/data.3.Q	/cfs/klemming/home/t/tabeadi/tabea_work/08_population_analysis_final/skane_only/combined/results/structure/admixture/rep008/K3/run17
rep008	3	run18	0.3563	-7984283.13544	/cfs/klemming/home/t/tabeadi/tabea_work/08_population_analysis_final/skane_only/combined/results/structure/admixture/rep008/K3/run18/data.3.Q	/cfs/klemming/home/t/tabeadi/tabea_work/08_population_analysis_final/skane_only/combined/results/structure/admixture/rep008/K3/run18
rep008	3	run19	0.35626	-7984283.147929	/cfs/klemming/home/t/tabeadi/tabea_work/08_population_analysis_final/skane_only/combined/results/structure/admixture/rep008/K3/run19/data.3.Q	/cfs/klemming/home/t/tabeadi/tabea_work/08_population_analysis_final/skane_only/combined/results/structure/admixture/rep008/K3/run19
rep008	3	run20	0.35633	-7984283.136932	/cfs/klemming/home/t/tabeadi/tabea_work/08_population_analysis_final/skane_only/combined/results/structure/admixture/rep008/K3/run20/data.3.Q	/cfs/klemming/home/t/tabeadi/tabea_work/08_population_analysis_final/skane_only/combined/results/structure/admixture/rep008/K3/run20
rep008	4	run01	0.35568	-7964507.349363	/cfs/klemming/home/t/tabeadi/tabea_work/08_population_analysis_final/skane_only/combined/results/structure/admixture/rep008/K4/run01/data.4.Q	/cfs/klemming/home/t/tabeadi/tabea_work/08_population_analysis_final/skane_only/combined/results/structure/admixture/rep008/K4/run01
rep008	4	run02	0.35569	-7964507.342589	/cfs/klemming/home/t/tabeadi/tabea_work/08_population_analysis_final/skane_only/combined/results/structure/admixture/rep008/K4/run02/data.4.Q	/cfs/klemming/home/t/tabeadi/tabea_work/08_population_analysis_final/skane_only/combined/results/structure/admixture/rep008/K4/run02
rep008	4	run03	0.35571	-7964507.357181	/cfs/klemming/home/t/tabeadi/tabea_work/08_population_analysis_final/skane_only/combined/results/structure/admixture/rep008/K4/run03/data.4.Q	/cfs/klemming/home/t/tabeadi/tabea_work/08_population_analysis_final/skane_only/combined/results/structure/admixture/rep008/K4/run03
rep008	4	run04	0.35564	-7964507.343451	/cfs/klemming/home/t/tabeadi/tabea_work/08_population_analysis_final/skane_only/combined/results/structure/admixture/rep008/K4/run04/data.4.Q	/cfs/klemming/home/t/tabeadi/tabea_work/08_population_analysis_final/skane_only/combined/results/structure/admixture/rep008/K4/run04
rep008	4	run05	0.35563	-7964507.35172	/cfs/klemming/home/t/tabeadi/tabea_work/08_population_analysis_final/skane_only/combined/results/structure/admixture/rep008/K4/run05/data.4.Q	/cfs/klemming/home/t/tabeadi/tabea_work/08_population_analysis_final/skane_only/combined/results/structure/admixture/rep008/K4/run05
rep008	4	run06	0.3557	-7964507.354121	/cfs/klemming/home/t/tabeadi/tabea_work/08_population_analysis_final/skane_only/combined/results/structure/admixture/rep008/K4/run06/data.4.Q	/cfs/klemming/home/t/tabeadi/tabea_work/08_population_analysis_final/skane_only/combined/results/structure/admixture/rep008/K4/run06
rep008	4	run07	0.3557	-7964507.348656	/cfs/klemming/home/t/tabeadi/tabea_work/08_population_analysis_final/skane_only/combined/results/structure/admixture/rep008/K4/run07/data.4.Q	/cfs/klemming/home/t/tabeadi/tabea_work/08_population_analysis_final/skane_only/combined/results/structure/admixture/rep008/K4/run07
rep008	4	run08	0.35565	-7964507.34782	/cfs/klemming/home/t/tabeadi/tabea_work/08_population_analysis_final/skane_only/combined/results/structure/admixture/rep008/K4/run08/data.4.Q	/cfs/klemming/home/t/tabeadi/tabea_work/08_population_analysis_final/skane_only/combined/results/structure/admixture/rep008/K4/run08
rep008	4	run09	0.35571	-7964507.345498	/cfs/klemming/home/t/tabeadi/tabea_work/08_population_analysis_final/skane_only/combined/results/structure/admixture/rep008/K4/run09/data.4.Q	/cfs/klemming/home/t/tabeadi/tabea_work/08_population_analysis_final/skane_only/combined/results/structure/admixture/rep008/K4/run09
rep008	4	run10	0.35572	-7964507.345996	/cfs/klemming/home/t/tabeadi/tabea_work/08_population_analysis_final/skane_only/combined/results/structure/admixture/rep008/K4/run10/data.4.Q	/cfs/klemming/home/t/tabeadi/tabea_work/08_population_analysis_final/skane_only/combined/results/structure/admixture/rep008/K4/run10
rep008	4	run11	0.35569	-7964507.347969	/cfs/klemming/home/t/tabeadi/tabea_work/08_population_analysis_final/skane_only/combined/results/structure/admixture/rep008/K4/run11/data.4.Q	/cfs/klemming/home/t/tabeadi/tabea_work/08_population_analysis_final/skane_only/combined/results/structure/admixture/rep008/K4/run11
rep008	4	run12	0.35567	-7964507.342332	/cfs/klemming/home/t/tabeadi/tabea_work/08_population_analysis_final/skane_only/combined/results/structure/admixture/rep008/K4/run12/data.4.Q	/cfs/klemming/home/t/tabeadi/tabea_work/08_population_analysis_final/skane_only/combined/results/structure/admixture/rep008/K4/run12
rep008	4	run13	0.35569	-7964507.347922	/cfs/klemming/home/t/tabeadi/tabea_work/08_population_analysis_final/skane_only/combined/results/structure/admixture/rep008/K4/run13/data.4.Q	/cfs/klemming/home/t/tabeadi/tabea_work/08_population_analysis_final/skane_only/combined/results/structure/admixture/rep008/K4/run13
rep008	4	run14	0.3557	-7964507.340129	/cfs/klemming/home/t/tabeadi/tabea_work/08_population_analysis_final/skane_only/combined/results/structure/admixture/rep008/K4/run14/data.4.Q	/cfs/klemming/home/t/tabeadi/tabea_work/08_population_analysis_final/skane_only/combined/results/structure/admixture/rep008/K4/run14
rep008	4	run15	0.35571	-7964507.343957	/cfs/klemming/home/t/tabeadi/tabea_work/08_population_analysis_final/skane_only/combined/results/structure/admixture/rep008/K4/run15/data.4.Q	/cfs/klemming/home/t/tabeadi/tabea_work/08_population_analysis_final/skane_only/combined/results/structure/admixture/rep008/K4/run15
rep008	4	run16	0.3557	-7964507.355804	/cfs/klemming/home/t/tabeadi/tabea_work/08_population_analysis_final/skane_only/combined/results/structure/admixture/rep008/K4/run16/data.4.Q	/cfs/klemming/home/t/tabeadi/tabea_work/08_population_analysis_final/skane_only/combined/results/structure/admixture/rep008/K4/run16
rep008	4	run17	0.35569	-7964507.341084	/cfs/klemming/home/t/tabeadi/tabea_work/08_population_analysis_final/skane_only/combined/results/structure/admixture/rep008/K4/run17/data.4.Q	/cfs/klemming/home/t/tabeadi/tabea_work/08_population_analysis_final/skane_only/combined/results/structure/admixture/rep008/K4/run17
rep008	4	run18	0.35566	-7964507.346778	/cfs/klemming/home/t/tabeadi/tabea_work/08_population_analysis_final/skane_only/combined/results/structure/admixture/rep008/K4/run18/data.4.Q	/cfs/klemming/home/t/tabeadi/tabea_work/08_population_analysis_final/skane_only/combined/results/structure/admixture/rep008/K4/run18
rep008	4	run19	0.35566	-7964507.352657	/cfs/klemming/home/t/tabeadi/tabea_work/08_population_analysis_final/skane_only/combined/results/structure/admixture/rep008/K4/run19/data.4.Q	/cfs/klemming/home/t/tabeadi/tabea_work/08_population_analysis_final/skane_only/combined/results/structure/admixture/rep008/K4/run19
rep008	4	run20	0.35572	-7964507.347356	/cfs/klemming/home/t/tabeadi/tabea_work/08_population_analysis_final/skane_only/combined/results/structure/admixture/rep008/K4/run20/data.4.Q	/cfs/klemming/home/t/tabeadi/tabea_work/08_population_analysis_final/skane_only/combined/results/structure/admixture/rep008/K4/run20
rep008	5	run01	0.35503	-7946079.990451	/cfs/klemming/home/t/tabeadi/tabea_work/08_population_analysis_final/skane_only/combined/results/structure/admixture/rep008/K5/run01/data.5.Q	/cfs/klemming/home/t/tabeadi/tabea_work/08_population_analysis_final/skane_only/combined/results/structure/admixture/rep008/K5/run01
rep008	5	run02	0.35511	-7946070.709326	/cfs/klemming/home/t/tabeadi/tabea_work/08_population_analysis_final/skane_only/combined/results/structure/admixture/rep008/K5/run02/data.5.Q	/cfs/klemming/home/t/tabeadi/tabea_work/08_population_analysis_final/skane_only/combined/results/structure/admixture/rep008/K5/run02
rep008	5	run03	0.35512	-7946070.76669	/cfs/klemming/home/t/tabeadi/tabea_work/08_population_analysis_final/skane_only/combined/results/structure/admixture/rep008/K5/run03/data.5.Q	/cfs/klemming/home/t/tabeadi/tabea_work/08_population_analysis_final/skane_only/combined/results/structure/admixture/rep008/K5/run03
rep008	5	run04	0.35519	-7946517.652689	/cfs/klemming/home/t/tabeadi/tabea_work/08_population_analysis_final/skane_only/combined/results/structure/admixture/rep008/K5/run04/data.5.Q	/cfs/klemming/home/t/tabeadi/tabea_work/08_population_analysis_final/skane_only/combined/results/structure/admixture/rep008/K5/run04
rep008	5	run05	0.35511	-7946070.71823	/cfs/klemming/home/t/tabeadi/tabea_work/08_population_analysis_final/skane_only/combined/results/structure/admixture/rep008/K5/run05/data.5.Q	/cfs/klemming/home/t/tabeadi/tabea_work/08_population_analysis_final/skane_only/combined/results/structure/admixture/rep008/K5/run05
rep008	5	run06	0.3551	-7946070.710351	/cfs/klemming/home/t/tabeadi/tabea_work/08_population_analysis_final/skane_only/combined/results/structure/admixture/rep008/K5/run06/data.5.Q	/cfs/klemming/home/t/tabeadi/tabea_work/08_population_analysis_final/skane_only/combined/results/structure/admixture/rep008/K5/run06
rep008	5	run07	0.35509	-7946070.720355	/cfs/klemming/home/t/tabeadi/tabea_work/08_population_analysis_final/skane_only/combined/results/structure/admixture/rep008/K5/run07/data.5.Q	/cfs/klemming/home/t/tabeadi/tabea_work/08_population_analysis_final/skane_only/combined/results/structure/admixture/rep008/K5/run07
rep008	5	run08	0.35511	-7946070.71265	/cfs/klemming/home/t/tabeadi/tabea_work/08_population_analysis_final/skane_only/combined/results/structure/admixture/rep008/K5/run08/data.5.Q	/cfs/klemming/home/t/tabeadi/tabea_work/08_population_analysis_final/skane_only/combined/results/structure/admixture/rep008/K5/run08
rep008	5	run09	0.35513	-7946070.70903	/cfs/klemming/home/t/tabeadi/tabea_work/08_population_analysis_final/skane_only/combined/results/structure/admixture/rep008/K5/run09/data.5.Q	/cfs/klemming/home/t/tabeadi/tabea_work/08_population_analysis_final/skane_only/combined/results/structure/admixture/rep008/K5/run09
rep008	5	run10	0.35508	-7946070.725703	/cfs/klemming/home/t/tabeadi/tabea_work/08_population_analysis_final/skane_only/combined/results/structure/admixture/rep008/K5/run10/data.5.Q	/cfs/klemming/home/t/tabeadi/tabea_work/08_population_analysis_final/skane_only/combined/results/structure/admixture/rep008/K5/run10
rep008	5	run11	0.35509	-7946079.982602	/cfs/klemming/home/t/tabeadi/tabea_work/08_population_analysis_final/skane_only/combined/results/structure/admixture/rep008/K5/run11/data.5.Q	/cfs/klemming/home/t/tabeadi/tabea_work/08_population_analysis_final/skane_only/combined/results/structure/admixture/rep008/K5/run11
rep008	5	run12	0.35513	-7946517.677573	/cfs/klemming/home/t/tabeadi/tabea_work/08_population_analysis_final/skane_only/combined/results/structure/admixture/rep008/K5/run12/data.5.Q	/cfs/klemming/home/t/tabeadi/tabea_work/08_population_analysis_final/skane_only/combined/results/structure/admixture/rep008/K5/run12
rep008	5	run13	0.3551	-7946070.73077	/cfs/klemming/home/t/tabeadi/tabea_work/08_population_analysis_final/skane_only/combined/results/structure/admixture/rep008/K5/run13/data.5.Q	/cfs/klemming/home/t/tabeadi/tabea_work/08_population_analysis_final/skane_only/combined/results/structure/admixture/rep008/K5/run13
rep008	5	run14	0.35516	-7946517.644095	/cfs/klemming/home/t/tabeadi/tabea_work/08_population_analysis_final/skane_only/combined/results/structure/admixture/rep008/K5/run14/data.5.Q	/cfs/klemming/home/t/tabeadi/tabea_work/08_population_analysis_final/skane_only/combined/results/structure/admixture/rep008/K5/run14
rep008	5	run15	0.35515	-7946070.739693	/cfs/klemming/home/t/tabeadi/tabea_work/08_population_analysis_final/skane_only/combined/results/structure/admixture/rep008/K5/run15/data.5.Q	/cfs/klemming/home/t/tabeadi/tabea_work/08_population_analysis_final/skane_only/combined/results/structure/admixture/rep008/K5/run15
rep008	5	run16	0.35507	-7946070.741091	/cfs/klemming/home/t/tabeadi/tabea_work/08_population_analysis_final/skane_only/combined/results/structure/admixture/rep008/K5/run16/data.5.Q	/cfs/klemming/home/t/tabeadi/tabea_work/08_population_analysis_final/skane_only/combined/results/structure/admixture/rep008/K5/run16
rep008	5	run17	0.35519	-7946070.719788	/cfs/klemming/home/t/tabeadi/tabea_work/08_population_analysis_final/skane_only/combined/results/structure/admixture/rep008/K5/run17/data.5.Q	/cfs/klemming/home/t/tabeadi/tabea_work/08_population_analysis_final/skane_only/combined/results/structure/admixture/rep008/K5/run17
rep008	5	run18	0.35519	-7946517.640035	/cfs/klemming/home/t/tabeadi/tabea_work/08_population_analysis_final/skane_only/combined/results/structure/admixture/rep008/K5/run18/data.5.Q	/cfs/klemming/home/t/tabeadi/tabea_work/08_population_analysis_final/skane_only/combined/results/structure/admixture/rep008/K5/run18
rep008	5	run19	0.35508	-7946070.70956	/cfs/klemming/home/t/tabeadi/tabea_work/08_population_analysis_final/skane_only/combined/results/structure/admixture/rep008/K5/run19/data.5.Q	/cfs/klemming/home/t/tabeadi/tabea_work/08_population_analysis_final/skane_only/combined/results/structure/admixture/rep008/K5/run19
rep008	5	run20	0.35513	-7946070.733436	/cfs/klemming/home/t/tabeadi/tabea_work/08_population_analysis_final/skane_only/combined/results/structure/admixture/rep008/K5/run20/data.5.Q	/cfs/klemming/home/t/tabeadi/tabea_work/08_population_analysis_final/skane_only/combined/results/structure/admixture/rep008/K5/run20
rep008	6	run01	0.35457	-7928781.807997	/cfs/klemming/home/t/tabeadi/tabea_work/08_population_analysis_final/skane_only/combined/results/structure/admixture/rep008/K6/run01/data.6.Q	/cfs/klemming/home/t/tabeadi/tabea_work/08_population_analysis_final/skane_only/combined/results/structure/admixture/rep008/K6/run01
rep008	6	run02	0.35465	-7928781.862853	/cfs/klemming/home/t/tabeadi/tabea_work/08_population_analysis_final/skane_only/combined/results/structure/admixture/rep008/K6/run02/data.6.Q	/cfs/klemming/home/t/tabeadi/tabea_work/08_population_analysis_final/skane_only/combined/results/structure/admixture/rep008/K6/run02
rep008	6	run03	0.35457	-7928781.804317	/cfs/klemming/home/t/tabeadi/tabea_work/08_population_analysis_final/skane_only/combined/results/structure/admixture/rep008/K6/run03/data.6.Q	/cfs/klemming/home/t/tabeadi/tabea_work/08_population_analysis_final/skane_only/combined/results/structure/admixture/rep008/K6/run03
rep008	6	run04	0.35462	-7928781.806679	/cfs/klemming/home/t/tabeadi/tabea_work/08_population_analysis_final/skane_only/combined/results/structure/admixture/rep008/K6/run04/data.6.Q	/cfs/klemming/home/t/tabeadi/tabea_work/08_population_analysis_final/skane_only/combined/results/structure/admixture/rep008/K6/run04
rep008	6	run05	0.35468	-7929873.183893	/cfs/klemming/home/t/tabeadi/tabea_work/08_population_analysis_final/skane_only/combined/results/structure/admixture/rep008/K6/run05/data.6.Q	/cfs/klemming/home/t/tabeadi/tabea_work/08_population_analysis_final/skane_only/combined/results/structure/admixture/rep008/K6/run05
rep008	6	run06	0.35458	-7928781.81234	/cfs/klemming/home/t/tabeadi/tabea_work/08_population_analysis_final/skane_only/combined/results/structure/admixture/rep008/K6/run06/data.6.Q	/cfs/klemming/home/t/tabeadi/tabea_work/08_population_analysis_final/skane_only/combined/results/structure/admixture/rep008/K6/run06
rep008	6	run07	0.35467	-7928781.825673	/cfs/klemming/home/t/tabeadi/tabea_work/08_population_analysis_final/skane_only/combined/results/structure/admixture/rep008/K6/run07/data.6.Q	/cfs/klemming/home/t/tabeadi/tabea_work/08_population_analysis_final/skane_only/combined/results/structure/admixture/rep008/K6/run07
rep008	6	run08	0.35458	-7928781.848077	/cfs/klemming/home/t/tabeadi/tabea_work/08_population_analysis_final/skane_only/combined/results/structure/admixture/rep008/K6/run08/data.6.Q	/cfs/klemming/home/t/tabeadi/tabea_work/08_population_analysis_final/skane_only/combined/results/structure/admixture/rep008/K6/run08
rep008	6	run09	0.35457	-7928781.814559	/cfs/klemming/home/t/tabeadi/tabea_work/08_population_analysis_final/skane_only/combined/results/structure/admixture/rep008/K6/run09/data.6.Q	/cfs/klemming/home/t/tabeadi/tabea_work/08_population_analysis_final/skane_only/combined/results/structure/admixture/rep008/K6/run09
rep008	6	run10	0.3546	-7928781.817138	/cfs/klemming/home/t/tabeadi/tabea_work/08_population_analysis_final/skane_only/combined/results/structure/admixture/rep008/K6/run10/data.6.Q	/cfs/klemming/home/t/tabeadi/tabea_work/08_population_analysis_final/skane_only/combined/results/structure/admixture/rep008/K6/run10
rep008	6	run11	0.35457	-7928781.933587	/cfs/klemming/home/t/tabeadi/tabea_work/08_population_analysis_final/skane_only/combined/results/structure/admixture/rep008/K6/run11/data.6.Q	/cfs/klemming/home/t/tabeadi/tabea_work/08_population_analysis_final/skane_only/combined/results/structure/admixture/rep008/K6/run11
rep008	6	run12	0.35462	-7928781.869204	/cfs/klemming/home/t/tabeadi/tabea_work/08_population_analysis_final/skane_only/combined/results/structure/admixture/rep008/K6/run12/data.6.Q	/cfs/klemming/home/t/tabeadi/tabea_work/08_population_analysis_final/skane_only/combined/results/structure/admixture/rep008/K6/run12
rep008	6	run13	0.35455	-7928781.932036	/cfs/klemming/home/t/tabeadi/tabea_work/08_population_analysis_final/skane_only/combined/results/structure/admixture/rep008/K6/run13/data.6.Q	/cfs/klemming/home/t/tabeadi/tabea_work/08_population_analysis_final/skane_only/combined/results/structure/admixture/rep008/K6/run13
rep008	6	run14	0.35457	-7928781.833688	/cfs/klemming/home/t/tabeadi/tabea_work/08_population_analysis_final/skane_only/combined/results/structure/admixture/rep008/K6/run14/data.6.Q	/cfs/klemming/home/t/tabeadi/tabea_work/08_population_analysis_final/skane_only/combined/results/structure/admixture/rep008/K6/run14
rep008	6	run15	0.35476	-7929873.186736	/cfs/klemming/home/t/tabeadi/tabea_work/08_population_analysis_final/skane_only/combined/results/structure/admixture/rep008/K6/run15/data.6.Q	/cfs/klemming/home/t/tabeadi/tabea_work/08_population_analysis_final/skane_only/combined/results/structure/admixture/rep008/K6/run15
rep008	6	run16	0.35461	-7928781.824126	/cfs/klemming/home/t/tabeadi/tabea_work/08_population_analysis_final/skane_only/combined/results/structure/admixture/rep008/K6/run16/data.6.Q	/cfs/klemming/home/t/tabeadi/tabea_work/08_population_analysis_final/skane_only/combined/results/structure/admixture/rep008/K6/run16
rep008	6	run17	0.35463	-7928781.836805	/cfs/klemming/home/t/tabeadi/tabea_work/08_population_analysis_final/skane_only/combined/results/structure/admixture/rep008/K6/run17/data.6.Q	/cfs/klemming/home/t/tabeadi/tabea_work/08_population_analysis_final/skane_only/combined/results/structure/admixture/rep008/K6/run17
rep008	6	run18	0.35461	-7928781.834762	/cfs/klemming/home/t/tabeadi/tabea_work/08_population_analysis_final/skane_only/combined/results/structure/admixture/rep008/K6/run18/data.6.Q	/cfs/klemming/home/t/tabeadi/tabea_work/08_population_analysis_final/skane_only/combined/results/structure/admixture/rep008/K6/run18
rep008	6	run19	0.35458	-7928781.855148	/cfs/klemming/home/t/tabeadi/tabea_work/08_population_analysis_final/skane_only/combined/results/structure/admixture/rep008/K6/run19/data.6.Q	/cfs/klemming/home/t/tabeadi/tabea_work/08_population_analysis_final/skane_only/combined/results/structure/admixture/rep008/K6/run19
rep008	6	run20	0.3546	-7928781.81887	/cfs/klemming/home/t/tabeadi/tabea_work/08_population_analysis_final/skane_only/combined/results/structure/admixture/rep008/K6/run20/data.6.Q	/cfs/klemming/home/t/tabeadi/tabea_work/08_population_analysis_final/skane_only/combined/results/structure/admixture/rep008/K6/run20
rep008	7	run01	0.35423	-7913168.480497	/cfs/klemming/home/t/tabeadi/tabea_work/08_population_analysis_final/skane_only/combined/results/structure/admixture/rep008/K7/run01/data.7.Q	/cfs/klemming/home/t/tabeadi/tabea_work/08_population_analysis_final/skane_only/combined/results/structure/admixture/rep008/K7/run01
rep008	7	run02	0.3544	-7913487.196687	/cfs/klemming/home/t/tabeadi/tabea_work/08_population_analysis_final/skane_only/combined/results/structure/admixture/rep008/K7/run02/data.7.Q	/cfs/klemming/home/t/tabeadi/tabea_work/08_population_analysis_final/skane_only/combined/results/structure/admixture/rep008/K7/run02
rep008	7	run03	0.35418	-7913168.688178	/cfs/klemming/home/t/tabeadi/tabea_work/08_population_analysis_final/skane_only/combined/results/structure/admixture/rep008/K7/run03/data.7.Q	/cfs/klemming/home/t/tabeadi/tabea_work/08_population_analysis_final/skane_only/combined/results/structure/admixture/rep008/K7/run03
rep008	7	run04	0.35418	-7913168.465591	/cfs/klemming/home/t/tabeadi/tabea_work/08_population_analysis_final/skane_only/combined/results/structure/admixture/rep008/K7/run04/data.7.Q	/cfs/klemming/home/t/tabeadi/tabea_work/08_population_analysis_final/skane_only/combined/results/structure/admixture/rep008/K7/run04
rep008	7	run05	0.35427	-7913168.633339	/cfs/klemming/home/t/tabeadi/tabea_work/08_population_analysis_final/skane_only/combined/results/structure/admixture/rep008/K7/run05/data.7.Q	/cfs/klemming/home/t/tabeadi/tabea_work/08_population_analysis_final/skane_only/combined/results/structure/admixture/rep008/K7/run05
rep008	7	run06	0.3544	-7913461.858839	/cfs/klemming/home/t/tabeadi/tabea_work/08_population_analysis_final/skane_only/combined/results/structure/admixture/rep008/K7/run06/data.7.Q	/cfs/klemming/home/t/tabeadi/tabea_work/08_population_analysis_final/skane_only/combined/results/structure/admixture/rep008/K7/run06
rep008	7	run07	0.35423	-7913168.639007	/cfs/klemming/home/t/tabeadi/tabea_work/08_population_analysis_final/skane_only/combined/results/structure/admixture/rep008/K7/run07/data.7.Q	/cfs/klemming/home/t/tabeadi/tabea_work/08_population_analysis_final/skane_only/combined/results/structure/admixture/rep008/K7/run07
rep008	7	run08	0.3542	-7913168.47752	/cfs/klemming/home/t/tabeadi/tabea_work/08_population_analysis_final/skane_only/combined/results/structure/admixture/rep008/K7/run08/data.7.Q	/cfs/klemming/home/t/tabeadi/tabea_work/08_population_analysis_final/skane_only/combined/results/structure/admixture/rep008/K7/run08
rep008	7	run09	0.35435	-7913461.868107	/cfs/klemming/home/t/tabeadi/tabea_work/08_population_analysis_final/skane_only/combined/results/structure/admixture/rep008/K7/run09/data.7.Q	/cfs/klemming/home/t/tabeadi/tabea_work/08_population_analysis_final/skane_only/combined/results/structure/admixture/rep008/K7/run09
rep008	7	run10	0.35421	-7913168.495758	/cfs/klemming/home/t/tabeadi/tabea_work/08_population_analysis_final/skane_only/combined/results/structure/admixture/rep008/K7/run10/data.7.Q	/cfs/klemming/home/t/tabeadi/tabea_work/08_population_analysis_final/skane_only/combined/results/structure/admixture/rep008/K7/run10
rep008	7	run11	0.35421	-7913168.620536	/cfs/klemming/home/t/tabeadi/tabea_work/08_population_analysis_final/skane_only/combined/results/structure/admixture/rep008/K7/run11/data.7.Q	/cfs/klemming/home/t/tabeadi/tabea_work/08_population_analysis_final/skane_only/combined/results/structure/admixture/rep008/K7/run11
rep008	7	run12	0.35424	-7913487.314836	/cfs/klemming/home/t/tabeadi/tabea_work/08_population_analysis_final/skane_only/combined/results/structure/admixture/rep008/K7/run12/data.7.Q	/cfs/klemming/home/t/tabeadi/tabea_work/08_population_analysis_final/skane_only/combined/results/structure/admixture/rep008/K7/run12
rep008	7	run13	0.35413	-7913168.477294	/cfs/klemming/home/t/tabeadi/tabea_work/08_population_analysis_final/skane_only/combined/results/structure/admixture/rep008/K7/run13/data.7.Q	/cfs/klemming/home/t/tabeadi/tabea_work/08_population_analysis_final/skane_only/combined/results/structure/admixture/rep008/K7/run13
rep008	7	run14	0.35422	-7913487.189416	/cfs/klemming/home/t/tabeadi/tabea_work/08_population_analysis_final/skane_only/combined/results/structure/admixture/rep008/K7/run14/data.7.Q	/cfs/klemming/home/t/tabeadi/tabea_work/08_population_analysis_final/skane_only/combined/results/structure/admixture/rep008/K7/run14
rep008	7	run15	0.35421	-7913168.474162	/cfs/klemming/home/t/tabeadi/tabea_work/08_population_analysis_final/skane_only/combined/results/structure/admixture/rep008/K7/run15/data.7.Q	/cfs/klemming/home/t/tabeadi/tabea_work/08_population_analysis_final/skane_only/combined/results/structure/admixture/rep008/K7/run15
rep008	7	run16	0.35419	-7913168.4699	/cfs/klemming/home/t/tabeadi/tabea_work/08_population_analysis_final/skane_only/combined/results/structure/admixture/rep008/K7/run16/data.7.Q	/cfs/klemming/home/t/tabeadi/tabea_work/08_population_analysis_final/skane_only/combined/results/structure/admixture/rep008/K7/run16
rep008	7	run17	0.35425	-7913168.460567	/cfs/klemming/home/t/tabeadi/tabea_work/08_population_analysis_final/skane_only/combined/results/structure/admixture/rep008/K7/run17/data.7.Q	/cfs/klemming/home/t/tabeadi/tabea_work/08_population_analysis_final/skane_only/combined/results/structure/admixture/rep008/K7/run17
rep008	7	run18	0.35426	-7913461.884942	/cfs/klemming/home/t/tabeadi/tabea_work/08_population_analysis_final/skane_only/combined/results/structure/admixture/rep008/K7/run18/data.7.Q	/cfs/klemming/home/t/tabeadi/tabea_work/08_population_analysis_final/skane_only/combined/results/structure/admixture/rep008/K7/run18
rep008	7	run19	0.35419	-7913168.534672	/cfs/klemming/home/t/tabeadi/tabea_work/08_population_analysis_final/skane_only/combined/results/structure/admixture/rep008/K7/run19/data.7.Q	/cfs/klemming/home/t/tabeadi/tabea_work/08_population_analysis_final/skane_only/combined/results/structure/admixture/rep008/K7/run19
rep008	7	run20	0.35432	-7913302.483534	/cfs/klemming/home/t/tabeadi/tabea_work/08_population_analysis_final/skane_only/combined/results/structure/admixture/rep008/K7/run20/data.7.Q	/cfs/klemming/home/t/tabeadi/tabea_work/08_population_analysis_final/skane_only/combined/results/structure/admixture/rep008/K7/run20
rep008	8	run01	0.35399	-7898840.12185	/cfs/klemming/home/t/tabeadi/tabea_work/08_population_analysis_final/skane_only/combined/results/structure/admixture/rep008/K8/run01/data.8.Q	/cfs/klemming/home/t/tabeadi/tabea_work/08_population_analysis_final/skane_only/combined/results/structure/admixture/rep008/K8/run01
rep008	8	run02	0.354	-7898231.195531	/cfs/klemming/home/t/tabeadi/tabea_work/08_population_analysis_final/skane_only/combined/results/structure/admixture/rep008/K8/run02/data.8.Q	/cfs/klemming/home/t/tabeadi/tabea_work/08_population_analysis_final/skane_only/combined/results/structure/admixture/rep008/K8/run02
rep008	8	run03	0.35394	-7898360.340149	/cfs/klemming/home/t/tabeadi/tabea_work/08_population_analysis_final/skane_only/combined/results/structure/admixture/rep008/K8/run03/data.8.Q	/cfs/klemming/home/t/tabeadi/tabea_work/08_population_analysis_final/skane_only/combined/results/structure/admixture/rep008/K8/run03
rep008	8	run04	0.35385	-7898839.838321	/cfs/klemming/home/t/tabeadi/tabea_work/08_population_analysis_final/skane_only/combined/results/structure/admixture/rep008/K8/run04/data.8.Q	/cfs/klemming/home/t/tabeadi/tabea_work/08_population_analysis_final/skane_only/combined/results/structure/admixture/rep008/K8/run04
rep008	8	run05	0.35388	-7898231.337711	/cfs/klemming/home/t/tabeadi/tabea_work/08_population_analysis_final/skane_only/combined/results/structure/admixture/rep008/K8/run05/data.8.Q	/cfs/klemming/home/t/tabeadi/tabea_work/08_population_analysis_final/skane_only/combined/results/structure/admixture/rep008/K8/run05
rep008	8	run06	0.35397	-7898231.419308	/cfs/klemming/home/t/tabeadi/tabea_work/08_population_analysis_final/skane_only/combined/results/structure/admixture/rep008/K8/run06/data.8.Q	/cfs/klemming/home/t/tabeadi/tabea_work/08_population_analysis_final/skane_only/combined/results/structure/admixture/rep008/K8/run06
rep008	8	run07	0.35401	-7898231.361391	/cfs/klemming/home/t/tabeadi/tabea_work/08_population_analysis_final/skane_only/combined/results/structure/admixture/rep008/K8/run07/data.8.Q	/cfs/klemming/home/t/tabeadi/tabea_work/08_population_analysis_final/skane_only/combined/results/structure/admixture/rep008/K8/run07
rep008	8	run08	0.35386	-7898231.224299	/cfs/klemming/home/t/tabeadi/tabea_work/08_population_analysis_final/skane_only/combined/results/structure/admixture/rep008/K8/run08/data.8.Q	/cfs/klemming/home/t/tabeadi/tabea_work/08_population_analysis_final/skane_only/combined/results/structure/admixture/rep008/K8/run08
rep008	8	run09	0.35383	-7898840.034842	/cfs/klemming/home/t/tabeadi/tabea_work/08_population_analysis_final/skane_only/combined/results/structure/admixture/rep008/K8/run09/data.8.Q	/cfs/klemming/home/t/tabeadi/tabea_work/08_population_analysis_final/skane_only/combined/results/structure/admixture/rep008/K8/run09
rep008	8	run10	0.35392	-7898740.523931	/cfs/klemming/home/t/tabeadi/tabea_work/08_population_analysis_final/skane_only/combined/results/structure/admixture/rep008/K8/run10/data.8.Q	/cfs/klemming/home/t/tabeadi/tabea_work/08_population_analysis_final/skane_only/combined/results/structure/admixture/rep008/K8/run10
rep008	8	run11	0.35388	-7898840.149252	/cfs/klemming/home/t/tabeadi/tabea_work/08_population_analysis_final/skane_only/combined/results/structure/admixture/rep008/K8/run11/data.8.Q	/cfs/klemming/home/t/tabeadi/tabea_work/08_population_analysis_final/skane_only/combined/results/structure/admixture/rep008/K8/run11
rep008	8	run12	0.35398	-7899213.086237	/cfs/klemming/home/t/tabeadi/tabea_work/08_population_analysis_final/skane_only/combined/results/structure/admixture/rep008/K8/run12/data.8.Q	/cfs/klemming/home/t/tabeadi/tabea_work/08_population_analysis_final/skane_only/combined/results/structure/admixture/rep008/K8/run12
rep008	8	run13	0.35398	-7898740.295911	/cfs/klemming/home/t/tabeadi/tabea_work/08_population_analysis_final/skane_only/combined/results/structure/admixture/rep008/K8/run13/data.8.Q	/cfs/klemming/home/t/tabeadi/tabea_work/08_population_analysis_final/skane_only/combined/results/structure/admixture/rep008/K8/run13
rep008	8	run14	0.35397	-7899288.794046	/cfs/klemming/home/t/tabeadi/tabea_work/08_population_analysis_final/skane_only/combined/results/structure/admixture/rep008/K8/run14/data.8.Q	/cfs/klemming/home/t/tabeadi/tabea_work/08_population_analysis_final/skane_only/combined/results/structure/admixture/rep008/K8/run14
rep008	8	run15	0.35388	-7898231.329734	/cfs/klemming/home/t/tabeadi/tabea_work/08_population_analysis_final/skane_only/combined/results/structure/admixture/rep008/K8/run15/data.8.Q	/cfs/klemming/home/t/tabeadi/tabea_work/08_population_analysis_final/skane_only/combined/results/structure/admixture/rep008/K8/run15
rep008	8	run16	0.35382	-7898840.080422	/cfs/klemming/home/t/tabeadi/tabea_work/08_population_analysis_final/skane_only/combined/results/structure/admixture/rep008/K8/run16/data.8.Q	/cfs/klemming/home/t/tabeadi/tabea_work/08_population_analysis_final/skane_only/combined/results/structure/admixture/rep008/K8/run16
rep008	8	run17	0.35401	-7898231.241743	/cfs/klemming/home/t/tabeadi/tabea_work/08_population_analysis_final/skane_only/combined/results/structure/admixture/rep008/K8/run17/data.8.Q	/cfs/klemming/home/t/tabeadi/tabea_work/08_population_analysis_final/skane_only/combined/results/structure/admixture/rep008/K8/run17
rep008	8	run18	0.35405	-7898360.471107	/cfs/klemming/home/t/tabeadi/tabea_work/08_population_analysis_final/skane_only/combined/results/structure/admixture/rep008/K8/run18/data.8.Q	/cfs/klemming/home/t/tabeadi/tabea_work/08_population_analysis_final/skane_only/combined/results/structure/admixture/rep008/K8/run18
rep008	8	run19	0.35395	-7898360.465776	/cfs/klemming/home/t/tabeadi/tabea_work/08_population_analysis_final/skane_only/combined/results/structure/admixture/rep008/K8/run19/data.8.Q	/cfs/klemming/home/t/tabeadi/tabea_work/08_population_analysis_final/skane_only/combined/results/structure/admixture/rep008/K8/run19
rep008	8	run20	0.35398	-7899288.632197	/cfs/klemming/home/t/tabeadi/tabea_work/08_population_analysis_final/skane_only/combined/results/structure/admixture/rep008/K8/run20/data.8.Q	/cfs/klemming/home/t/tabeadi/tabea_work/08_population_analysis_final/skane_only/combined/results/structure/admixture/rep008/K8/run20
rep009	1	run01	0.35897	-8009631.94859	/cfs/klemming/home/t/tabeadi/tabea_work/08_population_analysis_final/skane_only/combined/results/structure/admixture/rep009/K1/run01/data.1.Q	/cfs/klemming/home/t/tabeadi/tabea_work/08_population_analysis_final/skane_only/combined/results/structure/admixture/rep009/K1/run01
rep009	1	run02	0.35897	-8009631.94859	/cfs/klemming/home/t/tabeadi/tabea_work/08_population_analysis_final/skane_only/combined/results/structure/admixture/rep009/K1/run02/data.1.Q	/cfs/klemming/home/t/tabeadi/tabea_work/08_population_analysis_final/skane_only/combined/results/structure/admixture/rep009/K1/run02
rep009	1	run03	0.35898	-8009631.94859	/cfs/klemming/home/t/tabeadi/tabea_work/08_population_analysis_final/skane_only/combined/results/structure/admixture/rep009/K1/run03/data.1.Q	/cfs/klemming/home/t/tabeadi/tabea_work/08_population_analysis_final/skane_only/combined/results/structure/admixture/rep009/K1/run03
rep009	1	run04	0.35898	-8009631.94859	/cfs/klemming/home/t/tabeadi/tabea_work/08_population_analysis_final/skane_only/combined/results/structure/admixture/rep009/K1/run04/data.1.Q	/cfs/klemming/home/t/tabeadi/tabea_work/08_population_analysis_final/skane_only/combined/results/structure/admixture/rep009/K1/run04
rep009	1	run05	0.35897	-8009631.94859	/cfs/klemming/home/t/tabeadi/tabea_work/08_population_analysis_final/skane_only/combined/results/structure/admixture/rep009/K1/run05/data.1.Q	/cfs/klemming/home/t/tabeadi/tabea_work/08_population_analysis_final/skane_only/combined/results/structure/admixture/rep009/K1/run05
rep009	1	run06	0.35898	-8009631.94859	/cfs/klemming/home/t/tabeadi/tabea_work/08_population_analysis_final/skane_only/combined/results/structure/admixture/rep009/K1/run06/data.1.Q	/cfs/klemming/home/t/tabeadi/tabea_work/08_population_analysis_final/skane_only/combined/results/structure/admixture/rep009/K1/run06
rep009	1	run07	0.35898	-8009631.94859	/cfs/klemming/home/t/tabeadi/tabea_work/08_population_analysis_final/skane_only/combined/results/structure/admixture/rep009/K1/run07/data.1.Q	/cfs/klemming/home/t/tabeadi/tabea_work/08_population_analysis_final/skane_only/combined/results/structure/admixture/rep009/K1/run07
rep009	1	run08	0.35898	-8009631.94859	/cfs/klemming/home/t/tabeadi/tabea_work/08_population_analysis_final/skane_only/combined/results/structure/admixture/rep009/K1/run08/data.1.Q	/cfs/klemming/home/t/tabeadi/tabea_work/08_population_analysis_final/skane_only/combined/results/structure/admixture/rep009/K1/run08
rep009	1	run09	0.35897	-8009631.94859	/cfs/klemming/home/t/tabeadi/tabea_work/08_population_analysis_final/skane_only/combined/results/structure/admixture/rep009/K1/run09/data.1.Q	/cfs/klemming/home/t/tabeadi/tabea_work/08_population_analysis_final/skane_only/combined/results/structure/admixture/rep009/K1/run09
rep009	1	run10	0.35897	-8009631.94859	/cfs/klemming/home/t/tabeadi/tabea_work/08_population_analysis_final/skane_only/combined/results/structure/admixture/rep009/K1/run10/data.1.Q	/cfs/klemming/home/t/tabeadi/tabea_work/08_population_analysis_final/skane_only/combined/results/structure/admixture/rep009/K1/run10
rep009	1	run11	0.35897	-8009631.94859	/cfs/klemming/home/t/tabeadi/tabea_work/08_population_analysis_final/skane_only/combined/results/structure/admixture/rep009/K1/run11/data.1.Q	/cfs/klemming/home/t/tabeadi/tabea_work/08_population_analysis_final/skane_only/combined/results/structure/admixture/rep009/K1/run11
rep009	1	run12	0.35897	-8009631.94859	/cfs/klemming/home/t/tabeadi/tabea_work/08_population_analysis_final/skane_only/combined/results/structure/admixture/rep009/K1/run12/data.1.Q	/cfs/klemming/home/t/tabeadi/tabea_work/08_population_analysis_final/skane_only/combined/results/structure/admixture/rep009/K1/run12
rep009	1	run13	0.35897	-8009631.94859	/cfs/klemming/home/t/tabeadi/tabea_work/08_population_analysis_final/skane_only/combined/results/structure/admixture/rep009/K1/run13/data.1.Q	/cfs/klemming/home/t/tabeadi/tabea_work/08_population_analysis_final/skane_only/combined/results/structure/admixture/rep009/K1/run13
rep009	1	run14	0.35897	-8009631.94859	/cfs/klemming/home/t/tabeadi/tabea_work/08_population_analysis_final/skane_only/combined/results/structure/admixture/rep009/K1/run14/data.1.Q	/cfs/klemming/home/t/tabeadi/tabea_work/08_population_analysis_final/skane_only/combined/results/structure/admixture/rep009/K1/run14
rep009	1	run15	0.35897	-8009631.94859	/cfs/klemming/home/t/tabeadi/tabea_work/08_population_analysis_final/skane_only/combined/results/structure/admixture/rep009/K1/run15/data.1.Q	/cfs/klemming/home/t/tabeadi/tabea_work/08_population_analysis_final/skane_only/combined/results/structure/admixture/rep009/K1/run15
rep009	1	run16	0.35897	-8009631.94859	/cfs/klemming/home/t/tabeadi/tabea_work/08_population_analysis_final/skane_only/combined/results/structure/admixture/rep009/K1/run16/data.1.Q	/cfs/klemming/home/t/tabeadi/tabea_work/08_population_analysis_final/skane_only/combined/results/structure/admixture/rep009/K1/run16
rep009	1	run17	0.35896	-8009631.94859	/cfs/klemming/home/t/tabeadi/tabea_work/08_population_analysis_final/skane_only/combined/results/structure/admixture/rep009/K1/run17/data.1.Q	/cfs/klemming/home/t/tabeadi/tabea_work/08_population_analysis_final/skane_only/combined/results/structure/admixture/rep009/K1/run17
rep009	1	run18	0.35897	-8009631.94859	/cfs/klemming/home/t/tabeadi/tabea_work/08_population_analysis_final/skane_only/combined/results/structure/admixture/rep009/K1/run18/data.1.Q	/cfs/klemming/home/t/tabeadi/tabea_work/08_population_analysis_final/skane_only/combined/results/structure/admixture/rep009/K1/run18
rep009	1	run19	0.35898	-8009631.94859	/cfs/klemming/home/t/tabeadi/tabea_work/08_population_analysis_final/skane_only/combined/results/structure/admixture/rep009/K1/run19/data.1.Q	/cfs/klemming/home/t/tabeadi/tabea_work/08_population_analysis_final/skane_only/combined/results/structure/admixture/rep009/K1/run19
rep009	1	run20	0.35897	-8009631.94859	/cfs/klemming/home/t/tabeadi/tabea_work/08_population_analysis_final/skane_only/combined/results/structure/admixture/rep009/K1/run20/data.1.Q	/cfs/klemming/home/t/tabeadi/tabea_work/08_population_analysis_final/skane_only/combined/results/structure/admixture/rep009/K1/run20
rep009	2	run01	0.35784	-7981323.244906	/cfs/klemming/home/t/tabeadi/tabea_work/08_population_analysis_final/skane_only/combined/results/structure/admixture/rep009/K2/run01/data.2.Q	/cfs/klemming/home/t/tabeadi/tabea_work/08_population_analysis_final/skane_only/combined/results/structure/admixture/rep009/K2/run01
rep009	2	run02	0.35781	-7981323.244907	/cfs/klemming/home/t/tabeadi/tabea_work/08_population_analysis_final/skane_only/combined/results/structure/admixture/rep009/K2/run02/data.2.Q	/cfs/klemming/home/t/tabeadi/tabea_work/08_population_analysis_final/skane_only/combined/results/structure/admixture/rep009/K2/run02
rep009	2	run03	0.35784	-7981323.244903	/cfs/klemming/home/t/tabeadi/tabea_work/08_population_analysis_final/skane_only/combined/results/structure/admixture/rep009/K2/run03/data.2.Q	/cfs/klemming/home/t/tabeadi/tabea_work/08_population_analysis_final/skane_only/combined/results/structure/admixture/rep009/K2/run03
rep009	2	run04	0.3578	-7981323.244904	/cfs/klemming/home/t/tabeadi/tabea_work/08_population_analysis_final/skane_only/combined/results/structure/admixture/rep009/K2/run04/data.2.Q	/cfs/klemming/home/t/tabeadi/tabea_work/08_population_analysis_final/skane_only/combined/results/structure/admixture/rep009/K2/run04
rep009	2	run05	0.35781	-7981323.244958	/cfs/klemming/home/t/tabeadi/tabea_work/08_population_analysis_final/skane_only/combined/results/structure/admixture/rep009/K2/run05/data.2.Q	/cfs/klemming/home/t/tabeadi/tabea_work/08_population_analysis_final/skane_only/combined/results/structure/admixture/rep009/K2/run05
rep009	2	run06	0.35781	-7981323.244912	/cfs/klemming/home/t/tabeadi/tabea_work/08_population_analysis_final/skane_only/combined/results/structure/admixture/rep009/K2/run06/data.2.Q	/cfs/klemming/home/t/tabeadi/tabea_work/08_population_analysis_final/skane_only/combined/results/structure/admixture/rep009/K2/run06
rep009	2	run07	0.3578	-7981323.244904	/cfs/klemming/home/t/tabeadi/tabea_work/08_population_analysis_final/skane_only/combined/results/structure/admixture/rep009/K2/run07/data.2.Q	/cfs/klemming/home/t/tabeadi/tabea_work/08_population_analysis_final/skane_only/combined/results/structure/admixture/rep009/K2/run07
rep009	2	run08	0.35782	-7981323.244904	/cfs/klemming/home/t/tabeadi/tabea_work/08_population_analysis_final/skane_only/combined/results/structure/admixture/rep009/K2/run08/data.2.Q	/cfs/klemming/home/t/tabeadi/tabea_work/08_population_analysis_final/skane_only/combined/results/structure/admixture/rep009/K2/run08
rep009	2	run09	0.35782	-7981323.244923	/cfs/klemming/home/t/tabeadi/tabea_work/08_population_analysis_final/skane_only/combined/results/structure/admixture/rep009/K2/run09/data.2.Q	/cfs/klemming/home/t/tabeadi/tabea_work/08_population_analysis_final/skane_only/combined/results/structure/admixture/rep009/K2/run09
rep009	2	run10	0.35782	-7981323.244906	/cfs/klemming/home/t/tabeadi/tabea_work/08_population_analysis_final/skane_only/combined/results/structure/admixture/rep009/K2/run10/data.2.Q	/cfs/klemming/home/t/tabeadi/tabea_work/08_population_analysis_final/skane_only/combined/results/structure/admixture/rep009/K2/run10
rep009	2	run11	0.3578	-7981323.24491	/cfs/klemming/home/t/tabeadi/tabea_work/08_population_analysis_final/skane_only/combined/results/structure/admixture/rep009/K2/run11/data.2.Q	/cfs/klemming/home/t/tabeadi/tabea_work/08_population_analysis_final/skane_only/combined/results/structure/admixture/rep009/K2/run11
rep009	2	run12	0.35778	-7981323.244911	/cfs/klemming/home/t/tabeadi/tabea_work/08_population_analysis_final/skane_only/combined/results/structure/admixture/rep009/K2/run12/data.2.Q	/cfs/klemming/home/t/tabeadi/tabea_work/08_population_analysis_final/skane_only/combined/results/structure/admixture/rep009/K2/run12
rep009	2	run13	0.3578	-7981323.244912	/cfs/klemming/home/t/tabeadi/tabea_work/08_population_analysis_final/skane_only/combined/results/structure/admixture/rep009/K2/run13/data.2.Q	/cfs/klemming/home/t/tabeadi/tabea_work/08_population_analysis_final/skane_only/combined/results/structure/admixture/rep009/K2/run13
rep009	2	run14	0.35781	-7981323.244911	/cfs/klemming/home/t/tabeadi/tabea_work/08_population_analysis_final/skane_only/combined/results/structure/admixture/rep009/K2/run14/data.2.Q	/cfs/klemming/home/t/tabeadi/tabea_work/08_population_analysis_final/skane_only/combined/results/structure/admixture/rep009/K2/run14
rep009	2	run15	0.35779	-7981323.244913	/cfs/klemming/home/t/tabeadi/tabea_work/08_population_analysis_final/skane_only/combined/results/structure/admixture/rep009/K2/run15/data.2.Q	/cfs/klemming/home/t/tabeadi/tabea_work/08_population_analysis_final/skane_only/combined/results/structure/admixture/rep009/K2/run15
rep009	2	run16	0.35778	-7981323.244904	/cfs/klemming/home/t/tabeadi/tabea_work/08_population_analysis_final/skane_only/combined/results/structure/admixture/rep009/K2/run16/data.2.Q	/cfs/klemming/home/t/tabeadi/tabea_work/08_population_analysis_final/skane_only/combined/results/structure/admixture/rep009/K2/run16
rep009	2	run17	0.35782	-7981323.244918	/cfs/klemming/home/t/tabeadi/tabea_work/08_population_analysis_final/skane_only/combined/results/structure/admixture/rep009/K2/run17/data.2.Q	/cfs/klemming/home/t/tabeadi/tabea_work/08_population_analysis_final/skane_only/combined/results/structure/admixture/rep009/K2/run17
rep009	2	run18	0.35783	-7981323.244903	/cfs/klemming/home/t/tabeadi/tabea_work/08_population_analysis_final/skane_only/combined/results/structure/admixture/rep009/K2/run18/data.2.Q	/cfs/klemming/home/t/tabeadi/tabea_work/08_population_analysis_final/skane_only/combined/results/structure/admixture/rep009/K2/run18
rep009	2	run19	0.35782	-7981323.244916	/cfs/klemming/home/t/tabeadi/tabea_work/08_population_analysis_final/skane_only/combined/results/structure/admixture/rep009/K2/run19/data.2.Q	/cfs/klemming/home/t/tabeadi/tabea_work/08_population_analysis_final/skane_only/combined/results/structure/admixture/rep009/K2/run19
rep009	2	run20	0.35781	-7981323.244905	/cfs/klemming/home/t/tabeadi/tabea_work/08_population_analysis_final/skane_only/combined/results/structure/admixture/rep009/K2/run20/data.2.Q	/cfs/klemming/home/t/tabeadi/tabea_work/08_population_analysis_final/skane_only/combined/results/structure/admixture/rep009/K2/run20
rep009	3	run01	0.35718	-7960170.562368	/cfs/klemming/home/t/tabeadi/tabea_work/08_population_analysis_final/skane_only/combined/results/structure/admixture/rep009/K3/run01/data.3.Q	/cfs/klemming/home/t/tabeadi/tabea_work/08_population_analysis_final/skane_only/combined/results/structure/admixture/rep009/K3/run01
rep009	3	run02	0.35714	-7960170.561768	/cfs/klemming/home/t/tabeadi/tabea_work/08_population_analysis_final/skane_only/combined/results/structure/admixture/rep009/K3/run02/data.3.Q	/cfs/klemming/home/t/tabeadi/tabea_work/08_population_analysis_final/skane_only/combined/results/structure/admixture/rep009/K3/run02
rep009	3	run03	0.35714	-7960170.561864	/cfs/klemming/home/t/tabeadi/tabea_work/08_population_analysis_final/skane_only/combined/results/structure/admixture/rep009/K3/run03/data.3.Q	/cfs/klemming/home/t/tabeadi/tabea_work/08_population_analysis_final/skane_only/combined/results/structure/admixture/rep009/K3/run03
rep009	3	run04	0.35715	-7960170.56412	/cfs/klemming/home/t/tabeadi/tabea_work/08_population_analysis_final/skane_only/combined/results/structure/admixture/rep009/K3/run04/data.3.Q	/cfs/klemming/home/t/tabeadi/tabea_work/08_population_analysis_final/skane_only/combined/results/structure/admixture/rep009/K3/run04
rep009	3	run05	0.35715	-7960170.566291	/cfs/klemming/home/t/tabeadi/tabea_work/08_population_analysis_final/skane_only/combined/results/structure/admixture/rep009/K3/run05/data.3.Q	/cfs/klemming/home/t/tabeadi/tabea_work/08_population_analysis_final/skane_only/combined/results/structure/admixture/rep009/K3/run05
rep009	3	run06	0.3571	-7960170.571025	/cfs/klemming/home/t/tabeadi/tabea_work/08_population_analysis_final/skane_only/combined/results/structure/admixture/rep009/K3/run06/data.3.Q	/cfs/klemming/home/t/tabeadi/tabea_work/08_population_analysis_final/skane_only/combined/results/structure/admixture/rep009/K3/run06
rep009	3	run07	0.35718	-7960170.569714	/cfs/klemming/home/t/tabeadi/tabea_work/08_population_analysis_final/skane_only/combined/results/structure/admixture/rep009/K3/run07/data.3.Q	/cfs/klemming/home/t/tabeadi/tabea_work/08_population_analysis_final/skane_only/combined/results/structure/admixture/rep009/K3/run07
rep009	3	run08	0.35714	-7960170.564983	/cfs/klemming/home/t/tabeadi/tabea_work/08_population_analysis_final/skane_only/combined/results/structure/admixture/rep009/K3/run08/data.3.Q	/cfs/klemming/home/t/tabeadi/tabea_work/08_population_analysis_final/skane_only/combined/results/structure/admixture/rep009/K3/run08
rep009	3	run09	0.3571	-7960170.560279	/cfs/klemming/home/t/tabeadi/tabea_work/08_population_analysis_final/skane_only/combined/results/structure/admixture/rep009/K3/run09/data.3.Q	/cfs/klemming/home/t/tabeadi/tabea_work/08_population_analysis_final/skane_only/combined/results/structure/admixture/rep009/K3/run09
rep009	3	run10	0.35714	-7960170.561951	/cfs/klemming/home/t/tabeadi/tabea_work/08_population_analysis_final/skane_only/combined/results/structure/admixture/rep009/K3/run10/data.3.Q	/cfs/klemming/home/t/tabeadi/tabea_work/08_population_analysis_final/skane_only/combined/results/structure/admixture/rep009/K3/run10
rep009	3	run11	0.35714	-7960170.55999	/cfs/klemming/home/t/tabeadi/tabea_work/08_population_analysis_final/skane_only/combined/results/structure/admixture/rep009/K3/run11/data.3.Q	/cfs/klemming/home/t/tabeadi/tabea_work/08_population_analysis_final/skane_only/combined/results/structure/admixture/rep009/K3/run11
rep009	3	run12	0.35715	-7960170.5599	/cfs/klemming/home/t/tabeadi/tabea_work/08_population_analysis_final/skane_only/combined/results/structure/admixture/rep009/K3/run12/data.3.Q	/cfs/klemming/home/t/tabeadi/tabea_work/08_population_analysis_final/skane_only/combined/results/structure/admixture/rep009/K3/run12
rep009	3	run13	0.35715	-7960170.562486	/cfs/klemming/home/t/tabeadi/tabea_work/08_population_analysis_final/skane_only/combined/results/structure/admixture/rep009/K3/run13/data.3.Q	/cfs/klemming/home/t/tabeadi/tabea_work/08_population_analysis_final/skane_only/combined/results/structure/admixture/rep009/K3/run13
rep009	3	run14	0.35715	-7960170.566347	/cfs/klemming/home/t/tabeadi/tabea_work/08_population_analysis_final/skane_only/combined/results/structure/admixture/rep009/K3/run14/data.3.Q	/cfs/klemming/home/t/tabeadi/tabea_work/08_population_analysis_final/skane_only/combined/results/structure/admixture/rep009/K3/run14
rep009	3	run15	0.35714	-7960170.567953	/cfs/klemming/home/t/tabeadi/tabea_work/08_population_analysis_final/skane_only/combined/results/structure/admixture/rep009/K3/run15/data.3.Q	/cfs/klemming/home/t/tabeadi/tabea_work/08_population_analysis_final/skane_only/combined/results/structure/admixture/rep009/K3/run15
rep009	3	run16	0.35716	-7960170.56448	/cfs/klemming/home/t/tabeadi/tabea_work/08_population_analysis_final/skane_only/combined/results/structure/admixture/rep009/K3/run16/data.3.Q	/cfs/klemming/home/t/tabeadi/tabea_work/08_population_analysis_final/skane_only/combined/results/structure/admixture/rep009/K3/run16
rep009	3	run17	0.35715	-7960170.57137	/cfs/klemming/home/t/tabeadi/tabea_work/08_population_analysis_final/skane_only/combined/results/structure/admixture/rep009/K3/run17/data.3.Q	/cfs/klemming/home/t/tabeadi/tabea_work/08_population_analysis_final/skane_only/combined/results/structure/admixture/rep009/K3/run17
rep009	3	run18	0.35711	-7960170.562325	/cfs/klemming/home/t/tabeadi/tabea_work/08_population_analysis_final/skane_only/combined/results/structure/admixture/rep009/K3/run18/data.3.Q	/cfs/klemming/home/t/tabeadi/tabea_work/08_population_analysis_final/skane_only/combined/results/structure/admixture/rep009/K3/run18
rep009	3	run19	0.35715	-7960170.567392	/cfs/klemming/home/t/tabeadi/tabea_work/08_population_analysis_final/skane_only/combined/results/structure/admixture/rep009/K3/run19/data.3.Q	/cfs/klemming/home/t/tabeadi/tabea_work/08_population_analysis_final/skane_only/combined/results/structure/admixture/rep009/K3/run19
rep009	3	run20	0.35715	-7960170.565039	/cfs/klemming/home/t/tabeadi/tabea_work/08_population_analysis_final/skane_only/combined/results/structure/admixture/rep009/K3/run20/data.3.Q	/cfs/klemming/home/t/tabeadi/tabea_work/08_population_analysis_final/skane_only/combined/results/structure/admixture/rep009/K3/run20
rep009	4	run01	0.35645	-7940430.565075	/cfs/klemming/home/t/tabeadi/tabea_work/08_population_analysis_final/skane_only/combined/results/structure/admixture/rep009/K4/run01/data.4.Q	/cfs/klemming/home/t/tabeadi/tabea_work/08_population_analysis_final/skane_only/combined/results/structure/admixture/rep009/K4/run01
rep009	4	run02	0.35649	-7940430.572552	/cfs/klemming/home/t/tabeadi/tabea_work/08_population_analysis_final/skane_only/combined/results/structure/admixture/rep009/K4/run02/data.4.Q	/cfs/klemming/home/t/tabeadi/tabea_work/08_population_analysis_final/skane_only/combined/results/structure/admixture/rep009/K4/run02
rep009	4	run03	0.3565	-7940430.563945	/cfs/klemming/home/t/tabeadi/tabea_work/08_population_analysis_final/skane_only/combined/results/structure/admixture/rep009/K4/run03/data.4.Q	/cfs/klemming/home/t/tabeadi/tabea_work/08_population_analysis_final/skane_only/combined/results/structure/admixture/rep009/K4/run03
rep009	4	run04	0.35649	-7940430.580882	/cfs/klemming/home/t/tabeadi/tabea_work/08_population_analysis_final/skane_only/combined/results/structure/admixture/rep009/K4/run04/data.4.Q	/cfs/klemming/home/t/tabeadi/tabea_work/08_population_analysis_final/skane_only/combined/results/structure/admixture/rep009/K4/run04
rep009	4	run05	0.35648	-7940430.559631	/cfs/klemming/home/t/tabeadi/tabea_work/08_population_analysis_final/skane_only/combined/results/structure/admixture/rep009/K4/run05/data.4.Q	/cfs/klemming/home/t/tabeadi/tabea_work/08_population_analysis_final/skane_only/combined/results/structure/admixture/rep009/K4/run05
rep009	4	run06	0.3565	-7940430.560561	/cfs/klemming/home/t/tabeadi/tabea_work/08_population_analysis_final/skane_only/combined/results/structure/admixture/rep009/K4/run06/data.4.Q	/cfs/klemming/home/t/tabeadi/tabea_work/08_population_analysis_final/skane_only/combined/results/structure/admixture/rep009/K4/run06
rep009	4	run07	0.35659	-7940430.568455	/cfs/klemming/home/t/tabeadi/tabea_work/08_population_analysis_final/skane_only/combined/results/structure/admixture/rep009/K4/run07/data.4.Q	/cfs/klemming/home/t/tabeadi/tabea_work/08_population_analysis_final/skane_only/combined/results/structure/admixture/rep009/K4/run07
rep009	4	run08	0.3565	-7940430.565556	/cfs/klemming/home/t/tabeadi/tabea_work/08_population_analysis_final/skane_only/combined/results/structure/admixture/rep009/K4/run08/data.4.Q	/cfs/klemming/home/t/tabeadi/tabea_work/08_population_analysis_final/skane_only/combined/results/structure/admixture/rep009/K4/run08
rep009	4	run09	0.3565	-7940430.56187	/cfs/klemming/home/t/tabeadi/tabea_work/08_population_analysis_final/skane_only/combined/results/structure/admixture/rep009/K4/run09/data.4.Q	/cfs/klemming/home/t/tabeadi/tabea_work/08_population_analysis_final/skane_only/combined/results/structure/admixture/rep009/K4/run09
rep009	4	run10	0.35651	-7940430.562792	/cfs/klemming/home/t/tabeadi/tabea_work/08_population_analysis_final/skane_only/combined/results/structure/admixture/rep009/K4/run10/data.4.Q	/cfs/klemming/home/t/tabeadi/tabea_work/08_population_analysis_final/skane_only/combined/results/structure/admixture/rep009/K4/run10
rep009	4	run11	0.3566	-7940430.559742	/cfs/klemming/home/t/tabeadi/tabea_work/08_population_analysis_final/skane_only/combined/results/structure/admixture/rep009/K4/run11/data.4.Q	/cfs/klemming/home/t/tabeadi/tabea_work/08_population_analysis_final/skane_only/combined/results/structure/admixture/rep009/K4/run11
rep009	4	run12	0.35649	-7940430.566059	/cfs/klemming/home/t/tabeadi/tabea_work/08_population_analysis_final/skane_only/combined/results/structure/admixture/rep009/K4/run12/data.4.Q	/cfs/klemming/home/t/tabeadi/tabea_work/08_population_analysis_final/skane_only/combined/results/structure/admixture/rep009/K4/run12
rep009	4	run13	0.3565	-7940430.579848	/cfs/klemming/home/t/tabeadi/tabea_work/08_population_analysis_final/skane_only/combined/results/structure/admixture/rep009/K4/run13/data.4.Q	/cfs/klemming/home/t/tabeadi/tabea_work/08_population_analysis_final/skane_only/combined/results/structure/admixture/rep009/K4/run13
rep009	4	run14	0.35648	-7940430.561747	/cfs/klemming/home/t/tabeadi/tabea_work/08_population_analysis_final/skane_only/combined/results/structure/admixture/rep009/K4/run14/data.4.Q	/cfs/klemming/home/t/tabeadi/tabea_work/08_population_analysis_final/skane_only/combined/results/structure/admixture/rep009/K4/run14
rep009	4	run15	0.35649	-7940430.56885	/cfs/klemming/home/t/tabeadi/tabea_work/08_population_analysis_final/skane_only/combined/results/structure/admixture/rep009/K4/run15/data.4.Q	/cfs/klemming/home/t/tabeadi/tabea_work/08_population_analysis_final/skane_only/combined/results/structure/admixture/rep009/K4/run15
rep009	4	run16	0.35649	-7940430.577047	/cfs/klemming/home/t/tabeadi/tabea_work/08_population_analysis_final/skane_only/combined/results/structure/admixture/rep009/K4/run16/data.4.Q	/cfs/klemming/home/t/tabeadi/tabea_work/08_population_analysis_final/skane_only/combined/results/structure/admixture/rep009/K4/run16
rep009	4	run17	0.3565	-7940430.563278	/cfs/klemming/home/t/tabeadi/tabea_work/08_population_analysis_final/skane_only/combined/results/structure/admixture/rep009/K4/run17/data.4.Q	/cfs/klemming/home/t/tabeadi/tabea_work/08_population_analysis_final/skane_only/combined/results/structure/admixture/rep009/K4/run17
rep009	4	run18	0.3565	-7940430.568483	/cfs/klemming/home/t/tabeadi/tabea_work/08_population_analysis_final/skane_only/combined/results/structure/admixture/rep009/K4/run18/data.4.Q	/cfs/klemming/home/t/tabeadi/tabea_work/08_population_analysis_final/skane_only/combined/results/structure/admixture/rep009/K4/run18
rep009	4	run19	0.35649	-7940430.560144	/cfs/klemming/home/t/tabeadi/tabea_work/08_population_analysis_final/skane_only/combined/results/structure/admixture/rep009/K4/run19/data.4.Q	/cfs/klemming/home/t/tabeadi/tabea_work/08_population_analysis_final/skane_only/combined/results/structure/admixture/rep009/K4/run19
rep009	4	run20	0.35646	-7940430.595004	/cfs/klemming/home/t/tabeadi/tabea_work/08_population_analysis_final/skane_only/combined/results/structure/admixture/rep009/K4/run20/data.4.Q	/cfs/klemming/home/t/tabeadi/tabea_work/08_population_analysis_final/skane_only/combined/results/structure/admixture/rep009/K4/run20
rep009	5	run01	0.35597	-7922212.345196	/cfs/klemming/home/t/tabeadi/tabea_work/08_population_analysis_final/skane_only/combined/results/structure/admixture/rep009/K5/run01/data.5.Q	/cfs/klemming/home/t/tabeadi/tabea_work/08_population_analysis_final/skane_only/combined/results/structure/admixture/rep009/K5/run01
rep009	5	run02	0.35602	-7922212.34689	/cfs/klemming/home/t/tabeadi/tabea_work/08_population_analysis_final/skane_only/combined/results/structure/admixture/rep009/K5/run02/data.5.Q	/cfs/klemming/home/t/tabeadi/tabea_work/08_population_analysis_final/skane_only/combined/results/structure/admixture/rep009/K5/run02
rep009	5	run03	0.35597	-7922212.350373	/cfs/klemming/home/t/tabeadi/tabea_work/08_population_analysis_final/skane_only/combined/results/structure/admixture/rep009/K5/run03/data.5.Q	/cfs/klemming/home/t/tabeadi/tabea_work/08_population_analysis_final/skane_only/combined/results/structure/admixture/rep009/K5/run03
rep009	5	run04	0.35591	-7922212.352752	/cfs/klemming/home/t/tabeadi/tabea_work/08_population_analysis_final/skane_only/combined/results/structure/admixture/rep009/K5/run04/data.5.Q	/cfs/klemming/home/t/tabeadi/tabea_work/08_population_analysis_final/skane_only/combined/results/structure/admixture/rep009/K5/run04
rep009	5	run05	0.35595	-7922212.351124	/cfs/klemming/home/t/tabeadi/tabea_work/08_population_analysis_final/skane_only/combined/results/structure/admixture/rep009/K5/run05/data.5.Q	/cfs/klemming/home/t/tabeadi/tabea_work/08_population_analysis_final/skane_only/combined/results/structure/admixture/rep009/K5/run05
rep009	5	run06	0.35596	-7922212.346997	/cfs/klemming/home/t/tabeadi/tabea_work/08_population_analysis_final/skane_only/combined/results/structure/admixture/rep009/K5/run06/data.5.Q	/cfs/klemming/home/t/tabeadi/tabea_work/08_population_analysis_final/skane_only/combined/results/structure/admixture/rep009/K5/run06
rep009	5	run07	0.35597	-7922212.345978	/cfs/klemming/home/t/tabeadi/tabea_work/08_population_analysis_final/skane_only/combined/results/structure/admixture/rep009/K5/run07/data.5.Q	/cfs/klemming/home/t/tabeadi/tabea_work/08_population_analysis_final/skane_only/combined/results/structure/admixture/rep009/K5/run07
rep009	5	run08	0.35603	-7922212.372073	/cfs/klemming/home/t/tabeadi/tabea_work/08_population_analysis_final/skane_only/combined/results/structure/admixture/rep009/K5/run08/data.5.Q	/cfs/klemming/home/t/tabeadi/tabea_work/08_population_analysis_final/skane_only/combined/results/structure/admixture/rep009/K5/run08
rep009	5	run09	0.35607	-7922212.365687	/cfs/klemming/home/t/tabeadi/tabea_work/08_population_analysis_final/skane_only/combined/results/structure/admixture/rep009/K5/run09/data.5.Q	/cfs/klemming/home/t/tabeadi/tabea_work/08_population_analysis_final/skane_only/combined/results/structure/admixture/rep009/K5/run09
rep009	5	run10	0.35599	-7922212.354742	/cfs/klemming/home/t/tabeadi/tabea_work/08_population_analysis_final/skane_only/combined/results/structure/admixture/rep009/K5/run10/data.5.Q	/cfs/klemming/home/t/tabeadi/tabea_work/08_population_analysis_final/skane_only/combined/results/structure/admixture/rep009/K5/run10
rep009	5	run11	0.35594	-7922212.356638	/cfs/klemming/home/t/tabeadi/tabea_work/08_population_analysis_final/skane_only/combined/results/structure/admixture/rep009/K5/run11/data.5.Q	/cfs/klemming/home/t/tabeadi/tabea_work/08_population_analysis_final/skane_only/combined/results/structure/admixture/rep009/K5/run11
rep009	5	run12	0.35607	-7922212.349417	/cfs/klemming/home/t/tabeadi/tabea_work/08_population_analysis_final/skane_only/combined/results/structure/admixture/rep009/K5/run12/data.5.Q	/cfs/klemming/home/t/tabeadi/tabea_work/08_population_analysis_final/skane_only/combined/results/structure/admixture/rep009/K5/run12
rep009	5	run13	0.35598	-7922212.349127	/cfs/klemming/home/t/tabeadi/tabea_work/08_population_analysis_final/skane_only/combined/results/structure/admixture/rep009/K5/run13/data.5.Q	/cfs/klemming/home/t/tabeadi/tabea_work/08_population_analysis_final/skane_only/combined/results/structure/admixture/rep009/K5/run13
rep009	5	run14	0.35604	-7922212.357544	/cfs/klemming/home/t/tabeadi/tabea_work/08_population_analysis_final/skane_only/combined/results/structure/admixture/rep009/K5/run14/data.5.Q	/cfs/klemming/home/t/tabeadi/tabea_work/08_population_analysis_final/skane_only/combined/results/structure/admixture/rep009/K5/run14
rep009	5	run15	0.35597	-7922212.360733	/cfs/klemming/home/t/tabeadi/tabea_work/08_population_analysis_final/skane_only/combined/results/structure/admixture/rep009/K5/run15/data.5.Q	/cfs/klemming/home/t/tabeadi/tabea_work/08_population_analysis_final/skane_only/combined/results/structure/admixture/rep009/K5/run15
rep009	5	run16	0.35607	-7922212.361095	/cfs/klemming/home/t/tabeadi/tabea_work/08_population_analysis_final/skane_only/combined/results/structure/admixture/rep009/K5/run16/data.5.Q	/cfs/klemming/home/t/tabeadi/tabea_work/08_population_analysis_final/skane_only/combined/results/structure/admixture/rep009/K5/run16
rep009	5	run17	0.35597	-7922212.356829	/cfs/klemming/home/t/tabeadi/tabea_work/08_population_analysis_final/skane_only/combined/results/structure/admixture/rep009/K5/run17/data.5.Q	/cfs/klemming/home/t/tabeadi/tabea_work/08_population_analysis_final/skane_only/combined/results/structure/admixture/rep009/K5/run17
rep009	5	run18	0.35597	-7922212.360519	/cfs/klemming/home/t/tabeadi/tabea_work/08_population_analysis_final/skane_only/combined/results/structure/admixture/rep009/K5/run18/data.5.Q	/cfs/klemming/home/t/tabeadi/tabea_work/08_population_analysis_final/skane_only/combined/results/structure/admixture/rep009/K5/run18
rep009	5	run19	0.35598	-7922212.351896	/cfs/klemming/home/t/tabeadi/tabea_work/08_population_analysis_final/skane_only/combined/results/structure/admixture/rep009/K5/run19/data.5.Q	/cfs/klemming/home/t/tabeadi/tabea_work/08_population_analysis_final/skane_only/combined/results/structure/admixture/rep009/K5/run19
rep009	5	run20	0.35597	-7922212.350307	/cfs/klemming/home/t/tabeadi/tabea_work/08_population_analysis_final/skane_only/combined/results/structure/admixture/rep009/K5/run20/data.5.Q	/cfs/klemming/home/t/tabeadi/tabea_work/08_population_analysis_final/skane_only/combined/results/structure/admixture/rep009/K5/run20
rep009	6	run01	0.3556	-7905834.25313	/cfs/klemming/home/t/tabeadi/tabea_work/08_population_analysis_final/skane_only/combined/results/structure/admixture/rep009/K6/run01/data.6.Q	/cfs/klemming/home/t/tabeadi/tabea_work/08_population_analysis_final/skane_only/combined/results/structure/admixture/rep009/K6/run01
rep009	6	run02	0.35553	-7905834.253556	/cfs/klemming/home/t/tabeadi/tabea_work/08_population_analysis_final/skane_only/combined/results/structure/admixture/rep009/K6/run02/data.6.Q	/cfs/klemming/home/t/tabeadi/tabea_work/08_population_analysis_final/skane_only/combined/results/structure/admixture/rep009/K6/run02
rep009	6	run03	0.35553	-7905834.212449	/cfs/klemming/home/t/tabeadi/tabea_work/08_population_analysis_final/skane_only/combined/results/structure/admixture/rep009/K6/run03/data.6.Q	/cfs/klemming/home/t/tabeadi/tabea_work/08_population_analysis_final/skane_only/combined/results/structure/admixture/rep009/K6/run03
rep009	6	run04	0.35549	-7905834.180101	/cfs/klemming/home/t/tabeadi/tabea_work/08_population_analysis_final/skane_only/combined/results/structure/admixture/rep009/K6/run04/data.6.Q	/cfs/klemming/home/t/tabeadi/tabea_work/08_population_analysis_final/skane_only/combined/results/structure/admixture/rep009/K6/run04
rep009	6	run05	0.35553	-7905834.172048	/cfs/klemming/home/t/tabeadi/tabea_work/08_population_analysis_final/skane_only/combined/results/structure/admixture/rep009/K6/run05/data.6.Q	/cfs/klemming/home/t/tabeadi/tabea_work/08_population_analysis_final/skane_only/combined/results/structure/admixture/rep009/K6/run05
rep009	6	run06	0.35567	-7906963.944746	/cfs/klemming/home/t/tabeadi/tabea_work/08_population_analysis_final/skane_only/combined/results/structure/admixture/rep009/K6/run06/data.6.Q	/cfs/klemming/home/t/tabeadi/tabea_work/08_population_analysis_final/skane_only/combined/results/structure/admixture/rep009/K6/run06
rep009	6	run07	0.35549	-7905834.168814	/cfs/klemming/home/t/tabeadi/tabea_work/08_population_analysis_final/skane_only/combined/results/structure/admixture/rep009/K6/run07/data.6.Q	/cfs/klemming/home/t/tabeadi/tabea_work/08_population_analysis_final/skane_only/combined/results/structure/admixture/rep009/K6/run07
rep009	6	run08	0.35552	-7905834.176932	/cfs/klemming/home/t/tabeadi/tabea_work/08_population_analysis_final/skane_only/combined/results/structure/admixture/rep009/K6/run08/data.6.Q	/cfs/klemming/home/t/tabeadi/tabea_work/08_population_analysis_final/skane_only/combined/results/structure/admixture/rep009/K6/run08
rep009	6	run09	0.35549	-7905834.19262	/cfs/klemming/home/t/tabeadi/tabea_work/08_population_analysis_final/skane_only/combined/results/structure/admixture/rep009/K6/run09/data.6.Q	/cfs/klemming/home/t/tabeadi/tabea_work/08_population_analysis_final/skane_only/combined/results/structure/admixture/rep009/K6/run09
rep009	6	run10	0.35551	-7905834.177368	/cfs/klemming/home/t/tabeadi/tabea_work/08_population_analysis_final/skane_only/combined/results/structure/admixture/rep009/K6/run10/data.6.Q	/cfs/klemming/home/t/tabeadi/tabea_work/08_population_analysis_final/skane_only/combined/results/structure/admixture/rep009/K6/run10
rep009	6	run11	0.35557	-7905834.17242	/cfs/klemming/home/t/tabeadi/tabea_work/08_population_analysis_final/skane_only/combined/results/structure/admixture/rep009/K6/run11/data.6.Q	/cfs/klemming/home/t/tabeadi/tabea_work/08_population_analysis_final/skane_only/combined/results/structure/admixture/rep009/K6/run11
rep009	6	run12	0.35546	-7905834.17039	/cfs/klemming/home/t/tabeadi/tabea_work/08_population_analysis_final/skane_only/combined/results/structure/admixture/rep009/K6/run12/data.6.Q	/cfs/klemming/home/t/tabeadi/tabea_work/08_population_analysis_final/skane_only/combined/results/structure/admixture/rep009/K6/run12
rep009	6	run13	0.35551	-7905834.16762	/cfs/klemming/home/t/tabeadi/tabea_work/08_population_analysis_final/skane_only/combined/results/structure/admixture/rep009/K6/run13/data.6.Q	/cfs/klemming/home/t/tabeadi/tabea_work/08_population_analysis_final/skane_only/combined/results/structure/admixture/rep009/K6/run13
rep009	6	run14	0.35547	-7905834.181216	/cfs/klemming/home/t/tabeadi/tabea_work/08_population_analysis_final/skane_only/combined/results/structure/admixture/rep009/K6/run14/data.6.Q	/cfs/klemming/home/t/tabeadi/tabea_work/08_population_analysis_final/skane_only/combined/results/structure/admixture/rep009/K6/run14
rep009	6	run15	0.35571	-7906657.772649	/cfs/klemming/home/t/tabeadi/tabea_work/08_population_analysis_final/skane_only/combined/results/structure/admixture/rep009/K6/run15/data.6.Q	/cfs/klemming/home/t/tabeadi/tabea_work/08_population_analysis_final/skane_only/combined/results/structure/admixture/rep009/K6/run15
rep009	6	run16	0.35553	-7905834.164829	/cfs/klemming/home/t/tabeadi/tabea_work/08_population_analysis_final/skane_only/combined/results/structure/admixture/rep009/K6/run16/data.6.Q	/cfs/klemming/home/t/tabeadi/tabea_work/08_population_analysis_final/skane_only/combined/results/structure/admixture/rep009/K6/run16
rep009	6	run17	0.35552	-7905834.167785	/cfs/klemming/home/t/tabeadi/tabea_work/08_population_analysis_final/skane_only/combined/results/structure/admixture/rep009/K6/run17/data.6.Q	/cfs/klemming/home/t/tabeadi/tabea_work/08_population_analysis_final/skane_only/combined/results/structure/admixture/rep009/K6/run17
rep009	6	run18	0.35551	-7905834.173779	/cfs/klemming/home/t/tabeadi/tabea_work/08_population_analysis_final/skane_only/combined/results/structure/admixture/rep009/K6/run18/data.6.Q	/cfs/klemming/home/t/tabeadi/tabea_work/08_population_analysis_final/skane_only/combined/results/structure/admixture/rep009/K6/run18
rep009	6	run19	0.3555	-7905834.183303	/cfs/klemming/home/t/tabeadi/tabea_work/08_population_analysis_final/skane_only/combined/results/structure/admixture/rep009/K6/run19/data.6.Q	/cfs/klemming/home/t/tabeadi/tabea_work/08_population_analysis_final/skane_only/combined/results/structure/admixture/rep009/K6/run19
rep009	6	run20	0.35571	-7906655.43511	/cfs/klemming/home/t/tabeadi/tabea_work/08_population_analysis_final/skane_only/combined/results/structure/admixture/rep009/K6/run20/data.6.Q	/cfs/klemming/home/t/tabeadi/tabea_work/08_population_analysis_final/skane_only/combined/results/structure/admixture/rep009/K6/run20
rep009	7	run01	0.35528	-7891423.311423	/cfs/klemming/home/t/tabeadi/tabea_work/08_population_analysis_final/skane_only/combined/results/structure/admixture/rep009/K7/run01/data.7.Q	/cfs/klemming/home/t/tabeadi/tabea_work/08_population_analysis_final/skane_only/combined/results/structure/admixture/rep009/K7/run01
rep009	7	run02	0.35519	-7891051.965556	/cfs/klemming/home/t/tabeadi/tabea_work/08_population_analysis_final/skane_only/combined/results/structure/admixture/rep009/K7/run02/data.7.Q	/cfs/klemming/home/t/tabeadi/tabea_work/08_population_analysis_final/skane_only/combined/results/structure/admixture/rep009/K7/run02
rep009	7	run03	0.35514	-7890979.945949	/cfs/klemming/home/t/tabeadi/tabea_work/08_population_analysis_final/skane_only/combined/results/structure/admixture/rep009/K7/run03/data.7.Q	/cfs/klemming/home/t/tabeadi/tabea_work/08_population_analysis_final/skane_only/combined/results/structure/admixture/rep009/K7/run03
rep009	7	run04	0.35531	-7890979.72583	/cfs/klemming/home/t/tabeadi/tabea_work/08_population_analysis_final/skane_only/combined/results/structure/admixture/rep009/K7/run04/data.7.Q	/cfs/klemming/home/t/tabeadi/tabea_work/08_population_analysis_final/skane_only/combined/results/structure/admixture/rep009/K7/run04
rep009	7	run05	0.35523	-7890889.20978	/cfs/klemming/home/t/tabeadi/tabea_work/08_population_analysis_final/skane_only/combined/results/structure/admixture/rep009/K7/run05/data.7.Q	/cfs/klemming/home/t/tabeadi/tabea_work/08_population_analysis_final/skane_only/combined/results/structure/admixture/rep009/K7/run05
rep009	7	run06	0.35527	-7890852.59776	/cfs/klemming/home/t/tabeadi/tabea_work/08_population_analysis_final/skane_only/combined/results/structure/admixture/rep009/K7/run06/data.7.Q	/cfs/klemming/home/t/tabeadi/tabea_work/08_population_analysis_final/skane_only/combined/results/structure/admixture/rep009/K7/run06
rep009	7	run07	0.35519	-7890937.257373	/cfs/klemming/home/t/tabeadi/tabea_work/08_population_analysis_final/skane_only/combined/results/structure/admixture/rep009/K7/run07/data.7.Q	/cfs/klemming/home/t/tabeadi/tabea_work/08_population_analysis_final/skane_only/combined/results/structure/admixture/rep009/K7/run07
rep009	7	run08	0.35533	-7891423.428356	/cfs/klemming/home/t/tabeadi/tabea_work/08_population_analysis_final/skane_only/combined/results/structure/admixture/rep009/K7/run08/data.7.Q	/cfs/klemming/home/t/tabeadi/tabea_work/08_population_analysis_final/skane_only/combined/results/structure/admixture/rep009/K7/run08
rep009	7	run09	0.35529	-7890937.141541	/cfs/klemming/home/t/tabeadi/tabea_work/08_population_analysis_final/skane_only/combined/results/structure/admixture/rep009/K7/run09/data.7.Q	/cfs/klemming/home/t/tabeadi/tabea_work/08_population_analysis_final/skane_only/combined/results/structure/admixture/rep009/K7/run09
rep009	7	run10	0.35521	-7890852.809582	/cfs/klemming/home/t/tabeadi/tabea_work/08_population_analysis_final/skane_only/combined/results/structure/admixture/rep009/K7/run10/data.7.Q	/cfs/klemming/home/t/tabeadi/tabea_work/08_population_analysis_final/skane_only/combined/results/structure/admixture/rep009/K7/run10
rep009	7	run11	0.35529	-7891059.280326	/cfs/klemming/home/t/tabeadi/tabea_work/08_population_analysis_final/skane_only/combined/results/structure/admixture/rep009/K7/run11/data.7.Q	/cfs/klemming/home/t/tabeadi/tabea_work/08_population_analysis_final/skane_only/combined/results/structure/admixture/rep009/K7/run11
rep009	7	run12	0.35525	-7890937.077971	/cfs/klemming/home/t/tabeadi/tabea_work/08_population_analysis_final/skane_only/combined/results/structure/admixture/rep009/K7/run12/data.7.Q	/cfs/klemming/home/t/tabeadi/tabea_work/08_population_analysis_final/skane_only/combined/results/structure/admixture/rep009/K7/run12
rep009	7	run13	0.35517	-7890889.197904	/cfs/klemming/home/t/tabeadi/tabea_work/08_population_analysis_final/skane_only/combined/results/structure/admixture/rep009/K7/run13/data.7.Q	/cfs/klemming/home/t/tabeadi/tabea_work/08_population_analysis_final/skane_only/combined/results/structure/admixture/rep009/K7/run13
rep009	7	run14	0.35522	-7890852.735277	/cfs/klemming/home/t/tabeadi/tabea_work/08_population_analysis_final/skane_only/combined/results/structure/admixture/rep009/K7/run14/data.7.Q	/cfs/klemming/home/t/tabeadi/tabea_work/08_population_analysis_final/skane_only/combined/results/structure/admixture/rep009/K7/run14
rep009	7	run15	0.35522	-7890852.603985	/cfs/klemming/home/t/tabeadi/tabea_work/08_population_analysis_final/skane_only/combined/results/structure/admixture/rep009/K7/run15/data.7.Q	/cfs/klemming/home/t/tabeadi/tabea_work/08_population_analysis_final/skane_only/combined/results/structure/admixture/rep009/K7/run15
rep009	7	run16	0.35523	-7890889.279215	/cfs/klemming/home/t/tabeadi/tabea_work/08_population_analysis_final/skane_only/combined/results/structure/admixture/rep009/K7/run16/data.7.Q	/cfs/klemming/home/t/tabeadi/tabea_work/08_population_analysis_final/skane_only/combined/results/structure/admixture/rep009/K7/run16
rep009	7	run17	0.35523	-7890852.67731	/cfs/klemming/home/t/tabeadi/tabea_work/08_population_analysis_final/skane_only/combined/results/structure/admixture/rep009/K7/run17/data.7.Q	/cfs/klemming/home/t/tabeadi/tabea_work/08_population_analysis_final/skane_only/combined/results/structure/admixture/rep009/K7/run17
rep009	7	run18	0.35525	-7891051.941455	/cfs/klemming/home/t/tabeadi/tabea_work/08_population_analysis_final/skane_only/combined/results/structure/admixture/rep009/K7/run18/data.7.Q	/cfs/klemming/home/t/tabeadi/tabea_work/08_population_analysis_final/skane_only/combined/results/structure/admixture/rep009/K7/run18
rep009	7	run19	0.35534	-7891780.512306	/cfs/klemming/home/t/tabeadi/tabea_work/08_population_analysis_final/skane_only/combined/results/structure/admixture/rep009/K7/run19/data.7.Q	/cfs/klemming/home/t/tabeadi/tabea_work/08_population_analysis_final/skane_only/combined/results/structure/admixture/rep009/K7/run19
rep009	7	run20	0.3552	-7890889.371549	/cfs/klemming/home/t/tabeadi/tabea_work/08_population_analysis_final/skane_only/combined/results/structure/admixture/rep009/K7/run20/data.7.Q	/cfs/klemming/home/t/tabeadi/tabea_work/08_population_analysis_final/skane_only/combined/results/structure/admixture/rep009/K7/run20
rep009	8	run01	0.35491	-7876419.223026	/cfs/klemming/home/t/tabeadi/tabea_work/08_population_analysis_final/skane_only/combined/results/structure/admixture/rep009/K8/run01/data.8.Q	/cfs/klemming/home/t/tabeadi/tabea_work/08_population_analysis_final/skane_only/combined/results/structure/admixture/rep009/K8/run01
rep009	8	run02	0.35489	-7876426.31648	/cfs/klemming/home/t/tabeadi/tabea_work/08_population_analysis_final/skane_only/combined/results/structure/admixture/rep009/K8/run02/data.8.Q	/cfs/klemming/home/t/tabeadi/tabea_work/08_population_analysis_final/skane_only/combined/results/structure/admixture/rep009/K8/run02
rep009	8	run03	0.35499	-7876420.426378	/cfs/klemming/home/t/tabeadi/tabea_work/08_population_analysis_final/skane_only/combined/results/structure/admixture/rep009/K8/run03/data.8.Q	/cfs/klemming/home/t/tabeadi/tabea_work/08_population_analysis_final/skane_only/combined/results/structure/admixture/rep009/K8/run03
rep009	8	run04	0.35503	-7876420.606277	/cfs/klemming/home/t/tabeadi/tabea_work/08_population_analysis_final/skane_only/combined/results/structure/admixture/rep009/K8/run04/data.8.Q	/cfs/klemming/home/t/tabeadi/tabea_work/08_population_analysis_final/skane_only/combined/results/structure/admixture/rep009/K8/run04
rep009	8	run05	0.35504	-7877408.136679	/cfs/klemming/home/t/tabeadi/tabea_work/08_population_analysis_final/skane_only/combined/results/structure/admixture/rep009/K8/run05/data.8.Q	/cfs/klemming/home/t/tabeadi/tabea_work/08_population_analysis_final/skane_only/combined/results/structure/admixture/rep009/K8/run05
rep009	8	run06	0.355	-7876752.391778	/cfs/klemming/home/t/tabeadi/tabea_work/08_population_analysis_final/skane_only/combined/results/structure/admixture/rep009/K8/run06/data.8.Q	/cfs/klemming/home/t/tabeadi/tabea_work/08_population_analysis_final/skane_only/combined/results/structure/admixture/rep009/K8/run06
rep009	8	run07	0.35499	-7876420.628765	/cfs/klemming/home/t/tabeadi/tabea_work/08_population_analysis_final/skane_only/combined/results/structure/admixture/rep009/K8/run07/data.8.Q	/cfs/klemming/home/t/tabeadi/tabea_work/08_population_analysis_final/skane_only/combined/results/structure/admixture/rep009/K8/run07
rep009	8	run08	0.35494	-7876418.920405	/cfs/klemming/home/t/tabeadi/tabea_work/08_population_analysis_final/skane_only/combined/results/structure/admixture/rep009/K8/run08/data.8.Q	/cfs/klemming/home/t/tabeadi/tabea_work/08_population_analysis_final/skane_only/combined/results/structure/admixture/rep009/K8/run08
rep009	8	run09	0.35503	-7876875.109251	/cfs/klemming/home/t/tabeadi/tabea_work/08_population_analysis_final/skane_only/combined/results/structure/admixture/rep009/K8/run09/data.8.Q	/cfs/klemming/home/t/tabeadi/tabea_work/08_population_analysis_final/skane_only/combined/results/structure/admixture/rep009/K8/run09
rep009	8	run10	0.35492	-7876419.006539	/cfs/klemming/home/t/tabeadi/tabea_work/08_population_analysis_final/skane_only/combined/results/structure/admixture/rep009/K8/run10/data.8.Q	/cfs/klemming/home/t/tabeadi/tabea_work/08_population_analysis_final/skane_only/combined/results/structure/admixture/rep009/K8/run10
rep009	8	run11	0.35514	-7877312.544936	/cfs/klemming/home/t/tabeadi/tabea_work/08_population_analysis_final/skane_only/combined/results/structure/admixture/rep009/K8/run11/data.8.Q	/cfs/klemming/home/t/tabeadi/tabea_work/08_population_analysis_final/skane_only/combined/results/structure/admixture/rep009/K8/run11
rep009	8	run12	0.355	-7876875.15587	/cfs/klemming/home/t/tabeadi/tabea_work/08_population_analysis_final/skane_only/combined/results/structure/admixture/rep009/K8/run12/data.8.Q	/cfs/klemming/home/t/tabeadi/tabea_work/08_population_analysis_final/skane_only/combined/results/structure/admixture/rep009/K8/run12
rep009	8	run13	0.35485	-7876420.739027	/cfs/klemming/home/t/tabeadi/tabea_work/08_population_analysis_final/skane_only/combined/results/structure/admixture/rep009/K8/run13/data.8.Q	/cfs/klemming/home/t/tabeadi/tabea_work/08_population_analysis_final/skane_only/combined/results/structure/admixture/rep009/K8/run13
rep009	8	run14	0.35479	-7876426.295218	/cfs/klemming/home/t/tabeadi/tabea_work/08_population_analysis_final/skane_only/combined/results/structure/admixture/rep009/K8/run14/data.8.Q	/cfs/klemming/home/t/tabeadi/tabea_work/08_population_analysis_final/skane_only/combined/results/structure/admixture/rep009/K8/run14
rep009	8	run15	0.35493	-7876419.101344	/cfs/klemming/home/t/tabeadi/tabea_work/08_population_analysis_final/skane_only/combined/results/structure/admixture/rep009/K8/run15/data.8.Q	/cfs/klemming/home/t/tabeadi/tabea_work/08_population_analysis_final/skane_only/combined/results/structure/admixture/rep009/K8/run15
rep009	8	run16	0.35481	-7876752.338441	/cfs/klemming/home/t/tabeadi/tabea_work/08_population_analysis_final/skane_only/combined/results/structure/admixture/rep009/K8/run16/data.8.Q	/cfs/klemming/home/t/tabeadi/tabea_work/08_population_analysis_final/skane_only/combined/results/structure/admixture/rep009/K8/run16
rep009	8	run17	0.35482	-7876766.812313	/cfs/klemming/home/t/tabeadi/tabea_work/08_population_analysis_final/skane_only/combined/results/structure/admixture/rep009/K8/run17/data.8.Q	/cfs/klemming/home/t/tabeadi/tabea_work/08_population_analysis_final/skane_only/combined/results/structure/admixture/rep009/K8/run17
rep009	8	run18	0.35494	-7876767.049631	/cfs/klemming/home/t/tabeadi/tabea_work/08_population_analysis_final/skane_only/combined/results/structure/admixture/rep009/K8/run18/data.8.Q	/cfs/klemming/home/t/tabeadi/tabea_work/08_population_analysis_final/skane_only/combined/results/structure/admixture/rep009/K8/run18
rep009	8	run19	0.35506	-7876419.114971	/cfs/klemming/home/t/tabeadi/tabea_work/08_population_analysis_final/skane_only/combined/results/structure/admixture/rep009/K8/run19/data.8.Q	/cfs/klemming/home/t/tabeadi/tabea_work/08_population_analysis_final/skane_only/combined/results/structure/admixture/rep009/K8/run19
rep009	8	run20	0.35494	-7876465.796224	/cfs/klemming/home/t/tabeadi/tabea_work/08_population_analysis_final/skane_only/combined/results/structure/admixture/rep009/K8/run20/data.8.Q	/cfs/klemming/home/t/tabeadi/tabea_work/08_population_analysis_final/skane_only/combined/results/structure/admixture/rep009/K8/run20
rep020	1	run01	0.36432	-8168503.935849	/cfs/klemming/home/t/tabeadi/tabea_work/08_population_analysis_final/skane_only/combined/results/structure/admixture/rep020/K1/run01/data.1.Q	/cfs/klemming/home/t/tabeadi/tabea_work/08_population_analysis_final/skane_only/combined/results/structure/admixture/rep020/K1/run01
rep020	1	run02	0.36431	-8168503.935849	/cfs/klemming/home/t/tabeadi/tabea_work/08_population_analysis_final/skane_only/combined/results/structure/admixture/rep020/K1/run02/data.1.Q	/cfs/klemming/home/t/tabeadi/tabea_work/08_population_analysis_final/skane_only/combined/results/structure/admixture/rep020/K1/run02
rep020	1	run03	0.36432	-8168503.935849	/cfs/klemming/home/t/tabeadi/tabea_work/08_population_analysis_final/skane_only/combined/results/structure/admixture/rep020/K1/run03/data.1.Q	/cfs/klemming/home/t/tabeadi/tabea_work/08_population_analysis_final/skane_only/combined/results/structure/admixture/rep020/K1/run03
rep020	1	run04	0.36431	-8168503.935849	/cfs/klemming/home/t/tabeadi/tabea_work/08_population_analysis_final/skane_only/combined/results/structure/admixture/rep020/K1/run04/data.1.Q	/cfs/klemming/home/t/tabeadi/tabea_work/08_population_analysis_final/skane_only/combined/results/structure/admixture/rep020/K1/run04
rep020	1	run05	0.36431	-8168503.935849	/cfs/klemming/home/t/tabeadi/tabea_work/08_population_analysis_final/skane_only/combined/results/structure/admixture/rep020/K1/run05/data.1.Q	/cfs/klemming/home/t/tabeadi/tabea_work/08_population_analysis_final/skane_only/combined/results/structure/admixture/rep020/K1/run05
rep020	1	run06	0.36431	-8168503.935849	/cfs/klemming/home/t/tabeadi/tabea_work/08_population_analysis_final/skane_only/combined/results/structure/admixture/rep020/K1/run06/data.1.Q	/cfs/klemming/home/t/tabeadi/tabea_work/08_population_analysis_final/skane_only/combined/results/structure/admixture/rep020/K1/run06
rep020	1	run07	0.36431	-8168503.935849	/cfs/klemming/home/t/tabeadi/tabea_work/08_population_analysis_final/skane_only/combined/results/structure/admixture/rep020/K1/run07/data.1.Q	/cfs/klemming/home/t/tabeadi/tabea_work/08_population_analysis_final/skane_only/combined/results/structure/admixture/rep020/K1/run07
rep020	1	run08	0.36432	-8168503.935849	/cfs/klemming/home/t/tabeadi/tabea_work/08_population_analysis_final/skane_only/combined/results/structure/admixture/rep020/K1/run08/data.1.Q	/cfs/klemming/home/t/tabeadi/tabea_work/08_population_analysis_final/skane_only/combined/results/structure/admixture/rep020/K1/run08
rep020	1	run09	0.36431	-8168503.935849	/cfs/klemming/home/t/tabeadi/tabea_work/08_population_analysis_final/skane_only/combined/results/structure/admixture/rep020/K1/run09/data.1.Q	/cfs/klemming/home/t/tabeadi/tabea_work/08_population_analysis_final/skane_only/combined/results/structure/admixture/rep020/K1/run09
rep020	1	run10	0.3643	-8168503.935849	/cfs/klemming/home/t/tabeadi/tabea_work/08_population_analysis_final/skane_only/combined/results/structure/admixture/rep020/K1/run10/data.1.Q	/cfs/klemming/home/t/tabeadi/tabea_work/08_population_analysis_final/skane_only/combined/results/structure/admixture/rep020/K1/run10
rep020	1	run11	0.36431	-8168503.935849	/cfs/klemming/home/t/tabeadi/tabea_work/08_population_analysis_final/skane_only/combined/results/structure/admixture/rep020/K1/run11/data.1.Q	/cfs/klemming/home/t/tabeadi/tabea_work/08_population_analysis_final/skane_only/combined/results/structure/admixture/rep020/K1/run11
rep020	1	run12	0.36432	-8168503.935849	/cfs/klemming/home/t/tabeadi/tabea_work/08_population_analysis_final/skane_only/combined/results/structure/admixture/rep020/K1/run12/data.1.Q	/cfs/klemming/home/t/tabeadi/tabea_work/08_population_analysis_final/skane_only/combined/results/structure/admixture/rep020/K1/run12
rep020	1	run13	0.36432	-8168503.935849	/cfs/klemming/home/t/tabeadi/tabea_work/08_population_analysis_final/skane_only/combined/results/structure/admixture/rep020/K1/run13/data.1.Q	/cfs/klemming/home/t/tabeadi/tabea_work/08_population_analysis_final/skane_only/combined/results/structure/admixture/rep020/K1/run13
rep020	1	run14	0.36431	-8168503.935849	/cfs/klemming/home/t/tabeadi/tabea_work/08_population_analysis_final/skane_only/combined/results/structure/admixture/rep020/K1/run14/data.1.Q	/cfs/klemming/home/t/tabeadi/tabea_work/08_population_analysis_final/skane_only/combined/results/structure/admixture/rep020/K1/run14
rep020	1	run15	0.36432	-8168503.935849	/cfs/klemming/home/t/tabeadi/tabea_work/08_population_analysis_final/skane_only/combined/results/structure/admixture/rep020/K1/run15/data.1.Q	/cfs/klemming/home/t/tabeadi/tabea_work/08_population_analysis_final/skane_only/combined/results/structure/admixture/rep020/K1/run15
rep020	1	run16	0.36429	-8168503.935849	/cfs/klemming/home/t/tabeadi/tabea_work/08_population_analysis_final/skane_only/combined/results/structure/admixture/rep020/K1/run16/data.1.Q	/cfs/klemming/home/t/tabeadi/tabea_work/08_population_analysis_final/skane_only/combined/results/structure/admixture/rep020/K1/run16
rep020	1	run17	0.36432	-8168503.935849	/cfs/klemming/home/t/tabeadi/tabea_work/08_population_analysis_final/skane_only/combined/results/structure/admixture/rep020/K1/run17/data.1.Q	/cfs/klemming/home/t/tabeadi/tabea_work/08_population_analysis_final/skane_only/combined/results/structure/admixture/rep020/K1/run17
rep020	1	run18	0.36431	-8168503.935849	/cfs/klemming/home/t/tabeadi/tabea_work/08_population_analysis_final/skane_only/combined/results/structure/admixture/rep020/K1/run18/data.1.Q	/cfs/klemming/home/t/tabeadi/tabea_work/08_population_analysis_final/skane_only/combined/results/structure/admixture/rep020/K1/run18
rep020	1	run19	0.36432	-8168503.935849	/cfs/klemming/home/t/tabeadi/tabea_work/08_population_analysis_final/skane_only/combined/results/structure/admixture/rep020/K1/run19/data.1.Q	/cfs/klemming/home/t/tabeadi/tabea_work/08_population_analysis_final/skane_only/combined/results/structure/admixture/rep020/K1/run19
rep020	1	run20	0.36431	-8168503.935849	/cfs/klemming/home/t/tabeadi/tabea_work/08_population_analysis_final/skane_only/combined/results/structure/admixture/rep020/K1/run20/data.1.Q	/cfs/klemming/home/t/tabeadi/tabea_work/08_population_analysis_final/skane_only/combined/results/structure/admixture/rep020/K1/run20
rep020	2	run01	0.36323	-8140707.318458	/cfs/klemming/home/t/tabeadi/tabea_work/08_population_analysis_final/skane_only/combined/results/structure/admixture/rep020/K2/run01/data.2.Q	/cfs/klemming/home/t/tabeadi/tabea_work/08_population_analysis_final/skane_only/combined/results/structure/admixture/rep020/K2/run01
rep020	2	run02	0.36323	-8140707.318462	/cfs/klemming/home/t/tabeadi/tabea_work/08_population_analysis_final/skane_only/combined/results/structure/admixture/rep020/K2/run02/data.2.Q	/cfs/klemming/home/t/tabeadi/tabea_work/08_population_analysis_final/skane_only/combined/results/structure/admixture/rep020/K2/run02
rep020	2	run03	0.36321	-8140707.318445	/cfs/klemming/home/t/tabeadi/tabea_work/08_population_analysis_final/skane_only/combined/results/structure/admixture/rep020/K2/run03/data.2.Q	/cfs/klemming/home/t/tabeadi/tabea_work/08_population_analysis_final/skane_only/combined/results/structure/admixture/rep020/K2/run03
rep020	2	run04	0.36324	-8140707.318444	/cfs/klemming/home/t/tabeadi/tabea_work/08_population_analysis_final/skane_only/combined/results/structure/admixture/rep020/K2/run04/data.2.Q	/cfs/klemming/home/t/tabeadi/tabea_work/08_population_analysis_final/skane_only/combined/results/structure/admixture/rep020/K2/run04
rep020	2	run05	0.36322	-8140707.318459	/cfs/klemming/home/t/tabeadi/tabea_work/08_population_analysis_final/skane_only/combined/results/structure/admixture/rep020/K2/run05/data.2.Q	/cfs/klemming/home/t/tabeadi/tabea_work/08_population_analysis_final/skane_only/combined/results/structure/admixture/rep020/K2/run05
rep020	2	run06	0.36328	-8140707.318449	/cfs/klemming/home/t/tabeadi/tabea_work/08_population_analysis_final/skane_only/combined/results/structure/admixture/rep020/K2/run06/data.2.Q	/cfs/klemming/home/t/tabeadi/tabea_work/08_population_analysis_final/skane_only/combined/results/structure/admixture/rep020/K2/run06
rep020	2	run07	0.36322	-8140707.318446	/cfs/klemming/home/t/tabeadi/tabea_work/08_population_analysis_final/skane_only/combined/results/structure/admixture/rep020/K2/run07/data.2.Q	/cfs/klemming/home/t/tabeadi/tabea_work/08_population_analysis_final/skane_only/combined/results/structure/admixture/rep020/K2/run07
rep020	2	run08	0.3632	-8140707.318447	/cfs/klemming/home/t/tabeadi/tabea_work/08_population_analysis_final/skane_only/combined/results/structure/admixture/rep020/K2/run08/data.2.Q	/cfs/klemming/home/t/tabeadi/tabea_work/08_population_analysis_final/skane_only/combined/results/structure/admixture/rep020/K2/run08
rep020	2	run09	0.36321	-8140707.318441	/cfs/klemming/home/t/tabeadi/tabea_work/08_population_analysis_final/skane_only/combined/results/structure/admixture/rep020/K2/run09/data.2.Q	/cfs/klemming/home/t/tabeadi/tabea_work/08_population_analysis_final/skane_only/combined/results/structure/admixture/rep020/K2/run09
rep020	2	run10	0.36325	-8140707.318458	/cfs/klemming/home/t/tabeadi/tabea_work/08_population_analysis_final/skane_only/combined/results/structure/admixture/rep020/K2/run10/data.2.Q	/cfs/klemming/home/t/tabeadi/tabea_work/08_population_analysis_final/skane_only/combined/results/structure/admixture/rep020/K2/run10
rep020	2	run11	0.36321	-8140707.318449	/cfs/klemming/home/t/tabeadi/tabea_work/08_population_analysis_final/skane_only/combined/results/structure/admixture/rep020/K2/run11/data.2.Q	/cfs/klemming/home/t/tabeadi/tabea_work/08_population_analysis_final/skane_only/combined/results/structure/admixture/rep020/K2/run11
rep020	2	run12	0.3632	-8140707.318445	/cfs/klemming/home/t/tabeadi/tabea_work/08_population_analysis_final/skane_only/combined/results/structure/admixture/rep020/K2/run12/data.2.Q	/cfs/klemming/home/t/tabeadi/tabea_work/08_population_analysis_final/skane_only/combined/results/structure/admixture/rep020/K2/run12
rep020	2	run13	0.36321	-8140707.318442	/cfs/klemming/home/t/tabeadi/tabea_work/08_population_analysis_final/skane_only/combined/results/structure/admixture/rep020/K2/run13/data.2.Q	/cfs/klemming/home/t/tabeadi/tabea_work/08_population_analysis_final/skane_only/combined/results/structure/admixture/rep020/K2/run13
rep020	2	run14	0.36322	-8140707.31845	/cfs/klemming/home/t/tabeadi/tabea_work/08_population_analysis_final/skane_only/combined/results/structure/admixture/rep020/K2/run14/data.2.Q	/cfs/klemming/home/t/tabeadi/tabea_work/08_population_analysis_final/skane_only/combined/results/structure/admixture/rep020/K2/run14
rep020	2	run15	0.36322	-8140707.318459	/cfs/klemming/home/t/tabeadi/tabea_work/08_population_analysis_final/skane_only/combined/results/structure/admixture/rep020/K2/run15/data.2.Q	/cfs/klemming/home/t/tabeadi/tabea_work/08_population_analysis_final/skane_only/combined/results/structure/admixture/rep020/K2/run15
rep020	2	run16	0.36323	-8140707.31844	/cfs/klemming/home/t/tabeadi/tabea_work/08_population_analysis_final/skane_only/combined/results/structure/admixture/rep020/K2/run16/data.2.Q	/cfs/klemming/home/t/tabeadi/tabea_work/08_population_analysis_final/skane_only/combined/results/structure/admixture/rep020/K2/run16
rep020	2	run17	0.36322	-8140707.318441	/cfs/klemming/home/t/tabeadi/tabea_work/08_population_analysis_final/skane_only/combined/results/structure/admixture/rep020/K2/run17/data.2.Q	/cfs/klemming/home/t/tabeadi/tabea_work/08_population_analysis_final/skane_only/combined/results/structure/admixture/rep020/K2/run17
rep020	2	run18	0.36321	-8140707.318444	/cfs/klemming/home/t/tabeadi/tabea_work/08_population_analysis_final/skane_only/combined/results/structure/admixture/rep020/K2/run18/data.2.Q	/cfs/klemming/home/t/tabeadi/tabea_work/08_population_analysis_final/skane_only/combined/results/structure/admixture/rep020/K2/run18
rep020	2	run19	0.3632	-8140707.318443	/cfs/klemming/home/t/tabeadi/tabea_work/08_population_analysis_final/skane_only/combined/results/structure/admixture/rep020/K2/run19/data.2.Q	/cfs/klemming/home/t/tabeadi/tabea_work/08_population_analysis_final/skane_only/combined/results/structure/admixture/rep020/K2/run19
rep020	2	run20	0.36322	-8140707.31846	/cfs/klemming/home/t/tabeadi/tabea_work/08_population_analysis_final/skane_only/combined/results/structure/admixture/rep020/K2/run20/data.2.Q	/cfs/klemming/home/t/tabeadi/tabea_work/08_population_analysis_final/skane_only/combined/results/structure/admixture/rep020/K2/run20
rep020	3	run01	0.36263	-8119858.629595	/cfs/klemming/home/t/tabeadi/tabea_work/08_population_analysis_final/skane_only/combined/results/structure/admixture/rep020/K3/run01/data.3.Q	/cfs/klemming/home/t/tabeadi/tabea_work/08_population_analysis_final/skane_only/combined/results/structure/admixture/rep020/K3/run01
rep020	3	run02	0.3626	-8119858.629033	/cfs/klemming/home/t/tabeadi/tabea_work/08_population_analysis_final/skane_only/combined/results/structure/admixture/rep020/K3/run02/data.3.Q	/cfs/klemming/home/t/tabeadi/tabea_work/08_population_analysis_final/skane_only/combined/results/structure/admixture/rep020/K3/run02
rep020	3	run03	0.36259	-8119628.728186	/cfs/klemming/home/t/tabeadi/tabea_work/08_population_analysis_final/skane_only/combined/results/structure/admixture/rep020/K3/run03/data.3.Q	/cfs/klemming/home/t/tabeadi/tabea_work/08_population_analysis_final/skane_only/combined/results/structure/admixture/rep020/K3/run03
rep020	3	run04	0.36254	-8119628.71804	/cfs/klemming/home/t/tabeadi/tabea_work/08_population_analysis_final/skane_only/combined/results/structure/admixture/rep020/K3/run04/data.3.Q	/cfs/klemming/home/t/tabeadi/tabea_work/08_population_analysis_final/skane_only/combined/results/structure/admixture/rep020/K3/run04
rep020	3	run05	0.36267	-8119858.62476	/cfs/klemming/home/t/tabeadi/tabea_work/08_population_analysis_final/skane_only/combined/results/structure/admixture/rep020/K3/run05/data.3.Q	/cfs/klemming/home/t/tabeadi/tabea_work/08_population_analysis_final/skane_only/combined/results/structure/admixture/rep020/K3/run05
rep020	3	run06	0.36262	-8119945.039731	/cfs/klemming/home/t/tabeadi/tabea_work/08_population_analysis_final/skane_only/combined/results/structure/admixture/rep020/K3/run06/data.3.Q	/cfs/klemming/home/t/tabeadi/tabea_work/08_population_analysis_final/skane_only/combined/results/structure/admixture/rep020/K3/run06
rep020	3	run07	0.3626	-8119945.041547	/cfs/klemming/home/t/tabeadi/tabea_work/08_population_analysis_final/skane_only/combined/results/structure/admixture/rep020/K3/run07/data.3.Q	/cfs/klemming/home/t/tabeadi/tabea_work/08_population_analysis_final/skane_only/combined/results/structure/admixture/rep020/K3/run07
rep020	3	run08	0.36261	-8119945.041881	/cfs/klemming/home/t/tabeadi/tabea_work/08_population_analysis_final/skane_only/combined/results/structure/admixture/rep020/K3/run08/data.3.Q	/cfs/klemming/home/t/tabeadi/tabea_work/08_population_analysis_final/skane_only/combined/results/structure/admixture/rep020/K3/run08
rep020	3	run09	0.36262	-8119628.719513	/cfs/klemming/home/t/tabeadi/tabea_work/08_population_analysis_final/skane_only/combined/results/structure/admixture/rep020/K3/run09/data.3.Q	/cfs/klemming/home/t/tabeadi/tabea_work/08_population_analysis_final/skane_only/combined/results/structure/admixture/rep020/K3/run09
rep020	3	run10	0.36264	-8119858.626319	/cfs/klemming/home/t/tabeadi/tabea_work/08_population_analysis_final/skane_only/combined/results/structure/admixture/rep020/K3/run10/data.3.Q	/cfs/klemming/home/t/tabeadi/tabea_work/08_population_analysis_final/skane_only/combined/results/structure/admixture/rep020/K3/run10
rep020	3	run11	0.36262	-8119945.039982	/cfs/klemming/home/t/tabeadi/tabea_work/08_population_analysis_final/skane_only/combined/results/structure/admixture/rep020/K3/run11/data.3.Q	/cfs/klemming/home/t/tabeadi/tabea_work/08_population_analysis_final/skane_only/combined/results/structure/admixture/rep020/K3/run11
rep020	3	run12	0.36261	-8119858.623158	/cfs/klemming/home/t/tabeadi/tabea_work/08_population_analysis_final/skane_only/combined/results/structure/admixture/rep020/K3/run12/data.3.Q	/cfs/klemming/home/t/tabeadi/tabea_work/08_population_analysis_final/skane_only/combined/results/structure/admixture/rep020/K3/run12
rep020	3	run13	0.36256	-8119628.720025	/cfs/klemming/home/t/tabeadi/tabea_work/08_population_analysis_final/skane_only/combined/results/structure/admixture/rep020/K3/run13/data.3.Q	/cfs/klemming/home/t/tabeadi/tabea_work/08_population_analysis_final/skane_only/combined/results/structure/admixture/rep020/K3/run13
rep020	3	run14	0.36262	-8119858.623848	/cfs/klemming/home/t/tabeadi/tabea_work/08_population_analysis_final/skane_only/combined/results/structure/admixture/rep020/K3/run14/data.3.Q	/cfs/klemming/home/t/tabeadi/tabea_work/08_population_analysis_final/skane_only/combined/results/structure/admixture/rep020/K3/run14
rep020	3	run15	0.3626	-8119858.623535	/cfs/klemming/home/t/tabeadi/tabea_work/08_population_analysis_final/skane_only/combined/results/structure/admixture/rep020/K3/run15/data.3.Q	/cfs/klemming/home/t/tabeadi/tabea_work/08_population_analysis_final/skane_only/combined/results/structure/admixture/rep020/K3/run15
rep020	3	run16	0.36263	-8119858.627753	/cfs/klemming/home/t/tabeadi/tabea_work/08_population_analysis_final/skane_only/combined/results/structure/admixture/rep020/K3/run16/data.3.Q	/cfs/klemming/home/t/tabeadi/tabea_work/08_population_analysis_final/skane_only/combined/results/structure/admixture/rep020/K3/run16
rep020	3	run17	0.36254	-8119628.73285	/cfs/klemming/home/t/tabeadi/tabea_work/08_population_analysis_final/skane_only/combined/results/structure/admixture/rep020/K3/run17/data.3.Q	/cfs/klemming/home/t/tabeadi/tabea_work/08_population_analysis_final/skane_only/combined/results/structure/admixture/rep020/K3/run17
rep020	3	run18	0.36262	-8119628.72865	/cfs/klemming/home/t/tabeadi/tabea_work/08_population_analysis_final/skane_only/combined/results/structure/admixture/rep020/K3/run18/data.3.Q	/cfs/klemming/home/t/tabeadi/tabea_work/08_population_analysis_final/skane_only/combined/results/structure/admixture/rep020/K3/run18
rep020	3	run19	0.36255	-8119628.722143	/cfs/klemming/home/t/tabeadi/tabea_work/08_population_analysis_final/skane_only/combined/results/structure/admixture/rep020/K3/run19/data.3.Q	/cfs/klemming/home/t/tabeadi/tabea_work/08_population_analysis_final/skane_only/combined/results/structure/admixture/rep020/K3/run19
rep020	3	run20	0.36263	-8119945.0388	/cfs/klemming/home/t/tabeadi/tabea_work/08_population_analysis_final/skane_only/combined/results/structure/admixture/rep020/K3/run20/data.3.Q	/cfs/klemming/home/t/tabeadi/tabea_work/08_population_analysis_final/skane_only/combined/results/structure/admixture/rep020/K3/run20
rep020	4	run01	0.36202	-8100122.851793	/cfs/klemming/home/t/tabeadi/tabea_work/08_population_analysis_final/skane_only/combined/results/structure/admixture/rep020/K4/run01/data.4.Q	/cfs/klemming/home/t/tabeadi/tabea_work/08_population_analysis_final/skane_only/combined/results/structure/admixture/rep020/K4/run01
rep020	4	run02	0.36207	-8100469.344783	/cfs/klemming/home/t/tabeadi/tabea_work/08_population_analysis_final/skane_only/combined/results/structure/admixture/rep020/K4/run02/data.4.Q	/cfs/klemming/home/t/tabeadi/tabea_work/08_population_analysis_final/skane_only/combined/results/structure/admixture/rep020/K4/run02
rep020	4	run03	0.36195	-8100122.844729	/cfs/klemming/home/t/tabeadi/tabea_work/08_population_analysis_final/skane_only/combined/results/structure/admixture/rep020/K4/run03/data.4.Q	/cfs/klemming/home/t/tabeadi/tabea_work/08_population_analysis_final/skane_only/combined/results/structure/admixture/rep020/K4/run03
rep020	4	run04	0.36201	-8100469.348931	/cfs/klemming/home/t/tabeadi/tabea_work/08_population_analysis_final/skane_only/combined/results/structure/admixture/rep020/K4/run04/data.4.Q	/cfs/klemming/home/t/tabeadi/tabea_work/08_population_analysis_final/skane_only/combined/results/structure/admixture/rep020/K4/run04
rep020	4	run05	0.36195	-8100122.856488	/cfs/klemming/home/t/tabeadi/tabea_work/08_population_analysis_final/skane_only/combined/results/structure/admixture/rep020/K4/run05/data.4.Q	/cfs/klemming/home/t/tabeadi/tabea_work/08_population_analysis_final/skane_only/combined/results/structure/admixture/rep020/K4/run05
rep020	4	run06	0.36205	-8100122.844017	/cfs/klemming/home/t/tabeadi/tabea_work/08_population_analysis_final/skane_only/combined/results/structure/admixture/rep020/K4/run06/data.4.Q	/cfs/klemming/home/t/tabeadi/tabea_work/08_population_analysis_final/skane_only/combined/results/structure/admixture/rep020/K4/run06
rep020	4	run07	0.36193	-8100122.845087	/cfs/klemming/home/t/tabeadi/tabea_work/08_population_analysis_final/skane_only/combined/results/structure/admixture/rep020/K4/run07/data.4.Q	/cfs/klemming/home/t/tabeadi/tabea_work/08_population_analysis_final/skane_only/combined/results/structure/admixture/rep020/K4/run07
rep020	4	run08	0.36208	-8100122.878119	/cfs/klemming/home/t/tabeadi/tabea_work/08_population_analysis_final/skane_only/combined/results/structure/admixture/rep020/K4/run08/data.4.Q	/cfs/klemming/home/t/tabeadi/tabea_work/08_population_analysis_final/skane_only/combined/results/structure/admixture/rep020/K4/run08
rep020	4	run09	0.362	-8100122.853609	/cfs/klemming/home/t/tabeadi/tabea_work/08_population_analysis_final/skane_only/combined/results/structure/admixture/rep020/K4/run09/data.4.Q	/cfs/klemming/home/t/tabeadi/tabea_work/08_population_analysis_final/skane_only/combined/results/structure/admixture/rep020/K4/run09
rep020	4	run10	0.36199	-8100122.845813	/cfs/klemming/home/t/tabeadi/tabea_work/08_population_analysis_final/skane_only/combined/results/structure/admixture/rep020/K4/run10/data.4.Q	/cfs/klemming/home/t/tabeadi/tabea_work/08_population_analysis_final/skane_only/combined/results/structure/admixture/rep020/K4/run10
rep020	4	run11	0.36203	-8100122.850273	/cfs/klemming/home/t/tabeadi/tabea_work/08_population_analysis_final/skane_only/combined/results/structure/admixture/rep020/K4/run11/data.4.Q	/cfs/klemming/home/t/tabeadi/tabea_work/08_population_analysis_final/skane_only/combined/results/structure/admixture/rep020/K4/run11
rep020	4	run12	0.36209	-8100469.348435	/cfs/klemming/home/t/tabeadi/tabea_work/08_population_analysis_final/skane_only/combined/results/structure/admixture/rep020/K4/run12/data.4.Q	/cfs/klemming/home/t/tabeadi/tabea_work/08_population_analysis_final/skane_only/combined/results/structure/admixture/rep020/K4/run12
rep020	4	run13	0.36203	-8100469.348854	/cfs/klemming/home/t/tabeadi/tabea_work/08_population_analysis_final/skane_only/combined/results/structure/admixture/rep020/K4/run13/data.4.Q	/cfs/klemming/home/t/tabeadi/tabea_work/08_population_analysis_final/skane_only/combined/results/structure/admixture/rep020/K4/run13
rep020	4	run14	0.36197	-8100122.846711	/cfs/klemming/home/t/tabeadi/tabea_work/08_population_analysis_final/skane_only/combined/results/structure/admixture/rep020/K4/run14/data.4.Q	/cfs/klemming/home/t/tabeadi/tabea_work/08_population_analysis_final/skane_only/combined/results/structure/admixture/rep020/K4/run14
rep020	4	run15	0.36199	-8100122.850317	/cfs/klemming/home/t/tabeadi/tabea_work/08_population_analysis_final/skane_only/combined/results/structure/admixture/rep020/K4/run15/data.4.Q	/cfs/klemming/home/t/tabeadi/tabea_work/08_population_analysis_final/skane_only/combined/results/structure/admixture/rep020/K4/run15
rep020	4	run16	0.36205	-8100122.857578	/cfs/klemming/home/t/tabeadi/tabea_work/08_population_analysis_final/skane_only/combined/results/structure/admixture/rep020/K4/run16/data.4.Q	/cfs/klemming/home/t/tabeadi/tabea_work/08_population_analysis_final/skane_only/combined/results/structure/admixture/rep020/K4/run16
rep020	4	run17	0.36204	-8100122.844291	/cfs/klemming/home/t/tabeadi/tabea_work/08_population_analysis_final/skane_only/combined/results/structure/admixture/rep020/K4/run17/data.4.Q	/cfs/klemming/home/t/tabeadi/tabea_work/08_population_analysis_final/skane_only/combined/results/structure/admixture/rep020/K4/run17
rep020	4	run18	0.36198	-8100122.861656	/cfs/klemming/home/t/tabeadi/tabea_work/08_population_analysis_final/skane_only/combined/results/structure/admixture/rep020/K4/run18/data.4.Q	/cfs/klemming/home/t/tabeadi/tabea_work/08_population_analysis_final/skane_only/combined/results/structure/admixture/rep020/K4/run18
rep020	4	run19	0.36212	-8100839.278446	/cfs/klemming/home/t/tabeadi/tabea_work/08_population_analysis_final/skane_only/combined/results/structure/admixture/rep020/K4/run19/data.4.Q	/cfs/klemming/home/t/tabeadi/tabea_work/08_population_analysis_final/skane_only/combined/results/structure/admixture/rep020/K4/run19
rep020	4	run20	0.36207	-8100469.34732	/cfs/klemming/home/t/tabeadi/tabea_work/08_population_analysis_final/skane_only/combined/results/structure/admixture/rep020/K4/run20/data.4.Q	/cfs/klemming/home/t/tabeadi/tabea_work/08_population_analysis_final/skane_only/combined/results/structure/admixture/rep020/K4/run20
rep020	5	run01	0.36152	-8082030.250675	/cfs/klemming/home/t/tabeadi/tabea_work/08_population_analysis_final/skane_only/combined/results/structure/admixture/rep020/K5/run01/data.5.Q	/cfs/klemming/home/t/tabeadi/tabea_work/08_population_analysis_final/skane_only/combined/results/structure/admixture/rep020/K5/run01
rep020	5	run02	0.36152	-8082030.250765	/cfs/klemming/home/t/tabeadi/tabea_work/08_population_analysis_final/skane_only/combined/results/structure/admixture/rep020/K5/run02/data.5.Q	/cfs/klemming/home/t/tabeadi/tabea_work/08_population_analysis_final/skane_only/combined/results/structure/admixture/rep020/K5/run02
rep020	5	run03	0.36153	-8081971.104975	/cfs/klemming/home/t/tabeadi/tabea_work/08_population_analysis_final/skane_only/combined/results/structure/admixture/rep020/K5/run03/data.5.Q	/cfs/klemming/home/t/tabeadi/tabea_work/08_population_analysis_final/skane_only/combined/results/structure/admixture/rep020/K5/run03
rep020	5	run04	0.36144	-8081716.600971	/cfs/klemming/home/t/tabeadi/tabea_work/08_population_analysis_final/skane_only/combined/results/structure/admixture/rep020/K5/run04/data.5.Q	/cfs/klemming/home/t/tabeadi/tabea_work/08_population_analysis_final/skane_only/combined/results/structure/admixture/rep020/K5/run04
rep020	5	run05	0.36145	-8081716.577501	/cfs/klemming/home/t/tabeadi/tabea_work/08_population_analysis_final/skane_only/combined/results/structure/admixture/rep020/K5/run05/data.5.Q	/cfs/klemming/home/t/tabeadi/tabea_work/08_population_analysis_final/skane_only/combined/results/structure/admixture/rep020/K5/run05
rep020	5	run06	0.36147	-8081716.582572	/cfs/klemming/home/t/tabeadi/tabea_work/08_population_analysis_final/skane_only/combined/results/structure/admixture/rep020/K5/run06/data.5.Q	/cfs/klemming/home/t/tabeadi/tabea_work/08_population_analysis_final/skane_only/combined/results/structure/admixture/rep020/K5/run06
rep020	5	run07	0.36145	-8081716.5828	/cfs/klemming/home/t/tabeadi/tabea_work/08_population_analysis_final/skane_only/combined/results/structure/admixture/rep020/K5/run07/data.5.Q	/cfs/klemming/home/t/tabeadi/tabea_work/08_population_analysis_final/skane_only/combined/results/structure/admixture/rep020/K5/run07
rep020	5	run08	0.36154	-8081971.10484	/cfs/klemming/home/t/tabeadi/tabea_work/08_population_analysis_final/skane_only/combined/results/structure/admixture/rep020/K5/run08/data.5.Q	/cfs/klemming/home/t/tabeadi/tabea_work/08_population_analysis_final/skane_only/combined/results/structure/admixture/rep020/K5/run08
rep020	5	run09	0.36151	-8081716.553979	/cfs/klemming/home/t/tabeadi/tabea_work/08_population_analysis_final/skane_only/combined/results/structure/admixture/rep020/K5/run09/data.5.Q	/cfs/klemming/home/t/tabeadi/tabea_work/08_population_analysis_final/skane_only/combined/results/structure/admixture/rep020/K5/run09
rep020	5	run10	0.36143	-8081716.5817	/cfs/klemming/home/t/tabeadi/tabea_work/08_population_analysis_final/skane_only/combined/results/structure/admixture/rep020/K5/run10/data.5.Q	/cfs/klemming/home/t/tabeadi/tabea_work/08_population_analysis_final/skane_only/combined/results/structure/admixture/rep020/K5/run10
rep020	5	run11	0.36145	-8081716.556146	/cfs/klemming/home/t/tabeadi/tabea_work/08_population_analysis_final/skane_only/combined/results/structure/admixture/rep020/K5/run11/data.5.Q	/cfs/klemming/home/t/tabeadi/tabea_work/08_population_analysis_final/skane_only/combined/results/structure/admixture/rep020/K5/run11
rep020	5	run12	0.36151	-8081716.607761	/cfs/klemming/home/t/tabeadi/tabea_work/08_population_analysis_final/skane_only/combined/results/structure/admixture/rep020/K5/run12/data.5.Q	/cfs/klemming/home/t/tabeadi/tabea_work/08_population_analysis_final/skane_only/combined/results/structure/admixture/rep020/K5/run12
rep020	5	run13	0.36151	-8081971.084598	/cfs/klemming/home/t/tabeadi/tabea_work/08_population_analysis_final/skane_only/combined/results/structure/admixture/rep020/K5/run13/data.5.Q	/cfs/klemming/home/t/tabeadi/tabea_work/08_population_analysis_final/skane_only/combined/results/structure/admixture/rep020/K5/run13
rep020	5	run14	0.36147	-8081716.558894	/cfs/klemming/home/t/tabeadi/tabea_work/08_population_analysis_final/skane_only/combined/results/structure/admixture/rep020/K5/run14/data.5.Q	/cfs/klemming/home/t/tabeadi/tabea_work/08_population_analysis_final/skane_only/combined/results/structure/admixture/rep020/K5/run14
rep020	5	run15	0.36147	-8081716.561236	/cfs/klemming/home/t/tabeadi/tabea_work/08_population_analysis_final/skane_only/combined/results/structure/admixture/rep020/K5/run15/data.5.Q	/cfs/klemming/home/t/tabeadi/tabea_work/08_population_analysis_final/skane_only/combined/results/structure/admixture/rep020/K5/run15
rep020	5	run16	0.36143	-8081716.573959	/cfs/klemming/home/t/tabeadi/tabea_work/08_population_analysis_final/skane_only/combined/results/structure/admixture/rep020/K5/run16/data.5.Q	/cfs/klemming/home/t/tabeadi/tabea_work/08_population_analysis_final/skane_only/combined/results/structure/admixture/rep020/K5/run16
rep020	5	run17	0.36143	-8081716.612099	/cfs/klemming/home/t/tabeadi/tabea_work/08_population_analysis_final/skane_only/combined/results/structure/admixture/rep020/K5/run17/data.5.Q	/cfs/klemming/home/t/tabeadi/tabea_work/08_population_analysis_final/skane_only/combined/results/structure/admixture/rep020/K5/run17
rep020	5	run18	0.36152	-8082030.24452	/cfs/klemming/home/t/tabeadi/tabea_work/08_population_analysis_final/skane_only/combined/results/structure/admixture/rep020/K5/run18/data.5.Q	/cfs/klemming/home/t/tabeadi/tabea_work/08_population_analysis_final/skane_only/combined/results/structure/admixture/rep020/K5/run18
rep020	5	run19	0.36147	-8081716.57721	/cfs/klemming/home/t/tabeadi/tabea_work/08_population_analysis_final/skane_only/combined/results/structure/admixture/rep020/K5/run19/data.5.Q	/cfs/klemming/home/t/tabeadi/tabea_work/08_population_analysis_final/skane_only/combined/results/structure/admixture/rep020/K5/run19
rep020	5	run20	0.36138	-8081716.590509	/cfs/klemming/home/t/tabeadi/tabea_work/08_population_analysis_final/skane_only/combined/results/structure/admixture/rep020/K5/run20/data.5.Q	/cfs/klemming/home/t/tabeadi/tabea_work/08_population_analysis_final/skane_only/combined/results/structure/admixture/rep020/K5/run20
rep020	6	run01	0.36104	-8064508.94976	/cfs/klemming/home/t/tabeadi/tabea_work/08_population_analysis_final/skane_only/combined/results/structure/admixture/rep020/K6/run01/data.6.Q	/cfs/klemming/home/t/tabeadi/tabea_work/08_population_analysis_final/skane_only/combined/results/structure/admixture/rep020/K6/run01
rep020	6	run02	0.36083	-8064448.754306	/cfs/klemming/home/t/tabeadi/tabea_work/08_population_analysis_final/skane_only/combined/results/structure/admixture/rep020/K6/run02/data.6.Q	/cfs/klemming/home/t/tabeadi/tabea_work/08_population_analysis_final/skane_only/combined/results/structure/admixture/rep020/K6/run02
rep020	6	run03	0.36106	-8064199.356955	/cfs/klemming/home/t/tabeadi/tabea_work/08_population_analysis_final/skane_only/combined/results/structure/admixture/rep020/K6/run03/data.6.Q	/cfs/klemming/home/t/tabeadi/tabea_work/08_population_analysis_final/skane_only/combined/results/structure/admixture/rep020/K6/run03
rep020	6	run04	0.361	-8064448.772861	/cfs/klemming/home/t/tabeadi/tabea_work/08_population_analysis_final/skane_only/combined/results/structure/admixture/rep020/K6/run04/data.6.Q	/cfs/klemming/home/t/tabeadi/tabea_work/08_population_analysis_final/skane_only/combined/results/structure/admixture/rep020/K6/run04
rep020	6	run05	0.36104	-8064199.35604	/cfs/klemming/home/t/tabeadi/tabea_work/08_population_analysis_final/skane_only/combined/results/structure/admixture/rep020/K6/run05/data.6.Q	/cfs/klemming/home/t/tabeadi/tabea_work/08_population_analysis_final/skane_only/combined/results/structure/admixture/rep020/K6/run05
rep020	6	run06	0.36089	-8064199.383276	/cfs/klemming/home/t/tabeadi/tabea_work/08_population_analysis_final/skane_only/combined/results/structure/admixture/rep020/K6/run06/data.6.Q	/cfs/klemming/home/t/tabeadi/tabea_work/08_population_analysis_final/skane_only/combined/results/structure/admixture/rep020/K6/run06
rep020	6	run07	0.36089	-8064192.771999	/cfs/klemming/home/t/tabeadi/tabea_work/08_population_analysis_final/skane_only/combined/results/structure/admixture/rep020/K6/run07/data.6.Q	/cfs/klemming/home/t/tabeadi/tabea_work/08_population_analysis_final/skane_only/combined/results/structure/admixture/rep020/K6/run07
rep020	6	run08	0.36099	-8064192.777618	/cfs/klemming/home/t/tabeadi/tabea_work/08_population_analysis_final/skane_only/combined/results/structure/admixture/rep020/K6/run08/data.6.Q	/cfs/klemming/home/t/tabeadi/tabea_work/08_population_analysis_final/skane_only/combined/results/structure/admixture/rep020/K6/run08
rep020	6	run09	0.36098	-8064192.783222	/cfs/klemming/home/t/tabeadi/tabea_work/08_population_analysis_final/skane_only/combined/results/structure/admixture/rep020/K6/run09/data.6.Q	/cfs/klemming/home/t/tabeadi/tabea_work/08_population_analysis_final/skane_only/combined/results/structure/admixture/rep020/K6/run09
rep020	6	run10	0.36103	-8064508.971026	/cfs/klemming/home/t/tabeadi/tabea_work/08_population_analysis_final/skane_only/combined/results/structure/admixture/rep020/K6/run10/data.6.Q	/cfs/klemming/home/t/tabeadi/tabea_work/08_population_analysis_final/skane_only/combined/results/structure/admixture/rep020/K6/run10
rep020	6	run11	0.36097	-8064199.393192	/cfs/klemming/home/t/tabeadi/tabea_work/08_population_analysis_final/skane_only/combined/results/structure/admixture/rep020/K6/run11/data.6.Q	/cfs/klemming/home/t/tabeadi/tabea_work/08_population_analysis_final/skane_only/combined/results/structure/admixture/rep020/K6/run11
rep020	6	run12	0.36102	-8064192.776122	/cfs/klemming/home/t/tabeadi/tabea_work/08_population_analysis_final/skane_only/combined/results/structure/admixture/rep020/K6/run12/data.6.Q	/cfs/klemming/home/t/tabeadi/tabea_work/08_population_analysis_final/skane_only/combined/results/structure/admixture/rep020/K6/run12
rep020	6	run13	0.36095	-8064192.789646	/cfs/klemming/home/t/tabeadi/tabea_work/08_population_analysis_final/skane_only/combined/results/structure/admixture/rep020/K6/run13/data.6.Q	/cfs/klemming/home/t/tabeadi/tabea_work/08_population_analysis_final/skane_only/combined/results/structure/admixture/rep020/K6/run13
rep020	6	run14	0.36083	-8064192.787984	/cfs/klemming/home/t/tabeadi/tabea_work/08_population_analysis_final/skane_only/combined/results/structure/admixture/rep020/K6/run14/data.6.Q	/cfs/klemming/home/t/tabeadi/tabea_work/08_population_analysis_final/skane_only/combined/results/structure/admixture/rep020/K6/run14
rep020	6	run15	0.36092	-8064199.375374	/cfs/klemming/home/t/tabeadi/tabea_work/08_population_analysis_final/skane_only/combined/results/structure/admixture/rep020/K6/run15/data.6.Q	/cfs/klemming/home/t/tabeadi/tabea_work/08_population_analysis_final/skane_only/combined/results/structure/admixture/rep020/K6/run15
rep020	6	run16	0.36093	-8064192.780522	/cfs/klemming/home/t/tabeadi/tabea_work/08_population_analysis_final/skane_only/combined/results/structure/admixture/rep020/K6/run16/data.6.Q	/cfs/klemming/home/t/tabeadi/tabea_work/08_population_analysis_final/skane_only/combined/results/structure/admixture/rep020/K6/run16
rep020	6	run17	0.36089	-8064192.792478	/cfs/klemming/home/t/tabeadi/tabea_work/08_population_analysis_final/skane_only/combined/results/structure/admixture/rep020/K6/run17/data.6.Q	/cfs/klemming/home/t/tabeadi/tabea_work/08_population_analysis_final/skane_only/combined/results/structure/admixture/rep020/K6/run17
rep020	6	run18	0.36096	-8064192.847823	/cfs/klemming/home/t/tabeadi/tabea_work/08_population_analysis_final/skane_only/combined/results/structure/admixture/rep020/K6/run18/data.6.Q	/cfs/klemming/home/t/tabeadi/tabea_work/08_population_analysis_final/skane_only/combined/results/structure/admixture/rep020/K6/run18
rep020	6	run19	0.36087	-8064199.432647	/cfs/klemming/home/t/tabeadi/tabea_work/08_population_analysis_final/skane_only/combined/results/structure/admixture/rep020/K6/run19/data.6.Q	/cfs/klemming/home/t/tabeadi/tabea_work/08_population_analysis_final/skane_only/combined/results/structure/admixture/rep020/K6/run19
rep020	6	run20	0.36106	-8065571.058384	/cfs/klemming/home/t/tabeadi/tabea_work/08_population_analysis_final/skane_only/combined/results/structure/admixture/rep020/K6/run20/data.6.Q	/cfs/klemming/home/t/tabeadi/tabea_work/08_population_analysis_final/skane_only/combined/results/structure/admixture/rep020/K6/run20
rep020	7	run01	0.36054	-8047996.009331	/cfs/klemming/home/t/tabeadi/tabea_work/08_population_analysis_final/skane_only/combined/results/structure/admixture/rep020/K7/run01/data.7.Q	/cfs/klemming/home/t/tabeadi/tabea_work/08_population_analysis_final/skane_only/combined/results/structure/admixture/rep020/K7/run01
rep020	7	run02	0.36054	-8047994.249574	/cfs/klemming/home/t/tabeadi/tabea_work/08_population_analysis_final/skane_only/combined/results/structure/admixture/rep020/K7/run02/data.7.Q	/cfs/klemming/home/t/tabeadi/tabea_work/08_population_analysis_final/skane_only/combined/results/structure/admixture/rep020/K7/run02
rep020	7	run03	0.3605	-8048451.613566	/cfs/klemming/home/t/tabeadi/tabea_work/08_population_analysis_final/skane_only/combined/results/structure/admixture/rep020/K7/run03/data.7.Q	/cfs/klemming/home/t/tabeadi/tabea_work/08_population_analysis_final/skane_only/combined/results/structure/admixture/rep020/K7/run03
rep020	7	run04	0.36058	-8048608.892206	/cfs/klemming/home/t/tabeadi/tabea_work/08_population_analysis_final/skane_only/combined/results/structure/admixture/rep020/K7/run04/data.7.Q	/cfs/klemming/home/t/tabeadi/tabea_work/08_population_analysis_final/skane_only/combined/results/structure/admixture/rep020/K7/run04
rep020	7	run05	0.36051	-8048466.567442	/cfs/klemming/home/t/tabeadi/tabea_work/08_population_analysis_final/skane_only/combined/results/structure/admixture/rep020/K7/run05/data.7.Q	/cfs/klemming/home/t/tabeadi/tabea_work/08_population_analysis_final/skane_only/combined/results/structure/admixture/rep020/K7/run05
rep020	7	run06	0.36048	-8048302.740081	/cfs/klemming/home/t/tabeadi/tabea_work/08_population_analysis_final/skane_only/combined/results/structure/admixture/rep020/K7/run06/data.7.Q	/cfs/klemming/home/t/tabeadi/tabea_work/08_population_analysis_final/skane_only/combined/results/structure/admixture/rep020/K7/run06
rep020	7	run07	0.36055	-8048050.120581	/cfs/klemming/home/t/tabeadi/tabea_work/08_population_analysis_final/skane_only/combined/results/structure/admixture/rep020/K7/run07/data.7.Q	/cfs/klemming/home/t/tabeadi/tabea_work/08_population_analysis_final/skane_only/combined/results/structure/admixture/rep020/K7/run07
rep020	7	run08	0.36058	-8047996.047943	/cfs/klemming/home/t/tabeadi/tabea_work/08_population_analysis_final/skane_only/combined/results/structure/admixture/rep020/K7/run08/data.7.Q	/cfs/klemming/home/t/tabeadi/tabea_work/08_population_analysis_final/skane_only/combined/results/structure/admixture/rep020/K7/run08
rep020	7	run09	0.36051	-8047994.387639	/cfs/klemming/home/t/tabeadi/tabea_work/08_population_analysis_final/skane_only/combined/results/structure/admixture/rep020/K7/run09/data.7.Q	/cfs/klemming/home/t/tabeadi/tabea_work/08_population_analysis_final/skane_only/combined/results/structure/admixture/rep020/K7/run09
rep020	7	run10	0.36073	-8047995.966116	/cfs/klemming/home/t/tabeadi/tabea_work/08_population_analysis_final/skane_only/combined/results/structure/admixture/rep020/K7/run10/data.7.Q	/cfs/klemming/home/t/tabeadi/tabea_work/08_population_analysis_final/skane_only/combined/results/structure/admixture/rep020/K7/run10
rep020	7	run11	0.36062	-8048050.174737	/cfs/klemming/home/t/tabeadi/tabea_work/08_population_analysis_final/skane_only/combined/results/structure/admixture/rep020/K7/run11/data.7.Q	/cfs/klemming/home/t/tabeadi/tabea_work/08_population_analysis_final/skane_only/combined/results/structure/admixture/rep020/K7/run11
rep020	7	run12	0.36056	-8048050.194702	/cfs/klemming/home/t/tabeadi/tabea_work/08_population_analysis_final/skane_only/combined/results/structure/admixture/rep020/K7/run12/data.7.Q	/cfs/klemming/home/t/tabeadi/tabea_work/08_population_analysis_final/skane_only/combined/results/structure/admixture/rep020/K7/run12
rep020	7	run13	0.36062	-8048084.19849	/cfs/klemming/home/t/tabeadi/tabea_work/08_population_analysis_final/skane_only/combined/results/structure/admixture/rep020/K7/run13/data.7.Q	/cfs/klemming/home/t/tabeadi/tabea_work/08_population_analysis_final/skane_only/combined/results/structure/admixture/rep020/K7/run13
rep020	7	run14	0.36059	-8047996.011115	/cfs/klemming/home/t/tabeadi/tabea_work/08_population_analysis_final/skane_only/combined/results/structure/admixture/rep020/K7/run14/data.7.Q	/cfs/klemming/home/t/tabeadi/tabea_work/08_population_analysis_final/skane_only/combined/results/structure/admixture/rep020/K7/run14
rep020	7	run15	0.36057	-8048084.195962	/cfs/klemming/home/t/tabeadi/tabea_work/08_population_analysis_final/skane_only/combined/results/structure/admixture/rep020/K7/run15/data.7.Q	/cfs/klemming/home/t/tabeadi/tabea_work/08_population_analysis_final/skane_only/combined/results/structure/admixture/rep020/K7/run15
rep020	7	run16	0.36067	-8048084.189194	/cfs/klemming/home/t/tabeadi/tabea_work/08_population_analysis_final/skane_only/combined/results/structure/admixture/rep020/K7/run16/data.7.Q	/cfs/klemming/home/t/tabeadi/tabea_work/08_population_analysis_final/skane_only/combined/results/structure/admixture/rep020/K7/run16
rep020	7	run17	0.36055	-8047995.986522	/cfs/klemming/home/t/tabeadi/tabea_work/08_population_analysis_final/skane_only/combined/results/structure/admixture/rep020/K7/run17/data.7.Q	/cfs/klemming/home/t/tabeadi/tabea_work/08_population_analysis_final/skane_only/combined/results/structure/admixture/rep020/K7/run17
rep020	7	run18	0.36052	-8047995.884424	/cfs/klemming/home/t/tabeadi/tabea_work/08_population_analysis_final/skane_only/combined/results/structure/admixture/rep020/K7/run18/data.7.Q	/cfs/klemming/home/t/tabeadi/tabea_work/08_population_analysis_final/skane_only/combined/results/structure/admixture/rep020/K7/run18
rep020	7	run19	0.36058	-8048425.263228	/cfs/klemming/home/t/tabeadi/tabea_work/08_population_analysis_final/skane_only/combined/results/structure/admixture/rep020/K7/run19/data.7.Q	/cfs/klemming/home/t/tabeadi/tabea_work/08_population_analysis_final/skane_only/combined/results/structure/admixture/rep020/K7/run19
rep020	7	run20	0.36053	-8047995.842429	/cfs/klemming/home/t/tabeadi/tabea_work/08_population_analysis_final/skane_only/combined/results/structure/admixture/rep020/K7/run20/data.7.Q	/cfs/klemming/home/t/tabeadi/tabea_work/08_population_analysis_final/skane_only/combined/results/structure/admixture/rep020/K7/run20
rep020	8	run01	0.36011	-8032586.029544	/cfs/klemming/home/t/tabeadi/tabea_work/08_population_analysis_final/skane_only/combined/results/structure/admixture/rep020/K8/run01/data.8.Q	/cfs/klemming/home/t/tabeadi/tabea_work/08_population_analysis_final/skane_only/combined/results/structure/admixture/rep020/K8/run01
rep020	8	run02	0.36019	-8032481.673938	/cfs/klemming/home/t/tabeadi/tabea_work/08_population_analysis_final/skane_only/combined/results/structure/admixture/rep020/K8/run02/data.8.Q	/cfs/klemming/home/t/tabeadi/tabea_work/08_population_analysis_final/skane_only/combined/results/structure/admixture/rep020/K8/run02
rep020	8	run03	0.36018	-8032576.980012	/cfs/klemming/home/t/tabeadi/tabea_work/08_population_analysis_final/skane_only/combined/results/structure/admixture/rep020/K8/run03/data.8.Q	/cfs/klemming/home/t/tabeadi/tabea_work/08_population_analysis_final/skane_only/combined/results/structure/admixture/rep020/K8/run03
rep020	8	run04	0.36028	-8032586.218462	/cfs/klemming/home/t/tabeadi/tabea_work/08_population_analysis_final/skane_only/combined/results/structure/admixture/rep020/K8/run04/data.8.Q	/cfs/klemming/home/t/tabeadi/tabea_work/08_population_analysis_final/skane_only/combined/results/structure/admixture/rep020/K8/run04
rep020	8	run05	0.36027	-8033021.937838	/cfs/klemming/home/t/tabeadi/tabea_work/08_population_analysis_final/skane_only/combined/results/structure/admixture/rep020/K8/run05/data.8.Q	/cfs/klemming/home/t/tabeadi/tabea_work/08_population_analysis_final/skane_only/combined/results/structure/admixture/rep020/K8/run05
rep020	8	run06	0.36042	-8032823.309439	/cfs/klemming/home/t/tabeadi/tabea_work/08_population_analysis_final/skane_only/combined/results/structure/admixture/rep020/K8/run06/data.8.Q	/cfs/klemming/home/t/tabeadi/tabea_work/08_population_analysis_final/skane_only/combined/results/structure/admixture/rep020/K8/run06
rep020	8	run07	0.36002	-8033134.001506	/cfs/klemming/home/t/tabeadi/tabea_work/08_population_analysis_final/skane_only/combined/results/structure/admixture/rep020/K8/run07/data.8.Q	/cfs/klemming/home/t/tabeadi/tabea_work/08_population_analysis_final/skane_only/combined/results/structure/admixture/rep020/K8/run07
rep020	8	run08	0.36014	-8032576.762406	/cfs/klemming/home/t/tabeadi/tabea_work/08_population_analysis_final/skane_only/combined/results/structure/admixture/rep020/K8/run08/data.8.Q	/cfs/klemming/home/t/tabeadi/tabea_work/08_population_analysis_final/skane_only/combined/results/structure/admixture/rep020/K8/run08
rep020	8	run09	0.36014	-8032586.188423	/cfs/klemming/home/t/tabeadi/tabea_work/08_population_analysis_final/skane_only/combined/results/structure/admixture/rep020/K8/run09/data.8.Q	/cfs/klemming/home/t/tabeadi/tabea_work/08_population_analysis_final/skane_only/combined/results/structure/admixture/rep020/K8/run09
rep020	8	run10	0.36026	-8032823.133808	/cfs/klemming/home/t/tabeadi/tabea_work/08_population_analysis_final/skane_only/combined/results/structure/admixture/rep020/K8/run10/data.8.Q	/cfs/klemming/home/t/tabeadi/tabea_work/08_population_analysis_final/skane_only/combined/results/structure/admixture/rep020/K8/run10
rep020	8	run11	0.36023	-8032802.898563	/cfs/klemming/home/t/tabeadi/tabea_work/08_population_analysis_final/skane_only/combined/results/structure/admixture/rep020/K8/run11/data.8.Q	/cfs/klemming/home/t/tabeadi/tabea_work/08_population_analysis_final/skane_only/combined/results/structure/admixture/rep020/K8/run11
rep020	8	run12	0.36022	-8032897.026871	/cfs/klemming/home/t/tabeadi/tabea_work/08_population_analysis_final/skane_only/combined/results/structure/admixture/rep020/K8/run12/data.8.Q	/cfs/klemming/home/t/tabeadi/tabea_work/08_population_analysis_final/skane_only/combined/results/structure/admixture/rep020/K8/run12
rep020	8	run13	0.3603	-8032957.502812	/cfs/klemming/home/t/tabeadi/tabea_work/08_population_analysis_final/skane_only/combined/results/structure/admixture/rep020/K8/run13/data.8.Q	/cfs/klemming/home/t/tabeadi/tabea_work/08_population_analysis_final/skane_only/combined/results/structure/admixture/rep020/K8/run13
rep020	8	run14	0.36035	-8032586.21342	/cfs/klemming/home/t/tabeadi/tabea_work/08_population_analysis_final/skane_only/combined/results/structure/admixture/rep020/K8/run14/data.8.Q	/cfs/klemming/home/t/tabeadi/tabea_work/08_population_analysis_final/skane_only/combined/results/structure/admixture/rep020/K8/run14
rep020	8	run15	0.36019	-8032875.511616	/cfs/klemming/home/t/tabeadi/tabea_work/08_population_analysis_final/skane_only/combined/results/structure/admixture/rep020/K8/run15/data.8.Q	/cfs/klemming/home/t/tabeadi/tabea_work/08_population_analysis_final/skane_only/combined/results/structure/admixture/rep020/K8/run15
rep020	8	run16	0.3602	-8033070.465245	/cfs/klemming/home/t/tabeadi/tabea_work/08_population_analysis_final/skane_only/combined/results/structure/admixture/rep020/K8/run16/data.8.Q	/cfs/klemming/home/t/tabeadi/tabea_work/08_population_analysis_final/skane_only/combined/results/structure/admixture/rep020/K8/run16
rep020	8	run17	0.36022	-8032511.304346	/cfs/klemming/home/t/tabeadi/tabea_work/08_population_analysis_final/skane_only/combined/results/structure/admixture/rep020/K8/run17/data.8.Q	/cfs/klemming/home/t/tabeadi/tabea_work/08_population_analysis_final/skane_only/combined/results/structure/admixture/rep020/K8/run17
rep020	8	run18	0.36019	-8032875.528014	/cfs/klemming/home/t/tabeadi/tabea_work/08_population_analysis_final/skane_only/combined/results/structure/admixture/rep020/K8/run18/data.8.Q	/cfs/klemming/home/t/tabeadi/tabea_work/08_population_analysis_final/skane_only/combined/results/structure/admixture/rep020/K8/run18
rep020	8	run19	0.36036	-8033607.675178	/cfs/klemming/home/t/tabeadi/tabea_work/08_population_analysis_final/skane_only/combined/results/structure/admixture/rep020/K8/run19/data.8.Q	/cfs/klemming/home/t/tabeadi/tabea_work/08_population_analysis_final/skane_only/combined/results/structure/admixture/rep020/K8/run19
rep020	8	run20	0.36041	-8032576.314156	/cfs/klemming/home/t/tabeadi/tabea_work/08_population_analysis_final/skane_only/combined/results/structure/admixture/rep020/K8/run20/data.8.Q	/cfs/klemming/home/t/tabeadi/tabea_work/08_population_analysis_final/skane_only/combined/results/structure/admixture/rep020/K8/run20
rep021	1	run01	0.3618	-8099399.452612	/cfs/klemming/home/t/tabeadi/tabea_work/08_population_analysis_final/skane_only/combined/results/structure/admixture/rep021/K1/run01/data.1.Q	/cfs/klemming/home/t/tabeadi/tabea_work/08_population_analysis_final/skane_only/combined/results/structure/admixture/rep021/K1/run01
rep021	1	run02	0.3618	-8099399.452612	/cfs/klemming/home/t/tabeadi/tabea_work/08_population_analysis_final/skane_only/combined/results/structure/admixture/rep021/K1/run02/data.1.Q	/cfs/klemming/home/t/tabeadi/tabea_work/08_population_analysis_final/skane_only/combined/results/structure/admixture/rep021/K1/run02
rep021	1	run03	0.36179	-8099399.452612	/cfs/klemming/home/t/tabeadi/tabea_work/08_population_analysis_final/skane_only/combined/results/structure/admixture/rep021/K1/run03/data.1.Q	/cfs/klemming/home/t/tabeadi/tabea_work/08_population_analysis_final/skane_only/combined/results/structure/admixture/rep021/K1/run03
rep021	1	run04	0.3618	-8099399.452612	/cfs/klemming/home/t/tabeadi/tabea_work/08_population_analysis_final/skane_only/combined/results/structure/admixture/rep021/K1/run04/data.1.Q	/cfs/klemming/home/t/tabeadi/tabea_work/08_population_analysis_final/skane_only/combined/results/structure/admixture/rep021/K1/run04
rep021	1	run05	0.3618	-8099399.452612	/cfs/klemming/home/t/tabeadi/tabea_work/08_population_analysis_final/skane_only/combined/results/structure/admixture/rep021/K1/run05/data.1.Q	/cfs/klemming/home/t/tabeadi/tabea_work/08_population_analysis_final/skane_only/combined/results/structure/admixture/rep021/K1/run05
rep021	1	run06	0.3618	-8099399.452612	/cfs/klemming/home/t/tabeadi/tabea_work/08_population_analysis_final/skane_only/combined/results/structure/admixture/rep021/K1/run06/data.1.Q	/cfs/klemming/home/t/tabeadi/tabea_work/08_population_analysis_final/skane_only/combined/results/structure/admixture/rep021/K1/run06
rep021	1	run07	0.3618	-8099399.452612	/cfs/klemming/home/t/tabeadi/tabea_work/08_population_analysis_final/skane_only/combined/results/structure/admixture/rep021/K1/run07/data.1.Q	/cfs/klemming/home/t/tabeadi/tabea_work/08_population_analysis_final/skane_only/combined/results/structure/admixture/rep021/K1/run07
rep021	1	run08	0.36181	-8099399.452612	/cfs/klemming/home/t/tabeadi/tabea_work/08_population_analysis_final/skane_only/combined/results/structure/admixture/rep021/K1/run08/data.1.Q	/cfs/klemming/home/t/tabeadi/tabea_work/08_population_analysis_final/skane_only/combined/results/structure/admixture/rep021/K1/run08
rep021	1	run09	0.3618	-8099399.452612	/cfs/klemming/home/t/tabeadi/tabea_work/08_population_analysis_final/skane_only/combined/results/structure/admixture/rep021/K1/run09/data.1.Q	/cfs/klemming/home/t/tabeadi/tabea_work/08_population_analysis_final/skane_only/combined/results/structure/admixture/rep021/K1/run09
rep021	1	run10	0.3618	-8099399.452612	/cfs/klemming/home/t/tabeadi/tabea_work/08_population_analysis_final/skane_only/combined/results/structure/admixture/rep021/K1/run10/data.1.Q	/cfs/klemming/home/t/tabeadi/tabea_work/08_population_analysis_final/skane_only/combined/results/structure/admixture/rep021/K1/run10
rep021	1	run11	0.36181	-8099399.452612	/cfs/klemming/home/t/tabeadi/tabea_work/08_population_analysis_final/skane_only/combined/results/structure/admixture/rep021/K1/run11/data.1.Q	/cfs/klemming/home/t/tabeadi/tabea_work/08_population_analysis_final/skane_only/combined/results/structure/admixture/rep021/K1/run11
rep021	1	run12	0.36179	-8099399.452612	/cfs/klemming/home/t/tabeadi/tabea_work/08_population_analysis_final/skane_only/combined/results/structure/admixture/rep021/K1/run12/data.1.Q	/cfs/klemming/home/t/tabeadi/tabea_work/08_population_analysis_final/skane_only/combined/results/structure/admixture/rep021/K1/run12
rep021	1	run13	0.3618	-8099399.452612	/cfs/klemming/home/t/tabeadi/tabea_work/08_population_analysis_final/skane_only/combined/results/structure/admixture/rep021/K1/run13/data.1.Q	/cfs/klemming/home/t/tabeadi/tabea_work/08_population_analysis_final/skane_only/combined/results/structure/admixture/rep021/K1/run13
rep021	1	run14	0.36181	-8099399.452612	/cfs/klemming/home/t/tabeadi/tabea_work/08_population_analysis_final/skane_only/combined/results/structure/admixture/rep021/K1/run14/data.1.Q	/cfs/klemming/home/t/tabeadi/tabea_work/08_population_analysis_final/skane_only/combined/results/structure/admixture/rep021/K1/run14
rep021	1	run15	0.3618	-8099399.452612	/cfs/klemming/home/t/tabeadi/tabea_work/08_population_analysis_final/skane_only/combined/results/structure/admixture/rep021/K1/run15/data.1.Q	/cfs/klemming/home/t/tabeadi/tabea_work/08_population_analysis_final/skane_only/combined/results/structure/admixture/rep021/K1/run15
rep021	1	run16	0.36179	-8099399.452612	/cfs/klemming/home/t/tabeadi/tabea_work/08_population_analysis_final/skane_only/combined/results/structure/admixture/rep021/K1/run16/data.1.Q	/cfs/klemming/home/t/tabeadi/tabea_work/08_population_analysis_final/skane_only/combined/results/structure/admixture/rep021/K1/run16
rep021	1	run17	0.36181	-8099399.452612	/cfs/klemming/home/t/tabeadi/tabea_work/08_population_analysis_final/skane_only/combined/results/structure/admixture/rep021/K1/run17/data.1.Q	/cfs/klemming/home/t/tabeadi/tabea_work/08_population_analysis_final/skane_only/combined/results/structure/admixture/rep021/K1/run17
rep021	1	run18	0.3618	-8099399.452612	/cfs/klemming/home/t/tabeadi/tabea_work/08_population_analysis_final/skane_only/combined/results/structure/admixture/rep021/K1/run18/data.1.Q	/cfs/klemming/home/t/tabeadi/tabea_work/08_population_analysis_final/skane_only/combined/results/structure/admixture/rep021/K1/run18
rep021	1	run19	0.3618	-8099399.452612	/cfs/klemming/home/t/tabeadi/tabea_work/08_population_analysis_final/skane_only/combined/results/structure/admixture/rep021/K1/run19/data.1.Q	/cfs/klemming/home/t/tabeadi/tabea_work/08_population_analysis_final/skane_only/combined/results/structure/admixture/rep021/K1/run19
rep021	1	run20	0.36179	-8099399.452612	/cfs/klemming/home/t/tabeadi/tabea_work/08_population_analysis_final/skane_only/combined/results/structure/admixture/rep021/K1/run20/data.1.Q	/cfs/klemming/home/t/tabeadi/tabea_work/08_population_analysis_final/skane_only/combined/results/structure/admixture/rep021/K1/run20
rep021	2	run01	0.36045	-8069326.523997	/cfs/klemming/home/t/tabeadi/tabea_work/08_population_analysis_final/skane_only/combined/results/structure/admixture/rep021/K2/run01/data.2.Q	/cfs/klemming/home/t/tabeadi/tabea_work/08_population_analysis_final/skane_only/combined/results/structure/admixture/rep021/K2/run01
rep021	2	run02	0.36041	-8069326.524043	/cfs/klemming/home/t/tabeadi/tabea_work/08_population_analysis_final/skane_only/combined/results/structure/admixture/rep021/K2/run02/data.2.Q	/cfs/klemming/home/t/tabeadi/tabea_work/08_population_analysis_final/skane_only/combined/results/structure/admixture/rep021/K2/run02
rep021	2	run03	0.36045	-8069326.523999	/cfs/klemming/home/t/tabeadi/tabea_work/08_population_analysis_final/skane_only/combined/results/structure/admixture/rep021/K2/run03/data.2.Q	/cfs/klemming/home/t/tabeadi/tabea_work/08_population_analysis_final/skane_only/combined/results/structure/admixture/rep021/K2/run03
rep021	2	run04	0.36044	-8069326.524006	/cfs/klemming/home/t/tabeadi/tabea_work/08_population_analysis_final/skane_only/combined/results/structure/admixture/rep021/K2/run04/data.2.Q	/cfs/klemming/home/t/tabeadi/tabea_work/08_population_analysis_final/skane_only/combined/results/structure/admixture/rep021/K2/run04
rep021	2	run05	0.36043	-8069326.524013	/cfs/klemming/home/t/tabeadi/tabea_work/08_population_analysis_final/skane_only/combined/results/structure/admixture/rep021/K2/run05/data.2.Q	/cfs/klemming/home/t/tabeadi/tabea_work/08_population_analysis_final/skane_only/combined/results/structure/admixture/rep021/K2/run05
rep021	2	run06	0.36044	-8069326.524016	/cfs/klemming/home/t/tabeadi/tabea_work/08_population_analysis_final/skane_only/combined/results/structure/admixture/rep021/K2/run06/data.2.Q	/cfs/klemming/home/t/tabeadi/tabea_work/08_population_analysis_final/skane_only/combined/results/structure/admixture/rep021/K2/run06
rep021	2	run07	0.36045	-8069326.524004	/cfs/klemming/home/t/tabeadi/tabea_work/08_population_analysis_final/skane_only/combined/results/structure/admixture/rep021/K2/run07/data.2.Q	/cfs/klemming/home/t/tabeadi/tabea_work/08_population_analysis_final/skane_only/combined/results/structure/admixture/rep021/K2/run07
rep021	2	run08	0.36044	-8069326.523997	/cfs/klemming/home/t/tabeadi/tabea_work/08_population_analysis_final/skane_only/combined/results/structure/admixture/rep021/K2/run08/data.2.Q	/cfs/klemming/home/t/tabeadi/tabea_work/08_population_analysis_final/skane_only/combined/results/structure/admixture/rep021/K2/run08
rep021	2	run09	0.36045	-8069326.524023	/cfs/klemming/home/t/tabeadi/tabea_work/08_population_analysis_final/skane_only/combined/results/structure/admixture/rep021/K2/run09/data.2.Q	/cfs/klemming/home/t/tabeadi/tabea_work/08_population_analysis_final/skane_only/combined/results/structure/admixture/rep021/K2/run09
rep021	2	run10	0.36042	-8069326.524005	/cfs/klemming/home/t/tabeadi/tabea_work/08_population_analysis_final/skane_only/combined/results/structure/admixture/rep021/K2/run10/data.2.Q	/cfs/klemming/home/t/tabeadi/tabea_work/08_population_analysis_final/skane_only/combined/results/structure/admixture/rep021/K2/run10
rep021	2	run11	0.36044	-8069326.524002	/cfs/klemming/home/t/tabeadi/tabea_work/08_population_analysis_final/skane_only/combined/results/structure/admixture/rep021/K2/run11/data.2.Q	/cfs/klemming/home/t/tabeadi/tabea_work/08_population_analysis_final/skane_only/combined/results/structure/admixture/rep021/K2/run11
rep021	2	run12	0.36045	-8069326.524005	/cfs/klemming/home/t/tabeadi/tabea_work/08_population_analysis_final/skane_only/combined/results/structure/admixture/rep021/K2/run12/data.2.Q	/cfs/klemming/home/t/tabeadi/tabea_work/08_population_analysis_final/skane_only/combined/results/structure/admixture/rep021/K2/run12
rep021	2	run13	0.36044	-8069326.524015	/cfs/klemming/home/t/tabeadi/tabea_work/08_population_analysis_final/skane_only/combined/results/structure/admixture/rep021/K2/run13/data.2.Q	/cfs/klemming/home/t/tabeadi/tabea_work/08_population_analysis_final/skane_only/combined/results/structure/admixture/rep021/K2/run13
rep021	2	run14	0.36043	-8069326.524001	/cfs/klemming/home/t/tabeadi/tabea_work/08_population_analysis_final/skane_only/combined/results/structure/admixture/rep021/K2/run14/data.2.Q	/cfs/klemming/home/t/tabeadi/tabea_work/08_population_analysis_final/skane_only/combined/results/structure/admixture/rep021/K2/run14
rep021	2	run15	0.36045	-8069326.523999	/cfs/klemming/home/t/tabeadi/tabea_work/08_population_analysis_final/skane_only/combined/results/structure/admixture/rep021/K2/run15/data.2.Q	/cfs/klemming/home/t/tabeadi/tabea_work/08_population_analysis_final/skane_only/combined/results/structure/admixture/rep021/K2/run15
rep021	2	run16	0.36045	-8069326.524007	/cfs/klemming/home/t/tabeadi/tabea_work/08_population_analysis_final/skane_only/combined/results/structure/admixture/rep021/K2/run16/data.2.Q	/cfs/klemming/home/t/tabeadi/tabea_work/08_population_analysis_final/skane_only/combined/results/structure/admixture/rep021/K2/run16
rep021	2	run17	0.36043	-8069326.523998	/cfs/klemming/home/t/tabeadi/tabea_work/08_population_analysis_final/skane_only/combined/results/structure/admixture/rep021/K2/run17/data.2.Q	/cfs/klemming/home/t/tabeadi/tabea_work/08_population_analysis_final/skane_only/combined/results/structure/admixture/rep021/K2/run17
rep021	2	run18	0.36045	-8069326.523997	/cfs/klemming/home/t/tabeadi/tabea_work/08_population_analysis_final/skane_only/combined/results/structure/admixture/rep021/K2/run18/data.2.Q	/cfs/klemming/home/t/tabeadi/tabea_work/08_population_analysis_final/skane_only/combined/results/structure/admixture/rep021/K2/run18
rep021	2	run19	0.36043	-8069326.523996	/cfs/klemming/home/t/tabeadi/tabea_work/08_population_analysis_final/skane_only/combined/results/structure/admixture/rep021/K2/run19/data.2.Q	/cfs/klemming/home/t/tabeadi/tabea_work/08_population_analysis_final/skane_only/combined/results/structure/admixture/rep021/K2/run19
rep021	2	run20	0.36044	-8069326.524036	/cfs/klemming/home/t/tabeadi/tabea_work/08_population_analysis_final/skane_only/combined/results/structure/admixture/rep021/K2/run20/data.2.Q	/cfs/klemming/home/t/tabeadi/tabea_work/08_population_analysis_final/skane_only/combined/results/structure/admixture/rep021/K2/run20
rep021	3	run01	0.35969	-8048170.559111	/cfs/klemming/home/t/tabeadi/tabea_work/08_population_analysis_final/skane_only/combined/results/structure/admixture/rep021/K3/run01/data.3.Q	/cfs/klemming/home/t/tabeadi/tabea_work/08_population_analysis_final/skane_only/combined/results/structure/admixture/rep021/K3/run01
rep021	3	run02	0.35972	-8048066.878154	/cfs/klemming/home/t/tabeadi/tabea_work/08_population_analysis_final/skane_only/combined/results/structure/admixture/rep021/K3/run02/data.3.Q	/cfs/klemming/home/t/tabeadi/tabea_work/08_population_analysis_final/skane_only/combined/results/structure/admixture/rep021/K3/run02
rep021	3	run03	0.35972	-8048066.874787	/cfs/klemming/home/t/tabeadi/tabea_work/08_population_analysis_final/skane_only/combined/results/structure/admixture/rep021/K3/run03/data.3.Q	/cfs/klemming/home/t/tabeadi/tabea_work/08_population_analysis_final/skane_only/combined/results/structure/admixture/rep021/K3/run03
rep021	3	run04	0.35972	-8048066.878004	/cfs/klemming/home/t/tabeadi/tabea_work/08_population_analysis_final/skane_only/combined/results/structure/admixture/rep021/K3/run04/data.3.Q	/cfs/klemming/home/t/tabeadi/tabea_work/08_population_analysis_final/skane_only/combined/results/structure/admixture/rep021/K3/run04
rep021	3	run05	0.35972	-8048066.87474	/cfs/klemming/home/t/tabeadi/tabea_work/08_population_analysis_final/skane_only/combined/results/structure/admixture/rep021/K3/run05/data.3.Q	/cfs/klemming/home/t/tabeadi/tabea_work/08_population_analysis_final/skane_only/combined/results/structure/admixture/rep021/K3/run05
rep021	3	run06	0.3597	-8048066.873026	/cfs/klemming/home/t/tabeadi/tabea_work/08_population_analysis_final/skane_only/combined/results/structure/admixture/rep021/K3/run06/data.3.Q	/cfs/klemming/home/t/tabeadi/tabea_work/08_population_analysis_final/skane_only/combined/results/structure/admixture/rep021/K3/run06
rep021	3	run07	0.35975	-8048170.558025	/cfs/klemming/home/t/tabeadi/tabea_work/08_population_analysis_final/skane_only/combined/results/structure/admixture/rep021/K3/run07/data.3.Q	/cfs/klemming/home/t/tabeadi/tabea_work/08_population_analysis_final/skane_only/combined/results/structure/admixture/rep021/K3/run07
rep021	3	run08	0.35972	-8048170.556632	/cfs/klemming/home/t/tabeadi/tabea_work/08_population_analysis_final/skane_only/combined/results/structure/admixture/rep021/K3/run08/data.3.Q	/cfs/klemming/home/t/tabeadi/tabea_work/08_population_analysis_final/skane_only/combined/results/structure/admixture/rep021/K3/run08
rep021	3	run09	0.35976	-8048458.626221	/cfs/klemming/home/t/tabeadi/tabea_work/08_population_analysis_final/skane_only/combined/results/structure/admixture/rep021/K3/run09/data.3.Q	/cfs/klemming/home/t/tabeadi/tabea_work/08_population_analysis_final/skane_only/combined/results/structure/admixture/rep021/K3/run09
rep021	3	run10	0.35975	-8048458.616516	/cfs/klemming/home/t/tabeadi/tabea_work/08_population_analysis_final/skane_only/combined/results/structure/admixture/rep021/K3/run10/data.3.Q	/cfs/klemming/home/t/tabeadi/tabea_work/08_population_analysis_final/skane_only/combined/results/structure/admixture/rep021/K3/run10
rep021	3	run11	0.35973	-8048066.890251	/cfs/klemming/home/t/tabeadi/tabea_work/08_population_analysis_final/skane_only/combined/results/structure/admixture/rep021/K3/run11/data.3.Q	/cfs/klemming/home/t/tabeadi/tabea_work/08_population_analysis_final/skane_only/combined/results/structure/admixture/rep021/K3/run11
rep021	3	run12	0.35974	-8048066.87286	/cfs/klemming/home/t/tabeadi/tabea_work/08_population_analysis_final/skane_only/combined/results/structure/admixture/rep021/K3/run12/data.3.Q	/cfs/klemming/home/t/tabeadi/tabea_work/08_population_analysis_final/skane_only/combined/results/structure/admixture/rep021/K3/run12
rep021	3	run13	0.35972	-8048170.556632	/cfs/klemming/home/t/tabeadi/tabea_work/08_population_analysis_final/skane_only/combined/results/structure/admixture/rep021/K3/run13/data.3.Q	/cfs/klemming/home/t/tabeadi/tabea_work/08_population_analysis_final/skane_only/combined/results/structure/admixture/rep021/K3/run13
rep021	3	run14	0.35971	-8048170.557729	/cfs/klemming/home/t/tabeadi/tabea_work/08_population_analysis_final/skane_only/combined/results/structure/admixture/rep021/K3/run14/data.3.Q	/cfs/klemming/home/t/tabeadi/tabea_work/08_population_analysis_final/skane_only/combined/results/structure/admixture/rep021/K3/run14
rep021	3	run15	0.35975	-8048066.876871	/cfs/klemming/home/t/tabeadi/tabea_work/08_population_analysis_final/skane_only/combined/results/structure/admixture/rep021/K3/run15/data.3.Q	/cfs/klemming/home/t/tabeadi/tabea_work/08_population_analysis_final/skane_only/combined/results/structure/admixture/rep021/K3/run15
rep021	3	run16	0.35973	-8048170.558648	/cfs/klemming/home/t/tabeadi/tabea_work/08_population_analysis_final/skane_only/combined/results/structure/admixture/rep021/K3/run16/data.3.Q	/cfs/klemming/home/t/tabeadi/tabea_work/08_population_analysis_final/skane_only/combined/results/structure/admixture/rep021/K3/run16
rep021	3	run17	0.35971	-8048066.878976	/cfs/klemming/home/t/tabeadi/tabea_work/08_population_analysis_final/skane_only/combined/results/structure/admixture/rep021/K3/run17/data.3.Q	/cfs/klemming/home/t/tabeadi/tabea_work/08_population_analysis_final/skane_only/combined/results/structure/admixture/rep021/K3/run17
rep021	3	run18	0.35977	-8048458.618431	/cfs/klemming/home/t/tabeadi/tabea_work/08_population_analysis_final/skane_only/combined/results/structure/admixture/rep021/K3/run18/data.3.Q	/cfs/klemming/home/t/tabeadi/tabea_work/08_population_analysis_final/skane_only/combined/results/structure/admixture/rep021/K3/run18
rep021	3	run19	0.35973	-8048066.872694	/cfs/klemming/home/t/tabeadi/tabea_work/08_population_analysis_final/skane_only/combined/results/structure/admixture/rep021/K3/run19/data.3.Q	/cfs/klemming/home/t/tabeadi/tabea_work/08_population_analysis_final/skane_only/combined/results/structure/admixture/rep021/K3/run19
rep021	3	run20	0.35974	-8048066.875563	/cfs/klemming/home/t/tabeadi/tabea_work/08_population_analysis_final/skane_only/combined/results/structure/admixture/rep021/K3/run20/data.3.Q	/cfs/klemming/home/t/tabeadi/tabea_work/08_population_analysis_final/skane_only/combined/results/structure/admixture/rep021/K3/run20
rep021	4	run01	0.35904	-8028312.55227	/cfs/klemming/home/t/tabeadi/tabea_work/08_population_analysis_final/skane_only/combined/results/structure/admixture/rep021/K4/run01/data.4.Q	/cfs/klemming/home/t/tabeadi/tabea_work/08_population_analysis_final/skane_only/combined/results/structure/admixture/rep021/K4/run01
rep021	4	run02	0.35907	-8028312.551023	/cfs/klemming/home/t/tabeadi/tabea_work/08_population_analysis_final/skane_only/combined/results/structure/admixture/rep021/K4/run02/data.4.Q	/cfs/klemming/home/t/tabeadi/tabea_work/08_population_analysis_final/skane_only/combined/results/structure/admixture/rep021/K4/run02
rep021	4	run03	0.359	-8028312.55128	/cfs/klemming/home/t/tabeadi/tabea_work/08_population_analysis_final/skane_only/combined/results/structure/admixture/rep021/K4/run03/data.4.Q	/cfs/klemming/home/t/tabeadi/tabea_work/08_population_analysis_final/skane_only/combined/results/structure/admixture/rep021/K4/run03
rep021	4	run04	0.35904	-8028312.553565	/cfs/klemming/home/t/tabeadi/tabea_work/08_population_analysis_final/skane_only/combined/results/structure/admixture/rep021/K4/run04/data.4.Q	/cfs/klemming/home/t/tabeadi/tabea_work/08_population_analysis_final/skane_only/combined/results/structure/admixture/rep021/K4/run04
rep021	4	run05	0.35912	-8029027.29677	/cfs/klemming/home/t/tabeadi/tabea_work/08_population_analysis_final/skane_only/combined/results/structure/admixture/rep021/K4/run05/data.4.Q	/cfs/klemming/home/t/tabeadi/tabea_work/08_population_analysis_final/skane_only/combined/results/structure/admixture/rep021/K4/run05
rep021	4	run06	0.35913	-8028889.8151	/cfs/klemming/home/t/tabeadi/tabea_work/08_population_analysis_final/skane_only/combined/results/structure/admixture/rep021/K4/run06/data.4.Q	/cfs/klemming/home/t/tabeadi/tabea_work/08_population_analysis_final/skane_only/combined/results/structure/admixture/rep021/K4/run06
rep021	4	run07	0.35902	-8028376.848227	/cfs/klemming/home/t/tabeadi/tabea_work/08_population_analysis_final/skane_only/combined/results/structure/admixture/rep021/K4/run07/data.4.Q	/cfs/klemming/home/t/tabeadi/tabea_work/08_population_analysis_final/skane_only/combined/results/structure/admixture/rep021/K4/run07
rep021	4	run08	0.35903	-8028312.552551	/cfs/klemming/home/t/tabeadi/tabea_work/08_population_analysis_final/skane_only/combined/results/structure/admixture/rep021/K4/run08/data.4.Q	/cfs/klemming/home/t/tabeadi/tabea_work/08_population_analysis_final/skane_only/combined/results/structure/admixture/rep021/K4/run08
rep021	4	run09	0.35902	-8028312.554192	/cfs/klemming/home/t/tabeadi/tabea_work/08_population_analysis_final/skane_only/combined/results/structure/admixture/rep021/K4/run09/data.4.Q	/cfs/klemming/home/t/tabeadi/tabea_work/08_population_analysis_final/skane_only/combined/results/structure/admixture/rep021/K4/run09
rep021	4	run10	0.35908	-8028376.844097	/cfs/klemming/home/t/tabeadi/tabea_work/08_population_analysis_final/skane_only/combined/results/structure/admixture/rep021/K4/run10/data.4.Q	/cfs/klemming/home/t/tabeadi/tabea_work/08_population_analysis_final/skane_only/combined/results/structure/admixture/rep021/K4/run10
rep021	4	run11	0.35901	-8028312.573104	/cfs/klemming/home/t/tabeadi/tabea_work/08_population_analysis_final/skane_only/combined/results/structure/admixture/rep021/K4/run11/data.4.Q	/cfs/klemming/home/t/tabeadi/tabea_work/08_population_analysis_final/skane_only/combined/results/structure/admixture/rep021/K4/run11
rep021	4	run12	0.35904	-8028312.559291	/cfs/klemming/home/t/tabeadi/tabea_work/08_population_analysis_final/skane_only/combined/results/structure/admixture/rep021/K4/run12/data.4.Q	/cfs/klemming/home/t/tabeadi/tabea_work/08_population_analysis_final/skane_only/combined/results/structure/admixture/rep021/K4/run12
rep021	4	run13	0.35908	-8028376.832929	/cfs/klemming/home/t/tabeadi/tabea_work/08_population_analysis_final/skane_only/combined/results/structure/admixture/rep021/K4/run13/data.4.Q	/cfs/klemming/home/t/tabeadi/tabea_work/08_population_analysis_final/skane_only/combined/results/structure/admixture/rep021/K4/run13
rep021	4	run14	0.35905	-8028376.82572	/cfs/klemming/home/t/tabeadi/tabea_work/08_population_analysis_final/skane_only/combined/results/structure/admixture/rep021/K4/run14/data.4.Q	/cfs/klemming/home/t/tabeadi/tabea_work/08_population_analysis_final/skane_only/combined/results/structure/admixture/rep021/K4/run14
rep021	4	run15	0.35902	-8028312.569897	/cfs/klemming/home/t/tabeadi/tabea_work/08_population_analysis_final/skane_only/combined/results/structure/admixture/rep021/K4/run15/data.4.Q	/cfs/klemming/home/t/tabeadi/tabea_work/08_population_analysis_final/skane_only/combined/results/structure/admixture/rep021/K4/run15
rep021	4	run16	0.35909	-8028376.833476	/cfs/klemming/home/t/tabeadi/tabea_work/08_population_analysis_final/skane_only/combined/results/structure/admixture/rep021/K4/run16/data.4.Q	/cfs/klemming/home/t/tabeadi/tabea_work/08_population_analysis_final/skane_only/combined/results/structure/admixture/rep021/K4/run16
rep021	4	run17	0.35901	-8028312.550042	/cfs/klemming/home/t/tabeadi/tabea_work/08_population_analysis_final/skane_only/combined/results/structure/admixture/rep021/K4/run17/data.4.Q	/cfs/klemming/home/t/tabeadi/tabea_work/08_population_analysis_final/skane_only/combined/results/structure/admixture/rep021/K4/run17
rep021	4	run18	0.35909	-8028889.816051	/cfs/klemming/home/t/tabeadi/tabea_work/08_population_analysis_final/skane_only/combined/results/structure/admixture/rep021/K4/run18/data.4.Q	/cfs/klemming/home/t/tabeadi/tabea_work/08_population_analysis_final/skane_only/combined/results/structure/admixture/rep021/K4/run18
rep021	4	run19	0.35902	-8028312.548766	/cfs/klemming/home/t/tabeadi/tabea_work/08_population_analysis_final/skane_only/combined/results/structure/admixture/rep021/K4/run19/data.4.Q	/cfs/klemming/home/t/tabeadi/tabea_work/08_population_analysis_final/skane_only/combined/results/structure/admixture/rep021/K4/run19
rep021	4	run20	0.35903	-8028312.545909	/cfs/klemming/home/t/tabeadi/tabea_work/08_population_analysis_final/skane_only/combined/results/structure/admixture/rep021/K4/run20/data.4.Q	/cfs/klemming/home/t/tabeadi/tabea_work/08_population_analysis_final/skane_only/combined/results/structure/admixture/rep021/K4/run20
rep021	5	run01	0.35842	-8009744.089978	/cfs/klemming/home/t/tabeadi/tabea_work/08_population_analysis_final/skane_only/combined/results/structure/admixture/rep021/K5/run01/data.5.Q	/cfs/klemming/home/t/tabeadi/tabea_work/08_population_analysis_final/skane_only/combined/results/structure/admixture/rep021/K5/run01
rep021	5	run02	0.35842	-8009744.064855	/cfs/klemming/home/t/tabeadi/tabea_work/08_population_analysis_final/skane_only/combined/results/structure/admixture/rep021/K5/run02/data.5.Q	/cfs/klemming/home/t/tabeadi/tabea_work/08_population_analysis_final/skane_only/combined/results/structure/admixture/rep021/K5/run02
rep021	5	run03	0.35848	-8009900.389759	/cfs/klemming/home/t/tabeadi/tabea_work/08_population_analysis_final/skane_only/combined/results/structure/admixture/rep021/K5/run03/data.5.Q	/cfs/klemming/home/t/tabeadi/tabea_work/08_population_analysis_final/skane_only/combined/results/structure/admixture/rep021/K5/run03
rep021	5	run04	0.3584	-8009948.149651	/cfs/klemming/home/t/tabeadi/tabea_work/08_population_analysis_final/skane_only/combined/results/structure/admixture/rep021/K5/run04/data.5.Q	/cfs/klemming/home/t/tabeadi/tabea_work/08_population_analysis_final/skane_only/combined/results/structure/admixture/rep021/K5/run04
rep021	5	run05	0.35847	-8010149.317034	/cfs/klemming/home/t/tabeadi/tabea_work/08_population_analysis_final/skane_only/combined/results/structure/admixture/rep021/K5/run05/data.5.Q	/cfs/klemming/home/t/tabeadi/tabea_work/08_population_analysis_final/skane_only/combined/results/structure/admixture/rep021/K5/run05
rep021	5	run06	0.35845	-8009744.097461	/cfs/klemming/home/t/tabeadi/tabea_work/08_population_analysis_final/skane_only/combined/results/structure/admixture/rep021/K5/run06/data.5.Q	/cfs/klemming/home/t/tabeadi/tabea_work/08_population_analysis_final/skane_only/combined/results/structure/admixture/rep021/K5/run06
rep021	5	run07	0.35847	-8009744.063984	/cfs/klemming/home/t/tabeadi/tabea_work/08_population_analysis_final/skane_only/combined/results/structure/admixture/rep021/K5/run07/data.5.Q	/cfs/klemming/home/t/tabeadi/tabea_work/08_population_analysis_final/skane_only/combined/results/structure/admixture/rep021/K5/run07
rep021	5	run08	0.35843	-8009744.084488	/cfs/klemming/home/t/tabeadi/tabea_work/08_population_analysis_final/skane_only/combined/results/structure/admixture/rep021/K5/run08/data.5.Q	/cfs/klemming/home/t/tabeadi/tabea_work/08_population_analysis_final/skane_only/combined/results/structure/admixture/rep021/K5/run08
rep021	5	run09	0.35849	-8009744.089225	/cfs/klemming/home/t/tabeadi/tabea_work/08_population_analysis_final/skane_only/combined/results/structure/admixture/rep021/K5/run09/data.5.Q	/cfs/klemming/home/t/tabeadi/tabea_work/08_population_analysis_final/skane_only/combined/results/structure/admixture/rep021/K5/run09
rep021	5	run10	0.35848	-8010149.300043	/cfs/klemming/home/t/tabeadi/tabea_work/08_population_analysis_final/skane_only/combined/results/structure/admixture/rep021/K5/run10/data.5.Q	/cfs/klemming/home/t/tabeadi/tabea_work/08_population_analysis_final/skane_only/combined/results/structure/admixture/rep021/K5/run10
rep021	5	run11	0.35848	-8009948.159007	/cfs/klemming/home/t/tabeadi/tabea_work/08_population_analysis_final/skane_only/combined/results/structure/admixture/rep021/K5/run11/data.5.Q	/cfs/klemming/home/t/tabeadi/tabea_work/08_population_analysis_final/skane_only/combined/results/structure/admixture/rep021/K5/run11
rep021	5	run12	0.35841	-8009744.061627	/cfs/klemming/home/t/tabeadi/tabea_work/08_population_analysis_final/skane_only/combined/results/structure/admixture/rep021/K5/run12/data.5.Q	/cfs/klemming/home/t/tabeadi/tabea_work/08_population_analysis_final/skane_only/combined/results/structure/admixture/rep021/K5/run12
rep021	5	run13	0.35846	-8009744.063081	/cfs/klemming/home/t/tabeadi/tabea_work/08_population_analysis_final/skane_only/combined/results/structure/admixture/rep021/K5/run13/data.5.Q	/cfs/klemming/home/t/tabeadi/tabea_work/08_population_analysis_final/skane_only/combined/results/structure/admixture/rep021/K5/run13
rep021	5	run14	0.35845	-8009968.779855	/cfs/klemming/home/t/tabeadi/tabea_work/08_population_analysis_final/skane_only/combined/results/structure/admixture/rep021/K5/run14/data.5.Q	/cfs/klemming/home/t/tabeadi/tabea_work/08_population_analysis_final/skane_only/combined/results/structure/admixture/rep021/K5/run14
rep021	5	run15	0.35843	-8009744.068082	/cfs/klemming/home/t/tabeadi/tabea_work/08_population_analysis_final/skane_only/combined/results/structure/admixture/rep021/K5/run15/data.5.Q	/cfs/klemming/home/t/tabeadi/tabea_work/08_population_analysis_final/skane_only/combined/results/structure/admixture/rep021/K5/run15
rep021	5	run16	0.35844	-8009744.063646	/cfs/klemming/home/t/tabeadi/tabea_work/08_population_analysis_final/skane_only/combined/results/structure/admixture/rep021/K5/run16/data.5.Q	/cfs/klemming/home/t/tabeadi/tabea_work/08_population_analysis_final/skane_only/combined/results/structure/admixture/rep021/K5/run16
rep021	5	run17	0.35843	-8009744.06225	/cfs/klemming/home/t/tabeadi/tabea_work/08_population_analysis_final/skane_only/combined/results/structure/admixture/rep021/K5/run17/data.5.Q	/cfs/klemming/home/t/tabeadi/tabea_work/08_population_analysis_final/skane_only/combined/results/structure/admixture/rep021/K5/run17
rep021	5	run18	0.35841	-8009744.149501	/cfs/klemming/home/t/tabeadi/tabea_work/08_population_analysis_final/skane_only/combined/results/structure/admixture/rep021/K5/run18/data.5.Q	/cfs/klemming/home/t/tabeadi/tabea_work/08_population_analysis_final/skane_only/combined/results/structure/admixture/rep021/K5/run18
rep021	5	run19	0.35845	-8009744.089204	/cfs/klemming/home/t/tabeadi/tabea_work/08_population_analysis_final/skane_only/combined/results/structure/admixture/rep021/K5/run19/data.5.Q	/cfs/klemming/home/t/tabeadi/tabea_work/08_population_analysis_final/skane_only/combined/results/structure/admixture/rep021/K5/run19
rep021	5	run20	0.35844	-8009744.109093	/cfs/klemming/home/t/tabeadi/tabea_work/08_population_analysis_final/skane_only/combined/results/structure/admixture/rep021/K5/run20/data.5.Q	/cfs/klemming/home/t/tabeadi/tabea_work/08_population_analysis_final/skane_only/combined/results/structure/admixture/rep021/K5/run20
rep021	6	run01	0.35789	-7992045.869571	/cfs/klemming/home/t/tabeadi/tabea_work/08_population_analysis_final/skane_only/combined/results/structure/admixture/rep021/K6/run01/data.6.Q	/cfs/klemming/home/t/tabeadi/tabea_work/08_population_analysis_final/skane_only/combined/results/structure/admixture/rep021/K6/run01
rep021	6	run02	0.35788	-7992003.639084	/cfs/klemming/home/t/tabeadi/tabea_work/08_population_analysis_final/skane_only/combined/results/structure/admixture/rep021/K6/run02/data.6.Q	/cfs/klemming/home/t/tabeadi/tabea_work/08_population_analysis_final/skane_only/combined/results/structure/admixture/rep021/K6/run02
rep021	6	run03	0.35788	-7992003.756445	/cfs/klemming/home/t/tabeadi/tabea_work/08_population_analysis_final/skane_only/combined/results/structure/admixture/rep021/K6/run03/data.6.Q	/cfs/klemming/home/t/tabeadi/tabea_work/08_population_analysis_final/skane_only/combined/results/structure/admixture/rep021/K6/run03
rep021	6	run04	0.35788	-7992045.841273	/cfs/klemming/home/t/tabeadi/tabea_work/08_population_analysis_final/skane_only/combined/results/structure/admixture/rep021/K6/run04/data.6.Q	/cfs/klemming/home/t/tabeadi/tabea_work/08_population_analysis_final/skane_only/combined/results/structure/admixture/rep021/K6/run04
rep021	6	run05	0.35785	-7992003.626706	/cfs/klemming/home/t/tabeadi/tabea_work/08_population_analysis_final/skane_only/combined/results/structure/admixture/rep021/K6/run05/data.6.Q	/cfs/klemming/home/t/tabeadi/tabea_work/08_population_analysis_final/skane_only/combined/results/structure/admixture/rep021/K6/run05
rep021	6	run06	0.35789	-7992003.709488	/cfs/klemming/home/t/tabeadi/tabea_work/08_population_analysis_final/skane_only/combined/results/structure/admixture/rep021/K6/run06/data.6.Q	/cfs/klemming/home/t/tabeadi/tabea_work/08_population_analysis_final/skane_only/combined/results/structure/admixture/rep021/K6/run06
rep021	6	run07	0.35791	-7992045.751516	/cfs/klemming/home/t/tabeadi/tabea_work/08_population_analysis_final/skane_only/combined/results/structure/admixture/rep021/K6/run07/data.6.Q	/cfs/klemming/home/t/tabeadi/tabea_work/08_population_analysis_final/skane_only/combined/results/structure/admixture/rep021/K6/run07
rep021	6	run08	0.35786	-7992045.763684	/cfs/klemming/home/t/tabeadi/tabea_work/08_population_analysis_final/skane_only/combined/results/structure/admixture/rep021/K6/run08/data.6.Q	/cfs/klemming/home/t/tabeadi/tabea_work/08_population_analysis_final/skane_only/combined/results/structure/admixture/rep021/K6/run08
rep021	6	run09	0.35786	-7992045.870689	/cfs/klemming/home/t/tabeadi/tabea_work/08_population_analysis_final/skane_only/combined/results/structure/admixture/rep021/K6/run09/data.6.Q	/cfs/klemming/home/t/tabeadi/tabea_work/08_population_analysis_final/skane_only/combined/results/structure/admixture/rep021/K6/run09
rep021	6	run10	0.35785	-7992003.731886	/cfs/klemming/home/t/tabeadi/tabea_work/08_population_analysis_final/skane_only/combined/results/structure/admixture/rep021/K6/run10/data.6.Q	/cfs/klemming/home/t/tabeadi/tabea_work/08_population_analysis_final/skane_only/combined/results/structure/admixture/rep021/K6/run10
rep021	6	run11	0.35783	-7992045.754574	/cfs/klemming/home/t/tabeadi/tabea_work/08_population_analysis_final/skane_only/combined/results/structure/admixture/rep021/K6/run11/data.6.Q	/cfs/klemming/home/t/tabeadi/tabea_work/08_population_analysis_final/skane_only/combined/results/structure/admixture/rep021/K6/run11
rep021	6	run12	0.35784	-7992003.623268	/cfs/klemming/home/t/tabeadi/tabea_work/08_population_analysis_final/skane_only/combined/results/structure/admixture/rep021/K6/run12/data.6.Q	/cfs/klemming/home/t/tabeadi/tabea_work/08_population_analysis_final/skane_only/combined/results/structure/admixture/rep021/K6/run12
rep021	6	run13	0.35787	-7992003.697636	/cfs/klemming/home/t/tabeadi/tabea_work/08_population_analysis_final/skane_only/combined/results/structure/admixture/rep021/K6/run13/data.6.Q	/cfs/klemming/home/t/tabeadi/tabea_work/08_population_analysis_final/skane_only/combined/results/structure/admixture/rep021/K6/run13
rep021	6	run14	0.35784	-7992003.629068	/cfs/klemming/home/t/tabeadi/tabea_work/08_population_analysis_final/skane_only/combined/results/structure/admixture/rep021/K6/run14/data.6.Q	/cfs/klemming/home/t/tabeadi/tabea_work/08_population_analysis_final/skane_only/combined/results/structure/admixture/rep021/K6/run14
rep021	6	run15	0.35787	-7992045.755302	/cfs/klemming/home/t/tabeadi/tabea_work/08_population_analysis_final/skane_only/combined/results/structure/admixture/rep021/K6/run15/data.6.Q	/cfs/klemming/home/t/tabeadi/tabea_work/08_population_analysis_final/skane_only/combined/results/structure/admixture/rep021/K6/run15
rep021	6	run16	0.35806	-7994096.835606	/cfs/klemming/home/t/tabeadi/tabea_work/08_population_analysis_final/skane_only/combined/results/structure/admixture/rep021/K6/run16/data.6.Q	/cfs/klemming/home/t/tabeadi/tabea_work/08_population_analysis_final/skane_only/combined/results/structure/admixture/rep021/K6/run16
rep021	6	run17	0.35786	-7992003.638223	/cfs/klemming/home/t/tabeadi/tabea_work/08_population_analysis_final/skane_only/combined/results/structure/admixture/rep021/K6/run17/data.6.Q	/cfs/klemming/home/t/tabeadi/tabea_work/08_population_analysis_final/skane_only/combined/results/structure/admixture/rep021/K6/run17
rep021	6	run18	0.35789	-7992003.658869	/cfs/klemming/home/t/tabeadi/tabea_work/08_population_analysis_final/skane_only/combined/results/structure/admixture/rep021/K6/run18/data.6.Q	/cfs/klemming/home/t/tabeadi/tabea_work/08_population_analysis_final/skane_only/combined/results/structure/admixture/rep021/K6/run18
rep021	6	run19	0.35782	-7992003.624009	/cfs/klemming/home/t/tabeadi/tabea_work/08_population_analysis_final/skane_only/combined/results/structure/admixture/rep021/K6/run19/data.6.Q	/cfs/klemming/home/t/tabeadi/tabea_work/08_population_analysis_final/skane_only/combined/results/structure/admixture/rep021/K6/run19
rep021	6	run20	0.35789	-7992003.641191	/cfs/klemming/home/t/tabeadi/tabea_work/08_population_analysis_final/skane_only/combined/results/structure/admixture/rep021/K6/run20/data.6.Q	/cfs/klemming/home/t/tabeadi/tabea_work/08_population_analysis_final/skane_only/combined/results/structure/admixture/rep021/K6/run20
rep021	7	run01	0.35742	-7976406.631788	/cfs/klemming/home/t/tabeadi/tabea_work/08_population_analysis_final/skane_only/combined/results/structure/admixture/rep021/K7/run01/data.7.Q	/cfs/klemming/home/t/tabeadi/tabea_work/08_population_analysis_final/skane_only/combined/results/structure/admixture/rep021/K7/run01
rep021	7	run02	0.35743	-7976390.855773	/cfs/klemming/home/t/tabeadi/tabea_work/08_population_analysis_final/skane_only/combined/results/structure/admixture/rep021/K7/run02/data.7.Q	/cfs/klemming/home/t/tabeadi/tabea_work/08_population_analysis_final/skane_only/combined/results/structure/admixture/rep021/K7/run02
rep021	7	run03	0.35741	-7976390.882932	/cfs/klemming/home/t/tabeadi/tabea_work/08_population_analysis_final/skane_only/combined/results/structure/admixture/rep021/K7/run03/data.7.Q	/cfs/klemming/home/t/tabeadi/tabea_work/08_population_analysis_final/skane_only/combined/results/structure/admixture/rep021/K7/run03
rep021	7	run04	0.35745	-7976390.661396	/cfs/klemming/home/t/tabeadi/tabea_work/08_population_analysis_final/skane_only/combined/results/structure/admixture/rep021/K7/run04/data.7.Q	/cfs/klemming/home/t/tabeadi/tabea_work/08_population_analysis_final/skane_only/combined/results/structure/admixture/rep021/K7/run04
rep021	7	run05	0.35742	-7976406.614585	/cfs/klemming/home/t/tabeadi/tabea_work/08_population_analysis_final/skane_only/combined/results/structure/admixture/rep021/K7/run05/data.7.Q	/cfs/klemming/home/t/tabeadi/tabea_work/08_population_analysis_final/skane_only/combined/results/structure/admixture/rep021/K7/run05
rep021	7	run06	0.35744	-7976390.902329	/cfs/klemming/home/t/tabeadi/tabea_work/08_population_analysis_final/skane_only/combined/results/structure/admixture/rep021/K7/run06/data.7.Q	/cfs/klemming/home/t/tabeadi/tabea_work/08_population_analysis_final/skane_only/combined/results/structure/admixture/rep021/K7/run06
rep021	7	run07	0.35755	-7976734.034927	/cfs/klemming/home/t/tabeadi/tabea_work/08_population_analysis_final/skane_only/combined/results/structure/admixture/rep021/K7/run07/data.7.Q	/cfs/klemming/home/t/tabeadi/tabea_work/08_population_analysis_final/skane_only/combined/results/structure/admixture/rep021/K7/run07
rep021	7	run08	0.35741	-7976558.417795	/cfs/klemming/home/t/tabeadi/tabea_work/08_population_analysis_final/skane_only/combined/results/structure/admixture/rep021/K7/run08/data.7.Q	/cfs/klemming/home/t/tabeadi/tabea_work/08_population_analysis_final/skane_only/combined/results/structure/admixture/rep021/K7/run08
rep021	7	run09	0.35743	-7976670.46978	/cfs/klemming/home/t/tabeadi/tabea_work/08_population_analysis_final/skane_only/combined/results/structure/admixture/rep021/K7/run09/data.7.Q	/cfs/klemming/home/t/tabeadi/tabea_work/08_population_analysis_final/skane_only/combined/results/structure/admixture/rep021/K7/run09
rep021	7	run10	0.35745	-7976390.890847	/cfs/klemming/home/t/tabeadi/tabea_work/08_population_analysis_final/skane_only/combined/results/structure/admixture/rep021/K7/run10/data.7.Q	/cfs/klemming/home/t/tabeadi/tabea_work/08_population_analysis_final/skane_only/combined/results/structure/admixture/rep021/K7/run10
rep021	7	run11	0.35748	-7976702.851815	/cfs/klemming/home/t/tabeadi/tabea_work/08_population_analysis_final/skane_only/combined/results/structure/admixture/rep021/K7/run11/data.7.Q	/cfs/klemming/home/t/tabeadi/tabea_work/08_population_analysis_final/skane_only/combined/results/structure/admixture/rep021/K7/run11
rep021	7	run12	0.35743	-7976670.409874	/cfs/klemming/home/t/tabeadi/tabea_work/08_population_analysis_final/skane_only/combined/results/structure/admixture/rep021/K7/run12/data.7.Q	/cfs/klemming/home/t/tabeadi/tabea_work/08_population_analysis_final/skane_only/combined/results/structure/admixture/rep021/K7/run12
rep021	7	run13	0.3574	-7976513.528936	/cfs/klemming/home/t/tabeadi/tabea_work/08_population_analysis_final/skane_only/combined/results/structure/admixture/rep021/K7/run13/data.7.Q	/cfs/klemming/home/t/tabeadi/tabea_work/08_population_analysis_final/skane_only/combined/results/structure/admixture/rep021/K7/run13
rep021	7	run14	0.35733	-7976558.411261	/cfs/klemming/home/t/tabeadi/tabea_work/08_population_analysis_final/skane_only/combined/results/structure/admixture/rep021/K7/run14/data.7.Q	/cfs/klemming/home/t/tabeadi/tabea_work/08_population_analysis_final/skane_only/combined/results/structure/admixture/rep021/K7/run14
rep021	7	run15	0.35747	-7976490.695222	/cfs/klemming/home/t/tabeadi/tabea_work/08_population_analysis_final/skane_only/combined/results/structure/admixture/rep021/K7/run15/data.7.Q	/cfs/klemming/home/t/tabeadi/tabea_work/08_population_analysis_final/skane_only/combined/results/structure/admixture/rep021/K7/run15
rep021	7	run16	0.35735	-7976513.69533	/cfs/klemming/home/t/tabeadi/tabea_work/08_population_analysis_final/skane_only/combined/results/structure/admixture/rep021/K7/run16/data.7.Q	/cfs/klemming/home/t/tabeadi/tabea_work/08_population_analysis_final/skane_only/combined/results/structure/admixture/rep021/K7/run16
rep021	7	run17	0.35735	-7976513.658904	/cfs/klemming/home/t/tabeadi/tabea_work/08_population_analysis_final/skane_only/combined/results/structure/admixture/rep021/K7/run17/data.7.Q	/cfs/klemming/home/t/tabeadi/tabea_work/08_population_analysis_final/skane_only/combined/results/structure/admixture/rep021/K7/run17
rep021	7	run18	0.35739	-7976558.532198	/cfs/klemming/home/t/tabeadi/tabea_work/08_population_analysis_final/skane_only/combined/results/structure/admixture/rep021/K7/run18/data.7.Q	/cfs/klemming/home/t/tabeadi/tabea_work/08_population_analysis_final/skane_only/combined/results/structure/admixture/rep021/K7/run18
rep021	7	run19	0.35747	-7976390.671896	/cfs/klemming/home/t/tabeadi/tabea_work/08_population_analysis_final/skane_only/combined/results/structure/admixture/rep021/K7/run19/data.7.Q	/cfs/klemming/home/t/tabeadi/tabea_work/08_population_analysis_final/skane_only/combined/results/structure/admixture/rep021/K7/run19
rep021	7	run20	0.35734	-7976558.567347	/cfs/klemming/home/t/tabeadi/tabea_work/08_population_analysis_final/skane_only/combined/results/structure/admixture/rep021/K7/run20/data.7.Q	/cfs/klemming/home/t/tabeadi/tabea_work/08_population_analysis_final/skane_only/combined/results/structure/admixture/rep021/K7/run20
rep021	8	run01	0.35701	-7961523.36707	/cfs/klemming/home/t/tabeadi/tabea_work/08_population_analysis_final/skane_only/combined/results/structure/admixture/rep021/K8/run01/data.8.Q	/cfs/klemming/home/t/tabeadi/tabea_work/08_population_analysis_final/skane_only/combined/results/structure/admixture/rep021/K8/run01
rep021	8	run02	0.35692	-7961645.059379	/cfs/klemming/home/t/tabeadi/tabea_work/08_population_analysis_final/skane_only/combined/results/structure/admixture/rep021/K8/run02/data.8.Q	/cfs/klemming/home/t/tabeadi/tabea_work/08_population_analysis_final/skane_only/combined/results/structure/admixture/rep021/K8/run02
rep021	8	run03	0.35714	-7962261.278325	/cfs/klemming/home/t/tabeadi/tabea_work/08_population_analysis_final/skane_only/combined/results/structure/admixture/rep021/K8/run03/data.8.Q	/cfs/klemming/home/t/tabeadi/tabea_work/08_population_analysis_final/skane_only/combined/results/structure/admixture/rep021/K8/run03
rep021	8	run04	0.35697	-7961682.42462	/cfs/klemming/home/t/tabeadi/tabea_work/08_population_analysis_final/skane_only/combined/results/structure/admixture/rep021/K8/run04/data.8.Q	/cfs/klemming/home/t/tabeadi/tabea_work/08_population_analysis_final/skane_only/combined/results/structure/admixture/rep021/K8/run04
rep021	8	run05	0.35697	-7961523.366781	/cfs/klemming/home/t/tabeadi/tabea_work/08_population_analysis_final/skane_only/combined/results/structure/admixture/rep021/K8/run05/data.8.Q	/cfs/klemming/home/t/tabeadi/tabea_work/08_population_analysis_final/skane_only/combined/results/structure/admixture/rep021/K8/run05
rep021	8	run06	0.35715	-7962605.531247	/cfs/klemming/home/t/tabeadi/tabea_work/08_population_analysis_final/skane_only/combined/results/structure/admixture/rep021/K8/run06/data.8.Q	/cfs/klemming/home/t/tabeadi/tabea_work/08_population_analysis_final/skane_only/combined/results/structure/admixture/rep021/K8/run06
rep021	8	run07	0.35699	-7961517.980279	/cfs/klemming/home/t/tabeadi/tabea_work/08_population_analysis_final/skane_only/combined/results/structure/admixture/rep021/K8/run07/data.8.Q	/cfs/klemming/home/t/tabeadi/tabea_work/08_population_analysis_final/skane_only/combined/results/structure/admixture/rep021/K8/run07
rep021	8	run08	0.35693	-7961435.81716	/cfs/klemming/home/t/tabeadi/tabea_work/08_population_analysis_final/skane_only/combined/results/structure/admixture/rep021/K8/run08/data.8.Q	/cfs/klemming/home/t/tabeadi/tabea_work/08_population_analysis_final/skane_only/combined/results/structure/admixture/rep021/K8/run08
rep021	8	run09	0.3569	-7961332.589932	/cfs/klemming/home/t/tabeadi/tabea_work/08_population_analysis_final/skane_only/combined/results/structure/admixture/rep021/K8/run09/data.8.Q	/cfs/klemming/home/t/tabeadi/tabea_work/08_population_analysis_final/skane_only/combined/results/structure/admixture/rep021/K8/run09
rep021	8	run10	0.35696	-7961352.774726	/cfs/klemming/home/t/tabeadi/tabea_work/08_population_analysis_final/skane_only/combined/results/structure/admixture/rep021/K8/run10/data.8.Q	/cfs/klemming/home/t/tabeadi/tabea_work/08_population_analysis_final/skane_only/combined/results/structure/admixture/rep021/K8/run10
rep021	8	run11	0.35695	-7961651.576523	/cfs/klemming/home/t/tabeadi/tabea_work/08_population_analysis_final/skane_only/combined/results/structure/admixture/rep021/K8/run11/data.8.Q	/cfs/klemming/home/t/tabeadi/tabea_work/08_population_analysis_final/skane_only/combined/results/structure/admixture/rep021/K8/run11
rep021	8	run12	0.35696	-7961332.35773	/cfs/klemming/home/t/tabeadi/tabea_work/08_population_analysis_final/skane_only/combined/results/structure/admixture/rep021/K8/run12/data.8.Q	/cfs/klemming/home/t/tabeadi/tabea_work/08_population_analysis_final/skane_only/combined/results/structure/admixture/rep021/K8/run12
rep021	8	run13	0.35695	-7961332.50518	/cfs/klemming/home/t/tabeadi/tabea_work/08_population_analysis_final/skane_only/combined/results/structure/admixture/rep021/K8/run13/data.8.Q	/cfs/klemming/home/t/tabeadi/tabea_work/08_population_analysis_final/skane_only/combined/results/structure/admixture/rep021/K8/run13
rep021	8	run14	0.35696	-7961332.379856	/cfs/klemming/home/t/tabeadi/tabea_work/08_population_analysis_final/skane_only/combined/results/structure/admixture/rep021/K8/run14/data.8.Q	/cfs/klemming/home/t/tabeadi/tabea_work/08_population_analysis_final/skane_only/combined/results/structure/admixture/rep021/K8/run14
rep021	8	run15	0.35703	-7961352.909979	/cfs/klemming/home/t/tabeadi/tabea_work/08_population_analysis_final/skane_only/combined/results/structure/admixture/rep021/K8/run15/data.8.Q	/cfs/klemming/home/t/tabeadi/tabea_work/08_population_analysis_final/skane_only/combined/results/structure/admixture/rep021/K8/run15
rep021	8	run16	0.35713	-7961378.990825	/cfs/klemming/home/t/tabeadi/tabea_work/08_population_analysis_final/skane_only/combined/results/structure/admixture/rep021/K8/run16/data.8.Q	/cfs/klemming/home/t/tabeadi/tabea_work/08_population_analysis_final/skane_only/combined/results/structure/admixture/rep021/K8/run16
rep021	8	run17	0.35716	-7962261.123395	/cfs/klemming/home/t/tabeadi/tabea_work/08_population_analysis_final/skane_only/combined/results/structure/admixture/rep021/K8/run17/data.8.Q	/cfs/klemming/home/t/tabeadi/tabea_work/08_population_analysis_final/skane_only/combined/results/structure/admixture/rep021/K8/run17
rep021	8	run18	0.35694	-7961373.372502	/cfs/klemming/home/t/tabeadi/tabea_work/08_population_analysis_final/skane_only/combined/results/structure/admixture/rep021/K8/run18/data.8.Q	/cfs/klemming/home/t/tabeadi/tabea_work/08_population_analysis_final/skane_only/combined/results/structure/admixture/rep021/K8/run18
rep021	8	run19	0.35697	-7961435.544611	/cfs/klemming/home/t/tabeadi/tabea_work/08_population_analysis_final/skane_only/combined/results/structure/admixture/rep021/K8/run19/data.8.Q	/cfs/klemming/home/t/tabeadi/tabea_work/08_population_analysis_final/skane_only/combined/results/structure/admixture/rep021/K8/run19
rep021	8	run20	0.35703	-7961332.534082	/cfs/klemming/home/t/tabeadi/tabea_work/08_population_analysis_final/skane_only/combined/results/structure/admixture/rep021/K8/run20/data.8.Q	/cfs/klemming/home/t/tabeadi/tabea_work/08_population_analysis_final/skane_only/combined/results/structure/admixture/rep021/K8/run20
rep022	1	run01	0.35817	-8082889.303454	/cfs/klemming/home/t/tabeadi/tabea_work/08_population_analysis_final/skane_only/combined/results/structure/admixture/rep022/K1/run01/data.1.Q	/cfs/klemming/home/t/tabeadi/tabea_work/08_population_analysis_final/skane_only/combined/results/structure/admixture/rep022/K1/run01
rep022	1	run02	0.35817	-8082889.303454	/cfs/klemming/home/t/tabeadi/tabea_work/08_population_analysis_final/skane_only/combined/results/structure/admixture/rep022/K1/run02/data.1.Q	/cfs/klemming/home/t/tabeadi/tabea_work/08_population_analysis_final/skane_only/combined/results/structure/admixture/rep022/K1/run02
rep022	1	run03	0.35817	-8082889.303454	/cfs/klemming/home/t/tabeadi/tabea_work/08_population_analysis_final/skane_only/combined/results/structure/admixture/rep022/K1/run03/data.1.Q	/cfs/klemming/home/t/tabeadi/tabea_work/08_population_analysis_final/skane_only/combined/results/structure/admixture/rep022/K1/run03
rep022	1	run04	0.35816	-8082889.303454	/cfs/klemming/home/t/tabeadi/tabea_work/08_population_analysis_final/skane_only/combined/results/structure/admixture/rep022/K1/run04/data.1.Q	/cfs/klemming/home/t/tabeadi/tabea_work/08_population_analysis_final/skane_only/combined/results/structure/admixture/rep022/K1/run04
rep022	1	run05	0.35817	-8082889.303454	/cfs/klemming/home/t/tabeadi/tabea_work/08_population_analysis_final/skane_only/combined/results/structure/admixture/rep022/K1/run05/data.1.Q	/cfs/klemming/home/t/tabeadi/tabea_work/08_population_analysis_final/skane_only/combined/results/structure/admixture/rep022/K1/run05
rep022	1	run06	0.35816	-8082889.303454	/cfs/klemming/home/t/tabeadi/tabea_work/08_population_analysis_final/skane_only/combined/results/structure/admixture/rep022/K1/run06/data.1.Q	/cfs/klemming/home/t/tabeadi/tabea_work/08_population_analysis_final/skane_only/combined/results/structure/admixture/rep022/K1/run06
rep022	1	run07	0.35816	-8082889.303454	/cfs/klemming/home/t/tabeadi/tabea_work/08_population_analysis_final/skane_only/combined/results/structure/admixture/rep022/K1/run07/data.1.Q	/cfs/klemming/home/t/tabeadi/tabea_work/08_population_analysis_final/skane_only/combined/results/structure/admixture/rep022/K1/run07
rep022	1	run08	0.35816	-8082889.303454	/cfs/klemming/home/t/tabeadi/tabea_work/08_population_analysis_final/skane_only/combined/results/structure/admixture/rep022/K1/run08/data.1.Q	/cfs/klemming/home/t/tabeadi/tabea_work/08_population_analysis_final/skane_only/combined/results/structure/admixture/rep022/K1/run08
rep022	1	run09	0.35817	-8082889.303454	/cfs/klemming/home/t/tabeadi/tabea_work/08_population_analysis_final/skane_only/combined/results/structure/admixture/rep022/K1/run09/data.1.Q	/cfs/klemming/home/t/tabeadi/tabea_work/08_population_analysis_final/skane_only/combined/results/structure/admixture/rep022/K1/run09
rep022	1	run10	0.35817	-8082889.303454	/cfs/klemming/home/t/tabeadi/tabea_work/08_population_analysis_final/skane_only/combined/results/structure/admixture/rep022/K1/run10/data.1.Q	/cfs/klemming/home/t/tabeadi/tabea_work/08_population_analysis_final/skane_only/combined/results/structure/admixture/rep022/K1/run10
rep022	1	run11	0.35817	-8082889.303454	/cfs/klemming/home/t/tabeadi/tabea_work/08_population_analysis_final/skane_only/combined/results/structure/admixture/rep022/K1/run11/data.1.Q	/cfs/klemming/home/t/tabeadi/tabea_work/08_population_analysis_final/skane_only/combined/results/structure/admixture/rep022/K1/run11
rep022	1	run12	0.35816	-8082889.303454	/cfs/klemming/home/t/tabeadi/tabea_work/08_population_analysis_final/skane_only/combined/results/structure/admixture/rep022/K1/run12/data.1.Q	/cfs/klemming/home/t/tabeadi/tabea_work/08_population_analysis_final/skane_only/combined/results/structure/admixture/rep022/K1/run12
rep022	1	run13	0.35817	-8082889.303454	/cfs/klemming/home/t/tabeadi/tabea_work/08_population_analysis_final/skane_only/combined/results/structure/admixture/rep022/K1/run13/data.1.Q	/cfs/klemming/home/t/tabeadi/tabea_work/08_population_analysis_final/skane_only/combined/results/structure/admixture/rep022/K1/run13
rep022	1	run14	0.35816	-8082889.303454	/cfs/klemming/home/t/tabeadi/tabea_work/08_population_analysis_final/skane_only/combined/results/structure/admixture/rep022/K1/run14/data.1.Q	/cfs/klemming/home/t/tabeadi/tabea_work/08_population_analysis_final/skane_only/combined/results/structure/admixture/rep022/K1/run14
rep022	1	run15	0.35816	-8082889.303454	/cfs/klemming/home/t/tabeadi/tabea_work/08_population_analysis_final/skane_only/combined/results/structure/admixture/rep022/K1/run15/data.1.Q	/cfs/klemming/home/t/tabeadi/tabea_work/08_population_analysis_final/skane_only/combined/results/structure/admixture/rep022/K1/run15
rep022	1	run16	0.35817	-8082889.303454	/cfs/klemming/home/t/tabeadi/tabea_work/08_population_analysis_final/skane_only/combined/results/structure/admixture/rep022/K1/run16/data.1.Q	/cfs/klemming/home/t/tabeadi/tabea_work/08_population_analysis_final/skane_only/combined/results/structure/admixture/rep022/K1/run16
rep022	1	run17	0.35817	-8082889.303454	/cfs/klemming/home/t/tabeadi/tabea_work/08_population_analysis_final/skane_only/combined/results/structure/admixture/rep022/K1/run17/data.1.Q	/cfs/klemming/home/t/tabeadi/tabea_work/08_population_analysis_final/skane_only/combined/results/structure/admixture/rep022/K1/run17
rep022	1	run18	0.35816	-8082889.303454	/cfs/klemming/home/t/tabeadi/tabea_work/08_population_analysis_final/skane_only/combined/results/structure/admixture/rep022/K1/run18/data.1.Q	/cfs/klemming/home/t/tabeadi/tabea_work/08_population_analysis_final/skane_only/combined/results/structure/admixture/rep022/K1/run18
rep022	1	run19	0.35817	-8082889.303454	/cfs/klemming/home/t/tabeadi/tabea_work/08_population_analysis_final/skane_only/combined/results/structure/admixture/rep022/K1/run19/data.1.Q	/cfs/klemming/home/t/tabeadi/tabea_work/08_population_analysis_final/skane_only/combined/results/structure/admixture/rep022/K1/run19
rep022	1	run20	0.35816	-8082889.303454	/cfs/klemming/home/t/tabeadi/tabea_work/08_population_analysis_final/skane_only/combined/results/structure/admixture/rep022/K1/run20/data.1.Q	/cfs/klemming/home/t/tabeadi/tabea_work/08_population_analysis_final/skane_only/combined/results/structure/admixture/rep022/K1/run20
rep022	2	run01	0.35698	-8053989.942491	/cfs/klemming/home/t/tabeadi/tabea_work/08_population_analysis_final/skane_only/combined/results/structure/admixture/rep022/K2/run01/data.2.Q	/cfs/klemming/home/t/tabeadi/tabea_work/08_population_analysis_final/skane_only/combined/results/structure/admixture/rep022/K2/run01
rep022	2	run02	0.357	-8053989.942498	/cfs/klemming/home/t/tabeadi/tabea_work/08_population_analysis_final/skane_only/combined/results/structure/admixture/rep022/K2/run02/data.2.Q	/cfs/klemming/home/t/tabeadi/tabea_work/08_population_analysis_final/skane_only/combined/results/structure/admixture/rep022/K2/run02
rep022	2	run03	0.35701	-8053989.942521	/cfs/klemming/home/t/tabeadi/tabea_work/08_population_analysis_final/skane_only/combined/results/structure/admixture/rep022/K2/run03/data.2.Q	/cfs/klemming/home/t/tabeadi/tabea_work/08_population_analysis_final/skane_only/combined/results/structure/admixture/rep022/K2/run03
rep022	2	run04	0.35696	-8053989.9425	/cfs/klemming/home/t/tabeadi/tabea_work/08_population_analysis_final/skane_only/combined/results/structure/admixture/rep022/K2/run04/data.2.Q	/cfs/klemming/home/t/tabeadi/tabea_work/08_population_analysis_final/skane_only/combined/results/structure/admixture/rep022/K2/run04
rep022	2	run05	0.357	-8053989.942492	/cfs/klemming/home/t/tabeadi/tabea_work/08_population_analysis_final/skane_only/combined/results/structure/admixture/rep022/K2/run05/data.2.Q	/cfs/klemming/home/t/tabeadi/tabea_work/08_population_analysis_final/skane_only/combined/results/structure/admixture/rep022/K2/run05
rep022	2	run06	0.35696	-8053989.942491	/cfs/klemming/home/t/tabeadi/tabea_work/08_population_analysis_final/skane_only/combined/results/structure/admixture/rep022/K2/run06/data.2.Q	/cfs/klemming/home/t/tabeadi/tabea_work/08_population_analysis_final/skane_only/combined/results/structure/admixture/rep022/K2/run06
rep022	2	run07	0.35696	-8053989.942485	/cfs/klemming/home/t/tabeadi/tabea_work/08_population_analysis_final/skane_only/combined/results/structure/admixture/rep022/K2/run07/data.2.Q	/cfs/klemming/home/t/tabeadi/tabea_work/08_population_analysis_final/skane_only/combined/results/structure/admixture/rep022/K2/run07
rep022	2	run08	0.35697	-8053989.942486	/cfs/klemming/home/t/tabeadi/tabea_work/08_population_analysis_final/skane_only/combined/results/structure/admixture/rep022/K2/run08/data.2.Q	/cfs/klemming/home/t/tabeadi/tabea_work/08_population_analysis_final/skane_only/combined/results/structure/admixture/rep022/K2/run08
rep022	2	run09	0.35698	-8053989.942486	/cfs/klemming/home/t/tabeadi/tabea_work/08_population_analysis_final/skane_only/combined/results/structure/admixture/rep022/K2/run09/data.2.Q	/cfs/klemming/home/t/tabeadi/tabea_work/08_population_analysis_final/skane_only/combined/results/structure/admixture/rep022/K2/run09
rep022	2	run10	0.35696	-8053989.942485	/cfs/klemming/home/t/tabeadi/tabea_work/08_population_analysis_final/skane_only/combined/results/structure/admixture/rep022/K2/run10/data.2.Q	/cfs/klemming/home/t/tabeadi/tabea_work/08_population_analysis_final/skane_only/combined/results/structure/admixture/rep022/K2/run10
rep022	2	run11	0.35696	-8053989.942487	/cfs/klemming/home/t/tabeadi/tabea_work/08_population_analysis_final/skane_only/combined/results/structure/admixture/rep022/K2/run11/data.2.Q	/cfs/klemming/home/t/tabeadi/tabea_work/08_population_analysis_final/skane_only/combined/results/structure/admixture/rep022/K2/run11
rep022	2	run12	0.35697	-8053989.942488	/cfs/klemming/home/t/tabeadi/tabea_work/08_population_analysis_final/skane_only/combined/results/structure/admixture/rep022/K2/run12/data.2.Q	/cfs/klemming/home/t/tabeadi/tabea_work/08_population_analysis_final/skane_only/combined/results/structure/admixture/rep022/K2/run12
rep022	2	run13	0.35698	-8053989.942499	/cfs/klemming/home/t/tabeadi/tabea_work/08_population_analysis_final/skane_only/combined/results/structure/admixture/rep022/K2/run13/data.2.Q	/cfs/klemming/home/t/tabeadi/tabea_work/08_population_analysis_final/skane_only/combined/results/structure/admixture/rep022/K2/run13
rep022	2	run14	0.35696	-8053989.942485	/cfs/klemming/home/t/tabeadi/tabea_work/08_population_analysis_final/skane_only/combined/results/structure/admixture/rep022/K2/run14/data.2.Q	/cfs/klemming/home/t/tabeadi/tabea_work/08_population_analysis_final/skane_only/combined/results/structure/admixture/rep022/K2/run14
rep022	2	run15	0.35697	-8053989.942485	/cfs/klemming/home/t/tabeadi/tabea_work/08_population_analysis_final/skane_only/combined/results/structure/admixture/rep022/K2/run15/data.2.Q	/cfs/klemming/home/t/tabeadi/tabea_work/08_population_analysis_final/skane_only/combined/results/structure/admixture/rep022/K2/run15
rep022	2	run16	0.35696	-8053989.942495	/cfs/klemming/home/t/tabeadi/tabea_work/08_population_analysis_final/skane_only/combined/results/structure/admixture/rep022/K2/run16/data.2.Q	/cfs/klemming/home/t/tabeadi/tabea_work/08_population_analysis_final/skane_only/combined/results/structure/admixture/rep022/K2/run16
rep022	2	run17	0.35698	-8053989.942499	/cfs/klemming/home/t/tabeadi/tabea_work/08_population_analysis_final/skane_only/combined/results/structure/admixture/rep022/K2/run17/data.2.Q	/cfs/klemming/home/t/tabeadi/tabea_work/08_population_analysis_final/skane_only/combined/results/structure/admixture/rep022/K2/run17
rep022	2	run18	0.35695	-8053989.942493	/cfs/klemming/home/t/tabeadi/tabea_work/08_population_analysis_final/skane_only/combined/results/structure/admixture/rep022/K2/run18/data.2.Q	/cfs/klemming/home/t/tabeadi/tabea_work/08_population_analysis_final/skane_only/combined/results/structure/admixture/rep022/K2/run18
rep022	2	run19	0.35697	-8053989.942487	/cfs/klemming/home/t/tabeadi/tabea_work/08_population_analysis_final/skane_only/combined/results/structure/admixture/rep022/K2/run19/data.2.Q	/cfs/klemming/home/t/tabeadi/tabea_work/08_population_analysis_final/skane_only/combined/results/structure/admixture/rep022/K2/run19
rep022	2	run20	0.35696	-8053989.942487	/cfs/klemming/home/t/tabeadi/tabea_work/08_population_analysis_final/skane_only/combined/results/structure/admixture/rep022/K2/run20/data.2.Q	/cfs/klemming/home/t/tabeadi/tabea_work/08_population_analysis_final/skane_only/combined/results/structure/admixture/rep022/K2/run20
rep022	3	run01	0.35628	-8032220.128361	/cfs/klemming/home/t/tabeadi/tabea_work/08_population_analysis_final/skane_only/combined/results/structure/admixture/rep022/K3/run01/data.3.Q	/cfs/klemming/home/t/tabeadi/tabea_work/08_population_analysis_final/skane_only/combined/results/structure/admixture/rep022/K3/run01
rep022	3	run02	0.35626	-8032220.132462	/cfs/klemming/home/t/tabeadi/tabea_work/08_population_analysis_final/skane_only/combined/results/structure/admixture/rep022/K3/run02/data.3.Q	/cfs/klemming/home/t/tabeadi/tabea_work/08_population_analysis_final/skane_only/combined/results/structure/admixture/rep022/K3/run02
rep022	3	run03	0.35633	-8032220.133539	/cfs/klemming/home/t/tabeadi/tabea_work/08_population_analysis_final/skane_only/combined/results/structure/admixture/rep022/K3/run03/data.3.Q	/cfs/klemming/home/t/tabeadi/tabea_work/08_population_analysis_final/skane_only/combined/results/structure/admixture/rep022/K3/run03
rep022	3	run04	0.35624	-8032220.124478	/cfs/klemming/home/t/tabeadi/tabea_work/08_population_analysis_final/skane_only/combined/results/structure/admixture/rep022/K3/run04/data.3.Q	/cfs/klemming/home/t/tabeadi/tabea_work/08_population_analysis_final/skane_only/combined/results/structure/admixture/rep022/K3/run04
rep022	3	run05	0.35627	-8032220.124852	/cfs/klemming/home/t/tabeadi/tabea_work/08_population_analysis_final/skane_only/combined/results/structure/admixture/rep022/K3/run05/data.3.Q	/cfs/klemming/home/t/tabeadi/tabea_work/08_population_analysis_final/skane_only/combined/results/structure/admixture/rep022/K3/run05
rep022	3	run06	0.35628	-8032220.123667	/cfs/klemming/home/t/tabeadi/tabea_work/08_population_analysis_final/skane_only/combined/results/structure/admixture/rep022/K3/run06/data.3.Q	/cfs/klemming/home/t/tabeadi/tabea_work/08_population_analysis_final/skane_only/combined/results/structure/admixture/rep022/K3/run06
rep022	3	run07	0.35629	-8032220.126831	/cfs/klemming/home/t/tabeadi/tabea_work/08_population_analysis_final/skane_only/combined/results/structure/admixture/rep022/K3/run07/data.3.Q	/cfs/klemming/home/t/tabeadi/tabea_work/08_population_analysis_final/skane_only/combined/results/structure/admixture/rep022/K3/run07
rep022	3	run08	0.35632	-8032220.123586	/cfs/klemming/home/t/tabeadi/tabea_work/08_population_analysis_final/skane_only/combined/results/structure/admixture/rep022/K3/run08/data.3.Q	/cfs/klemming/home/t/tabeadi/tabea_work/08_population_analysis_final/skane_only/combined/results/structure/admixture/rep022/K3/run08
rep022	3	run09	0.35627	-8032220.127629	/cfs/klemming/home/t/tabeadi/tabea_work/08_population_analysis_final/skane_only/combined/results/structure/admixture/rep022/K3/run09/data.3.Q	/cfs/klemming/home/t/tabeadi/tabea_work/08_population_analysis_final/skane_only/combined/results/structure/admixture/rep022/K3/run09
rep022	3	run10	0.35634	-8032220.124263	/cfs/klemming/home/t/tabeadi/tabea_work/08_population_analysis_final/skane_only/combined/results/structure/admixture/rep022/K3/run10/data.3.Q	/cfs/klemming/home/t/tabeadi/tabea_work/08_population_analysis_final/skane_only/combined/results/structure/admixture/rep022/K3/run10
rep022	3	run11	0.35631	-8032220.124335	/cfs/klemming/home/t/tabeadi/tabea_work/08_population_analysis_final/skane_only/combined/results/structure/admixture/rep022/K3/run11/data.3.Q	/cfs/klemming/home/t/tabeadi/tabea_work/08_population_analysis_final/skane_only/combined/results/structure/admixture/rep022/K3/run11
rep022	3	run12	0.35631	-8032220.123666	/cfs/klemming/home/t/tabeadi/tabea_work/08_population_analysis_final/skane_only/combined/results/structure/admixture/rep022/K3/run12/data.3.Q	/cfs/klemming/home/t/tabeadi/tabea_work/08_population_analysis_final/skane_only/combined/results/structure/admixture/rep022/K3/run12
rep022	3	run13	0.35626	-8032220.12467	/cfs/klemming/home/t/tabeadi/tabea_work/08_population_analysis_final/skane_only/combined/results/structure/admixture/rep022/K3/run13/data.3.Q	/cfs/klemming/home/t/tabeadi/tabea_work/08_population_analysis_final/skane_only/combined/results/structure/admixture/rep022/K3/run13
rep022	3	run14	0.3563	-8032220.130579	/cfs/klemming/home/t/tabeadi/tabea_work/08_population_analysis_final/skane_only/combined/results/structure/admixture/rep022/K3/run14/data.3.Q	/cfs/klemming/home/t/tabeadi/tabea_work/08_population_analysis_final/skane_only/combined/results/structure/admixture/rep022/K3/run14
rep022	3	run15	0.35634	-8032220.123715	/cfs/klemming/home/t/tabeadi/tabea_work/08_population_analysis_final/skane_only/combined/results/structure/admixture/rep022/K3/run15/data.3.Q	/cfs/klemming/home/t/tabeadi/tabea_work/08_population_analysis_final/skane_only/combined/results/structure/admixture/rep022/K3/run15
rep022	3	run16	0.35632	-8032220.124386	/cfs/klemming/home/t/tabeadi/tabea_work/08_population_analysis_final/skane_only/combined/results/structure/admixture/rep022/K3/run16/data.3.Q	/cfs/klemming/home/t/tabeadi/tabea_work/08_population_analysis_final/skane_only/combined/results/structure/admixture/rep022/K3/run16
rep022	3	run17	0.35631	-8032220.12496	/cfs/klemming/home/t/tabeadi/tabea_work/08_population_analysis_final/skane_only/combined/results/structure/admixture/rep022/K3/run17/data.3.Q	/cfs/klemming/home/t/tabeadi/tabea_work/08_population_analysis_final/skane_only/combined/results/structure/admixture/rep022/K3/run17
rep022	3	run18	0.35634	-8032220.124853	/cfs/klemming/home/t/tabeadi/tabea_work/08_population_analysis_final/skane_only/combined/results/structure/admixture/rep022/K3/run18/data.3.Q	/cfs/klemming/home/t/tabeadi/tabea_work/08_population_analysis_final/skane_only/combined/results/structure/admixture/rep022/K3/run18
rep022	3	run19	0.35631	-8032220.125473	/cfs/klemming/home/t/tabeadi/tabea_work/08_population_analysis_final/skane_only/combined/results/structure/admixture/rep022/K3/run19/data.3.Q	/cfs/klemming/home/t/tabeadi/tabea_work/08_population_analysis_final/skane_only/combined/results/structure/admixture/rep022/K3/run19
rep022	3	run20	0.3563	-8032220.124728	/cfs/klemming/home/t/tabeadi/tabea_work/08_population_analysis_final/skane_only/combined/results/structure/admixture/rep022/K3/run20/data.3.Q	/cfs/klemming/home/t/tabeadi/tabea_work/08_population_analysis_final/skane_only/combined/results/structure/admixture/rep022/K3/run20
rep022	4	run01	0.35572	-8012232.28802	/cfs/klemming/home/t/tabeadi/tabea_work/08_population_analysis_final/skane_only/combined/results/structure/admixture/rep022/K4/run01/data.4.Q	/cfs/klemming/home/t/tabeadi/tabea_work/08_population_analysis_final/skane_only/combined/results/structure/admixture/rep022/K4/run01
rep022	4	run02	0.35574	-8012232.276531	/cfs/klemming/home/t/tabeadi/tabea_work/08_population_analysis_final/skane_only/combined/results/structure/admixture/rep022/K4/run02/data.4.Q	/cfs/klemming/home/t/tabeadi/tabea_work/08_population_analysis_final/skane_only/combined/results/structure/admixture/rep022/K4/run02
rep022	4	run03	0.35562	-8012232.280642	/cfs/klemming/home/t/tabeadi/tabea_work/08_population_analysis_final/skane_only/combined/results/structure/admixture/rep022/K4/run03/data.4.Q	/cfs/klemming/home/t/tabeadi/tabea_work/08_population_analysis_final/skane_only/combined/results/structure/admixture/rep022/K4/run03
rep022	4	run04	0.3557	-8012232.30315	/cfs/klemming/home/t/tabeadi/tabea_work/08_population_analysis_final/skane_only/combined/results/structure/admixture/rep022/K4/run04/data.4.Q	/cfs/klemming/home/t/tabeadi/tabea_work/08_population_analysis_final/skane_only/combined/results/structure/admixture/rep022/K4/run04
rep022	4	run05	0.35568	-8012232.283429	/cfs/klemming/home/t/tabeadi/tabea_work/08_population_analysis_final/skane_only/combined/results/structure/admixture/rep022/K4/run05/data.4.Q	/cfs/klemming/home/t/tabeadi/tabea_work/08_population_analysis_final/skane_only/combined/results/structure/admixture/rep022/K4/run05
rep022	4	run06	0.35571	-8012232.286196	/cfs/klemming/home/t/tabeadi/tabea_work/08_population_analysis_final/skane_only/combined/results/structure/admixture/rep022/K4/run06/data.4.Q	/cfs/klemming/home/t/tabeadi/tabea_work/08_population_analysis_final/skane_only/combined/results/structure/admixture/rep022/K4/run06
rep022	4	run07	0.35565	-8012232.276057	/cfs/klemming/home/t/tabeadi/tabea_work/08_population_analysis_final/skane_only/combined/results/structure/admixture/rep022/K4/run07/data.4.Q	/cfs/klemming/home/t/tabeadi/tabea_work/08_population_analysis_final/skane_only/combined/results/structure/admixture/rep022/K4/run07
rep022	4	run08	0.3557	-8012232.298162	/cfs/klemming/home/t/tabeadi/tabea_work/08_population_analysis_final/skane_only/combined/results/structure/admixture/rep022/K4/run08/data.4.Q	/cfs/klemming/home/t/tabeadi/tabea_work/08_population_analysis_final/skane_only/combined/results/structure/admixture/rep022/K4/run08
rep022	4	run09	0.35563	-8012232.284555	/cfs/klemming/home/t/tabeadi/tabea_work/08_population_analysis_final/skane_only/combined/results/structure/admixture/rep022/K4/run09/data.4.Q	/cfs/klemming/home/t/tabeadi/tabea_work/08_population_analysis_final/skane_only/combined/results/structure/admixture/rep022/K4/run09
rep022	4	run10	0.3557	-8012232.276772	/cfs/klemming/home/t/tabeadi/tabea_work/08_population_analysis_final/skane_only/combined/results/structure/admixture/rep022/K4/run10/data.4.Q	/cfs/klemming/home/t/tabeadi/tabea_work/08_population_analysis_final/skane_only/combined/results/structure/admixture/rep022/K4/run10
rep022	4	run11	0.35567	-8012232.302831	/cfs/klemming/home/t/tabeadi/tabea_work/08_population_analysis_final/skane_only/combined/results/structure/admixture/rep022/K4/run11/data.4.Q	/cfs/klemming/home/t/tabeadi/tabea_work/08_population_analysis_final/skane_only/combined/results/structure/admixture/rep022/K4/run11
rep022	4	run12	0.35565	-8012232.276919	/cfs/klemming/home/t/tabeadi/tabea_work/08_population_analysis_final/skane_only/combined/results/structure/admixture/rep022/K4/run12/data.4.Q	/cfs/klemming/home/t/tabeadi/tabea_work/08_population_analysis_final/skane_only/combined/results/structure/admixture/rep022/K4/run12
rep022	4	run13	0.35571	-8012232.27977	/cfs/klemming/home/t/tabeadi/tabea_work/08_population_analysis_final/skane_only/combined/results/structure/admixture/rep022/K4/run13/data.4.Q	/cfs/klemming/home/t/tabeadi/tabea_work/08_population_analysis_final/skane_only/combined/results/structure/admixture/rep022/K4/run13
rep022	4	run14	0.35565	-8012232.285761	/cfs/klemming/home/t/tabeadi/tabea_work/08_population_analysis_final/skane_only/combined/results/structure/admixture/rep022/K4/run14/data.4.Q	/cfs/klemming/home/t/tabeadi/tabea_work/08_population_analysis_final/skane_only/combined/results/structure/admixture/rep022/K4/run14
rep022	4	run15	0.35567	-8012232.273853	/cfs/klemming/home/t/tabeadi/tabea_work/08_population_analysis_final/skane_only/combined/results/structure/admixture/rep022/K4/run15/data.4.Q	/cfs/klemming/home/t/tabeadi/tabea_work/08_population_analysis_final/skane_only/combined/results/structure/admixture/rep022/K4/run15
rep022	4	run16	0.35566	-8012232.276351	/cfs/klemming/home/t/tabeadi/tabea_work/08_population_analysis_final/skane_only/combined/results/structure/admixture/rep022/K4/run16/data.4.Q	/cfs/klemming/home/t/tabeadi/tabea_work/08_population_analysis_final/skane_only/combined/results/structure/admixture/rep022/K4/run16
rep022	4	run17	0.35571	-8012232.287213	/cfs/klemming/home/t/tabeadi/tabea_work/08_population_analysis_final/skane_only/combined/results/structure/admixture/rep022/K4/run17/data.4.Q	/cfs/klemming/home/t/tabeadi/tabea_work/08_population_analysis_final/skane_only/combined/results/structure/admixture/rep022/K4/run17
rep022	4	run18	0.35569	-8012232.279197	/cfs/klemming/home/t/tabeadi/tabea_work/08_population_analysis_final/skane_only/combined/results/structure/admixture/rep022/K4/run18/data.4.Q	/cfs/klemming/home/t/tabeadi/tabea_work/08_population_analysis_final/skane_only/combined/results/structure/admixture/rep022/K4/run18
rep022	4	run19	0.35573	-8012232.279134	/cfs/klemming/home/t/tabeadi/tabea_work/08_population_analysis_final/skane_only/combined/results/structure/admixture/rep022/K4/run19/data.4.Q	/cfs/klemming/home/t/tabeadi/tabea_work/08_population_analysis_final/skane_only/combined/results/structure/admixture/rep022/K4/run19
rep022	4	run20	0.35564	-8012232.276553	/cfs/klemming/home/t/tabeadi/tabea_work/08_population_analysis_final/skane_only/combined/results/structure/admixture/rep022/K4/run20/data.4.Q	/cfs/klemming/home/t/tabeadi/tabea_work/08_population_analysis_final/skane_only/combined/results/structure/admixture/rep022/K4/run20
rep022	5	run01	0.35508	-7993531.870888	/cfs/klemming/home/t/tabeadi/tabea_work/08_population_analysis_final/skane_only/combined/results/structure/admixture/rep022/K5/run01/data.5.Q	/cfs/klemming/home/t/tabeadi/tabea_work/08_population_analysis_final/skane_only/combined/results/structure/admixture/rep022/K5/run01
rep022	5	run02	0.35513	-7993531.880134	/cfs/klemming/home/t/tabeadi/tabea_work/08_population_analysis_final/skane_only/combined/results/structure/admixture/rep022/K5/run02/data.5.Q	/cfs/klemming/home/t/tabeadi/tabea_work/08_population_analysis_final/skane_only/combined/results/structure/admixture/rep022/K5/run02
rep022	5	run03	0.35509	-7993531.865944	/cfs/klemming/home/t/tabeadi/tabea_work/08_population_analysis_final/skane_only/combined/results/structure/admixture/rep022/K5/run03/data.5.Q	/cfs/klemming/home/t/tabeadi/tabea_work/08_population_analysis_final/skane_only/combined/results/structure/admixture/rep022/K5/run03
rep022	5	run04	0.3551	-7993531.858625	/cfs/klemming/home/t/tabeadi/tabea_work/08_population_analysis_final/skane_only/combined/results/structure/admixture/rep022/K5/run04/data.5.Q	/cfs/klemming/home/t/tabeadi/tabea_work/08_population_analysis_final/skane_only/combined/results/structure/admixture/rep022/K5/run04
rep022	5	run05	0.35511	-7993531.866503	/cfs/klemming/home/t/tabeadi/tabea_work/08_population_analysis_final/skane_only/combined/results/structure/admixture/rep022/K5/run05/data.5.Q	/cfs/klemming/home/t/tabeadi/tabea_work/08_population_analysis_final/skane_only/combined/results/structure/admixture/rep022/K5/run05
rep022	5	run06	0.35513	-7993531.871563	/cfs/klemming/home/t/tabeadi/tabea_work/08_population_analysis_final/skane_only/combined/results/structure/admixture/rep022/K5/run06/data.5.Q	/cfs/klemming/home/t/tabeadi/tabea_work/08_population_analysis_final/skane_only/combined/results/structure/admixture/rep022/K5/run06
rep022	5	run07	0.35511	-7993531.875425	/cfs/klemming/home/t/tabeadi/tabea_work/08_population_analysis_final/skane_only/combined/results/structure/admixture/rep022/K5/run07/data.5.Q	/cfs/klemming/home/t/tabeadi/tabea_work/08_population_analysis_final/skane_only/combined/results/structure/admixture/rep022/K5/run07
rep022	5	run08	0.3551	-7993531.86518	/cfs/klemming/home/t/tabeadi/tabea_work/08_population_analysis_final/skane_only/combined/results/structure/admixture/rep022/K5/run08/data.5.Q	/cfs/klemming/home/t/tabeadi/tabea_work/08_population_analysis_final/skane_only/combined/results/structure/admixture/rep022/K5/run08
rep022	5	run09	0.35507	-7993531.866844	/cfs/klemming/home/t/tabeadi/tabea_work/08_population_analysis_final/skane_only/combined/results/structure/admixture/rep022/K5/run09/data.5.Q	/cfs/klemming/home/t/tabeadi/tabea_work/08_population_analysis_final/skane_only/combined/results/structure/admixture/rep022/K5/run09
rep022	5	run10	0.35511	-7993531.879345	/cfs/klemming/home/t/tabeadi/tabea_work/08_population_analysis_final/skane_only/combined/results/structure/admixture/rep022/K5/run10/data.5.Q	/cfs/klemming/home/t/tabeadi/tabea_work/08_population_analysis_final/skane_only/combined/results/structure/admixture/rep022/K5/run10
rep022	5	run11	0.35518	-7993531.899269	/cfs/klemming/home/t/tabeadi/tabea_work/08_population_analysis_final/skane_only/combined/results/structure/admixture/rep022/K5/run11/data.5.Q	/cfs/klemming/home/t/tabeadi/tabea_work/08_population_analysis_final/skane_only/combined/results/structure/admixture/rep022/K5/run11
rep022	5	run12	0.35515	-7993531.865242	/cfs/klemming/home/t/tabeadi/tabea_work/08_population_analysis_final/skane_only/combined/results/structure/admixture/rep022/K5/run12/data.5.Q	/cfs/klemming/home/t/tabeadi/tabea_work/08_population_analysis_final/skane_only/combined/results/structure/admixture/rep022/K5/run12
rep022	5	run13	0.3551	-7993531.871796	/cfs/klemming/home/t/tabeadi/tabea_work/08_population_analysis_final/skane_only/combined/results/structure/admixture/rep022/K5/run13/data.5.Q	/cfs/klemming/home/t/tabeadi/tabea_work/08_population_analysis_final/skane_only/combined/results/structure/admixture/rep022/K5/run13
rep022	5	run14	0.3551	-7993531.875454	/cfs/klemming/home/t/tabeadi/tabea_work/08_population_analysis_final/skane_only/combined/results/structure/admixture/rep022/K5/run14/data.5.Q	/cfs/klemming/home/t/tabeadi/tabea_work/08_population_analysis_final/skane_only/combined/results/structure/admixture/rep022/K5/run14
rep022	5	run15	0.35512	-7993531.869599	/cfs/klemming/home/t/tabeadi/tabea_work/08_population_analysis_final/skane_only/combined/results/structure/admixture/rep022/K5/run15/data.5.Q	/cfs/klemming/home/t/tabeadi/tabea_work/08_population_analysis_final/skane_only/combined/results/structure/admixture/rep022/K5/run15
rep022	5	run16	0.35517	-7993531.863926	/cfs/klemming/home/t/tabeadi/tabea_work/08_population_analysis_final/skane_only/combined/results/structure/admixture/rep022/K5/run16/data.5.Q	/cfs/klemming/home/t/tabeadi/tabea_work/08_population_analysis_final/skane_only/combined/results/structure/admixture/rep022/K5/run16
rep022	5	run17	0.35511	-7993531.877149	/cfs/klemming/home/t/tabeadi/tabea_work/08_population_analysis_final/skane_only/combined/results/structure/admixture/rep022/K5/run17/data.5.Q	/cfs/klemming/home/t/tabeadi/tabea_work/08_population_analysis_final/skane_only/combined/results/structure/admixture/rep022/K5/run17
rep022	5	run18	0.35517	-7993531.86043	/cfs/klemming/home/t/tabeadi/tabea_work/08_population_analysis_final/skane_only/combined/results/structure/admixture/rep022/K5/run18/data.5.Q	/cfs/klemming/home/t/tabeadi/tabea_work/08_population_analysis_final/skane_only/combined/results/structure/admixture/rep022/K5/run18
rep022	5	run19	0.35508	-7993531.885259	/cfs/klemming/home/t/tabeadi/tabea_work/08_population_analysis_final/skane_only/combined/results/structure/admixture/rep022/K5/run19/data.5.Q	/cfs/klemming/home/t/tabeadi/tabea_work/08_population_analysis_final/skane_only/combined/results/structure/admixture/rep022/K5/run19
rep022	5	run20	0.35512	-7993531.887623	/cfs/klemming/home/t/tabeadi/tabea_work/08_population_analysis_final/skane_only/combined/results/structure/admixture/rep022/K5/run20/data.5.Q	/cfs/klemming/home/t/tabeadi/tabea_work/08_population_analysis_final/skane_only/combined/results/structure/admixture/rep022/K5/run20
rep022	6	run01	0.35464	-7976293.791611	/cfs/klemming/home/t/tabeadi/tabea_work/08_population_analysis_final/skane_only/combined/results/structure/admixture/rep022/K6/run01/data.6.Q	/cfs/klemming/home/t/tabeadi/tabea_work/08_population_analysis_final/skane_only/combined/results/structure/admixture/rep022/K6/run01
rep022	6	run02	0.35465	-7976293.867255	/cfs/klemming/home/t/tabeadi/tabea_work/08_population_analysis_final/skane_only/combined/results/structure/admixture/rep022/K6/run02/data.6.Q	/cfs/klemming/home/t/tabeadi/tabea_work/08_population_analysis_final/skane_only/combined/results/structure/admixture/rep022/K6/run02
rep022	6	run03	0.35461	-7976293.873978	/cfs/klemming/home/t/tabeadi/tabea_work/08_population_analysis_final/skane_only/combined/results/structure/admixture/rep022/K6/run03/data.6.Q	/cfs/klemming/home/t/tabeadi/tabea_work/08_population_analysis_final/skane_only/combined/results/structure/admixture/rep022/K6/run03
rep022	6	run04	0.35457	-7976293.790185	/cfs/klemming/home/t/tabeadi/tabea_work/08_population_analysis_final/skane_only/combined/results/structure/admixture/rep022/K6/run04/data.6.Q	/cfs/klemming/home/t/tabeadi/tabea_work/08_population_analysis_final/skane_only/combined/results/structure/admixture/rep022/K6/run04
rep022	6	run05	0.35452	-7976293.842773	/cfs/klemming/home/t/tabeadi/tabea_work/08_population_analysis_final/skane_only/combined/results/structure/admixture/rep022/K6/run05/data.6.Q	/cfs/klemming/home/t/tabeadi/tabea_work/08_population_analysis_final/skane_only/combined/results/structure/admixture/rep022/K6/run05
rep022	6	run06	0.35463	-7976293.802268	/cfs/klemming/home/t/tabeadi/tabea_work/08_population_analysis_final/skane_only/combined/results/structure/admixture/rep022/K6/run06/data.6.Q	/cfs/klemming/home/t/tabeadi/tabea_work/08_population_analysis_final/skane_only/combined/results/structure/admixture/rep022/K6/run06
rep022	6	run07	0.35452	-7976293.797796	/cfs/klemming/home/t/tabeadi/tabea_work/08_population_analysis_final/skane_only/combined/results/structure/admixture/rep022/K6/run07/data.6.Q	/cfs/klemming/home/t/tabeadi/tabea_work/08_population_analysis_final/skane_only/combined/results/structure/admixture/rep022/K6/run07
rep022	6	run08	0.35459	-7976293.803823	/cfs/klemming/home/t/tabeadi/tabea_work/08_population_analysis_final/skane_only/combined/results/structure/admixture/rep022/K6/run08/data.6.Q	/cfs/klemming/home/t/tabeadi/tabea_work/08_population_analysis_final/skane_only/combined/results/structure/admixture/rep022/K6/run08
rep022	6	run09	0.35459	-7976293.812689	/cfs/klemming/home/t/tabeadi/tabea_work/08_population_analysis_final/skane_only/combined/results/structure/admixture/rep022/K6/run09/data.6.Q	/cfs/klemming/home/t/tabeadi/tabea_work/08_population_analysis_final/skane_only/combined/results/structure/admixture/rep022/K6/run09
rep022	6	run10	0.35458	-7976293.935507	/cfs/klemming/home/t/tabeadi/tabea_work/08_population_analysis_final/skane_only/combined/results/structure/admixture/rep022/K6/run10/data.6.Q	/cfs/klemming/home/t/tabeadi/tabea_work/08_population_analysis_final/skane_only/combined/results/structure/admixture/rep022/K6/run10
rep022	6	run11	0.35459	-7976293.790097	/cfs/klemming/home/t/tabeadi/tabea_work/08_population_analysis_final/skane_only/combined/results/structure/admixture/rep022/K6/run11/data.6.Q	/cfs/klemming/home/t/tabeadi/tabea_work/08_population_analysis_final/skane_only/combined/results/structure/admixture/rep022/K6/run11
rep022	6	run12	0.35456	-7976293.78281	/cfs/klemming/home/t/tabeadi/tabea_work/08_population_analysis_final/skane_only/combined/results/structure/admixture/rep022/K6/run12/data.6.Q	/cfs/klemming/home/t/tabeadi/tabea_work/08_population_analysis_final/skane_only/combined/results/structure/admixture/rep022/K6/run12
rep022	6	run13	0.35464	-7976293.835517	/cfs/klemming/home/t/tabeadi/tabea_work/08_population_analysis_final/skane_only/combined/results/structure/admixture/rep022/K6/run13/data.6.Q	/cfs/klemming/home/t/tabeadi/tabea_work/08_population_analysis_final/skane_only/combined/results/structure/admixture/rep022/K6/run13
rep022	6	run14	0.35452	-7976293.793877	/cfs/klemming/home/t/tabeadi/tabea_work/08_population_analysis_final/skane_only/combined/results/structure/admixture/rep022/K6/run14/data.6.Q	/cfs/klemming/home/t/tabeadi/tabea_work/08_population_analysis_final/skane_only/combined/results/structure/admixture/rep022/K6/run14
rep022	6	run15	0.35455	-7976293.805278	/cfs/klemming/home/t/tabeadi/tabea_work/08_population_analysis_final/skane_only/combined/results/structure/admixture/rep022/K6/run15/data.6.Q	/cfs/klemming/home/t/tabeadi/tabea_work/08_population_analysis_final/skane_only/combined/results/structure/admixture/rep022/K6/run15
rep022	6	run16	0.35461	-7976293.802079	/cfs/klemming/home/t/tabeadi/tabea_work/08_population_analysis_final/skane_only/combined/results/structure/admixture/rep022/K6/run16/data.6.Q	/cfs/klemming/home/t/tabeadi/tabea_work/08_population_analysis_final/skane_only/combined/results/structure/admixture/rep022/K6/run16
rep022	6	run17	0.35458	-7976293.785291	/cfs/klemming/home/t/tabeadi/tabea_work/08_population_analysis_final/skane_only/combined/results/structure/admixture/rep022/K6/run17/data.6.Q	/cfs/klemming/home/t/tabeadi/tabea_work/08_population_analysis_final/skane_only/combined/results/structure/admixture/rep022/K6/run17
rep022	6	run18	0.35458	-7976293.932414	/cfs/klemming/home/t/tabeadi/tabea_work/08_population_analysis_final/skane_only/combined/results/structure/admixture/rep022/K6/run18/data.6.Q	/cfs/klemming/home/t/tabeadi/tabea_work/08_population_analysis_final/skane_only/combined/results/structure/admixture/rep022/K6/run18
rep022	6	run19	0.35458	-7976293.77855	/cfs/klemming/home/t/tabeadi/tabea_work/08_population_analysis_final/skane_only/combined/results/structure/admixture/rep022/K6/run19/data.6.Q	/cfs/klemming/home/t/tabeadi/tabea_work/08_population_analysis_final/skane_only/combined/results/structure/admixture/rep022/K6/run19
rep022	6	run20	0.35457	-7976293.823412	/cfs/klemming/home/t/tabeadi/tabea_work/08_population_analysis_final/skane_only/combined/results/structure/admixture/rep022/K6/run20/data.6.Q	/cfs/klemming/home/t/tabeadi/tabea_work/08_population_analysis_final/skane_only/combined/results/structure/admixture/rep022/K6/run20
rep022	7	run01	0.35423	-7961083.83369	/cfs/klemming/home/t/tabeadi/tabea_work/08_population_analysis_final/skane_only/combined/results/structure/admixture/rep022/K7/run01/data.7.Q	/cfs/klemming/home/t/tabeadi/tabea_work/08_population_analysis_final/skane_only/combined/results/structure/admixture/rep022/K7/run01
rep022	7	run02	0.35425	-7960933.442515	/cfs/klemming/home/t/tabeadi/tabea_work/08_population_analysis_final/skane_only/combined/results/structure/admixture/rep022/K7/run02/data.7.Q	/cfs/klemming/home/t/tabeadi/tabea_work/08_population_analysis_final/skane_only/combined/results/structure/admixture/rep022/K7/run02
rep022	7	run03	0.35439	-7960935.584239	/cfs/klemming/home/t/tabeadi/tabea_work/08_population_analysis_final/skane_only/combined/results/structure/admixture/rep022/K7/run03/data.7.Q	/cfs/klemming/home/t/tabeadi/tabea_work/08_population_analysis_final/skane_only/combined/results/structure/admixture/rep022/K7/run03
rep022	7	run04	0.35438	-7960933.461204	/cfs/klemming/home/t/tabeadi/tabea_work/08_population_analysis_final/skane_only/combined/results/structure/admixture/rep022/K7/run04/data.7.Q	/cfs/klemming/home/t/tabeadi/tabea_work/08_population_analysis_final/skane_only/combined/results/structure/admixture/rep022/K7/run04
rep022	7	run05	0.35417	-7961165.902407	/cfs/klemming/home/t/tabeadi/tabea_work/08_population_analysis_final/skane_only/combined/results/structure/admixture/rep022/K7/run05/data.7.Q	/cfs/klemming/home/t/tabeadi/tabea_work/08_population_analysis_final/skane_only/combined/results/structure/admixture/rep022/K7/run05
rep022	7	run06	0.35422	-7960933.433547	/cfs/klemming/home/t/tabeadi/tabea_work/08_population_analysis_final/skane_only/combined/results/structure/admixture/rep022/K7/run06/data.7.Q	/cfs/klemming/home/t/tabeadi/tabea_work/08_population_analysis_final/skane_only/combined/results/structure/admixture/rep022/K7/run06
rep022	7	run07	0.35432	-7960933.458229	/cfs/klemming/home/t/tabeadi/tabea_work/08_population_analysis_final/skane_only/combined/results/structure/admixture/rep022/K7/run07/data.7.Q	/cfs/klemming/home/t/tabeadi/tabea_work/08_population_analysis_final/skane_only/combined/results/structure/admixture/rep022/K7/run07
rep022	7	run08	0.35429	-7961205.532339	/cfs/klemming/home/t/tabeadi/tabea_work/08_population_analysis_final/skane_only/combined/results/structure/admixture/rep022/K7/run08/data.7.Q	/cfs/klemming/home/t/tabeadi/tabea_work/08_population_analysis_final/skane_only/combined/results/structure/admixture/rep022/K7/run08
rep022	7	run09	0.35428	-7961083.688209	/cfs/klemming/home/t/tabeadi/tabea_work/08_population_analysis_final/skane_only/combined/results/structure/admixture/rep022/K7/run09/data.7.Q	/cfs/klemming/home/t/tabeadi/tabea_work/08_population_analysis_final/skane_only/combined/results/structure/admixture/rep022/K7/run09
rep022	7	run10	0.35423	-7961083.638867	/cfs/klemming/home/t/tabeadi/tabea_work/08_population_analysis_final/skane_only/combined/results/structure/admixture/rep022/K7/run10/data.7.Q	/cfs/klemming/home/t/tabeadi/tabea_work/08_population_analysis_final/skane_only/combined/results/structure/admixture/rep022/K7/run10
rep022	7	run11	0.3543	-7961083.663528	/cfs/klemming/home/t/tabeadi/tabea_work/08_population_analysis_final/skane_only/combined/results/structure/admixture/rep022/K7/run11/data.7.Q	/cfs/klemming/home/t/tabeadi/tabea_work/08_population_analysis_final/skane_only/combined/results/structure/admixture/rep022/K7/run11
rep022	7	run12	0.35438	-7960933.348136	/cfs/klemming/home/t/tabeadi/tabea_work/08_population_analysis_final/skane_only/combined/results/structure/admixture/rep022/K7/run12/data.7.Q	/cfs/klemming/home/t/tabeadi/tabea_work/08_population_analysis_final/skane_only/combined/results/structure/admixture/rep022/K7/run12
rep022	7	run13	0.3543	-7960933.326534	/cfs/klemming/home/t/tabeadi/tabea_work/08_population_analysis_final/skane_only/combined/results/structure/admixture/rep022/K7/run13/data.7.Q	/cfs/klemming/home/t/tabeadi/tabea_work/08_population_analysis_final/skane_only/combined/results/structure/admixture/rep022/K7/run13
rep022	7	run14	0.35419	-7960933.302799	/cfs/klemming/home/t/tabeadi/tabea_work/08_population_analysis_final/skane_only/combined/results/structure/admixture/rep022/K7/run14/data.7.Q	/cfs/klemming/home/t/tabeadi/tabea_work/08_population_analysis_final/skane_only/combined/results/structure/admixture/rep022/K7/run14
rep022	7	run15	0.35429	-7960933.548667	/cfs/klemming/home/t/tabeadi/tabea_work/08_population_analysis_final/skane_only/combined/results/structure/admixture/rep022/K7/run15/data.7.Q	/cfs/klemming/home/t/tabeadi/tabea_work/08_population_analysis_final/skane_only/combined/results/structure/admixture/rep022/K7/run15
rep022	7	run16	0.35426	-7961083.654437	/cfs/klemming/home/t/tabeadi/tabea_work/08_population_analysis_final/skane_only/combined/results/structure/admixture/rep022/K7/run16/data.7.Q	/cfs/klemming/home/t/tabeadi/tabea_work/08_population_analysis_final/skane_only/combined/results/structure/admixture/rep022/K7/run16
rep022	7	run17	0.35444	-7960933.31041	/cfs/klemming/home/t/tabeadi/tabea_work/08_population_analysis_final/skane_only/combined/results/structure/admixture/rep022/K7/run17/data.7.Q	/cfs/klemming/home/t/tabeadi/tabea_work/08_population_analysis_final/skane_only/combined/results/structure/admixture/rep022/K7/run17
rep022	7	run18	0.3543	-7960933.294417	/cfs/klemming/home/t/tabeadi/tabea_work/08_population_analysis_final/skane_only/combined/results/structure/admixture/rep022/K7/run18/data.7.Q	/cfs/klemming/home/t/tabeadi/tabea_work/08_population_analysis_final/skane_only/combined/results/structure/admixture/rep022/K7/run18
rep022	7	run19	0.35423	-7961209.2694	/cfs/klemming/home/t/tabeadi/tabea_work/08_population_analysis_final/skane_only/combined/results/structure/admixture/rep022/K7/run19/data.7.Q	/cfs/klemming/home/t/tabeadi/tabea_work/08_population_analysis_final/skane_only/combined/results/structure/admixture/rep022/K7/run19
rep022	7	run20	0.35439	-7961083.791627	/cfs/klemming/home/t/tabeadi/tabea_work/08_population_analysis_final/skane_only/combined/results/structure/admixture/rep022/K7/run20/data.7.Q	/cfs/klemming/home/t/tabeadi/tabea_work/08_population_analysis_final/skane_only/combined/results/structure/admixture/rep022/K7/run20
rep022	8	run01	0.35408	-7946102.39406	/cfs/klemming/home/t/tabeadi/tabea_work/08_population_analysis_final/skane_only/combined/results/structure/admixture/rep022/K8/run01/data.8.Q	/cfs/klemming/home/t/tabeadi/tabea_work/08_population_analysis_final/skane_only/combined/results/structure/admixture/rep022/K8/run01
rep022	8	run02	0.35404	-7946102.334398	/cfs/klemming/home/t/tabeadi/tabea_work/08_population_analysis_final/skane_only/combined/results/structure/admixture/rep022/K8/run02/data.8.Q	/cfs/klemming/home/t/tabeadi/tabea_work/08_population_analysis_final/skane_only/combined/results/structure/admixture/rep022/K8/run02
rep022	8	run03	0.35401	-7946102.432168	/cfs/klemming/home/t/tabeadi/tabea_work/08_population_analysis_final/skane_only/combined/results/structure/admixture/rep022/K8/run03/data.8.Q	/cfs/klemming/home/t/tabeadi/tabea_work/08_population_analysis_final/skane_only/combined/results/structure/admixture/rep022/K8/run03
rep022	8	run04	0.35392	-7946102.367092	/cfs/klemming/home/t/tabeadi/tabea_work/08_population_analysis_final/skane_only/combined/results/structure/admixture/rep022/K8/run04/data.8.Q	/cfs/klemming/home/t/tabeadi/tabea_work/08_population_analysis_final/skane_only/combined/results/structure/admixture/rep022/K8/run04
rep022	8	run05	0.35389	-7946102.313073	/cfs/klemming/home/t/tabeadi/tabea_work/08_population_analysis_final/skane_only/combined/results/structure/admixture/rep022/K8/run05/data.8.Q	/cfs/klemming/home/t/tabeadi/tabea_work/08_population_analysis_final/skane_only/combined/results/structure/admixture/rep022/K8/run05
rep022	8	run06	0.35404	-7946283.423897	/cfs/klemming/home/t/tabeadi/tabea_work/08_population_analysis_final/skane_only/combined/results/structure/admixture/rep022/K8/run06/data.8.Q	/cfs/klemming/home/t/tabeadi/tabea_work/08_population_analysis_final/skane_only/combined/results/structure/admixture/rep022/K8/run06
rep022	8	run07	0.354	-7946102.269755	/cfs/klemming/home/t/tabeadi/tabea_work/08_population_analysis_final/skane_only/combined/results/structure/admixture/rep022/K8/run07/data.8.Q	/cfs/klemming/home/t/tabeadi/tabea_work/08_population_analysis_final/skane_only/combined/results/structure/admixture/rep022/K8/run07
rep022	8	run08	0.354	-7947014.089362	/cfs/klemming/home/t/tabeadi/tabea_work/08_population_analysis_final/skane_only/combined/results/structure/admixture/rep022/K8/run08/data.8.Q	/cfs/klemming/home/t/tabeadi/tabea_work/08_population_analysis_final/skane_only/combined/results/structure/admixture/rep022/K8/run08
rep022	8	run09	0.35397	-7946341.204032	/cfs/klemming/home/t/tabeadi/tabea_work/08_population_analysis_final/skane_only/combined/results/structure/admixture/rep022/K8/run09/data.8.Q	/cfs/klemming/home/t/tabeadi/tabea_work/08_population_analysis_final/skane_only/combined/results/structure/admixture/rep022/K8/run09
rep022	8	run10	0.35402	-7946341.468987	/cfs/klemming/home/t/tabeadi/tabea_work/08_population_analysis_final/skane_only/combined/results/structure/admixture/rep022/K8/run10/data.8.Q	/cfs/klemming/home/t/tabeadi/tabea_work/08_population_analysis_final/skane_only/combined/results/structure/admixture/rep022/K8/run10
rep022	8	run11	0.35402	-7946231.217778	/cfs/klemming/home/t/tabeadi/tabea_work/08_population_analysis_final/skane_only/combined/results/structure/admixture/rep022/K8/run11/data.8.Q	/cfs/klemming/home/t/tabeadi/tabea_work/08_population_analysis_final/skane_only/combined/results/structure/admixture/rep022/K8/run11
rep022	8	run12	0.35406	-7946269.042417	/cfs/klemming/home/t/tabeadi/tabea_work/08_population_analysis_final/skane_only/combined/results/structure/admixture/rep022/K8/run12/data.8.Q	/cfs/klemming/home/t/tabeadi/tabea_work/08_population_analysis_final/skane_only/combined/results/structure/admixture/rep022/K8/run12
rep022	8	run13	0.35389	-7946271.73142	/cfs/klemming/home/t/tabeadi/tabea_work/08_population_analysis_final/skane_only/combined/results/structure/admixture/rep022/K8/run13/data.8.Q	/cfs/klemming/home/t/tabeadi/tabea_work/08_population_analysis_final/skane_only/combined/results/structure/admixture/rep022/K8/run13
rep022	8	run14	0.35385	-7946341.1495	/cfs/klemming/home/t/tabeadi/tabea_work/08_population_analysis_final/skane_only/combined/results/structure/admixture/rep022/K8/run14/data.8.Q	/cfs/klemming/home/t/tabeadi/tabea_work/08_population_analysis_final/skane_only/combined/results/structure/admixture/rep022/K8/run14
rep022	8	run15	0.35395	-7946102.374709	/cfs/klemming/home/t/tabeadi/tabea_work/08_population_analysis_final/skane_only/combined/results/structure/admixture/rep022/K8/run15/data.8.Q	/cfs/klemming/home/t/tabeadi/tabea_work/08_population_analysis_final/skane_only/combined/results/structure/admixture/rep022/K8/run15
rep022	8	run16	0.35411	-7947517.515084	/cfs/klemming/home/t/tabeadi/tabea_work/08_population_analysis_final/skane_only/combined/results/structure/admixture/rep022/K8/run16/data.8.Q	/cfs/klemming/home/t/tabeadi/tabea_work/08_population_analysis_final/skane_only/combined/results/structure/admixture/rep022/K8/run16
rep022	8	run17	0.35409	-7946483.0821	/cfs/klemming/home/t/tabeadi/tabea_work/08_population_analysis_final/skane_only/combined/results/structure/admixture/rep022/K8/run17/data.8.Q	/cfs/klemming/home/t/tabeadi/tabea_work/08_population_analysis_final/skane_only/combined/results/structure/admixture/rep022/K8/run17
rep022	8	run18	0.35399	-7947014.241131	/cfs/klemming/home/t/tabeadi/tabea_work/08_population_analysis_final/skane_only/combined/results/structure/admixture/rep022/K8/run18/data.8.Q	/cfs/klemming/home/t/tabeadi/tabea_work/08_population_analysis_final/skane_only/combined/results/structure/admixture/rep022/K8/run18
rep022	8	run19	0.35398	-7946102.374912	/cfs/klemming/home/t/tabeadi/tabea_work/08_population_analysis_final/skane_only/combined/results/structure/admixture/rep022/K8/run19/data.8.Q	/cfs/klemming/home/t/tabeadi/tabea_work/08_population_analysis_final/skane_only/combined/results/structure/admixture/rep022/K8/run19
rep022	8	run20	0.35399	-7946102.370656	/cfs/klemming/home/t/tabeadi/tabea_work/08_population_analysis_final/skane_only/combined/results/structure/admixture/rep022/K8/run20/data.8.Q	/cfs/klemming/home/t/tabeadi/tabea_work/08_population_analysis_final/skane_only/combined/results/structure/admixture/rep022/K8/run20
rep023	1	run01	0.359	-8135913.792884	/cfs/klemming/home/t/tabeadi/tabea_work/08_population_analysis_final/skane_only/combined/results/structure/admixture/rep023/K1/run01/data.1.Q	/cfs/klemming/home/t/tabeadi/tabea_work/08_population_analysis_final/skane_only/combined/results/structure/admixture/rep023/K1/run01
rep023	1	run02	0.35899	-8135913.792884	/cfs/klemming/home/t/tabeadi/tabea_work/08_population_analysis_final/skane_only/combined/results/structure/admixture/rep023/K1/run02/data.1.Q	/cfs/klemming/home/t/tabeadi/tabea_work/08_population_analysis_final/skane_only/combined/results/structure/admixture/rep023/K1/run02
rep023	1	run03	0.359	-8135913.792884	/cfs/klemming/home/t/tabeadi/tabea_work/08_population_analysis_final/skane_only/combined/results/structure/admixture/rep023/K1/run03/data.1.Q	/cfs/klemming/home/t/tabeadi/tabea_work/08_population_analysis_final/skane_only/combined/results/structure/admixture/rep023/K1/run03
rep023	1	run04	0.359	-8135913.792884	/cfs/klemming/home/t/tabeadi/tabea_work/08_population_analysis_final/skane_only/combined/results/structure/admixture/rep023/K1/run04/data.1.Q	/cfs/klemming/home/t/tabeadi/tabea_work/08_population_analysis_final/skane_only/combined/results/structure/admixture/rep023/K1/run04
rep023	1	run05	0.35899	-8135913.792884	/cfs/klemming/home/t/tabeadi/tabea_work/08_population_analysis_final/skane_only/combined/results/structure/admixture/rep023/K1/run05/data.1.Q	/cfs/klemming/home/t/tabeadi/tabea_work/08_population_analysis_final/skane_only/combined/results/structure/admixture/rep023/K1/run05
rep023	1	run06	0.35898	-8135913.792884	/cfs/klemming/home/t/tabeadi/tabea_work/08_population_analysis_final/skane_only/combined/results/structure/admixture/rep023/K1/run06/data.1.Q	/cfs/klemming/home/t/tabeadi/tabea_work/08_population_analysis_final/skane_only/combined/results/structure/admixture/rep023/K1/run06
rep023	1	run07	0.35899	-8135913.792884	/cfs/klemming/home/t/tabeadi/tabea_work/08_population_analysis_final/skane_only/combined/results/structure/admixture/rep023/K1/run07/data.1.Q	/cfs/klemming/home/t/tabeadi/tabea_work/08_population_analysis_final/skane_only/combined/results/structure/admixture/rep023/K1/run07
rep023	1	run08	0.359	-8135913.792884	/cfs/klemming/home/t/tabeadi/tabea_work/08_population_analysis_final/skane_only/combined/results/structure/admixture/rep023/K1/run08/data.1.Q	/cfs/klemming/home/t/tabeadi/tabea_work/08_population_analysis_final/skane_only/combined/results/structure/admixture/rep023/K1/run08
rep023	1	run09	0.35898	-8135913.792884	/cfs/klemming/home/t/tabeadi/tabea_work/08_population_analysis_final/skane_only/combined/results/structure/admixture/rep023/K1/run09/data.1.Q	/cfs/klemming/home/t/tabeadi/tabea_work/08_population_analysis_final/skane_only/combined/results/structure/admixture/rep023/K1/run09
rep023	1	run10	0.35899	-8135913.792884	/cfs/klemming/home/t/tabeadi/tabea_work/08_population_analysis_final/skane_only/combined/results/structure/admixture/rep023/K1/run10/data.1.Q	/cfs/klemming/home/t/tabeadi/tabea_work/08_population_analysis_final/skane_only/combined/results/structure/admixture/rep023/K1/run10
rep023	1	run11	0.359	-8135913.792884	/cfs/klemming/home/t/tabeadi/tabea_work/08_population_analysis_final/skane_only/combined/results/structure/admixture/rep023/K1/run11/data.1.Q	/cfs/klemming/home/t/tabeadi/tabea_work/08_population_analysis_final/skane_only/combined/results/structure/admixture/rep023/K1/run11
rep023	1	run12	0.35899	-8135913.792884	/cfs/klemming/home/t/tabeadi/tabea_work/08_population_analysis_final/skane_only/combined/results/structure/admixture/rep023/K1/run12/data.1.Q	/cfs/klemming/home/t/tabeadi/tabea_work/08_population_analysis_final/skane_only/combined/results/structure/admixture/rep023/K1/run12
rep023	1	run13	0.35899	-8135913.792884	/cfs/klemming/home/t/tabeadi/tabea_work/08_population_analysis_final/skane_only/combined/results/structure/admixture/rep023/K1/run13/data.1.Q	/cfs/klemming/home/t/tabeadi/tabea_work/08_population_analysis_final/skane_only/combined/results/structure/admixture/rep023/K1/run13
rep023	1	run14	0.359	-8135913.792884	/cfs/klemming/home/t/tabeadi/tabea_work/08_population_analysis_final/skane_only/combined/results/structure/admixture/rep023/K1/run14/data.1.Q	/cfs/klemming/home/t/tabeadi/tabea_work/08_population_analysis_final/skane_only/combined/results/structure/admixture/rep023/K1/run14
rep023	1	run15	0.35899	-8135913.792884	/cfs/klemming/home/t/tabeadi/tabea_work/08_population_analysis_final/skane_only/combined/results/structure/admixture/rep023/K1/run15/data.1.Q	/cfs/klemming/home/t/tabeadi/tabea_work/08_population_analysis_final/skane_only/combined/results/structure/admixture/rep023/K1/run15
rep023	1	run16	0.35899	-8135913.792884	/cfs/klemming/home/t/tabeadi/tabea_work/08_population_analysis_final/skane_only/combined/results/structure/admixture/rep023/K1/run16/data.1.Q	/cfs/klemming/home/t/tabeadi/tabea_work/08_population_analysis_final/skane_only/combined/results/structure/admixture/rep023/K1/run16
rep023	1	run17	0.35899	-8135913.792884	/cfs/klemming/home/t/tabeadi/tabea_work/08_population_analysis_final/skane_only/combined/results/structure/admixture/rep023/K1/run17/data.1.Q	/cfs/klemming/home/t/tabeadi/tabea_work/08_population_analysis_final/skane_only/combined/results/structure/admixture/rep023/K1/run17
rep023	1	run18	0.359	-8135913.792884	/cfs/klemming/home/t/tabeadi/tabea_work/08_population_analysis_final/skane_only/combined/results/structure/admixture/rep023/K1/run18/data.1.Q	/cfs/klemming/home/t/tabeadi/tabea_work/08_population_analysis_final/skane_only/combined/results/structure/admixture/rep023/K1/run18
rep023	1	run19	0.35899	-8135913.792884	/cfs/klemming/home/t/tabeadi/tabea_work/08_population_analysis_final/skane_only/combined/results/structure/admixture/rep023/K1/run19/data.1.Q	/cfs/klemming/home/t/tabeadi/tabea_work/08_population_analysis_final/skane_only/combined/results/structure/admixture/rep023/K1/run19
rep023	1	run20	0.359	-8135913.792884	/cfs/klemming/home/t/tabeadi/tabea_work/08_population_analysis_final/skane_only/combined/results/structure/admixture/rep023/K1/run20/data.1.Q	/cfs/klemming/home/t/tabeadi/tabea_work/08_population_analysis_final/skane_only/combined/results/structure/admixture/rep023/K1/run20
rep023	2	run01	0.35788	-8108282.66217	/cfs/klemming/home/t/tabeadi/tabea_work/08_population_analysis_final/skane_only/combined/results/structure/admixture/rep023/K2/run01/data.2.Q	/cfs/klemming/home/t/tabeadi/tabea_work/08_population_analysis_final/skane_only/combined/results/structure/admixture/rep023/K2/run01
rep023	2	run02	0.35791	-8108282.662202	/cfs/klemming/home/t/tabeadi/tabea_work/08_population_analysis_final/skane_only/combined/results/structure/admixture/rep023/K2/run02/data.2.Q	/cfs/klemming/home/t/tabeadi/tabea_work/08_population_analysis_final/skane_only/combined/results/structure/admixture/rep023/K2/run02
rep023	2	run03	0.35788	-8108282.662193	/cfs/klemming/home/t/tabeadi/tabea_work/08_population_analysis_final/skane_only/combined/results/structure/admixture/rep023/K2/run03/data.2.Q	/cfs/klemming/home/t/tabeadi/tabea_work/08_population_analysis_final/skane_only/combined/results/structure/admixture/rep023/K2/run03
rep023	2	run04	0.35791	-8108282.662175	/cfs/klemming/home/t/tabeadi/tabea_work/08_population_analysis_final/skane_only/combined/results/structure/admixture/rep023/K2/run04/data.2.Q	/cfs/klemming/home/t/tabeadi/tabea_work/08_population_analysis_final/skane_only/combined/results/structure/admixture/rep023/K2/run04
rep023	2	run05	0.35793	-8108282.66217	/cfs/klemming/home/t/tabeadi/tabea_work/08_population_analysis_final/skane_only/combined/results/structure/admixture/rep023/K2/run05/data.2.Q	/cfs/klemming/home/t/tabeadi/tabea_work/08_population_analysis_final/skane_only/combined/results/structure/admixture/rep023/K2/run05
rep023	2	run06	0.3579	-8108282.662177	/cfs/klemming/home/t/tabeadi/tabea_work/08_population_analysis_final/skane_only/combined/results/structure/admixture/rep023/K2/run06/data.2.Q	/cfs/klemming/home/t/tabeadi/tabea_work/08_population_analysis_final/skane_only/combined/results/structure/admixture/rep023/K2/run06
rep023	2	run07	0.35793	-8108282.66218	/cfs/klemming/home/t/tabeadi/tabea_work/08_population_analysis_final/skane_only/combined/results/structure/admixture/rep023/K2/run07/data.2.Q	/cfs/klemming/home/t/tabeadi/tabea_work/08_population_analysis_final/skane_only/combined/results/structure/admixture/rep023/K2/run07
rep023	2	run08	0.3579	-8108282.662175	/cfs/klemming/home/t/tabeadi/tabea_work/08_population_analysis_final/skane_only/combined/results/structure/admixture/rep023/K2/run08/data.2.Q	/cfs/klemming/home/t/tabeadi/tabea_work/08_population_analysis_final/skane_only/combined/results/structure/admixture/rep023/K2/run08
rep023	2	run09	0.35792	-8108282.662172	/cfs/klemming/home/t/tabeadi/tabea_work/08_population_analysis_final/skane_only/combined/results/structure/admixture/rep023/K2/run09/data.2.Q	/cfs/klemming/home/t/tabeadi/tabea_work/08_population_analysis_final/skane_only/combined/results/structure/admixture/rep023/K2/run09
rep023	2	run10	0.35788	-8108282.6622	/cfs/klemming/home/t/tabeadi/tabea_work/08_population_analysis_final/skane_only/combined/results/structure/admixture/rep023/K2/run10/data.2.Q	/cfs/klemming/home/t/tabeadi/tabea_work/08_population_analysis_final/skane_only/combined/results/structure/admixture/rep023/K2/run10
rep023	2	run11	0.35791	-8108282.662169	/cfs/klemming/home/t/tabeadi/tabea_work/08_population_analysis_final/skane_only/combined/results/structure/admixture/rep023/K2/run11/data.2.Q	/cfs/klemming/home/t/tabeadi/tabea_work/08_population_analysis_final/skane_only/combined/results/structure/admixture/rep023/K2/run11
rep023	2	run12	0.35791	-8108282.66217	/cfs/klemming/home/t/tabeadi/tabea_work/08_population_analysis_final/skane_only/combined/results/structure/admixture/rep023/K2/run12/data.2.Q	/cfs/klemming/home/t/tabeadi/tabea_work/08_population_analysis_final/skane_only/combined/results/structure/admixture/rep023/K2/run12
rep023	2	run13	0.35792	-8108282.662169	/cfs/klemming/home/t/tabeadi/tabea_work/08_population_analysis_final/skane_only/combined/results/structure/admixture/rep023/K2/run13/data.2.Q	/cfs/klemming/home/t/tabeadi/tabea_work/08_population_analysis_final/skane_only/combined/results/structure/admixture/rep023/K2/run13
rep023	2	run14	0.35791	-8108282.662191	/cfs/klemming/home/t/tabeadi/tabea_work/08_population_analysis_final/skane_only/combined/results/structure/admixture/rep023/K2/run14/data.2.Q	/cfs/klemming/home/t/tabeadi/tabea_work/08_population_analysis_final/skane_only/combined/results/structure/admixture/rep023/K2/run14
rep023	2	run15	0.3579	-8108282.662169	/cfs/klemming/home/t/tabeadi/tabea_work/08_population_analysis_final/skane_only/combined/results/structure/admixture/rep023/K2/run15/data.2.Q	/cfs/klemming/home/t/tabeadi/tabea_work/08_population_analysis_final/skane_only/combined/results/structure/admixture/rep023/K2/run15
rep023	2	run16	0.3579	-8108282.662175	/cfs/klemming/home/t/tabeadi/tabea_work/08_population_analysis_final/skane_only/combined/results/structure/admixture/rep023/K2/run16/data.2.Q	/cfs/klemming/home/t/tabeadi/tabea_work/08_population_analysis_final/skane_only/combined/results/structure/admixture/rep023/K2/run16
rep023	2	run17	0.3579	-8108282.662184	/cfs/klemming/home/t/tabeadi/tabea_work/08_population_analysis_final/skane_only/combined/results/structure/admixture/rep023/K2/run17/data.2.Q	/cfs/klemming/home/t/tabeadi/tabea_work/08_population_analysis_final/skane_only/combined/results/structure/admixture/rep023/K2/run17
rep023	2	run18	0.35794	-8108282.66217	/cfs/klemming/home/t/tabeadi/tabea_work/08_population_analysis_final/skane_only/combined/results/structure/admixture/rep023/K2/run18/data.2.Q	/cfs/klemming/home/t/tabeadi/tabea_work/08_population_analysis_final/skane_only/combined/results/structure/admixture/rep023/K2/run18
rep023	2	run19	0.35793	-8108282.662172	/cfs/klemming/home/t/tabeadi/tabea_work/08_population_analysis_final/skane_only/combined/results/structure/admixture/rep023/K2/run19/data.2.Q	/cfs/klemming/home/t/tabeadi/tabea_work/08_population_analysis_final/skane_only/combined/results/structure/admixture/rep023/K2/run19
rep023	2	run20	0.35789	-8108282.662174	/cfs/klemming/home/t/tabeadi/tabea_work/08_population_analysis_final/skane_only/combined/results/structure/admixture/rep023/K2/run20/data.2.Q	/cfs/klemming/home/t/tabeadi/tabea_work/08_population_analysis_final/skane_only/combined/results/structure/admixture/rep023/K2/run20
rep023	3	run01	0.35714	-8085869.181338	/cfs/klemming/home/t/tabeadi/tabea_work/08_population_analysis_final/skane_only/combined/results/structure/admixture/rep023/K3/run01/data.3.Q	/cfs/klemming/home/t/tabeadi/tabea_work/08_population_analysis_final/skane_only/combined/results/structure/admixture/rep023/K3/run01
rep023	3	run02	0.35716	-8085869.18107	/cfs/klemming/home/t/tabeadi/tabea_work/08_population_analysis_final/skane_only/combined/results/structure/admixture/rep023/K3/run02/data.3.Q	/cfs/klemming/home/t/tabeadi/tabea_work/08_population_analysis_final/skane_only/combined/results/structure/admixture/rep023/K3/run02
rep023	3	run03	0.35714	-8085869.181721	/cfs/klemming/home/t/tabeadi/tabea_work/08_population_analysis_final/skane_only/combined/results/structure/admixture/rep023/K3/run03/data.3.Q	/cfs/klemming/home/t/tabeadi/tabea_work/08_population_analysis_final/skane_only/combined/results/structure/admixture/rep023/K3/run03
rep023	3	run04	0.35715	-8085869.187364	/cfs/klemming/home/t/tabeadi/tabea_work/08_population_analysis_final/skane_only/combined/results/structure/admixture/rep023/K3/run04/data.3.Q	/cfs/klemming/home/t/tabeadi/tabea_work/08_population_analysis_final/skane_only/combined/results/structure/admixture/rep023/K3/run04
rep023	3	run05	0.35714	-8085869.180629	/cfs/klemming/home/t/tabeadi/tabea_work/08_population_analysis_final/skane_only/combined/results/structure/admixture/rep023/K3/run05/data.3.Q	/cfs/klemming/home/t/tabeadi/tabea_work/08_population_analysis_final/skane_only/combined/results/structure/admixture/rep023/K3/run05
rep023	3	run06	0.35714	-8085869.181218	/cfs/klemming/home/t/tabeadi/tabea_work/08_population_analysis_final/skane_only/combined/results/structure/admixture/rep023/K3/run06/data.3.Q	/cfs/klemming/home/t/tabeadi/tabea_work/08_population_analysis_final/skane_only/combined/results/structure/admixture/rep023/K3/run06
rep023	3	run07	0.35716	-8085869.180581	/cfs/klemming/home/t/tabeadi/tabea_work/08_population_analysis_final/skane_only/combined/results/structure/admixture/rep023/K3/run07/data.3.Q	/cfs/klemming/home/t/tabeadi/tabea_work/08_population_analysis_final/skane_only/combined/results/structure/admixture/rep023/K3/run07
rep023	3	run08	0.35714	-8085869.183009	/cfs/klemming/home/t/tabeadi/tabea_work/08_population_analysis_final/skane_only/combined/results/structure/admixture/rep023/K3/run08/data.3.Q	/cfs/klemming/home/t/tabeadi/tabea_work/08_population_analysis_final/skane_only/combined/results/structure/admixture/rep023/K3/run08
rep023	3	run09	0.35717	-8085869.179943	/cfs/klemming/home/t/tabeadi/tabea_work/08_population_analysis_final/skane_only/combined/results/structure/admixture/rep023/K3/run09/data.3.Q	/cfs/klemming/home/t/tabeadi/tabea_work/08_population_analysis_final/skane_only/combined/results/structure/admixture/rep023/K3/run09
rep023	3	run10	0.35712	-8085869.180316	/cfs/klemming/home/t/tabeadi/tabea_work/08_population_analysis_final/skane_only/combined/results/structure/admixture/rep023/K3/run10/data.3.Q	/cfs/klemming/home/t/tabeadi/tabea_work/08_population_analysis_final/skane_only/combined/results/structure/admixture/rep023/K3/run10
rep023	3	run11	0.3572	-8085869.184872	/cfs/klemming/home/t/tabeadi/tabea_work/08_population_analysis_final/skane_only/combined/results/structure/admixture/rep023/K3/run11/data.3.Q	/cfs/klemming/home/t/tabeadi/tabea_work/08_population_analysis_final/skane_only/combined/results/structure/admixture/rep023/K3/run11
rep023	3	run12	0.35711	-8085869.180155	/cfs/klemming/home/t/tabeadi/tabea_work/08_population_analysis_final/skane_only/combined/results/structure/admixture/rep023/K3/run12/data.3.Q	/cfs/klemming/home/t/tabeadi/tabea_work/08_population_analysis_final/skane_only/combined/results/structure/admixture/rep023/K3/run12
rep023	3	run13	0.35709	-8085869.188587	/cfs/klemming/home/t/tabeadi/tabea_work/08_population_analysis_final/skane_only/combined/results/structure/admixture/rep023/K3/run13/data.3.Q	/cfs/klemming/home/t/tabeadi/tabea_work/08_population_analysis_final/skane_only/combined/results/structure/admixture/rep023/K3/run13
rep023	3	run14	0.35716	-8085869.18037	/cfs/klemming/home/t/tabeadi/tabea_work/08_population_analysis_final/skane_only/combined/results/structure/admixture/rep023/K3/run14/data.3.Q	/cfs/klemming/home/t/tabeadi/tabea_work/08_population_analysis_final/skane_only/combined/results/structure/admixture/rep023/K3/run14
rep023	3	run15	0.35715	-8085869.185653	/cfs/klemming/home/t/tabeadi/tabea_work/08_population_analysis_final/skane_only/combined/results/structure/admixture/rep023/K3/run15/data.3.Q	/cfs/klemming/home/t/tabeadi/tabea_work/08_population_analysis_final/skane_only/combined/results/structure/admixture/rep023/K3/run15
rep023	3	run16	0.35712	-8085869.179994	/cfs/klemming/home/t/tabeadi/tabea_work/08_population_analysis_final/skane_only/combined/results/structure/admixture/rep023/K3/run16/data.3.Q	/cfs/klemming/home/t/tabeadi/tabea_work/08_population_analysis_final/skane_only/combined/results/structure/admixture/rep023/K3/run16
rep023	3	run17	0.3571	-8085869.181971	/cfs/klemming/home/t/tabeadi/tabea_work/08_population_analysis_final/skane_only/combined/results/structure/admixture/rep023/K3/run17/data.3.Q	/cfs/klemming/home/t/tabeadi/tabea_work/08_population_analysis_final/skane_only/combined/results/structure/admixture/rep023/K3/run17
rep023	3	run18	0.35715	-8085869.181486	/cfs/klemming/home/t/tabeadi/tabea_work/08_population_analysis_final/skane_only/combined/results/structure/admixture/rep023/K3/run18/data.3.Q	/cfs/klemming/home/t/tabeadi/tabea_work/08_population_analysis_final/skane_only/combined/results/structure/admixture/rep023/K3/run18
rep023	3	run19	0.35709	-8085869.181027	/cfs/klemming/home/t/tabeadi/tabea_work/08_population_analysis_final/skane_only/combined/results/structure/admixture/rep023/K3/run19/data.3.Q	/cfs/klemming/home/t/tabeadi/tabea_work/08_population_analysis_final/skane_only/combined/results/structure/admixture/rep023/K3/run19
rep023	3	run20	0.35718	-8085869.186467	/cfs/klemming/home/t/tabeadi/tabea_work/08_population_analysis_final/skane_only/combined/results/structure/admixture/rep023/K3/run20/data.3.Q	/cfs/klemming/home/t/tabeadi/tabea_work/08_population_analysis_final/skane_only/combined/results/structure/admixture/rep023/K3/run20
rep023	4	run01	0.35651	-8065835.153108	/cfs/klemming/home/t/tabeadi/tabea_work/08_population_analysis_final/skane_only/combined/results/structure/admixture/rep023/K4/run01/data.4.Q	/cfs/klemming/home/t/tabeadi/tabea_work/08_population_analysis_final/skane_only/combined/results/structure/admixture/rep023/K4/run01
rep023	4	run02	0.35655	-8065835.157099	/cfs/klemming/home/t/tabeadi/tabea_work/08_population_analysis_final/skane_only/combined/results/structure/admixture/rep023/K4/run02/data.4.Q	/cfs/klemming/home/t/tabeadi/tabea_work/08_population_analysis_final/skane_only/combined/results/structure/admixture/rep023/K4/run02
rep023	4	run03	0.35655	-8065835.15581	/cfs/klemming/home/t/tabeadi/tabea_work/08_population_analysis_final/skane_only/combined/results/structure/admixture/rep023/K4/run03/data.4.Q	/cfs/klemming/home/t/tabeadi/tabea_work/08_population_analysis_final/skane_only/combined/results/structure/admixture/rep023/K4/run03
rep023	4	run04	0.35655	-8065835.155065	/cfs/klemming/home/t/tabeadi/tabea_work/08_population_analysis_final/skane_only/combined/results/structure/admixture/rep023/K4/run04/data.4.Q	/cfs/klemming/home/t/tabeadi/tabea_work/08_population_analysis_final/skane_only/combined/results/structure/admixture/rep023/K4/run04
rep023	4	run05	0.3566	-8065835.153727	/cfs/klemming/home/t/tabeadi/tabea_work/08_population_analysis_final/skane_only/combined/results/structure/admixture/rep023/K4/run05/data.4.Q	/cfs/klemming/home/t/tabeadi/tabea_work/08_population_analysis_final/skane_only/combined/results/structure/admixture/rep023/K4/run05
rep023	4	run06	0.35656	-8065835.173335	/cfs/klemming/home/t/tabeadi/tabea_work/08_population_analysis_final/skane_only/combined/results/structure/admixture/rep023/K4/run06/data.4.Q	/cfs/klemming/home/t/tabeadi/tabea_work/08_population_analysis_final/skane_only/combined/results/structure/admixture/rep023/K4/run06
rep023	4	run07	0.35649	-8065835.145524	/cfs/klemming/home/t/tabeadi/tabea_work/08_population_analysis_final/skane_only/combined/results/structure/admixture/rep023/K4/run07/data.4.Q	/cfs/klemming/home/t/tabeadi/tabea_work/08_population_analysis_final/skane_only/combined/results/structure/admixture/rep023/K4/run07
rep023	4	run08	0.35652	-8065835.152504	/cfs/klemming/home/t/tabeadi/tabea_work/08_population_analysis_final/skane_only/combined/results/structure/admixture/rep023/K4/run08/data.4.Q	/cfs/klemming/home/t/tabeadi/tabea_work/08_population_analysis_final/skane_only/combined/results/structure/admixture/rep023/K4/run08
rep023	4	run09	0.3565	-8065835.148284	/cfs/klemming/home/t/tabeadi/tabea_work/08_population_analysis_final/skane_only/combined/results/structure/admixture/rep023/K4/run09/data.4.Q	/cfs/klemming/home/t/tabeadi/tabea_work/08_population_analysis_final/skane_only/combined/results/structure/admixture/rep023/K4/run09
rep023	4	run10	0.35649	-8065835.154682	/cfs/klemming/home/t/tabeadi/tabea_work/08_population_analysis_final/skane_only/combined/results/structure/admixture/rep023/K4/run10/data.4.Q	/cfs/klemming/home/t/tabeadi/tabea_work/08_population_analysis_final/skane_only/combined/results/structure/admixture/rep023/K4/run10
rep023	4	run11	0.35655	-8065835.145622	/cfs/klemming/home/t/tabeadi/tabea_work/08_population_analysis_final/skane_only/combined/results/structure/admixture/rep023/K4/run11/data.4.Q	/cfs/klemming/home/t/tabeadi/tabea_work/08_population_analysis_final/skane_only/combined/results/structure/admixture/rep023/K4/run11
rep023	4	run12	0.35654	-8065835.148826	/cfs/klemming/home/t/tabeadi/tabea_work/08_population_analysis_final/skane_only/combined/results/structure/admixture/rep023/K4/run12/data.4.Q	/cfs/klemming/home/t/tabeadi/tabea_work/08_population_analysis_final/skane_only/combined/results/structure/admixture/rep023/K4/run12
rep023	4	run13	0.35655	-8065835.151354	/cfs/klemming/home/t/tabeadi/tabea_work/08_population_analysis_final/skane_only/combined/results/structure/admixture/rep023/K4/run13/data.4.Q	/cfs/klemming/home/t/tabeadi/tabea_work/08_population_analysis_final/skane_only/combined/results/structure/admixture/rep023/K4/run13
rep023	4	run14	0.35657	-8065835.15726	/cfs/klemming/home/t/tabeadi/tabea_work/08_population_analysis_final/skane_only/combined/results/structure/admixture/rep023/K4/run14/data.4.Q	/cfs/klemming/home/t/tabeadi/tabea_work/08_population_analysis_final/skane_only/combined/results/structure/admixture/rep023/K4/run14
rep023	4	run15	0.35654	-8065835.156676	/cfs/klemming/home/t/tabeadi/tabea_work/08_population_analysis_final/skane_only/combined/results/structure/admixture/rep023/K4/run15/data.4.Q	/cfs/klemming/home/t/tabeadi/tabea_work/08_population_analysis_final/skane_only/combined/results/structure/admixture/rep023/K4/run15
rep023	4	run16	0.35651	-8065835.160638	/cfs/klemming/home/t/tabeadi/tabea_work/08_population_analysis_final/skane_only/combined/results/structure/admixture/rep023/K4/run16/data.4.Q	/cfs/klemming/home/t/tabeadi/tabea_work/08_population_analysis_final/skane_only/combined/results/structure/admixture/rep023/K4/run16
rep023	4	run17	0.35656	-8065835.157929	/cfs/klemming/home/t/tabeadi/tabea_work/08_population_analysis_final/skane_only/combined/results/structure/admixture/rep023/K4/run17/data.4.Q	/cfs/klemming/home/t/tabeadi/tabea_work/08_population_analysis_final/skane_only/combined/results/structure/admixture/rep023/K4/run17
rep023	4	run18	0.35658	-8065835.156426	/cfs/klemming/home/t/tabeadi/tabea_work/08_population_analysis_final/skane_only/combined/results/structure/admixture/rep023/K4/run18/data.4.Q	/cfs/klemming/home/t/tabeadi/tabea_work/08_population_analysis_final/skane_only/combined/results/structure/admixture/rep023/K4/run18
rep023	4	run19	0.3566	-8065835.153419	/cfs/klemming/home/t/tabeadi/tabea_work/08_population_analysis_final/skane_only/combined/results/structure/admixture/rep023/K4/run19/data.4.Q	/cfs/klemming/home/t/tabeadi/tabea_work/08_population_analysis_final/skane_only/combined/results/structure/admixture/rep023/K4/run19
rep023	4	run20	0.35648	-8065835.167298	/cfs/klemming/home/t/tabeadi/tabea_work/08_population_analysis_final/skane_only/combined/results/structure/admixture/rep023/K4/run20/data.4.Q	/cfs/klemming/home/t/tabeadi/tabea_work/08_population_analysis_final/skane_only/combined/results/structure/admixture/rep023/K4/run20
rep023	5	run01	0.35604	-8047408.487094	/cfs/klemming/home/t/tabeadi/tabea_work/08_population_analysis_final/skane_only/combined/results/structure/admixture/rep023/K5/run01/data.5.Q	/cfs/klemming/home/t/tabeadi/tabea_work/08_population_analysis_final/skane_only/combined/results/structure/admixture/rep023/K5/run01
rep023	5	run02	0.35601	-8047408.473524	/cfs/klemming/home/t/tabeadi/tabea_work/08_population_analysis_final/skane_only/combined/results/structure/admixture/rep023/K5/run02/data.5.Q	/cfs/klemming/home/t/tabeadi/tabea_work/08_population_analysis_final/skane_only/combined/results/structure/admixture/rep023/K5/run02
rep023	5	run03	0.356	-8047408.46968	/cfs/klemming/home/t/tabeadi/tabea_work/08_population_analysis_final/skane_only/combined/results/structure/admixture/rep023/K5/run03/data.5.Q	/cfs/klemming/home/t/tabeadi/tabea_work/08_population_analysis_final/skane_only/combined/results/structure/admixture/rep023/K5/run03
rep023	5	run04	0.35594	-8047408.472929	/cfs/klemming/home/t/tabeadi/tabea_work/08_population_analysis_final/skane_only/combined/results/structure/admixture/rep023/K5/run04/data.5.Q	/cfs/klemming/home/t/tabeadi/tabea_work/08_population_analysis_final/skane_only/combined/results/structure/admixture/rep023/K5/run04
rep023	5	run05	0.35597	-8047408.471365	/cfs/klemming/home/t/tabeadi/tabea_work/08_population_analysis_final/skane_only/combined/results/structure/admixture/rep023/K5/run05/data.5.Q	/cfs/klemming/home/t/tabeadi/tabea_work/08_population_analysis_final/skane_only/combined/results/structure/admixture/rep023/K5/run05
rep023	5	run06	0.35603	-8047408.468988	/cfs/klemming/home/t/tabeadi/tabea_work/08_population_analysis_final/skane_only/combined/results/structure/admixture/rep023/K5/run06/data.5.Q	/cfs/klemming/home/t/tabeadi/tabea_work/08_population_analysis_final/skane_only/combined/results/structure/admixture/rep023/K5/run06
rep023	5	run07	0.35599	-8047408.474574	/cfs/klemming/home/t/tabeadi/tabea_work/08_population_analysis_final/skane_only/combined/results/structure/admixture/rep023/K5/run07/data.5.Q	/cfs/klemming/home/t/tabeadi/tabea_work/08_population_analysis_final/skane_only/combined/results/structure/admixture/rep023/K5/run07
rep023	5	run08	0.35606	-8047408.476917	/cfs/klemming/home/t/tabeadi/tabea_work/08_population_analysis_final/skane_only/combined/results/structure/admixture/rep023/K5/run08/data.5.Q	/cfs/klemming/home/t/tabeadi/tabea_work/08_population_analysis_final/skane_only/combined/results/structure/admixture/rep023/K5/run08
rep023	5	run09	0.35603	-8047408.478543	/cfs/klemming/home/t/tabeadi/tabea_work/08_population_analysis_final/skane_only/combined/results/structure/admixture/rep023/K5/run09/data.5.Q	/cfs/klemming/home/t/tabeadi/tabea_work/08_population_analysis_final/skane_only/combined/results/structure/admixture/rep023/K5/run09
rep023	5	run10	0.35604	-8047408.487775	/cfs/klemming/home/t/tabeadi/tabea_work/08_population_analysis_final/skane_only/combined/results/structure/admixture/rep023/K5/run10/data.5.Q	/cfs/klemming/home/t/tabeadi/tabea_work/08_population_analysis_final/skane_only/combined/results/structure/admixture/rep023/K5/run10
rep023	5	run11	0.35603	-8047408.471298	/cfs/klemming/home/t/tabeadi/tabea_work/08_population_analysis_final/skane_only/combined/results/structure/admixture/rep023/K5/run11/data.5.Q	/cfs/klemming/home/t/tabeadi/tabea_work/08_population_analysis_final/skane_only/combined/results/structure/admixture/rep023/K5/run11
rep023	5	run12	0.35603	-8047408.471862	/cfs/klemming/home/t/tabeadi/tabea_work/08_population_analysis_final/skane_only/combined/results/structure/admixture/rep023/K5/run12/data.5.Q	/cfs/klemming/home/t/tabeadi/tabea_work/08_population_analysis_final/skane_only/combined/results/structure/admixture/rep023/K5/run12
rep023	5	run13	0.35593	-8047408.473137	/cfs/klemming/home/t/tabeadi/tabea_work/08_population_analysis_final/skane_only/combined/results/structure/admixture/rep023/K5/run13/data.5.Q	/cfs/klemming/home/t/tabeadi/tabea_work/08_population_analysis_final/skane_only/combined/results/structure/admixture/rep023/K5/run13
rep023	5	run14	0.35606	-8047408.476111	/cfs/klemming/home/t/tabeadi/tabea_work/08_population_analysis_final/skane_only/combined/results/structure/admixture/rep023/K5/run14/data.5.Q	/cfs/klemming/home/t/tabeadi/tabea_work/08_population_analysis_final/skane_only/combined/results/structure/admixture/rep023/K5/run14
rep023	5	run15	0.35592	-8047408.483792	/cfs/klemming/home/t/tabeadi/tabea_work/08_population_analysis_final/skane_only/combined/results/structure/admixture/rep023/K5/run15/data.5.Q	/cfs/klemming/home/t/tabeadi/tabea_work/08_population_analysis_final/skane_only/combined/results/structure/admixture/rep023/K5/run15
rep023	5	run16	0.35597	-8047408.477124	/cfs/klemming/home/t/tabeadi/tabea_work/08_population_analysis_final/skane_only/combined/results/structure/admixture/rep023/K5/run16/data.5.Q	/cfs/klemming/home/t/tabeadi/tabea_work/08_population_analysis_final/skane_only/combined/results/structure/admixture/rep023/K5/run16
rep023	5	run17	0.35593	-8047408.485813	/cfs/klemming/home/t/tabeadi/tabea_work/08_population_analysis_final/skane_only/combined/results/structure/admixture/rep023/K5/run17/data.5.Q	/cfs/klemming/home/t/tabeadi/tabea_work/08_population_analysis_final/skane_only/combined/results/structure/admixture/rep023/K5/run17
rep023	5	run18	0.35601	-8047408.472207	/cfs/klemming/home/t/tabeadi/tabea_work/08_population_analysis_final/skane_only/combined/results/structure/admixture/rep023/K5/run18/data.5.Q	/cfs/klemming/home/t/tabeadi/tabea_work/08_population_analysis_final/skane_only/combined/results/structure/admixture/rep023/K5/run18
rep023	5	run19	0.35599	-8047408.469875	/cfs/klemming/home/t/tabeadi/tabea_work/08_population_analysis_final/skane_only/combined/results/structure/admixture/rep023/K5/run19/data.5.Q	/cfs/klemming/home/t/tabeadi/tabea_work/08_population_analysis_final/skane_only/combined/results/structure/admixture/rep023/K5/run19
rep023	5	run20	0.356	-8047408.47375	/cfs/klemming/home/t/tabeadi/tabea_work/08_population_analysis_final/skane_only/combined/results/structure/admixture/rep023/K5/run20/data.5.Q	/cfs/klemming/home/t/tabeadi/tabea_work/08_population_analysis_final/skane_only/combined/results/structure/admixture/rep023/K5/run20
rep023	6	run01	0.35547	-8030499.610994	/cfs/klemming/home/t/tabeadi/tabea_work/08_population_analysis_final/skane_only/combined/results/structure/admixture/rep023/K6/run01/data.6.Q	/cfs/klemming/home/t/tabeadi/tabea_work/08_population_analysis_final/skane_only/combined/results/structure/admixture/rep023/K6/run01
rep023	6	run02	0.35561	-8030499.618928	/cfs/klemming/home/t/tabeadi/tabea_work/08_population_analysis_final/skane_only/combined/results/structure/admixture/rep023/K6/run02/data.6.Q	/cfs/klemming/home/t/tabeadi/tabea_work/08_population_analysis_final/skane_only/combined/results/structure/admixture/rep023/K6/run02
rep023	6	run03	0.35557	-8030658.916697	/cfs/klemming/home/t/tabeadi/tabea_work/08_population_analysis_final/skane_only/combined/results/structure/admixture/rep023/K6/run03/data.6.Q	/cfs/klemming/home/t/tabeadi/tabea_work/08_population_analysis_final/skane_only/combined/results/structure/admixture/rep023/K6/run03
rep023	6	run04	0.35554	-8030658.904437	/cfs/klemming/home/t/tabeadi/tabea_work/08_population_analysis_final/skane_only/combined/results/structure/admixture/rep023/K6/run04/data.6.Q	/cfs/klemming/home/t/tabeadi/tabea_work/08_population_analysis_final/skane_only/combined/results/structure/admixture/rep023/K6/run04
rep023	6	run05	0.35572	-8030658.983957	/cfs/klemming/home/t/tabeadi/tabea_work/08_population_analysis_final/skane_only/combined/results/structure/admixture/rep023/K6/run05/data.6.Q	/cfs/klemming/home/t/tabeadi/tabea_work/08_population_analysis_final/skane_only/combined/results/structure/admixture/rep023/K6/run05
rep023	6	run06	0.35557	-8030658.918891	/cfs/klemming/home/t/tabeadi/tabea_work/08_population_analysis_final/skane_only/combined/results/structure/admixture/rep023/K6/run06/data.6.Q	/cfs/klemming/home/t/tabeadi/tabea_work/08_population_analysis_final/skane_only/combined/results/structure/admixture/rep023/K6/run06
rep023	6	run07	0.35556	-8030499.140766	/cfs/klemming/home/t/tabeadi/tabea_work/08_population_analysis_final/skane_only/combined/results/structure/admixture/rep023/K6/run07/data.6.Q	/cfs/klemming/home/t/tabeadi/tabea_work/08_population_analysis_final/skane_only/combined/results/structure/admixture/rep023/K6/run07
rep023	6	run08	0.35558	-8030499.136715	/cfs/klemming/home/t/tabeadi/tabea_work/08_population_analysis_final/skane_only/combined/results/structure/admixture/rep023/K6/run08/data.6.Q	/cfs/klemming/home/t/tabeadi/tabea_work/08_population_analysis_final/skane_only/combined/results/structure/admixture/rep023/K6/run08
rep023	6	run09	0.35548	-8030499.644044	/cfs/klemming/home/t/tabeadi/tabea_work/08_population_analysis_final/skane_only/combined/results/structure/admixture/rep023/K6/run09/data.6.Q	/cfs/klemming/home/t/tabeadi/tabea_work/08_population_analysis_final/skane_only/combined/results/structure/admixture/rep023/K6/run09
rep023	6	run10	0.35554	-8030658.90079	/cfs/klemming/home/t/tabeadi/tabea_work/08_population_analysis_final/skane_only/combined/results/structure/admixture/rep023/K6/run10/data.6.Q	/cfs/klemming/home/t/tabeadi/tabea_work/08_population_analysis_final/skane_only/combined/results/structure/admixture/rep023/K6/run10
rep023	6	run11	0.35567	-8030658.896246	/cfs/klemming/home/t/tabeadi/tabea_work/08_population_analysis_final/skane_only/combined/results/structure/admixture/rep023/K6/run11/data.6.Q	/cfs/klemming/home/t/tabeadi/tabea_work/08_population_analysis_final/skane_only/combined/results/structure/admixture/rep023/K6/run11
rep023	6	run12	0.35554	-8030499.13271	/cfs/klemming/home/t/tabeadi/tabea_work/08_population_analysis_final/skane_only/combined/results/structure/admixture/rep023/K6/run12/data.6.Q	/cfs/klemming/home/t/tabeadi/tabea_work/08_population_analysis_final/skane_only/combined/results/structure/admixture/rep023/K6/run12
rep023	6	run13	0.35557	-8030499.619909	/cfs/klemming/home/t/tabeadi/tabea_work/08_population_analysis_final/skane_only/combined/results/structure/admixture/rep023/K6/run13/data.6.Q	/cfs/klemming/home/t/tabeadi/tabea_work/08_population_analysis_final/skane_only/combined/results/structure/admixture/rep023/K6/run13
rep023	6	run14	0.35557	-8030658.896027	/cfs/klemming/home/t/tabeadi/tabea_work/08_population_analysis_final/skane_only/combined/results/structure/admixture/rep023/K6/run14/data.6.Q	/cfs/klemming/home/t/tabeadi/tabea_work/08_population_analysis_final/skane_only/combined/results/structure/admixture/rep023/K6/run14
rep023	6	run15	0.35559	-8030658.909529	/cfs/klemming/home/t/tabeadi/tabea_work/08_population_analysis_final/skane_only/combined/results/structure/admixture/rep023/K6/run15/data.6.Q	/cfs/klemming/home/t/tabeadi/tabea_work/08_population_analysis_final/skane_only/combined/results/structure/admixture/rep023/K6/run15
rep023	6	run16	0.35544	-8030499.678237	/cfs/klemming/home/t/tabeadi/tabea_work/08_population_analysis_final/skane_only/combined/results/structure/admixture/rep023/K6/run16/data.6.Q	/cfs/klemming/home/t/tabeadi/tabea_work/08_population_analysis_final/skane_only/combined/results/structure/admixture/rep023/K6/run16
rep023	6	run17	0.35561	-8030659.038772	/cfs/klemming/home/t/tabeadi/tabea_work/08_population_analysis_final/skane_only/combined/results/structure/admixture/rep023/K6/run17/data.6.Q	/cfs/klemming/home/t/tabeadi/tabea_work/08_population_analysis_final/skane_only/combined/results/structure/admixture/rep023/K6/run17
rep023	6	run18	0.35558	-8030658.917791	/cfs/klemming/home/t/tabeadi/tabea_work/08_population_analysis_final/skane_only/combined/results/structure/admixture/rep023/K6/run18/data.6.Q	/cfs/klemming/home/t/tabeadi/tabea_work/08_population_analysis_final/skane_only/combined/results/structure/admixture/rep023/K6/run18
rep023	6	run19	0.35557	-8030658.916806	/cfs/klemming/home/t/tabeadi/tabea_work/08_population_analysis_final/skane_only/combined/results/structure/admixture/rep023/K6/run19/data.6.Q	/cfs/klemming/home/t/tabeadi/tabea_work/08_population_analysis_final/skane_only/combined/results/structure/admixture/rep023/K6/run19
rep023	6	run20	0.35551	-8030499.146608	/cfs/klemming/home/t/tabeadi/tabea_work/08_population_analysis_final/skane_only/combined/results/structure/admixture/rep023/K6/run20/data.6.Q	/cfs/klemming/home/t/tabeadi/tabea_work/08_population_analysis_final/skane_only/combined/results/structure/admixture/rep023/K6/run20
rep023	7	run01	0.35507	-8014112.81177	/cfs/klemming/home/t/tabeadi/tabea_work/08_population_analysis_final/skane_only/combined/results/structure/admixture/rep023/K7/run01/data.7.Q	/cfs/klemming/home/t/tabeadi/tabea_work/08_population_analysis_final/skane_only/combined/results/structure/admixture/rep023/K7/run01
rep023	7	run02	0.35515	-8014112.68289	/cfs/klemming/home/t/tabeadi/tabea_work/08_population_analysis_final/skane_only/combined/results/structure/admixture/rep023/K7/run02/data.7.Q	/cfs/klemming/home/t/tabeadi/tabea_work/08_population_analysis_final/skane_only/combined/results/structure/admixture/rep023/K7/run02
rep023	7	run03	0.35531	-8015487.971622	/cfs/klemming/home/t/tabeadi/tabea_work/08_population_analysis_final/skane_only/combined/results/structure/admixture/rep023/K7/run03/data.7.Q	/cfs/klemming/home/t/tabeadi/tabea_work/08_population_analysis_final/skane_only/combined/results/structure/admixture/rep023/K7/run03
rep023	7	run04	0.35516	-8014112.666665	/cfs/klemming/home/t/tabeadi/tabea_work/08_population_analysis_final/skane_only/combined/results/structure/admixture/rep023/K7/run04/data.7.Q	/cfs/klemming/home/t/tabeadi/tabea_work/08_population_analysis_final/skane_only/combined/results/structure/admixture/rep023/K7/run04
rep023	7	run05	0.35538	-8015580.841217	/cfs/klemming/home/t/tabeadi/tabea_work/08_population_analysis_final/skane_only/combined/results/structure/admixture/rep023/K7/run05/data.7.Q	/cfs/klemming/home/t/tabeadi/tabea_work/08_population_analysis_final/skane_only/combined/results/structure/admixture/rep023/K7/run05
rep023	7	run06	0.35515	-8014112.879255	/cfs/klemming/home/t/tabeadi/tabea_work/08_population_analysis_final/skane_only/combined/results/structure/admixture/rep023/K7/run06/data.7.Q	/cfs/klemming/home/t/tabeadi/tabea_work/08_population_analysis_final/skane_only/combined/results/structure/admixture/rep023/K7/run06
rep023	7	run07	0.35521	-8014112.87594	/cfs/klemming/home/t/tabeadi/tabea_work/08_population_analysis_final/skane_only/combined/results/structure/admixture/rep023/K7/run07/data.7.Q	/cfs/klemming/home/t/tabeadi/tabea_work/08_population_analysis_final/skane_only/combined/results/structure/admixture/rep023/K7/run07
rep023	7	run08	0.35519	-8014112.672588	/cfs/klemming/home/t/tabeadi/tabea_work/08_population_analysis_final/skane_only/combined/results/structure/admixture/rep023/K7/run08/data.7.Q	/cfs/klemming/home/t/tabeadi/tabea_work/08_population_analysis_final/skane_only/combined/results/structure/admixture/rep023/K7/run08
rep023	7	run09	0.35513	-8014112.853335	/cfs/klemming/home/t/tabeadi/tabea_work/08_population_analysis_final/skane_only/combined/results/structure/admixture/rep023/K7/run09/data.7.Q	/cfs/klemming/home/t/tabeadi/tabea_work/08_population_analysis_final/skane_only/combined/results/structure/admixture/rep023/K7/run09
rep023	7	run10	0.35522	-8014112.819141	/cfs/klemming/home/t/tabeadi/tabea_work/08_population_analysis_final/skane_only/combined/results/structure/admixture/rep023/K7/run10/data.7.Q	/cfs/klemming/home/t/tabeadi/tabea_work/08_population_analysis_final/skane_only/combined/results/structure/admixture/rep023/K7/run10
rep023	7	run11	0.35522	-8014112.796081	/cfs/klemming/home/t/tabeadi/tabea_work/08_population_analysis_final/skane_only/combined/results/structure/admixture/rep023/K7/run11/data.7.Q	/cfs/klemming/home/t/tabeadi/tabea_work/08_population_analysis_final/skane_only/combined/results/structure/admixture/rep023/K7/run11
rep023	7	run12	0.35504	-8014112.901761	/cfs/klemming/home/t/tabeadi/tabea_work/08_population_analysis_final/skane_only/combined/results/structure/admixture/rep023/K7/run12/data.7.Q	/cfs/klemming/home/t/tabeadi/tabea_work/08_population_analysis_final/skane_only/combined/results/structure/admixture/rep023/K7/run12
rep023	7	run13	0.3552	-8014112.667275	/cfs/klemming/home/t/tabeadi/tabea_work/08_population_analysis_final/skane_only/combined/results/structure/admixture/rep023/K7/run13/data.7.Q	/cfs/klemming/home/t/tabeadi/tabea_work/08_population_analysis_final/skane_only/combined/results/structure/admixture/rep023/K7/run13
rep023	7	run14	0.35511	-8014112.678272	/cfs/klemming/home/t/tabeadi/tabea_work/08_population_analysis_final/skane_only/combined/results/structure/admixture/rep023/K7/run14/data.7.Q	/cfs/klemming/home/t/tabeadi/tabea_work/08_population_analysis_final/skane_only/combined/results/structure/admixture/rep023/K7/run14
rep023	7	run15	0.35506	-8014112.675356	/cfs/klemming/home/t/tabeadi/tabea_work/08_population_analysis_final/skane_only/combined/results/structure/admixture/rep023/K7/run15/data.7.Q	/cfs/klemming/home/t/tabeadi/tabea_work/08_population_analysis_final/skane_only/combined/results/structure/admixture/rep023/K7/run15
rep023	7	run16	0.35514	-8014112.70805	/cfs/klemming/home/t/tabeadi/tabea_work/08_population_analysis_final/skane_only/combined/results/structure/admixture/rep023/K7/run16/data.7.Q	/cfs/klemming/home/t/tabeadi/tabea_work/08_population_analysis_final/skane_only/combined/results/structure/admixture/rep023/K7/run16
rep023	7	run17	0.35518	-8014112.691473	/cfs/klemming/home/t/tabeadi/tabea_work/08_population_analysis_final/skane_only/combined/results/structure/admixture/rep023/K7/run17/data.7.Q	/cfs/klemming/home/t/tabeadi/tabea_work/08_population_analysis_final/skane_only/combined/results/structure/admixture/rep023/K7/run17
rep023	7	run18	0.35529	-8015580.696629	/cfs/klemming/home/t/tabeadi/tabea_work/08_population_analysis_final/skane_only/combined/results/structure/admixture/rep023/K7/run18/data.7.Q	/cfs/klemming/home/t/tabeadi/tabea_work/08_population_analysis_final/skane_only/combined/results/structure/admixture/rep023/K7/run18
rep023	7	run19	0.35514	-8015487.959049	/cfs/klemming/home/t/tabeadi/tabea_work/08_population_analysis_final/skane_only/combined/results/structure/admixture/rep023/K7/run19/data.7.Q	/cfs/klemming/home/t/tabeadi/tabea_work/08_population_analysis_final/skane_only/combined/results/structure/admixture/rep023/K7/run19
rep023	7	run20	0.35509	-8014112.886182	/cfs/klemming/home/t/tabeadi/tabea_work/08_population_analysis_final/skane_only/combined/results/structure/admixture/rep023/K7/run20/data.7.Q	/cfs/klemming/home/t/tabeadi/tabea_work/08_population_analysis_final/skane_only/combined/results/structure/admixture/rep023/K7/run20
rep023	8	run01	0.35478	-7999390.448502	/cfs/klemming/home/t/tabeadi/tabea_work/08_population_analysis_final/skane_only/combined/results/structure/admixture/rep023/K8/run01/data.8.Q	/cfs/klemming/home/t/tabeadi/tabea_work/08_population_analysis_final/skane_only/combined/results/structure/admixture/rep023/K8/run01
rep023	8	run02	0.3549	-7999390.382488	/cfs/klemming/home/t/tabeadi/tabea_work/08_population_analysis_final/skane_only/combined/results/structure/admixture/rep023/K8/run02/data.8.Q	/cfs/klemming/home/t/tabeadi/tabea_work/08_population_analysis_final/skane_only/combined/results/structure/admixture/rep023/K8/run02
rep023	8	run03	0.35488	-7999390.4725	/cfs/klemming/home/t/tabeadi/tabea_work/08_population_analysis_final/skane_only/combined/results/structure/admixture/rep023/K8/run03/data.8.Q	/cfs/klemming/home/t/tabeadi/tabea_work/08_population_analysis_final/skane_only/combined/results/structure/admixture/rep023/K8/run03
rep023	8	run04	0.35476	-8000060.501013	/cfs/klemming/home/t/tabeadi/tabea_work/08_population_analysis_final/skane_only/combined/results/structure/admixture/rep023/K8/run04/data.8.Q	/cfs/klemming/home/t/tabeadi/tabea_work/08_population_analysis_final/skane_only/combined/results/structure/admixture/rep023/K8/run04
rep023	8	run05	0.35486	-7999390.425617	/cfs/klemming/home/t/tabeadi/tabea_work/08_population_analysis_final/skane_only/combined/results/structure/admixture/rep023/K8/run05/data.8.Q	/cfs/klemming/home/t/tabeadi/tabea_work/08_population_analysis_final/skane_only/combined/results/structure/admixture/rep023/K8/run05
rep023	8	run06	0.35484	-7999390.505568	/cfs/klemming/home/t/tabeadi/tabea_work/08_population_analysis_final/skane_only/combined/results/structure/admixture/rep023/K8/run06/data.8.Q	/cfs/klemming/home/t/tabeadi/tabea_work/08_population_analysis_final/skane_only/combined/results/structure/admixture/rep023/K8/run06
rep023	8	run07	0.35479	-7999390.409661	/cfs/klemming/home/t/tabeadi/tabea_work/08_population_analysis_final/skane_only/combined/results/structure/admixture/rep023/K8/run07/data.8.Q	/cfs/klemming/home/t/tabeadi/tabea_work/08_population_analysis_final/skane_only/combined/results/structure/admixture/rep023/K8/run07
rep023	8	run08	0.35493	-7999390.388568	/cfs/klemming/home/t/tabeadi/tabea_work/08_population_analysis_final/skane_only/combined/results/structure/admixture/rep023/K8/run08/data.8.Q	/cfs/klemming/home/t/tabeadi/tabea_work/08_population_analysis_final/skane_only/combined/results/structure/admixture/rep023/K8/run08
rep023	8	run09	0.35485	-7999390.333516	/cfs/klemming/home/t/tabeadi/tabea_work/08_population_analysis_final/skane_only/combined/results/structure/admixture/rep023/K8/run09/data.8.Q	/cfs/klemming/home/t/tabeadi/tabea_work/08_population_analysis_final/skane_only/combined/results/structure/admixture/rep023/K8/run09
rep023	8	run10	0.35483	-7999390.358342	/cfs/klemming/home/t/tabeadi/tabea_work/08_population_analysis_final/skane_only/combined/results/structure/admixture/rep023/K8/run10/data.8.Q	/cfs/klemming/home/t/tabeadi/tabea_work/08_population_analysis_final/skane_only/combined/results/structure/admixture/rep023/K8/run10
rep023	8	run11	0.35492	-8000316.276756	/cfs/klemming/home/t/tabeadi/tabea_work/08_population_analysis_final/skane_only/combined/results/structure/admixture/rep023/K8/run11/data.8.Q	/cfs/klemming/home/t/tabeadi/tabea_work/08_population_analysis_final/skane_only/combined/results/structure/admixture/rep023/K8/run11
rep023	8	run12	0.35484	-7999390.335781	/cfs/klemming/home/t/tabeadi/tabea_work/08_population_analysis_final/skane_only/combined/results/structure/admixture/rep023/K8/run12/data.8.Q	/cfs/klemming/home/t/tabeadi/tabea_work/08_population_analysis_final/skane_only/combined/results/structure/admixture/rep023/K8/run12
rep023	8	run13	0.35483	-7999390.403814	/cfs/klemming/home/t/tabeadi/tabea_work/08_population_analysis_final/skane_only/combined/results/structure/admixture/rep023/K8/run13/data.8.Q	/cfs/klemming/home/t/tabeadi/tabea_work/08_population_analysis_final/skane_only/combined/results/structure/admixture/rep023/K8/run13
rep023	8	run14	0.35486	-7999390.47307	/cfs/klemming/home/t/tabeadi/tabea_work/08_population_analysis_final/skane_only/combined/results/structure/admixture/rep023/K8/run14/data.8.Q	/cfs/klemming/home/t/tabeadi/tabea_work/08_population_analysis_final/skane_only/combined/results/structure/admixture/rep023/K8/run14
rep023	8	run15	0.35484	-8000293.748904	/cfs/klemming/home/t/tabeadi/tabea_work/08_population_analysis_final/skane_only/combined/results/structure/admixture/rep023/K8/run15/data.8.Q	/cfs/klemming/home/t/tabeadi/tabea_work/08_population_analysis_final/skane_only/combined/results/structure/admixture/rep023/K8/run15
rep023	8	run16	0.35481	-7999390.216975	/cfs/klemming/home/t/tabeadi/tabea_work/08_population_analysis_final/skane_only/combined/results/structure/admixture/rep023/K8/run16/data.8.Q	/cfs/klemming/home/t/tabeadi/tabea_work/08_population_analysis_final/skane_only/combined/results/structure/admixture/rep023/K8/run16
rep023	8	run17	0.35481	-7999390.411563	/cfs/klemming/home/t/tabeadi/tabea_work/08_population_analysis_final/skane_only/combined/results/structure/admixture/rep023/K8/run17/data.8.Q	/cfs/klemming/home/t/tabeadi/tabea_work/08_population_analysis_final/skane_only/combined/results/structure/admixture/rep023/K8/run17
rep023	8	run18	0.3549	-7999390.437344	/cfs/klemming/home/t/tabeadi/tabea_work/08_population_analysis_final/skane_only/combined/results/structure/admixture/rep023/K8/run18/data.8.Q	/cfs/klemming/home/t/tabeadi/tabea_work/08_population_analysis_final/skane_only/combined/results/structure/admixture/rep023/K8/run18
rep023	8	run19	0.35486	-7999390.171384	/cfs/klemming/home/t/tabeadi/tabea_work/08_population_analysis_final/skane_only/combined/results/structure/admixture/rep023/K8/run19/data.8.Q	/cfs/klemming/home/t/tabeadi/tabea_work/08_population_analysis_final/skane_only/combined/results/structure/admixture/rep023/K8/run19
rep023	8	run20	0.35486	-8000060.705999	/cfs/klemming/home/t/tabeadi/tabea_work/08_population_analysis_final/skane_only/combined/results/structure/admixture/rep023/K8/run20/data.8.Q	/cfs/klemming/home/t/tabeadi/tabea_work/08_population_analysis_final/skane_only/combined/results/structure/admixture/rep023/K8/run20
rep024	1	run01	0.36307	-8069368.767526	/cfs/klemming/home/t/tabeadi/tabea_work/08_population_analysis_final/skane_only/combined/results/structure/admixture/rep024/K1/run01/data.1.Q	/cfs/klemming/home/t/tabeadi/tabea_work/08_population_analysis_final/skane_only/combined/results/structure/admixture/rep024/K1/run01
rep024	1	run02	0.36308	-8069368.767526	/cfs/klemming/home/t/tabeadi/tabea_work/08_population_analysis_final/skane_only/combined/results/structure/admixture/rep024/K1/run02/data.1.Q	/cfs/klemming/home/t/tabeadi/tabea_work/08_population_analysis_final/skane_only/combined/results/structure/admixture/rep024/K1/run02
rep024	1	run03	0.36307	-8069368.767526	/cfs/klemming/home/t/tabeadi/tabea_work/08_population_analysis_final/skane_only/combined/results/structure/admixture/rep024/K1/run03/data.1.Q	/cfs/klemming/home/t/tabeadi/tabea_work/08_population_analysis_final/skane_only/combined/results/structure/admixture/rep024/K1/run03
rep024	1	run04	0.36306	-8069368.767526	/cfs/klemming/home/t/tabeadi/tabea_work/08_population_analysis_final/skane_only/combined/results/structure/admixture/rep024/K1/run04/data.1.Q	/cfs/klemming/home/t/tabeadi/tabea_work/08_population_analysis_final/skane_only/combined/results/structure/admixture/rep024/K1/run04
rep024	1	run05	0.36305	-8069368.767526	/cfs/klemming/home/t/tabeadi/tabea_work/08_population_analysis_final/skane_only/combined/results/structure/admixture/rep024/K1/run05/data.1.Q	/cfs/klemming/home/t/tabeadi/tabea_work/08_population_analysis_final/skane_only/combined/results/structure/admixture/rep024/K1/run05
rep024	1	run06	0.36306	-8069368.767526	/cfs/klemming/home/t/tabeadi/tabea_work/08_population_analysis_final/skane_only/combined/results/structure/admixture/rep024/K1/run06/data.1.Q	/cfs/klemming/home/t/tabeadi/tabea_work/08_population_analysis_final/skane_only/combined/results/structure/admixture/rep024/K1/run06
rep024	1	run07	0.36306	-8069368.767526	/cfs/klemming/home/t/tabeadi/tabea_work/08_population_analysis_final/skane_only/combined/results/structure/admixture/rep024/K1/run07/data.1.Q	/cfs/klemming/home/t/tabeadi/tabea_work/08_population_analysis_final/skane_only/combined/results/structure/admixture/rep024/K1/run07
rep024	1	run08	0.36306	-8069368.767526	/cfs/klemming/home/t/tabeadi/tabea_work/08_population_analysis_final/skane_only/combined/results/structure/admixture/rep024/K1/run08/data.1.Q	/cfs/klemming/home/t/tabeadi/tabea_work/08_population_analysis_final/skane_only/combined/results/structure/admixture/rep024/K1/run08
rep024	1	run09	0.36306	-8069368.767526	/cfs/klemming/home/t/tabeadi/tabea_work/08_population_analysis_final/skane_only/combined/results/structure/admixture/rep024/K1/run09/data.1.Q	/cfs/klemming/home/t/tabeadi/tabea_work/08_population_analysis_final/skane_only/combined/results/structure/admixture/rep024/K1/run09
rep024	1	run10	0.36306	-8069368.767526	/cfs/klemming/home/t/tabeadi/tabea_work/08_population_analysis_final/skane_only/combined/results/structure/admixture/rep024/K1/run10/data.1.Q	/cfs/klemming/home/t/tabeadi/tabea_work/08_population_analysis_final/skane_only/combined/results/structure/admixture/rep024/K1/run10
rep024	1	run11	0.36306	-8069368.767526	/cfs/klemming/home/t/tabeadi/tabea_work/08_population_analysis_final/skane_only/combined/results/structure/admixture/rep024/K1/run11/data.1.Q	/cfs/klemming/home/t/tabeadi/tabea_work/08_population_analysis_final/skane_only/combined/results/structure/admixture/rep024/K1/run11
rep024	1	run12	0.36306	-8069368.767526	/cfs/klemming/home/t/tabeadi/tabea_work/08_population_analysis_final/skane_only/combined/results/structure/admixture/rep024/K1/run12/data.1.Q	/cfs/klemming/home/t/tabeadi/tabea_work/08_population_analysis_final/skane_only/combined/results/structure/admixture/rep024/K1/run12
rep024	1	run13	0.36308	-8069368.767526	/cfs/klemming/home/t/tabeadi/tabea_work/08_population_analysis_final/skane_only/combined/results/structure/admixture/rep024/K1/run13/data.1.Q	/cfs/klemming/home/t/tabeadi/tabea_work/08_population_analysis_final/skane_only/combined/results/structure/admixture/rep024/K1/run13
rep024	1	run14	0.36307	-8069368.767526	/cfs/klemming/home/t/tabeadi/tabea_work/08_population_analysis_final/skane_only/combined/results/structure/admixture/rep024/K1/run14/data.1.Q	/cfs/klemming/home/t/tabeadi/tabea_work/08_population_analysis_final/skane_only/combined/results/structure/admixture/rep024/K1/run14
rep024	1	run15	0.36307	-8069368.767526	/cfs/klemming/home/t/tabeadi/tabea_work/08_population_analysis_final/skane_only/combined/results/structure/admixture/rep024/K1/run15/data.1.Q	/cfs/klemming/home/t/tabeadi/tabea_work/08_population_analysis_final/skane_only/combined/results/structure/admixture/rep024/K1/run15
rep024	1	run16	0.36306	-8069368.767526	/cfs/klemming/home/t/tabeadi/tabea_work/08_population_analysis_final/skane_only/combined/results/structure/admixture/rep024/K1/run16/data.1.Q	/cfs/klemming/home/t/tabeadi/tabea_work/08_population_analysis_final/skane_only/combined/results/structure/admixture/rep024/K1/run16
rep024	1	run17	0.36306	-8069368.767526	/cfs/klemming/home/t/tabeadi/tabea_work/08_population_analysis_final/skane_only/combined/results/structure/admixture/rep024/K1/run17/data.1.Q	/cfs/klemming/home/t/tabeadi/tabea_work/08_population_analysis_final/skane_only/combined/results/structure/admixture/rep024/K1/run17
rep024	1	run18	0.36306	-8069368.767526	/cfs/klemming/home/t/tabeadi/tabea_work/08_population_analysis_final/skane_only/combined/results/structure/admixture/rep024/K1/run18/data.1.Q	/cfs/klemming/home/t/tabeadi/tabea_work/08_population_analysis_final/skane_only/combined/results/structure/admixture/rep024/K1/run18
rep024	1	run19	0.36307	-8069368.767526	/cfs/klemming/home/t/tabeadi/tabea_work/08_population_analysis_final/skane_only/combined/results/structure/admixture/rep024/K1/run19/data.1.Q	/cfs/klemming/home/t/tabeadi/tabea_work/08_population_analysis_final/skane_only/combined/results/structure/admixture/rep024/K1/run19
rep024	1	run20	0.36306	-8069368.767526	/cfs/klemming/home/t/tabeadi/tabea_work/08_population_analysis_final/skane_only/combined/results/structure/admixture/rep024/K1/run20/data.1.Q	/cfs/klemming/home/t/tabeadi/tabea_work/08_population_analysis_final/skane_only/combined/results/structure/admixture/rep024/K1/run20
rep024	2	run01	0.36173	-8039046.074444	/cfs/klemming/home/t/tabeadi/tabea_work/08_population_analysis_final/skane_only/combined/results/structure/admixture/rep024/K2/run01/data.2.Q	/cfs/klemming/home/t/tabeadi/tabea_work/08_population_analysis_final/skane_only/combined/results/structure/admixture/rep024/K2/run01
rep024	2	run02	0.36171	-8039046.07444	/cfs/klemming/home/t/tabeadi/tabea_work/08_population_analysis_final/skane_only/combined/results/structure/admixture/rep024/K2/run02/data.2.Q	/cfs/klemming/home/t/tabeadi/tabea_work/08_population_analysis_final/skane_only/combined/results/structure/admixture/rep024/K2/run02
rep024	2	run03	0.36176	-8039046.074442	/cfs/klemming/home/t/tabeadi/tabea_work/08_population_analysis_final/skane_only/combined/results/structure/admixture/rep024/K2/run03/data.2.Q	/cfs/klemming/home/t/tabeadi/tabea_work/08_population_analysis_final/skane_only/combined/results/structure/admixture/rep024/K2/run03
rep024	2	run04	0.36176	-8039046.074432	/cfs/klemming/home/t/tabeadi/tabea_work/08_population_analysis_final/skane_only/combined/results/structure/admixture/rep024/K2/run04/data.2.Q	/cfs/klemming/home/t/tabeadi/tabea_work/08_population_analysis_final/skane_only/combined/results/structure/admixture/rep024/K2/run04
rep024	2	run05	0.36171	-8039046.07444	/cfs/klemming/home/t/tabeadi/tabea_work/08_population_analysis_final/skane_only/combined/results/structure/admixture/rep024/K2/run05/data.2.Q	/cfs/klemming/home/t/tabeadi/tabea_work/08_population_analysis_final/skane_only/combined/results/structure/admixture/rep024/K2/run05
rep024	2	run06	0.36172	-8039046.074461	/cfs/klemming/home/t/tabeadi/tabea_work/08_population_analysis_final/skane_only/combined/results/structure/admixture/rep024/K2/run06/data.2.Q	/cfs/klemming/home/t/tabeadi/tabea_work/08_population_analysis_final/skane_only/combined/results/structure/admixture/rep024/K2/run06
rep024	2	run07	0.36174	-8039046.074429	/cfs/klemming/home/t/tabeadi/tabea_work/08_population_analysis_final/skane_only/combined/results/structure/admixture/rep024/K2/run07/data.2.Q	/cfs/klemming/home/t/tabeadi/tabea_work/08_population_analysis_final/skane_only/combined/results/structure/admixture/rep024/K2/run07
rep024	2	run08	0.36173	-8039046.074442	/cfs/klemming/home/t/tabeadi/tabea_work/08_population_analysis_final/skane_only/combined/results/structure/admixture/rep024/K2/run08/data.2.Q	/cfs/klemming/home/t/tabeadi/tabea_work/08_population_analysis_final/skane_only/combined/results/structure/admixture/rep024/K2/run08
rep024	2	run09	0.36173	-8039046.074454	/cfs/klemming/home/t/tabeadi/tabea_work/08_population_analysis_final/skane_only/combined/results/structure/admixture/rep024/K2/run09/data.2.Q	/cfs/klemming/home/t/tabeadi/tabea_work/08_population_analysis_final/skane_only/combined/results/structure/admixture/rep024/K2/run09
rep024	2	run10	0.36172	-8039046.07444	/cfs/klemming/home/t/tabeadi/tabea_work/08_population_analysis_final/skane_only/combined/results/structure/admixture/rep024/K2/run10/data.2.Q	/cfs/klemming/home/t/tabeadi/tabea_work/08_population_analysis_final/skane_only/combined/results/structure/admixture/rep024/K2/run10
rep024	2	run11	0.36173	-8039046.074433	/cfs/klemming/home/t/tabeadi/tabea_work/08_population_analysis_final/skane_only/combined/results/structure/admixture/rep024/K2/run11/data.2.Q	/cfs/klemming/home/t/tabeadi/tabea_work/08_population_analysis_final/skane_only/combined/results/structure/admixture/rep024/K2/run11
rep024	2	run12	0.3617	-8039046.074436	/cfs/klemming/home/t/tabeadi/tabea_work/08_population_analysis_final/skane_only/combined/results/structure/admixture/rep024/K2/run12/data.2.Q	/cfs/klemming/home/t/tabeadi/tabea_work/08_population_analysis_final/skane_only/combined/results/structure/admixture/rep024/K2/run12
rep024	2	run13	0.36174	-8039046.074432	/cfs/klemming/home/t/tabeadi/tabea_work/08_population_analysis_final/skane_only/combined/results/structure/admixture/rep024/K2/run13/data.2.Q	/cfs/klemming/home/t/tabeadi/tabea_work/08_population_analysis_final/skane_only/combined/results/structure/admixture/rep024/K2/run13
rep024	2	run14	0.36177	-8039046.07444	/cfs/klemming/home/t/tabeadi/tabea_work/08_population_analysis_final/skane_only/combined/results/structure/admixture/rep024/K2/run14/data.2.Q	/cfs/klemming/home/t/tabeadi/tabea_work/08_population_analysis_final/skane_only/combined/results/structure/admixture/rep024/K2/run14
rep024	2	run15	0.36175	-8039046.074432	/cfs/klemming/home/t/tabeadi/tabea_work/08_population_analysis_final/skane_only/combined/results/structure/admixture/rep024/K2/run15/data.2.Q	/cfs/klemming/home/t/tabeadi/tabea_work/08_population_analysis_final/skane_only/combined/results/structure/admixture/rep024/K2/run15
rep024	2	run16	0.36174	-8039046.074429	/cfs/klemming/home/t/tabeadi/tabea_work/08_population_analysis_final/skane_only/combined/results/structure/admixture/rep024/K2/run16/data.2.Q	/cfs/klemming/home/t/tabeadi/tabea_work/08_population_analysis_final/skane_only/combined/results/structure/admixture/rep024/K2/run16
rep024	2	run17	0.36173	-8039046.074429	/cfs/klemming/home/t/tabeadi/tabea_work/08_population_analysis_final/skane_only/combined/results/structure/admixture/rep024/K2/run17/data.2.Q	/cfs/klemming/home/t/tabeadi/tabea_work/08_population_analysis_final/skane_only/combined/results/structure/admixture/rep024/K2/run17
rep024	2	run18	0.36173	-8039046.074444	/cfs/klemming/home/t/tabeadi/tabea_work/08_population_analysis_final/skane_only/combined/results/structure/admixture/rep024/K2/run18/data.2.Q	/cfs/klemming/home/t/tabeadi/tabea_work/08_population_analysis_final/skane_only/combined/results/structure/admixture/rep024/K2/run18
rep024	2	run19	0.36172	-8039046.074437	/cfs/klemming/home/t/tabeadi/tabea_work/08_population_analysis_final/skane_only/combined/results/structure/admixture/rep024/K2/run19/data.2.Q	/cfs/klemming/home/t/tabeadi/tabea_work/08_population_analysis_final/skane_only/combined/results/structure/admixture/rep024/K2/run19
rep024	2	run20	0.36176	-8039046.074462	/cfs/klemming/home/t/tabeadi/tabea_work/08_population_analysis_final/skane_only/combined/results/structure/admixture/rep024/K2/run20/data.2.Q	/cfs/klemming/home/t/tabeadi/tabea_work/08_population_analysis_final/skane_only/combined/results/structure/admixture/rep024/K2/run20
rep024	3	run01	0.361	-8017164.512881	/cfs/klemming/home/t/tabeadi/tabea_work/08_population_analysis_final/skane_only/combined/results/structure/admixture/rep024/K3/run01/data.3.Q	/cfs/klemming/home/t/tabeadi/tabea_work/08_population_analysis_final/skane_only/combined/results/structure/admixture/rep024/K3/run01
rep024	3	run02	0.36098	-8017164.513223	/cfs/klemming/home/t/tabeadi/tabea_work/08_population_analysis_final/skane_only/combined/results/structure/admixture/rep024/K3/run02/data.3.Q	/cfs/klemming/home/t/tabeadi/tabea_work/08_population_analysis_final/skane_only/combined/results/structure/admixture/rep024/K3/run02
rep024	3	run03	0.36098	-8017164.520449	/cfs/klemming/home/t/tabeadi/tabea_work/08_population_analysis_final/skane_only/combined/results/structure/admixture/rep024/K3/run03/data.3.Q	/cfs/klemming/home/t/tabeadi/tabea_work/08_population_analysis_final/skane_only/combined/results/structure/admixture/rep024/K3/run03
rep024	3	run04	0.36098	-8017164.529543	/cfs/klemming/home/t/tabeadi/tabea_work/08_population_analysis_final/skane_only/combined/results/structure/admixture/rep024/K3/run04/data.3.Q	/cfs/klemming/home/t/tabeadi/tabea_work/08_population_analysis_final/skane_only/combined/results/structure/admixture/rep024/K3/run04
rep024	3	run05	0.36104	-8017164.515152	/cfs/klemming/home/t/tabeadi/tabea_work/08_population_analysis_final/skane_only/combined/results/structure/admixture/rep024/K3/run05/data.3.Q	/cfs/klemming/home/t/tabeadi/tabea_work/08_population_analysis_final/skane_only/combined/results/structure/admixture/rep024/K3/run05
rep024	3	run06	0.36098	-8017164.520221	/cfs/klemming/home/t/tabeadi/tabea_work/08_population_analysis_final/skane_only/combined/results/structure/admixture/rep024/K3/run06/data.3.Q	/cfs/klemming/home/t/tabeadi/tabea_work/08_population_analysis_final/skane_only/combined/results/structure/admixture/rep024/K3/run06
rep024	3	run07	0.36098	-8017164.528711	/cfs/klemming/home/t/tabeadi/tabea_work/08_population_analysis_final/skane_only/combined/results/structure/admixture/rep024/K3/run07/data.3.Q	/cfs/klemming/home/t/tabeadi/tabea_work/08_population_analysis_final/skane_only/combined/results/structure/admixture/rep024/K3/run07
rep024	3	run08	0.36092	-8017164.518668	/cfs/klemming/home/t/tabeadi/tabea_work/08_population_analysis_final/skane_only/combined/results/structure/admixture/rep024/K3/run08/data.3.Q	/cfs/klemming/home/t/tabeadi/tabea_work/08_population_analysis_final/skane_only/combined/results/structure/admixture/rep024/K3/run08
rep024	3	run09	0.361	-8017164.517164	/cfs/klemming/home/t/tabeadi/tabea_work/08_population_analysis_final/skane_only/combined/results/structure/admixture/rep024/K3/run09/data.3.Q	/cfs/klemming/home/t/tabeadi/tabea_work/08_population_analysis_final/skane_only/combined/results/structure/admixture/rep024/K3/run09
rep024	3	run10	0.36103	-8017164.512811	/cfs/klemming/home/t/tabeadi/tabea_work/08_population_analysis_final/skane_only/combined/results/structure/admixture/rep024/K3/run10/data.3.Q	/cfs/klemming/home/t/tabeadi/tabea_work/08_population_analysis_final/skane_only/combined/results/structure/admixture/rep024/K3/run10
rep024	3	run11	0.36097	-8017164.519619	/cfs/klemming/home/t/tabeadi/tabea_work/08_population_analysis_final/skane_only/combined/results/structure/admixture/rep024/K3/run11/data.3.Q	/cfs/klemming/home/t/tabeadi/tabea_work/08_population_analysis_final/skane_only/combined/results/structure/admixture/rep024/K3/run11
rep024	3	run12	0.36099	-8017164.513667	/cfs/klemming/home/t/tabeadi/tabea_work/08_population_analysis_final/skane_only/combined/results/structure/admixture/rep024/K3/run12/data.3.Q	/cfs/klemming/home/t/tabeadi/tabea_work/08_population_analysis_final/skane_only/combined/results/structure/admixture/rep024/K3/run12
rep024	3	run13	0.361	-8017164.515422	/cfs/klemming/home/t/tabeadi/tabea_work/08_population_analysis_final/skane_only/combined/results/structure/admixture/rep024/K3/run13/data.3.Q	/cfs/klemming/home/t/tabeadi/tabea_work/08_population_analysis_final/skane_only/combined/results/structure/admixture/rep024/K3/run13
rep024	3	run14	0.361	-8017164.523774	/cfs/klemming/home/t/tabeadi/tabea_work/08_population_analysis_final/skane_only/combined/results/structure/admixture/rep024/K3/run14/data.3.Q	/cfs/klemming/home/t/tabeadi/tabea_work/08_population_analysis_final/skane_only/combined/results/structure/admixture/rep024/K3/run14
rep024	3	run15	0.36097	-8017164.512535	/cfs/klemming/home/t/tabeadi/tabea_work/08_population_analysis_final/skane_only/combined/results/structure/admixture/rep024/K3/run15/data.3.Q	/cfs/klemming/home/t/tabeadi/tabea_work/08_population_analysis_final/skane_only/combined/results/structure/admixture/rep024/K3/run15
rep024	3	run16	0.361	-8017164.516718	/cfs/klemming/home/t/tabeadi/tabea_work/08_population_analysis_final/skane_only/combined/results/structure/admixture/rep024/K3/run16/data.3.Q	/cfs/klemming/home/t/tabeadi/tabea_work/08_population_analysis_final/skane_only/combined/results/structure/admixture/rep024/K3/run16
rep024	3	run17	0.36096	-8017164.513799	/cfs/klemming/home/t/tabeadi/tabea_work/08_population_analysis_final/skane_only/combined/results/structure/admixture/rep024/K3/run17/data.3.Q	/cfs/klemming/home/t/tabeadi/tabea_work/08_population_analysis_final/skane_only/combined/results/structure/admixture/rep024/K3/run17
rep024	3	run18	0.36102	-8017164.519406	/cfs/klemming/home/t/tabeadi/tabea_work/08_population_analysis_final/skane_only/combined/results/structure/admixture/rep024/K3/run18/data.3.Q	/cfs/klemming/home/t/tabeadi/tabea_work/08_population_analysis_final/skane_only/combined/results/structure/admixture/rep024/K3/run18
rep024	3	run19	0.36097	-8017164.518099	/cfs/klemming/home/t/tabeadi/tabea_work/08_population_analysis_final/skane_only/combined/results/structure/admixture/rep024/K3/run19/data.3.Q	/cfs/klemming/home/t/tabeadi/tabea_work/08_population_analysis_final/skane_only/combined/results/structure/admixture/rep024/K3/run19
rep024	3	run20	0.36098	-8017164.512262	/cfs/klemming/home/t/tabeadi/tabea_work/08_population_analysis_final/skane_only/combined/results/structure/admixture/rep024/K3/run20/data.3.Q	/cfs/klemming/home/t/tabeadi/tabea_work/08_population_analysis_final/skane_only/combined/results/structure/admixture/rep024/K3/run20
rep024	4	run01	0.36032	-7997214.422408	/cfs/klemming/home/t/tabeadi/tabea_work/08_population_analysis_final/skane_only/combined/results/structure/admixture/rep024/K4/run01/data.4.Q	/cfs/klemming/home/t/tabeadi/tabea_work/08_population_analysis_final/skane_only/combined/results/structure/admixture/rep024/K4/run01
rep024	4	run02	0.36038	-7997214.431256	/cfs/klemming/home/t/tabeadi/tabea_work/08_population_analysis_final/skane_only/combined/results/structure/admixture/rep024/K4/run02/data.4.Q	/cfs/klemming/home/t/tabeadi/tabea_work/08_population_analysis_final/skane_only/combined/results/structure/admixture/rep024/K4/run02
rep024	4	run03	0.3604	-7997214.414319	/cfs/klemming/home/t/tabeadi/tabea_work/08_population_analysis_final/skane_only/combined/results/structure/admixture/rep024/K4/run03/data.4.Q	/cfs/klemming/home/t/tabeadi/tabea_work/08_population_analysis_final/skane_only/combined/results/structure/admixture/rep024/K4/run03
rep024	4	run04	0.36033	-7997214.437497	/cfs/klemming/home/t/tabeadi/tabea_work/08_population_analysis_final/skane_only/combined/results/structure/admixture/rep024/K4/run04/data.4.Q	/cfs/klemming/home/t/tabeadi/tabea_work/08_population_analysis_final/skane_only/combined/results/structure/admixture/rep024/K4/run04
rep024	4	run05	0.36033	-7997214.412137	/cfs/klemming/home/t/tabeadi/tabea_work/08_population_analysis_final/skane_only/combined/results/structure/admixture/rep024/K4/run05/data.4.Q	/cfs/klemming/home/t/tabeadi/tabea_work/08_population_analysis_final/skane_only/combined/results/structure/admixture/rep024/K4/run05
rep024	4	run06	0.3604	-7997214.412327	/cfs/klemming/home/t/tabeadi/tabea_work/08_population_analysis_final/skane_only/combined/results/structure/admixture/rep024/K4/run06/data.4.Q	/cfs/klemming/home/t/tabeadi/tabea_work/08_population_analysis_final/skane_only/combined/results/structure/admixture/rep024/K4/run06
rep024	4	run07	0.36034	-7997840.808659	/cfs/klemming/home/t/tabeadi/tabea_work/08_population_analysis_final/skane_only/combined/results/structure/admixture/rep024/K4/run07/data.4.Q	/cfs/klemming/home/t/tabeadi/tabea_work/08_population_analysis_final/skane_only/combined/results/structure/admixture/rep024/K4/run07
rep024	4	run08	0.36035	-7997214.421115	/cfs/klemming/home/t/tabeadi/tabea_work/08_population_analysis_final/skane_only/combined/results/structure/admixture/rep024/K4/run08/data.4.Q	/cfs/klemming/home/t/tabeadi/tabea_work/08_population_analysis_final/skane_only/combined/results/structure/admixture/rep024/K4/run08
rep024	4	run09	0.36035	-7997214.421026	/cfs/klemming/home/t/tabeadi/tabea_work/08_population_analysis_final/skane_only/combined/results/structure/admixture/rep024/K4/run09/data.4.Q	/cfs/klemming/home/t/tabeadi/tabea_work/08_population_analysis_final/skane_only/combined/results/structure/admixture/rep024/K4/run09
rep024	4	run10	0.36034	-7997214.412479	/cfs/klemming/home/t/tabeadi/tabea_work/08_population_analysis_final/skane_only/combined/results/structure/admixture/rep024/K4/run10/data.4.Q	/cfs/klemming/home/t/tabeadi/tabea_work/08_population_analysis_final/skane_only/combined/results/structure/admixture/rep024/K4/run10
rep024	4	run11	0.36034	-7997840.795907	/cfs/klemming/home/t/tabeadi/tabea_work/08_population_analysis_final/skane_only/combined/results/structure/admixture/rep024/K4/run11/data.4.Q	/cfs/klemming/home/t/tabeadi/tabea_work/08_population_analysis_final/skane_only/combined/results/structure/admixture/rep024/K4/run11
rep024	4	run12	0.36035	-7997214.434931	/cfs/klemming/home/t/tabeadi/tabea_work/08_population_analysis_final/skane_only/combined/results/structure/admixture/rep024/K4/run12/data.4.Q	/cfs/klemming/home/t/tabeadi/tabea_work/08_population_analysis_final/skane_only/combined/results/structure/admixture/rep024/K4/run12
rep024	4	run13	0.36036	-7997214.435728	/cfs/klemming/home/t/tabeadi/tabea_work/08_population_analysis_final/skane_only/combined/results/structure/admixture/rep024/K4/run13/data.4.Q	/cfs/klemming/home/t/tabeadi/tabea_work/08_population_analysis_final/skane_only/combined/results/structure/admixture/rep024/K4/run13
rep024	4	run14	0.36037	-7997214.417668	/cfs/klemming/home/t/tabeadi/tabea_work/08_population_analysis_final/skane_only/combined/results/structure/admixture/rep024/K4/run14/data.4.Q	/cfs/klemming/home/t/tabeadi/tabea_work/08_population_analysis_final/skane_only/combined/results/structure/admixture/rep024/K4/run14
rep024	4	run15	0.3604	-7997840.79315	/cfs/klemming/home/t/tabeadi/tabea_work/08_population_analysis_final/skane_only/combined/results/structure/admixture/rep024/K4/run15/data.4.Q	/cfs/klemming/home/t/tabeadi/tabea_work/08_population_analysis_final/skane_only/combined/results/structure/admixture/rep024/K4/run15
rep024	4	run16	0.36033	-7997214.417431	/cfs/klemming/home/t/tabeadi/tabea_work/08_population_analysis_final/skane_only/combined/results/structure/admixture/rep024/K4/run16/data.4.Q	/cfs/klemming/home/t/tabeadi/tabea_work/08_population_analysis_final/skane_only/combined/results/structure/admixture/rep024/K4/run16
rep024	4	run17	0.36034	-7997214.411472	/cfs/klemming/home/t/tabeadi/tabea_work/08_population_analysis_final/skane_only/combined/results/structure/admixture/rep024/K4/run17/data.4.Q	/cfs/klemming/home/t/tabeadi/tabea_work/08_population_analysis_final/skane_only/combined/results/structure/admixture/rep024/K4/run17
rep024	4	run18	0.36037	-7997840.804826	/cfs/klemming/home/t/tabeadi/tabea_work/08_population_analysis_final/skane_only/combined/results/structure/admixture/rep024/K4/run18/data.4.Q	/cfs/klemming/home/t/tabeadi/tabea_work/08_population_analysis_final/skane_only/combined/results/structure/admixture/rep024/K4/run18
rep024	4	run19	0.36038	-7997214.42072	/cfs/klemming/home/t/tabeadi/tabea_work/08_population_analysis_final/skane_only/combined/results/structure/admixture/rep024/K4/run19/data.4.Q	/cfs/klemming/home/t/tabeadi/tabea_work/08_population_analysis_final/skane_only/combined/results/structure/admixture/rep024/K4/run19
rep024	4	run20	0.36031	-7997214.430205	/cfs/klemming/home/t/tabeadi/tabea_work/08_population_analysis_final/skane_only/combined/results/structure/admixture/rep024/K4/run20/data.4.Q	/cfs/klemming/home/t/tabeadi/tabea_work/08_population_analysis_final/skane_only/combined/results/structure/admixture/rep024/K4/run20
rep024	5	run01	0.35971	-7978591.55268	/cfs/klemming/home/t/tabeadi/tabea_work/08_population_analysis_final/skane_only/combined/results/structure/admixture/rep024/K5/run01/data.5.Q	/cfs/klemming/home/t/tabeadi/tabea_work/08_population_analysis_final/skane_only/combined/results/structure/admixture/rep024/K5/run01
rep024	5	run02	0.35971	-7978591.491358	/cfs/klemming/home/t/tabeadi/tabea_work/08_population_analysis_final/skane_only/combined/results/structure/admixture/rep024/K5/run02/data.5.Q	/cfs/klemming/home/t/tabeadi/tabea_work/08_population_analysis_final/skane_only/combined/results/structure/admixture/rep024/K5/run02
rep024	5	run03	0.35977	-7978591.499924	/cfs/klemming/home/t/tabeadi/tabea_work/08_population_analysis_final/skane_only/combined/results/structure/admixture/rep024/K5/run03/data.5.Q	/cfs/klemming/home/t/tabeadi/tabea_work/08_population_analysis_final/skane_only/combined/results/structure/admixture/rep024/K5/run03
rep024	5	run04	0.35979	-7978591.487353	/cfs/klemming/home/t/tabeadi/tabea_work/08_population_analysis_final/skane_only/combined/results/structure/admixture/rep024/K5/run04/data.5.Q	/cfs/klemming/home/t/tabeadi/tabea_work/08_population_analysis_final/skane_only/combined/results/structure/admixture/rep024/K5/run04
rep024	5	run05	0.35971	-7978591.486822	/cfs/klemming/home/t/tabeadi/tabea_work/08_population_analysis_final/skane_only/combined/results/structure/admixture/rep024/K5/run05/data.5.Q	/cfs/klemming/home/t/tabeadi/tabea_work/08_population_analysis_final/skane_only/combined/results/structure/admixture/rep024/K5/run05
rep024	5	run06	0.35975	-7978591.488749	/cfs/klemming/home/t/tabeadi/tabea_work/08_population_analysis_final/skane_only/combined/results/structure/admixture/rep024/K5/run06/data.5.Q	/cfs/klemming/home/t/tabeadi/tabea_work/08_population_analysis_final/skane_only/combined/results/structure/admixture/rep024/K5/run06
rep024	5	run07	0.35977	-7978591.486191	/cfs/klemming/home/t/tabeadi/tabea_work/08_population_analysis_final/skane_only/combined/results/structure/admixture/rep024/K5/run07/data.5.Q	/cfs/klemming/home/t/tabeadi/tabea_work/08_population_analysis_final/skane_only/combined/results/structure/admixture/rep024/K5/run07
rep024	5	run08	0.35967	-7978591.4877	/cfs/klemming/home/t/tabeadi/tabea_work/08_population_analysis_final/skane_only/combined/results/structure/admixture/rep024/K5/run08/data.5.Q	/cfs/klemming/home/t/tabeadi/tabea_work/08_population_analysis_final/skane_only/combined/results/structure/admixture/rep024/K5/run08
rep024	5	run09	0.3597	-7978591.485249	/cfs/klemming/home/t/tabeadi/tabea_work/08_population_analysis_final/skane_only/combined/results/structure/admixture/rep024/K5/run09/data.5.Q	/cfs/klemming/home/t/tabeadi/tabea_work/08_population_analysis_final/skane_only/combined/results/structure/admixture/rep024/K5/run09
rep024	5	run10	0.35971	-7978591.491167	/cfs/klemming/home/t/tabeadi/tabea_work/08_population_analysis_final/skane_only/combined/results/structure/admixture/rep024/K5/run10/data.5.Q	/cfs/klemming/home/t/tabeadi/tabea_work/08_population_analysis_final/skane_only/combined/results/structure/admixture/rep024/K5/run10
rep024	5	run11	0.35984	-7978591.535882	/cfs/klemming/home/t/tabeadi/tabea_work/08_population_analysis_final/skane_only/combined/results/structure/admixture/rep024/K5/run11/data.5.Q	/cfs/klemming/home/t/tabeadi/tabea_work/08_population_analysis_final/skane_only/combined/results/structure/admixture/rep024/K5/run11
rep024	5	run12	0.35975	-7978591.502837	/cfs/klemming/home/t/tabeadi/tabea_work/08_population_analysis_final/skane_only/combined/results/structure/admixture/rep024/K5/run12/data.5.Q	/cfs/klemming/home/t/tabeadi/tabea_work/08_population_analysis_final/skane_only/combined/results/structure/admixture/rep024/K5/run12
rep024	5	run13	0.35976	-7978591.540429	/cfs/klemming/home/t/tabeadi/tabea_work/08_population_analysis_final/skane_only/combined/results/structure/admixture/rep024/K5/run13/data.5.Q	/cfs/klemming/home/t/tabeadi/tabea_work/08_population_analysis_final/skane_only/combined/results/structure/admixture/rep024/K5/run13
rep024	5	run14	0.35986	-7978591.486755	/cfs/klemming/home/t/tabeadi/tabea_work/08_population_analysis_final/skane_only/combined/results/structure/admixture/rep024/K5/run14/data.5.Q	/cfs/klemming/home/t/tabeadi/tabea_work/08_population_analysis_final/skane_only/combined/results/structure/admixture/rep024/K5/run14
rep024	5	run15	0.35975	-7978591.503738	/cfs/klemming/home/t/tabeadi/tabea_work/08_population_analysis_final/skane_only/combined/results/structure/admixture/rep024/K5/run15/data.5.Q	/cfs/klemming/home/t/tabeadi/tabea_work/08_population_analysis_final/skane_only/combined/results/structure/admixture/rep024/K5/run15
rep024	5	run16	0.35975	-7978591.48425	/cfs/klemming/home/t/tabeadi/tabea_work/08_population_analysis_final/skane_only/combined/results/structure/admixture/rep024/K5/run16/data.5.Q	/cfs/klemming/home/t/tabeadi/tabea_work/08_population_analysis_final/skane_only/combined/results/structure/admixture/rep024/K5/run16
rep024	5	run17	0.35983	-7978591.506557	/cfs/klemming/home/t/tabeadi/tabea_work/08_population_analysis_final/skane_only/combined/results/structure/admixture/rep024/K5/run17/data.5.Q	/cfs/klemming/home/t/tabeadi/tabea_work/08_population_analysis_final/skane_only/combined/results/structure/admixture/rep024/K5/run17
rep024	5	run18	0.3597	-7978591.491716	/cfs/klemming/home/t/tabeadi/tabea_work/08_population_analysis_final/skane_only/combined/results/structure/admixture/rep024/K5/run18/data.5.Q	/cfs/klemming/home/t/tabeadi/tabea_work/08_population_analysis_final/skane_only/combined/results/structure/admixture/rep024/K5/run18
rep024	5	run19	0.35976	-7978591.493753	/cfs/klemming/home/t/tabeadi/tabea_work/08_population_analysis_final/skane_only/combined/results/structure/admixture/rep024/K5/run19/data.5.Q	/cfs/klemming/home/t/tabeadi/tabea_work/08_population_analysis_final/skane_only/combined/results/structure/admixture/rep024/K5/run19
rep024	5	run20	0.35973	-7978591.493081	/cfs/klemming/home/t/tabeadi/tabea_work/08_population_analysis_final/skane_only/combined/results/structure/admixture/rep024/K5/run20/data.5.Q	/cfs/klemming/home/t/tabeadi/tabea_work/08_population_analysis_final/skane_only/combined/results/structure/admixture/rep024/K5/run20
rep024	6	run01	0.35927	-7962114.689224	/cfs/klemming/home/t/tabeadi/tabea_work/08_population_analysis_final/skane_only/combined/results/structure/admixture/rep024/K6/run01/data.6.Q	/cfs/klemming/home/t/tabeadi/tabea_work/08_population_analysis_final/skane_only/combined/results/structure/admixture/rep024/K6/run01
rep024	6	run02	0.35921	-7961077.092049	/cfs/klemming/home/t/tabeadi/tabea_work/08_population_analysis_final/skane_only/combined/results/structure/admixture/rep024/K6/run02/data.6.Q	/cfs/klemming/home/t/tabeadi/tabea_work/08_population_analysis_final/skane_only/combined/results/structure/admixture/rep024/K6/run02
rep024	6	run03	0.35912	-7961077.028753	/cfs/klemming/home/t/tabeadi/tabea_work/08_population_analysis_final/skane_only/combined/results/structure/admixture/rep024/K6/run03/data.6.Q	/cfs/klemming/home/t/tabeadi/tabea_work/08_population_analysis_final/skane_only/combined/results/structure/admixture/rep024/K6/run03
rep024	6	run04	0.35922	-7961077.03081	/cfs/klemming/home/t/tabeadi/tabea_work/08_population_analysis_final/skane_only/combined/results/structure/admixture/rep024/K6/run04/data.6.Q	/cfs/klemming/home/t/tabeadi/tabea_work/08_population_analysis_final/skane_only/combined/results/structure/admixture/rep024/K6/run04
rep024	6	run05	0.35937	-7962114.674538	/cfs/klemming/home/t/tabeadi/tabea_work/08_population_analysis_final/skane_only/combined/results/structure/admixture/rep024/K6/run05/data.6.Q	/cfs/klemming/home/t/tabeadi/tabea_work/08_population_analysis_final/skane_only/combined/results/structure/admixture/rep024/K6/run05
rep024	6	run06	0.35931	-7962117.643402	/cfs/klemming/home/t/tabeadi/tabea_work/08_population_analysis_final/skane_only/combined/results/structure/admixture/rep024/K6/run06/data.6.Q	/cfs/klemming/home/t/tabeadi/tabea_work/08_population_analysis_final/skane_only/combined/results/structure/admixture/rep024/K6/run06
rep024	6	run07	0.35916	-7961077.009983	/cfs/klemming/home/t/tabeadi/tabea_work/08_population_analysis_final/skane_only/combined/results/structure/admixture/rep024/K6/run07/data.6.Q	/cfs/klemming/home/t/tabeadi/tabea_work/08_population_analysis_final/skane_only/combined/results/structure/admixture/rep024/K6/run07
rep024	6	run08	0.35927	-7961077.041988	/cfs/klemming/home/t/tabeadi/tabea_work/08_population_analysis_final/skane_only/combined/results/structure/admixture/rep024/K6/run08/data.6.Q	/cfs/klemming/home/t/tabeadi/tabea_work/08_population_analysis_final/skane_only/combined/results/structure/admixture/rep024/K6/run08
rep024	6	run09	0.35928	-7962114.684966	/cfs/klemming/home/t/tabeadi/tabea_work/08_population_analysis_final/skane_only/combined/results/structure/admixture/rep024/K6/run09/data.6.Q	/cfs/klemming/home/t/tabeadi/tabea_work/08_population_analysis_final/skane_only/combined/results/structure/admixture/rep024/K6/run09
rep024	6	run10	0.35919	-7961077.011036	/cfs/klemming/home/t/tabeadi/tabea_work/08_population_analysis_final/skane_only/combined/results/structure/admixture/rep024/K6/run10/data.6.Q	/cfs/klemming/home/t/tabeadi/tabea_work/08_population_analysis_final/skane_only/combined/results/structure/admixture/rep024/K6/run10
rep024	6	run11	0.35913	-7961077.018687	/cfs/klemming/home/t/tabeadi/tabea_work/08_population_analysis_final/skane_only/combined/results/structure/admixture/rep024/K6/run11/data.6.Q	/cfs/klemming/home/t/tabeadi/tabea_work/08_population_analysis_final/skane_only/combined/results/structure/admixture/rep024/K6/run11
rep024	6	run12	0.35929	-7962114.683839	/cfs/klemming/home/t/tabeadi/tabea_work/08_population_analysis_final/skane_only/combined/results/structure/admixture/rep024/K6/run12/data.6.Q	/cfs/klemming/home/t/tabeadi/tabea_work/08_population_analysis_final/skane_only/combined/results/structure/admixture/rep024/K6/run12
rep024	6	run13	0.35933	-7962114.713036	/cfs/klemming/home/t/tabeadi/tabea_work/08_population_analysis_final/skane_only/combined/results/structure/admixture/rep024/K6/run13/data.6.Q	/cfs/klemming/home/t/tabeadi/tabea_work/08_population_analysis_final/skane_only/combined/results/structure/admixture/rep024/K6/run13
rep024	6	run14	0.35922	-7961077.014389	/cfs/klemming/home/t/tabeadi/tabea_work/08_population_analysis_final/skane_only/combined/results/structure/admixture/rep024/K6/run14/data.6.Q	/cfs/klemming/home/t/tabeadi/tabea_work/08_population_analysis_final/skane_only/combined/results/structure/admixture/rep024/K6/run14
rep024	6	run15	0.35914	-7961077.078092	/cfs/klemming/home/t/tabeadi/tabea_work/08_population_analysis_final/skane_only/combined/results/structure/admixture/rep024/K6/run15/data.6.Q	/cfs/klemming/home/t/tabeadi/tabea_work/08_population_analysis_final/skane_only/combined/results/structure/admixture/rep024/K6/run15
rep024	6	run16	0.35916	-7961077.109028	/cfs/klemming/home/t/tabeadi/tabea_work/08_population_analysis_final/skane_only/combined/results/structure/admixture/rep024/K6/run16/data.6.Q	/cfs/klemming/home/t/tabeadi/tabea_work/08_population_analysis_final/skane_only/combined/results/structure/admixture/rep024/K6/run16
rep024	6	run17	0.35915	-7961077.023305	/cfs/klemming/home/t/tabeadi/tabea_work/08_population_analysis_final/skane_only/combined/results/structure/admixture/rep024/K6/run17/data.6.Q	/cfs/klemming/home/t/tabeadi/tabea_work/08_population_analysis_final/skane_only/combined/results/structure/admixture/rep024/K6/run17
rep024	6	run18	0.35932	-7962117.616001	/cfs/klemming/home/t/tabeadi/tabea_work/08_population_analysis_final/skane_only/combined/results/structure/admixture/rep024/K6/run18/data.6.Q	/cfs/klemming/home/t/tabeadi/tabea_work/08_population_analysis_final/skane_only/combined/results/structure/admixture/rep024/K6/run18
rep024	6	run19	0.35914	-7961077.07318	/cfs/klemming/home/t/tabeadi/tabea_work/08_population_analysis_final/skane_only/combined/results/structure/admixture/rep024/K6/run19/data.6.Q	/cfs/klemming/home/t/tabeadi/tabea_work/08_population_analysis_final/skane_only/combined/results/structure/admixture/rep024/K6/run19
rep024	6	run20	0.35913	-7961077.010056	/cfs/klemming/home/t/tabeadi/tabea_work/08_population_analysis_final/skane_only/combined/results/structure/admixture/rep024/K6/run20/data.6.Q	/cfs/klemming/home/t/tabeadi/tabea_work/08_population_analysis_final/skane_only/combined/results/structure/admixture/rep024/K6/run20
rep024	7	run01	0.35882	-7945007.304723	/cfs/klemming/home/t/tabeadi/tabea_work/08_population_analysis_final/skane_only/combined/results/structure/admixture/rep024/K7/run01/data.7.Q	/cfs/klemming/home/t/tabeadi/tabea_work/08_population_analysis_final/skane_only/combined/results/structure/admixture/rep024/K7/run01
rep024	7	run02	0.35884	-7945007.390546	/cfs/klemming/home/t/tabeadi/tabea_work/08_population_analysis_final/skane_only/combined/results/structure/admixture/rep024/K7/run02/data.7.Q	/cfs/klemming/home/t/tabeadi/tabea_work/08_population_analysis_final/skane_only/combined/results/structure/admixture/rep024/K7/run02
rep024	7	run03	0.35885	-7945007.483845	/cfs/klemming/home/t/tabeadi/tabea_work/08_population_analysis_final/skane_only/combined/results/structure/admixture/rep024/K7/run03/data.7.Q	/cfs/klemming/home/t/tabeadi/tabea_work/08_population_analysis_final/skane_only/combined/results/structure/admixture/rep024/K7/run03
rep024	7	run04	0.35875	-7945007.456805	/cfs/klemming/home/t/tabeadi/tabea_work/08_population_analysis_final/skane_only/combined/results/structure/admixture/rep024/K7/run04/data.7.Q	/cfs/klemming/home/t/tabeadi/tabea_work/08_population_analysis_final/skane_only/combined/results/structure/admixture/rep024/K7/run04
rep024	7	run05	0.35869	-7945007.497802	/cfs/klemming/home/t/tabeadi/tabea_work/08_population_analysis_final/skane_only/combined/results/structure/admixture/rep024/K7/run05/data.7.Q	/cfs/klemming/home/t/tabeadi/tabea_work/08_population_analysis_final/skane_only/combined/results/structure/admixture/rep024/K7/run05
rep024	7	run06	0.35881	-7945007.428916	/cfs/klemming/home/t/tabeadi/tabea_work/08_population_analysis_final/skane_only/combined/results/structure/admixture/rep024/K7/run06/data.7.Q	/cfs/klemming/home/t/tabeadi/tabea_work/08_population_analysis_final/skane_only/combined/results/structure/admixture/rep024/K7/run06
rep024	7	run07	0.35881	-7946203.315083	/cfs/klemming/home/t/tabeadi/tabea_work/08_population_analysis_final/skane_only/combined/results/structure/admixture/rep024/K7/run07/data.7.Q	/cfs/klemming/home/t/tabeadi/tabea_work/08_population_analysis_final/skane_only/combined/results/structure/admixture/rep024/K7/run07
rep024	7	run08	0.35885	-7945386.407068	/cfs/klemming/home/t/tabeadi/tabea_work/08_population_analysis_final/skane_only/combined/results/structure/admixture/rep024/K7/run08/data.7.Q	/cfs/klemming/home/t/tabeadi/tabea_work/08_population_analysis_final/skane_only/combined/results/structure/admixture/rep024/K7/run08
rep024	7	run09	0.35881	-7945386.209658	/cfs/klemming/home/t/tabeadi/tabea_work/08_population_analysis_final/skane_only/combined/results/structure/admixture/rep024/K7/run09/data.7.Q	/cfs/klemming/home/t/tabeadi/tabea_work/08_population_analysis_final/skane_only/combined/results/structure/admixture/rep024/K7/run09
rep024	7	run10	0.35888	-7946127.755952	/cfs/klemming/home/t/tabeadi/tabea_work/08_population_analysis_final/skane_only/combined/results/structure/admixture/rep024/K7/run10/data.7.Q	/cfs/klemming/home/t/tabeadi/tabea_work/08_population_analysis_final/skane_only/combined/results/structure/admixture/rep024/K7/run10
rep024	7	run11	0.35889	-7945007.41462	/cfs/klemming/home/t/tabeadi/tabea_work/08_population_analysis_final/skane_only/combined/results/structure/admixture/rep024/K7/run11/data.7.Q	/cfs/klemming/home/t/tabeadi/tabea_work/08_population_analysis_final/skane_only/combined/results/structure/admixture/rep024/K7/run11
rep024	7	run12	0.3589	-7945007.481362	/cfs/klemming/home/t/tabeadi/tabea_work/08_population_analysis_final/skane_only/combined/results/structure/admixture/rep024/K7/run12/data.7.Q	/cfs/klemming/home/t/tabeadi/tabea_work/08_population_analysis_final/skane_only/combined/results/structure/admixture/rep024/K7/run12
rep024	7	run13	0.35884	-7945007.296023	/cfs/klemming/home/t/tabeadi/tabea_work/08_population_analysis_final/skane_only/combined/results/structure/admixture/rep024/K7/run13/data.7.Q	/cfs/klemming/home/t/tabeadi/tabea_work/08_population_analysis_final/skane_only/combined/results/structure/admixture/rep024/K7/run13
rep024	7	run14	0.35885	-7945007.286138	/cfs/klemming/home/t/tabeadi/tabea_work/08_population_analysis_final/skane_only/combined/results/structure/admixture/rep024/K7/run14/data.7.Q	/cfs/klemming/home/t/tabeadi/tabea_work/08_population_analysis_final/skane_only/combined/results/structure/admixture/rep024/K7/run14
rep024	7	run15	0.35877	-7945007.44772	/cfs/klemming/home/t/tabeadi/tabea_work/08_population_analysis_final/skane_only/combined/results/structure/admixture/rep024/K7/run15/data.7.Q	/cfs/klemming/home/t/tabeadi/tabea_work/08_population_analysis_final/skane_only/combined/results/structure/admixture/rep024/K7/run15
rep024	7	run16	0.35881	-7945007.397643	/cfs/klemming/home/t/tabeadi/tabea_work/08_population_analysis_final/skane_only/combined/results/structure/admixture/rep024/K7/run16/data.7.Q	/cfs/klemming/home/t/tabeadi/tabea_work/08_population_analysis_final/skane_only/combined/results/structure/admixture/rep024/K7/run16
rep024	7	run17	0.35895	-7946367.098227	/cfs/klemming/home/t/tabeadi/tabea_work/08_population_analysis_final/skane_only/combined/results/structure/admixture/rep024/K7/run17/data.7.Q	/cfs/klemming/home/t/tabeadi/tabea_work/08_population_analysis_final/skane_only/combined/results/structure/admixture/rep024/K7/run17
rep024	7	run18	0.35879	-7945007.307325	/cfs/klemming/home/t/tabeadi/tabea_work/08_population_analysis_final/skane_only/combined/results/structure/admixture/rep024/K7/run18/data.7.Q	/cfs/klemming/home/t/tabeadi/tabea_work/08_population_analysis_final/skane_only/combined/results/structure/admixture/rep024/K7/run18
rep024	7	run19	0.35867	-7945007.333997	/cfs/klemming/home/t/tabeadi/tabea_work/08_population_analysis_final/skane_only/combined/results/structure/admixture/rep024/K7/run19/data.7.Q	/cfs/klemming/home/t/tabeadi/tabea_work/08_population_analysis_final/skane_only/combined/results/structure/admixture/rep024/K7/run19
rep024	7	run20	0.3589	-7945386.39232	/cfs/klemming/home/t/tabeadi/tabea_work/08_population_analysis_final/skane_only/combined/results/structure/admixture/rep024/K7/run20/data.7.Q	/cfs/klemming/home/t/tabeadi/tabea_work/08_population_analysis_final/skane_only/combined/results/structure/admixture/rep024/K7/run20
rep024	8	run01	0.35858	-7930702.821139	/cfs/klemming/home/t/tabeadi/tabea_work/08_population_analysis_final/skane_only/combined/results/structure/admixture/rep024/K8/run01/data.8.Q	/cfs/klemming/home/t/tabeadi/tabea_work/08_population_analysis_final/skane_only/combined/results/structure/admixture/rep024/K8/run01
rep024	8	run02	0.35839	-7930540.069102	/cfs/klemming/home/t/tabeadi/tabea_work/08_population_analysis_final/skane_only/combined/results/structure/admixture/rep024/K8/run02/data.8.Q	/cfs/klemming/home/t/tabeadi/tabea_work/08_population_analysis_final/skane_only/combined/results/structure/admixture/rep024/K8/run02
rep024	8	run03	0.35848	-7930702.57258	/cfs/klemming/home/t/tabeadi/tabea_work/08_population_analysis_final/skane_only/combined/results/structure/admixture/rep024/K8/run03/data.8.Q	/cfs/klemming/home/t/tabeadi/tabea_work/08_population_analysis_final/skane_only/combined/results/structure/admixture/rep024/K8/run03
rep024	8	run04	0.35836	-7930093.141412	/cfs/klemming/home/t/tabeadi/tabea_work/08_population_analysis_final/skane_only/combined/results/structure/admixture/rep024/K8/run04/data.8.Q	/cfs/klemming/home/t/tabeadi/tabea_work/08_population_analysis_final/skane_only/combined/results/structure/admixture/rep024/K8/run04
rep024	8	run05	0.35841	-7930093.200985	/cfs/klemming/home/t/tabeadi/tabea_work/08_population_analysis_final/skane_only/combined/results/structure/admixture/rep024/K8/run05/data.8.Q	/cfs/klemming/home/t/tabeadi/tabea_work/08_population_analysis_final/skane_only/combined/results/structure/admixture/rep024/K8/run05
rep024	8	run06	0.35854	-7930964.405358	/cfs/klemming/home/t/tabeadi/tabea_work/08_population_analysis_final/skane_only/combined/results/structure/admixture/rep024/K8/run06/data.8.Q	/cfs/klemming/home/t/tabeadi/tabea_work/08_population_analysis_final/skane_only/combined/results/structure/admixture/rep024/K8/run06
rep024	8	run07	0.35843	-7930500.598844	/cfs/klemming/home/t/tabeadi/tabea_work/08_population_analysis_final/skane_only/combined/results/structure/admixture/rep024/K8/run07/data.8.Q	/cfs/klemming/home/t/tabeadi/tabea_work/08_population_analysis_final/skane_only/combined/results/structure/admixture/rep024/K8/run07
rep024	8	run08	0.3584	-7930540.580298	/cfs/klemming/home/t/tabeadi/tabea_work/08_population_analysis_final/skane_only/combined/results/structure/admixture/rep024/K8/run08/data.8.Q	/cfs/klemming/home/t/tabeadi/tabea_work/08_population_analysis_final/skane_only/combined/results/structure/admixture/rep024/K8/run08
rep024	8	run09	0.35847	-7930245.359389	/cfs/klemming/home/t/tabeadi/tabea_work/08_population_analysis_final/skane_only/combined/results/structure/admixture/rep024/K8/run09/data.8.Q	/cfs/klemming/home/t/tabeadi/tabea_work/08_population_analysis_final/skane_only/combined/results/structure/admixture/rep024/K8/run09
rep024	8	run10	0.35849	-7930245.277228	/cfs/klemming/home/t/tabeadi/tabea_work/08_population_analysis_final/skane_only/combined/results/structure/admixture/rep024/K8/run10/data.8.Q	/cfs/klemming/home/t/tabeadi/tabea_work/08_population_analysis_final/skane_only/combined/results/structure/admixture/rep024/K8/run10
rep024	8	run11	0.35848	-7930227.200296	/cfs/klemming/home/t/tabeadi/tabea_work/08_population_analysis_final/skane_only/combined/results/structure/admixture/rep024/K8/run11/data.8.Q	/cfs/klemming/home/t/tabeadi/tabea_work/08_population_analysis_final/skane_only/combined/results/structure/admixture/rep024/K8/run11
rep024	8	run12	0.35849	-7930093.259494	/cfs/klemming/home/t/tabeadi/tabea_work/08_population_analysis_final/skane_only/combined/results/structure/admixture/rep024/K8/run12/data.8.Q	/cfs/klemming/home/t/tabeadi/tabea_work/08_population_analysis_final/skane_only/combined/results/structure/admixture/rep024/K8/run12
rep024	8	run13	0.35837	-7930540.576419	/cfs/klemming/home/t/tabeadi/tabea_work/08_population_analysis_final/skane_only/combined/results/structure/admixture/rep024/K8/run13/data.8.Q	/cfs/klemming/home/t/tabeadi/tabea_work/08_population_analysis_final/skane_only/combined/results/structure/admixture/rep024/K8/run13
rep024	8	run14	0.35859	-7930227.015949	/cfs/klemming/home/t/tabeadi/tabea_work/08_population_analysis_final/skane_only/combined/results/structure/admixture/rep024/K8/run14/data.8.Q	/cfs/klemming/home/t/tabeadi/tabea_work/08_population_analysis_final/skane_only/combined/results/structure/admixture/rep024/K8/run14
rep024	8	run15	0.3584	-7930227.21558	/cfs/klemming/home/t/tabeadi/tabea_work/08_population_analysis_final/skane_only/combined/results/structure/admixture/rep024/K8/run15/data.8.Q	/cfs/klemming/home/t/tabeadi/tabea_work/08_population_analysis_final/skane_only/combined/results/structure/admixture/rep024/K8/run15
rep024	8	run16	0.35838	-7930964.444625	/cfs/klemming/home/t/tabeadi/tabea_work/08_population_analysis_final/skane_only/combined/results/structure/admixture/rep024/K8/run16/data.8.Q	/cfs/klemming/home/t/tabeadi/tabea_work/08_population_analysis_final/skane_only/combined/results/structure/admixture/rep024/K8/run16
rep024	8	run17	0.35868	-7932251.343586	/cfs/klemming/home/t/tabeadi/tabea_work/08_population_analysis_final/skane_only/combined/results/structure/admixture/rep024/K8/run17/data.8.Q	/cfs/klemming/home/t/tabeadi/tabea_work/08_population_analysis_final/skane_only/combined/results/structure/admixture/rep024/K8/run17
rep024	8	run18	0.35849	-7930702.687412	/cfs/klemming/home/t/tabeadi/tabea_work/08_population_analysis_final/skane_only/combined/results/structure/admixture/rep024/K8/run18/data.8.Q	/cfs/klemming/home/t/tabeadi/tabea_work/08_population_analysis_final/skane_only/combined/results/structure/admixture/rep024/K8/run18
rep024	8	run19	0.35842	-7930500.723156	/cfs/klemming/home/t/tabeadi/tabea_work/08_population_analysis_final/skane_only/combined/results/structure/admixture/rep024/K8/run19/data.8.Q	/cfs/klemming/home/t/tabeadi/tabea_work/08_population_analysis_final/skane_only/combined/results/structure/admixture/rep024/K8/run19
rep024	8	run20	0.35858	-7930566.49508	/cfs/klemming/home/t/tabeadi/tabea_work/08_population_analysis_final/skane_only/combined/results/structure/admixture/rep024/K8/run20/data.8.Q	/cfs/klemming/home/t/tabeadi/tabea_work/08_population_analysis_final/skane_only/combined/results/structure/admixture/rep024/K8/run20
rep025	1	run01	0.36	-8244150.238044	/cfs/klemming/home/t/tabeadi/tabea_work/08_population_analysis_final/skane_only/combined/results/structure/admixture/rep025/K1/run01/data.1.Q	/cfs/klemming/home/t/tabeadi/tabea_work/08_population_analysis_final/skane_only/combined/results/structure/admixture/rep025/K1/run01
rep025	1	run02	0.35998	-8244150.238044	/cfs/klemming/home/t/tabeadi/tabea_work/08_population_analysis_final/skane_only/combined/results/structure/admixture/rep025/K1/run02/data.1.Q	/cfs/klemming/home/t/tabeadi/tabea_work/08_population_analysis_final/skane_only/combined/results/structure/admixture/rep025/K1/run02
rep025	1	run03	0.35999	-8244150.238044	/cfs/klemming/home/t/tabeadi/tabea_work/08_population_analysis_final/skane_only/combined/results/structure/admixture/rep025/K1/run03/data.1.Q	/cfs/klemming/home/t/tabeadi/tabea_work/08_population_analysis_final/skane_only/combined/results/structure/admixture/rep025/K1/run03
rep025	1	run04	0.36	-8244150.238044	/cfs/klemming/home/t/tabeadi/tabea_work/08_population_analysis_final/skane_only/combined/results/structure/admixture/rep025/K1/run04/data.1.Q	/cfs/klemming/home/t/tabeadi/tabea_work/08_population_analysis_final/skane_only/combined/results/structure/admixture/rep025/K1/run04
rep025	1	run05	0.35999	-8244150.238044	/cfs/klemming/home/t/tabeadi/tabea_work/08_population_analysis_final/skane_only/combined/results/structure/admixture/rep025/K1/run05/data.1.Q	/cfs/klemming/home/t/tabeadi/tabea_work/08_population_analysis_final/skane_only/combined/results/structure/admixture/rep025/K1/run05
rep025	1	run06	0.35999	-8244150.238044	/cfs/klemming/home/t/tabeadi/tabea_work/08_population_analysis_final/skane_only/combined/results/structure/admixture/rep025/K1/run06/data.1.Q	/cfs/klemming/home/t/tabeadi/tabea_work/08_population_analysis_final/skane_only/combined/results/structure/admixture/rep025/K1/run06
rep025	1	run07	0.35998	-8244150.238044	/cfs/klemming/home/t/tabeadi/tabea_work/08_population_analysis_final/skane_only/combined/results/structure/admixture/rep025/K1/run07/data.1.Q	/cfs/klemming/home/t/tabeadi/tabea_work/08_population_analysis_final/skane_only/combined/results/structure/admixture/rep025/K1/run07
rep025	1	run08	0.35999	-8244150.238044	/cfs/klemming/home/t/tabeadi/tabea_work/08_population_analysis_final/skane_only/combined/results/structure/admixture/rep025/K1/run08/data.1.Q	/cfs/klemming/home/t/tabeadi/tabea_work/08_population_analysis_final/skane_only/combined/results/structure/admixture/rep025/K1/run08
rep025	1	run09	0.35999	-8244150.238044	/cfs/klemming/home/t/tabeadi/tabea_work/08_population_analysis_final/skane_only/combined/results/structure/admixture/rep025/K1/run09/data.1.Q	/cfs/klemming/home/t/tabeadi/tabea_work/08_population_analysis_final/skane_only/combined/results/structure/admixture/rep025/K1/run09
rep025	1	run10	0.35998	-8244150.238044	/cfs/klemming/home/t/tabeadi/tabea_work/08_population_analysis_final/skane_only/combined/results/structure/admixture/rep025/K1/run10/data.1.Q	/cfs/klemming/home/t/tabeadi/tabea_work/08_population_analysis_final/skane_only/combined/results/structure/admixture/rep025/K1/run10
rep025	1	run11	0.35998	-8244150.238044	/cfs/klemming/home/t/tabeadi/tabea_work/08_population_analysis_final/skane_only/combined/results/structure/admixture/rep025/K1/run11/data.1.Q	/cfs/klemming/home/t/tabeadi/tabea_work/08_population_analysis_final/skane_only/combined/results/structure/admixture/rep025/K1/run11
rep025	1	run12	0.35998	-8244150.238044	/cfs/klemming/home/t/tabeadi/tabea_work/08_population_analysis_final/skane_only/combined/results/structure/admixture/rep025/K1/run12/data.1.Q	/cfs/klemming/home/t/tabeadi/tabea_work/08_population_analysis_final/skane_only/combined/results/structure/admixture/rep025/K1/run12
rep025	1	run13	0.35998	-8244150.238044	/cfs/klemming/home/t/tabeadi/tabea_work/08_population_analysis_final/skane_only/combined/results/structure/admixture/rep025/K1/run13/data.1.Q	/cfs/klemming/home/t/tabeadi/tabea_work/08_population_analysis_final/skane_only/combined/results/structure/admixture/rep025/K1/run13
rep025	1	run14	0.35999	-8244150.238044	/cfs/klemming/home/t/tabeadi/tabea_work/08_population_analysis_final/skane_only/combined/results/structure/admixture/rep025/K1/run14/data.1.Q	/cfs/klemming/home/t/tabeadi/tabea_work/08_population_analysis_final/skane_only/combined/results/structure/admixture/rep025/K1/run14
rep025	1	run15	0.36	-8244150.238044	/cfs/klemming/home/t/tabeadi/tabea_work/08_population_analysis_final/skane_only/combined/results/structure/admixture/rep025/K1/run15/data.1.Q	/cfs/klemming/home/t/tabeadi/tabea_work/08_population_analysis_final/skane_only/combined/results/structure/admixture/rep025/K1/run15
rep025	1	run16	0.35998	-8244150.238044	/cfs/klemming/home/t/tabeadi/tabea_work/08_population_analysis_final/skane_only/combined/results/structure/admixture/rep025/K1/run16/data.1.Q	/cfs/klemming/home/t/tabeadi/tabea_work/08_population_analysis_final/skane_only/combined/results/structure/admixture/rep025/K1/run16
rep025	1	run17	0.35998	-8244150.238044	/cfs/klemming/home/t/tabeadi/tabea_work/08_population_analysis_final/skane_only/combined/results/structure/admixture/rep025/K1/run17/data.1.Q	/cfs/klemming/home/t/tabeadi/tabea_work/08_population_analysis_final/skane_only/combined/results/structure/admixture/rep025/K1/run17
rep025	1	run18	0.35999	-8244150.238044	/cfs/klemming/home/t/tabeadi/tabea_work/08_population_analysis_final/skane_only/combined/results/structure/admixture/rep025/K1/run18/data.1.Q	/cfs/klemming/home/t/tabeadi/tabea_work/08_population_analysis_final/skane_only/combined/results/structure/admixture/rep025/K1/run18
rep025	1	run19	0.35998	-8244150.238044	/cfs/klemming/home/t/tabeadi/tabea_work/08_population_analysis_final/skane_only/combined/results/structure/admixture/rep025/K1/run19/data.1.Q	/cfs/klemming/home/t/tabeadi/tabea_work/08_population_analysis_final/skane_only/combined/results/structure/admixture/rep025/K1/run19
rep025	1	run20	0.36	-8244150.238044	/cfs/klemming/home/t/tabeadi/tabea_work/08_population_analysis_final/skane_only/combined/results/structure/admixture/rep025/K1/run20/data.1.Q	/cfs/klemming/home/t/tabeadi/tabea_work/08_population_analysis_final/skane_only/combined/results/structure/admixture/rep025/K1/run20
rep025	2	run01	0.35901	-8217691.54657	/cfs/klemming/home/t/tabeadi/tabea_work/08_population_analysis_final/skane_only/combined/results/structure/admixture/rep025/K2/run01/data.2.Q	/cfs/klemming/home/t/tabeadi/tabea_work/08_population_analysis_final/skane_only/combined/results/structure/admixture/rep025/K2/run01
rep025	2	run02	0.35903	-8217693.721039	/cfs/klemming/home/t/tabeadi/tabea_work/08_population_analysis_final/skane_only/combined/results/structure/admixture/rep025/K2/run02/data.2.Q	/cfs/klemming/home/t/tabeadi/tabea_work/08_population_analysis_final/skane_only/combined/results/structure/admixture/rep025/K2/run02
rep025	2	run03	0.35903	-8217693.721051	/cfs/klemming/home/t/tabeadi/tabea_work/08_population_analysis_final/skane_only/combined/results/structure/admixture/rep025/K2/run03/data.2.Q	/cfs/klemming/home/t/tabeadi/tabea_work/08_population_analysis_final/skane_only/combined/results/structure/admixture/rep025/K2/run03
rep025	2	run04	0.35902	-8217691.546568	/cfs/klemming/home/t/tabeadi/tabea_work/08_population_analysis_final/skane_only/combined/results/structure/admixture/rep025/K2/run04/data.2.Q	/cfs/klemming/home/t/tabeadi/tabea_work/08_population_analysis_final/skane_only/combined/results/structure/admixture/rep025/K2/run04
rep025	2	run05	0.35904	-8217693.72106	/cfs/klemming/home/t/tabeadi/tabea_work/08_population_analysis_final/skane_only/combined/results/structure/admixture/rep025/K2/run05/data.2.Q	/cfs/klemming/home/t/tabeadi/tabea_work/08_population_analysis_final/skane_only/combined/results/structure/admixture/rep025/K2/run05
rep025	2	run06	0.35902	-8217693.721016	/cfs/klemming/home/t/tabeadi/tabea_work/08_population_analysis_final/skane_only/combined/results/structure/admixture/rep025/K2/run06/data.2.Q	/cfs/klemming/home/t/tabeadi/tabea_work/08_population_analysis_final/skane_only/combined/results/structure/admixture/rep025/K2/run06
rep025	2	run07	0.35903	-8217693.721021	/cfs/klemming/home/t/tabeadi/tabea_work/08_population_analysis_final/skane_only/combined/results/structure/admixture/rep025/K2/run07/data.2.Q	/cfs/klemming/home/t/tabeadi/tabea_work/08_population_analysis_final/skane_only/combined/results/structure/admixture/rep025/K2/run07
rep025	2	run08	0.35904	-8217691.546596	/cfs/klemming/home/t/tabeadi/tabea_work/08_population_analysis_final/skane_only/combined/results/structure/admixture/rep025/K2/run08/data.2.Q	/cfs/klemming/home/t/tabeadi/tabea_work/08_population_analysis_final/skane_only/combined/results/structure/admixture/rep025/K2/run08
rep025	2	run09	0.35902	-8217691.546568	/cfs/klemming/home/t/tabeadi/tabea_work/08_population_analysis_final/skane_only/combined/results/structure/admixture/rep025/K2/run09/data.2.Q	/cfs/klemming/home/t/tabeadi/tabea_work/08_population_analysis_final/skane_only/combined/results/structure/admixture/rep025/K2/run09
rep025	2	run10	0.35902	-8217693.721058	/cfs/klemming/home/t/tabeadi/tabea_work/08_population_analysis_final/skane_only/combined/results/structure/admixture/rep025/K2/run10/data.2.Q	/cfs/klemming/home/t/tabeadi/tabea_work/08_population_analysis_final/skane_only/combined/results/structure/admixture/rep025/K2/run10
rep025	2	run11	0.35904	-8217693.72105	/cfs/klemming/home/t/tabeadi/tabea_work/08_population_analysis_final/skane_only/combined/results/structure/admixture/rep025/K2/run11/data.2.Q	/cfs/klemming/home/t/tabeadi/tabea_work/08_population_analysis_final/skane_only/combined/results/structure/admixture/rep025/K2/run11
rep025	2	run12	0.35902	-8217691.546568	/cfs/klemming/home/t/tabeadi/tabea_work/08_population_analysis_final/skane_only/combined/results/structure/admixture/rep025/K2/run12/data.2.Q	/cfs/klemming/home/t/tabeadi/tabea_work/08_population_analysis_final/skane_only/combined/results/structure/admixture/rep025/K2/run12
rep025	2	run13	0.35904	-8217693.721078	/cfs/klemming/home/t/tabeadi/tabea_work/08_population_analysis_final/skane_only/combined/results/structure/admixture/rep025/K2/run13/data.2.Q	/cfs/klemming/home/t/tabeadi/tabea_work/08_population_analysis_final/skane_only/combined/results/structure/admixture/rep025/K2/run13
rep025	2	run14	0.35905	-8217693.721125	/cfs/klemming/home/t/tabeadi/tabea_work/08_population_analysis_final/skane_only/combined/results/structure/admixture/rep025/K2/run14/data.2.Q	/cfs/klemming/home/t/tabeadi/tabea_work/08_population_analysis_final/skane_only/combined/results/structure/admixture/rep025/K2/run14
rep025	2	run15	0.35904	-8217693.721029	/cfs/klemming/home/t/tabeadi/tabea_work/08_population_analysis_final/skane_only/combined/results/structure/admixture/rep025/K2/run15/data.2.Q	/cfs/klemming/home/t/tabeadi/tabea_work/08_population_analysis_final/skane_only/combined/results/structure/admixture/rep025/K2/run15
rep025	2	run16	0.35901	-8217691.546588	/cfs/klemming/home/t/tabeadi/tabea_work/08_population_analysis_final/skane_only/combined/results/structure/admixture/rep025/K2/run16/data.2.Q	/cfs/klemming/home/t/tabeadi/tabea_work/08_population_analysis_final/skane_only/combined/results/structure/admixture/rep025/K2/run16
rep025	2	run17	0.35902	-8217691.546585	/cfs/klemming/home/t/tabeadi/tabea_work/08_population_analysis_final/skane_only/combined/results/structure/admixture/rep025/K2/run17/data.2.Q	/cfs/klemming/home/t/tabeadi/tabea_work/08_population_analysis_final/skane_only/combined/results/structure/admixture/rep025/K2/run17
rep025	2	run18	0.35899	-8217691.546589	/cfs/klemming/home/t/tabeadi/tabea_work/08_population_analysis_final/skane_only/combined/results/structure/admixture/rep025/K2/run18/data.2.Q	/cfs/klemming/home/t/tabeadi/tabea_work/08_population_analysis_final/skane_only/combined/results/structure/admixture/rep025/K2/run18
rep025	2	run19	0.35901	-8217691.546567	/cfs/klemming/home/t/tabeadi/tabea_work/08_population_analysis_final/skane_only/combined/results/structure/admixture/rep025/K2/run19/data.2.Q	/cfs/klemming/home/t/tabeadi/tabea_work/08_population_analysis_final/skane_only/combined/results/structure/admixture/rep025/K2/run19
rep025	2	run20	0.359	-8217693.721022	/cfs/klemming/home/t/tabeadi/tabea_work/08_population_analysis_final/skane_only/combined/results/structure/admixture/rep025/K2/run20/data.2.Q	/cfs/klemming/home/t/tabeadi/tabea_work/08_population_analysis_final/skane_only/combined/results/structure/admixture/rep025/K2/run20
rep025	3	run01	0.35833	-8195860.833035	/cfs/klemming/home/t/tabeadi/tabea_work/08_population_analysis_final/skane_only/combined/results/structure/admixture/rep025/K3/run01/data.3.Q	/cfs/klemming/home/t/tabeadi/tabea_work/08_population_analysis_final/skane_only/combined/results/structure/admixture/rep025/K3/run01
rep025	3	run02	0.35834	-8195860.830966	/cfs/klemming/home/t/tabeadi/tabea_work/08_population_analysis_final/skane_only/combined/results/structure/admixture/rep025/K3/run02/data.3.Q	/cfs/klemming/home/t/tabeadi/tabea_work/08_population_analysis_final/skane_only/combined/results/structure/admixture/rep025/K3/run02
rep025	3	run03	0.35836	-8195949.800565	/cfs/klemming/home/t/tabeadi/tabea_work/08_population_analysis_final/skane_only/combined/results/structure/admixture/rep025/K3/run03/data.3.Q	/cfs/klemming/home/t/tabeadi/tabea_work/08_population_analysis_final/skane_only/combined/results/structure/admixture/rep025/K3/run03
rep025	3	run04	0.35836	-8195949.799138	/cfs/klemming/home/t/tabeadi/tabea_work/08_population_analysis_final/skane_only/combined/results/structure/admixture/rep025/K3/run04/data.3.Q	/cfs/klemming/home/t/tabeadi/tabea_work/08_population_analysis_final/skane_only/combined/results/structure/admixture/rep025/K3/run04
rep025	3	run05	0.35839	-8195860.843192	/cfs/klemming/home/t/tabeadi/tabea_work/08_population_analysis_final/skane_only/combined/results/structure/admixture/rep025/K3/run05/data.3.Q	/cfs/klemming/home/t/tabeadi/tabea_work/08_population_analysis_final/skane_only/combined/results/structure/admixture/rep025/K3/run05
rep025	3	run06	0.3584	-8195949.803501	/cfs/klemming/home/t/tabeadi/tabea_work/08_population_analysis_final/skane_only/combined/results/structure/admixture/rep025/K3/run06/data.3.Q	/cfs/klemming/home/t/tabeadi/tabea_work/08_population_analysis_final/skane_only/combined/results/structure/admixture/rep025/K3/run06
rep025	3	run07	0.35832	-8195860.832292	/cfs/klemming/home/t/tabeadi/tabea_work/08_population_analysis_final/skane_only/combined/results/structure/admixture/rep025/K3/run07/data.3.Q	/cfs/klemming/home/t/tabeadi/tabea_work/08_population_analysis_final/skane_only/combined/results/structure/admixture/rep025/K3/run07
rep025	3	run08	0.35835	-8195860.830733	/cfs/klemming/home/t/tabeadi/tabea_work/08_population_analysis_final/skane_only/combined/results/structure/admixture/rep025/K3/run08/data.3.Q	/cfs/klemming/home/t/tabeadi/tabea_work/08_population_analysis_final/skane_only/combined/results/structure/admixture/rep025/K3/run08
rep025	3	run09	0.35832	-8195860.836627	/cfs/klemming/home/t/tabeadi/tabea_work/08_population_analysis_final/skane_only/combined/results/structure/admixture/rep025/K3/run09/data.3.Q	/cfs/klemming/home/t/tabeadi/tabea_work/08_population_analysis_final/skane_only/combined/results/structure/admixture/rep025/K3/run09
rep025	3	run10	0.35837	-8195860.836263	/cfs/klemming/home/t/tabeadi/tabea_work/08_population_analysis_final/skane_only/combined/results/structure/admixture/rep025/K3/run10/data.3.Q	/cfs/klemming/home/t/tabeadi/tabea_work/08_population_analysis_final/skane_only/combined/results/structure/admixture/rep025/K3/run10
rep025	3	run11	0.35837	-8195949.804249	/cfs/klemming/home/t/tabeadi/tabea_work/08_population_analysis_final/skane_only/combined/results/structure/admixture/rep025/K3/run11/data.3.Q	/cfs/klemming/home/t/tabeadi/tabea_work/08_population_analysis_final/skane_only/combined/results/structure/admixture/rep025/K3/run11
rep025	3	run12	0.35835	-8195860.832218	/cfs/klemming/home/t/tabeadi/tabea_work/08_population_analysis_final/skane_only/combined/results/structure/admixture/rep025/K3/run12/data.3.Q	/cfs/klemming/home/t/tabeadi/tabea_work/08_population_analysis_final/skane_only/combined/results/structure/admixture/rep025/K3/run12
rep025	3	run13	0.35834	-8195860.833858	/cfs/klemming/home/t/tabeadi/tabea_work/08_population_analysis_final/skane_only/combined/results/structure/admixture/rep025/K3/run13/data.3.Q	/cfs/klemming/home/t/tabeadi/tabea_work/08_population_analysis_final/skane_only/combined/results/structure/admixture/rep025/K3/run13
rep025	3	run14	0.35838	-8195860.830604	/cfs/klemming/home/t/tabeadi/tabea_work/08_population_analysis_final/skane_only/combined/results/structure/admixture/rep025/K3/run14/data.3.Q	/cfs/klemming/home/t/tabeadi/tabea_work/08_population_analysis_final/skane_only/combined/results/structure/admixture/rep025/K3/run14
rep025	3	run15	0.35831	-8195949.802866	/cfs/klemming/home/t/tabeadi/tabea_work/08_population_analysis_final/skane_only/combined/results/structure/admixture/rep025/K3/run15/data.3.Q	/cfs/klemming/home/t/tabeadi/tabea_work/08_population_analysis_final/skane_only/combined/results/structure/admixture/rep025/K3/run15
rep025	3	run16	0.35836	-8195860.83488	/cfs/klemming/home/t/tabeadi/tabea_work/08_population_analysis_final/skane_only/combined/results/structure/admixture/rep025/K3/run16/data.3.Q	/cfs/klemming/home/t/tabeadi/tabea_work/08_population_analysis_final/skane_only/combined/results/structure/admixture/rep025/K3/run16
rep025	3	run17	0.35835	-8195860.833983	/cfs/klemming/home/t/tabeadi/tabea_work/08_population_analysis_final/skane_only/combined/results/structure/admixture/rep025/K3/run17/data.3.Q	/cfs/klemming/home/t/tabeadi/tabea_work/08_population_analysis_final/skane_only/combined/results/structure/admixture/rep025/K3/run17
rep025	3	run18	0.35837	-8195860.831509	/cfs/klemming/home/t/tabeadi/tabea_work/08_population_analysis_final/skane_only/combined/results/structure/admixture/rep025/K3/run18/data.3.Q	/cfs/klemming/home/t/tabeadi/tabea_work/08_population_analysis_final/skane_only/combined/results/structure/admixture/rep025/K3/run18
rep025	3	run19	0.35833	-8195949.798598	/cfs/klemming/home/t/tabeadi/tabea_work/08_population_analysis_final/skane_only/combined/results/structure/admixture/rep025/K3/run19/data.3.Q	/cfs/klemming/home/t/tabeadi/tabea_work/08_population_analysis_final/skane_only/combined/results/structure/admixture/rep025/K3/run19
rep025	3	run20	0.35835	-8195860.832193	/cfs/klemming/home/t/tabeadi/tabea_work/08_population_analysis_final/skane_only/combined/results/structure/admixture/rep025/K3/run20/data.3.Q	/cfs/klemming/home/t/tabeadi/tabea_work/08_population_analysis_final/skane_only/combined/results/structure/admixture/rep025/K3/run20
rep025	4	run01	0.35782	-8176412.278436	/cfs/klemming/home/t/tabeadi/tabea_work/08_population_analysis_final/skane_only/combined/results/structure/admixture/rep025/K4/run01/data.4.Q	/cfs/klemming/home/t/tabeadi/tabea_work/08_population_analysis_final/skane_only/combined/results/structure/admixture/rep025/K4/run01
rep025	4	run02	0.35778	-8176412.276707	/cfs/klemming/home/t/tabeadi/tabea_work/08_population_analysis_final/skane_only/combined/results/structure/admixture/rep025/K4/run02/data.4.Q	/cfs/klemming/home/t/tabeadi/tabea_work/08_population_analysis_final/skane_only/combined/results/structure/admixture/rep025/K4/run02
rep025	4	run03	0.35776	-8175831.405801	/cfs/klemming/home/t/tabeadi/tabea_work/08_population_analysis_final/skane_only/combined/results/structure/admixture/rep025/K4/run03/data.4.Q	/cfs/klemming/home/t/tabeadi/tabea_work/08_population_analysis_final/skane_only/combined/results/structure/admixture/rep025/K4/run03
rep025	4	run04	0.35778	-8176412.283472	/cfs/klemming/home/t/tabeadi/tabea_work/08_population_analysis_final/skane_only/combined/results/structure/admixture/rep025/K4/run04/data.4.Q	/cfs/klemming/home/t/tabeadi/tabea_work/08_population_analysis_final/skane_only/combined/results/structure/admixture/rep025/K4/run04
rep025	4	run05	0.35783	-8176412.277715	/cfs/klemming/home/t/tabeadi/tabea_work/08_population_analysis_final/skane_only/combined/results/structure/admixture/rep025/K4/run05/data.4.Q	/cfs/klemming/home/t/tabeadi/tabea_work/08_population_analysis_final/skane_only/combined/results/structure/admixture/rep025/K4/run05
rep025	4	run06	0.35778	-8175831.409418	/cfs/klemming/home/t/tabeadi/tabea_work/08_population_analysis_final/skane_only/combined/results/structure/admixture/rep025/K4/run06/data.4.Q	/cfs/klemming/home/t/tabeadi/tabea_work/08_population_analysis_final/skane_only/combined/results/structure/admixture/rep025/K4/run06
rep025	4	run07	0.35776	-8175831.438302	/cfs/klemming/home/t/tabeadi/tabea_work/08_population_analysis_final/skane_only/combined/results/structure/admixture/rep025/K4/run07/data.4.Q	/cfs/klemming/home/t/tabeadi/tabea_work/08_population_analysis_final/skane_only/combined/results/structure/admixture/rep025/K4/run07
rep025	4	run08	0.35772	-8175831.402333	/cfs/klemming/home/t/tabeadi/tabea_work/08_population_analysis_final/skane_only/combined/results/structure/admixture/rep025/K4/run08/data.4.Q	/cfs/klemming/home/t/tabeadi/tabea_work/08_population_analysis_final/skane_only/combined/results/structure/admixture/rep025/K4/run08
rep025	4	run09	0.3577	-8175831.410428	/cfs/klemming/home/t/tabeadi/tabea_work/08_population_analysis_final/skane_only/combined/results/structure/admixture/rep025/K4/run09/data.4.Q	/cfs/klemming/home/t/tabeadi/tabea_work/08_population_analysis_final/skane_only/combined/results/structure/admixture/rep025/K4/run09
rep025	4	run10	0.35773	-8175831.413788	/cfs/klemming/home/t/tabeadi/tabea_work/08_population_analysis_final/skane_only/combined/results/structure/admixture/rep025/K4/run10/data.4.Q	/cfs/klemming/home/t/tabeadi/tabea_work/08_population_analysis_final/skane_only/combined/results/structure/admixture/rep025/K4/run10
rep025	4	run11	0.35776	-8176412.274188	/cfs/klemming/home/t/tabeadi/tabea_work/08_population_analysis_final/skane_only/combined/results/structure/admixture/rep025/K4/run11/data.4.Q	/cfs/klemming/home/t/tabeadi/tabea_work/08_population_analysis_final/skane_only/combined/results/structure/admixture/rep025/K4/run11
rep025	4	run12	0.3578	-8175831.404122	/cfs/klemming/home/t/tabeadi/tabea_work/08_population_analysis_final/skane_only/combined/results/structure/admixture/rep025/K4/run12/data.4.Q	/cfs/klemming/home/t/tabeadi/tabea_work/08_population_analysis_final/skane_only/combined/results/structure/admixture/rep025/K4/run12
rep025	4	run13	0.35776	-8175831.401414	/cfs/klemming/home/t/tabeadi/tabea_work/08_population_analysis_final/skane_only/combined/results/structure/admixture/rep025/K4/run13/data.4.Q	/cfs/klemming/home/t/tabeadi/tabea_work/08_population_analysis_final/skane_only/combined/results/structure/admixture/rep025/K4/run13
rep025	4	run14	0.35772	-8175831.399521	/cfs/klemming/home/t/tabeadi/tabea_work/08_population_analysis_final/skane_only/combined/results/structure/admixture/rep025/K4/run14/data.4.Q	/cfs/klemming/home/t/tabeadi/tabea_work/08_population_analysis_final/skane_only/combined/results/structure/admixture/rep025/K4/run14
rep025	4	run15	0.35773	-8175831.403427	/cfs/klemming/home/t/tabeadi/tabea_work/08_population_analysis_final/skane_only/combined/results/structure/admixture/rep025/K4/run15/data.4.Q	/cfs/klemming/home/t/tabeadi/tabea_work/08_population_analysis_final/skane_only/combined/results/structure/admixture/rep025/K4/run15
rep025	4	run16	0.35776	-8175831.422501	/cfs/klemming/home/t/tabeadi/tabea_work/08_population_analysis_final/skane_only/combined/results/structure/admixture/rep025/K4/run16/data.4.Q	/cfs/klemming/home/t/tabeadi/tabea_work/08_population_analysis_final/skane_only/combined/results/structure/admixture/rep025/K4/run16
rep025	4	run17	0.35774	-8175831.403329	/cfs/klemming/home/t/tabeadi/tabea_work/08_population_analysis_final/skane_only/combined/results/structure/admixture/rep025/K4/run17/data.4.Q	/cfs/klemming/home/t/tabeadi/tabea_work/08_population_analysis_final/skane_only/combined/results/structure/admixture/rep025/K4/run17
rep025	4	run18	0.35779	-8176412.282397	/cfs/klemming/home/t/tabeadi/tabea_work/08_population_analysis_final/skane_only/combined/results/structure/admixture/rep025/K4/run18/data.4.Q	/cfs/klemming/home/t/tabeadi/tabea_work/08_population_analysis_final/skane_only/combined/results/structure/admixture/rep025/K4/run18
rep025	4	run19	0.3578	-8176412.278771	/cfs/klemming/home/t/tabeadi/tabea_work/08_population_analysis_final/skane_only/combined/results/structure/admixture/rep025/K4/run19/data.4.Q	/cfs/klemming/home/t/tabeadi/tabea_work/08_population_analysis_final/skane_only/combined/results/structure/admixture/rep025/K4/run19
rep025	4	run20	0.35772	-8175831.402873	/cfs/klemming/home/t/tabeadi/tabea_work/08_population_analysis_final/skane_only/combined/results/structure/admixture/rep025/K4/run20/data.4.Q	/cfs/klemming/home/t/tabeadi/tabea_work/08_population_analysis_final/skane_only/combined/results/structure/admixture/rep025/K4/run20
rep025	5	run01	0.35716	-8157355.226887	/cfs/klemming/home/t/tabeadi/tabea_work/08_population_analysis_final/skane_only/combined/results/structure/admixture/rep025/K5/run01/data.5.Q	/cfs/klemming/home/t/tabeadi/tabea_work/08_population_analysis_final/skane_only/combined/results/structure/admixture/rep025/K5/run01
rep025	5	run02	0.35719	-8157106.361787	/cfs/klemming/home/t/tabeadi/tabea_work/08_population_analysis_final/skane_only/combined/results/structure/admixture/rep025/K5/run02/data.5.Q	/cfs/klemming/home/t/tabeadi/tabea_work/08_population_analysis_final/skane_only/combined/results/structure/admixture/rep025/K5/run02
rep025	5	run03	0.35716	-8157106.358358	/cfs/klemming/home/t/tabeadi/tabea_work/08_population_analysis_final/skane_only/combined/results/structure/admixture/rep025/K5/run03/data.5.Q	/cfs/klemming/home/t/tabeadi/tabea_work/08_population_analysis_final/skane_only/combined/results/structure/admixture/rep025/K5/run03
rep025	5	run04	0.35713	-8157355.238858	/cfs/klemming/home/t/tabeadi/tabea_work/08_population_analysis_final/skane_only/combined/results/structure/admixture/rep025/K5/run04/data.5.Q	/cfs/klemming/home/t/tabeadi/tabea_work/08_population_analysis_final/skane_only/combined/results/structure/admixture/rep025/K5/run04
rep025	5	run05	0.35719	-8157106.356588	/cfs/klemming/home/t/tabeadi/tabea_work/08_population_analysis_final/skane_only/combined/results/structure/admixture/rep025/K5/run05/data.5.Q	/cfs/klemming/home/t/tabeadi/tabea_work/08_population_analysis_final/skane_only/combined/results/structure/admixture/rep025/K5/run05
rep025	5	run06	0.35712	-8157106.356968	/cfs/klemming/home/t/tabeadi/tabea_work/08_population_analysis_final/skane_only/combined/results/structure/admixture/rep025/K5/run06/data.5.Q	/cfs/klemming/home/t/tabeadi/tabea_work/08_population_analysis_final/skane_only/combined/results/structure/admixture/rep025/K5/run06
rep025	5	run07	0.35716	-8157106.366018	/cfs/klemming/home/t/tabeadi/tabea_work/08_population_analysis_final/skane_only/combined/results/structure/admixture/rep025/K5/run07/data.5.Q	/cfs/klemming/home/t/tabeadi/tabea_work/08_population_analysis_final/skane_only/combined/results/structure/admixture/rep025/K5/run07
rep025	5	run08	0.35724	-8157356.603345	/cfs/klemming/home/t/tabeadi/tabea_work/08_population_analysis_final/skane_only/combined/results/structure/admixture/rep025/K5/run08/data.5.Q	/cfs/klemming/home/t/tabeadi/tabea_work/08_population_analysis_final/skane_only/combined/results/structure/admixture/rep025/K5/run08
rep025	5	run09	0.35721	-8157355.233354	/cfs/klemming/home/t/tabeadi/tabea_work/08_population_analysis_final/skane_only/combined/results/structure/admixture/rep025/K5/run09/data.5.Q	/cfs/klemming/home/t/tabeadi/tabea_work/08_population_analysis_final/skane_only/combined/results/structure/admixture/rep025/K5/run09
rep025	5	run10	0.35722	-8157355.226657	/cfs/klemming/home/t/tabeadi/tabea_work/08_population_analysis_final/skane_only/combined/results/structure/admixture/rep025/K5/run10/data.5.Q	/cfs/klemming/home/t/tabeadi/tabea_work/08_population_analysis_final/skane_only/combined/results/structure/admixture/rep025/K5/run10
rep025	5	run11	0.35716	-8157106.350085	/cfs/klemming/home/t/tabeadi/tabea_work/08_population_analysis_final/skane_only/combined/results/structure/admixture/rep025/K5/run11/data.5.Q	/cfs/klemming/home/t/tabeadi/tabea_work/08_population_analysis_final/skane_only/combined/results/structure/admixture/rep025/K5/run11
rep025	5	run12	0.35724	-8157355.238838	/cfs/klemming/home/t/tabeadi/tabea_work/08_population_analysis_final/skane_only/combined/results/structure/admixture/rep025/K5/run12/data.5.Q	/cfs/klemming/home/t/tabeadi/tabea_work/08_population_analysis_final/skane_only/combined/results/structure/admixture/rep025/K5/run12
rep025	5	run13	0.35721	-8157106.350554	/cfs/klemming/home/t/tabeadi/tabea_work/08_population_analysis_final/skane_only/combined/results/structure/admixture/rep025/K5/run13/data.5.Q	/cfs/klemming/home/t/tabeadi/tabea_work/08_population_analysis_final/skane_only/combined/results/structure/admixture/rep025/K5/run13
rep025	5	run14	0.35723	-8157106.358202	/cfs/klemming/home/t/tabeadi/tabea_work/08_population_analysis_final/skane_only/combined/results/structure/admixture/rep025/K5/run14/data.5.Q	/cfs/klemming/home/t/tabeadi/tabea_work/08_population_analysis_final/skane_only/combined/results/structure/admixture/rep025/K5/run14
rep025	5	run15	0.35719	-8157356.598033	/cfs/klemming/home/t/tabeadi/tabea_work/08_population_analysis_final/skane_only/combined/results/structure/admixture/rep025/K5/run15/data.5.Q	/cfs/klemming/home/t/tabeadi/tabea_work/08_population_analysis_final/skane_only/combined/results/structure/admixture/rep025/K5/run15
rep025	5	run16	0.35721	-8157106.370713	/cfs/klemming/home/t/tabeadi/tabea_work/08_population_analysis_final/skane_only/combined/results/structure/admixture/rep025/K5/run16/data.5.Q	/cfs/klemming/home/t/tabeadi/tabea_work/08_population_analysis_final/skane_only/combined/results/structure/admixture/rep025/K5/run16
rep025	5	run17	0.35722	-8157106.364897	/cfs/klemming/home/t/tabeadi/tabea_work/08_population_analysis_final/skane_only/combined/results/structure/admixture/rep025/K5/run17/data.5.Q	/cfs/klemming/home/t/tabeadi/tabea_work/08_population_analysis_final/skane_only/combined/results/structure/admixture/rep025/K5/run17
rep025	5	run18	0.3573	-8157861.610514	/cfs/klemming/home/t/tabeadi/tabea_work/08_population_analysis_final/skane_only/combined/results/structure/admixture/rep025/K5/run18/data.5.Q	/cfs/klemming/home/t/tabeadi/tabea_work/08_population_analysis_final/skane_only/combined/results/structure/admixture/rep025/K5/run18
rep025	5	run19	0.35729	-8157861.622344	/cfs/klemming/home/t/tabeadi/tabea_work/08_population_analysis_final/skane_only/combined/results/structure/admixture/rep025/K5/run19/data.5.Q	/cfs/klemming/home/t/tabeadi/tabea_work/08_population_analysis_final/skane_only/combined/results/structure/admixture/rep025/K5/run19
rep025	5	run20	0.3572	-8157861.627122	/cfs/klemming/home/t/tabeadi/tabea_work/08_population_analysis_final/skane_only/combined/results/structure/admixture/rep025/K5/run20/data.5.Q	/cfs/klemming/home/t/tabeadi/tabea_work/08_population_analysis_final/skane_only/combined/results/structure/admixture/rep025/K5/run20
rep025	6	run01	0.35659	-8139254.159318	/cfs/klemming/home/t/tabeadi/tabea_work/08_population_analysis_final/skane_only/combined/results/structure/admixture/rep025/K6/run01/data.6.Q	/cfs/klemming/home/t/tabeadi/tabea_work/08_population_analysis_final/skane_only/combined/results/structure/admixture/rep025/K6/run01
rep025	6	run02	0.3567	-8139254.044405	/cfs/klemming/home/t/tabeadi/tabea_work/08_population_analysis_final/skane_only/combined/results/structure/admixture/rep025/K6/run02/data.6.Q	/cfs/klemming/home/t/tabeadi/tabea_work/08_population_analysis_final/skane_only/combined/results/structure/admixture/rep025/K6/run02
rep025	6	run03	0.35664	-8139254.14747	/cfs/klemming/home/t/tabeadi/tabea_work/08_population_analysis_final/skane_only/combined/results/structure/admixture/rep025/K6/run03/data.6.Q	/cfs/klemming/home/t/tabeadi/tabea_work/08_population_analysis_final/skane_only/combined/results/structure/admixture/rep025/K6/run03
rep025	6	run04	0.35664	-8139305.526983	/cfs/klemming/home/t/tabeadi/tabea_work/08_population_analysis_final/skane_only/combined/results/structure/admixture/rep025/K6/run04/data.6.Q	/cfs/klemming/home/t/tabeadi/tabea_work/08_population_analysis_final/skane_only/combined/results/structure/admixture/rep025/K6/run04
rep025	6	run05	0.35668	-8139254.034411	/cfs/klemming/home/t/tabeadi/tabea_work/08_population_analysis_final/skane_only/combined/results/structure/admixture/rep025/K6/run05/data.6.Q	/cfs/klemming/home/t/tabeadi/tabea_work/08_population_analysis_final/skane_only/combined/results/structure/admixture/rep025/K6/run05
rep025	6	run06	0.35668	-8139254.038388	/cfs/klemming/home/t/tabeadi/tabea_work/08_population_analysis_final/skane_only/combined/results/structure/admixture/rep025/K6/run06/data.6.Q	/cfs/klemming/home/t/tabeadi/tabea_work/08_population_analysis_final/skane_only/combined/results/structure/admixture/rep025/K6/run06
rep025	6	run07	0.35668	-8139254.041988	/cfs/klemming/home/t/tabeadi/tabea_work/08_population_analysis_final/skane_only/combined/results/structure/admixture/rep025/K6/run07/data.6.Q	/cfs/klemming/home/t/tabeadi/tabea_work/08_population_analysis_final/skane_only/combined/results/structure/admixture/rep025/K6/run07
rep025	6	run08	0.35666	-8139254.052304	/cfs/klemming/home/t/tabeadi/tabea_work/08_population_analysis_final/skane_only/combined/results/structure/admixture/rep025/K6/run08/data.6.Q	/cfs/klemming/home/t/tabeadi/tabea_work/08_population_analysis_final/skane_only/combined/results/structure/admixture/rep025/K6/run08
rep025	6	run09	0.35661	-8139305.520249	/cfs/klemming/home/t/tabeadi/tabea_work/08_population_analysis_final/skane_only/combined/results/structure/admixture/rep025/K6/run09/data.6.Q	/cfs/klemming/home/t/tabeadi/tabea_work/08_population_analysis_final/skane_only/combined/results/structure/admixture/rep025/K6/run09
rep025	6	run10	0.35666	-8139305.509818	/cfs/klemming/home/t/tabeadi/tabea_work/08_population_analysis_final/skane_only/combined/results/structure/admixture/rep025/K6/run10/data.6.Q	/cfs/klemming/home/t/tabeadi/tabea_work/08_population_analysis_final/skane_only/combined/results/structure/admixture/rep025/K6/run10
rep025	6	run11	0.35669	-8139254.055664	/cfs/klemming/home/t/tabeadi/tabea_work/08_population_analysis_final/skane_only/combined/results/structure/admixture/rep025/K6/run11/data.6.Q	/cfs/klemming/home/t/tabeadi/tabea_work/08_population_analysis_final/skane_only/combined/results/structure/admixture/rep025/K6/run11
rep025	6	run12	0.35665	-8139305.525696	/cfs/klemming/home/t/tabeadi/tabea_work/08_population_analysis_final/skane_only/combined/results/structure/admixture/rep025/K6/run12/data.6.Q	/cfs/klemming/home/t/tabeadi/tabea_work/08_population_analysis_final/skane_only/combined/results/structure/admixture/rep025/K6/run12
rep025	6	run13	0.35663	-8139254.023917	/cfs/klemming/home/t/tabeadi/tabea_work/08_population_analysis_final/skane_only/combined/results/structure/admixture/rep025/K6/run13/data.6.Q	/cfs/klemming/home/t/tabeadi/tabea_work/08_population_analysis_final/skane_only/combined/results/structure/admixture/rep025/K6/run13
rep025	6	run14	0.35655	-8139305.526106	/cfs/klemming/home/t/tabeadi/tabea_work/08_population_analysis_final/skane_only/combined/results/structure/admixture/rep025/K6/run14/data.6.Q	/cfs/klemming/home/t/tabeadi/tabea_work/08_population_analysis_final/skane_only/combined/results/structure/admixture/rep025/K6/run14
rep025	6	run15	0.35673	-8139305.521438	/cfs/klemming/home/t/tabeadi/tabea_work/08_population_analysis_final/skane_only/combined/results/structure/admixture/rep025/K6/run15/data.6.Q	/cfs/klemming/home/t/tabeadi/tabea_work/08_population_analysis_final/skane_only/combined/results/structure/admixture/rep025/K6/run15
rep025	6	run16	0.3567	-8139254.049219	/cfs/klemming/home/t/tabeadi/tabea_work/08_population_analysis_final/skane_only/combined/results/structure/admixture/rep025/K6/run16/data.6.Q	/cfs/klemming/home/t/tabeadi/tabea_work/08_population_analysis_final/skane_only/combined/results/structure/admixture/rep025/K6/run16
rep025	6	run17	0.35663	-8139254.044095	/cfs/klemming/home/t/tabeadi/tabea_work/08_population_analysis_final/skane_only/combined/results/structure/admixture/rep025/K6/run17/data.6.Q	/cfs/klemming/home/t/tabeadi/tabea_work/08_population_analysis_final/skane_only/combined/results/structure/admixture/rep025/K6/run17
rep025	6	run18	0.35665	-8139254.056253	/cfs/klemming/home/t/tabeadi/tabea_work/08_population_analysis_final/skane_only/combined/results/structure/admixture/rep025/K6/run18/data.6.Q	/cfs/klemming/home/t/tabeadi/tabea_work/08_population_analysis_final/skane_only/combined/results/structure/admixture/rep025/K6/run18
rep025	6	run19	0.35668	-8139305.503617	/cfs/klemming/home/t/tabeadi/tabea_work/08_population_analysis_final/skane_only/combined/results/structure/admixture/rep025/K6/run19/data.6.Q	/cfs/klemming/home/t/tabeadi/tabea_work/08_population_analysis_final/skane_only/combined/results/structure/admixture/rep025/K6/run19
rep025	6	run20	0.35668	-8139306.118706	/cfs/klemming/home/t/tabeadi/tabea_work/08_population_analysis_final/skane_only/combined/results/structure/admixture/rep025/K6/run20/data.6.Q	/cfs/klemming/home/t/tabeadi/tabea_work/08_population_analysis_final/skane_only/combined/results/structure/admixture/rep025/K6/run20
rep025	7	run01	0.35645	-8124707.037681	/cfs/klemming/home/t/tabeadi/tabea_work/08_population_analysis_final/skane_only/combined/results/structure/admixture/rep025/K7/run01/data.7.Q	/cfs/klemming/home/t/tabeadi/tabea_work/08_population_analysis_final/skane_only/combined/results/structure/admixture/rep025/K7/run01
rep025	7	run02	0.35633	-8123983.705628	/cfs/klemming/home/t/tabeadi/tabea_work/08_population_analysis_final/skane_only/combined/results/structure/admixture/rep025/K7/run02/data.7.Q	/cfs/klemming/home/t/tabeadi/tabea_work/08_population_analysis_final/skane_only/combined/results/structure/admixture/rep025/K7/run02
rep025	7	run03	0.35636	-8124284.83705	/cfs/klemming/home/t/tabeadi/tabea_work/08_population_analysis_final/skane_only/combined/results/structure/admixture/rep025/K7/run03/data.7.Q	/cfs/klemming/home/t/tabeadi/tabea_work/08_population_analysis_final/skane_only/combined/results/structure/admixture/rep025/K7/run03
rep025	7	run04	0.35635	-8123983.789067	/cfs/klemming/home/t/tabeadi/tabea_work/08_population_analysis_final/skane_only/combined/results/structure/admixture/rep025/K7/run04/data.7.Q	/cfs/klemming/home/t/tabeadi/tabea_work/08_population_analysis_final/skane_only/combined/results/structure/admixture/rep025/K7/run04
rep025	7	run05	0.35626	-8124202.745725	/cfs/klemming/home/t/tabeadi/tabea_work/08_population_analysis_final/skane_only/combined/results/structure/admixture/rep025/K7/run05/data.7.Q	/cfs/klemming/home/t/tabeadi/tabea_work/08_population_analysis_final/skane_only/combined/results/structure/admixture/rep025/K7/run05
rep025	7	run06	0.35638	-8124284.891648	/cfs/klemming/home/t/tabeadi/tabea_work/08_population_analysis_final/skane_only/combined/results/structure/admixture/rep025/K7/run06/data.7.Q	/cfs/klemming/home/t/tabeadi/tabea_work/08_population_analysis_final/skane_only/combined/results/structure/admixture/rep025/K7/run06
rep025	7	run07	0.35646	-8124699.836257	/cfs/klemming/home/t/tabeadi/tabea_work/08_population_analysis_final/skane_only/combined/results/structure/admixture/rep025/K7/run07/data.7.Q	/cfs/klemming/home/t/tabeadi/tabea_work/08_population_analysis_final/skane_only/combined/results/structure/admixture/rep025/K7/run07
rep025	7	run08	0.35637	-8124659.774597	/cfs/klemming/home/t/tabeadi/tabea_work/08_population_analysis_final/skane_only/combined/results/structure/admixture/rep025/K7/run08/data.7.Q	/cfs/klemming/home/t/tabeadi/tabea_work/08_population_analysis_final/skane_only/combined/results/structure/admixture/rep025/K7/run08
rep025	7	run09	0.35631	-8124247.612489	/cfs/klemming/home/t/tabeadi/tabea_work/08_population_analysis_final/skane_only/combined/results/structure/admixture/rep025/K7/run09/data.7.Q	/cfs/klemming/home/t/tabeadi/tabea_work/08_population_analysis_final/skane_only/combined/results/structure/admixture/rep025/K7/run09
rep025	7	run10	0.35634	-8124202.57702	/cfs/klemming/home/t/tabeadi/tabea_work/08_population_analysis_final/skane_only/combined/results/structure/admixture/rep025/K7/run10/data.7.Q	/cfs/klemming/home/t/tabeadi/tabea_work/08_population_analysis_final/skane_only/combined/results/structure/admixture/rep025/K7/run10
rep025	7	run11	0.35639	-8124582.49432	/cfs/klemming/home/t/tabeadi/tabea_work/08_population_analysis_final/skane_only/combined/results/structure/admixture/rep025/K7/run11/data.7.Q	/cfs/klemming/home/t/tabeadi/tabea_work/08_population_analysis_final/skane_only/combined/results/structure/admixture/rep025/K7/run11
rep025	7	run12	0.35646	-8124458.84302	/cfs/klemming/home/t/tabeadi/tabea_work/08_population_analysis_final/skane_only/combined/results/structure/admixture/rep025/K7/run12/data.7.Q	/cfs/klemming/home/t/tabeadi/tabea_work/08_population_analysis_final/skane_only/combined/results/structure/admixture/rep025/K7/run12
rep025	7	run13	0.35643	-8124787.033523	/cfs/klemming/home/t/tabeadi/tabea_work/08_population_analysis_final/skane_only/combined/results/structure/admixture/rep025/K7/run13/data.7.Q	/cfs/klemming/home/t/tabeadi/tabea_work/08_population_analysis_final/skane_only/combined/results/structure/admixture/rep025/K7/run13
rep025	7	run14	0.3563	-8123983.820783	/cfs/klemming/home/t/tabeadi/tabea_work/08_population_analysis_final/skane_only/combined/results/structure/admixture/rep025/K7/run14/data.7.Q	/cfs/klemming/home/t/tabeadi/tabea_work/08_population_analysis_final/skane_only/combined/results/structure/admixture/rep025/K7/run14
rep025	7	run15	0.35642	-8124294.243751	/cfs/klemming/home/t/tabeadi/tabea_work/08_population_analysis_final/skane_only/combined/results/structure/admixture/rep025/K7/run15/data.7.Q	/cfs/klemming/home/t/tabeadi/tabea_work/08_population_analysis_final/skane_only/combined/results/structure/admixture/rep025/K7/run15
rep025	7	run16	0.35638	-8124284.799915	/cfs/klemming/home/t/tabeadi/tabea_work/08_population_analysis_final/skane_only/combined/results/structure/admixture/rep025/K7/run16/data.7.Q	/cfs/klemming/home/t/tabeadi/tabea_work/08_population_analysis_final/skane_only/combined/results/structure/admixture/rep025/K7/run16
rep025	7	run17	0.35642	-8124284.861483	/cfs/klemming/home/t/tabeadi/tabea_work/08_population_analysis_final/skane_only/combined/results/structure/admixture/rep025/K7/run17/data.7.Q	/cfs/klemming/home/t/tabeadi/tabea_work/08_population_analysis_final/skane_only/combined/results/structure/admixture/rep025/K7/run17
rep025	7	run18	0.3564	-8124174.92044	/cfs/klemming/home/t/tabeadi/tabea_work/08_population_analysis_final/skane_only/combined/results/structure/admixture/rep025/K7/run18/data.7.Q	/cfs/klemming/home/t/tabeadi/tabea_work/08_population_analysis_final/skane_only/combined/results/structure/admixture/rep025/K7/run18
rep025	7	run19	0.35627	-8123983.732926	/cfs/klemming/home/t/tabeadi/tabea_work/08_population_analysis_final/skane_only/combined/results/structure/admixture/rep025/K7/run19/data.7.Q	/cfs/klemming/home/t/tabeadi/tabea_work/08_population_analysis_final/skane_only/combined/results/structure/admixture/rep025/K7/run19
rep025	7	run20	0.35635	-8123983.645936	/cfs/klemming/home/t/tabeadi/tabea_work/08_population_analysis_final/skane_only/combined/results/structure/admixture/rep025/K7/run20/data.7.Q	/cfs/klemming/home/t/tabeadi/tabea_work/08_population_analysis_final/skane_only/combined/results/structure/admixture/rep025/K7/run20
rep025	8	run01	0.35607	-8109723.202698	/cfs/klemming/home/t/tabeadi/tabea_work/08_population_analysis_final/skane_only/combined/results/structure/admixture/rep025/K8/run01/data.8.Q	/cfs/klemming/home/t/tabeadi/tabea_work/08_population_analysis_final/skane_only/combined/results/structure/admixture/rep025/K8/run01
rep025	8	run02	0.35607	-8109559.107007	/cfs/klemming/home/t/tabeadi/tabea_work/08_population_analysis_final/skane_only/combined/results/structure/admixture/rep025/K8/run02/data.8.Q	/cfs/klemming/home/t/tabeadi/tabea_work/08_population_analysis_final/skane_only/combined/results/structure/admixture/rep025/K8/run02
rep025	8	run03	0.35617	-8109492.678715	/cfs/klemming/home/t/tabeadi/tabea_work/08_population_analysis_final/skane_only/combined/results/structure/admixture/rep025/K8/run03/data.8.Q	/cfs/klemming/home/t/tabeadi/tabea_work/08_population_analysis_final/skane_only/combined/results/structure/admixture/rep025/K8/run03
rep025	8	run04	0.35621	-8109713.062547	/cfs/klemming/home/t/tabeadi/tabea_work/08_population_analysis_final/skane_only/combined/results/structure/admixture/rep025/K8/run04/data.8.Q	/cfs/klemming/home/t/tabeadi/tabea_work/08_population_analysis_final/skane_only/combined/results/structure/admixture/rep025/K8/run04
rep025	8	run05	0.3561	-8109584.235202	/cfs/klemming/home/t/tabeadi/tabea_work/08_population_analysis_final/skane_only/combined/results/structure/admixture/rep025/K8/run05/data.8.Q	/cfs/klemming/home/t/tabeadi/tabea_work/08_population_analysis_final/skane_only/combined/results/structure/admixture/rep025/K8/run05
rep025	8	run06	0.35619	-8109583.027201	/cfs/klemming/home/t/tabeadi/tabea_work/08_population_analysis_final/skane_only/combined/results/structure/admixture/rep025/K8/run06/data.8.Q	/cfs/klemming/home/t/tabeadi/tabea_work/08_population_analysis_final/skane_only/combined/results/structure/admixture/rep025/K8/run06
rep025	8	run07	0.35606	-8109690.404048	/cfs/klemming/home/t/tabeadi/tabea_work/08_population_analysis_final/skane_only/combined/results/structure/admixture/rep025/K8/run07/data.8.Q	/cfs/klemming/home/t/tabeadi/tabea_work/08_population_analysis_final/skane_only/combined/results/structure/admixture/rep025/K8/run07
rep025	8	run08	0.35607	-8109852.125943	/cfs/klemming/home/t/tabeadi/tabea_work/08_population_analysis_final/skane_only/combined/results/structure/admixture/rep025/K8/run08/data.8.Q	/cfs/klemming/home/t/tabeadi/tabea_work/08_population_analysis_final/skane_only/combined/results/structure/admixture/rep025/K8/run08
rep025	8	run09	0.35623	-8109607.577991	/cfs/klemming/home/t/tabeadi/tabea_work/08_population_analysis_final/skane_only/combined/results/structure/admixture/rep025/K8/run09/data.8.Q	/cfs/klemming/home/t/tabeadi/tabea_work/08_population_analysis_final/skane_only/combined/results/structure/admixture/rep025/K8/run09
rep025	8	run10	0.35622	-8110250.683106	/cfs/klemming/home/t/tabeadi/tabea_work/08_population_analysis_final/skane_only/combined/results/structure/admixture/rep025/K8/run10/data.8.Q	/cfs/klemming/home/t/tabeadi/tabea_work/08_population_analysis_final/skane_only/combined/results/structure/admixture/rep025/K8/run10
rep025	8	run11	0.35609	-8109492.826982	/cfs/klemming/home/t/tabeadi/tabea_work/08_population_analysis_final/skane_only/combined/results/structure/admixture/rep025/K8/run11/data.8.Q	/cfs/klemming/home/t/tabeadi/tabea_work/08_population_analysis_final/skane_only/combined/results/structure/admixture/rep025/K8/run11
rep025	8	run12	0.35607	-8109666.395004	/cfs/klemming/home/t/tabeadi/tabea_work/08_population_analysis_final/skane_only/combined/results/structure/admixture/rep025/K8/run12/data.8.Q	/cfs/klemming/home/t/tabeadi/tabea_work/08_population_analysis_final/skane_only/combined/results/structure/admixture/rep025/K8/run12
rep025	8	run13	0.35615	-8110041.319506	/cfs/klemming/home/t/tabeadi/tabea_work/08_population_analysis_final/skane_only/combined/results/structure/admixture/rep025/K8/run13/data.8.Q	/cfs/klemming/home/t/tabeadi/tabea_work/08_population_analysis_final/skane_only/combined/results/structure/admixture/rep025/K8/run13
rep025	8	run14	0.35624	-8110074.865678	/cfs/klemming/home/t/tabeadi/tabea_work/08_population_analysis_final/skane_only/combined/results/structure/admixture/rep025/K8/run14/data.8.Q	/cfs/klemming/home/t/tabeadi/tabea_work/08_population_analysis_final/skane_only/combined/results/structure/admixture/rep025/K8/run14
rep025	8	run15	0.35615	-8109788.553553	/cfs/klemming/home/t/tabeadi/tabea_work/08_population_analysis_final/skane_only/combined/results/structure/admixture/rep025/K8/run15/data.8.Q	/cfs/klemming/home/t/tabeadi/tabea_work/08_population_analysis_final/skane_only/combined/results/structure/admixture/rep025/K8/run15
rep025	8	run16	0.35604	-8110075.007774	/cfs/klemming/home/t/tabeadi/tabea_work/08_population_analysis_final/skane_only/combined/results/structure/admixture/rep025/K8/run16/data.8.Q	/cfs/klemming/home/t/tabeadi/tabea_work/08_population_analysis_final/skane_only/combined/results/structure/admixture/rep025/K8/run16
rep025	8	run17	0.35603	-8109423.17202	/cfs/klemming/home/t/tabeadi/tabea_work/08_population_analysis_final/skane_only/combined/results/structure/admixture/rep025/K8/run17/data.8.Q	/cfs/klemming/home/t/tabeadi/tabea_work/08_population_analysis_final/skane_only/combined/results/structure/admixture/rep025/K8/run17
rep025	8	run18	0.3562	-8109492.746056	/cfs/klemming/home/t/tabeadi/tabea_work/08_population_analysis_final/skane_only/combined/results/structure/admixture/rep025/K8/run18/data.8.Q	/cfs/klemming/home/t/tabeadi/tabea_work/08_population_analysis_final/skane_only/combined/results/structure/admixture/rep025/K8/run18
rep025	8	run19	0.35606	-8109492.479852	/cfs/klemming/home/t/tabeadi/tabea_work/08_population_analysis_final/skane_only/combined/results/structure/admixture/rep025/K8/run19/data.8.Q	/cfs/klemming/home/t/tabeadi/tabea_work/08_population_analysis_final/skane_only/combined/results/structure/admixture/rep025/K8/run19
rep025	8	run20	0.35612	-8109423.090601	/cfs/klemming/home/t/tabeadi/tabea_work/08_population_analysis_final/skane_only/combined/results/structure/admixture/rep025/K8/run20/data.8.Q	/cfs/klemming/home/t/tabeadi/tabea_work/08_population_analysis_final/skane_only/combined/results/structure/admixture/rep025/K8/run20
rep026	1	run01	0.36137	-7977861.616024	/cfs/klemming/home/t/tabeadi/tabea_work/08_population_analysis_final/skane_only/combined/results/structure/admixture/rep026/K1/run01/data.1.Q	/cfs/klemming/home/t/tabeadi/tabea_work/08_population_analysis_final/skane_only/combined/results/structure/admixture/rep026/K1/run01
rep026	1	run02	0.36138	-7977861.616024	/cfs/klemming/home/t/tabeadi/tabea_work/08_population_analysis_final/skane_only/combined/results/structure/admixture/rep026/K1/run02/data.1.Q	/cfs/klemming/home/t/tabeadi/tabea_work/08_population_analysis_final/skane_only/combined/results/structure/admixture/rep026/K1/run02
rep026	1	run03	0.36137	-7977861.616024	/cfs/klemming/home/t/tabeadi/tabea_work/08_population_analysis_final/skane_only/combined/results/structure/admixture/rep026/K1/run03/data.1.Q	/cfs/klemming/home/t/tabeadi/tabea_work/08_population_analysis_final/skane_only/combined/results/structure/admixture/rep026/K1/run03
rep026	1	run04	0.36137	-7977861.616024	/cfs/klemming/home/t/tabeadi/tabea_work/08_population_analysis_final/skane_only/combined/results/structure/admixture/rep026/K1/run04/data.1.Q	/cfs/klemming/home/t/tabeadi/tabea_work/08_population_analysis_final/skane_only/combined/results/structure/admixture/rep026/K1/run04
rep026	1	run05	0.36137	-7977861.616024	/cfs/klemming/home/t/tabeadi/tabea_work/08_population_analysis_final/skane_only/combined/results/structure/admixture/rep026/K1/run05/data.1.Q	/cfs/klemming/home/t/tabeadi/tabea_work/08_population_analysis_final/skane_only/combined/results/structure/admixture/rep026/K1/run05
rep026	1	run06	0.36138	-7977861.616024	/cfs/klemming/home/t/tabeadi/tabea_work/08_population_analysis_final/skane_only/combined/results/structure/admixture/rep026/K1/run06/data.1.Q	/cfs/klemming/home/t/tabeadi/tabea_work/08_population_analysis_final/skane_only/combined/results/structure/admixture/rep026/K1/run06
rep026	1	run07	0.36137	-7977861.616024	/cfs/klemming/home/t/tabeadi/tabea_work/08_population_analysis_final/skane_only/combined/results/structure/admixture/rep026/K1/run07/data.1.Q	/cfs/klemming/home/t/tabeadi/tabea_work/08_population_analysis_final/skane_only/combined/results/structure/admixture/rep026/K1/run07
rep026	1	run08	0.36137	-7977861.616024	/cfs/klemming/home/t/tabeadi/tabea_work/08_population_analysis_final/skane_only/combined/results/structure/admixture/rep026/K1/run08/data.1.Q	/cfs/klemming/home/t/tabeadi/tabea_work/08_population_analysis_final/skane_only/combined/results/structure/admixture/rep026/K1/run08
rep026	1	run09	0.36137	-7977861.616024	/cfs/klemming/home/t/tabeadi/tabea_work/08_population_analysis_final/skane_only/combined/results/structure/admixture/rep026/K1/run09/data.1.Q	/cfs/klemming/home/t/tabeadi/tabea_work/08_population_analysis_final/skane_only/combined/results/structure/admixture/rep026/K1/run09
rep026	1	run10	0.36137	-7977861.616024	/cfs/klemming/home/t/tabeadi/tabea_work/08_population_analysis_final/skane_only/combined/results/structure/admixture/rep026/K1/run10/data.1.Q	/cfs/klemming/home/t/tabeadi/tabea_work/08_population_analysis_final/skane_only/combined/results/structure/admixture/rep026/K1/run10
rep026	1	run11	0.36138	-7977861.616024	/cfs/klemming/home/t/tabeadi/tabea_work/08_population_analysis_final/skane_only/combined/results/structure/admixture/rep026/K1/run11/data.1.Q	/cfs/klemming/home/t/tabeadi/tabea_work/08_population_analysis_final/skane_only/combined/results/structure/admixture/rep026/K1/run11
rep026	1	run12	0.36137	-7977861.616024	/cfs/klemming/home/t/tabeadi/tabea_work/08_population_analysis_final/skane_only/combined/results/structure/admixture/rep026/K1/run12/data.1.Q	/cfs/klemming/home/t/tabeadi/tabea_work/08_population_analysis_final/skane_only/combined/results/structure/admixture/rep026/K1/run12
rep026	1	run13	0.36137	-7977861.616024	/cfs/klemming/home/t/tabeadi/tabea_work/08_population_analysis_final/skane_only/combined/results/structure/admixture/rep026/K1/run13/data.1.Q	/cfs/klemming/home/t/tabeadi/tabea_work/08_population_analysis_final/skane_only/combined/results/structure/admixture/rep026/K1/run13
rep026	1	run14	0.36136	-7977861.616024	/cfs/klemming/home/t/tabeadi/tabea_work/08_population_analysis_final/skane_only/combined/results/structure/admixture/rep026/K1/run14/data.1.Q	/cfs/klemming/home/t/tabeadi/tabea_work/08_population_analysis_final/skane_only/combined/results/structure/admixture/rep026/K1/run14
rep026	1	run15	0.36137	-7977861.616024	/cfs/klemming/home/t/tabeadi/tabea_work/08_population_analysis_final/skane_only/combined/results/structure/admixture/rep026/K1/run15/data.1.Q	/cfs/klemming/home/t/tabeadi/tabea_work/08_population_analysis_final/skane_only/combined/results/structure/admixture/rep026/K1/run15
rep026	1	run16	0.36138	-7977861.616024	/cfs/klemming/home/t/tabeadi/tabea_work/08_population_analysis_final/skane_only/combined/results/structure/admixture/rep026/K1/run16/data.1.Q	/cfs/klemming/home/t/tabeadi/tabea_work/08_population_analysis_final/skane_only/combined/results/structure/admixture/rep026/K1/run16
rep026	1	run17	0.36137	-7977861.616024	/cfs/klemming/home/t/tabeadi/tabea_work/08_population_analysis_final/skane_only/combined/results/structure/admixture/rep026/K1/run17/data.1.Q	/cfs/klemming/home/t/tabeadi/tabea_work/08_population_analysis_final/skane_only/combined/results/structure/admixture/rep026/K1/run17
rep026	1	run18	0.36138	-7977861.616024	/cfs/klemming/home/t/tabeadi/tabea_work/08_population_analysis_final/skane_only/combined/results/structure/admixture/rep026/K1/run18/data.1.Q	/cfs/klemming/home/t/tabeadi/tabea_work/08_population_analysis_final/skane_only/combined/results/structure/admixture/rep026/K1/run18
rep026	1	run19	0.36136	-7977861.616024	/cfs/klemming/home/t/tabeadi/tabea_work/08_population_analysis_final/skane_only/combined/results/structure/admixture/rep026/K1/run19/data.1.Q	/cfs/klemming/home/t/tabeadi/tabea_work/08_population_analysis_final/skane_only/combined/results/structure/admixture/rep026/K1/run19
rep026	1	run20	0.36137	-7977861.616024	/cfs/klemming/home/t/tabeadi/tabea_work/08_population_analysis_final/skane_only/combined/results/structure/admixture/rep026/K1/run20/data.1.Q	/cfs/klemming/home/t/tabeadi/tabea_work/08_population_analysis_final/skane_only/combined/results/structure/admixture/rep026/K1/run20
rep026	2	run01	0.35999	-7948014.113852	/cfs/klemming/home/t/tabeadi/tabea_work/08_population_analysis_final/skane_only/combined/results/structure/admixture/rep026/K2/run01/data.2.Q	/cfs/klemming/home/t/tabeadi/tabea_work/08_population_analysis_final/skane_only/combined/results/structure/admixture/rep026/K2/run01
rep026	2	run02	0.35999	-7948014.113921	/cfs/klemming/home/t/tabeadi/tabea_work/08_population_analysis_final/skane_only/combined/results/structure/admixture/rep026/K2/run02/data.2.Q	/cfs/klemming/home/t/tabeadi/tabea_work/08_population_analysis_final/skane_only/combined/results/structure/admixture/rep026/K2/run02
rep026	2	run03	0.35998	-7948014.11387	/cfs/klemming/home/t/tabeadi/tabea_work/08_population_analysis_final/skane_only/combined/results/structure/admixture/rep026/K2/run03/data.2.Q	/cfs/klemming/home/t/tabeadi/tabea_work/08_population_analysis_final/skane_only/combined/results/structure/admixture/rep026/K2/run03
rep026	2	run04	0.35999	-7948014.113856	/cfs/klemming/home/t/tabeadi/tabea_work/08_population_analysis_final/skane_only/combined/results/structure/admixture/rep026/K2/run04/data.2.Q	/cfs/klemming/home/t/tabeadi/tabea_work/08_population_analysis_final/skane_only/combined/results/structure/admixture/rep026/K2/run04
rep026	2	run05	0.35998	-7948014.113851	/cfs/klemming/home/t/tabeadi/tabea_work/08_population_analysis_final/skane_only/combined/results/structure/admixture/rep026/K2/run05/data.2.Q	/cfs/klemming/home/t/tabeadi/tabea_work/08_population_analysis_final/skane_only/combined/results/structure/admixture/rep026/K2/run05
rep026	2	run06	0.36002	-7948014.113858	/cfs/klemming/home/t/tabeadi/tabea_work/08_population_analysis_final/skane_only/combined/results/structure/admixture/rep026/K2/run06/data.2.Q	/cfs/klemming/home/t/tabeadi/tabea_work/08_population_analysis_final/skane_only/combined/results/structure/admixture/rep026/K2/run06
rep026	2	run07	0.35999	-7948014.113851	/cfs/klemming/home/t/tabeadi/tabea_work/08_population_analysis_final/skane_only/combined/results/structure/admixture/rep026/K2/run07/data.2.Q	/cfs/klemming/home/t/tabeadi/tabea_work/08_population_analysis_final/skane_only/combined/results/structure/admixture/rep026/K2/run07
rep026	2	run08	0.35998	-7948014.11385	/cfs/klemming/home/t/tabeadi/tabea_work/08_population_analysis_final/skane_only/combined/results/structure/admixture/rep026/K2/run08/data.2.Q	/cfs/klemming/home/t/tabeadi/tabea_work/08_population_analysis_final/skane_only/combined/results/structure/admixture/rep026/K2/run08
rep026	2	run09	0.36001	-7948014.113849	/cfs/klemming/home/t/tabeadi/tabea_work/08_population_analysis_final/skane_only/combined/results/structure/admixture/rep026/K2/run09/data.2.Q	/cfs/klemming/home/t/tabeadi/tabea_work/08_population_analysis_final/skane_only/combined/results/structure/admixture/rep026/K2/run09
rep026	2	run10	0.35998	-7948014.113864	/cfs/klemming/home/t/tabeadi/tabea_work/08_population_analysis_final/skane_only/combined/results/structure/admixture/rep026/K2/run10/data.2.Q	/cfs/klemming/home/t/tabeadi/tabea_work/08_population_analysis_final/skane_only/combined/results/structure/admixture/rep026/K2/run10
rep026	2	run11	0.35997	-7948014.113849	/cfs/klemming/home/t/tabeadi/tabea_work/08_population_analysis_final/skane_only/combined/results/structure/admixture/rep026/K2/run11/data.2.Q	/cfs/klemming/home/t/tabeadi/tabea_work/08_population_analysis_final/skane_only/combined/results/structure/admixture/rep026/K2/run11
rep026	2	run12	0.35998	-7948014.11385	/cfs/klemming/home/t/tabeadi/tabea_work/08_population_analysis_final/skane_only/combined/results/structure/admixture/rep026/K2/run12/data.2.Q	/cfs/klemming/home/t/tabeadi/tabea_work/08_population_analysis_final/skane_only/combined/results/structure/admixture/rep026/K2/run12
rep026	2	run13	0.35999	-7948014.113851	/cfs/klemming/home/t/tabeadi/tabea_work/08_population_analysis_final/skane_only/combined/results/structure/admixture/rep026/K2/run13/data.2.Q	/cfs/klemming/home/t/tabeadi/tabea_work/08_population_analysis_final/skane_only/combined/results/structure/admixture/rep026/K2/run13
rep026	2	run14	0.35998	-7948014.11385	/cfs/klemming/home/t/tabeadi/tabea_work/08_population_analysis_final/skane_only/combined/results/structure/admixture/rep026/K2/run14/data.2.Q	/cfs/klemming/home/t/tabeadi/tabea_work/08_population_analysis_final/skane_only/combined/results/structure/admixture/rep026/K2/run14
rep026	2	run15	0.36	-7948014.113852	/cfs/klemming/home/t/tabeadi/tabea_work/08_population_analysis_final/skane_only/combined/results/structure/admixture/rep026/K2/run15/data.2.Q	/cfs/klemming/home/t/tabeadi/tabea_work/08_population_analysis_final/skane_only/combined/results/structure/admixture/rep026/K2/run15
rep026	2	run16	0.36002	-7948014.113861	/cfs/klemming/home/t/tabeadi/tabea_work/08_population_analysis_final/skane_only/combined/results/structure/admixture/rep026/K2/run16/data.2.Q	/cfs/klemming/home/t/tabeadi/tabea_work/08_population_analysis_final/skane_only/combined/results/structure/admixture/rep026/K2/run16
rep026	2	run17	0.35999	-7948014.113851	/cfs/klemming/home/t/tabeadi/tabea_work/08_population_analysis_final/skane_only/combined/results/structure/admixture/rep026/K2/run17/data.2.Q	/cfs/klemming/home/t/tabeadi/tabea_work/08_population_analysis_final/skane_only/combined/results/structure/admixture/rep026/K2/run17
rep026	2	run18	0.36001	-7948014.113851	/cfs/klemming/home/t/tabeadi/tabea_work/08_population_analysis_final/skane_only/combined/results/structure/admixture/rep026/K2/run18/data.2.Q	/cfs/klemming/home/t/tabeadi/tabea_work/08_population_analysis_final/skane_only/combined/results/structure/admixture/rep026/K2/run18
rep026	2	run19	0.35999	-7948014.113856	/cfs/klemming/home/t/tabeadi/tabea_work/08_population_analysis_final/skane_only/combined/results/structure/admixture/rep026/K2/run19/data.2.Q	/cfs/klemming/home/t/tabeadi/tabea_work/08_population_analysis_final/skane_only/combined/results/structure/admixture/rep026/K2/run19
rep026	2	run20	0.35998	-7948014.113859	/cfs/klemming/home/t/tabeadi/tabea_work/08_population_analysis_final/skane_only/combined/results/structure/admixture/rep026/K2/run20/data.2.Q	/cfs/klemming/home/t/tabeadi/tabea_work/08_population_analysis_final/skane_only/combined/results/structure/admixture/rep026/K2/run20
rep026	3	run01	0.35924	-7926881.862706	/cfs/klemming/home/t/tabeadi/tabea_work/08_population_analysis_final/skane_only/combined/results/structure/admixture/rep026/K3/run01/data.3.Q	/cfs/klemming/home/t/tabeadi/tabea_work/08_population_analysis_final/skane_only/combined/results/structure/admixture/rep026/K3/run01
rep026	3	run02	0.35923	-7926866.485519	/cfs/klemming/home/t/tabeadi/tabea_work/08_population_analysis_final/skane_only/combined/results/structure/admixture/rep026/K3/run02/data.3.Q	/cfs/klemming/home/t/tabeadi/tabea_work/08_population_analysis_final/skane_only/combined/results/structure/admixture/rep026/K3/run02
rep026	3	run03	0.35926	-7926881.870377	/cfs/klemming/home/t/tabeadi/tabea_work/08_population_analysis_final/skane_only/combined/results/structure/admixture/rep026/K3/run03/data.3.Q	/cfs/klemming/home/t/tabeadi/tabea_work/08_population_analysis_final/skane_only/combined/results/structure/admixture/rep026/K3/run03
rep026	3	run04	0.35927	-7926866.492399	/cfs/klemming/home/t/tabeadi/tabea_work/08_population_analysis_final/skane_only/combined/results/structure/admixture/rep026/K3/run04/data.3.Q	/cfs/klemming/home/t/tabeadi/tabea_work/08_population_analysis_final/skane_only/combined/results/structure/admixture/rep026/K3/run04
rep026	3	run05	0.35926	-7926881.862798	/cfs/klemming/home/t/tabeadi/tabea_work/08_population_analysis_final/skane_only/combined/results/structure/admixture/rep026/K3/run05/data.3.Q	/cfs/klemming/home/t/tabeadi/tabea_work/08_population_analysis_final/skane_only/combined/results/structure/admixture/rep026/K3/run05
rep026	3	run06	0.35926	-7926866.491158	/cfs/klemming/home/t/tabeadi/tabea_work/08_population_analysis_final/skane_only/combined/results/structure/admixture/rep026/K3/run06/data.3.Q	/cfs/klemming/home/t/tabeadi/tabea_work/08_population_analysis_final/skane_only/combined/results/structure/admixture/rep026/K3/run06
rep026	3	run07	0.35925	-7926866.485299	/cfs/klemming/home/t/tabeadi/tabea_work/08_population_analysis_final/skane_only/combined/results/structure/admixture/rep026/K3/run07/data.3.Q	/cfs/klemming/home/t/tabeadi/tabea_work/08_population_analysis_final/skane_only/combined/results/structure/admixture/rep026/K3/run07
rep026	3	run08	0.35927	-7927271.567095	/cfs/klemming/home/t/tabeadi/tabea_work/08_population_analysis_final/skane_only/combined/results/structure/admixture/rep026/K3/run08/data.3.Q	/cfs/klemming/home/t/tabeadi/tabea_work/08_population_analysis_final/skane_only/combined/results/structure/admixture/rep026/K3/run08
rep026	3	run09	0.35929	-7927271.570384	/cfs/klemming/home/t/tabeadi/tabea_work/08_population_analysis_final/skane_only/combined/results/structure/admixture/rep026/K3/run09/data.3.Q	/cfs/klemming/home/t/tabeadi/tabea_work/08_population_analysis_final/skane_only/combined/results/structure/admixture/rep026/K3/run09
rep026	3	run10	0.35924	-7926866.49668	/cfs/klemming/home/t/tabeadi/tabea_work/08_population_analysis_final/skane_only/combined/results/structure/admixture/rep026/K3/run10/data.3.Q	/cfs/klemming/home/t/tabeadi/tabea_work/08_population_analysis_final/skane_only/combined/results/structure/admixture/rep026/K3/run10
rep026	3	run11	0.35924	-7926866.487475	/cfs/klemming/home/t/tabeadi/tabea_work/08_population_analysis_final/skane_only/combined/results/structure/admixture/rep026/K3/run11/data.3.Q	/cfs/klemming/home/t/tabeadi/tabea_work/08_population_analysis_final/skane_only/combined/results/structure/admixture/rep026/K3/run11
rep026	3	run12	0.35923	-7926866.486245	/cfs/klemming/home/t/tabeadi/tabea_work/08_population_analysis_final/skane_only/combined/results/structure/admixture/rep026/K3/run12/data.3.Q	/cfs/klemming/home/t/tabeadi/tabea_work/08_population_analysis_final/skane_only/combined/results/structure/admixture/rep026/K3/run12
rep026	3	run13	0.35926	-7926881.862047	/cfs/klemming/home/t/tabeadi/tabea_work/08_population_analysis_final/skane_only/combined/results/structure/admixture/rep026/K3/run13/data.3.Q	/cfs/klemming/home/t/tabeadi/tabea_work/08_population_analysis_final/skane_only/combined/results/structure/admixture/rep026/K3/run13
rep026	3	run14	0.35924	-7926881.869544	/cfs/klemming/home/t/tabeadi/tabea_work/08_population_analysis_final/skane_only/combined/results/structure/admixture/rep026/K3/run14/data.3.Q	/cfs/klemming/home/t/tabeadi/tabea_work/08_population_analysis_final/skane_only/combined/results/structure/admixture/rep026/K3/run14
rep026	3	run15	0.35922	-7926866.489936	/cfs/klemming/home/t/tabeadi/tabea_work/08_population_analysis_final/skane_only/combined/results/structure/admixture/rep026/K3/run15/data.3.Q	/cfs/klemming/home/t/tabeadi/tabea_work/08_population_analysis_final/skane_only/combined/results/structure/admixture/rep026/K3/run15
rep026	3	run16	0.35926	-7926881.869636	/cfs/klemming/home/t/tabeadi/tabea_work/08_population_analysis_final/skane_only/combined/results/structure/admixture/rep026/K3/run16/data.3.Q	/cfs/klemming/home/t/tabeadi/tabea_work/08_population_analysis_final/skane_only/combined/results/structure/admixture/rep026/K3/run16
rep026	3	run17	0.35925	-7926866.487381	/cfs/klemming/home/t/tabeadi/tabea_work/08_population_analysis_final/skane_only/combined/results/structure/admixture/rep026/K3/run17/data.3.Q	/cfs/klemming/home/t/tabeadi/tabea_work/08_population_analysis_final/skane_only/combined/results/structure/admixture/rep026/K3/run17
rep026	3	run18	0.35922	-7926866.491857	/cfs/klemming/home/t/tabeadi/tabea_work/08_population_analysis_final/skane_only/combined/results/structure/admixture/rep026/K3/run18/data.3.Q	/cfs/klemming/home/t/tabeadi/tabea_work/08_population_analysis_final/skane_only/combined/results/structure/admixture/rep026/K3/run18
rep026	3	run19	0.35923	-7926866.501319	/cfs/klemming/home/t/tabeadi/tabea_work/08_population_analysis_final/skane_only/combined/results/structure/admixture/rep026/K3/run19/data.3.Q	/cfs/klemming/home/t/tabeadi/tabea_work/08_population_analysis_final/skane_only/combined/results/structure/admixture/rep026/K3/run19
rep026	3	run20	0.35923	-7926881.864374	/cfs/klemming/home/t/tabeadi/tabea_work/08_population_analysis_final/skane_only/combined/results/structure/admixture/rep026/K3/run20/data.3.Q	/cfs/klemming/home/t/tabeadi/tabea_work/08_population_analysis_final/skane_only/combined/results/structure/admixture/rep026/K3/run20
rep026	4	run01	0.35851	-7906827.458041	/cfs/klemming/home/t/tabeadi/tabea_work/08_population_analysis_final/skane_only/combined/results/structure/admixture/rep026/K4/run01/data.4.Q	/cfs/klemming/home/t/tabeadi/tabea_work/08_population_analysis_final/skane_only/combined/results/structure/admixture/rep026/K4/run01
rep026	4	run02	0.3585	-7906827.476193	/cfs/klemming/home/t/tabeadi/tabea_work/08_population_analysis_final/skane_only/combined/results/structure/admixture/rep026/K4/run02/data.4.Q	/cfs/klemming/home/t/tabeadi/tabea_work/08_population_analysis_final/skane_only/combined/results/structure/admixture/rep026/K4/run02
rep026	4	run03	0.3585	-7906827.469446	/cfs/klemming/home/t/tabeadi/tabea_work/08_population_analysis_final/skane_only/combined/results/structure/admixture/rep026/K4/run03/data.4.Q	/cfs/klemming/home/t/tabeadi/tabea_work/08_population_analysis_final/skane_only/combined/results/structure/admixture/rep026/K4/run03
rep026	4	run04	0.35851	-7906827.475655	/cfs/klemming/home/t/tabeadi/tabea_work/08_population_analysis_final/skane_only/combined/results/structure/admixture/rep026/K4/run04/data.4.Q	/cfs/klemming/home/t/tabeadi/tabea_work/08_population_analysis_final/skane_only/combined/results/structure/admixture/rep026/K4/run04
rep026	4	run05	0.35849	-7906827.46477	/cfs/klemming/home/t/tabeadi/tabea_work/08_population_analysis_final/skane_only/combined/results/structure/admixture/rep026/K4/run05/data.4.Q	/cfs/klemming/home/t/tabeadi/tabea_work/08_population_analysis_final/skane_only/combined/results/structure/admixture/rep026/K4/run05
rep026	4	run06	0.35852	-7906827.478404	/cfs/klemming/home/t/tabeadi/tabea_work/08_population_analysis_final/skane_only/combined/results/structure/admixture/rep026/K4/run06/data.4.Q	/cfs/klemming/home/t/tabeadi/tabea_work/08_population_analysis_final/skane_only/combined/results/structure/admixture/rep026/K4/run06
rep026	4	run07	0.35856	-7906876.527867	/cfs/klemming/home/t/tabeadi/tabea_work/08_population_analysis_final/skane_only/combined/results/structure/admixture/rep026/K4/run07/data.4.Q	/cfs/klemming/home/t/tabeadi/tabea_work/08_population_analysis_final/skane_only/combined/results/structure/admixture/rep026/K4/run07
rep026	4	run08	0.35853	-7906827.457463	/cfs/klemming/home/t/tabeadi/tabea_work/08_population_analysis_final/skane_only/combined/results/structure/admixture/rep026/K4/run08/data.4.Q	/cfs/klemming/home/t/tabeadi/tabea_work/08_population_analysis_final/skane_only/combined/results/structure/admixture/rep026/K4/run08
rep026	4	run09	0.35853	-7906827.456666	/cfs/klemming/home/t/tabeadi/tabea_work/08_population_analysis_final/skane_only/combined/results/structure/admixture/rep026/K4/run09/data.4.Q	/cfs/klemming/home/t/tabeadi/tabea_work/08_population_analysis_final/skane_only/combined/results/structure/admixture/rep026/K4/run09
rep026	4	run10	0.35851	-7906827.461818	/cfs/klemming/home/t/tabeadi/tabea_work/08_population_analysis_final/skane_only/combined/results/structure/admixture/rep026/K4/run10/data.4.Q	/cfs/klemming/home/t/tabeadi/tabea_work/08_population_analysis_final/skane_only/combined/results/structure/admixture/rep026/K4/run10
rep026	4	run11	0.35849	-7906827.46566	/cfs/klemming/home/t/tabeadi/tabea_work/08_population_analysis_final/skane_only/combined/results/structure/admixture/rep026/K4/run11/data.4.Q	/cfs/klemming/home/t/tabeadi/tabea_work/08_population_analysis_final/skane_only/combined/results/structure/admixture/rep026/K4/run11
rep026	4	run12	0.35855	-7906876.527875	/cfs/klemming/home/t/tabeadi/tabea_work/08_population_analysis_final/skane_only/combined/results/structure/admixture/rep026/K4/run12/data.4.Q	/cfs/klemming/home/t/tabeadi/tabea_work/08_population_analysis_final/skane_only/combined/results/structure/admixture/rep026/K4/run12
rep026	4	run13	0.35855	-7906876.530255	/cfs/klemming/home/t/tabeadi/tabea_work/08_population_analysis_final/skane_only/combined/results/structure/admixture/rep026/K4/run13/data.4.Q	/cfs/klemming/home/t/tabeadi/tabea_work/08_population_analysis_final/skane_only/combined/results/structure/admixture/rep026/K4/run13
rep026	4	run14	0.35852	-7906827.466138	/cfs/klemming/home/t/tabeadi/tabea_work/08_population_analysis_final/skane_only/combined/results/structure/admixture/rep026/K4/run14/data.4.Q	/cfs/klemming/home/t/tabeadi/tabea_work/08_population_analysis_final/skane_only/combined/results/structure/admixture/rep026/K4/run14
rep026	4	run15	0.35848	-7906827.482785	/cfs/klemming/home/t/tabeadi/tabea_work/08_population_analysis_final/skane_only/combined/results/structure/admixture/rep026/K4/run15/data.4.Q	/cfs/klemming/home/t/tabeadi/tabea_work/08_population_analysis_final/skane_only/combined/results/structure/admixture/rep026/K4/run15
rep026	4	run16	0.35854	-7906876.523121	/cfs/klemming/home/t/tabeadi/tabea_work/08_population_analysis_final/skane_only/combined/results/structure/admixture/rep026/K4/run16/data.4.Q	/cfs/klemming/home/t/tabeadi/tabea_work/08_population_analysis_final/skane_only/combined/results/structure/admixture/rep026/K4/run16
rep026	4	run17	0.35848	-7906827.463482	/cfs/klemming/home/t/tabeadi/tabea_work/08_population_analysis_final/skane_only/combined/results/structure/admixture/rep026/K4/run17/data.4.Q	/cfs/klemming/home/t/tabeadi/tabea_work/08_population_analysis_final/skane_only/combined/results/structure/admixture/rep026/K4/run17
rep026	4	run18	0.35851	-7906827.458838	/cfs/klemming/home/t/tabeadi/tabea_work/08_population_analysis_final/skane_only/combined/results/structure/admixture/rep026/K4/run18/data.4.Q	/cfs/klemming/home/t/tabeadi/tabea_work/08_population_analysis_final/skane_only/combined/results/structure/admixture/rep026/K4/run18
rep026	4	run19	0.35848	-7906827.456529	/cfs/klemming/home/t/tabeadi/tabea_work/08_population_analysis_final/skane_only/combined/results/structure/admixture/rep026/K4/run19/data.4.Q	/cfs/klemming/home/t/tabeadi/tabea_work/08_population_analysis_final/skane_only/combined/results/structure/admixture/rep026/K4/run19
rep026	4	run20	0.35854	-7906827.459171	/cfs/klemming/home/t/tabeadi/tabea_work/08_population_analysis_final/skane_only/combined/results/structure/admixture/rep026/K4/run20/data.4.Q	/cfs/klemming/home/t/tabeadi/tabea_work/08_population_analysis_final/skane_only/combined/results/structure/admixture/rep026/K4/run20
rep026	5	run01	0.35783	-7887839.138117	/cfs/klemming/home/t/tabeadi/tabea_work/08_population_analysis_final/skane_only/combined/results/structure/admixture/rep026/K5/run01/data.5.Q	/cfs/klemming/home/t/tabeadi/tabea_work/08_population_analysis_final/skane_only/combined/results/structure/admixture/rep026/K5/run01
rep026	5	run02	0.35787	-7887839.148772	/cfs/klemming/home/t/tabeadi/tabea_work/08_population_analysis_final/skane_only/combined/results/structure/admixture/rep026/K5/run02/data.5.Q	/cfs/klemming/home/t/tabeadi/tabea_work/08_population_analysis_final/skane_only/combined/results/structure/admixture/rep026/K5/run02
rep026	5	run03	0.35785	-7887839.138363	/cfs/klemming/home/t/tabeadi/tabea_work/08_population_analysis_final/skane_only/combined/results/structure/admixture/rep026/K5/run03/data.5.Q	/cfs/klemming/home/t/tabeadi/tabea_work/08_population_analysis_final/skane_only/combined/results/structure/admixture/rep026/K5/run03
rep026	5	run04	0.35782	-7887839.197337	/cfs/klemming/home/t/tabeadi/tabea_work/08_population_analysis_final/skane_only/combined/results/structure/admixture/rep026/K5/run04/data.5.Q	/cfs/klemming/home/t/tabeadi/tabea_work/08_population_analysis_final/skane_only/combined/results/structure/admixture/rep026/K5/run04
rep026	5	run05	0.35783	-7887839.145627	/cfs/klemming/home/t/tabeadi/tabea_work/08_population_analysis_final/skane_only/combined/results/structure/admixture/rep026/K5/run05/data.5.Q	/cfs/klemming/home/t/tabeadi/tabea_work/08_population_analysis_final/skane_only/combined/results/structure/admixture/rep026/K5/run05
rep026	5	run06	0.35779	-7887839.186052	/cfs/klemming/home/t/tabeadi/tabea_work/08_population_analysis_final/skane_only/combined/results/structure/admixture/rep026/K5/run06/data.5.Q	/cfs/klemming/home/t/tabeadi/tabea_work/08_population_analysis_final/skane_only/combined/results/structure/admixture/rep026/K5/run06
rep026	5	run07	0.35782	-7887839.133662	/cfs/klemming/home/t/tabeadi/tabea_work/08_population_analysis_final/skane_only/combined/results/structure/admixture/rep026/K5/run07/data.5.Q	/cfs/klemming/home/t/tabeadi/tabea_work/08_population_analysis_final/skane_only/combined/results/structure/admixture/rep026/K5/run07
rep026	5	run08	0.35779	-7887839.133915	/cfs/klemming/home/t/tabeadi/tabea_work/08_population_analysis_final/skane_only/combined/results/structure/admixture/rep026/K5/run08/data.5.Q	/cfs/klemming/home/t/tabeadi/tabea_work/08_population_analysis_final/skane_only/combined/results/structure/admixture/rep026/K5/run08
rep026	5	run09	0.35785	-7887839.209504	/cfs/klemming/home/t/tabeadi/tabea_work/08_population_analysis_final/skane_only/combined/results/structure/admixture/rep026/K5/run09/data.5.Q	/cfs/klemming/home/t/tabeadi/tabea_work/08_population_analysis_final/skane_only/combined/results/structure/admixture/rep026/K5/run09
rep026	5	run10	0.35784	-7887839.146629	/cfs/klemming/home/t/tabeadi/tabea_work/08_population_analysis_final/skane_only/combined/results/structure/admixture/rep026/K5/run10/data.5.Q	/cfs/klemming/home/t/tabeadi/tabea_work/08_population_analysis_final/skane_only/combined/results/structure/admixture/rep026/K5/run10
rep026	5	run11	0.35785	-7887839.149812	/cfs/klemming/home/t/tabeadi/tabea_work/08_population_analysis_final/skane_only/combined/results/structure/admixture/rep026/K5/run11/data.5.Q	/cfs/klemming/home/t/tabeadi/tabea_work/08_population_analysis_final/skane_only/combined/results/structure/admixture/rep026/K5/run11
rep026	5	run12	0.35782	-7887839.171931	/cfs/klemming/home/t/tabeadi/tabea_work/08_population_analysis_final/skane_only/combined/results/structure/admixture/rep026/K5/run12/data.5.Q	/cfs/klemming/home/t/tabeadi/tabea_work/08_population_analysis_final/skane_only/combined/results/structure/admixture/rep026/K5/run12
rep026	5	run13	0.35782	-7887839.176819	/cfs/klemming/home/t/tabeadi/tabea_work/08_population_analysis_final/skane_only/combined/results/structure/admixture/rep026/K5/run13/data.5.Q	/cfs/klemming/home/t/tabeadi/tabea_work/08_population_analysis_final/skane_only/combined/results/structure/admixture/rep026/K5/run13
rep026	5	run14	0.35781	-7887839.139381	/cfs/klemming/home/t/tabeadi/tabea_work/08_population_analysis_final/skane_only/combined/results/structure/admixture/rep026/K5/run14/data.5.Q	/cfs/klemming/home/t/tabeadi/tabea_work/08_population_analysis_final/skane_only/combined/results/structure/admixture/rep026/K5/run14
rep026	5	run15	0.35782	-7887839.130896	/cfs/klemming/home/t/tabeadi/tabea_work/08_population_analysis_final/skane_only/combined/results/structure/admixture/rep026/K5/run15/data.5.Q	/cfs/klemming/home/t/tabeadi/tabea_work/08_population_analysis_final/skane_only/combined/results/structure/admixture/rep026/K5/run15
rep026	5	run16	0.35782	-7887839.148275	/cfs/klemming/home/t/tabeadi/tabea_work/08_population_analysis_final/skane_only/combined/results/structure/admixture/rep026/K5/run16/data.5.Q	/cfs/klemming/home/t/tabeadi/tabea_work/08_population_analysis_final/skane_only/combined/results/structure/admixture/rep026/K5/run16
rep026	5	run17	0.35784	-7887839.153818	/cfs/klemming/home/t/tabeadi/tabea_work/08_population_analysis_final/skane_only/combined/results/structure/admixture/rep026/K5/run17/data.5.Q	/cfs/klemming/home/t/tabeadi/tabea_work/08_population_analysis_final/skane_only/combined/results/structure/admixture/rep026/K5/run17
rep026	5	run18	0.35781	-7887839.154516	/cfs/klemming/home/t/tabeadi/tabea_work/08_population_analysis_final/skane_only/combined/results/structure/admixture/rep026/K5/run18/data.5.Q	/cfs/klemming/home/t/tabeadi/tabea_work/08_population_analysis_final/skane_only/combined/results/structure/admixture/rep026/K5/run18
rep026	5	run19	0.35784	-7887839.140352	/cfs/klemming/home/t/tabeadi/tabea_work/08_population_analysis_final/skane_only/combined/results/structure/admixture/rep026/K5/run19/data.5.Q	/cfs/klemming/home/t/tabeadi/tabea_work/08_population_analysis_final/skane_only/combined/results/structure/admixture/rep026/K5/run19
rep026	5	run20	0.35786	-7887839.142147	/cfs/klemming/home/t/tabeadi/tabea_work/08_population_analysis_final/skane_only/combined/results/structure/admixture/rep026/K5/run20/data.5.Q	/cfs/klemming/home/t/tabeadi/tabea_work/08_population_analysis_final/skane_only/combined/results/structure/admixture/rep026/K5/run20
rep026	6	run01	0.35722	-7870219.967652	/cfs/klemming/home/t/tabeadi/tabea_work/08_population_analysis_final/skane_only/combined/results/structure/admixture/rep026/K6/run01/data.6.Q	/cfs/klemming/home/t/tabeadi/tabea_work/08_population_analysis_final/skane_only/combined/results/structure/admixture/rep026/K6/run01
rep026	6	run02	0.35722	-7870219.961883	/cfs/klemming/home/t/tabeadi/tabea_work/08_population_analysis_final/skane_only/combined/results/structure/admixture/rep026/K6/run02/data.6.Q	/cfs/klemming/home/t/tabeadi/tabea_work/08_population_analysis_final/skane_only/combined/results/structure/admixture/rep026/K6/run02
rep026	6	run03	0.35725	-7870219.96043	/cfs/klemming/home/t/tabeadi/tabea_work/08_population_analysis_final/skane_only/combined/results/structure/admixture/rep026/K6/run03/data.6.Q	/cfs/klemming/home/t/tabeadi/tabea_work/08_population_analysis_final/skane_only/combined/results/structure/admixture/rep026/K6/run03
rep026	6	run04	0.35727	-7870219.953459	/cfs/klemming/home/t/tabeadi/tabea_work/08_population_analysis_final/skane_only/combined/results/structure/admixture/rep026/K6/run04/data.6.Q	/cfs/klemming/home/t/tabeadi/tabea_work/08_population_analysis_final/skane_only/combined/results/structure/admixture/rep026/K6/run04
rep026	6	run05	0.35722	-7870220.101184	/cfs/klemming/home/t/tabeadi/tabea_work/08_population_analysis_final/skane_only/combined/results/structure/admixture/rep026/K6/run05/data.6.Q	/cfs/klemming/home/t/tabeadi/tabea_work/08_population_analysis_final/skane_only/combined/results/structure/admixture/rep026/K6/run05
rep026	6	run06	0.35722	-7870220.03014	/cfs/klemming/home/t/tabeadi/tabea_work/08_population_analysis_final/skane_only/combined/results/structure/admixture/rep026/K6/run06/data.6.Q	/cfs/klemming/home/t/tabeadi/tabea_work/08_population_analysis_final/skane_only/combined/results/structure/admixture/rep026/K6/run06
rep026	6	run07	0.35721	-7870219.961267	/cfs/klemming/home/t/tabeadi/tabea_work/08_population_analysis_final/skane_only/combined/results/structure/admixture/rep026/K6/run07/data.6.Q	/cfs/klemming/home/t/tabeadi/tabea_work/08_population_analysis_final/skane_only/combined/results/structure/admixture/rep026/K6/run07
rep026	6	run08	0.35722	-7870220.094955	/cfs/klemming/home/t/tabeadi/tabea_work/08_population_analysis_final/skane_only/combined/results/structure/admixture/rep026/K6/run08/data.6.Q	/cfs/klemming/home/t/tabeadi/tabea_work/08_population_analysis_final/skane_only/combined/results/structure/admixture/rep026/K6/run08
rep026	6	run09	0.35741	-7872258.013924	/cfs/klemming/home/t/tabeadi/tabea_work/08_population_analysis_final/skane_only/combined/results/structure/admixture/rep026/K6/run09/data.6.Q	/cfs/klemming/home/t/tabeadi/tabea_work/08_population_analysis_final/skane_only/combined/results/structure/admixture/rep026/K6/run09
rep026	6	run10	0.35722	-7870219.961755	/cfs/klemming/home/t/tabeadi/tabea_work/08_population_analysis_final/skane_only/combined/results/structure/admixture/rep026/K6/run10/data.6.Q	/cfs/klemming/home/t/tabeadi/tabea_work/08_population_analysis_final/skane_only/combined/results/structure/admixture/rep026/K6/run10
rep026	6	run11	0.35724	-7870219.963544	/cfs/klemming/home/t/tabeadi/tabea_work/08_population_analysis_final/skane_only/combined/results/structure/admixture/rep026/K6/run11/data.6.Q	/cfs/klemming/home/t/tabeadi/tabea_work/08_population_analysis_final/skane_only/combined/results/structure/admixture/rep026/K6/run11
rep026	6	run12	0.35725	-7870219.959391	/cfs/klemming/home/t/tabeadi/tabea_work/08_population_analysis_final/skane_only/combined/results/structure/admixture/rep026/K6/run12/data.6.Q	/cfs/klemming/home/t/tabeadi/tabea_work/08_population_analysis_final/skane_only/combined/results/structure/admixture/rep026/K6/run12
rep026	6	run13	0.3572	-7870219.978055	/cfs/klemming/home/t/tabeadi/tabea_work/08_population_analysis_final/skane_only/combined/results/structure/admixture/rep026/K6/run13/data.6.Q	/cfs/klemming/home/t/tabeadi/tabea_work/08_population_analysis_final/skane_only/combined/results/structure/admixture/rep026/K6/run13
rep026	6	run14	0.35723	-7870219.972979	/cfs/klemming/home/t/tabeadi/tabea_work/08_population_analysis_final/skane_only/combined/results/structure/admixture/rep026/K6/run14/data.6.Q	/cfs/klemming/home/t/tabeadi/tabea_work/08_population_analysis_final/skane_only/combined/results/structure/admixture/rep026/K6/run14
rep026	6	run15	0.35726	-7870220.077757	/cfs/klemming/home/t/tabeadi/tabea_work/08_population_analysis_final/skane_only/combined/results/structure/admixture/rep026/K6/run15/data.6.Q	/cfs/klemming/home/t/tabeadi/tabea_work/08_population_analysis_final/skane_only/combined/results/structure/admixture/rep026/K6/run15
rep026	6	run16	0.35727	-7870219.95996	/cfs/klemming/home/t/tabeadi/tabea_work/08_population_analysis_final/skane_only/combined/results/structure/admixture/rep026/K6/run16/data.6.Q	/cfs/klemming/home/t/tabeadi/tabea_work/08_population_analysis_final/skane_only/combined/results/structure/admixture/rep026/K6/run16
rep026	6	run17	0.35726	-7870219.970516	/cfs/klemming/home/t/tabeadi/tabea_work/08_population_analysis_final/skane_only/combined/results/structure/admixture/rep026/K6/run17/data.6.Q	/cfs/klemming/home/t/tabeadi/tabea_work/08_population_analysis_final/skane_only/combined/results/structure/admixture/rep026/K6/run17
rep026	6	run18	0.35727	-7870219.963858	/cfs/klemming/home/t/tabeadi/tabea_work/08_population_analysis_final/skane_only/combined/results/structure/admixture/rep026/K6/run18/data.6.Q	/cfs/klemming/home/t/tabeadi/tabea_work/08_population_analysis_final/skane_only/combined/results/structure/admixture/rep026/K6/run18
rep026	6	run19	0.35724	-7870219.982636	/cfs/klemming/home/t/tabeadi/tabea_work/08_population_analysis_final/skane_only/combined/results/structure/admixture/rep026/K6/run19/data.6.Q	/cfs/klemming/home/t/tabeadi/tabea_work/08_population_analysis_final/skane_only/combined/results/structure/admixture/rep026/K6/run19
rep026	6	run20	0.35743	-7872258.19135	/cfs/klemming/home/t/tabeadi/tabea_work/08_population_analysis_final/skane_only/combined/results/structure/admixture/rep026/K6/run20/data.6.Q	/cfs/klemming/home/t/tabeadi/tabea_work/08_population_analysis_final/skane_only/combined/results/structure/admixture/rep026/K6/run20
rep026	7	run01	0.35684	-7854932.79866	/cfs/klemming/home/t/tabeadi/tabea_work/08_population_analysis_final/skane_only/combined/results/structure/admixture/rep026/K7/run01/data.7.Q	/cfs/klemming/home/t/tabeadi/tabea_work/08_population_analysis_final/skane_only/combined/results/structure/admixture/rep026/K7/run01
rep026	7	run02	0.35685	-7855146.467581	/cfs/klemming/home/t/tabeadi/tabea_work/08_population_analysis_final/skane_only/combined/results/structure/admixture/rep026/K7/run02/data.7.Q	/cfs/klemming/home/t/tabeadi/tabea_work/08_population_analysis_final/skane_only/combined/results/structure/admixture/rep026/K7/run02
rep026	7	run03	0.35677	-7854932.774525	/cfs/klemming/home/t/tabeadi/tabea_work/08_population_analysis_final/skane_only/combined/results/structure/admixture/rep026/K7/run03/data.7.Q	/cfs/klemming/home/t/tabeadi/tabea_work/08_population_analysis_final/skane_only/combined/results/structure/admixture/rep026/K7/run03
rep026	7	run04	0.3568	-7854932.962112	/cfs/klemming/home/t/tabeadi/tabea_work/08_population_analysis_final/skane_only/combined/results/structure/admixture/rep026/K7/run04/data.7.Q	/cfs/klemming/home/t/tabeadi/tabea_work/08_population_analysis_final/skane_only/combined/results/structure/admixture/rep026/K7/run04
rep026	7	run05	0.35682	-7855159.615863	/cfs/klemming/home/t/tabeadi/tabea_work/08_population_analysis_final/skane_only/combined/results/structure/admixture/rep026/K7/run05/data.7.Q	/cfs/klemming/home/t/tabeadi/tabea_work/08_population_analysis_final/skane_only/combined/results/structure/admixture/rep026/K7/run05
rep026	7	run06	0.35684	-7855159.812878	/cfs/klemming/home/t/tabeadi/tabea_work/08_population_analysis_final/skane_only/combined/results/structure/admixture/rep026/K7/run06/data.7.Q	/cfs/klemming/home/t/tabeadi/tabea_work/08_population_analysis_final/skane_only/combined/results/structure/admixture/rep026/K7/run06
rep026	7	run07	0.35682	-7855146.479539	/cfs/klemming/home/t/tabeadi/tabea_work/08_population_analysis_final/skane_only/combined/results/structure/admixture/rep026/K7/run07/data.7.Q	/cfs/klemming/home/t/tabeadi/tabea_work/08_population_analysis_final/skane_only/combined/results/structure/admixture/rep026/K7/run07
rep026	7	run08	0.35685	-7855146.607693	/cfs/klemming/home/t/tabeadi/tabea_work/08_population_analysis_final/skane_only/combined/results/structure/admixture/rep026/K7/run08/data.7.Q	/cfs/klemming/home/t/tabeadi/tabea_work/08_population_analysis_final/skane_only/combined/results/structure/admixture/rep026/K7/run08
rep026	7	run09	0.35681	-7854932.895465	/cfs/klemming/home/t/tabeadi/tabea_work/08_population_analysis_final/skane_only/combined/results/structure/admixture/rep026/K7/run09/data.7.Q	/cfs/klemming/home/t/tabeadi/tabea_work/08_population_analysis_final/skane_only/combined/results/structure/admixture/rep026/K7/run09
rep026	7	run10	0.35687	-7854933.005303	/cfs/klemming/home/t/tabeadi/tabea_work/08_population_analysis_final/skane_only/combined/results/structure/admixture/rep026/K7/run10/data.7.Q	/cfs/klemming/home/t/tabeadi/tabea_work/08_population_analysis_final/skane_only/combined/results/structure/admixture/rep026/K7/run10
rep026	7	run11	0.3568	-7854932.81633	/cfs/klemming/home/t/tabeadi/tabea_work/08_population_analysis_final/skane_only/combined/results/structure/admixture/rep026/K7/run11/data.7.Q	/cfs/klemming/home/t/tabeadi/tabea_work/08_population_analysis_final/skane_only/combined/results/structure/admixture/rep026/K7/run11
rep026	7	run12	0.35687	-7855663.787657	/cfs/klemming/home/t/tabeadi/tabea_work/08_population_analysis_final/skane_only/combined/results/structure/admixture/rep026/K7/run12/data.7.Q	/cfs/klemming/home/t/tabeadi/tabea_work/08_population_analysis_final/skane_only/combined/results/structure/admixture/rep026/K7/run12
rep026	7	run13	0.3568	-7855159.628261	/cfs/klemming/home/t/tabeadi/tabea_work/08_population_analysis_final/skane_only/combined/results/structure/admixture/rep026/K7/run13/data.7.Q	/cfs/klemming/home/t/tabeadi/tabea_work/08_population_analysis_final/skane_only/combined/results/structure/admixture/rep026/K7/run13
rep026	7	run14	0.35685	-7855402.619039	/cfs/klemming/home/t/tabeadi/tabea_work/08_population_analysis_final/skane_only/combined/results/structure/admixture/rep026/K7/run14/data.7.Q	/cfs/klemming/home/t/tabeadi/tabea_work/08_population_analysis_final/skane_only/combined/results/structure/admixture/rep026/K7/run14
rep026	7	run15	0.35687	-7855146.700806	/cfs/klemming/home/t/tabeadi/tabea_work/08_population_analysis_final/skane_only/combined/results/structure/admixture/rep026/K7/run15/data.7.Q	/cfs/klemming/home/t/tabeadi/tabea_work/08_population_analysis_final/skane_only/combined/results/structure/admixture/rep026/K7/run15
rep026	7	run16	0.35685	-7855159.629068	/cfs/klemming/home/t/tabeadi/tabea_work/08_population_analysis_final/skane_only/combined/results/structure/admixture/rep026/K7/run16/data.7.Q	/cfs/klemming/home/t/tabeadi/tabea_work/08_population_analysis_final/skane_only/combined/results/structure/admixture/rep026/K7/run16
rep026	7	run17	0.35686	-7855822.407677	/cfs/klemming/home/t/tabeadi/tabea_work/08_population_analysis_final/skane_only/combined/results/structure/admixture/rep026/K7/run17/data.7.Q	/cfs/klemming/home/t/tabeadi/tabea_work/08_population_analysis_final/skane_only/combined/results/structure/admixture/rep026/K7/run17
rep026	7	run18	0.35687	-7855402.822324	/cfs/klemming/home/t/tabeadi/tabea_work/08_population_analysis_final/skane_only/combined/results/structure/admixture/rep026/K7/run18/data.7.Q	/cfs/klemming/home/t/tabeadi/tabea_work/08_population_analysis_final/skane_only/combined/results/structure/admixture/rep026/K7/run18
rep026	7	run19	0.35686	-7855146.592052	/cfs/klemming/home/t/tabeadi/tabea_work/08_population_analysis_final/skane_only/combined/results/structure/admixture/rep026/K7/run19/data.7.Q	/cfs/klemming/home/t/tabeadi/tabea_work/08_population_analysis_final/skane_only/combined/results/structure/admixture/rep026/K7/run19
rep026	7	run20	0.35682	-7854932.796696	/cfs/klemming/home/t/tabeadi/tabea_work/08_population_analysis_final/skane_only/combined/results/structure/admixture/rep026/K7/run20/data.7.Q	/cfs/klemming/home/t/tabeadi/tabea_work/08_population_analysis_final/skane_only/combined/results/structure/admixture/rep026/K7/run20
rep026	8	run01	0.35647	-7840761.514011	/cfs/klemming/home/t/tabeadi/tabea_work/08_population_analysis_final/skane_only/combined/results/structure/admixture/rep026/K8/run01/data.8.Q	/cfs/klemming/home/t/tabeadi/tabea_work/08_population_analysis_final/skane_only/combined/results/structure/admixture/rep026/K8/run01
rep026	8	run02	0.35645	-7840496.571475	/cfs/klemming/home/t/tabeadi/tabea_work/08_population_analysis_final/skane_only/combined/results/structure/admixture/rep026/K8/run02/data.8.Q	/cfs/klemming/home/t/tabeadi/tabea_work/08_population_analysis_final/skane_only/combined/results/structure/admixture/rep026/K8/run02
rep026	8	run03	0.35648	-7841005.466916	/cfs/klemming/home/t/tabeadi/tabea_work/08_population_analysis_final/skane_only/combined/results/structure/admixture/rep026/K8/run03/data.8.Q	/cfs/klemming/home/t/tabeadi/tabea_work/08_population_analysis_final/skane_only/combined/results/structure/admixture/rep026/K8/run03
rep026	8	run04	0.35649	-7841005.25825	/cfs/klemming/home/t/tabeadi/tabea_work/08_population_analysis_final/skane_only/combined/results/structure/admixture/rep026/K8/run04/data.8.Q	/cfs/klemming/home/t/tabeadi/tabea_work/08_population_analysis_final/skane_only/combined/results/structure/admixture/rep026/K8/run04
rep026	8	run05	0.35642	-7840777.617089	/cfs/klemming/home/t/tabeadi/tabea_work/08_population_analysis_final/skane_only/combined/results/structure/admixture/rep026/K8/run05/data.8.Q	/cfs/klemming/home/t/tabeadi/tabea_work/08_population_analysis_final/skane_only/combined/results/structure/admixture/rep026/K8/run05
rep026	8	run06	0.35649	-7840496.608502	/cfs/klemming/home/t/tabeadi/tabea_work/08_population_analysis_final/skane_only/combined/results/structure/admixture/rep026/K8/run06/data.8.Q	/cfs/klemming/home/t/tabeadi/tabea_work/08_population_analysis_final/skane_only/combined/results/structure/admixture/rep026/K8/run06
rep026	8	run07	0.35643	-7840375.282331	/cfs/klemming/home/t/tabeadi/tabea_work/08_population_analysis_final/skane_only/combined/results/structure/admixture/rep026/K8/run07/data.8.Q	/cfs/klemming/home/t/tabeadi/tabea_work/08_population_analysis_final/skane_only/combined/results/structure/admixture/rep026/K8/run07
rep026	8	run08	0.35649	-7841142.697149	/cfs/klemming/home/t/tabeadi/tabea_work/08_population_analysis_final/skane_only/combined/results/structure/admixture/rep026/K8/run08/data.8.Q	/cfs/klemming/home/t/tabeadi/tabea_work/08_population_analysis_final/skane_only/combined/results/structure/admixture/rep026/K8/run08
rep026	8	run09	0.35646	-7840761.44668	/cfs/klemming/home/t/tabeadi/tabea_work/08_population_analysis_final/skane_only/combined/results/structure/admixture/rep026/K8/run09/data.8.Q	/cfs/klemming/home/t/tabeadi/tabea_work/08_population_analysis_final/skane_only/combined/results/structure/admixture/rep026/K8/run09
rep026	8	run10	0.35651	-7841136.945325	/cfs/klemming/home/t/tabeadi/tabea_work/08_population_analysis_final/skane_only/combined/results/structure/admixture/rep026/K8/run10/data.8.Q	/cfs/klemming/home/t/tabeadi/tabea_work/08_population_analysis_final/skane_only/combined/results/structure/admixture/rep026/K8/run10
rep026	8	run11	0.35649	-7841439.001042	/cfs/klemming/home/t/tabeadi/tabea_work/08_population_analysis_final/skane_only/combined/results/structure/admixture/rep026/K8/run11/data.8.Q	/cfs/klemming/home/t/tabeadi/tabea_work/08_population_analysis_final/skane_only/combined/results/structure/admixture/rep026/K8/run11
rep026	8	run12	0.35641	-7840375.370195	/cfs/klemming/home/t/tabeadi/tabea_work/08_population_analysis_final/skane_only/combined/results/structure/admixture/rep026/K8/run12/data.8.Q	/cfs/klemming/home/t/tabeadi/tabea_work/08_population_analysis_final/skane_only/combined/results/structure/admixture/rep026/K8/run12
rep026	8	run13	0.35648	-7840773.03904	/cfs/klemming/home/t/tabeadi/tabea_work/08_population_analysis_final/skane_only/combined/results/structure/admixture/rep026/K8/run13/data.8.Q	/cfs/klemming/home/t/tabeadi/tabea_work/08_population_analysis_final/skane_only/combined/results/structure/admixture/rep026/K8/run13
rep026	8	run14	0.35646	-7841142.759769	/cfs/klemming/home/t/tabeadi/tabea_work/08_population_analysis_final/skane_only/combined/results/structure/admixture/rep026/K8/run14/data.8.Q	/cfs/klemming/home/t/tabeadi/tabea_work/08_population_analysis_final/skane_only/combined/results/structure/admixture/rep026/K8/run14
rep026	8	run15	0.3564	-7841439.037262	/cfs/klemming/home/t/tabeadi/tabea_work/08_population_analysis_final/skane_only/combined/results/structure/admixture/rep026/K8/run15/data.8.Q	/cfs/klemming/home/t/tabeadi/tabea_work/08_population_analysis_final/skane_only/combined/results/structure/admixture/rep026/K8/run15
rep026	8	run16	0.35648	-7840997.088313	/cfs/klemming/home/t/tabeadi/tabea_work/08_population_analysis_final/skane_only/combined/results/structure/admixture/rep026/K8/run16/data.8.Q	/cfs/klemming/home/t/tabeadi/tabea_work/08_population_analysis_final/skane_only/combined/results/structure/admixture/rep026/K8/run16
rep026	8	run17	0.3564	-7840375.313557	/cfs/klemming/home/t/tabeadi/tabea_work/08_population_analysis_final/skane_only/combined/results/structure/admixture/rep026/K8/run17/data.8.Q	/cfs/klemming/home/t/tabeadi/tabea_work/08_population_analysis_final/skane_only/combined/results/structure/admixture/rep026/K8/run17
rep026	8	run18	0.3565	-7840800.075123	/cfs/klemming/home/t/tabeadi/tabea_work/08_population_analysis_final/skane_only/combined/results/structure/admixture/rep026/K8/run18/data.8.Q	/cfs/klemming/home/t/tabeadi/tabea_work/08_population_analysis_final/skane_only/combined/results/structure/admixture/rep026/K8/run18
rep026	8	run19	0.35645	-7840375.09501	/cfs/klemming/home/t/tabeadi/tabea_work/08_population_analysis_final/skane_only/combined/results/structure/admixture/rep026/K8/run19/data.8.Q	/cfs/klemming/home/t/tabeadi/tabea_work/08_population_analysis_final/skane_only/combined/results/structure/admixture/rep026/K8/run19
rep026	8	run20	0.35642	-7840375.234005	/cfs/klemming/home/t/tabeadi/tabea_work/08_population_analysis_final/skane_only/combined/results/structure/admixture/rep026/K8/run20/data.8.Q	/cfs/klemming/home/t/tabeadi/tabea_work/08_population_analysis_final/skane_only/combined/results/structure/admixture/rep026/K8/run20
rep027	1	run01	0.36112	-8094541.65673	/cfs/klemming/home/t/tabeadi/tabea_work/08_population_analysis_final/skane_only/combined/results/structure/admixture/rep027/K1/run01/data.1.Q	/cfs/klemming/home/t/tabeadi/tabea_work/08_population_analysis_final/skane_only/combined/results/structure/admixture/rep027/K1/run01
rep027	1	run02	0.36112	-8094541.65673	/cfs/klemming/home/t/tabeadi/tabea_work/08_population_analysis_final/skane_only/combined/results/structure/admixture/rep027/K1/run02/data.1.Q	/cfs/klemming/home/t/tabeadi/tabea_work/08_population_analysis_final/skane_only/combined/results/structure/admixture/rep027/K1/run02
rep027	1	run03	0.36112	-8094541.65673	/cfs/klemming/home/t/tabeadi/tabea_work/08_population_analysis_final/skane_only/combined/results/structure/admixture/rep027/K1/run03/data.1.Q	/cfs/klemming/home/t/tabeadi/tabea_work/08_population_analysis_final/skane_only/combined/results/structure/admixture/rep027/K1/run03
rep027	1	run04	0.36113	-8094541.65673	/cfs/klemming/home/t/tabeadi/tabea_work/08_population_analysis_final/skane_only/combined/results/structure/admixture/rep027/K1/run04/data.1.Q	/cfs/klemming/home/t/tabeadi/tabea_work/08_population_analysis_final/skane_only/combined/results/structure/admixture/rep027/K1/run04
rep027	1	run05	0.36111	-8094541.65673	/cfs/klemming/home/t/tabeadi/tabea_work/08_population_analysis_final/skane_only/combined/results/structure/admixture/rep027/K1/run05/data.1.Q	/cfs/klemming/home/t/tabeadi/tabea_work/08_population_analysis_final/skane_only/combined/results/structure/admixture/rep027/K1/run05
rep027	1	run06	0.36112	-8094541.65673	/cfs/klemming/home/t/tabeadi/tabea_work/08_population_analysis_final/skane_only/combined/results/structure/admixture/rep027/K1/run06/data.1.Q	/cfs/klemming/home/t/tabeadi/tabea_work/08_population_analysis_final/skane_only/combined/results/structure/admixture/rep027/K1/run06
rep027	1	run07	0.36112	-8094541.65673	/cfs/klemming/home/t/tabeadi/tabea_work/08_population_analysis_final/skane_only/combined/results/structure/admixture/rep027/K1/run07/data.1.Q	/cfs/klemming/home/t/tabeadi/tabea_work/08_population_analysis_final/skane_only/combined/results/structure/admixture/rep027/K1/run07
rep027	1	run08	0.36112	-8094541.65673	/cfs/klemming/home/t/tabeadi/tabea_work/08_population_analysis_final/skane_only/combined/results/structure/admixture/rep027/K1/run08/data.1.Q	/cfs/klemming/home/t/tabeadi/tabea_work/08_population_analysis_final/skane_only/combined/results/structure/admixture/rep027/K1/run08
rep027	1	run09	0.36112	-8094541.65673	/cfs/klemming/home/t/tabeadi/tabea_work/08_population_analysis_final/skane_only/combined/results/structure/admixture/rep027/K1/run09/data.1.Q	/cfs/klemming/home/t/tabeadi/tabea_work/08_population_analysis_final/skane_only/combined/results/structure/admixture/rep027/K1/run09
rep027	1	run10	0.36113	-8094541.65673	/cfs/klemming/home/t/tabeadi/tabea_work/08_population_analysis_final/skane_only/combined/results/structure/admixture/rep027/K1/run10/data.1.Q	/cfs/klemming/home/t/tabeadi/tabea_work/08_population_analysis_final/skane_only/combined/results/structure/admixture/rep027/K1/run10
rep027	1	run11	0.36113	-8094541.65673	/cfs/klemming/home/t/tabeadi/tabea_work/08_population_analysis_final/skane_only/combined/results/structure/admixture/rep027/K1/run11/data.1.Q	/cfs/klemming/home/t/tabeadi/tabea_work/08_population_analysis_final/skane_only/combined/results/structure/admixture/rep027/K1/run11
rep027	1	run12	0.36112	-8094541.65673	/cfs/klemming/home/t/tabeadi/tabea_work/08_population_analysis_final/skane_only/combined/results/structure/admixture/rep027/K1/run12/data.1.Q	/cfs/klemming/home/t/tabeadi/tabea_work/08_population_analysis_final/skane_only/combined/results/structure/admixture/rep027/K1/run12
rep027	1	run13	0.36113	-8094541.65673	/cfs/klemming/home/t/tabeadi/tabea_work/08_population_analysis_final/skane_only/combined/results/structure/admixture/rep027/K1/run13/data.1.Q	/cfs/klemming/home/t/tabeadi/tabea_work/08_population_analysis_final/skane_only/combined/results/structure/admixture/rep027/K1/run13
rep027	1	run14	0.36112	-8094541.65673	/cfs/klemming/home/t/tabeadi/tabea_work/08_population_analysis_final/skane_only/combined/results/structure/admixture/rep027/K1/run14/data.1.Q	/cfs/klemming/home/t/tabeadi/tabea_work/08_population_analysis_final/skane_only/combined/results/structure/admixture/rep027/K1/run14
rep027	1	run15	0.36113	-8094541.65673	/cfs/klemming/home/t/tabeadi/tabea_work/08_population_analysis_final/skane_only/combined/results/structure/admixture/rep027/K1/run15/data.1.Q	/cfs/klemming/home/t/tabeadi/tabea_work/08_population_analysis_final/skane_only/combined/results/structure/admixture/rep027/K1/run15
rep027	1	run16	0.36111	-8094541.65673	/cfs/klemming/home/t/tabeadi/tabea_work/08_population_analysis_final/skane_only/combined/results/structure/admixture/rep027/K1/run16/data.1.Q	/cfs/klemming/home/t/tabeadi/tabea_work/08_population_analysis_final/skane_only/combined/results/structure/admixture/rep027/K1/run16
rep027	1	run17	0.36112	-8094541.65673	/cfs/klemming/home/t/tabeadi/tabea_work/08_population_analysis_final/skane_only/combined/results/structure/admixture/rep027/K1/run17/data.1.Q	/cfs/klemming/home/t/tabeadi/tabea_work/08_population_analysis_final/skane_only/combined/results/structure/admixture/rep027/K1/run17
rep027	1	run18	0.36113	-8094541.65673	/cfs/klemming/home/t/tabeadi/tabea_work/08_population_analysis_final/skane_only/combined/results/structure/admixture/rep027/K1/run18/data.1.Q	/cfs/klemming/home/t/tabeadi/tabea_work/08_population_analysis_final/skane_only/combined/results/structure/admixture/rep027/K1/run18
rep027	1	run19	0.36112	-8094541.65673	/cfs/klemming/home/t/tabeadi/tabea_work/08_population_analysis_final/skane_only/combined/results/structure/admixture/rep027/K1/run19/data.1.Q	/cfs/klemming/home/t/tabeadi/tabea_work/08_population_analysis_final/skane_only/combined/results/structure/admixture/rep027/K1/run19
rep027	1	run20	0.36113	-8094541.65673	/cfs/klemming/home/t/tabeadi/tabea_work/08_population_analysis_final/skane_only/combined/results/structure/admixture/rep027/K1/run20/data.1.Q	/cfs/klemming/home/t/tabeadi/tabea_work/08_population_analysis_final/skane_only/combined/results/structure/admixture/rep027/K1/run20
rep027	2	run01	0.35977	-8063743.685169	/cfs/klemming/home/t/tabeadi/tabea_work/08_population_analysis_final/skane_only/combined/results/structure/admixture/rep027/K2/run01/data.2.Q	/cfs/klemming/home/t/tabeadi/tabea_work/08_population_analysis_final/skane_only/combined/results/structure/admixture/rep027/K2/run01
rep027	2	run02	0.35979	-8063743.68515	/cfs/klemming/home/t/tabeadi/tabea_work/08_population_analysis_final/skane_only/combined/results/structure/admixture/rep027/K2/run02/data.2.Q	/cfs/klemming/home/t/tabeadi/tabea_work/08_population_analysis_final/skane_only/combined/results/structure/admixture/rep027/K2/run02
rep027	2	run03	0.35976	-8063743.685164	/cfs/klemming/home/t/tabeadi/tabea_work/08_population_analysis_final/skane_only/combined/results/structure/admixture/rep027/K2/run03/data.2.Q	/cfs/klemming/home/t/tabeadi/tabea_work/08_population_analysis_final/skane_only/combined/results/structure/admixture/rep027/K2/run03
rep027	2	run04	0.35982	-8063743.685153	/cfs/klemming/home/t/tabeadi/tabea_work/08_population_analysis_final/skane_only/combined/results/structure/admixture/rep027/K2/run04/data.2.Q	/cfs/klemming/home/t/tabeadi/tabea_work/08_population_analysis_final/skane_only/combined/results/structure/admixture/rep027/K2/run04
rep027	2	run05	0.35977	-8063743.685163	/cfs/klemming/home/t/tabeadi/tabea_work/08_population_analysis_final/skane_only/combined/results/structure/admixture/rep027/K2/run05/data.2.Q	/cfs/klemming/home/t/tabeadi/tabea_work/08_population_analysis_final/skane_only/combined/results/structure/admixture/rep027/K2/run05
rep027	2	run06	0.35976	-8063743.685154	/cfs/klemming/home/t/tabeadi/tabea_work/08_population_analysis_final/skane_only/combined/results/structure/admixture/rep027/K2/run06/data.2.Q	/cfs/klemming/home/t/tabeadi/tabea_work/08_population_analysis_final/skane_only/combined/results/structure/admixture/rep027/K2/run06
rep027	2	run07	0.35979	-8063743.685157	/cfs/klemming/home/t/tabeadi/tabea_work/08_population_analysis_final/skane_only/combined/results/structure/admixture/rep027/K2/run07/data.2.Q	/cfs/klemming/home/t/tabeadi/tabea_work/08_population_analysis_final/skane_only/combined/results/structure/admixture/rep027/K2/run07
rep027	2	run08	0.35974	-8063743.685152	/cfs/klemming/home/t/tabeadi/tabea_work/08_population_analysis_final/skane_only/combined/results/structure/admixture/rep027/K2/run08/data.2.Q	/cfs/klemming/home/t/tabeadi/tabea_work/08_population_analysis_final/skane_only/combined/results/structure/admixture/rep027/K2/run08
rep027	2	run09	0.35977	-8063743.685159	/cfs/klemming/home/t/tabeadi/tabea_work/08_population_analysis_final/skane_only/combined/results/structure/admixture/rep027/K2/run09/data.2.Q	/cfs/klemming/home/t/tabeadi/tabea_work/08_population_analysis_final/skane_only/combined/results/structure/admixture/rep027/K2/run09
rep027	2	run10	0.35978	-8063743.68515	/cfs/klemming/home/t/tabeadi/tabea_work/08_population_analysis_final/skane_only/combined/results/structure/admixture/rep027/K2/run10/data.2.Q	/cfs/klemming/home/t/tabeadi/tabea_work/08_population_analysis_final/skane_only/combined/results/structure/admixture/rep027/K2/run10
rep027	2	run11	0.35976	-8063743.685162	/cfs/klemming/home/t/tabeadi/tabea_work/08_population_analysis_final/skane_only/combined/results/structure/admixture/rep027/K2/run11/data.2.Q	/cfs/klemming/home/t/tabeadi/tabea_work/08_population_analysis_final/skane_only/combined/results/structure/admixture/rep027/K2/run11
rep027	2	run12	0.35978	-8063743.685161	/cfs/klemming/home/t/tabeadi/tabea_work/08_population_analysis_final/skane_only/combined/results/structure/admixture/rep027/K2/run12/data.2.Q	/cfs/klemming/home/t/tabeadi/tabea_work/08_population_analysis_final/skane_only/combined/results/structure/admixture/rep027/K2/run12
rep027	2	run13	0.35976	-8063743.68515	/cfs/klemming/home/t/tabeadi/tabea_work/08_population_analysis_final/skane_only/combined/results/structure/admixture/rep027/K2/run13/data.2.Q	/cfs/klemming/home/t/tabeadi/tabea_work/08_population_analysis_final/skane_only/combined/results/structure/admixture/rep027/K2/run13
rep027	2	run14	0.35977	-8063743.685153	/cfs/klemming/home/t/tabeadi/tabea_work/08_population_analysis_final/skane_only/combined/results/structure/admixture/rep027/K2/run14/data.2.Q	/cfs/klemming/home/t/tabeadi/tabea_work/08_population_analysis_final/skane_only/combined/results/structure/admixture/rep027/K2/run14
rep027	2	run15	0.35976	-8063743.685152	/cfs/klemming/home/t/tabeadi/tabea_work/08_population_analysis_final/skane_only/combined/results/structure/admixture/rep027/K2/run15/data.2.Q	/cfs/klemming/home/t/tabeadi/tabea_work/08_population_analysis_final/skane_only/combined/results/structure/admixture/rep027/K2/run15
rep027	2	run16	0.35978	-8063743.685151	/cfs/klemming/home/t/tabeadi/tabea_work/08_population_analysis_final/skane_only/combined/results/structure/admixture/rep027/K2/run16/data.2.Q	/cfs/klemming/home/t/tabeadi/tabea_work/08_population_analysis_final/skane_only/combined/results/structure/admixture/rep027/K2/run16
rep027	2	run17	0.35977	-8063743.685168	/cfs/klemming/home/t/tabeadi/tabea_work/08_population_analysis_final/skane_only/combined/results/structure/admixture/rep027/K2/run17/data.2.Q	/cfs/klemming/home/t/tabeadi/tabea_work/08_population_analysis_final/skane_only/combined/results/structure/admixture/rep027/K2/run17
rep027	2	run18	0.35978	-8063743.685153	/cfs/klemming/home/t/tabeadi/tabea_work/08_population_analysis_final/skane_only/combined/results/structure/admixture/rep027/K2/run18/data.2.Q	/cfs/klemming/home/t/tabeadi/tabea_work/08_population_analysis_final/skane_only/combined/results/structure/admixture/rep027/K2/run18
rep027	2	run19	0.35982	-8063743.685155	/cfs/klemming/home/t/tabeadi/tabea_work/08_population_analysis_final/skane_only/combined/results/structure/admixture/rep027/K2/run19/data.2.Q	/cfs/klemming/home/t/tabeadi/tabea_work/08_population_analysis_final/skane_only/combined/results/structure/admixture/rep027/K2/run19
rep027	2	run20	0.35978	-8063743.685151	/cfs/klemming/home/t/tabeadi/tabea_work/08_population_analysis_final/skane_only/combined/results/structure/admixture/rep027/K2/run20/data.2.Q	/cfs/klemming/home/t/tabeadi/tabea_work/08_population_analysis_final/skane_only/combined/results/structure/admixture/rep027/K2/run20
rep027	3	run01	0.35902	-8041128.832847	/cfs/klemming/home/t/tabeadi/tabea_work/08_population_analysis_final/skane_only/combined/results/structure/admixture/rep027/K3/run01/data.3.Q	/cfs/klemming/home/t/tabeadi/tabea_work/08_population_analysis_final/skane_only/combined/results/structure/admixture/rep027/K3/run01
rep027	3	run02	0.35902	-8041128.843096	/cfs/klemming/home/t/tabeadi/tabea_work/08_population_analysis_final/skane_only/combined/results/structure/admixture/rep027/K3/run02/data.3.Q	/cfs/klemming/home/t/tabeadi/tabea_work/08_population_analysis_final/skane_only/combined/results/structure/admixture/rep027/K3/run02
rep027	3	run03	0.35896	-8041128.834941	/cfs/klemming/home/t/tabeadi/tabea_work/08_population_analysis_final/skane_only/combined/results/structure/admixture/rep027/K3/run03/data.3.Q	/cfs/klemming/home/t/tabeadi/tabea_work/08_population_analysis_final/skane_only/combined/results/structure/admixture/rep027/K3/run03
rep027	3	run04	0.35901	-8041128.83278	/cfs/klemming/home/t/tabeadi/tabea_work/08_population_analysis_final/skane_only/combined/results/structure/admixture/rep027/K3/run04/data.3.Q	/cfs/klemming/home/t/tabeadi/tabea_work/08_population_analysis_final/skane_only/combined/results/structure/admixture/rep027/K3/run04
rep027	3	run05	0.35896	-8041128.8356	/cfs/klemming/home/t/tabeadi/tabea_work/08_population_analysis_final/skane_only/combined/results/structure/admixture/rep027/K3/run05/data.3.Q	/cfs/klemming/home/t/tabeadi/tabea_work/08_population_analysis_final/skane_only/combined/results/structure/admixture/rep027/K3/run05
rep027	3	run06	0.35899	-8041128.834299	/cfs/klemming/home/t/tabeadi/tabea_work/08_population_analysis_final/skane_only/combined/results/structure/admixture/rep027/K3/run06/data.3.Q	/cfs/klemming/home/t/tabeadi/tabea_work/08_population_analysis_final/skane_only/combined/results/structure/admixture/rep027/K3/run06
rep027	3	run07	0.35903	-8041128.835307	/cfs/klemming/home/t/tabeadi/tabea_work/08_population_analysis_final/skane_only/combined/results/structure/admixture/rep027/K3/run07/data.3.Q	/cfs/klemming/home/t/tabeadi/tabea_work/08_population_analysis_final/skane_only/combined/results/structure/admixture/rep027/K3/run07
rep027	3	run08	0.359	-8041128.834717	/cfs/klemming/home/t/tabeadi/tabea_work/08_population_analysis_final/skane_only/combined/results/structure/admixture/rep027/K3/run08/data.3.Q	/cfs/klemming/home/t/tabeadi/tabea_work/08_population_analysis_final/skane_only/combined/results/structure/admixture/rep027/K3/run08
rep027	3	run09	0.35899	-8041128.833006	/cfs/klemming/home/t/tabeadi/tabea_work/08_population_analysis_final/skane_only/combined/results/structure/admixture/rep027/K3/run09/data.3.Q	/cfs/klemming/home/t/tabeadi/tabea_work/08_population_analysis_final/skane_only/combined/results/structure/admixture/rep027/K3/run09
rep027	3	run10	0.35898	-8041128.832385	/cfs/klemming/home/t/tabeadi/tabea_work/08_population_analysis_final/skane_only/combined/results/structure/admixture/rep027/K3/run10/data.3.Q	/cfs/klemming/home/t/tabeadi/tabea_work/08_population_analysis_final/skane_only/combined/results/structure/admixture/rep027/K3/run10
rep027	3	run11	0.35908	-8041128.833289	/cfs/klemming/home/t/tabeadi/tabea_work/08_population_analysis_final/skane_only/combined/results/structure/admixture/rep027/K3/run11/data.3.Q	/cfs/klemming/home/t/tabeadi/tabea_work/08_population_analysis_final/skane_only/combined/results/structure/admixture/rep027/K3/run11
rep027	3	run12	0.35901	-8041128.845841	/cfs/klemming/home/t/tabeadi/tabea_work/08_population_analysis_final/skane_only/combined/results/structure/admixture/rep027/K3/run12/data.3.Q	/cfs/klemming/home/t/tabeadi/tabea_work/08_population_analysis_final/skane_only/combined/results/structure/admixture/rep027/K3/run12
rep027	3	run13	0.35899	-8041128.836181	/cfs/klemming/home/t/tabeadi/tabea_work/08_population_analysis_final/skane_only/combined/results/structure/admixture/rep027/K3/run13/data.3.Q	/cfs/klemming/home/t/tabeadi/tabea_work/08_population_analysis_final/skane_only/combined/results/structure/admixture/rep027/K3/run13
rep027	3	run14	0.35898	-8041128.841591	/cfs/klemming/home/t/tabeadi/tabea_work/08_population_analysis_final/skane_only/combined/results/structure/admixture/rep027/K3/run14/data.3.Q	/cfs/klemming/home/t/tabeadi/tabea_work/08_population_analysis_final/skane_only/combined/results/structure/admixture/rep027/K3/run14
rep027	3	run15	0.35897	-8041128.834642	/cfs/klemming/home/t/tabeadi/tabea_work/08_population_analysis_final/skane_only/combined/results/structure/admixture/rep027/K3/run15/data.3.Q	/cfs/klemming/home/t/tabeadi/tabea_work/08_population_analysis_final/skane_only/combined/results/structure/admixture/rep027/K3/run15
rep027	3	run16	0.35901	-8041128.832786	/cfs/klemming/home/t/tabeadi/tabea_work/08_population_analysis_final/skane_only/combined/results/structure/admixture/rep027/K3/run16/data.3.Q	/cfs/klemming/home/t/tabeadi/tabea_work/08_population_analysis_final/skane_only/combined/results/structure/admixture/rep027/K3/run16
rep027	3	run17	0.35897	-8041128.834207	/cfs/klemming/home/t/tabeadi/tabea_work/08_population_analysis_final/skane_only/combined/results/structure/admixture/rep027/K3/run17/data.3.Q	/cfs/klemming/home/t/tabeadi/tabea_work/08_population_analysis_final/skane_only/combined/results/structure/admixture/rep027/K3/run17
rep027	3	run18	0.35898	-8041128.835342	/cfs/klemming/home/t/tabeadi/tabea_work/08_population_analysis_final/skane_only/combined/results/structure/admixture/rep027/K3/run18/data.3.Q	/cfs/klemming/home/t/tabeadi/tabea_work/08_population_analysis_final/skane_only/combined/results/structure/admixture/rep027/K3/run18
rep027	3	run19	0.35898	-8041128.836247	/cfs/klemming/home/t/tabeadi/tabea_work/08_population_analysis_final/skane_only/combined/results/structure/admixture/rep027/K3/run19/data.3.Q	/cfs/klemming/home/t/tabeadi/tabea_work/08_population_analysis_final/skane_only/combined/results/structure/admixture/rep027/K3/run19
rep027	3	run20	0.35898	-8041128.832064	/cfs/klemming/home/t/tabeadi/tabea_work/08_population_analysis_final/skane_only/combined/results/structure/admixture/rep027/K3/run20/data.3.Q	/cfs/klemming/home/t/tabeadi/tabea_work/08_population_analysis_final/skane_only/combined/results/structure/admixture/rep027/K3/run20
rep027	4	run01	0.35842	-8021323.784849	/cfs/klemming/home/t/tabeadi/tabea_work/08_population_analysis_final/skane_only/combined/results/structure/admixture/rep027/K4/run01/data.4.Q	/cfs/klemming/home/t/tabeadi/tabea_work/08_population_analysis_final/skane_only/combined/results/structure/admixture/rep027/K4/run01
rep027	4	run02	0.35843	-8021323.777786	/cfs/klemming/home/t/tabeadi/tabea_work/08_population_analysis_final/skane_only/combined/results/structure/admixture/rep027/K4/run02/data.4.Q	/cfs/klemming/home/t/tabeadi/tabea_work/08_population_analysis_final/skane_only/combined/results/structure/admixture/rep027/K4/run02
rep027	4	run03	0.35844	-8021323.776144	/cfs/klemming/home/t/tabeadi/tabea_work/08_population_analysis_final/skane_only/combined/results/structure/admixture/rep027/K4/run03/data.4.Q	/cfs/klemming/home/t/tabeadi/tabea_work/08_population_analysis_final/skane_only/combined/results/structure/admixture/rep027/K4/run03
rep027	4	run04	0.35839	-8021323.780434	/cfs/klemming/home/t/tabeadi/tabea_work/08_population_analysis_final/skane_only/combined/results/structure/admixture/rep027/K4/run04/data.4.Q	/cfs/klemming/home/t/tabeadi/tabea_work/08_population_analysis_final/skane_only/combined/results/structure/admixture/rep027/K4/run04
rep027	4	run05	0.35839	-8021323.779363	/cfs/klemming/home/t/tabeadi/tabea_work/08_population_analysis_final/skane_only/combined/results/structure/admixture/rep027/K4/run05/data.4.Q	/cfs/klemming/home/t/tabeadi/tabea_work/08_population_analysis_final/skane_only/combined/results/structure/admixture/rep027/K4/run05
rep027	4	run06	0.35838	-8021323.775933	/cfs/klemming/home/t/tabeadi/tabea_work/08_population_analysis_final/skane_only/combined/results/structure/admixture/rep027/K4/run06/data.4.Q	/cfs/klemming/home/t/tabeadi/tabea_work/08_population_analysis_final/skane_only/combined/results/structure/admixture/rep027/K4/run06
rep027	4	run07	0.35841	-8021323.772579	/cfs/klemming/home/t/tabeadi/tabea_work/08_population_analysis_final/skane_only/combined/results/structure/admixture/rep027/K4/run07/data.4.Q	/cfs/klemming/home/t/tabeadi/tabea_work/08_population_analysis_final/skane_only/combined/results/structure/admixture/rep027/K4/run07
rep027	4	run08	0.3584	-8021323.783146	/cfs/klemming/home/t/tabeadi/tabea_work/08_population_analysis_final/skane_only/combined/results/structure/admixture/rep027/K4/run08/data.4.Q	/cfs/klemming/home/t/tabeadi/tabea_work/08_population_analysis_final/skane_only/combined/results/structure/admixture/rep027/K4/run08
rep027	4	run09	0.35841	-8021323.778696	/cfs/klemming/home/t/tabeadi/tabea_work/08_population_analysis_final/skane_only/combined/results/structure/admixture/rep027/K4/run09/data.4.Q	/cfs/klemming/home/t/tabeadi/tabea_work/08_population_analysis_final/skane_only/combined/results/structure/admixture/rep027/K4/run09
rep027	4	run10	0.35837	-8021323.771921	/cfs/klemming/home/t/tabeadi/tabea_work/08_population_analysis_final/skane_only/combined/results/structure/admixture/rep027/K4/run10/data.4.Q	/cfs/klemming/home/t/tabeadi/tabea_work/08_population_analysis_final/skane_only/combined/results/structure/admixture/rep027/K4/run10
rep027	4	run11	0.35847	-8021323.770729	/cfs/klemming/home/t/tabeadi/tabea_work/08_population_analysis_final/skane_only/combined/results/structure/admixture/rep027/K4/run11/data.4.Q	/cfs/klemming/home/t/tabeadi/tabea_work/08_population_analysis_final/skane_only/combined/results/structure/admixture/rep027/K4/run11
rep027	4	run12	0.35841	-8021323.774152	/cfs/klemming/home/t/tabeadi/tabea_work/08_population_analysis_final/skane_only/combined/results/structure/admixture/rep027/K4/run12/data.4.Q	/cfs/klemming/home/t/tabeadi/tabea_work/08_population_analysis_final/skane_only/combined/results/structure/admixture/rep027/K4/run12
rep027	4	run13	0.35845	-8021323.778931	/cfs/klemming/home/t/tabeadi/tabea_work/08_population_analysis_final/skane_only/combined/results/structure/admixture/rep027/K4/run13/data.4.Q	/cfs/klemming/home/t/tabeadi/tabea_work/08_population_analysis_final/skane_only/combined/results/structure/admixture/rep027/K4/run13
rep027	4	run14	0.35839	-8021323.774426	/cfs/klemming/home/t/tabeadi/tabea_work/08_population_analysis_final/skane_only/combined/results/structure/admixture/rep027/K4/run14/data.4.Q	/cfs/klemming/home/t/tabeadi/tabea_work/08_population_analysis_final/skane_only/combined/results/structure/admixture/rep027/K4/run14
rep027	4	run15	0.35838	-8021323.784311	/cfs/klemming/home/t/tabeadi/tabea_work/08_population_analysis_final/skane_only/combined/results/structure/admixture/rep027/K4/run15/data.4.Q	/cfs/klemming/home/t/tabeadi/tabea_work/08_population_analysis_final/skane_only/combined/results/structure/admixture/rep027/K4/run15
rep027	4	run16	0.3584	-8021323.771148	/cfs/klemming/home/t/tabeadi/tabea_work/08_population_analysis_final/skane_only/combined/results/structure/admixture/rep027/K4/run16/data.4.Q	/cfs/klemming/home/t/tabeadi/tabea_work/08_population_analysis_final/skane_only/combined/results/structure/admixture/rep027/K4/run16
rep027	4	run17	0.35835	-8021323.791346	/cfs/klemming/home/t/tabeadi/tabea_work/08_population_analysis_final/skane_only/combined/results/structure/admixture/rep027/K4/run17/data.4.Q	/cfs/klemming/home/t/tabeadi/tabea_work/08_population_analysis_final/skane_only/combined/results/structure/admixture/rep027/K4/run17
rep027	4	run18	0.35839	-8021323.780299	/cfs/klemming/home/t/tabeadi/tabea_work/08_population_analysis_final/skane_only/combined/results/structure/admixture/rep027/K4/run18/data.4.Q	/cfs/klemming/home/t/tabeadi/tabea_work/08_population_analysis_final/skane_only/combined/results/structure/admixture/rep027/K4/run18
rep027	4	run19	0.35838	-8021323.768861	/cfs/klemming/home/t/tabeadi/tabea_work/08_population_analysis_final/skane_only/combined/results/structure/admixture/rep027/K4/run19/data.4.Q	/cfs/klemming/home/t/tabeadi/tabea_work/08_population_analysis_final/skane_only/combined/results/structure/admixture/rep027/K4/run19
rep027	4	run20	0.35838	-8021323.780323	/cfs/klemming/home/t/tabeadi/tabea_work/08_population_analysis_final/skane_only/combined/results/structure/admixture/rep027/K4/run20/data.4.Q	/cfs/klemming/home/t/tabeadi/tabea_work/08_population_analysis_final/skane_only/combined/results/structure/admixture/rep027/K4/run20
rep027	5	run01	0.35791	-8003271.12903	/cfs/klemming/home/t/tabeadi/tabea_work/08_population_analysis_final/skane_only/combined/results/structure/admixture/rep027/K5/run01/data.5.Q	/cfs/klemming/home/t/tabeadi/tabea_work/08_population_analysis_final/skane_only/combined/results/structure/admixture/rep027/K5/run01
rep027	5	run02	0.35795	-8003227.530847	/cfs/klemming/home/t/tabeadi/tabea_work/08_population_analysis_final/skane_only/combined/results/structure/admixture/rep027/K5/run02/data.5.Q	/cfs/klemming/home/t/tabeadi/tabea_work/08_population_analysis_final/skane_only/combined/results/structure/admixture/rep027/K5/run02
rep027	5	run03	0.35793	-8003227.499393	/cfs/klemming/home/t/tabeadi/tabea_work/08_population_analysis_final/skane_only/combined/results/structure/admixture/rep027/K5/run03/data.5.Q	/cfs/klemming/home/t/tabeadi/tabea_work/08_population_analysis_final/skane_only/combined/results/structure/admixture/rep027/K5/run03
rep027	5	run04	0.35787	-8003227.558058	/cfs/klemming/home/t/tabeadi/tabea_work/08_population_analysis_final/skane_only/combined/results/structure/admixture/rep027/K5/run04/data.5.Q	/cfs/klemming/home/t/tabeadi/tabea_work/08_population_analysis_final/skane_only/combined/results/structure/admixture/rep027/K5/run04
rep027	5	run05	0.35795	-8003271.147283	/cfs/klemming/home/t/tabeadi/tabea_work/08_population_analysis_final/skane_only/combined/results/structure/admixture/rep027/K5/run05/data.5.Q	/cfs/klemming/home/t/tabeadi/tabea_work/08_population_analysis_final/skane_only/combined/results/structure/admixture/rep027/K5/run05
rep027	5	run06	0.35788	-8003527.347016	/cfs/klemming/home/t/tabeadi/tabea_work/08_population_analysis_final/skane_only/combined/results/structure/admixture/rep027/K5/run06/data.5.Q	/cfs/klemming/home/t/tabeadi/tabea_work/08_population_analysis_final/skane_only/combined/results/structure/admixture/rep027/K5/run06
rep027	5	run07	0.35783	-8003227.509949	/cfs/klemming/home/t/tabeadi/tabea_work/08_population_analysis_final/skane_only/combined/results/structure/admixture/rep027/K5/run07/data.5.Q	/cfs/klemming/home/t/tabeadi/tabea_work/08_population_analysis_final/skane_only/combined/results/structure/admixture/rep027/K5/run07
rep027	5	run08	0.35792	-8003271.138558	/cfs/klemming/home/t/tabeadi/tabea_work/08_population_analysis_final/skane_only/combined/results/structure/admixture/rep027/K5/run08/data.5.Q	/cfs/klemming/home/t/tabeadi/tabea_work/08_population_analysis_final/skane_only/combined/results/structure/admixture/rep027/K5/run08
rep027	5	run09	0.35789	-8003527.365938	/cfs/klemming/home/t/tabeadi/tabea_work/08_population_analysis_final/skane_only/combined/results/structure/admixture/rep027/K5/run09/data.5.Q	/cfs/klemming/home/t/tabeadi/tabea_work/08_population_analysis_final/skane_only/combined/results/structure/admixture/rep027/K5/run09
rep027	5	run10	0.35784	-8003166.042678	/cfs/klemming/home/t/tabeadi/tabea_work/08_population_analysis_final/skane_only/combined/results/structure/admixture/rep027/K5/run10/data.5.Q	/cfs/klemming/home/t/tabeadi/tabea_work/08_population_analysis_final/skane_only/combined/results/structure/admixture/rep027/K5/run10
rep027	5	run11	0.35785	-8003227.48742	/cfs/klemming/home/t/tabeadi/tabea_work/08_population_analysis_final/skane_only/combined/results/structure/admixture/rep027/K5/run11/data.5.Q	/cfs/klemming/home/t/tabeadi/tabea_work/08_population_analysis_final/skane_only/combined/results/structure/admixture/rep027/K5/run11
rep027	5	run12	0.35792	-8003166.03939	/cfs/klemming/home/t/tabeadi/tabea_work/08_population_analysis_final/skane_only/combined/results/structure/admixture/rep027/K5/run12/data.5.Q	/cfs/klemming/home/t/tabeadi/tabea_work/08_population_analysis_final/skane_only/combined/results/structure/admixture/rep027/K5/run12
rep027	5	run13	0.35781	-8003227.490199	/cfs/klemming/home/t/tabeadi/tabea_work/08_population_analysis_final/skane_only/combined/results/structure/admixture/rep027/K5/run13/data.5.Q	/cfs/klemming/home/t/tabeadi/tabea_work/08_population_analysis_final/skane_only/combined/results/structure/admixture/rep027/K5/run13
rep027	5	run14	0.35786	-8003271.162395	/cfs/klemming/home/t/tabeadi/tabea_work/08_population_analysis_final/skane_only/combined/results/structure/admixture/rep027/K5/run14/data.5.Q	/cfs/klemming/home/t/tabeadi/tabea_work/08_population_analysis_final/skane_only/combined/results/structure/admixture/rep027/K5/run14
rep027	5	run15	0.35784	-8003527.302964	/cfs/klemming/home/t/tabeadi/tabea_work/08_population_analysis_final/skane_only/combined/results/structure/admixture/rep027/K5/run15/data.5.Q	/cfs/klemming/home/t/tabeadi/tabea_work/08_population_analysis_final/skane_only/combined/results/structure/admixture/rep027/K5/run15
rep027	5	run16	0.35793	-8003166.031628	/cfs/klemming/home/t/tabeadi/tabea_work/08_population_analysis_final/skane_only/combined/results/structure/admixture/rep027/K5/run16/data.5.Q	/cfs/klemming/home/t/tabeadi/tabea_work/08_population_analysis_final/skane_only/combined/results/structure/admixture/rep027/K5/run16
rep027	5	run17	0.35788	-8003166.025763	/cfs/klemming/home/t/tabeadi/tabea_work/08_population_analysis_final/skane_only/combined/results/structure/admixture/rep027/K5/run17/data.5.Q	/cfs/klemming/home/t/tabeadi/tabea_work/08_population_analysis_final/skane_only/combined/results/structure/admixture/rep027/K5/run17
rep027	5	run18	0.35789	-8003163.736583	/cfs/klemming/home/t/tabeadi/tabea_work/08_population_analysis_final/skane_only/combined/results/structure/admixture/rep027/K5/run18/data.5.Q	/cfs/klemming/home/t/tabeadi/tabea_work/08_population_analysis_final/skane_only/combined/results/structure/admixture/rep027/K5/run18
rep027	5	run19	0.358	-8003227.499754	/cfs/klemming/home/t/tabeadi/tabea_work/08_population_analysis_final/skane_only/combined/results/structure/admixture/rep027/K5/run19/data.5.Q	/cfs/klemming/home/t/tabeadi/tabea_work/08_population_analysis_final/skane_only/combined/results/structure/admixture/rep027/K5/run19
rep027	5	run20	0.35789	-8003271.151195	/cfs/klemming/home/t/tabeadi/tabea_work/08_population_analysis_final/skane_only/combined/results/structure/admixture/rep027/K5/run20/data.5.Q	/cfs/klemming/home/t/tabeadi/tabea_work/08_population_analysis_final/skane_only/combined/results/structure/admixture/rep027/K5/run20
rep027	6	run01	0.35736	-7985920.062768	/cfs/klemming/home/t/tabeadi/tabea_work/08_population_analysis_final/skane_only/combined/results/structure/admixture/rep027/K6/run01/data.6.Q	/cfs/klemming/home/t/tabeadi/tabea_work/08_population_analysis_final/skane_only/combined/results/structure/admixture/rep027/K6/run01
rep027	6	run02	0.35738	-7986093.770813	/cfs/klemming/home/t/tabeadi/tabea_work/08_population_analysis_final/skane_only/combined/results/structure/admixture/rep027/K6/run02/data.6.Q	/cfs/klemming/home/t/tabeadi/tabea_work/08_population_analysis_final/skane_only/combined/results/structure/admixture/rep027/K6/run02
rep027	6	run03	0.35732	-7985680.573112	/cfs/klemming/home/t/tabeadi/tabea_work/08_population_analysis_final/skane_only/combined/results/structure/admixture/rep027/K6/run03/data.6.Q	/cfs/klemming/home/t/tabeadi/tabea_work/08_population_analysis_final/skane_only/combined/results/structure/admixture/rep027/K6/run03
rep027	6	run04	0.35725	-7985603.528797	/cfs/klemming/home/t/tabeadi/tabea_work/08_population_analysis_final/skane_only/combined/results/structure/admixture/rep027/K6/run04/data.6.Q	/cfs/klemming/home/t/tabeadi/tabea_work/08_population_analysis_final/skane_only/combined/results/structure/admixture/rep027/K6/run04
rep027	6	run05	0.3574	-7985909.214095	/cfs/klemming/home/t/tabeadi/tabea_work/08_population_analysis_final/skane_only/combined/results/structure/admixture/rep027/K6/run05/data.6.Q	/cfs/klemming/home/t/tabeadi/tabea_work/08_population_analysis_final/skane_only/combined/results/structure/admixture/rep027/K6/run05
rep027	6	run06	0.35732	-7986093.795245	/cfs/klemming/home/t/tabeadi/tabea_work/08_population_analysis_final/skane_only/combined/results/structure/admixture/rep027/K6/run06/data.6.Q	/cfs/klemming/home/t/tabeadi/tabea_work/08_population_analysis_final/skane_only/combined/results/structure/admixture/rep027/K6/run06
rep027	6	run07	0.35734	-7985603.469928	/cfs/klemming/home/t/tabeadi/tabea_work/08_population_analysis_final/skane_only/combined/results/structure/admixture/rep027/K6/run07/data.6.Q	/cfs/klemming/home/t/tabeadi/tabea_work/08_population_analysis_final/skane_only/combined/results/structure/admixture/rep027/K6/run07
rep027	6	run08	0.35736	-7985603.586456	/cfs/klemming/home/t/tabeadi/tabea_work/08_population_analysis_final/skane_only/combined/results/structure/admixture/rep027/K6/run08/data.6.Q	/cfs/klemming/home/t/tabeadi/tabea_work/08_population_analysis_final/skane_only/combined/results/structure/admixture/rep027/K6/run08
rep027	6	run09	0.35726	-7985680.569502	/cfs/klemming/home/t/tabeadi/tabea_work/08_population_analysis_final/skane_only/combined/results/structure/admixture/rep027/K6/run09/data.6.Q	/cfs/klemming/home/t/tabeadi/tabea_work/08_population_analysis_final/skane_only/combined/results/structure/admixture/rep027/K6/run09
rep027	6	run10	0.35743	-7986527.180611	/cfs/klemming/home/t/tabeadi/tabea_work/08_population_analysis_final/skane_only/combined/results/structure/admixture/rep027/K6/run10/data.6.Q	/cfs/klemming/home/t/tabeadi/tabea_work/08_population_analysis_final/skane_only/combined/results/structure/admixture/rep027/K6/run10
rep027	6	run11	0.35735	-7985919.980467	/cfs/klemming/home/t/tabeadi/tabea_work/08_population_analysis_final/skane_only/combined/results/structure/admixture/rep027/K6/run11/data.6.Q	/cfs/klemming/home/t/tabeadi/tabea_work/08_population_analysis_final/skane_only/combined/results/structure/admixture/rep027/K6/run11
rep027	6	run12	0.35732	-7985919.985039	/cfs/klemming/home/t/tabeadi/tabea_work/08_population_analysis_final/skane_only/combined/results/structure/admixture/rep027/K6/run12/data.6.Q	/cfs/klemming/home/t/tabeadi/tabea_work/08_population_analysis_final/skane_only/combined/results/structure/admixture/rep027/K6/run12
rep027	6	run13	0.35733	-7985680.537169	/cfs/klemming/home/t/tabeadi/tabea_work/08_population_analysis_final/skane_only/combined/results/structure/admixture/rep027/K6/run13/data.6.Q	/cfs/klemming/home/t/tabeadi/tabea_work/08_population_analysis_final/skane_only/combined/results/structure/admixture/rep027/K6/run13
rep027	6	run14	0.35731	-7985920.061926	/cfs/klemming/home/t/tabeadi/tabea_work/08_population_analysis_final/skane_only/combined/results/structure/admixture/rep027/K6/run14/data.6.Q	/cfs/klemming/home/t/tabeadi/tabea_work/08_population_analysis_final/skane_only/combined/results/structure/admixture/rep027/K6/run14
rep027	6	run15	0.35738	-7986093.713033	/cfs/klemming/home/t/tabeadi/tabea_work/08_population_analysis_final/skane_only/combined/results/structure/admixture/rep027/K6/run15/data.6.Q	/cfs/klemming/home/t/tabeadi/tabea_work/08_population_analysis_final/skane_only/combined/results/structure/admixture/rep027/K6/run15
rep027	6	run16	0.35735	-7985919.996664	/cfs/klemming/home/t/tabeadi/tabea_work/08_population_analysis_final/skane_only/combined/results/structure/admixture/rep027/K6/run16/data.6.Q	/cfs/klemming/home/t/tabeadi/tabea_work/08_population_analysis_final/skane_only/combined/results/structure/admixture/rep027/K6/run16
rep027	6	run17	0.35745	-7985920.000711	/cfs/klemming/home/t/tabeadi/tabea_work/08_population_analysis_final/skane_only/combined/results/structure/admixture/rep027/K6/run17/data.6.Q	/cfs/klemming/home/t/tabeadi/tabea_work/08_population_analysis_final/skane_only/combined/results/structure/admixture/rep027/K6/run17
rep027	6	run18	0.35737	-7985909.108858	/cfs/klemming/home/t/tabeadi/tabea_work/08_population_analysis_final/skane_only/combined/results/structure/admixture/rep027/K6/run18/data.6.Q	/cfs/klemming/home/t/tabeadi/tabea_work/08_population_analysis_final/skane_only/combined/results/structure/admixture/rep027/K6/run18
rep027	6	run19	0.35746	-7985603.461405	/cfs/klemming/home/t/tabeadi/tabea_work/08_population_analysis_final/skane_only/combined/results/structure/admixture/rep027/K6/run19/data.6.Q	/cfs/klemming/home/t/tabeadi/tabea_work/08_population_analysis_final/skane_only/combined/results/structure/admixture/rep027/K6/run19
rep027	6	run20	0.35731	-7986093.802654	/cfs/klemming/home/t/tabeadi/tabea_work/08_population_analysis_final/skane_only/combined/results/structure/admixture/rep027/K6/run20/data.6.Q	/cfs/klemming/home/t/tabeadi/tabea_work/08_population_analysis_final/skane_only/combined/results/structure/admixture/rep027/K6/run20
rep027	7	run01	0.35701	-7969596.958752	/cfs/klemming/home/t/tabeadi/tabea_work/08_population_analysis_final/skane_only/combined/results/structure/admixture/rep027/K7/run01/data.7.Q	/cfs/klemming/home/t/tabeadi/tabea_work/08_population_analysis_final/skane_only/combined/results/structure/admixture/rep027/K7/run01
rep027	7	run02	0.35675	-7968959.901377	/cfs/klemming/home/t/tabeadi/tabea_work/08_population_analysis_final/skane_only/combined/results/structure/admixture/rep027/K7/run02/data.7.Q	/cfs/klemming/home/t/tabeadi/tabea_work/08_population_analysis_final/skane_only/combined/results/structure/admixture/rep027/K7/run02
rep027	7	run03	0.35685	-7969083.287044	/cfs/klemming/home/t/tabeadi/tabea_work/08_population_analysis_final/skane_only/combined/results/structure/admixture/rep027/K7/run03/data.7.Q	/cfs/klemming/home/t/tabeadi/tabea_work/08_population_analysis_final/skane_only/combined/results/structure/admixture/rep027/K7/run03
rep027	7	run04	0.35699	-7969841.083166	/cfs/klemming/home/t/tabeadi/tabea_work/08_population_analysis_final/skane_only/combined/results/structure/admixture/rep027/K7/run04/data.7.Q	/cfs/klemming/home/t/tabeadi/tabea_work/08_population_analysis_final/skane_only/combined/results/structure/admixture/rep027/K7/run04
rep027	7	run05	0.35688	-7969596.939044	/cfs/klemming/home/t/tabeadi/tabea_work/08_population_analysis_final/skane_only/combined/results/structure/admixture/rep027/K7/run05/data.7.Q	/cfs/klemming/home/t/tabeadi/tabea_work/08_population_analysis_final/skane_only/combined/results/structure/admixture/rep027/K7/run05
rep027	7	run06	0.35693	-7968959.938547	/cfs/klemming/home/t/tabeadi/tabea_work/08_population_analysis_final/skane_only/combined/results/structure/admixture/rep027/K7/run06/data.7.Q	/cfs/klemming/home/t/tabeadi/tabea_work/08_population_analysis_final/skane_only/combined/results/structure/admixture/rep027/K7/run06
rep027	7	run07	0.3569	-7968959.876073	/cfs/klemming/home/t/tabeadi/tabea_work/08_population_analysis_final/skane_only/combined/results/structure/admixture/rep027/K7/run07/data.7.Q	/cfs/klemming/home/t/tabeadi/tabea_work/08_population_analysis_final/skane_only/combined/results/structure/admixture/rep027/K7/run07
rep027	7	run08	0.35681	-7968959.891255	/cfs/klemming/home/t/tabeadi/tabea_work/08_population_analysis_final/skane_only/combined/results/structure/admixture/rep027/K7/run08/data.7.Q	/cfs/klemming/home/t/tabeadi/tabea_work/08_population_analysis_final/skane_only/combined/results/structure/admixture/rep027/K7/run08
rep027	7	run09	0.35681	-7968959.8657	/cfs/klemming/home/t/tabeadi/tabea_work/08_population_analysis_final/skane_only/combined/results/structure/admixture/rep027/K7/run09/data.7.Q	/cfs/klemming/home/t/tabeadi/tabea_work/08_population_analysis_final/skane_only/combined/results/structure/admixture/rep027/K7/run09
rep027	7	run10	0.35701	-7969841.093494	/cfs/klemming/home/t/tabeadi/tabea_work/08_population_analysis_final/skane_only/combined/results/structure/admixture/rep027/K7/run10/data.7.Q	/cfs/klemming/home/t/tabeadi/tabea_work/08_population_analysis_final/skane_only/combined/results/structure/admixture/rep027/K7/run10
rep027	7	run11	0.35683	-7968959.881154	/cfs/klemming/home/t/tabeadi/tabea_work/08_population_analysis_final/skane_only/combined/results/structure/admixture/rep027/K7/run11/data.7.Q	/cfs/klemming/home/t/tabeadi/tabea_work/08_population_analysis_final/skane_only/combined/results/structure/admixture/rep027/K7/run11
rep027	7	run12	0.35691	-7968959.896503	/cfs/klemming/home/t/tabeadi/tabea_work/08_population_analysis_final/skane_only/combined/results/structure/admixture/rep027/K7/run12/data.7.Q	/cfs/klemming/home/t/tabeadi/tabea_work/08_population_analysis_final/skane_only/combined/results/structure/admixture/rep027/K7/run12
rep027	7	run13	0.35682	-7969083.421003	/cfs/klemming/home/t/tabeadi/tabea_work/08_population_analysis_final/skane_only/combined/results/structure/admixture/rep027/K7/run13/data.7.Q	/cfs/klemming/home/t/tabeadi/tabea_work/08_population_analysis_final/skane_only/combined/results/structure/admixture/rep027/K7/run13
rep027	7	run14	0.35699	-7969899.870084	/cfs/klemming/home/t/tabeadi/tabea_work/08_population_analysis_final/skane_only/combined/results/structure/admixture/rep027/K7/run14/data.7.Q	/cfs/klemming/home/t/tabeadi/tabea_work/08_population_analysis_final/skane_only/combined/results/structure/admixture/rep027/K7/run14
rep027	7	run15	0.35688	-7969083.5236	/cfs/klemming/home/t/tabeadi/tabea_work/08_population_analysis_final/skane_only/combined/results/structure/admixture/rep027/K7/run15/data.7.Q	/cfs/klemming/home/t/tabeadi/tabea_work/08_population_analysis_final/skane_only/combined/results/structure/admixture/rep027/K7/run15
rep027	7	run16	0.3568	-7968959.873139	/cfs/klemming/home/t/tabeadi/tabea_work/08_population_analysis_final/skane_only/combined/results/structure/admixture/rep027/K7/run16/data.7.Q	/cfs/klemming/home/t/tabeadi/tabea_work/08_population_analysis_final/skane_only/combined/results/structure/admixture/rep027/K7/run16
rep027	7	run17	0.35702	-7969557.773152	/cfs/klemming/home/t/tabeadi/tabea_work/08_population_analysis_final/skane_only/combined/results/structure/admixture/rep027/K7/run17/data.7.Q	/cfs/klemming/home/t/tabeadi/tabea_work/08_population_analysis_final/skane_only/combined/results/structure/admixture/rep027/K7/run17
rep027	7	run18	0.35674	-7968959.790742	/cfs/klemming/home/t/tabeadi/tabea_work/08_population_analysis_final/skane_only/combined/results/structure/admixture/rep027/K7/run18/data.7.Q	/cfs/klemming/home/t/tabeadi/tabea_work/08_population_analysis_final/skane_only/combined/results/structure/admixture/rep027/K7/run18
rep027	7	run19	0.3568	-7968959.765593	/cfs/klemming/home/t/tabeadi/tabea_work/08_population_analysis_final/skane_only/combined/results/structure/admixture/rep027/K7/run19/data.7.Q	/cfs/klemming/home/t/tabeadi/tabea_work/08_population_analysis_final/skane_only/combined/results/structure/admixture/rep027/K7/run19
rep027	7	run20	0.3569	-7968959.754674	/cfs/klemming/home/t/tabeadi/tabea_work/08_population_analysis_final/skane_only/combined/results/structure/admixture/rep027/K7/run20/data.7.Q	/cfs/klemming/home/t/tabeadi/tabea_work/08_population_analysis_final/skane_only/combined/results/structure/admixture/rep027/K7/run20
rep027	8	run01	0.35653	-7953741.384077	/cfs/klemming/home/t/tabeadi/tabea_work/08_population_analysis_final/skane_only/combined/results/structure/admixture/rep027/K8/run01/data.8.Q	/cfs/klemming/home/t/tabeadi/tabea_work/08_population_analysis_final/skane_only/combined/results/structure/admixture/rep027/K8/run01
rep027	8	run02	0.35667	-7954711.145706	/cfs/klemming/home/t/tabeadi/tabea_work/08_population_analysis_final/skane_only/combined/results/structure/admixture/rep027/K8/run02/data.8.Q	/cfs/klemming/home/t/tabeadi/tabea_work/08_population_analysis_final/skane_only/combined/results/structure/admixture/rep027/K8/run02
rep027	8	run03	0.35645	-7953411.276694	/cfs/klemming/home/t/tabeadi/tabea_work/08_population_analysis_final/skane_only/combined/results/structure/admixture/rep027/K8/run03/data.8.Q	/cfs/klemming/home/t/tabeadi/tabea_work/08_population_analysis_final/skane_only/combined/results/structure/admixture/rep027/K8/run03
rep027	8	run04	0.35654	-7953351.335602	/cfs/klemming/home/t/tabeadi/tabea_work/08_population_analysis_final/skane_only/combined/results/structure/admixture/rep027/K8/run04/data.8.Q	/cfs/klemming/home/t/tabeadi/tabea_work/08_population_analysis_final/skane_only/combined/results/structure/admixture/rep027/K8/run04
rep027	8	run05	0.35657	-7953318.504471	/cfs/klemming/home/t/tabeadi/tabea_work/08_population_analysis_final/skane_only/combined/results/structure/admixture/rep027/K8/run05/data.8.Q	/cfs/klemming/home/t/tabeadi/tabea_work/08_population_analysis_final/skane_only/combined/results/structure/admixture/rep027/K8/run05
rep027	8	run06	0.35647	-7953741.419073	/cfs/klemming/home/t/tabeadi/tabea_work/08_population_analysis_final/skane_only/combined/results/structure/admixture/rep027/K8/run06/data.8.Q	/cfs/klemming/home/t/tabeadi/tabea_work/08_population_analysis_final/skane_only/combined/results/structure/admixture/rep027/K8/run06
rep027	8	run07	0.35638	-7953538.003211	/cfs/klemming/home/t/tabeadi/tabea_work/08_population_analysis_final/skane_only/combined/results/structure/admixture/rep027/K8/run07/data.8.Q	/cfs/klemming/home/t/tabeadi/tabea_work/08_population_analysis_final/skane_only/combined/results/structure/admixture/rep027/K8/run07
rep027	8	run08	0.35668	-7954387.16289	/cfs/klemming/home/t/tabeadi/tabea_work/08_population_analysis_final/skane_only/combined/results/structure/admixture/rep027/K8/run08/data.8.Q	/cfs/klemming/home/t/tabeadi/tabea_work/08_population_analysis_final/skane_only/combined/results/structure/admixture/rep027/K8/run08
rep027	8	run09	0.35655	-7953351.501123	/cfs/klemming/home/t/tabeadi/tabea_work/08_population_analysis_final/skane_only/combined/results/structure/admixture/rep027/K8/run09/data.8.Q	/cfs/klemming/home/t/tabeadi/tabea_work/08_population_analysis_final/skane_only/combined/results/structure/admixture/rep027/K8/run09
rep027	8	run10	0.35661	-7953318.194463	/cfs/klemming/home/t/tabeadi/tabea_work/08_population_analysis_final/skane_only/combined/results/structure/admixture/rep027/K8/run10/data.8.Q	/cfs/klemming/home/t/tabeadi/tabea_work/08_population_analysis_final/skane_only/combined/results/structure/admixture/rep027/K8/run10
rep027	8	run11	0.35642	-7953411.363109	/cfs/klemming/home/t/tabeadi/tabea_work/08_population_analysis_final/skane_only/combined/results/structure/admixture/rep027/K8/run11/data.8.Q	/cfs/klemming/home/t/tabeadi/tabea_work/08_population_analysis_final/skane_only/combined/results/structure/admixture/rep027/K8/run11
rep027	8	run12	0.35642	-7953318.332292	/cfs/klemming/home/t/tabeadi/tabea_work/08_population_analysis_final/skane_only/combined/results/structure/admixture/rep027/K8/run12/data.8.Q	/cfs/klemming/home/t/tabeadi/tabea_work/08_population_analysis_final/skane_only/combined/results/structure/admixture/rep027/K8/run12
rep027	8	run13	0.35652	-7953432.122851	/cfs/klemming/home/t/tabeadi/tabea_work/08_population_analysis_final/skane_only/combined/results/structure/admixture/rep027/K8/run13/data.8.Q	/cfs/klemming/home/t/tabeadi/tabea_work/08_population_analysis_final/skane_only/combined/results/structure/admixture/rep027/K8/run13
rep027	8	run14	0.35647	-7953287.536877	/cfs/klemming/home/t/tabeadi/tabea_work/08_population_analysis_final/skane_only/combined/results/structure/admixture/rep027/K8/run14/data.8.Q	/cfs/klemming/home/t/tabeadi/tabea_work/08_population_analysis_final/skane_only/combined/results/structure/admixture/rep027/K8/run14
rep027	8	run15	0.35642	-7953287.681136	/cfs/klemming/home/t/tabeadi/tabea_work/08_population_analysis_final/skane_only/combined/results/structure/admixture/rep027/K8/run15/data.8.Q	/cfs/klemming/home/t/tabeadi/tabea_work/08_population_analysis_final/skane_only/combined/results/structure/admixture/rep027/K8/run15
rep027	8	run16	0.35664	-7954387.12596	/cfs/klemming/home/t/tabeadi/tabea_work/08_population_analysis_final/skane_only/combined/results/structure/admixture/rep027/K8/run16/data.8.Q	/cfs/klemming/home/t/tabeadi/tabea_work/08_population_analysis_final/skane_only/combined/results/structure/admixture/rep027/K8/run16
rep027	8	run17	0.35641	-7953741.310654	/cfs/klemming/home/t/tabeadi/tabea_work/08_population_analysis_final/skane_only/combined/results/structure/admixture/rep027/K8/run17/data.8.Q	/cfs/klemming/home/t/tabeadi/tabea_work/08_population_analysis_final/skane_only/combined/results/structure/admixture/rep027/K8/run17
rep027	8	run18	0.35648	-7953432.419818	/cfs/klemming/home/t/tabeadi/tabea_work/08_population_analysis_final/skane_only/combined/results/structure/admixture/rep027/K8/run18/data.8.Q	/cfs/klemming/home/t/tabeadi/tabea_work/08_population_analysis_final/skane_only/combined/results/structure/admixture/rep027/K8/run18
rep027	8	run19	0.35657	-7955204.615472	/cfs/klemming/home/t/tabeadi/tabea_work/08_population_analysis_final/skane_only/combined/results/structure/admixture/rep027/K8/run19/data.8.Q	/cfs/klemming/home/t/tabeadi/tabea_work/08_population_analysis_final/skane_only/combined/results/structure/admixture/rep027/K8/run19
rep027	8	run20	0.35637	-7953432.111248	/cfs/klemming/home/t/tabeadi/tabea_work/08_population_analysis_final/skane_only/combined/results/structure/admixture/rep027/K8/run20/data.8.Q	/cfs/klemming/home/t/tabeadi/tabea_work/08_population_analysis_final/skane_only/combined/results/structure/admixture/rep027/K8/run20
rep028	1	run01	0.36515	-8097015.708468	/cfs/klemming/home/t/tabeadi/tabea_work/08_population_analysis_final/skane_only/combined/results/structure/admixture/rep028/K1/run01/data.1.Q	/cfs/klemming/home/t/tabeadi/tabea_work/08_population_analysis_final/skane_only/combined/results/structure/admixture/rep028/K1/run01
rep028	1	run02	0.36515	-8097015.708468	/cfs/klemming/home/t/tabeadi/tabea_work/08_population_analysis_final/skane_only/combined/results/structure/admixture/rep028/K1/run02/data.1.Q	/cfs/klemming/home/t/tabeadi/tabea_work/08_population_analysis_final/skane_only/combined/results/structure/admixture/rep028/K1/run02
rep028	1	run03	0.36515	-8097015.708468	/cfs/klemming/home/t/tabeadi/tabea_work/08_population_analysis_final/skane_only/combined/results/structure/admixture/rep028/K1/run03/data.1.Q	/cfs/klemming/home/t/tabeadi/tabea_work/08_population_analysis_final/skane_only/combined/results/structure/admixture/rep028/K1/run03
rep028	1	run04	0.36516	-8097015.708468	/cfs/klemming/home/t/tabeadi/tabea_work/08_population_analysis_final/skane_only/combined/results/structure/admixture/rep028/K1/run04/data.1.Q	/cfs/klemming/home/t/tabeadi/tabea_work/08_population_analysis_final/skane_only/combined/results/structure/admixture/rep028/K1/run04
rep028	1	run05	0.36516	-8097015.708468	/cfs/klemming/home/t/tabeadi/tabea_work/08_population_analysis_final/skane_only/combined/results/structure/admixture/rep028/K1/run05/data.1.Q	/cfs/klemming/home/t/tabeadi/tabea_work/08_population_analysis_final/skane_only/combined/results/structure/admixture/rep028/K1/run05
rep028	1	run06	0.36516	-8097015.708468	/cfs/klemming/home/t/tabeadi/tabea_work/08_population_analysis_final/skane_only/combined/results/structure/admixture/rep028/K1/run06/data.1.Q	/cfs/klemming/home/t/tabeadi/tabea_work/08_population_analysis_final/skane_only/combined/results/structure/admixture/rep028/K1/run06
rep028	1	run07	0.36515	-8097015.708468	/cfs/klemming/home/t/tabeadi/tabea_work/08_population_analysis_final/skane_only/combined/results/structure/admixture/rep028/K1/run07/data.1.Q	/cfs/klemming/home/t/tabeadi/tabea_work/08_population_analysis_final/skane_only/combined/results/structure/admixture/rep028/K1/run07
rep028	1	run08	0.36515	-8097015.708468	/cfs/klemming/home/t/tabeadi/tabea_work/08_population_analysis_final/skane_only/combined/results/structure/admixture/rep028/K1/run08/data.1.Q	/cfs/klemming/home/t/tabeadi/tabea_work/08_population_analysis_final/skane_only/combined/results/structure/admixture/rep028/K1/run08
rep028	1	run09	0.36516	-8097015.708468	/cfs/klemming/home/t/tabeadi/tabea_work/08_population_analysis_final/skane_only/combined/results/structure/admixture/rep028/K1/run09/data.1.Q	/cfs/klemming/home/t/tabeadi/tabea_work/08_population_analysis_final/skane_only/combined/results/structure/admixture/rep028/K1/run09
rep028	1	run10	0.36515	-8097015.708468	/cfs/klemming/home/t/tabeadi/tabea_work/08_population_analysis_final/skane_only/combined/results/structure/admixture/rep028/K1/run10/data.1.Q	/cfs/klemming/home/t/tabeadi/tabea_work/08_population_analysis_final/skane_only/combined/results/structure/admixture/rep028/K1/run10
rep028	1	run11	0.36515	-8097015.708468	/cfs/klemming/home/t/tabeadi/tabea_work/08_population_analysis_final/skane_only/combined/results/structure/admixture/rep028/K1/run11/data.1.Q	/cfs/klemming/home/t/tabeadi/tabea_work/08_population_analysis_final/skane_only/combined/results/structure/admixture/rep028/K1/run11
rep028	1	run12	0.36516	-8097015.708468	/cfs/klemming/home/t/tabeadi/tabea_work/08_population_analysis_final/skane_only/combined/results/structure/admixture/rep028/K1/run12/data.1.Q	/cfs/klemming/home/t/tabeadi/tabea_work/08_population_analysis_final/skane_only/combined/results/structure/admixture/rep028/K1/run12
rep028	1	run13	0.36516	-8097015.708468	/cfs/klemming/home/t/tabeadi/tabea_work/08_population_analysis_final/skane_only/combined/results/structure/admixture/rep028/K1/run13/data.1.Q	/cfs/klemming/home/t/tabeadi/tabea_work/08_population_analysis_final/skane_only/combined/results/structure/admixture/rep028/K1/run13
rep028	1	run14	0.36514	-8097015.708468	/cfs/klemming/home/t/tabeadi/tabea_work/08_population_analysis_final/skane_only/combined/results/structure/admixture/rep028/K1/run14/data.1.Q	/cfs/klemming/home/t/tabeadi/tabea_work/08_population_analysis_final/skane_only/combined/results/structure/admixture/rep028/K1/run14
rep028	1	run15	0.36516	-8097015.708468	/cfs/klemming/home/t/tabeadi/tabea_work/08_population_analysis_final/skane_only/combined/results/structure/admixture/rep028/K1/run15/data.1.Q	/cfs/klemming/home/t/tabeadi/tabea_work/08_population_analysis_final/skane_only/combined/results/structure/admixture/rep028/K1/run15
rep028	1	run16	0.36516	-8097015.708468	/cfs/klemming/home/t/tabeadi/tabea_work/08_population_analysis_final/skane_only/combined/results/structure/admixture/rep028/K1/run16/data.1.Q	/cfs/klemming/home/t/tabeadi/tabea_work/08_population_analysis_final/skane_only/combined/results/structure/admixture/rep028/K1/run16
rep028	1	run17	0.36517	-8097015.708468	/cfs/klemming/home/t/tabeadi/tabea_work/08_population_analysis_final/skane_only/combined/results/structure/admixture/rep028/K1/run17/data.1.Q	/cfs/klemming/home/t/tabeadi/tabea_work/08_population_analysis_final/skane_only/combined/results/structure/admixture/rep028/K1/run17
rep028	1	run18	0.36516	-8097015.708468	/cfs/klemming/home/t/tabeadi/tabea_work/08_population_analysis_final/skane_only/combined/results/structure/admixture/rep028/K1/run18/data.1.Q	/cfs/klemming/home/t/tabeadi/tabea_work/08_population_analysis_final/skane_only/combined/results/structure/admixture/rep028/K1/run18
rep028	1	run19	0.36516	-8097015.708468	/cfs/klemming/home/t/tabeadi/tabea_work/08_population_analysis_final/skane_only/combined/results/structure/admixture/rep028/K1/run19/data.1.Q	/cfs/klemming/home/t/tabeadi/tabea_work/08_population_analysis_final/skane_only/combined/results/structure/admixture/rep028/K1/run19
rep028	1	run20	0.36516	-8097015.708468	/cfs/klemming/home/t/tabeadi/tabea_work/08_population_analysis_final/skane_only/combined/results/structure/admixture/rep028/K1/run20/data.1.Q	/cfs/klemming/home/t/tabeadi/tabea_work/08_population_analysis_final/skane_only/combined/results/structure/admixture/rep028/K1/run20
rep028	2	run01	0.36387	-8068399.418893	/cfs/klemming/home/t/tabeadi/tabea_work/08_population_analysis_final/skane_only/combined/results/structure/admixture/rep028/K2/run01/data.2.Q	/cfs/klemming/home/t/tabeadi/tabea_work/08_population_analysis_final/skane_only/combined/results/structure/admixture/rep028/K2/run01
rep028	2	run02	0.36388	-8068399.418919	/cfs/klemming/home/t/tabeadi/tabea_work/08_population_analysis_final/skane_only/combined/results/structure/admixture/rep028/K2/run02/data.2.Q	/cfs/klemming/home/t/tabeadi/tabea_work/08_population_analysis_final/skane_only/combined/results/structure/admixture/rep028/K2/run02
rep028	2	run03	0.36389	-8068399.418894	/cfs/klemming/home/t/tabeadi/tabea_work/08_population_analysis_final/skane_only/combined/results/structure/admixture/rep028/K2/run03/data.2.Q	/cfs/klemming/home/t/tabeadi/tabea_work/08_population_analysis_final/skane_only/combined/results/structure/admixture/rep028/K2/run03
rep028	2	run04	0.36389	-8068399.41889	/cfs/klemming/home/t/tabeadi/tabea_work/08_population_analysis_final/skane_only/combined/results/structure/admixture/rep028/K2/run04/data.2.Q	/cfs/klemming/home/t/tabeadi/tabea_work/08_population_analysis_final/skane_only/combined/results/structure/admixture/rep028/K2/run04
rep028	2	run05	0.36386	-8068399.418885	/cfs/klemming/home/t/tabeadi/tabea_work/08_population_analysis_final/skane_only/combined/results/structure/admixture/rep028/K2/run05/data.2.Q	/cfs/klemming/home/t/tabeadi/tabea_work/08_population_analysis_final/skane_only/combined/results/structure/admixture/rep028/K2/run05
rep028	2	run06	0.36387	-8068399.418909	/cfs/klemming/home/t/tabeadi/tabea_work/08_population_analysis_final/skane_only/combined/results/structure/admixture/rep028/K2/run06/data.2.Q	/cfs/klemming/home/t/tabeadi/tabea_work/08_population_analysis_final/skane_only/combined/results/structure/admixture/rep028/K2/run06
rep028	2	run07	0.36385	-8068399.418903	/cfs/klemming/home/t/tabeadi/tabea_work/08_population_analysis_final/skane_only/combined/results/structure/admixture/rep028/K2/run07/data.2.Q	/cfs/klemming/home/t/tabeadi/tabea_work/08_population_analysis_final/skane_only/combined/results/structure/admixture/rep028/K2/run07
rep028	2	run08	0.36386	-8068399.41889	/cfs/klemming/home/t/tabeadi/tabea_work/08_population_analysis_final/skane_only/combined/results/structure/admixture/rep028/K2/run08/data.2.Q	/cfs/klemming/home/t/tabeadi/tabea_work/08_population_analysis_final/skane_only/combined/results/structure/admixture/rep028/K2/run08
rep028	2	run09	0.36385	-8068399.418896	/cfs/klemming/home/t/tabeadi/tabea_work/08_population_analysis_final/skane_only/combined/results/structure/admixture/rep028/K2/run09/data.2.Q	/cfs/klemming/home/t/tabeadi/tabea_work/08_population_analysis_final/skane_only/combined/results/structure/admixture/rep028/K2/run09
rep028	2	run10	0.36385	-8068399.41889	/cfs/klemming/home/t/tabeadi/tabea_work/08_population_analysis_final/skane_only/combined/results/structure/admixture/rep028/K2/run10/data.2.Q	/cfs/klemming/home/t/tabeadi/tabea_work/08_population_analysis_final/skane_only/combined/results/structure/admixture/rep028/K2/run10
rep028	2	run11	0.36388	-8068399.418932	/cfs/klemming/home/t/tabeadi/tabea_work/08_population_analysis_final/skane_only/combined/results/structure/admixture/rep028/K2/run11/data.2.Q	/cfs/klemming/home/t/tabeadi/tabea_work/08_population_analysis_final/skane_only/combined/results/structure/admixture/rep028/K2/run11
rep028	2	run12	0.36385	-8068399.418903	/cfs/klemming/home/t/tabeadi/tabea_work/08_population_analysis_final/skane_only/combined/results/structure/admixture/rep028/K2/run12/data.2.Q	/cfs/klemming/home/t/tabeadi/tabea_work/08_population_analysis_final/skane_only/combined/results/structure/admixture/rep028/K2/run12
rep028	2	run13	0.36387	-8068399.418895	/cfs/klemming/home/t/tabeadi/tabea_work/08_population_analysis_final/skane_only/combined/results/structure/admixture/rep028/K2/run13/data.2.Q	/cfs/klemming/home/t/tabeadi/tabea_work/08_population_analysis_final/skane_only/combined/results/structure/admixture/rep028/K2/run13
rep028	2	run14	0.36386	-8068399.418906	/cfs/klemming/home/t/tabeadi/tabea_work/08_population_analysis_final/skane_only/combined/results/structure/admixture/rep028/K2/run14/data.2.Q	/cfs/klemming/home/t/tabeadi/tabea_work/08_population_analysis_final/skane_only/combined/results/structure/admixture/rep028/K2/run14
rep028	2	run15	0.36387	-8068399.418955	/cfs/klemming/home/t/tabeadi/tabea_work/08_population_analysis_final/skane_only/combined/results/structure/admixture/rep028/K2/run15/data.2.Q	/cfs/klemming/home/t/tabeadi/tabea_work/08_population_analysis_final/skane_only/combined/results/structure/admixture/rep028/K2/run15
rep028	2	run16	0.36385	-8068399.418891	/cfs/klemming/home/t/tabeadi/tabea_work/08_population_analysis_final/skane_only/combined/results/structure/admixture/rep028/K2/run16/data.2.Q	/cfs/klemming/home/t/tabeadi/tabea_work/08_population_analysis_final/skane_only/combined/results/structure/admixture/rep028/K2/run16
rep028	2	run17	0.36387	-8068399.418887	/cfs/klemming/home/t/tabeadi/tabea_work/08_population_analysis_final/skane_only/combined/results/structure/admixture/rep028/K2/run17/data.2.Q	/cfs/klemming/home/t/tabeadi/tabea_work/08_population_analysis_final/skane_only/combined/results/structure/admixture/rep028/K2/run17
rep028	2	run18	0.36386	-8068399.418897	/cfs/klemming/home/t/tabeadi/tabea_work/08_population_analysis_final/skane_only/combined/results/structure/admixture/rep028/K2/run18/data.2.Q	/cfs/klemming/home/t/tabeadi/tabea_work/08_population_analysis_final/skane_only/combined/results/structure/admixture/rep028/K2/run18
rep028	2	run19	0.36388	-8068399.418888	/cfs/klemming/home/t/tabeadi/tabea_work/08_population_analysis_final/skane_only/combined/results/structure/admixture/rep028/K2/run19/data.2.Q	/cfs/klemming/home/t/tabeadi/tabea_work/08_population_analysis_final/skane_only/combined/results/structure/admixture/rep028/K2/run19
rep028	2	run20	0.36387	-8068399.418895	/cfs/klemming/home/t/tabeadi/tabea_work/08_population_analysis_final/skane_only/combined/results/structure/admixture/rep028/K2/run20/data.2.Q	/cfs/klemming/home/t/tabeadi/tabea_work/08_population_analysis_final/skane_only/combined/results/structure/admixture/rep028/K2/run20
rep028	3	run01	0.36311	-8046932.434212	/cfs/klemming/home/t/tabeadi/tabea_work/08_population_analysis_final/skane_only/combined/results/structure/admixture/rep028/K3/run01/data.3.Q	/cfs/klemming/home/t/tabeadi/tabea_work/08_population_analysis_final/skane_only/combined/results/structure/admixture/rep028/K3/run01
rep028	3	run02	0.3631	-8046932.443946	/cfs/klemming/home/t/tabeadi/tabea_work/08_population_analysis_final/skane_only/combined/results/structure/admixture/rep028/K3/run02/data.3.Q	/cfs/klemming/home/t/tabeadi/tabea_work/08_population_analysis_final/skane_only/combined/results/structure/admixture/rep028/K3/run02
rep028	3	run03	0.36308	-8046932.435798	/cfs/klemming/home/t/tabeadi/tabea_work/08_population_analysis_final/skane_only/combined/results/structure/admixture/rep028/K3/run03/data.3.Q	/cfs/klemming/home/t/tabeadi/tabea_work/08_population_analysis_final/skane_only/combined/results/structure/admixture/rep028/K3/run03
rep028	3	run04	0.3631	-8046932.434764	/cfs/klemming/home/t/tabeadi/tabea_work/08_population_analysis_final/skane_only/combined/results/structure/admixture/rep028/K3/run04/data.3.Q	/cfs/klemming/home/t/tabeadi/tabea_work/08_population_analysis_final/skane_only/combined/results/structure/admixture/rep028/K3/run04
rep028	3	run05	0.36311	-8046932.436529	/cfs/klemming/home/t/tabeadi/tabea_work/08_population_analysis_final/skane_only/combined/results/structure/admixture/rep028/K3/run05/data.3.Q	/cfs/klemming/home/t/tabeadi/tabea_work/08_population_analysis_final/skane_only/combined/results/structure/admixture/rep028/K3/run05
rep028	3	run06	0.36309	-8046932.441428	/cfs/klemming/home/t/tabeadi/tabea_work/08_population_analysis_final/skane_only/combined/results/structure/admixture/rep028/K3/run06/data.3.Q	/cfs/klemming/home/t/tabeadi/tabea_work/08_population_analysis_final/skane_only/combined/results/structure/admixture/rep028/K3/run06
rep028	3	run07	0.36311	-8046932.434444	/cfs/klemming/home/t/tabeadi/tabea_work/08_population_analysis_final/skane_only/combined/results/structure/admixture/rep028/K3/run07/data.3.Q	/cfs/klemming/home/t/tabeadi/tabea_work/08_population_analysis_final/skane_only/combined/results/structure/admixture/rep028/K3/run07
rep028	3	run08	0.36311	-8046932.43309	/cfs/klemming/home/t/tabeadi/tabea_work/08_population_analysis_final/skane_only/combined/results/structure/admixture/rep028/K3/run08/data.3.Q	/cfs/klemming/home/t/tabeadi/tabea_work/08_population_analysis_final/skane_only/combined/results/structure/admixture/rep028/K3/run08
rep028	3	run09	0.36311	-8046932.436824	/cfs/klemming/home/t/tabeadi/tabea_work/08_population_analysis_final/skane_only/combined/results/structure/admixture/rep028/K3/run09/data.3.Q	/cfs/klemming/home/t/tabeadi/tabea_work/08_population_analysis_final/skane_only/combined/results/structure/admixture/rep028/K3/run09
rep028	3	run10	0.36309	-8046932.435479	/cfs/klemming/home/t/tabeadi/tabea_work/08_population_analysis_final/skane_only/combined/results/structure/admixture/rep028/K3/run10/data.3.Q	/cfs/klemming/home/t/tabeadi/tabea_work/08_population_analysis_final/skane_only/combined/results/structure/admixture/rep028/K3/run10
rep028	3	run11	0.36311	-8046932.433445	/cfs/klemming/home/t/tabeadi/tabea_work/08_population_analysis_final/skane_only/combined/results/structure/admixture/rep028/K3/run11/data.3.Q	/cfs/klemming/home/t/tabeadi/tabea_work/08_population_analysis_final/skane_only/combined/results/structure/admixture/rep028/K3/run11
rep028	3	run12	0.36309	-8046932.433289	/cfs/klemming/home/t/tabeadi/tabea_work/08_population_analysis_final/skane_only/combined/results/structure/admixture/rep028/K3/run12/data.3.Q	/cfs/klemming/home/t/tabeadi/tabea_work/08_population_analysis_final/skane_only/combined/results/structure/admixture/rep028/K3/run12
rep028	3	run13	0.36308	-8046932.4333	/cfs/klemming/home/t/tabeadi/tabea_work/08_population_analysis_final/skane_only/combined/results/structure/admixture/rep028/K3/run13/data.3.Q	/cfs/klemming/home/t/tabeadi/tabea_work/08_population_analysis_final/skane_only/combined/results/structure/admixture/rep028/K3/run13
rep028	3	run14	0.36309	-8046932.434173	/cfs/klemming/home/t/tabeadi/tabea_work/08_population_analysis_final/skane_only/combined/results/structure/admixture/rep028/K3/run14/data.3.Q	/cfs/klemming/home/t/tabeadi/tabea_work/08_population_analysis_final/skane_only/combined/results/structure/admixture/rep028/K3/run14
rep028	3	run15	0.36309	-8046932.433609	/cfs/klemming/home/t/tabeadi/tabea_work/08_population_analysis_final/skane_only/combined/results/structure/admixture/rep028/K3/run15/data.3.Q	/cfs/klemming/home/t/tabeadi/tabea_work/08_population_analysis_final/skane_only/combined/results/structure/admixture/rep028/K3/run15
rep028	3	run16	0.36309	-8046932.433818	/cfs/klemming/home/t/tabeadi/tabea_work/08_population_analysis_final/skane_only/combined/results/structure/admixture/rep028/K3/run16/data.3.Q	/cfs/klemming/home/t/tabeadi/tabea_work/08_population_analysis_final/skane_only/combined/results/structure/admixture/rep028/K3/run16
rep028	3	run17	0.36308	-8046932.433151	/cfs/klemming/home/t/tabeadi/tabea_work/08_population_analysis_final/skane_only/combined/results/structure/admixture/rep028/K3/run17/data.3.Q	/cfs/klemming/home/t/tabeadi/tabea_work/08_population_analysis_final/skane_only/combined/results/structure/admixture/rep028/K3/run17
rep028	3	run18	0.36311	-8046932.433864	/cfs/klemming/home/t/tabeadi/tabea_work/08_population_analysis_final/skane_only/combined/results/structure/admixture/rep028/K3/run18/data.3.Q	/cfs/klemming/home/t/tabeadi/tabea_work/08_population_analysis_final/skane_only/combined/results/structure/admixture/rep028/K3/run18
rep028	3	run19	0.36309	-8046932.435844	/cfs/klemming/home/t/tabeadi/tabea_work/08_population_analysis_final/skane_only/combined/results/structure/admixture/rep028/K3/run19/data.3.Q	/cfs/klemming/home/t/tabeadi/tabea_work/08_population_analysis_final/skane_only/combined/results/structure/admixture/rep028/K3/run19
rep028	3	run20	0.36309	-8046932.433111	/cfs/klemming/home/t/tabeadi/tabea_work/08_population_analysis_final/skane_only/combined/results/structure/admixture/rep028/K3/run20/data.3.Q	/cfs/klemming/home/t/tabeadi/tabea_work/08_population_analysis_final/skane_only/combined/results/structure/admixture/rep028/K3/run20
rep028	4	run01	0.36243	-8027428.098301	/cfs/klemming/home/t/tabeadi/tabea_work/08_population_analysis_final/skane_only/combined/results/structure/admixture/rep028/K4/run01/data.4.Q	/cfs/klemming/home/t/tabeadi/tabea_work/08_population_analysis_final/skane_only/combined/results/structure/admixture/rep028/K4/run01
rep028	4	run02	0.36241	-8027428.087528	/cfs/klemming/home/t/tabeadi/tabea_work/08_population_analysis_final/skane_only/combined/results/structure/admixture/rep028/K4/run02/data.4.Q	/cfs/klemming/home/t/tabeadi/tabea_work/08_population_analysis_final/skane_only/combined/results/structure/admixture/rep028/K4/run02
rep028	4	run03	0.36244	-8027428.090925	/cfs/klemming/home/t/tabeadi/tabea_work/08_population_analysis_final/skane_only/combined/results/structure/admixture/rep028/K4/run03/data.4.Q	/cfs/klemming/home/t/tabeadi/tabea_work/08_population_analysis_final/skane_only/combined/results/structure/admixture/rep028/K4/run03
rep028	4	run04	0.36243	-8027428.095144	/cfs/klemming/home/t/tabeadi/tabea_work/08_population_analysis_final/skane_only/combined/results/structure/admixture/rep028/K4/run04/data.4.Q	/cfs/klemming/home/t/tabeadi/tabea_work/08_population_analysis_final/skane_only/combined/results/structure/admixture/rep028/K4/run04
rep028	4	run05	0.36243	-8027428.09394	/cfs/klemming/home/t/tabeadi/tabea_work/08_population_analysis_final/skane_only/combined/results/structure/admixture/rep028/K4/run05/data.4.Q	/cfs/klemming/home/t/tabeadi/tabea_work/08_population_analysis_final/skane_only/combined/results/structure/admixture/rep028/K4/run05
rep028	4	run06	0.36244	-8027428.089499	/cfs/klemming/home/t/tabeadi/tabea_work/08_population_analysis_final/skane_only/combined/results/structure/admixture/rep028/K4/run06/data.4.Q	/cfs/klemming/home/t/tabeadi/tabea_work/08_population_analysis_final/skane_only/combined/results/structure/admixture/rep028/K4/run06
rep028	4	run07	0.36239	-8027428.082873	/cfs/klemming/home/t/tabeadi/tabea_work/08_population_analysis_final/skane_only/combined/results/structure/admixture/rep028/K4/run07/data.4.Q	/cfs/klemming/home/t/tabeadi/tabea_work/08_population_analysis_final/skane_only/combined/results/structure/admixture/rep028/K4/run07
rep028	4	run08	0.36243	-8027769.790743	/cfs/klemming/home/t/tabeadi/tabea_work/08_population_analysis_final/skane_only/combined/results/structure/admixture/rep028/K4/run08/data.4.Q	/cfs/klemming/home/t/tabeadi/tabea_work/08_population_analysis_final/skane_only/combined/results/structure/admixture/rep028/K4/run08
rep028	4	run09	0.3624	-8027428.084223	/cfs/klemming/home/t/tabeadi/tabea_work/08_population_analysis_final/skane_only/combined/results/structure/admixture/rep028/K4/run09/data.4.Q	/cfs/klemming/home/t/tabeadi/tabea_work/08_population_analysis_final/skane_only/combined/results/structure/admixture/rep028/K4/run09
rep028	4	run10	0.36246	-8027769.791349	/cfs/klemming/home/t/tabeadi/tabea_work/08_population_analysis_final/skane_only/combined/results/structure/admixture/rep028/K4/run10/data.4.Q	/cfs/klemming/home/t/tabeadi/tabea_work/08_population_analysis_final/skane_only/combined/results/structure/admixture/rep028/K4/run10
rep028	4	run11	0.36243	-8027428.095024	/cfs/klemming/home/t/tabeadi/tabea_work/08_population_analysis_final/skane_only/combined/results/structure/admixture/rep028/K4/run11/data.4.Q	/cfs/klemming/home/t/tabeadi/tabea_work/08_population_analysis_final/skane_only/combined/results/structure/admixture/rep028/K4/run11
rep028	4	run12	0.36241	-8027428.085771	/cfs/klemming/home/t/tabeadi/tabea_work/08_population_analysis_final/skane_only/combined/results/structure/admixture/rep028/K4/run12/data.4.Q	/cfs/klemming/home/t/tabeadi/tabea_work/08_population_analysis_final/skane_only/combined/results/structure/admixture/rep028/K4/run12
rep028	4	run13	0.36245	-8027769.802127	/cfs/klemming/home/t/tabeadi/tabea_work/08_population_analysis_final/skane_only/combined/results/structure/admixture/rep028/K4/run13/data.4.Q	/cfs/klemming/home/t/tabeadi/tabea_work/08_population_analysis_final/skane_only/combined/results/structure/admixture/rep028/K4/run13
rep028	4	run14	0.36242	-8027428.098096	/cfs/klemming/home/t/tabeadi/tabea_work/08_population_analysis_final/skane_only/combined/results/structure/admixture/rep028/K4/run14/data.4.Q	/cfs/klemming/home/t/tabeadi/tabea_work/08_population_analysis_final/skane_only/combined/results/structure/admixture/rep028/K4/run14
rep028	4	run15	0.36241	-8027428.085863	/cfs/klemming/home/t/tabeadi/tabea_work/08_population_analysis_final/skane_only/combined/results/structure/admixture/rep028/K4/run15/data.4.Q	/cfs/klemming/home/t/tabeadi/tabea_work/08_population_analysis_final/skane_only/combined/results/structure/admixture/rep028/K4/run15
rep028	4	run16	0.36241	-8027428.08176	/cfs/klemming/home/t/tabeadi/tabea_work/08_population_analysis_final/skane_only/combined/results/structure/admixture/rep028/K4/run16/data.4.Q	/cfs/klemming/home/t/tabeadi/tabea_work/08_population_analysis_final/skane_only/combined/results/structure/admixture/rep028/K4/run16
rep028	4	run17	0.36244	-8027428.083383	/cfs/klemming/home/t/tabeadi/tabea_work/08_population_analysis_final/skane_only/combined/results/structure/admixture/rep028/K4/run17/data.4.Q	/cfs/klemming/home/t/tabeadi/tabea_work/08_population_analysis_final/skane_only/combined/results/structure/admixture/rep028/K4/run17
rep028	4	run18	0.3624	-8027428.090792	/cfs/klemming/home/t/tabeadi/tabea_work/08_population_analysis_final/skane_only/combined/results/structure/admixture/rep028/K4/run18/data.4.Q	/cfs/klemming/home/t/tabeadi/tabea_work/08_population_analysis_final/skane_only/combined/results/structure/admixture/rep028/K4/run18
rep028	4	run19	0.36247	-8027769.796656	/cfs/klemming/home/t/tabeadi/tabea_work/08_population_analysis_final/skane_only/combined/results/structure/admixture/rep028/K4/run19/data.4.Q	/cfs/klemming/home/t/tabeadi/tabea_work/08_population_analysis_final/skane_only/combined/results/structure/admixture/rep028/K4/run19
rep028	4	run20	0.36242	-8027428.086313	/cfs/klemming/home/t/tabeadi/tabea_work/08_population_analysis_final/skane_only/combined/results/structure/admixture/rep028/K4/run20/data.4.Q	/cfs/klemming/home/t/tabeadi/tabea_work/08_population_analysis_final/skane_only/combined/results/structure/admixture/rep028/K4/run20
rep028	5	run01	0.36176	-8009008.249235	/cfs/klemming/home/t/tabeadi/tabea_work/08_population_analysis_final/skane_only/combined/results/structure/admixture/rep028/K5/run01/data.5.Q	/cfs/klemming/home/t/tabeadi/tabea_work/08_population_analysis_final/skane_only/combined/results/structure/admixture/rep028/K5/run01
rep028	5	run02	0.36177	-8009008.241709	/cfs/klemming/home/t/tabeadi/tabea_work/08_population_analysis_final/skane_only/combined/results/structure/admixture/rep028/K5/run02/data.5.Q	/cfs/klemming/home/t/tabeadi/tabea_work/08_population_analysis_final/skane_only/combined/results/structure/admixture/rep028/K5/run02
rep028	5	run03	0.36176	-8009008.287422	/cfs/klemming/home/t/tabeadi/tabea_work/08_population_analysis_final/skane_only/combined/results/structure/admixture/rep028/K5/run03/data.5.Q	/cfs/klemming/home/t/tabeadi/tabea_work/08_population_analysis_final/skane_only/combined/results/structure/admixture/rep028/K5/run03
rep028	5	run04	0.36174	-8009008.244997	/cfs/klemming/home/t/tabeadi/tabea_work/08_population_analysis_final/skane_only/combined/results/structure/admixture/rep028/K5/run04/data.5.Q	/cfs/klemming/home/t/tabeadi/tabea_work/08_population_analysis_final/skane_only/combined/results/structure/admixture/rep028/K5/run04
rep028	5	run05	0.3618	-8009008.265353	/cfs/klemming/home/t/tabeadi/tabea_work/08_population_analysis_final/skane_only/combined/results/structure/admixture/rep028/K5/run05/data.5.Q	/cfs/klemming/home/t/tabeadi/tabea_work/08_population_analysis_final/skane_only/combined/results/structure/admixture/rep028/K5/run05
rep028	5	run06	0.36179	-8009008.248888	/cfs/klemming/home/t/tabeadi/tabea_work/08_population_analysis_final/skane_only/combined/results/structure/admixture/rep028/K5/run06/data.5.Q	/cfs/klemming/home/t/tabeadi/tabea_work/08_population_analysis_final/skane_only/combined/results/structure/admixture/rep028/K5/run06
rep028	5	run07	0.36179	-8009008.246666	/cfs/klemming/home/t/tabeadi/tabea_work/08_population_analysis_final/skane_only/combined/results/structure/admixture/rep028/K5/run07/data.5.Q	/cfs/klemming/home/t/tabeadi/tabea_work/08_population_analysis_final/skane_only/combined/results/structure/admixture/rep028/K5/run07
rep028	5	run08	0.36182	-8009008.253526	/cfs/klemming/home/t/tabeadi/tabea_work/08_population_analysis_final/skane_only/combined/results/structure/admixture/rep028/K5/run08/data.5.Q	/cfs/klemming/home/t/tabeadi/tabea_work/08_population_analysis_final/skane_only/combined/results/structure/admixture/rep028/K5/run08
rep028	5	run09	0.36176	-8009008.249332	/cfs/klemming/home/t/tabeadi/tabea_work/08_population_analysis_final/skane_only/combined/results/structure/admixture/rep028/K5/run09/data.5.Q	/cfs/klemming/home/t/tabeadi/tabea_work/08_population_analysis_final/skane_only/combined/results/structure/admixture/rep028/K5/run09
rep028	5	run10	0.36177	-8009008.260829	/cfs/klemming/home/t/tabeadi/tabea_work/08_population_analysis_final/skane_only/combined/results/structure/admixture/rep028/K5/run10/data.5.Q	/cfs/klemming/home/t/tabeadi/tabea_work/08_population_analysis_final/skane_only/combined/results/structure/admixture/rep028/K5/run10
rep028	5	run11	0.36177	-8009008.267278	/cfs/klemming/home/t/tabeadi/tabea_work/08_population_analysis_final/skane_only/combined/results/structure/admixture/rep028/K5/run11/data.5.Q	/cfs/klemming/home/t/tabeadi/tabea_work/08_population_analysis_final/skane_only/combined/results/structure/admixture/rep028/K5/run11
rep028	5	run12	0.36179	-8009008.25776	/cfs/klemming/home/t/tabeadi/tabea_work/08_population_analysis_final/skane_only/combined/results/structure/admixture/rep028/K5/run12/data.5.Q	/cfs/klemming/home/t/tabeadi/tabea_work/08_population_analysis_final/skane_only/combined/results/structure/admixture/rep028/K5/run12
rep028	5	run13	0.36175	-8009008.244421	/cfs/klemming/home/t/tabeadi/tabea_work/08_population_analysis_final/skane_only/combined/results/structure/admixture/rep028/K5/run13/data.5.Q	/cfs/klemming/home/t/tabeadi/tabea_work/08_population_analysis_final/skane_only/combined/results/structure/admixture/rep028/K5/run13
rep028	5	run14	0.36178	-8009008.240318	/cfs/klemming/home/t/tabeadi/tabea_work/08_population_analysis_final/skane_only/combined/results/structure/admixture/rep028/K5/run14/data.5.Q	/cfs/klemming/home/t/tabeadi/tabea_work/08_population_analysis_final/skane_only/combined/results/structure/admixture/rep028/K5/run14
rep028	5	run15	0.36182	-8009008.242289	/cfs/klemming/home/t/tabeadi/tabea_work/08_population_analysis_final/skane_only/combined/results/structure/admixture/rep028/K5/run15/data.5.Q	/cfs/klemming/home/t/tabeadi/tabea_work/08_population_analysis_final/skane_only/combined/results/structure/admixture/rep028/K5/run15
rep028	5	run16	0.3618	-8009008.248806	/cfs/klemming/home/t/tabeadi/tabea_work/08_population_analysis_final/skane_only/combined/results/structure/admixture/rep028/K5/run16/data.5.Q	/cfs/klemming/home/t/tabeadi/tabea_work/08_population_analysis_final/skane_only/combined/results/structure/admixture/rep028/K5/run16
rep028	5	run17	0.36178	-8009008.279273	/cfs/klemming/home/t/tabeadi/tabea_work/08_population_analysis_final/skane_only/combined/results/structure/admixture/rep028/K5/run17/data.5.Q	/cfs/klemming/home/t/tabeadi/tabea_work/08_population_analysis_final/skane_only/combined/results/structure/admixture/rep028/K5/run17
rep028	5	run18	0.36178	-8009008.274724	/cfs/klemming/home/t/tabeadi/tabea_work/08_population_analysis_final/skane_only/combined/results/structure/admixture/rep028/K5/run18/data.5.Q	/cfs/klemming/home/t/tabeadi/tabea_work/08_population_analysis_final/skane_only/combined/results/structure/admixture/rep028/K5/run18
rep028	5	run19	0.3618	-8009008.253615	/cfs/klemming/home/t/tabeadi/tabea_work/08_population_analysis_final/skane_only/combined/results/structure/admixture/rep028/K5/run19/data.5.Q	/cfs/klemming/home/t/tabeadi/tabea_work/08_population_analysis_final/skane_only/combined/results/structure/admixture/rep028/K5/run19
rep028	5	run20	0.36179	-8009008.256494	/cfs/klemming/home/t/tabeadi/tabea_work/08_population_analysis_final/skane_only/combined/results/structure/admixture/rep028/K5/run20/data.5.Q	/cfs/klemming/home/t/tabeadi/tabea_work/08_population_analysis_final/skane_only/combined/results/structure/admixture/rep028/K5/run20
rep028	6	run01	0.36125	-7992363.997094	/cfs/klemming/home/t/tabeadi/tabea_work/08_population_analysis_final/skane_only/combined/results/structure/admixture/rep028/K6/run01/data.6.Q	/cfs/klemming/home/t/tabeadi/tabea_work/08_population_analysis_final/skane_only/combined/results/structure/admixture/rep028/K6/run01
rep028	6	run02	0.36123	-7992120.12622	/cfs/klemming/home/t/tabeadi/tabea_work/08_population_analysis_final/skane_only/combined/results/structure/admixture/rep028/K6/run02/data.6.Q	/cfs/klemming/home/t/tabeadi/tabea_work/08_population_analysis_final/skane_only/combined/results/structure/admixture/rep028/K6/run02
rep028	6	run03	0.36124	-7992060.70143	/cfs/klemming/home/t/tabeadi/tabea_work/08_population_analysis_final/skane_only/combined/results/structure/admixture/rep028/K6/run03/data.6.Q	/cfs/klemming/home/t/tabeadi/tabea_work/08_population_analysis_final/skane_only/combined/results/structure/admixture/rep028/K6/run03
rep028	6	run04	0.36122	-7992060.76217	/cfs/klemming/home/t/tabeadi/tabea_work/08_population_analysis_final/skane_only/combined/results/structure/admixture/rep028/K6/run04/data.6.Q	/cfs/klemming/home/t/tabeadi/tabea_work/08_population_analysis_final/skane_only/combined/results/structure/admixture/rep028/K6/run04
rep028	6	run05	0.36125	-7992120.122695	/cfs/klemming/home/t/tabeadi/tabea_work/08_population_analysis_final/skane_only/combined/results/structure/admixture/rep028/K6/run05/data.6.Q	/cfs/klemming/home/t/tabeadi/tabea_work/08_population_analysis_final/skane_only/combined/results/structure/admixture/rep028/K6/run05
rep028	6	run06	0.36131	-7992638.308083	/cfs/klemming/home/t/tabeadi/tabea_work/08_population_analysis_final/skane_only/combined/results/structure/admixture/rep028/K6/run06/data.6.Q	/cfs/klemming/home/t/tabeadi/tabea_work/08_population_analysis_final/skane_only/combined/results/structure/admixture/rep028/K6/run06
rep028	6	run07	0.36118	-7992120.132284	/cfs/klemming/home/t/tabeadi/tabea_work/08_population_analysis_final/skane_only/combined/results/structure/admixture/rep028/K6/run07/data.6.Q	/cfs/klemming/home/t/tabeadi/tabea_work/08_population_analysis_final/skane_only/combined/results/structure/admixture/rep028/K6/run07
rep028	6	run08	0.36121	-7992060.701985	/cfs/klemming/home/t/tabeadi/tabea_work/08_population_analysis_final/skane_only/combined/results/structure/admixture/rep028/K6/run08/data.6.Q	/cfs/klemming/home/t/tabeadi/tabea_work/08_population_analysis_final/skane_only/combined/results/structure/admixture/rep028/K6/run08
rep028	6	run09	0.36121	-7992060.70539	/cfs/klemming/home/t/tabeadi/tabea_work/08_population_analysis_final/skane_only/combined/results/structure/admixture/rep028/K6/run09/data.6.Q	/cfs/klemming/home/t/tabeadi/tabea_work/08_population_analysis_final/skane_only/combined/results/structure/admixture/rep028/K6/run09
rep028	6	run10	0.36123	-7992120.139354	/cfs/klemming/home/t/tabeadi/tabea_work/08_population_analysis_final/skane_only/combined/results/structure/admixture/rep028/K6/run10/data.6.Q	/cfs/klemming/home/t/tabeadi/tabea_work/08_population_analysis_final/skane_only/combined/results/structure/admixture/rep028/K6/run10
rep028	6	run11	0.36122	-7992120.125693	/cfs/klemming/home/t/tabeadi/tabea_work/08_population_analysis_final/skane_only/combined/results/structure/admixture/rep028/K6/run11/data.6.Q	/cfs/klemming/home/t/tabeadi/tabea_work/08_population_analysis_final/skane_only/combined/results/structure/admixture/rep028/K6/run11
rep028	6	run12	0.36124	-7992060.724699	/cfs/klemming/home/t/tabeadi/tabea_work/08_population_analysis_final/skane_only/combined/results/structure/admixture/rep028/K6/run12/data.6.Q	/cfs/klemming/home/t/tabeadi/tabea_work/08_population_analysis_final/skane_only/combined/results/structure/admixture/rep028/K6/run12
rep028	6	run13	0.36127	-7992060.703909	/cfs/klemming/home/t/tabeadi/tabea_work/08_population_analysis_final/skane_only/combined/results/structure/admixture/rep028/K6/run13/data.6.Q	/cfs/klemming/home/t/tabeadi/tabea_work/08_population_analysis_final/skane_only/combined/results/structure/admixture/rep028/K6/run13
rep028	6	run14	0.36122	-7992120.142434	/cfs/klemming/home/t/tabeadi/tabea_work/08_population_analysis_final/skane_only/combined/results/structure/admixture/rep028/K6/run14/data.6.Q	/cfs/klemming/home/t/tabeadi/tabea_work/08_population_analysis_final/skane_only/combined/results/structure/admixture/rep028/K6/run14
rep028	6	run15	0.36121	-7992120.183787	/cfs/klemming/home/t/tabeadi/tabea_work/08_population_analysis_final/skane_only/combined/results/structure/admixture/rep028/K6/run15/data.6.Q	/cfs/klemming/home/t/tabeadi/tabea_work/08_population_analysis_final/skane_only/combined/results/structure/admixture/rep028/K6/run15
rep028	6	run16	0.36125	-7992060.697231	/cfs/klemming/home/t/tabeadi/tabea_work/08_population_analysis_final/skane_only/combined/results/structure/admixture/rep028/K6/run16/data.6.Q	/cfs/klemming/home/t/tabeadi/tabea_work/08_population_analysis_final/skane_only/combined/results/structure/admixture/rep028/K6/run16
rep028	6	run17	0.36125	-7992289.562885	/cfs/klemming/home/t/tabeadi/tabea_work/08_population_analysis_final/skane_only/combined/results/structure/admixture/rep028/K6/run17/data.6.Q	/cfs/klemming/home/t/tabeadi/tabea_work/08_population_analysis_final/skane_only/combined/results/structure/admixture/rep028/K6/run17
rep028	6	run18	0.36125	-7992060.70585	/cfs/klemming/home/t/tabeadi/tabea_work/08_population_analysis_final/skane_only/combined/results/structure/admixture/rep028/K6/run18/data.6.Q	/cfs/klemming/home/t/tabeadi/tabea_work/08_population_analysis_final/skane_only/combined/results/structure/admixture/rep028/K6/run18
rep028	6	run19	0.36123	-7992120.151323	/cfs/klemming/home/t/tabeadi/tabea_work/08_population_analysis_final/skane_only/combined/results/structure/admixture/rep028/K6/run19/data.6.Q	/cfs/klemming/home/t/tabeadi/tabea_work/08_population_analysis_final/skane_only/combined/results/structure/admixture/rep028/K6/run19
rep028	6	run20	0.36134	-7992289.468261	/cfs/klemming/home/t/tabeadi/tabea_work/08_population_analysis_final/skane_only/combined/results/structure/admixture/rep028/K6/run20/data.6.Q	/cfs/klemming/home/t/tabeadi/tabea_work/08_population_analysis_final/skane_only/combined/results/structure/admixture/rep028/K6/run20
rep028	7	run01	0.36066	-7975735.852281	/cfs/klemming/home/t/tabeadi/tabea_work/08_population_analysis_final/skane_only/combined/results/structure/admixture/rep028/K7/run01/data.7.Q	/cfs/klemming/home/t/tabeadi/tabea_work/08_population_analysis_final/skane_only/combined/results/structure/admixture/rep028/K7/run01
rep028	7	run02	0.36069	-7976078.523248	/cfs/klemming/home/t/tabeadi/tabea_work/08_population_analysis_final/skane_only/combined/results/structure/admixture/rep028/K7/run02/data.7.Q	/cfs/klemming/home/t/tabeadi/tabea_work/08_population_analysis_final/skane_only/combined/results/structure/admixture/rep028/K7/run02
rep028	7	run03	0.3608	-7976078.591276	/cfs/klemming/home/t/tabeadi/tabea_work/08_population_analysis_final/skane_only/combined/results/structure/admixture/rep028/K7/run03/data.7.Q	/cfs/klemming/home/t/tabeadi/tabea_work/08_population_analysis_final/skane_only/combined/results/structure/admixture/rep028/K7/run03
rep028	7	run04	0.36074	-7976078.453091	/cfs/klemming/home/t/tabeadi/tabea_work/08_population_analysis_final/skane_only/combined/results/structure/admixture/rep028/K7/run04/data.7.Q	/cfs/klemming/home/t/tabeadi/tabea_work/08_population_analysis_final/skane_only/combined/results/structure/admixture/rep028/K7/run04
rep028	7	run05	0.3607	-7975736.04604	/cfs/klemming/home/t/tabeadi/tabea_work/08_population_analysis_final/skane_only/combined/results/structure/admixture/rep028/K7/run05/data.7.Q	/cfs/klemming/home/t/tabeadi/tabea_work/08_population_analysis_final/skane_only/combined/results/structure/admixture/rep028/K7/run05
rep028	7	run06	0.3607	-7975735.887708	/cfs/klemming/home/t/tabeadi/tabea_work/08_population_analysis_final/skane_only/combined/results/structure/admixture/rep028/K7/run06/data.7.Q	/cfs/klemming/home/t/tabeadi/tabea_work/08_population_analysis_final/skane_only/combined/results/structure/admixture/rep028/K7/run06
rep028	7	run07	0.3607	-7975735.992984	/cfs/klemming/home/t/tabeadi/tabea_work/08_population_analysis_final/skane_only/combined/results/structure/admixture/rep028/K7/run07/data.7.Q	/cfs/klemming/home/t/tabeadi/tabea_work/08_population_analysis_final/skane_only/combined/results/structure/admixture/rep028/K7/run07
rep028	7	run08	0.36077	-7976078.391758	/cfs/klemming/home/t/tabeadi/tabea_work/08_population_analysis_final/skane_only/combined/results/structure/admixture/rep028/K7/run08/data.7.Q	/cfs/klemming/home/t/tabeadi/tabea_work/08_population_analysis_final/skane_only/combined/results/structure/admixture/rep028/K7/run08
rep028	7	run09	0.36067	-7975735.889951	/cfs/klemming/home/t/tabeadi/tabea_work/08_population_analysis_final/skane_only/combined/results/structure/admixture/rep028/K7/run09/data.7.Q	/cfs/klemming/home/t/tabeadi/tabea_work/08_population_analysis_final/skane_only/combined/results/structure/admixture/rep028/K7/run09
rep028	7	run10	0.36079	-7976078.396278	/cfs/klemming/home/t/tabeadi/tabea_work/08_population_analysis_final/skane_only/combined/results/structure/admixture/rep028/K7/run10/data.7.Q	/cfs/klemming/home/t/tabeadi/tabea_work/08_population_analysis_final/skane_only/combined/results/structure/admixture/rep028/K7/run10
rep028	7	run11	0.36078	-7976078.401695	/cfs/klemming/home/t/tabeadi/tabea_work/08_population_analysis_final/skane_only/combined/results/structure/admixture/rep028/K7/run11/data.7.Q	/cfs/klemming/home/t/tabeadi/tabea_work/08_population_analysis_final/skane_only/combined/results/structure/admixture/rep028/K7/run11
rep028	7	run12	0.36066	-7975736.05381	/cfs/klemming/home/t/tabeadi/tabea_work/08_population_analysis_final/skane_only/combined/results/structure/admixture/rep028/K7/run12/data.7.Q	/cfs/klemming/home/t/tabeadi/tabea_work/08_population_analysis_final/skane_only/combined/results/structure/admixture/rep028/K7/run12
rep028	7	run13	0.36069	-7975735.987733	/cfs/klemming/home/t/tabeadi/tabea_work/08_population_analysis_final/skane_only/combined/results/structure/admixture/rep028/K7/run13/data.7.Q	/cfs/klemming/home/t/tabeadi/tabea_work/08_population_analysis_final/skane_only/combined/results/structure/admixture/rep028/K7/run13
rep028	7	run14	0.36071	-7975735.866067	/cfs/klemming/home/t/tabeadi/tabea_work/08_population_analysis_final/skane_only/combined/results/structure/admixture/rep028/K7/run14/data.7.Q	/cfs/klemming/home/t/tabeadi/tabea_work/08_population_analysis_final/skane_only/combined/results/structure/admixture/rep028/K7/run14
rep028	7	run15	0.36073	-7976078.556107	/cfs/klemming/home/t/tabeadi/tabea_work/08_population_analysis_final/skane_only/combined/results/structure/admixture/rep028/K7/run15/data.7.Q	/cfs/klemming/home/t/tabeadi/tabea_work/08_population_analysis_final/skane_only/combined/results/structure/admixture/rep028/K7/run15
rep028	7	run16	0.36066	-7975735.911705	/cfs/klemming/home/t/tabeadi/tabea_work/08_population_analysis_final/skane_only/combined/results/structure/admixture/rep028/K7/run16/data.7.Q	/cfs/klemming/home/t/tabeadi/tabea_work/08_population_analysis_final/skane_only/combined/results/structure/admixture/rep028/K7/run16
rep028	7	run17	0.3607	-7975735.846017	/cfs/klemming/home/t/tabeadi/tabea_work/08_population_analysis_final/skane_only/combined/results/structure/admixture/rep028/K7/run17/data.7.Q	/cfs/klemming/home/t/tabeadi/tabea_work/08_population_analysis_final/skane_only/combined/results/structure/admixture/rep028/K7/run17
rep028	7	run18	0.36077	-7976078.386792	/cfs/klemming/home/t/tabeadi/tabea_work/08_population_analysis_final/skane_only/combined/results/structure/admixture/rep028/K7/run18/data.7.Q	/cfs/klemming/home/t/tabeadi/tabea_work/08_population_analysis_final/skane_only/combined/results/structure/admixture/rep028/K7/run18
rep028	7	run19	0.36069	-7975735.934068	/cfs/klemming/home/t/tabeadi/tabea_work/08_population_analysis_final/skane_only/combined/results/structure/admixture/rep028/K7/run19/data.7.Q	/cfs/klemming/home/t/tabeadi/tabea_work/08_population_analysis_final/skane_only/combined/results/structure/admixture/rep028/K7/run19
rep028	7	run20	0.36069	-7975735.862721	/cfs/klemming/home/t/tabeadi/tabea_work/08_population_analysis_final/skane_only/combined/results/structure/admixture/rep028/K7/run20/data.7.Q	/cfs/klemming/home/t/tabeadi/tabea_work/08_population_analysis_final/skane_only/combined/results/structure/admixture/rep028/K7/run20
rep028	8	run01	0.36043	-7961980.09262	/cfs/klemming/home/t/tabeadi/tabea_work/08_population_analysis_final/skane_only/combined/results/structure/admixture/rep028/K8/run01/data.8.Q	/cfs/klemming/home/t/tabeadi/tabea_work/08_population_analysis_final/skane_only/combined/results/structure/admixture/rep028/K8/run01
rep028	8	run02	0.36042	-7961842.248937	/cfs/klemming/home/t/tabeadi/tabea_work/08_population_analysis_final/skane_only/combined/results/structure/admixture/rep028/K8/run02/data.8.Q	/cfs/klemming/home/t/tabeadi/tabea_work/08_population_analysis_final/skane_only/combined/results/structure/admixture/rep028/K8/run02
rep028	8	run03	0.36028	-7961724.539715	/cfs/klemming/home/t/tabeadi/tabea_work/08_population_analysis_final/skane_only/combined/results/structure/admixture/rep028/K8/run03/data.8.Q	/cfs/klemming/home/t/tabeadi/tabea_work/08_population_analysis_final/skane_only/combined/results/structure/admixture/rep028/K8/run03
rep028	8	run04	0.3603	-7961724.299833	/cfs/klemming/home/t/tabeadi/tabea_work/08_population_analysis_final/skane_only/combined/results/structure/admixture/rep028/K8/run04/data.8.Q	/cfs/klemming/home/t/tabeadi/tabea_work/08_population_analysis_final/skane_only/combined/results/structure/admixture/rep028/K8/run04
rep028	8	run05	0.36038	-7961703.734019	/cfs/klemming/home/t/tabeadi/tabea_work/08_population_analysis_final/skane_only/combined/results/structure/admixture/rep028/K8/run05/data.8.Q	/cfs/klemming/home/t/tabeadi/tabea_work/08_population_analysis_final/skane_only/combined/results/structure/admixture/rep028/K8/run05
rep028	8	run06	0.36033	-7961724.528871	/cfs/klemming/home/t/tabeadi/tabea_work/08_population_analysis_final/skane_only/combined/results/structure/admixture/rep028/K8/run06/data.8.Q	/cfs/klemming/home/t/tabeadi/tabea_work/08_population_analysis_final/skane_only/combined/results/structure/admixture/rep028/K8/run06
rep028	8	run07	0.36038	-7961596.820531	/cfs/klemming/home/t/tabeadi/tabea_work/08_population_analysis_final/skane_only/combined/results/structure/admixture/rep028/K8/run07/data.8.Q	/cfs/klemming/home/t/tabeadi/tabea_work/08_population_analysis_final/skane_only/combined/results/structure/admixture/rep028/K8/run07
rep028	8	run08	0.36039	-7961789.082023	/cfs/klemming/home/t/tabeadi/tabea_work/08_population_analysis_final/skane_only/combined/results/structure/admixture/rep028/K8/run08/data.8.Q	/cfs/klemming/home/t/tabeadi/tabea_work/08_population_analysis_final/skane_only/combined/results/structure/admixture/rep028/K8/run08
rep028	8	run09	0.36039	-7961973.523821	/cfs/klemming/home/t/tabeadi/tabea_work/08_population_analysis_final/skane_only/combined/results/structure/admixture/rep028/K8/run09/data.8.Q	/cfs/klemming/home/t/tabeadi/tabea_work/08_population_analysis_final/skane_only/combined/results/structure/admixture/rep028/K8/run09
rep028	8	run10	0.36044	-7962318.24764	/cfs/klemming/home/t/tabeadi/tabea_work/08_population_analysis_final/skane_only/combined/results/structure/admixture/rep028/K8/run10/data.8.Q	/cfs/klemming/home/t/tabeadi/tabea_work/08_population_analysis_final/skane_only/combined/results/structure/admixture/rep028/K8/run10
rep028	8	run11	0.36041	-7961703.515365	/cfs/klemming/home/t/tabeadi/tabea_work/08_population_analysis_final/skane_only/combined/results/structure/admixture/rep028/K8/run11/data.8.Q	/cfs/klemming/home/t/tabeadi/tabea_work/08_population_analysis_final/skane_only/combined/results/structure/admixture/rep028/K8/run11
rep028	8	run12	0.36044	-7961973.603824	/cfs/klemming/home/t/tabeadi/tabea_work/08_population_analysis_final/skane_only/combined/results/structure/admixture/rep028/K8/run12/data.8.Q	/cfs/klemming/home/t/tabeadi/tabea_work/08_population_analysis_final/skane_only/combined/results/structure/admixture/rep028/K8/run12
rep028	8	run13	0.36032	-7961724.425752	/cfs/klemming/home/t/tabeadi/tabea_work/08_population_analysis_final/skane_only/combined/results/structure/admixture/rep028/K8/run13/data.8.Q	/cfs/klemming/home/t/tabeadi/tabea_work/08_population_analysis_final/skane_only/combined/results/structure/admixture/rep028/K8/run13
rep028	8	run14	0.36041	-7962272.827172	/cfs/klemming/home/t/tabeadi/tabea_work/08_population_analysis_final/skane_only/combined/results/structure/admixture/rep028/K8/run14/data.8.Q	/cfs/klemming/home/t/tabeadi/tabea_work/08_population_analysis_final/skane_only/combined/results/structure/admixture/rep028/K8/run14
rep028	8	run15	0.36034	-7961542.302803	/cfs/klemming/home/t/tabeadi/tabea_work/08_population_analysis_final/skane_only/combined/results/structure/admixture/rep028/K8/run15/data.8.Q	/cfs/klemming/home/t/tabeadi/tabea_work/08_population_analysis_final/skane_only/combined/results/structure/admixture/rep028/K8/run15
rep028	8	run16	0.36042	-7961788.865073	/cfs/klemming/home/t/tabeadi/tabea_work/08_population_analysis_final/skane_only/combined/results/structure/admixture/rep028/K8/run16/data.8.Q	/cfs/klemming/home/t/tabeadi/tabea_work/08_population_analysis_final/skane_only/combined/results/structure/admixture/rep028/K8/run16
rep028	8	run17	0.36034	-7961621.940769	/cfs/klemming/home/t/tabeadi/tabea_work/08_population_analysis_final/skane_only/combined/results/structure/admixture/rep028/K8/run17/data.8.Q	/cfs/klemming/home/t/tabeadi/tabea_work/08_population_analysis_final/skane_only/combined/results/structure/admixture/rep028/K8/run17
rep028	8	run18	0.36047	-7961973.58136	/cfs/klemming/home/t/tabeadi/tabea_work/08_population_analysis_final/skane_only/combined/results/structure/admixture/rep028/K8/run18/data.8.Q	/cfs/klemming/home/t/tabeadi/tabea_work/08_population_analysis_final/skane_only/combined/results/structure/admixture/rep028/K8/run18
rep028	8	run19	0.36042	-7961973.684254	/cfs/klemming/home/t/tabeadi/tabea_work/08_population_analysis_final/skane_only/combined/results/structure/admixture/rep028/K8/run19/data.8.Q	/cfs/klemming/home/t/tabeadi/tabea_work/08_population_analysis_final/skane_only/combined/results/structure/admixture/rep028/K8/run19
rep028	8	run20	0.36035	-7961542.410256	/cfs/klemming/home/t/tabeadi/tabea_work/08_population_analysis_final/skane_only/combined/results/structure/admixture/rep028/K8/run20/data.8.Q	/cfs/klemming/home/t/tabeadi/tabea_work/08_population_analysis_final/skane_only/combined/results/structure/admixture/rep028/K8/run20
rep029	1	run01	0.36421	-8124548.060279	/cfs/klemming/home/t/tabeadi/tabea_work/08_population_analysis_final/skane_only/combined/results/structure/admixture/rep029/K1/run01/data.1.Q	/cfs/klemming/home/t/tabeadi/tabea_work/08_population_analysis_final/skane_only/combined/results/structure/admixture/rep029/K1/run01
rep029	1	run02	0.36422	-8124548.060279	/cfs/klemming/home/t/tabeadi/tabea_work/08_population_analysis_final/skane_only/combined/results/structure/admixture/rep029/K1/run02/data.1.Q	/cfs/klemming/home/t/tabeadi/tabea_work/08_population_analysis_final/skane_only/combined/results/structure/admixture/rep029/K1/run02
rep029	1	run03	0.36422	-8124548.060279	/cfs/klemming/home/t/tabeadi/tabea_work/08_population_analysis_final/skane_only/combined/results/structure/admixture/rep029/K1/run03/data.1.Q	/cfs/klemming/home/t/tabeadi/tabea_work/08_population_analysis_final/skane_only/combined/results/structure/admixture/rep029/K1/run03
rep029	1	run04	0.36423	-8124548.060279	/cfs/klemming/home/t/tabeadi/tabea_work/08_population_analysis_final/skane_only/combined/results/structure/admixture/rep029/K1/run04/data.1.Q	/cfs/klemming/home/t/tabeadi/tabea_work/08_population_analysis_final/skane_only/combined/results/structure/admixture/rep029/K1/run04
rep029	1	run05	0.36422	-8124548.060279	/cfs/klemming/home/t/tabeadi/tabea_work/08_population_analysis_final/skane_only/combined/results/structure/admixture/rep029/K1/run05/data.1.Q	/cfs/klemming/home/t/tabeadi/tabea_work/08_population_analysis_final/skane_only/combined/results/structure/admixture/rep029/K1/run05
rep029	1	run06	0.36422	-8124548.060279	/cfs/klemming/home/t/tabeadi/tabea_work/08_population_analysis_final/skane_only/combined/results/structure/admixture/rep029/K1/run06/data.1.Q	/cfs/klemming/home/t/tabeadi/tabea_work/08_population_analysis_final/skane_only/combined/results/structure/admixture/rep029/K1/run06
rep029	1	run07	0.36422	-8124548.060279	/cfs/klemming/home/t/tabeadi/tabea_work/08_population_analysis_final/skane_only/combined/results/structure/admixture/rep029/K1/run07/data.1.Q	/cfs/klemming/home/t/tabeadi/tabea_work/08_population_analysis_final/skane_only/combined/results/structure/admixture/rep029/K1/run07
rep029	1	run08	0.36422	-8124548.060279	/cfs/klemming/home/t/tabeadi/tabea_work/08_population_analysis_final/skane_only/combined/results/structure/admixture/rep029/K1/run08/data.1.Q	/cfs/klemming/home/t/tabeadi/tabea_work/08_population_analysis_final/skane_only/combined/results/structure/admixture/rep029/K1/run08
rep029	1	run09	0.36423	-8124548.060279	/cfs/klemming/home/t/tabeadi/tabea_work/08_population_analysis_final/skane_only/combined/results/structure/admixture/rep029/K1/run09/data.1.Q	/cfs/klemming/home/t/tabeadi/tabea_work/08_population_analysis_final/skane_only/combined/results/structure/admixture/rep029/K1/run09
rep029	1	run10	0.36422	-8124548.060279	/cfs/klemming/home/t/tabeadi/tabea_work/08_population_analysis_final/skane_only/combined/results/structure/admixture/rep029/K1/run10/data.1.Q	/cfs/klemming/home/t/tabeadi/tabea_work/08_population_analysis_final/skane_only/combined/results/structure/admixture/rep029/K1/run10
rep029	1	run11	0.36422	-8124548.060279	/cfs/klemming/home/t/tabeadi/tabea_work/08_population_analysis_final/skane_only/combined/results/structure/admixture/rep029/K1/run11/data.1.Q	/cfs/klemming/home/t/tabeadi/tabea_work/08_population_analysis_final/skane_only/combined/results/structure/admixture/rep029/K1/run11
rep029	1	run12	0.36422	-8124548.060279	/cfs/klemming/home/t/tabeadi/tabea_work/08_population_analysis_final/skane_only/combined/results/structure/admixture/rep029/K1/run12/data.1.Q	/cfs/klemming/home/t/tabeadi/tabea_work/08_population_analysis_final/skane_only/combined/results/structure/admixture/rep029/K1/run12
rep029	1	run13	0.36421	-8124548.060279	/cfs/klemming/home/t/tabeadi/tabea_work/08_population_analysis_final/skane_only/combined/results/structure/admixture/rep029/K1/run13/data.1.Q	/cfs/klemming/home/t/tabeadi/tabea_work/08_population_analysis_final/skane_only/combined/results/structure/admixture/rep029/K1/run13
rep029	1	run14	0.36421	-8124548.060279	/cfs/klemming/home/t/tabeadi/tabea_work/08_population_analysis_final/skane_only/combined/results/structure/admixture/rep029/K1/run14/data.1.Q	/cfs/klemming/home/t/tabeadi/tabea_work/08_population_analysis_final/skane_only/combined/results/structure/admixture/rep029/K1/run14
rep029	1	run15	0.36422	-8124548.060279	/cfs/klemming/home/t/tabeadi/tabea_work/08_population_analysis_final/skane_only/combined/results/structure/admixture/rep029/K1/run15/data.1.Q	/cfs/klemming/home/t/tabeadi/tabea_work/08_population_analysis_final/skane_only/combined/results/structure/admixture/rep029/K1/run15
rep029	1	run16	0.36422	-8124548.060279	/cfs/klemming/home/t/tabeadi/tabea_work/08_population_analysis_final/skane_only/combined/results/structure/admixture/rep029/K1/run16/data.1.Q	/cfs/klemming/home/t/tabeadi/tabea_work/08_population_analysis_final/skane_only/combined/results/structure/admixture/rep029/K1/run16
rep029	1	run17	0.36422	-8124548.060279	/cfs/klemming/home/t/tabeadi/tabea_work/08_population_analysis_final/skane_only/combined/results/structure/admixture/rep029/K1/run17/data.1.Q	/cfs/klemming/home/t/tabeadi/tabea_work/08_population_analysis_final/skane_only/combined/results/structure/admixture/rep029/K1/run17
rep029	1	run18	0.36421	-8124548.060279	/cfs/klemming/home/t/tabeadi/tabea_work/08_population_analysis_final/skane_only/combined/results/structure/admixture/rep029/K1/run18/data.1.Q	/cfs/klemming/home/t/tabeadi/tabea_work/08_population_analysis_final/skane_only/combined/results/structure/admixture/rep029/K1/run18
rep029	1	run19	0.36422	-8124548.060279	/cfs/klemming/home/t/tabeadi/tabea_work/08_population_analysis_final/skane_only/combined/results/structure/admixture/rep029/K1/run19/data.1.Q	/cfs/klemming/home/t/tabeadi/tabea_work/08_population_analysis_final/skane_only/combined/results/structure/admixture/rep029/K1/run19
rep029	1	run20	0.36421	-8124548.060279	/cfs/klemming/home/t/tabeadi/tabea_work/08_population_analysis_final/skane_only/combined/results/structure/admixture/rep029/K1/run20/data.1.Q	/cfs/klemming/home/t/tabeadi/tabea_work/08_population_analysis_final/skane_only/combined/results/structure/admixture/rep029/K1/run20
rep029	2	run01	0.36302	-8096141.308574	/cfs/klemming/home/t/tabeadi/tabea_work/08_population_analysis_final/skane_only/combined/results/structure/admixture/rep029/K2/run01/data.2.Q	/cfs/klemming/home/t/tabeadi/tabea_work/08_population_analysis_final/skane_only/combined/results/structure/admixture/rep029/K2/run01
rep029	2	run02	0.36302	-8096141.308591	/cfs/klemming/home/t/tabeadi/tabea_work/08_population_analysis_final/skane_only/combined/results/structure/admixture/rep029/K2/run02/data.2.Q	/cfs/klemming/home/t/tabeadi/tabea_work/08_population_analysis_final/skane_only/combined/results/structure/admixture/rep029/K2/run02
rep029	2	run03	0.363	-8096141.308562	/cfs/klemming/home/t/tabeadi/tabea_work/08_population_analysis_final/skane_only/combined/results/structure/admixture/rep029/K2/run03/data.2.Q	/cfs/klemming/home/t/tabeadi/tabea_work/08_population_analysis_final/skane_only/combined/results/structure/admixture/rep029/K2/run03
rep029	2	run04	0.36309	-8096141.308568	/cfs/klemming/home/t/tabeadi/tabea_work/08_population_analysis_final/skane_only/combined/results/structure/admixture/rep029/K2/run04/data.2.Q	/cfs/klemming/home/t/tabeadi/tabea_work/08_population_analysis_final/skane_only/combined/results/structure/admixture/rep029/K2/run04
rep029	2	run05	0.36302	-8096141.308562	/cfs/klemming/home/t/tabeadi/tabea_work/08_population_analysis_final/skane_only/combined/results/structure/admixture/rep029/K2/run05/data.2.Q	/cfs/klemming/home/t/tabeadi/tabea_work/08_population_analysis_final/skane_only/combined/results/structure/admixture/rep029/K2/run05
rep029	2	run06	0.36305	-8096141.308598	/cfs/klemming/home/t/tabeadi/tabea_work/08_population_analysis_final/skane_only/combined/results/structure/admixture/rep029/K2/run06/data.2.Q	/cfs/klemming/home/t/tabeadi/tabea_work/08_population_analysis_final/skane_only/combined/results/structure/admixture/rep029/K2/run06
rep029	2	run07	0.36303	-8096141.308567	/cfs/klemming/home/t/tabeadi/tabea_work/08_population_analysis_final/skane_only/combined/results/structure/admixture/rep029/K2/run07/data.2.Q	/cfs/klemming/home/t/tabeadi/tabea_work/08_population_analysis_final/skane_only/combined/results/structure/admixture/rep029/K2/run07
rep029	2	run08	0.36304	-8096141.308567	/cfs/klemming/home/t/tabeadi/tabea_work/08_population_analysis_final/skane_only/combined/results/structure/admixture/rep029/K2/run08/data.2.Q	/cfs/klemming/home/t/tabeadi/tabea_work/08_population_analysis_final/skane_only/combined/results/structure/admixture/rep029/K2/run08
rep029	2	run09	0.36304	-8096141.308562	/cfs/klemming/home/t/tabeadi/tabea_work/08_population_analysis_final/skane_only/combined/results/structure/admixture/rep029/K2/run09/data.2.Q	/cfs/klemming/home/t/tabeadi/tabea_work/08_population_analysis_final/skane_only/combined/results/structure/admixture/rep029/K2/run09
rep029	2	run10	0.36304	-8096141.308586	/cfs/klemming/home/t/tabeadi/tabea_work/08_population_analysis_final/skane_only/combined/results/structure/admixture/rep029/K2/run10/data.2.Q	/cfs/klemming/home/t/tabeadi/tabea_work/08_population_analysis_final/skane_only/combined/results/structure/admixture/rep029/K2/run10
rep029	2	run11	0.36305	-8096141.308567	/cfs/klemming/home/t/tabeadi/tabea_work/08_population_analysis_final/skane_only/combined/results/structure/admixture/rep029/K2/run11/data.2.Q	/cfs/klemming/home/t/tabeadi/tabea_work/08_population_analysis_final/skane_only/combined/results/structure/admixture/rep029/K2/run11
rep029	2	run12	0.36303	-8096141.308567	/cfs/klemming/home/t/tabeadi/tabea_work/08_population_analysis_final/skane_only/combined/results/structure/admixture/rep029/K2/run12/data.2.Q	/cfs/klemming/home/t/tabeadi/tabea_work/08_population_analysis_final/skane_only/combined/results/structure/admixture/rep029/K2/run12
rep029	2	run13	0.36303	-8096141.308563	/cfs/klemming/home/t/tabeadi/tabea_work/08_population_analysis_final/skane_only/combined/results/structure/admixture/rep029/K2/run13/data.2.Q	/cfs/klemming/home/t/tabeadi/tabea_work/08_population_analysis_final/skane_only/combined/results/structure/admixture/rep029/K2/run13
rep029	2	run14	0.36302	-8096141.308571	/cfs/klemming/home/t/tabeadi/tabea_work/08_population_analysis_final/skane_only/combined/results/structure/admixture/rep029/K2/run14/data.2.Q	/cfs/klemming/home/t/tabeadi/tabea_work/08_population_analysis_final/skane_only/combined/results/structure/admixture/rep029/K2/run14
rep029	2	run15	0.36305	-8096141.308562	/cfs/klemming/home/t/tabeadi/tabea_work/08_population_analysis_final/skane_only/combined/results/structure/admixture/rep029/K2/run15/data.2.Q	/cfs/klemming/home/t/tabeadi/tabea_work/08_population_analysis_final/skane_only/combined/results/structure/admixture/rep029/K2/run15
rep029	2	run16	0.36306	-8096141.308573	/cfs/klemming/home/t/tabeadi/tabea_work/08_population_analysis_final/skane_only/combined/results/structure/admixture/rep029/K2/run16/data.2.Q	/cfs/klemming/home/t/tabeadi/tabea_work/08_population_analysis_final/skane_only/combined/results/structure/admixture/rep029/K2/run16
rep029	2	run17	0.36303	-8096141.308564	/cfs/klemming/home/t/tabeadi/tabea_work/08_population_analysis_final/skane_only/combined/results/structure/admixture/rep029/K2/run17/data.2.Q	/cfs/klemming/home/t/tabeadi/tabea_work/08_population_analysis_final/skane_only/combined/results/structure/admixture/rep029/K2/run17
rep029	2	run18	0.36304	-8096141.308565	/cfs/klemming/home/t/tabeadi/tabea_work/08_population_analysis_final/skane_only/combined/results/structure/admixture/rep029/K2/run18/data.2.Q	/cfs/klemming/home/t/tabeadi/tabea_work/08_population_analysis_final/skane_only/combined/results/structure/admixture/rep029/K2/run18
rep029	2	run19	0.36303	-8096141.308582	/cfs/klemming/home/t/tabeadi/tabea_work/08_population_analysis_final/skane_only/combined/results/structure/admixture/rep029/K2/run19/data.2.Q	/cfs/klemming/home/t/tabeadi/tabea_work/08_population_analysis_final/skane_only/combined/results/structure/admixture/rep029/K2/run19
rep029	2	run20	0.36304	-8096141.308563	/cfs/klemming/home/t/tabeadi/tabea_work/08_population_analysis_final/skane_only/combined/results/structure/admixture/rep029/K2/run20/data.2.Q	/cfs/klemming/home/t/tabeadi/tabea_work/08_population_analysis_final/skane_only/combined/results/structure/admixture/rep029/K2/run20
rep029	3	run01	0.36229	-8074389.350615	/cfs/klemming/home/t/tabeadi/tabea_work/08_population_analysis_final/skane_only/combined/results/structure/admixture/rep029/K3/run01/data.3.Q	/cfs/klemming/home/t/tabeadi/tabea_work/08_population_analysis_final/skane_only/combined/results/structure/admixture/rep029/K3/run01
rep029	3	run02	0.36233	-8074389.35333	/cfs/klemming/home/t/tabeadi/tabea_work/08_population_analysis_final/skane_only/combined/results/structure/admixture/rep029/K3/run02/data.3.Q	/cfs/klemming/home/t/tabeadi/tabea_work/08_population_analysis_final/skane_only/combined/results/structure/admixture/rep029/K3/run02
rep029	3	run03	0.36231	-8074389.349902	/cfs/klemming/home/t/tabeadi/tabea_work/08_population_analysis_final/skane_only/combined/results/structure/admixture/rep029/K3/run03/data.3.Q	/cfs/klemming/home/t/tabeadi/tabea_work/08_population_analysis_final/skane_only/combined/results/structure/admixture/rep029/K3/run03
rep029	3	run04	0.36232	-8074389.366452	/cfs/klemming/home/t/tabeadi/tabea_work/08_population_analysis_final/skane_only/combined/results/structure/admixture/rep029/K3/run04/data.3.Q	/cfs/klemming/home/t/tabeadi/tabea_work/08_population_analysis_final/skane_only/combined/results/structure/admixture/rep029/K3/run04
rep029	3	run05	0.36232	-8074389.348077	/cfs/klemming/home/t/tabeadi/tabea_work/08_population_analysis_final/skane_only/combined/results/structure/admixture/rep029/K3/run05/data.3.Q	/cfs/klemming/home/t/tabeadi/tabea_work/08_population_analysis_final/skane_only/combined/results/structure/admixture/rep029/K3/run05
rep029	3	run06	0.36231	-8074389.34893	/cfs/klemming/home/t/tabeadi/tabea_work/08_population_analysis_final/skane_only/combined/results/structure/admixture/rep029/K3/run06/data.3.Q	/cfs/klemming/home/t/tabeadi/tabea_work/08_population_analysis_final/skane_only/combined/results/structure/admixture/rep029/K3/run06
rep029	3	run07	0.36232	-8074389.34901	/cfs/klemming/home/t/tabeadi/tabea_work/08_population_analysis_final/skane_only/combined/results/structure/admixture/rep029/K3/run07/data.3.Q	/cfs/klemming/home/t/tabeadi/tabea_work/08_population_analysis_final/skane_only/combined/results/structure/admixture/rep029/K3/run07
rep029	3	run08	0.36233	-8074389.348256	/cfs/klemming/home/t/tabeadi/tabea_work/08_population_analysis_final/skane_only/combined/results/structure/admixture/rep029/K3/run08/data.3.Q	/cfs/klemming/home/t/tabeadi/tabea_work/08_population_analysis_final/skane_only/combined/results/structure/admixture/rep029/K3/run08
rep029	3	run09	0.36235	-8074389.349915	/cfs/klemming/home/t/tabeadi/tabea_work/08_population_analysis_final/skane_only/combined/results/structure/admixture/rep029/K3/run09/data.3.Q	/cfs/klemming/home/t/tabeadi/tabea_work/08_population_analysis_final/skane_only/combined/results/structure/admixture/rep029/K3/run09
rep029	3	run10	0.36232	-8074389.348096	/cfs/klemming/home/t/tabeadi/tabea_work/08_population_analysis_final/skane_only/combined/results/structure/admixture/rep029/K3/run10/data.3.Q	/cfs/klemming/home/t/tabeadi/tabea_work/08_population_analysis_final/skane_only/combined/results/structure/admixture/rep029/K3/run10
rep029	3	run11	0.36232	-8074389.348225	/cfs/klemming/home/t/tabeadi/tabea_work/08_population_analysis_final/skane_only/combined/results/structure/admixture/rep029/K3/run11/data.3.Q	/cfs/klemming/home/t/tabeadi/tabea_work/08_population_analysis_final/skane_only/combined/results/structure/admixture/rep029/K3/run11
rep029	3	run12	0.36239	-8074389.349337	/cfs/klemming/home/t/tabeadi/tabea_work/08_population_analysis_final/skane_only/combined/results/structure/admixture/rep029/K3/run12/data.3.Q	/cfs/klemming/home/t/tabeadi/tabea_work/08_population_analysis_final/skane_only/combined/results/structure/admixture/rep029/K3/run12
rep029	3	run13	0.36235	-8074389.351953	/cfs/klemming/home/t/tabeadi/tabea_work/08_population_analysis_final/skane_only/combined/results/structure/admixture/rep029/K3/run13/data.3.Q	/cfs/klemming/home/t/tabeadi/tabea_work/08_population_analysis_final/skane_only/combined/results/structure/admixture/rep029/K3/run13
rep029	3	run14	0.36228	-8074389.353196	/cfs/klemming/home/t/tabeadi/tabea_work/08_population_analysis_final/skane_only/combined/results/structure/admixture/rep029/K3/run14/data.3.Q	/cfs/klemming/home/t/tabeadi/tabea_work/08_population_analysis_final/skane_only/combined/results/structure/admixture/rep029/K3/run14
rep029	3	run15	0.36232	-8074389.351658	/cfs/klemming/home/t/tabeadi/tabea_work/08_population_analysis_final/skane_only/combined/results/structure/admixture/rep029/K3/run15/data.3.Q	/cfs/klemming/home/t/tabeadi/tabea_work/08_population_analysis_final/skane_only/combined/results/structure/admixture/rep029/K3/run15
rep029	3	run16	0.36231	-8074389.350021	/cfs/klemming/home/t/tabeadi/tabea_work/08_population_analysis_final/skane_only/combined/results/structure/admixture/rep029/K3/run16/data.3.Q	/cfs/klemming/home/t/tabeadi/tabea_work/08_population_analysis_final/skane_only/combined/results/structure/admixture/rep029/K3/run16
rep029	3	run17	0.36238	-8074389.348205	/cfs/klemming/home/t/tabeadi/tabea_work/08_population_analysis_final/skane_only/combined/results/structure/admixture/rep029/K3/run17/data.3.Q	/cfs/klemming/home/t/tabeadi/tabea_work/08_population_analysis_final/skane_only/combined/results/structure/admixture/rep029/K3/run17
rep029	3	run18	0.36235	-8074389.351624	/cfs/klemming/home/t/tabeadi/tabea_work/08_population_analysis_final/skane_only/combined/results/structure/admixture/rep029/K3/run18/data.3.Q	/cfs/klemming/home/t/tabeadi/tabea_work/08_population_analysis_final/skane_only/combined/results/structure/admixture/rep029/K3/run18
rep029	3	run19	0.36231	-8074389.355551	/cfs/klemming/home/t/tabeadi/tabea_work/08_population_analysis_final/skane_only/combined/results/structure/admixture/rep029/K3/run19/data.3.Q	/cfs/klemming/home/t/tabeadi/tabea_work/08_population_analysis_final/skane_only/combined/results/structure/admixture/rep029/K3/run19
rep029	3	run20	0.3623	-8074389.350524	/cfs/klemming/home/t/tabeadi/tabea_work/08_population_analysis_final/skane_only/combined/results/structure/admixture/rep029/K3/run20/data.3.Q	/cfs/klemming/home/t/tabeadi/tabea_work/08_population_analysis_final/skane_only/combined/results/structure/admixture/rep029/K3/run20
rep029	4	run01	0.3617	-8054097.085685	/cfs/klemming/home/t/tabeadi/tabea_work/08_population_analysis_final/skane_only/combined/results/structure/admixture/rep029/K4/run01/data.4.Q	/cfs/klemming/home/t/tabeadi/tabea_work/08_population_analysis_final/skane_only/combined/results/structure/admixture/rep029/K4/run01
rep029	4	run02	0.36174	-8054097.082574	/cfs/klemming/home/t/tabeadi/tabea_work/08_population_analysis_final/skane_only/combined/results/structure/admixture/rep029/K4/run02/data.4.Q	/cfs/klemming/home/t/tabeadi/tabea_work/08_population_analysis_final/skane_only/combined/results/structure/admixture/rep029/K4/run02
rep029	4	run03	0.36166	-8054097.089097	/cfs/klemming/home/t/tabeadi/tabea_work/08_population_analysis_final/skane_only/combined/results/structure/admixture/rep029/K4/run03/data.4.Q	/cfs/klemming/home/t/tabeadi/tabea_work/08_population_analysis_final/skane_only/combined/results/structure/admixture/rep029/K4/run03
rep029	4	run04	0.3616	-8054034.191242	/cfs/klemming/home/t/tabeadi/tabea_work/08_population_analysis_final/skane_only/combined/results/structure/admixture/rep029/K4/run04/data.4.Q	/cfs/klemming/home/t/tabeadi/tabea_work/08_population_analysis_final/skane_only/combined/results/structure/admixture/rep029/K4/run04
rep029	4	run05	0.36165	-8054097.086567	/cfs/klemming/home/t/tabeadi/tabea_work/08_population_analysis_final/skane_only/combined/results/structure/admixture/rep029/K4/run05/data.4.Q	/cfs/klemming/home/t/tabeadi/tabea_work/08_population_analysis_final/skane_only/combined/results/structure/admixture/rep029/K4/run05
rep029	4	run06	0.36165	-8054034.19443	/cfs/klemming/home/t/tabeadi/tabea_work/08_population_analysis_final/skane_only/combined/results/structure/admixture/rep029/K4/run06/data.4.Q	/cfs/klemming/home/t/tabeadi/tabea_work/08_population_analysis_final/skane_only/combined/results/structure/admixture/rep029/K4/run06
rep029	4	run07	0.36163	-8054034.19977	/cfs/klemming/home/t/tabeadi/tabea_work/08_population_analysis_final/skane_only/combined/results/structure/admixture/rep029/K4/run07/data.4.Q	/cfs/klemming/home/t/tabeadi/tabea_work/08_population_analysis_final/skane_only/combined/results/structure/admixture/rep029/K4/run07
rep029	4	run08	0.36162	-8054097.083234	/cfs/klemming/home/t/tabeadi/tabea_work/08_population_analysis_final/skane_only/combined/results/structure/admixture/rep029/K4/run08/data.4.Q	/cfs/klemming/home/t/tabeadi/tabea_work/08_population_analysis_final/skane_only/combined/results/structure/admixture/rep029/K4/run08
rep029	4	run09	0.36165	-8054034.216375	/cfs/klemming/home/t/tabeadi/tabea_work/08_population_analysis_final/skane_only/combined/results/structure/admixture/rep029/K4/run09/data.4.Q	/cfs/klemming/home/t/tabeadi/tabea_work/08_population_analysis_final/skane_only/combined/results/structure/admixture/rep029/K4/run09
rep029	4	run10	0.36166	-8054034.189324	/cfs/klemming/home/t/tabeadi/tabea_work/08_population_analysis_final/skane_only/combined/results/structure/admixture/rep029/K4/run10/data.4.Q	/cfs/klemming/home/t/tabeadi/tabea_work/08_population_analysis_final/skane_only/combined/results/structure/admixture/rep029/K4/run10
rep029	4	run11	0.36168	-8054034.188239	/cfs/klemming/home/t/tabeadi/tabea_work/08_population_analysis_final/skane_only/combined/results/structure/admixture/rep029/K4/run11/data.4.Q	/cfs/klemming/home/t/tabeadi/tabea_work/08_population_analysis_final/skane_only/combined/results/structure/admixture/rep029/K4/run11
rep029	4	run12	0.36167	-8054034.190931	/cfs/klemming/home/t/tabeadi/tabea_work/08_population_analysis_final/skane_only/combined/results/structure/admixture/rep029/K4/run12/data.4.Q	/cfs/klemming/home/t/tabeadi/tabea_work/08_population_analysis_final/skane_only/combined/results/structure/admixture/rep029/K4/run12
rep029	4	run13	0.36163	-8054034.192697	/cfs/klemming/home/t/tabeadi/tabea_work/08_population_analysis_final/skane_only/combined/results/structure/admixture/rep029/K4/run13/data.4.Q	/cfs/klemming/home/t/tabeadi/tabea_work/08_population_analysis_final/skane_only/combined/results/structure/admixture/rep029/K4/run13
rep029	4	run14	0.36167	-8054034.186949	/cfs/klemming/home/t/tabeadi/tabea_work/08_population_analysis_final/skane_only/combined/results/structure/admixture/rep029/K4/run14/data.4.Q	/cfs/klemming/home/t/tabeadi/tabea_work/08_population_analysis_final/skane_only/combined/results/structure/admixture/rep029/K4/run14
rep029	4	run15	0.36165	-8054034.185058	/cfs/klemming/home/t/tabeadi/tabea_work/08_population_analysis_final/skane_only/combined/results/structure/admixture/rep029/K4/run15/data.4.Q	/cfs/klemming/home/t/tabeadi/tabea_work/08_population_analysis_final/skane_only/combined/results/structure/admixture/rep029/K4/run15
rep029	4	run16	0.36164	-8054034.185588	/cfs/klemming/home/t/tabeadi/tabea_work/08_population_analysis_final/skane_only/combined/results/structure/admixture/rep029/K4/run16/data.4.Q	/cfs/klemming/home/t/tabeadi/tabea_work/08_population_analysis_final/skane_only/combined/results/structure/admixture/rep029/K4/run16
rep029	4	run17	0.36162	-8054034.198473	/cfs/klemming/home/t/tabeadi/tabea_work/08_population_analysis_final/skane_only/combined/results/structure/admixture/rep029/K4/run17/data.4.Q	/cfs/klemming/home/t/tabeadi/tabea_work/08_population_analysis_final/skane_only/combined/results/structure/admixture/rep029/K4/run17
rep029	4	run18	0.36166	-8054097.086579	/cfs/klemming/home/t/tabeadi/tabea_work/08_population_analysis_final/skane_only/combined/results/structure/admixture/rep029/K4/run18/data.4.Q	/cfs/klemming/home/t/tabeadi/tabea_work/08_population_analysis_final/skane_only/combined/results/structure/admixture/rep029/K4/run18
rep029	4	run19	0.36172	-8054097.079452	/cfs/klemming/home/t/tabeadi/tabea_work/08_population_analysis_final/skane_only/combined/results/structure/admixture/rep029/K4/run19/data.4.Q	/cfs/klemming/home/t/tabeadi/tabea_work/08_population_analysis_final/skane_only/combined/results/structure/admixture/rep029/K4/run19
rep029	4	run20	0.36163	-8054034.198124	/cfs/klemming/home/t/tabeadi/tabea_work/08_population_analysis_final/skane_only/combined/results/structure/admixture/rep029/K4/run20/data.4.Q	/cfs/klemming/home/t/tabeadi/tabea_work/08_population_analysis_final/skane_only/combined/results/structure/admixture/rep029/K4/run20
rep029	5	run01	0.36095	-8034502.68978	/cfs/klemming/home/t/tabeadi/tabea_work/08_population_analysis_final/skane_only/combined/results/structure/admixture/rep029/K5/run01/data.5.Q	/cfs/klemming/home/t/tabeadi/tabea_work/08_population_analysis_final/skane_only/combined/results/structure/admixture/rep029/K5/run01
rep029	5	run02	0.36091	-8034502.734758	/cfs/klemming/home/t/tabeadi/tabea_work/08_population_analysis_final/skane_only/combined/results/structure/admixture/rep029/K5/run02/data.5.Q	/cfs/klemming/home/t/tabeadi/tabea_work/08_population_analysis_final/skane_only/combined/results/structure/admixture/rep029/K5/run02
rep029	5	run03	0.36094	-8034502.686243	/cfs/klemming/home/t/tabeadi/tabea_work/08_population_analysis_final/skane_only/combined/results/structure/admixture/rep029/K5/run03/data.5.Q	/cfs/klemming/home/t/tabeadi/tabea_work/08_population_analysis_final/skane_only/combined/results/structure/admixture/rep029/K5/run03
rep029	5	run04	0.361	-8034502.689901	/cfs/klemming/home/t/tabeadi/tabea_work/08_population_analysis_final/skane_only/combined/results/structure/admixture/rep029/K5/run04/data.5.Q	/cfs/klemming/home/t/tabeadi/tabea_work/08_population_analysis_final/skane_only/combined/results/structure/admixture/rep029/K5/run04
rep029	5	run05	0.36098	-8034502.690596	/cfs/klemming/home/t/tabeadi/tabea_work/08_population_analysis_final/skane_only/combined/results/structure/admixture/rep029/K5/run05/data.5.Q	/cfs/klemming/home/t/tabeadi/tabea_work/08_population_analysis_final/skane_only/combined/results/structure/admixture/rep029/K5/run05
rep029	5	run06	0.36097	-8034502.692307	/cfs/klemming/home/t/tabeadi/tabea_work/08_population_analysis_final/skane_only/combined/results/structure/admixture/rep029/K5/run06/data.5.Q	/cfs/klemming/home/t/tabeadi/tabea_work/08_population_analysis_final/skane_only/combined/results/structure/admixture/rep029/K5/run06
rep029	5	run07	0.36095	-8034502.683476	/cfs/klemming/home/t/tabeadi/tabea_work/08_population_analysis_final/skane_only/combined/results/structure/admixture/rep029/K5/run07/data.5.Q	/cfs/klemming/home/t/tabeadi/tabea_work/08_population_analysis_final/skane_only/combined/results/structure/admixture/rep029/K5/run07
rep029	5	run08	0.36095	-8034502.692876	/cfs/klemming/home/t/tabeadi/tabea_work/08_population_analysis_final/skane_only/combined/results/structure/admixture/rep029/K5/run08/data.5.Q	/cfs/klemming/home/t/tabeadi/tabea_work/08_population_analysis_final/skane_only/combined/results/structure/admixture/rep029/K5/run08
rep029	5	run09	0.36098	-8034502.705729	/cfs/klemming/home/t/tabeadi/tabea_work/08_population_analysis_final/skane_only/combined/results/structure/admixture/rep029/K5/run09/data.5.Q	/cfs/klemming/home/t/tabeadi/tabea_work/08_population_analysis_final/skane_only/combined/results/structure/admixture/rep029/K5/run09
rep029	5	run10	0.36107	-8034502.7226	/cfs/klemming/home/t/tabeadi/tabea_work/08_population_analysis_final/skane_only/combined/results/structure/admixture/rep029/K5/run10/data.5.Q	/cfs/klemming/home/t/tabeadi/tabea_work/08_population_analysis_final/skane_only/combined/results/structure/admixture/rep029/K5/run10
rep029	5	run11	0.36098	-8034502.689576	/cfs/klemming/home/t/tabeadi/tabea_work/08_population_analysis_final/skane_only/combined/results/structure/admixture/rep029/K5/run11/data.5.Q	/cfs/klemming/home/t/tabeadi/tabea_work/08_population_analysis_final/skane_only/combined/results/structure/admixture/rep029/K5/run11
rep029	5	run12	0.36099	-8034502.727696	/cfs/klemming/home/t/tabeadi/tabea_work/08_population_analysis_final/skane_only/combined/results/structure/admixture/rep029/K5/run12/data.5.Q	/cfs/klemming/home/t/tabeadi/tabea_work/08_population_analysis_final/skane_only/combined/results/structure/admixture/rep029/K5/run12
rep029	5	run13	0.36093	-8034502.680923	/cfs/klemming/home/t/tabeadi/tabea_work/08_population_analysis_final/skane_only/combined/results/structure/admixture/rep029/K5/run13/data.5.Q	/cfs/klemming/home/t/tabeadi/tabea_work/08_population_analysis_final/skane_only/combined/results/structure/admixture/rep029/K5/run13
rep029	5	run14	0.36098	-8034502.696307	/cfs/klemming/home/t/tabeadi/tabea_work/08_population_analysis_final/skane_only/combined/results/structure/admixture/rep029/K5/run14/data.5.Q	/cfs/klemming/home/t/tabeadi/tabea_work/08_population_analysis_final/skane_only/combined/results/structure/admixture/rep029/K5/run14
rep029	5	run15	0.361	-8034502.721816	/cfs/klemming/home/t/tabeadi/tabea_work/08_population_analysis_final/skane_only/combined/results/structure/admixture/rep029/K5/run15/data.5.Q	/cfs/klemming/home/t/tabeadi/tabea_work/08_population_analysis_final/skane_only/combined/results/structure/admixture/rep029/K5/run15
rep029	5	run16	0.36098	-8034502.700065	/cfs/klemming/home/t/tabeadi/tabea_work/08_population_analysis_final/skane_only/combined/results/structure/admixture/rep029/K5/run16/data.5.Q	/cfs/klemming/home/t/tabeadi/tabea_work/08_population_analysis_final/skane_only/combined/results/structure/admixture/rep029/K5/run16
rep029	5	run17	0.36094	-8034502.685564	/cfs/klemming/home/t/tabeadi/tabea_work/08_population_analysis_final/skane_only/combined/results/structure/admixture/rep029/K5/run17/data.5.Q	/cfs/klemming/home/t/tabeadi/tabea_work/08_population_analysis_final/skane_only/combined/results/structure/admixture/rep029/K5/run17
rep029	5	run18	0.36091	-8034502.69268	/cfs/klemming/home/t/tabeadi/tabea_work/08_population_analysis_final/skane_only/combined/results/structure/admixture/rep029/K5/run18/data.5.Q	/cfs/klemming/home/t/tabeadi/tabea_work/08_population_analysis_final/skane_only/combined/results/structure/admixture/rep029/K5/run18
rep029	5	run19	0.36094	-8034502.698031	/cfs/klemming/home/t/tabeadi/tabea_work/08_population_analysis_final/skane_only/combined/results/structure/admixture/rep029/K5/run19/data.5.Q	/cfs/klemming/home/t/tabeadi/tabea_work/08_population_analysis_final/skane_only/combined/results/structure/admixture/rep029/K5/run19
rep029	5	run20	0.36098	-8034502.693053	/cfs/klemming/home/t/tabeadi/tabea_work/08_population_analysis_final/skane_only/combined/results/structure/admixture/rep029/K5/run20/data.5.Q	/cfs/klemming/home/t/tabeadi/tabea_work/08_population_analysis_final/skane_only/combined/results/structure/admixture/rep029/K5/run20
rep029	6	run01	0.36041	-8017136.844757	/cfs/klemming/home/t/tabeadi/tabea_work/08_population_analysis_final/skane_only/combined/results/structure/admixture/rep029/K6/run01/data.6.Q	/cfs/klemming/home/t/tabeadi/tabea_work/08_population_analysis_final/skane_only/combined/results/structure/admixture/rep029/K6/run01
rep029	6	run02	0.36044	-8017136.860072	/cfs/klemming/home/t/tabeadi/tabea_work/08_population_analysis_final/skane_only/combined/results/structure/admixture/rep029/K6/run02/data.6.Q	/cfs/klemming/home/t/tabeadi/tabea_work/08_population_analysis_final/skane_only/combined/results/structure/admixture/rep029/K6/run02
rep029	6	run03	0.36041	-8017136.846807	/cfs/klemming/home/t/tabeadi/tabea_work/08_population_analysis_final/skane_only/combined/results/structure/admixture/rep029/K6/run03/data.6.Q	/cfs/klemming/home/t/tabeadi/tabea_work/08_population_analysis_final/skane_only/combined/results/structure/admixture/rep029/K6/run03
rep029	6	run04	0.36044	-8017136.854051	/cfs/klemming/home/t/tabeadi/tabea_work/08_population_analysis_final/skane_only/combined/results/structure/admixture/rep029/K6/run04/data.6.Q	/cfs/klemming/home/t/tabeadi/tabea_work/08_population_analysis_final/skane_only/combined/results/structure/admixture/rep029/K6/run04
rep029	6	run05	0.36041	-8017137.021364	/cfs/klemming/home/t/tabeadi/tabea_work/08_population_analysis_final/skane_only/combined/results/structure/admixture/rep029/K6/run05/data.6.Q	/cfs/klemming/home/t/tabeadi/tabea_work/08_population_analysis_final/skane_only/combined/results/structure/admixture/rep029/K6/run05
rep029	6	run06	0.36042	-8017136.903919	/cfs/klemming/home/t/tabeadi/tabea_work/08_population_analysis_final/skane_only/combined/results/structure/admixture/rep029/K6/run06/data.6.Q	/cfs/klemming/home/t/tabeadi/tabea_work/08_population_analysis_final/skane_only/combined/results/structure/admixture/rep029/K6/run06
rep029	6	run07	0.36038	-8017136.90069	/cfs/klemming/home/t/tabeadi/tabea_work/08_population_analysis_final/skane_only/combined/results/structure/admixture/rep029/K6/run07/data.6.Q	/cfs/klemming/home/t/tabeadi/tabea_work/08_population_analysis_final/skane_only/combined/results/structure/admixture/rep029/K6/run07
rep029	6	run08	0.36052	-8017136.843663	/cfs/klemming/home/t/tabeadi/tabea_work/08_population_analysis_final/skane_only/combined/results/structure/admixture/rep029/K6/run08/data.6.Q	/cfs/klemming/home/t/tabeadi/tabea_work/08_population_analysis_final/skane_only/combined/results/structure/admixture/rep029/K6/run08
rep029	6	run09	0.36041	-8017136.85801	/cfs/klemming/home/t/tabeadi/tabea_work/08_population_analysis_final/skane_only/combined/results/structure/admixture/rep029/K6/run09/data.6.Q	/cfs/klemming/home/t/tabeadi/tabea_work/08_population_analysis_final/skane_only/combined/results/structure/admixture/rep029/K6/run09
rep029	6	run10	0.36035	-8017136.862013	/cfs/klemming/home/t/tabeadi/tabea_work/08_population_analysis_final/skane_only/combined/results/structure/admixture/rep029/K6/run10/data.6.Q	/cfs/klemming/home/t/tabeadi/tabea_work/08_population_analysis_final/skane_only/combined/results/structure/admixture/rep029/K6/run10
rep029	6	run11	0.3604	-8017136.872046	/cfs/klemming/home/t/tabeadi/tabea_work/08_population_analysis_final/skane_only/combined/results/structure/admixture/rep029/K6/run11/data.6.Q	/cfs/klemming/home/t/tabeadi/tabea_work/08_population_analysis_final/skane_only/combined/results/structure/admixture/rep029/K6/run11
rep029	6	run12	0.36045	-8017136.86411	/cfs/klemming/home/t/tabeadi/tabea_work/08_population_analysis_final/skane_only/combined/results/structure/admixture/rep029/K6/run12/data.6.Q	/cfs/klemming/home/t/tabeadi/tabea_work/08_population_analysis_final/skane_only/combined/results/structure/admixture/rep029/K6/run12
rep029	6	run13	0.36042	-8017136.855038	/cfs/klemming/home/t/tabeadi/tabea_work/08_population_analysis_final/skane_only/combined/results/structure/admixture/rep029/K6/run13/data.6.Q	/cfs/klemming/home/t/tabeadi/tabea_work/08_population_analysis_final/skane_only/combined/results/structure/admixture/rep029/K6/run13
rep029	6	run14	0.3604	-8017136.874083	/cfs/klemming/home/t/tabeadi/tabea_work/08_population_analysis_final/skane_only/combined/results/structure/admixture/rep029/K6/run14/data.6.Q	/cfs/klemming/home/t/tabeadi/tabea_work/08_population_analysis_final/skane_only/combined/results/structure/admixture/rep029/K6/run14
rep029	6	run15	0.36044	-8017136.873125	/cfs/klemming/home/t/tabeadi/tabea_work/08_population_analysis_final/skane_only/combined/results/structure/admixture/rep029/K6/run15/data.6.Q	/cfs/klemming/home/t/tabeadi/tabea_work/08_population_analysis_final/skane_only/combined/results/structure/admixture/rep029/K6/run15
rep029	6	run16	0.36042	-8017136.853563	/cfs/klemming/home/t/tabeadi/tabea_work/08_population_analysis_final/skane_only/combined/results/structure/admixture/rep029/K6/run16/data.6.Q	/cfs/klemming/home/t/tabeadi/tabea_work/08_population_analysis_final/skane_only/combined/results/structure/admixture/rep029/K6/run16
rep029	6	run17	0.36043	-8017136.855403	/cfs/klemming/home/t/tabeadi/tabea_work/08_population_analysis_final/skane_only/combined/results/structure/admixture/rep029/K6/run17/data.6.Q	/cfs/klemming/home/t/tabeadi/tabea_work/08_population_analysis_final/skane_only/combined/results/structure/admixture/rep029/K6/run17
rep029	6	run18	0.36047	-8017136.944069	/cfs/klemming/home/t/tabeadi/tabea_work/08_population_analysis_final/skane_only/combined/results/structure/admixture/rep029/K6/run18/data.6.Q	/cfs/klemming/home/t/tabeadi/tabea_work/08_population_analysis_final/skane_only/combined/results/structure/admixture/rep029/K6/run18
rep029	6	run19	0.36039	-8017136.850228	/cfs/klemming/home/t/tabeadi/tabea_work/08_population_analysis_final/skane_only/combined/results/structure/admixture/rep029/K6/run19/data.6.Q	/cfs/klemming/home/t/tabeadi/tabea_work/08_population_analysis_final/skane_only/combined/results/structure/admixture/rep029/K6/run19
rep029	6	run20	0.36045	-8017136.858104	/cfs/klemming/home/t/tabeadi/tabea_work/08_population_analysis_final/skane_only/combined/results/structure/admixture/rep029/K6/run20/data.6.Q	/cfs/klemming/home/t/tabeadi/tabea_work/08_population_analysis_final/skane_only/combined/results/structure/admixture/rep029/K6/run20
rep029	7	run01	0.36015	-8002123.339167	/cfs/klemming/home/t/tabeadi/tabea_work/08_population_analysis_final/skane_only/combined/results/structure/admixture/rep029/K7/run01/data.7.Q	/cfs/klemming/home/t/tabeadi/tabea_work/08_population_analysis_final/skane_only/combined/results/structure/admixture/rep029/K7/run01
rep029	7	run02	0.36014	-8002123.284206	/cfs/klemming/home/t/tabeadi/tabea_work/08_population_analysis_final/skane_only/combined/results/structure/admixture/rep029/K7/run02/data.7.Q	/cfs/klemming/home/t/tabeadi/tabea_work/08_population_analysis_final/skane_only/combined/results/structure/admixture/rep029/K7/run02
rep029	7	run03	0.36016	-8002456.187952	/cfs/klemming/home/t/tabeadi/tabea_work/08_population_analysis_final/skane_only/combined/results/structure/admixture/rep029/K7/run03/data.7.Q	/cfs/klemming/home/t/tabeadi/tabea_work/08_population_analysis_final/skane_only/combined/results/structure/admixture/rep029/K7/run03
rep029	7	run04	0.36007	-8002123.203216	/cfs/klemming/home/t/tabeadi/tabea_work/08_population_analysis_final/skane_only/combined/results/structure/admixture/rep029/K7/run04/data.7.Q	/cfs/klemming/home/t/tabeadi/tabea_work/08_population_analysis_final/skane_only/combined/results/structure/admixture/rep029/K7/run04
rep029	7	run05	0.36004	-8002407.460692	/cfs/klemming/home/t/tabeadi/tabea_work/08_population_analysis_final/skane_only/combined/results/structure/admixture/rep029/K7/run05/data.7.Q	/cfs/klemming/home/t/tabeadi/tabea_work/08_population_analysis_final/skane_only/combined/results/structure/admixture/rep029/K7/run05
rep029	7	run06	0.36001	-8002123.206734	/cfs/klemming/home/t/tabeadi/tabea_work/08_population_analysis_final/skane_only/combined/results/structure/admixture/rep029/K7/run06/data.7.Q	/cfs/klemming/home/t/tabeadi/tabea_work/08_population_analysis_final/skane_only/combined/results/structure/admixture/rep029/K7/run06
rep029	7	run07	0.36011	-8002456.155934	/cfs/klemming/home/t/tabeadi/tabea_work/08_population_analysis_final/skane_only/combined/results/structure/admixture/rep029/K7/run07/data.7.Q	/cfs/klemming/home/t/tabeadi/tabea_work/08_population_analysis_final/skane_only/combined/results/structure/admixture/rep029/K7/run07
rep029	7	run08	0.36017	-8002456.262119	/cfs/klemming/home/t/tabeadi/tabea_work/08_population_analysis_final/skane_only/combined/results/structure/admixture/rep029/K7/run08/data.7.Q	/cfs/klemming/home/t/tabeadi/tabea_work/08_population_analysis_final/skane_only/combined/results/structure/admixture/rep029/K7/run08
rep029	7	run09	0.36015	-8002123.213909	/cfs/klemming/home/t/tabeadi/tabea_work/08_population_analysis_final/skane_only/combined/results/structure/admixture/rep029/K7/run09/data.7.Q	/cfs/klemming/home/t/tabeadi/tabea_work/08_population_analysis_final/skane_only/combined/results/structure/admixture/rep029/K7/run09
rep029	7	run10	0.3602	-8002848.760299	/cfs/klemming/home/t/tabeadi/tabea_work/08_population_analysis_final/skane_only/combined/results/structure/admixture/rep029/K7/run10/data.7.Q	/cfs/klemming/home/t/tabeadi/tabea_work/08_population_analysis_final/skane_only/combined/results/structure/admixture/rep029/K7/run10
rep029	7	run11	0.3601	-8002123.462304	/cfs/klemming/home/t/tabeadi/tabea_work/08_population_analysis_final/skane_only/combined/results/structure/admixture/rep029/K7/run11/data.7.Q	/cfs/klemming/home/t/tabeadi/tabea_work/08_population_analysis_final/skane_only/combined/results/structure/admixture/rep029/K7/run11
rep029	7	run12	0.36014	-8002350.004148	/cfs/klemming/home/t/tabeadi/tabea_work/08_population_analysis_final/skane_only/combined/results/structure/admixture/rep029/K7/run12/data.7.Q	/cfs/klemming/home/t/tabeadi/tabea_work/08_population_analysis_final/skane_only/combined/results/structure/admixture/rep029/K7/run12
rep029	7	run13	0.36016	-8002123.358721	/cfs/klemming/home/t/tabeadi/tabea_work/08_population_analysis_final/skane_only/combined/results/structure/admixture/rep029/K7/run13/data.7.Q	/cfs/klemming/home/t/tabeadi/tabea_work/08_population_analysis_final/skane_only/combined/results/structure/admixture/rep029/K7/run13
rep029	7	run14	0.36012	-8002123.411083	/cfs/klemming/home/t/tabeadi/tabea_work/08_population_analysis_final/skane_only/combined/results/structure/admixture/rep029/K7/run14/data.7.Q	/cfs/klemming/home/t/tabeadi/tabea_work/08_population_analysis_final/skane_only/combined/results/structure/admixture/rep029/K7/run14
rep029	7	run15	0.36008	-8002123.345577	/cfs/klemming/home/t/tabeadi/tabea_work/08_population_analysis_final/skane_only/combined/results/structure/admixture/rep029/K7/run15/data.7.Q	/cfs/klemming/home/t/tabeadi/tabea_work/08_population_analysis_final/skane_only/combined/results/structure/admixture/rep029/K7/run15
rep029	7	run16	0.36007	-8002512.278179	/cfs/klemming/home/t/tabeadi/tabea_work/08_population_analysis_final/skane_only/combined/results/structure/admixture/rep029/K7/run16/data.7.Q	/cfs/klemming/home/t/tabeadi/tabea_work/08_population_analysis_final/skane_only/combined/results/structure/admixture/rep029/K7/run16
rep029	7	run17	0.36018	-8002123.206792	/cfs/klemming/home/t/tabeadi/tabea_work/08_population_analysis_final/skane_only/combined/results/structure/admixture/rep029/K7/run17/data.7.Q	/cfs/klemming/home/t/tabeadi/tabea_work/08_population_analysis_final/skane_only/combined/results/structure/admixture/rep029/K7/run17
rep029	7	run18	0.36014	-8002428.826832	/cfs/klemming/home/t/tabeadi/tabea_work/08_population_analysis_final/skane_only/combined/results/structure/admixture/rep029/K7/run18/data.7.Q	/cfs/klemming/home/t/tabeadi/tabea_work/08_population_analysis_final/skane_only/combined/results/structure/admixture/rep029/K7/run18
rep029	7	run19	0.36012	-8002349.831842	/cfs/klemming/home/t/tabeadi/tabea_work/08_population_analysis_final/skane_only/combined/results/structure/admixture/rep029/K7/run19/data.7.Q	/cfs/klemming/home/t/tabeadi/tabea_work/08_population_analysis_final/skane_only/combined/results/structure/admixture/rep029/K7/run19
rep029	7	run20	0.35998	-8002350.005661	/cfs/klemming/home/t/tabeadi/tabea_work/08_population_analysis_final/skane_only/combined/results/structure/admixture/rep029/K7/run20/data.7.Q	/cfs/klemming/home/t/tabeadi/tabea_work/08_population_analysis_final/skane_only/combined/results/structure/admixture/rep029/K7/run20
rep029	8	run01	0.35986	-7987767.621235	/cfs/klemming/home/t/tabeadi/tabea_work/08_population_analysis_final/skane_only/combined/results/structure/admixture/rep029/K8/run01/data.8.Q	/cfs/klemming/home/t/tabeadi/tabea_work/08_population_analysis_final/skane_only/combined/results/structure/admixture/rep029/K8/run01
rep029	8	run02	0.35995	-7988223.424473	/cfs/klemming/home/t/tabeadi/tabea_work/08_population_analysis_final/skane_only/combined/results/structure/admixture/rep029/K8/run02/data.8.Q	/cfs/klemming/home/t/tabeadi/tabea_work/08_population_analysis_final/skane_only/combined/results/structure/admixture/rep029/K8/run02
rep029	8	run03	0.35984	-7988345.303601	/cfs/klemming/home/t/tabeadi/tabea_work/08_population_analysis_final/skane_only/combined/results/structure/admixture/rep029/K8/run03/data.8.Q	/cfs/klemming/home/t/tabeadi/tabea_work/08_population_analysis_final/skane_only/combined/results/structure/admixture/rep029/K8/run03
rep029	8	run04	0.35982	-7988040.761091	/cfs/klemming/home/t/tabeadi/tabea_work/08_population_analysis_final/skane_only/combined/results/structure/admixture/rep029/K8/run04/data.8.Q	/cfs/klemming/home/t/tabeadi/tabea_work/08_population_analysis_final/skane_only/combined/results/structure/admixture/rep029/K8/run04
rep029	8	run05	0.35982	-7988040.828975	/cfs/klemming/home/t/tabeadi/tabea_work/08_population_analysis_final/skane_only/combined/results/structure/admixture/rep029/K8/run05/data.8.Q	/cfs/klemming/home/t/tabeadi/tabea_work/08_population_analysis_final/skane_only/combined/results/structure/admixture/rep029/K8/run05
rep029	8	run06	0.35985	-7988027.385867	/cfs/klemming/home/t/tabeadi/tabea_work/08_population_analysis_final/skane_only/combined/results/structure/admixture/rep029/K8/run06/data.8.Q	/cfs/klemming/home/t/tabeadi/tabea_work/08_population_analysis_final/skane_only/combined/results/structure/admixture/rep029/K8/run06
rep029	8	run07	0.35985	-7987767.604738	/cfs/klemming/home/t/tabeadi/tabea_work/08_population_analysis_final/skane_only/combined/results/structure/admixture/rep029/K8/run07/data.8.Q	/cfs/klemming/home/t/tabeadi/tabea_work/08_population_analysis_final/skane_only/combined/results/structure/admixture/rep029/K8/run07
rep029	8	run08	0.3599	-7988498.870933	/cfs/klemming/home/t/tabeadi/tabea_work/08_population_analysis_final/skane_only/combined/results/structure/admixture/rep029/K8/run08/data.8.Q	/cfs/klemming/home/t/tabeadi/tabea_work/08_population_analysis_final/skane_only/combined/results/structure/admixture/rep029/K8/run08
rep029	8	run09	0.35984	-7988417.120933	/cfs/klemming/home/t/tabeadi/tabea_work/08_population_analysis_final/skane_only/combined/results/structure/admixture/rep029/K8/run09/data.8.Q	/cfs/klemming/home/t/tabeadi/tabea_work/08_population_analysis_final/skane_only/combined/results/structure/admixture/rep029/K8/run09
rep029	8	run10	0.3598	-7988040.908068	/cfs/klemming/home/t/tabeadi/tabea_work/08_population_analysis_final/skane_only/combined/results/structure/admixture/rep029/K8/run10/data.8.Q	/cfs/klemming/home/t/tabeadi/tabea_work/08_population_analysis_final/skane_only/combined/results/structure/admixture/rep029/K8/run10
rep029	8	run11	0.35972	-7987774.676023	/cfs/klemming/home/t/tabeadi/tabea_work/08_population_analysis_final/skane_only/combined/results/structure/admixture/rep029/K8/run11/data.8.Q	/cfs/klemming/home/t/tabeadi/tabea_work/08_population_analysis_final/skane_only/combined/results/structure/admixture/rep029/K8/run11
rep029	8	run12	0.35979	-7987767.625826	/cfs/klemming/home/t/tabeadi/tabea_work/08_population_analysis_final/skane_only/combined/results/structure/admixture/rep029/K8/run12/data.8.Q	/cfs/klemming/home/t/tabeadi/tabea_work/08_population_analysis_final/skane_only/combined/results/structure/admixture/rep029/K8/run12
rep029	8	run13	0.35981	-7987774.724608	/cfs/klemming/home/t/tabeadi/tabea_work/08_population_analysis_final/skane_only/combined/results/structure/admixture/rep029/K8/run13/data.8.Q	/cfs/klemming/home/t/tabeadi/tabea_work/08_population_analysis_final/skane_only/combined/results/structure/admixture/rep029/K8/run13
rep029	8	run14	0.35984	-7987767.501603	/cfs/klemming/home/t/tabeadi/tabea_work/08_population_analysis_final/skane_only/combined/results/structure/admixture/rep029/K8/run14/data.8.Q	/cfs/klemming/home/t/tabeadi/tabea_work/08_population_analysis_final/skane_only/combined/results/structure/admixture/rep029/K8/run14
rep029	8	run15	0.3599	-7987767.506143	/cfs/klemming/home/t/tabeadi/tabea_work/08_population_analysis_final/skane_only/combined/results/structure/admixture/rep029/K8/run15/data.8.Q	/cfs/klemming/home/t/tabeadi/tabea_work/08_population_analysis_final/skane_only/combined/results/structure/admixture/rep029/K8/run15
rep029	8	run16	0.35983	-7988345.340078	/cfs/klemming/home/t/tabeadi/tabea_work/08_population_analysis_final/skane_only/combined/results/structure/admixture/rep029/K8/run16/data.8.Q	/cfs/klemming/home/t/tabeadi/tabea_work/08_population_analysis_final/skane_only/combined/results/structure/admixture/rep029/K8/run16
rep029	8	run17	0.35987	-7988040.585883	/cfs/klemming/home/t/tabeadi/tabea_work/08_population_analysis_final/skane_only/combined/results/structure/admixture/rep029/K8/run17/data.8.Q	/cfs/klemming/home/t/tabeadi/tabea_work/08_population_analysis_final/skane_only/combined/results/structure/admixture/rep029/K8/run17
rep029	8	run18	0.35982	-7988223.613513	/cfs/klemming/home/t/tabeadi/tabea_work/08_population_analysis_final/skane_only/combined/results/structure/admixture/rep029/K8/run18/data.8.Q	/cfs/klemming/home/t/tabeadi/tabea_work/08_population_analysis_final/skane_only/combined/results/structure/admixture/rep029/K8/run18
rep029	8	run19	0.35989	-7987873.903093	/cfs/klemming/home/t/tabeadi/tabea_work/08_population_analysis_final/skane_only/combined/results/structure/admixture/rep029/K8/run19/data.8.Q	/cfs/klemming/home/t/tabeadi/tabea_work/08_population_analysis_final/skane_only/combined/results/structure/admixture/rep029/K8/run19
rep029	8	run20	0.35976	-7988027.382869	/cfs/klemming/home/t/tabeadi/tabea_work/08_population_analysis_final/skane_only/combined/results/structure/admixture/rep029/K8/run20/data.8.Q	/cfs/klemming/home/t/tabeadi/tabea_work/08_population_analysis_final/skane_only/combined/results/structure/admixture/rep029/K8/run20
rep030	1	run01	0.36016	-8192635.430817	/cfs/klemming/home/t/tabeadi/tabea_work/08_population_analysis_final/skane_only/combined/results/structure/admixture/rep030/K1/run01/data.1.Q	/cfs/klemming/home/t/tabeadi/tabea_work/08_population_analysis_final/skane_only/combined/results/structure/admixture/rep030/K1/run01
rep030	1	run02	0.36014	-8192635.430817	/cfs/klemming/home/t/tabeadi/tabea_work/08_population_analysis_final/skane_only/combined/results/structure/admixture/rep030/K1/run02/data.1.Q	/cfs/klemming/home/t/tabeadi/tabea_work/08_population_analysis_final/skane_only/combined/results/structure/admixture/rep030/K1/run02
rep030	1	run03	0.36014	-8192635.430817	/cfs/klemming/home/t/tabeadi/tabea_work/08_population_analysis_final/skane_only/combined/results/structure/admixture/rep030/K1/run03/data.1.Q	/cfs/klemming/home/t/tabeadi/tabea_work/08_population_analysis_final/skane_only/combined/results/structure/admixture/rep030/K1/run03
rep030	1	run04	0.36016	-8192635.430817	/cfs/klemming/home/t/tabeadi/tabea_work/08_population_analysis_final/skane_only/combined/results/structure/admixture/rep030/K1/run04/data.1.Q	/cfs/klemming/home/t/tabeadi/tabea_work/08_population_analysis_final/skane_only/combined/results/structure/admixture/rep030/K1/run04
rep030	1	run05	0.36014	-8192635.430817	/cfs/klemming/home/t/tabeadi/tabea_work/08_population_analysis_final/skane_only/combined/results/structure/admixture/rep030/K1/run05/data.1.Q	/cfs/klemming/home/t/tabeadi/tabea_work/08_population_analysis_final/skane_only/combined/results/structure/admixture/rep030/K1/run05
rep030	1	run06	0.36016	-8192635.430817	/cfs/klemming/home/t/tabeadi/tabea_work/08_population_analysis_final/skane_only/combined/results/structure/admixture/rep030/K1/run06/data.1.Q	/cfs/klemming/home/t/tabeadi/tabea_work/08_population_analysis_final/skane_only/combined/results/structure/admixture/rep030/K1/run06
rep030	1	run07	0.36015	-8192635.430817	/cfs/klemming/home/t/tabeadi/tabea_work/08_population_analysis_final/skane_only/combined/results/structure/admixture/rep030/K1/run07/data.1.Q	/cfs/klemming/home/t/tabeadi/tabea_work/08_population_analysis_final/skane_only/combined/results/structure/admixture/rep030/K1/run07
rep030	1	run08	0.36015	-8192635.430817	/cfs/klemming/home/t/tabeadi/tabea_work/08_population_analysis_final/skane_only/combined/results/structure/admixture/rep030/K1/run08/data.1.Q	/cfs/klemming/home/t/tabeadi/tabea_work/08_population_analysis_final/skane_only/combined/results/structure/admixture/rep030/K1/run08
rep030	1	run09	0.36016	-8192635.430817	/cfs/klemming/home/t/tabeadi/tabea_work/08_population_analysis_final/skane_only/combined/results/structure/admixture/rep030/K1/run09/data.1.Q	/cfs/klemming/home/t/tabeadi/tabea_work/08_population_analysis_final/skane_only/combined/results/structure/admixture/rep030/K1/run09
rep030	1	run10	0.36017	-8192635.430817	/cfs/klemming/home/t/tabeadi/tabea_work/08_population_analysis_final/skane_only/combined/results/structure/admixture/rep030/K1/run10/data.1.Q	/cfs/klemming/home/t/tabeadi/tabea_work/08_population_analysis_final/skane_only/combined/results/structure/admixture/rep030/K1/run10
rep030	1	run11	0.36014	-8192635.430817	/cfs/klemming/home/t/tabeadi/tabea_work/08_population_analysis_final/skane_only/combined/results/structure/admixture/rep030/K1/run11/data.1.Q	/cfs/klemming/home/t/tabeadi/tabea_work/08_population_analysis_final/skane_only/combined/results/structure/admixture/rep030/K1/run11
rep030	1	run12	0.36016	-8192635.430817	/cfs/klemming/home/t/tabeadi/tabea_work/08_population_analysis_final/skane_only/combined/results/structure/admixture/rep030/K1/run12/data.1.Q	/cfs/klemming/home/t/tabeadi/tabea_work/08_population_analysis_final/skane_only/combined/results/structure/admixture/rep030/K1/run12
rep030	1	run13	0.36015	-8192635.430817	/cfs/klemming/home/t/tabeadi/tabea_work/08_population_analysis_final/skane_only/combined/results/structure/admixture/rep030/K1/run13/data.1.Q	/cfs/klemming/home/t/tabeadi/tabea_work/08_population_analysis_final/skane_only/combined/results/structure/admixture/rep030/K1/run13
rep030	1	run14	0.36014	-8192635.430817	/cfs/klemming/home/t/tabeadi/tabea_work/08_population_analysis_final/skane_only/combined/results/structure/admixture/rep030/K1/run14/data.1.Q	/cfs/klemming/home/t/tabeadi/tabea_work/08_population_analysis_final/skane_only/combined/results/structure/admixture/rep030/K1/run14
rep030	1	run15	0.36015	-8192635.430817	/cfs/klemming/home/t/tabeadi/tabea_work/08_population_analysis_final/skane_only/combined/results/structure/admixture/rep030/K1/run15/data.1.Q	/cfs/klemming/home/t/tabeadi/tabea_work/08_population_analysis_final/skane_only/combined/results/structure/admixture/rep030/K1/run15
rep030	1	run16	0.36015	-8192635.430817	/cfs/klemming/home/t/tabeadi/tabea_work/08_population_analysis_final/skane_only/combined/results/structure/admixture/rep030/K1/run16/data.1.Q	/cfs/klemming/home/t/tabeadi/tabea_work/08_population_analysis_final/skane_only/combined/results/structure/admixture/rep030/K1/run16
rep030	1	run17	0.36015	-8192635.430817	/cfs/klemming/home/t/tabeadi/tabea_work/08_population_analysis_final/skane_only/combined/results/structure/admixture/rep030/K1/run17/data.1.Q	/cfs/klemming/home/t/tabeadi/tabea_work/08_population_analysis_final/skane_only/combined/results/structure/admixture/rep030/K1/run17
rep030	1	run18	0.36015	-8192635.430817	/cfs/klemming/home/t/tabeadi/tabea_work/08_population_analysis_final/skane_only/combined/results/structure/admixture/rep030/K1/run18/data.1.Q	/cfs/klemming/home/t/tabeadi/tabea_work/08_population_analysis_final/skane_only/combined/results/structure/admixture/rep030/K1/run18
rep030	1	run19	0.36015	-8192635.430817	/cfs/klemming/home/t/tabeadi/tabea_work/08_population_analysis_final/skane_only/combined/results/structure/admixture/rep030/K1/run19/data.1.Q	/cfs/klemming/home/t/tabeadi/tabea_work/08_population_analysis_final/skane_only/combined/results/structure/admixture/rep030/K1/run19
rep030	1	run20	0.36015	-8192635.430817	/cfs/klemming/home/t/tabeadi/tabea_work/08_population_analysis_final/skane_only/combined/results/structure/admixture/rep030/K1/run20/data.1.Q	/cfs/klemming/home/t/tabeadi/tabea_work/08_population_analysis_final/skane_only/combined/results/structure/admixture/rep030/K1/run20
rep030	2	run01	0.35902	-8164306.188	/cfs/klemming/home/t/tabeadi/tabea_work/08_population_analysis_final/skane_only/combined/results/structure/admixture/rep030/K2/run01/data.2.Q	/cfs/klemming/home/t/tabeadi/tabea_work/08_population_analysis_final/skane_only/combined/results/structure/admixture/rep030/K2/run01
rep030	2	run02	0.35904	-8164306.188	/cfs/klemming/home/t/tabeadi/tabea_work/08_population_analysis_final/skane_only/combined/results/structure/admixture/rep030/K2/run02/data.2.Q	/cfs/klemming/home/t/tabeadi/tabea_work/08_population_analysis_final/skane_only/combined/results/structure/admixture/rep030/K2/run02
rep030	2	run03	0.35903	-8164306.188036	/cfs/klemming/home/t/tabeadi/tabea_work/08_population_analysis_final/skane_only/combined/results/structure/admixture/rep030/K2/run03/data.2.Q	/cfs/klemming/home/t/tabeadi/tabea_work/08_population_analysis_final/skane_only/combined/results/structure/admixture/rep030/K2/run03
rep030	2	run04	0.359	-8164306.188016	/cfs/klemming/home/t/tabeadi/tabea_work/08_population_analysis_final/skane_only/combined/results/structure/admixture/rep030/K2/run04/data.2.Q	/cfs/klemming/home/t/tabeadi/tabea_work/08_population_analysis_final/skane_only/combined/results/structure/admixture/rep030/K2/run04
rep030	2	run05	0.35902	-8164306.188001	/cfs/klemming/home/t/tabeadi/tabea_work/08_population_analysis_final/skane_only/combined/results/structure/admixture/rep030/K2/run05/data.2.Q	/cfs/klemming/home/t/tabeadi/tabea_work/08_population_analysis_final/skane_only/combined/results/structure/admixture/rep030/K2/run05
rep030	2	run06	0.35904	-8164306.188	/cfs/klemming/home/t/tabeadi/tabea_work/08_population_analysis_final/skane_only/combined/results/structure/admixture/rep030/K2/run06/data.2.Q	/cfs/klemming/home/t/tabeadi/tabea_work/08_population_analysis_final/skane_only/combined/results/structure/admixture/rep030/K2/run06
rep030	2	run07	0.359	-8164306.188006	/cfs/klemming/home/t/tabeadi/tabea_work/08_population_analysis_final/skane_only/combined/results/structure/admixture/rep030/K2/run07/data.2.Q	/cfs/klemming/home/t/tabeadi/tabea_work/08_population_analysis_final/skane_only/combined/results/structure/admixture/rep030/K2/run07
rep030	2	run08	0.35903	-8164306.188007	/cfs/klemming/home/t/tabeadi/tabea_work/08_population_analysis_final/skane_only/combined/results/structure/admixture/rep030/K2/run08/data.2.Q	/cfs/klemming/home/t/tabeadi/tabea_work/08_population_analysis_final/skane_only/combined/results/structure/admixture/rep030/K2/run08
rep030	2	run09	0.35902	-8164306.188008	/cfs/klemming/home/t/tabeadi/tabea_work/08_population_analysis_final/skane_only/combined/results/structure/admixture/rep030/K2/run09/data.2.Q	/cfs/klemming/home/t/tabeadi/tabea_work/08_population_analysis_final/skane_only/combined/results/structure/admixture/rep030/K2/run09
rep030	2	run10	0.359	-8164306.188003	/cfs/klemming/home/t/tabeadi/tabea_work/08_population_analysis_final/skane_only/combined/results/structure/admixture/rep030/K2/run10/data.2.Q	/cfs/klemming/home/t/tabeadi/tabea_work/08_population_analysis_final/skane_only/combined/results/structure/admixture/rep030/K2/run10
rep030	2	run11	0.35903	-8164306.188014	/cfs/klemming/home/t/tabeadi/tabea_work/08_population_analysis_final/skane_only/combined/results/structure/admixture/rep030/K2/run11/data.2.Q	/cfs/klemming/home/t/tabeadi/tabea_work/08_population_analysis_final/skane_only/combined/results/structure/admixture/rep030/K2/run11
rep030	2	run12	0.35902	-8164306.188008	/cfs/klemming/home/t/tabeadi/tabea_work/08_population_analysis_final/skane_only/combined/results/structure/admixture/rep030/K2/run12/data.2.Q	/cfs/klemming/home/t/tabeadi/tabea_work/08_population_analysis_final/skane_only/combined/results/structure/admixture/rep030/K2/run12
rep030	2	run13	0.35902	-8164306.18802	/cfs/klemming/home/t/tabeadi/tabea_work/08_population_analysis_final/skane_only/combined/results/structure/admixture/rep030/K2/run13/data.2.Q	/cfs/klemming/home/t/tabeadi/tabea_work/08_population_analysis_final/skane_only/combined/results/structure/admixture/rep030/K2/run13
rep030	2	run14	0.35901	-8164306.188006	/cfs/klemming/home/t/tabeadi/tabea_work/08_population_analysis_final/skane_only/combined/results/structure/admixture/rep030/K2/run14/data.2.Q	/cfs/klemming/home/t/tabeadi/tabea_work/08_population_analysis_final/skane_only/combined/results/structure/admixture/rep030/K2/run14
rep030	2	run15	0.35903	-8164306.188012	/cfs/klemming/home/t/tabeadi/tabea_work/08_population_analysis_final/skane_only/combined/results/structure/admixture/rep030/K2/run15/data.2.Q	/cfs/klemming/home/t/tabeadi/tabea_work/08_population_analysis_final/skane_only/combined/results/structure/admixture/rep030/K2/run15
rep030	2	run16	0.35904	-8164306.188002	/cfs/klemming/home/t/tabeadi/tabea_work/08_population_analysis_final/skane_only/combined/results/structure/admixture/rep030/K2/run16/data.2.Q	/cfs/klemming/home/t/tabeadi/tabea_work/08_population_analysis_final/skane_only/combined/results/structure/admixture/rep030/K2/run16
rep030	2	run17	0.35903	-8164306.188001	/cfs/klemming/home/t/tabeadi/tabea_work/08_population_analysis_final/skane_only/combined/results/structure/admixture/rep030/K2/run17/data.2.Q	/cfs/klemming/home/t/tabeadi/tabea_work/08_population_analysis_final/skane_only/combined/results/structure/admixture/rep030/K2/run17
rep030	2	run18	0.35902	-8164306.188025	/cfs/klemming/home/t/tabeadi/tabea_work/08_population_analysis_final/skane_only/combined/results/structure/admixture/rep030/K2/run18/data.2.Q	/cfs/klemming/home/t/tabeadi/tabea_work/08_population_analysis_final/skane_only/combined/results/structure/admixture/rep030/K2/run18
rep030	2	run19	0.35904	-8164306.188036	/cfs/klemming/home/t/tabeadi/tabea_work/08_population_analysis_final/skane_only/combined/results/structure/admixture/rep030/K2/run19/data.2.Q	/cfs/klemming/home/t/tabeadi/tabea_work/08_population_analysis_final/skane_only/combined/results/structure/admixture/rep030/K2/run19
rep030	2	run20	0.35901	-8164306.188005	/cfs/klemming/home/t/tabeadi/tabea_work/08_population_analysis_final/skane_only/combined/results/structure/admixture/rep030/K2/run20/data.2.Q	/cfs/klemming/home/t/tabeadi/tabea_work/08_population_analysis_final/skane_only/combined/results/structure/admixture/rep030/K2/run20
rep030	3	run01	0.35844	-8143489.126897	/cfs/klemming/home/t/tabeadi/tabea_work/08_population_analysis_final/skane_only/combined/results/structure/admixture/rep030/K3/run01/data.3.Q	/cfs/klemming/home/t/tabeadi/tabea_work/08_population_analysis_final/skane_only/combined/results/structure/admixture/rep030/K3/run01
rep030	3	run02	0.35849	-8143607.929619	/cfs/klemming/home/t/tabeadi/tabea_work/08_population_analysis_final/skane_only/combined/results/structure/admixture/rep030/K3/run02/data.3.Q	/cfs/klemming/home/t/tabeadi/tabea_work/08_population_analysis_final/skane_only/combined/results/structure/admixture/rep030/K3/run02
rep030	3	run03	0.35843	-8143376.007772	/cfs/klemming/home/t/tabeadi/tabea_work/08_population_analysis_final/skane_only/combined/results/structure/admixture/rep030/K3/run03/data.3.Q	/cfs/klemming/home/t/tabeadi/tabea_work/08_population_analysis_final/skane_only/combined/results/structure/admixture/rep030/K3/run03
rep030	3	run04	0.35844	-8143489.121072	/cfs/klemming/home/t/tabeadi/tabea_work/08_population_analysis_final/skane_only/combined/results/structure/admixture/rep030/K3/run04/data.3.Q	/cfs/klemming/home/t/tabeadi/tabea_work/08_population_analysis_final/skane_only/combined/results/structure/admixture/rep030/K3/run04
rep030	3	run05	0.35844	-8143376.014056	/cfs/klemming/home/t/tabeadi/tabea_work/08_population_analysis_final/skane_only/combined/results/structure/admixture/rep030/K3/run05/data.3.Q	/cfs/klemming/home/t/tabeadi/tabea_work/08_population_analysis_final/skane_only/combined/results/structure/admixture/rep030/K3/run05
rep030	3	run06	0.35844	-8143604.284329	/cfs/klemming/home/t/tabeadi/tabea_work/08_population_analysis_final/skane_only/combined/results/structure/admixture/rep030/K3/run06/data.3.Q	/cfs/klemming/home/t/tabeadi/tabea_work/08_population_analysis_final/skane_only/combined/results/structure/admixture/rep030/K3/run06
rep030	3	run07	0.35844	-8143489.119929	/cfs/klemming/home/t/tabeadi/tabea_work/08_population_analysis_final/skane_only/combined/results/structure/admixture/rep030/K3/run07/data.3.Q	/cfs/klemming/home/t/tabeadi/tabea_work/08_population_analysis_final/skane_only/combined/results/structure/admixture/rep030/K3/run07
rep030	3	run08	0.35848	-8143605.881881	/cfs/klemming/home/t/tabeadi/tabea_work/08_population_analysis_final/skane_only/combined/results/structure/admixture/rep030/K3/run08/data.3.Q	/cfs/klemming/home/t/tabeadi/tabea_work/08_population_analysis_final/skane_only/combined/results/structure/admixture/rep030/K3/run08
rep030	3	run09	0.3584	-8143584.63801	/cfs/klemming/home/t/tabeadi/tabea_work/08_population_analysis_final/skane_only/combined/results/structure/admixture/rep030/K3/run09/data.3.Q	/cfs/klemming/home/t/tabeadi/tabea_work/08_population_analysis_final/skane_only/combined/results/structure/admixture/rep030/K3/run09
rep030	3	run10	0.35845	-8143489.130691	/cfs/klemming/home/t/tabeadi/tabea_work/08_population_analysis_final/skane_only/combined/results/structure/admixture/rep030/K3/run10/data.3.Q	/cfs/klemming/home/t/tabeadi/tabea_work/08_population_analysis_final/skane_only/combined/results/structure/admixture/rep030/K3/run10
rep030	3	run11	0.35841	-8143376.008455	/cfs/klemming/home/t/tabeadi/tabea_work/08_population_analysis_final/skane_only/combined/results/structure/admixture/rep030/K3/run11/data.3.Q	/cfs/klemming/home/t/tabeadi/tabea_work/08_population_analysis_final/skane_only/combined/results/structure/admixture/rep030/K3/run11
rep030	3	run12	0.35843	-8143376.009583	/cfs/klemming/home/t/tabeadi/tabea_work/08_population_analysis_final/skane_only/combined/results/structure/admixture/rep030/K3/run12/data.3.Q	/cfs/klemming/home/t/tabeadi/tabea_work/08_population_analysis_final/skane_only/combined/results/structure/admixture/rep030/K3/run12
rep030	3	run13	0.35844	-8143489.123168	/cfs/klemming/home/t/tabeadi/tabea_work/08_population_analysis_final/skane_only/combined/results/structure/admixture/rep030/K3/run13/data.3.Q	/cfs/klemming/home/t/tabeadi/tabea_work/08_population_analysis_final/skane_only/combined/results/structure/admixture/rep030/K3/run13
rep030	3	run14	0.35843	-8143376.014447	/cfs/klemming/home/t/tabeadi/tabea_work/08_population_analysis_final/skane_only/combined/results/structure/admixture/rep030/K3/run14/data.3.Q	/cfs/klemming/home/t/tabeadi/tabea_work/08_population_analysis_final/skane_only/combined/results/structure/admixture/rep030/K3/run14
rep030	3	run15	0.35845	-8143604.970417	/cfs/klemming/home/t/tabeadi/tabea_work/08_population_analysis_final/skane_only/combined/results/structure/admixture/rep030/K3/run15/data.3.Q	/cfs/klemming/home/t/tabeadi/tabea_work/08_population_analysis_final/skane_only/combined/results/structure/admixture/rep030/K3/run15
rep030	3	run16	0.35839	-8143376.009131	/cfs/klemming/home/t/tabeadi/tabea_work/08_population_analysis_final/skane_only/combined/results/structure/admixture/rep030/K3/run16/data.3.Q	/cfs/klemming/home/t/tabeadi/tabea_work/08_population_analysis_final/skane_only/combined/results/structure/admixture/rep030/K3/run16
rep030	3	run17	0.35841	-8143376.009724	/cfs/klemming/home/t/tabeadi/tabea_work/08_population_analysis_final/skane_only/combined/results/structure/admixture/rep030/K3/run17/data.3.Q	/cfs/klemming/home/t/tabeadi/tabea_work/08_population_analysis_final/skane_only/combined/results/structure/admixture/rep030/K3/run17
rep030	3	run18	0.35848	-8143607.932751	/cfs/klemming/home/t/tabeadi/tabea_work/08_population_analysis_final/skane_only/combined/results/structure/admixture/rep030/K3/run18/data.3.Q	/cfs/klemming/home/t/tabeadi/tabea_work/08_population_analysis_final/skane_only/combined/results/structure/admixture/rep030/K3/run18
rep030	3	run19	0.35838	-8143376.019131	/cfs/klemming/home/t/tabeadi/tabea_work/08_population_analysis_final/skane_only/combined/results/structure/admixture/rep030/K3/run19/data.3.Q	/cfs/klemming/home/t/tabeadi/tabea_work/08_population_analysis_final/skane_only/combined/results/structure/admixture/rep030/K3/run19
rep030	3	run20	0.35846	-8143605.8723	/cfs/klemming/home/t/tabeadi/tabea_work/08_population_analysis_final/skane_only/combined/results/structure/admixture/rep030/K3/run20/data.3.Q	/cfs/klemming/home/t/tabeadi/tabea_work/08_population_analysis_final/skane_only/combined/results/structure/admixture/rep030/K3/run20
rep030	4	run01	0.35785	-8123724.051337	/cfs/klemming/home/t/tabeadi/tabea_work/08_population_analysis_final/skane_only/combined/results/structure/admixture/rep030/K4/run01/data.4.Q	/cfs/klemming/home/t/tabeadi/tabea_work/08_population_analysis_final/skane_only/combined/results/structure/admixture/rep030/K4/run01
rep030	4	run02	0.35783	-8123525.747519	/cfs/klemming/home/t/tabeadi/tabea_work/08_population_analysis_final/skane_only/combined/results/structure/admixture/rep030/K4/run02/data.4.Q	/cfs/klemming/home/t/tabeadi/tabea_work/08_population_analysis_final/skane_only/combined/results/structure/admixture/rep030/K4/run02
rep030	4	run03	0.35785	-8123724.050193	/cfs/klemming/home/t/tabeadi/tabea_work/08_population_analysis_final/skane_only/combined/results/structure/admixture/rep030/K4/run03/data.4.Q	/cfs/klemming/home/t/tabeadi/tabea_work/08_population_analysis_final/skane_only/combined/results/structure/admixture/rep030/K4/run03
rep030	4	run04	0.35782	-8123525.74251	/cfs/klemming/home/t/tabeadi/tabea_work/08_population_analysis_final/skane_only/combined/results/structure/admixture/rep030/K4/run04/data.4.Q	/cfs/klemming/home/t/tabeadi/tabea_work/08_population_analysis_final/skane_only/combined/results/structure/admixture/rep030/K4/run04
rep030	4	run05	0.35781	-8123525.744178	/cfs/klemming/home/t/tabeadi/tabea_work/08_population_analysis_final/skane_only/combined/results/structure/admixture/rep030/K4/run05/data.4.Q	/cfs/klemming/home/t/tabeadi/tabea_work/08_population_analysis_final/skane_only/combined/results/structure/admixture/rep030/K4/run05
rep030	4	run06	0.35786	-8123724.052789	/cfs/klemming/home/t/tabeadi/tabea_work/08_population_analysis_final/skane_only/combined/results/structure/admixture/rep030/K4/run06/data.4.Q	/cfs/klemming/home/t/tabeadi/tabea_work/08_population_analysis_final/skane_only/combined/results/structure/admixture/rep030/K4/run06
rep030	4	run07	0.35779	-8123724.047376	/cfs/klemming/home/t/tabeadi/tabea_work/08_population_analysis_final/skane_only/combined/results/structure/admixture/rep030/K4/run07/data.4.Q	/cfs/klemming/home/t/tabeadi/tabea_work/08_population_analysis_final/skane_only/combined/results/structure/admixture/rep030/K4/run07
rep030	4	run08	0.35779	-8123724.073568	/cfs/klemming/home/t/tabeadi/tabea_work/08_population_analysis_final/skane_only/combined/results/structure/admixture/rep030/K4/run08/data.4.Q	/cfs/klemming/home/t/tabeadi/tabea_work/08_population_analysis_final/skane_only/combined/results/structure/admixture/rep030/K4/run08
rep030	4	run09	0.35784	-8123724.054046	/cfs/klemming/home/t/tabeadi/tabea_work/08_population_analysis_final/skane_only/combined/results/structure/admixture/rep030/K4/run09/data.4.Q	/cfs/klemming/home/t/tabeadi/tabea_work/08_population_analysis_final/skane_only/combined/results/structure/admixture/rep030/K4/run09
rep030	4	run10	0.35779	-8123525.795781	/cfs/klemming/home/t/tabeadi/tabea_work/08_population_analysis_final/skane_only/combined/results/structure/admixture/rep030/K4/run10/data.4.Q	/cfs/klemming/home/t/tabeadi/tabea_work/08_population_analysis_final/skane_only/combined/results/structure/admixture/rep030/K4/run10
rep030	4	run11	0.35785	-8123525.737303	/cfs/klemming/home/t/tabeadi/tabea_work/08_population_analysis_final/skane_only/combined/results/structure/admixture/rep030/K4/run11/data.4.Q	/cfs/klemming/home/t/tabeadi/tabea_work/08_population_analysis_final/skane_only/combined/results/structure/admixture/rep030/K4/run11
rep030	4	run12	0.3578	-8123525.747996	/cfs/klemming/home/t/tabeadi/tabea_work/08_population_analysis_final/skane_only/combined/results/structure/admixture/rep030/K4/run12/data.4.Q	/cfs/klemming/home/t/tabeadi/tabea_work/08_population_analysis_final/skane_only/combined/results/structure/admixture/rep030/K4/run12
rep030	4	run13	0.35783	-8123525.753329	/cfs/klemming/home/t/tabeadi/tabea_work/08_population_analysis_final/skane_only/combined/results/structure/admixture/rep030/K4/run13/data.4.Q	/cfs/klemming/home/t/tabeadi/tabea_work/08_population_analysis_final/skane_only/combined/results/structure/admixture/rep030/K4/run13
rep030	4	run14	0.35782	-8123525.74061	/cfs/klemming/home/t/tabeadi/tabea_work/08_population_analysis_final/skane_only/combined/results/structure/admixture/rep030/K4/run14/data.4.Q	/cfs/klemming/home/t/tabeadi/tabea_work/08_population_analysis_final/skane_only/combined/results/structure/admixture/rep030/K4/run14
rep030	4	run15	0.35805	-8125032.321268	/cfs/klemming/home/t/tabeadi/tabea_work/08_population_analysis_final/skane_only/combined/results/structure/admixture/rep030/K4/run15/data.4.Q	/cfs/klemming/home/t/tabeadi/tabea_work/08_population_analysis_final/skane_only/combined/results/structure/admixture/rep030/K4/run15
rep030	4	run16	0.35784	-8123525.754334	/cfs/klemming/home/t/tabeadi/tabea_work/08_population_analysis_final/skane_only/combined/results/structure/admixture/rep030/K4/run16/data.4.Q	/cfs/klemming/home/t/tabeadi/tabea_work/08_population_analysis_final/skane_only/combined/results/structure/admixture/rep030/K4/run16
rep030	4	run17	0.35794	-8124881.783797	/cfs/klemming/home/t/tabeadi/tabea_work/08_population_analysis_final/skane_only/combined/results/structure/admixture/rep030/K4/run17/data.4.Q	/cfs/klemming/home/t/tabeadi/tabea_work/08_population_analysis_final/skane_only/combined/results/structure/admixture/rep030/K4/run17
rep030	4	run18	0.35782	-8123525.736778	/cfs/klemming/home/t/tabeadi/tabea_work/08_population_analysis_final/skane_only/combined/results/structure/admixture/rep030/K4/run18/data.4.Q	/cfs/klemming/home/t/tabeadi/tabea_work/08_population_analysis_final/skane_only/combined/results/structure/admixture/rep030/K4/run18
rep030	4	run19	0.35778	-8123724.050623	/cfs/klemming/home/t/tabeadi/tabea_work/08_population_analysis_final/skane_only/combined/results/structure/admixture/rep030/K4/run19/data.4.Q	/cfs/klemming/home/t/tabeadi/tabea_work/08_population_analysis_final/skane_only/combined/results/structure/admixture/rep030/K4/run19
rep030	4	run20	0.35787	-8123525.738357	/cfs/klemming/home/t/tabeadi/tabea_work/08_population_analysis_final/skane_only/combined/results/structure/admixture/rep030/K4/run20/data.4.Q	/cfs/klemming/home/t/tabeadi/tabea_work/08_population_analysis_final/skane_only/combined/results/structure/admixture/rep030/K4/run20
rep030	5	run01	0.3572	-8104471.245625	/cfs/klemming/home/t/tabeadi/tabea_work/08_population_analysis_final/skane_only/combined/results/structure/admixture/rep030/K5/run01/data.5.Q	/cfs/klemming/home/t/tabeadi/tabea_work/08_population_analysis_final/skane_only/combined/results/structure/admixture/rep030/K5/run01
rep030	5	run02	0.35725	-8104471.254801	/cfs/klemming/home/t/tabeadi/tabea_work/08_population_analysis_final/skane_only/combined/results/structure/admixture/rep030/K5/run02/data.5.Q	/cfs/klemming/home/t/tabeadi/tabea_work/08_population_analysis_final/skane_only/combined/results/structure/admixture/rep030/K5/run02
rep030	5	run03	0.35723	-8104471.327941	/cfs/klemming/home/t/tabeadi/tabea_work/08_population_analysis_final/skane_only/combined/results/structure/admixture/rep030/K5/run03/data.5.Q	/cfs/klemming/home/t/tabeadi/tabea_work/08_population_analysis_final/skane_only/combined/results/structure/admixture/rep030/K5/run03
rep030	5	run04	0.35726	-8104471.258448	/cfs/klemming/home/t/tabeadi/tabea_work/08_population_analysis_final/skane_only/combined/results/structure/admixture/rep030/K5/run04/data.5.Q	/cfs/klemming/home/t/tabeadi/tabea_work/08_population_analysis_final/skane_only/combined/results/structure/admixture/rep030/K5/run04
rep030	5	run05	0.35717	-8104471.269306	/cfs/klemming/home/t/tabeadi/tabea_work/08_population_analysis_final/skane_only/combined/results/structure/admixture/rep030/K5/run05/data.5.Q	/cfs/klemming/home/t/tabeadi/tabea_work/08_population_analysis_final/skane_only/combined/results/structure/admixture/rep030/K5/run05
rep030	5	run06	0.35721	-8104471.245814	/cfs/klemming/home/t/tabeadi/tabea_work/08_population_analysis_final/skane_only/combined/results/structure/admixture/rep030/K5/run06/data.5.Q	/cfs/klemming/home/t/tabeadi/tabea_work/08_population_analysis_final/skane_only/combined/results/structure/admixture/rep030/K5/run06
rep030	5	run07	0.35719	-8104471.255805	/cfs/klemming/home/t/tabeadi/tabea_work/08_population_analysis_final/skane_only/combined/results/structure/admixture/rep030/K5/run07/data.5.Q	/cfs/klemming/home/t/tabeadi/tabea_work/08_population_analysis_final/skane_only/combined/results/structure/admixture/rep030/K5/run07
rep030	5	run08	0.35721	-8104471.248871	/cfs/klemming/home/t/tabeadi/tabea_work/08_population_analysis_final/skane_only/combined/results/structure/admixture/rep030/K5/run08/data.5.Q	/cfs/klemming/home/t/tabeadi/tabea_work/08_population_analysis_final/skane_only/combined/results/structure/admixture/rep030/K5/run08
rep030	5	run09	0.3572	-8104471.243816	/cfs/klemming/home/t/tabeadi/tabea_work/08_population_analysis_final/skane_only/combined/results/structure/admixture/rep030/K5/run09/data.5.Q	/cfs/klemming/home/t/tabeadi/tabea_work/08_population_analysis_final/skane_only/combined/results/structure/admixture/rep030/K5/run09
rep030	5	run10	0.35724	-8104471.357888	/cfs/klemming/home/t/tabeadi/tabea_work/08_population_analysis_final/skane_only/combined/results/structure/admixture/rep030/K5/run10/data.5.Q	/cfs/klemming/home/t/tabeadi/tabea_work/08_population_analysis_final/skane_only/combined/results/structure/admixture/rep030/K5/run10
rep030	5	run11	0.35718	-8104471.251049	/cfs/klemming/home/t/tabeadi/tabea_work/08_population_analysis_final/skane_only/combined/results/structure/admixture/rep030/K5/run11/data.5.Q	/cfs/klemming/home/t/tabeadi/tabea_work/08_population_analysis_final/skane_only/combined/results/structure/admixture/rep030/K5/run11
rep030	5	run12	0.3572	-8104471.247528	/cfs/klemming/home/t/tabeadi/tabea_work/08_population_analysis_final/skane_only/combined/results/structure/admixture/rep030/K5/run12/data.5.Q	/cfs/klemming/home/t/tabeadi/tabea_work/08_population_analysis_final/skane_only/combined/results/structure/admixture/rep030/K5/run12
rep030	5	run13	0.35717	-8104471.336795	/cfs/klemming/home/t/tabeadi/tabea_work/08_population_analysis_final/skane_only/combined/results/structure/admixture/rep030/K5/run13/data.5.Q	/cfs/klemming/home/t/tabeadi/tabea_work/08_population_analysis_final/skane_only/combined/results/structure/admixture/rep030/K5/run13
rep030	5	run14	0.35721	-8104471.32766	/cfs/klemming/home/t/tabeadi/tabea_work/08_population_analysis_final/skane_only/combined/results/structure/admixture/rep030/K5/run14/data.5.Q	/cfs/klemming/home/t/tabeadi/tabea_work/08_population_analysis_final/skane_only/combined/results/structure/admixture/rep030/K5/run14
rep030	5	run15	0.35725	-8104471.251562	/cfs/klemming/home/t/tabeadi/tabea_work/08_population_analysis_final/skane_only/combined/results/structure/admixture/rep030/K5/run15/data.5.Q	/cfs/klemming/home/t/tabeadi/tabea_work/08_population_analysis_final/skane_only/combined/results/structure/admixture/rep030/K5/run15
rep030	5	run16	0.35721	-8104471.331731	/cfs/klemming/home/t/tabeadi/tabea_work/08_population_analysis_final/skane_only/combined/results/structure/admixture/rep030/K5/run16/data.5.Q	/cfs/klemming/home/t/tabeadi/tabea_work/08_population_analysis_final/skane_only/combined/results/structure/admixture/rep030/K5/run16
rep030	5	run17	0.35732	-8104471.336445	/cfs/klemming/home/t/tabeadi/tabea_work/08_population_analysis_final/skane_only/combined/results/structure/admixture/rep030/K5/run17/data.5.Q	/cfs/klemming/home/t/tabeadi/tabea_work/08_population_analysis_final/skane_only/combined/results/structure/admixture/rep030/K5/run17
rep030	5	run18	0.35723	-8104471.251476	/cfs/klemming/home/t/tabeadi/tabea_work/08_population_analysis_final/skane_only/combined/results/structure/admixture/rep030/K5/run18/data.5.Q	/cfs/klemming/home/t/tabeadi/tabea_work/08_population_analysis_final/skane_only/combined/results/structure/admixture/rep030/K5/run18
rep030	5	run19	0.35715	-8104471.262724	/cfs/klemming/home/t/tabeadi/tabea_work/08_population_analysis_final/skane_only/combined/results/structure/admixture/rep030/K5/run19/data.5.Q	/cfs/klemming/home/t/tabeadi/tabea_work/08_population_analysis_final/skane_only/combined/results/structure/admixture/rep030/K5/run19
rep030	5	run20	0.35717	-8104471.25753	/cfs/klemming/home/t/tabeadi/tabea_work/08_population_analysis_final/skane_only/combined/results/structure/admixture/rep030/K5/run20/data.5.Q	/cfs/klemming/home/t/tabeadi/tabea_work/08_population_analysis_final/skane_only/combined/results/structure/admixture/rep030/K5/run20
rep030	6	run01	0.35668	-8086777.260639	/cfs/klemming/home/t/tabeadi/tabea_work/08_population_analysis_final/skane_only/combined/results/structure/admixture/rep030/K6/run01/data.6.Q	/cfs/klemming/home/t/tabeadi/tabea_work/08_population_analysis_final/skane_only/combined/results/structure/admixture/rep030/K6/run01
rep030	6	run02	0.35665	-8086777.258116	/cfs/klemming/home/t/tabeadi/tabea_work/08_population_analysis_final/skane_only/combined/results/structure/admixture/rep030/K6/run02/data.6.Q	/cfs/klemming/home/t/tabeadi/tabea_work/08_population_analysis_final/skane_only/combined/results/structure/admixture/rep030/K6/run02
rep030	6	run03	0.35671	-8087057.481077	/cfs/klemming/home/t/tabeadi/tabea_work/08_population_analysis_final/skane_only/combined/results/structure/admixture/rep030/K6/run03/data.6.Q	/cfs/klemming/home/t/tabeadi/tabea_work/08_population_analysis_final/skane_only/combined/results/structure/admixture/rep030/K6/run03
rep030	6	run04	0.35677	-8087059.189431	/cfs/klemming/home/t/tabeadi/tabea_work/08_population_analysis_final/skane_only/combined/results/structure/admixture/rep030/K6/run04/data.6.Q	/cfs/klemming/home/t/tabeadi/tabea_work/08_population_analysis_final/skane_only/combined/results/structure/admixture/rep030/K6/run04
rep030	6	run05	0.35662	-8086782.504756	/cfs/klemming/home/t/tabeadi/tabea_work/08_population_analysis_final/skane_only/combined/results/structure/admixture/rep030/K6/run05/data.6.Q	/cfs/klemming/home/t/tabeadi/tabea_work/08_population_analysis_final/skane_only/combined/results/structure/admixture/rep030/K6/run05
rep030	6	run06	0.35658	-8086777.251908	/cfs/klemming/home/t/tabeadi/tabea_work/08_population_analysis_final/skane_only/combined/results/structure/admixture/rep030/K6/run06/data.6.Q	/cfs/klemming/home/t/tabeadi/tabea_work/08_population_analysis_final/skane_only/combined/results/structure/admixture/rep030/K6/run06
rep030	6	run07	0.35669	-8086777.248589	/cfs/klemming/home/t/tabeadi/tabea_work/08_population_analysis_final/skane_only/combined/results/structure/admixture/rep030/K6/run07/data.6.Q	/cfs/klemming/home/t/tabeadi/tabea_work/08_population_analysis_final/skane_only/combined/results/structure/admixture/rep030/K6/run07
rep030	6	run08	0.35664	-8086782.503403	/cfs/klemming/home/t/tabeadi/tabea_work/08_population_analysis_final/skane_only/combined/results/structure/admixture/rep030/K6/run08/data.6.Q	/cfs/klemming/home/t/tabeadi/tabea_work/08_population_analysis_final/skane_only/combined/results/structure/admixture/rep030/K6/run08
rep030	6	run09	0.35662	-8086777.293255	/cfs/klemming/home/t/tabeadi/tabea_work/08_population_analysis_final/skane_only/combined/results/structure/admixture/rep030/K6/run09/data.6.Q	/cfs/klemming/home/t/tabeadi/tabea_work/08_population_analysis_final/skane_only/combined/results/structure/admixture/rep030/K6/run09
rep030	6	run10	0.35669	-8086782.517152	/cfs/klemming/home/t/tabeadi/tabea_work/08_population_analysis_final/skane_only/combined/results/structure/admixture/rep030/K6/run10/data.6.Q	/cfs/klemming/home/t/tabeadi/tabea_work/08_population_analysis_final/skane_only/combined/results/structure/admixture/rep030/K6/run10
rep030	6	run11	0.35663	-8086782.495326	/cfs/klemming/home/t/tabeadi/tabea_work/08_population_analysis_final/skane_only/combined/results/structure/admixture/rep030/K6/run11/data.6.Q	/cfs/klemming/home/t/tabeadi/tabea_work/08_population_analysis_final/skane_only/combined/results/structure/admixture/rep030/K6/run11
rep030	6	run12	0.35663	-8086782.473262	/cfs/klemming/home/t/tabeadi/tabea_work/08_population_analysis_final/skane_only/combined/results/structure/admixture/rep030/K6/run12/data.6.Q	/cfs/klemming/home/t/tabeadi/tabea_work/08_population_analysis_final/skane_only/combined/results/structure/admixture/rep030/K6/run12
rep030	6	run13	0.35675	-8087059.201814	/cfs/klemming/home/t/tabeadi/tabea_work/08_population_analysis_final/skane_only/combined/results/structure/admixture/rep030/K6/run13/data.6.Q	/cfs/klemming/home/t/tabeadi/tabea_work/08_population_analysis_final/skane_only/combined/results/structure/admixture/rep030/K6/run13
rep030	6	run14	0.35661	-8086782.503793	/cfs/klemming/home/t/tabeadi/tabea_work/08_population_analysis_final/skane_only/combined/results/structure/admixture/rep030/K6/run14/data.6.Q	/cfs/klemming/home/t/tabeadi/tabea_work/08_population_analysis_final/skane_only/combined/results/structure/admixture/rep030/K6/run14
rep030	6	run15	0.35673	-8086782.509196	/cfs/klemming/home/t/tabeadi/tabea_work/08_population_analysis_final/skane_only/combined/results/structure/admixture/rep030/K6/run15/data.6.Q	/cfs/klemming/home/t/tabeadi/tabea_work/08_population_analysis_final/skane_only/combined/results/structure/admixture/rep030/K6/run15
rep030	6	run16	0.35675	-8086782.45779	/cfs/klemming/home/t/tabeadi/tabea_work/08_population_analysis_final/skane_only/combined/results/structure/admixture/rep030/K6/run16/data.6.Q	/cfs/klemming/home/t/tabeadi/tabea_work/08_population_analysis_final/skane_only/combined/results/structure/admixture/rep030/K6/run16
rep030	6	run17	0.35662	-8086777.282293	/cfs/klemming/home/t/tabeadi/tabea_work/08_population_analysis_final/skane_only/combined/results/structure/admixture/rep030/K6/run17/data.6.Q	/cfs/klemming/home/t/tabeadi/tabea_work/08_population_analysis_final/skane_only/combined/results/structure/admixture/rep030/K6/run17
rep030	6	run18	0.35665	-8086777.254271	/cfs/klemming/home/t/tabeadi/tabea_work/08_population_analysis_final/skane_only/combined/results/structure/admixture/rep030/K6/run18/data.6.Q	/cfs/klemming/home/t/tabeadi/tabea_work/08_population_analysis_final/skane_only/combined/results/structure/admixture/rep030/K6/run18
rep030	6	run19	0.35671	-8086777.241748	/cfs/klemming/home/t/tabeadi/tabea_work/08_population_analysis_final/skane_only/combined/results/structure/admixture/rep030/K6/run19/data.6.Q	/cfs/klemming/home/t/tabeadi/tabea_work/08_population_analysis_final/skane_only/combined/results/structure/admixture/rep030/K6/run19
rep030	6	run20	0.35668	-8086782.450144	/cfs/klemming/home/t/tabeadi/tabea_work/08_population_analysis_final/skane_only/combined/results/structure/admixture/rep030/K6/run20/data.6.Q	/cfs/klemming/home/t/tabeadi/tabea_work/08_population_analysis_final/skane_only/combined/results/structure/admixture/rep030/K6/run20
rep030	7	run01	0.35642	-8071341.616412	/cfs/klemming/home/t/tabeadi/tabea_work/08_population_analysis_final/skane_only/combined/results/structure/admixture/rep030/K7/run01/data.7.Q	/cfs/klemming/home/t/tabeadi/tabea_work/08_population_analysis_final/skane_only/combined/results/structure/admixture/rep030/K7/run01
rep030	7	run02	0.35623	-8070766.662286	/cfs/klemming/home/t/tabeadi/tabea_work/08_population_analysis_final/skane_only/combined/results/structure/admixture/rep030/K7/run02/data.7.Q	/cfs/klemming/home/t/tabeadi/tabea_work/08_population_analysis_final/skane_only/combined/results/structure/admixture/rep030/K7/run02
rep030	7	run03	0.35632	-8070766.660544	/cfs/klemming/home/t/tabeadi/tabea_work/08_population_analysis_final/skane_only/combined/results/structure/admixture/rep030/K7/run03/data.7.Q	/cfs/klemming/home/t/tabeadi/tabea_work/08_population_analysis_final/skane_only/combined/results/structure/admixture/rep030/K7/run03
rep030	7	run04	0.3563	-8070766.668996	/cfs/klemming/home/t/tabeadi/tabea_work/08_population_analysis_final/skane_only/combined/results/structure/admixture/rep030/K7/run04/data.7.Q	/cfs/klemming/home/t/tabeadi/tabea_work/08_population_analysis_final/skane_only/combined/results/structure/admixture/rep030/K7/run04
rep030	7	run05	0.35628	-8070766.761794	/cfs/klemming/home/t/tabeadi/tabea_work/08_population_analysis_final/skane_only/combined/results/structure/admixture/rep030/K7/run05/data.7.Q	/cfs/klemming/home/t/tabeadi/tabea_work/08_population_analysis_final/skane_only/combined/results/structure/admixture/rep030/K7/run05
rep030	7	run06	0.35633	-8071040.71348	/cfs/klemming/home/t/tabeadi/tabea_work/08_population_analysis_final/skane_only/combined/results/structure/admixture/rep030/K7/run06/data.7.Q	/cfs/klemming/home/t/tabeadi/tabea_work/08_population_analysis_final/skane_only/combined/results/structure/admixture/rep030/K7/run06
rep030	7	run07	0.35633	-8070766.784607	/cfs/klemming/home/t/tabeadi/tabea_work/08_population_analysis_final/skane_only/combined/results/structure/admixture/rep030/K7/run07/data.7.Q	/cfs/klemming/home/t/tabeadi/tabea_work/08_population_analysis_final/skane_only/combined/results/structure/admixture/rep030/K7/run07
rep030	7	run08	0.35644	-8071341.553651	/cfs/klemming/home/t/tabeadi/tabea_work/08_population_analysis_final/skane_only/combined/results/structure/admixture/rep030/K7/run08/data.7.Q	/cfs/klemming/home/t/tabeadi/tabea_work/08_population_analysis_final/skane_only/combined/results/structure/admixture/rep030/K7/run08
rep030	7	run09	0.35632	-8070766.729333	/cfs/klemming/home/t/tabeadi/tabea_work/08_population_analysis_final/skane_only/combined/results/structure/admixture/rep030/K7/run09/data.7.Q	/cfs/klemming/home/t/tabeadi/tabea_work/08_population_analysis_final/skane_only/combined/results/structure/admixture/rep030/K7/run09
rep030	7	run10	0.35631	-8070766.634512	/cfs/klemming/home/t/tabeadi/tabea_work/08_population_analysis_final/skane_only/combined/results/structure/admixture/rep030/K7/run10/data.7.Q	/cfs/klemming/home/t/tabeadi/tabea_work/08_population_analysis_final/skane_only/combined/results/structure/admixture/rep030/K7/run10
rep030	7	run11	0.35633	-8070766.777619	/cfs/klemming/home/t/tabeadi/tabea_work/08_population_analysis_final/skane_only/combined/results/structure/admixture/rep030/K7/run11/data.7.Q	/cfs/klemming/home/t/tabeadi/tabea_work/08_population_analysis_final/skane_only/combined/results/structure/admixture/rep030/K7/run11
rep030	7	run12	0.35636	-8070766.849044	/cfs/klemming/home/t/tabeadi/tabea_work/08_population_analysis_final/skane_only/combined/results/structure/admixture/rep030/K7/run12/data.7.Q	/cfs/klemming/home/t/tabeadi/tabea_work/08_population_analysis_final/skane_only/combined/results/structure/admixture/rep030/K7/run12
rep030	7	run13	0.35625	-8070766.660731	/cfs/klemming/home/t/tabeadi/tabea_work/08_population_analysis_final/skane_only/combined/results/structure/admixture/rep030/K7/run13/data.7.Q	/cfs/klemming/home/t/tabeadi/tabea_work/08_population_analysis_final/skane_only/combined/results/structure/admixture/rep030/K7/run13
rep030	7	run14	0.35629	-8070766.832268	/cfs/klemming/home/t/tabeadi/tabea_work/08_population_analysis_final/skane_only/combined/results/structure/admixture/rep030/K7/run14/data.7.Q	/cfs/klemming/home/t/tabeadi/tabea_work/08_population_analysis_final/skane_only/combined/results/structure/admixture/rep030/K7/run14
rep030	7	run15	0.35646	-8071341.553273	/cfs/klemming/home/t/tabeadi/tabea_work/08_population_analysis_final/skane_only/combined/results/structure/admixture/rep030/K7/run15/data.7.Q	/cfs/klemming/home/t/tabeadi/tabea_work/08_population_analysis_final/skane_only/combined/results/structure/admixture/rep030/K7/run15
rep030	7	run16	0.35627	-8071040.810102	/cfs/klemming/home/t/tabeadi/tabea_work/08_population_analysis_final/skane_only/combined/results/structure/admixture/rep030/K7/run16/data.7.Q	/cfs/klemming/home/t/tabeadi/tabea_work/08_population_analysis_final/skane_only/combined/results/structure/admixture/rep030/K7/run16
rep030	7	run17	0.3563	-8071040.721489	/cfs/klemming/home/t/tabeadi/tabea_work/08_population_analysis_final/skane_only/combined/results/structure/admixture/rep030/K7/run17/data.7.Q	/cfs/klemming/home/t/tabeadi/tabea_work/08_population_analysis_final/skane_only/combined/results/structure/admixture/rep030/K7/run17
rep030	7	run18	0.35628	-8070766.659185	/cfs/klemming/home/t/tabeadi/tabea_work/08_population_analysis_final/skane_only/combined/results/structure/admixture/rep030/K7/run18/data.7.Q	/cfs/klemming/home/t/tabeadi/tabea_work/08_population_analysis_final/skane_only/combined/results/structure/admixture/rep030/K7/run18
rep030	7	run19	0.35635	-8070766.682252	/cfs/klemming/home/t/tabeadi/tabea_work/08_population_analysis_final/skane_only/combined/results/structure/admixture/rep030/K7/run19/data.7.Q	/cfs/klemming/home/t/tabeadi/tabea_work/08_population_analysis_final/skane_only/combined/results/structure/admixture/rep030/K7/run19
rep030	7	run20	0.35629	-8071040.717651	/cfs/klemming/home/t/tabeadi/tabea_work/08_population_analysis_final/skane_only/combined/results/structure/admixture/rep030/K7/run20/data.7.Q	/cfs/klemming/home/t/tabeadi/tabea_work/08_population_analysis_final/skane_only/combined/results/structure/admixture/rep030/K7/run20
rep030	8	run01	0.35593	-8055782.673989	/cfs/klemming/home/t/tabeadi/tabea_work/08_population_analysis_final/skane_only/combined/results/structure/admixture/rep030/K8/run01/data.8.Q	/cfs/klemming/home/t/tabeadi/tabea_work/08_population_analysis_final/skane_only/combined/results/structure/admixture/rep030/K8/run01
rep030	8	run02	0.35592	-8056111.506363	/cfs/klemming/home/t/tabeadi/tabea_work/08_population_analysis_final/skane_only/combined/results/structure/admixture/rep030/K8/run02/data.8.Q	/cfs/klemming/home/t/tabeadi/tabea_work/08_population_analysis_final/skane_only/combined/results/structure/admixture/rep030/K8/run02
rep030	8	run03	0.35604	-8055782.65257	/cfs/klemming/home/t/tabeadi/tabea_work/08_population_analysis_final/skane_only/combined/results/structure/admixture/rep030/K8/run03/data.8.Q	/cfs/klemming/home/t/tabeadi/tabea_work/08_population_analysis_final/skane_only/combined/results/structure/admixture/rep030/K8/run03
rep030	8	run04	0.35606	-8056301.389892	/cfs/klemming/home/t/tabeadi/tabea_work/08_population_analysis_final/skane_only/combined/results/structure/admixture/rep030/K8/run04/data.8.Q	/cfs/klemming/home/t/tabeadi/tabea_work/08_population_analysis_final/skane_only/combined/results/structure/admixture/rep030/K8/run04
rep030	8	run05	0.35588	-8056028.138864	/cfs/klemming/home/t/tabeadi/tabea_work/08_population_analysis_final/skane_only/combined/results/structure/admixture/rep030/K8/run05/data.8.Q	/cfs/klemming/home/t/tabeadi/tabea_work/08_population_analysis_final/skane_only/combined/results/structure/admixture/rep030/K8/run05
rep030	8	run06	0.35594	-8056028.281849	/cfs/klemming/home/t/tabeadi/tabea_work/08_population_analysis_final/skane_only/combined/results/structure/admixture/rep030/K8/run06/data.8.Q	/cfs/klemming/home/t/tabeadi/tabea_work/08_population_analysis_final/skane_only/combined/results/structure/admixture/rep030/K8/run06
rep030	8	run07	0.35596	-8056787.292611	/cfs/klemming/home/t/tabeadi/tabea_work/08_population_analysis_final/skane_only/combined/results/structure/admixture/rep030/K8/run07/data.8.Q	/cfs/klemming/home/t/tabeadi/tabea_work/08_population_analysis_final/skane_only/combined/results/structure/admixture/rep030/K8/run07
rep030	8	run08	0.35589	-8056520.12486	/cfs/klemming/home/t/tabeadi/tabea_work/08_population_analysis_final/skane_only/combined/results/structure/admixture/rep030/K8/run08/data.8.Q	/cfs/klemming/home/t/tabeadi/tabea_work/08_population_analysis_final/skane_only/combined/results/structure/admixture/rep030/K8/run08
rep030	8	run09	0.3558	-8055782.403966	/cfs/klemming/home/t/tabeadi/tabea_work/08_population_analysis_final/skane_only/combined/results/structure/admixture/rep030/K8/run09/data.8.Q	/cfs/klemming/home/t/tabeadi/tabea_work/08_population_analysis_final/skane_only/combined/results/structure/admixture/rep030/K8/run09
rep030	8	run10	0.35587	-8055782.654144	/cfs/klemming/home/t/tabeadi/tabea_work/08_population_analysis_final/skane_only/combined/results/structure/admixture/rep030/K8/run10/data.8.Q	/cfs/klemming/home/t/tabeadi/tabea_work/08_population_analysis_final/skane_only/combined/results/structure/admixture/rep030/K8/run10
rep030	8	run11	0.35591	-8056817.138031	/cfs/klemming/home/t/tabeadi/tabea_work/08_population_analysis_final/skane_only/combined/results/structure/admixture/rep030/K8/run11/data.8.Q	/cfs/klemming/home/t/tabeadi/tabea_work/08_population_analysis_final/skane_only/combined/results/structure/admixture/rep030/K8/run11
rep030	8	run12	0.35585	-8056028.317846	/cfs/klemming/home/t/tabeadi/tabea_work/08_population_analysis_final/skane_only/combined/results/structure/admixture/rep030/K8/run12/data.8.Q	/cfs/klemming/home/t/tabeadi/tabea_work/08_population_analysis_final/skane_only/combined/results/structure/admixture/rep030/K8/run12
rep030	8	run13	0.35611	-8056367.328769	/cfs/klemming/home/t/tabeadi/tabea_work/08_population_analysis_final/skane_only/combined/results/structure/admixture/rep030/K8/run13/data.8.Q	/cfs/klemming/home/t/tabeadi/tabea_work/08_population_analysis_final/skane_only/combined/results/structure/admixture/rep030/K8/run13
rep030	8	run14	0.35592	-8056028.312514	/cfs/klemming/home/t/tabeadi/tabea_work/08_population_analysis_final/skane_only/combined/results/structure/admixture/rep030/K8/run14/data.8.Q	/cfs/klemming/home/t/tabeadi/tabea_work/08_population_analysis_final/skane_only/combined/results/structure/admixture/rep030/K8/run14
rep030	8	run15	0.35604	-8056207.571655	/cfs/klemming/home/t/tabeadi/tabea_work/08_population_analysis_final/skane_only/combined/results/structure/admixture/rep030/K8/run15/data.8.Q	/cfs/klemming/home/t/tabeadi/tabea_work/08_population_analysis_final/skane_only/combined/results/structure/admixture/rep030/K8/run15
rep030	8	run16	0.356	-8056742.699129	/cfs/klemming/home/t/tabeadi/tabea_work/08_population_analysis_final/skane_only/combined/results/structure/admixture/rep030/K8/run16/data.8.Q	/cfs/klemming/home/t/tabeadi/tabea_work/08_population_analysis_final/skane_only/combined/results/structure/admixture/rep030/K8/run16
rep030	8	run17	0.35586	-8056060.078104	/cfs/klemming/home/t/tabeadi/tabea_work/08_population_analysis_final/skane_only/combined/results/structure/admixture/rep030/K8/run17/data.8.Q	/cfs/klemming/home/t/tabeadi/tabea_work/08_population_analysis_final/skane_only/combined/results/structure/admixture/rep030/K8/run17
rep030	8	run18	0.35592	-8055782.652341	/cfs/klemming/home/t/tabeadi/tabea_work/08_population_analysis_final/skane_only/combined/results/structure/admixture/rep030/K8/run18/data.8.Q	/cfs/klemming/home/t/tabeadi/tabea_work/08_population_analysis_final/skane_only/combined/results/structure/admixture/rep030/K8/run18
rep030	8	run19	0.35592	-8056037.258807	/cfs/klemming/home/t/tabeadi/tabea_work/08_population_analysis_final/skane_only/combined/results/structure/admixture/rep030/K8/run19/data.8.Q	/cfs/klemming/home/t/tabeadi/tabea_work/08_population_analysis_final/skane_only/combined/results/structure/admixture/rep030/K8/run19
rep030	8	run20	0.35605	-8056573.314637	/cfs/klemming/home/t/tabeadi/tabea_work/08_population_analysis_final/skane_only/combined/results/structure/admixture/rep030/K8/run20/data.8.Q	/cfs/klemming/home/t/tabeadi/tabea_work/08_population_analysis_final/skane_only/combined/results/structure/admixture/rep030/K8/run20
