FID	IID	PC1	PC2	PC3	PC4	PC5	PC6	PC7	PC8	PC9	PC10	state	region	site	site_number	ind_index
y1900__p1:i3298	y1900__p1:i3298	0.0323886	-0.0134505	0.00788661	-0.007802	-0.0105801	-0.0186468	0.00828041	0.0213905	0.0193813	-0.00297621	1900	NW	SK060	1	3298
y1900__p1:i2155	y1900__p1:i2155	0.0114031	0.0106714	-0.00510673	0.0143992	-0.0210672	0.0223205	0.01358	0.00639308	0.00203636	0.0210554	1900	NW	SK060	1	2155
y1900__p1:i2083	y1900__p1:i2083	0.0433594	0.00361173	-0.0222947	-0.0042895	-0.059792	-0.00163975	0.032046	0.0109072	-0.0594125	0.0367267	1900	NW	SK060	1	2083
y1900__p1:i21895	y1900__p1:i21895	0.0114967	-0.0064095	0.00582231	0.0190078	-0.0574358	0.000730861	0.00578439	0.0296786	-0.00471161	0.0072637	1900	NW	SK060	1	21895
y1900__p1:i25566	y1900__p1:i25566	0.0341873	0.0122837	-0.00266611	-0.00135556	-0.0395137	0.0376934	0.00991572	0.0034927	0.0190413	-0.0241493	1900	NW	SK060	1	25566
y1900__p1:i10380	y1900__p1:i10380	0.0506589	-0.013107	0.000700031	-0.00588648	-0.0435904	0.00932789	0.0306703	0.0174442	-0.00923981	0.0507123	1900	NW	SK060	1	10380
y1900__p1:i21517	y1900__p1:i21517	0.0364018	0.0146238	-0.00425868	-0.0139028	-0.0441024	0.00696191	0.0173444	0.00914249	-0.0140315	0.0241551	1900	NW	SK060	1	21517
y1900__p1:i463	y1900__p1:i463	0.0394294	-0.0118392	-0.0229174	0.00435225	-0.0380986	0.0293627	0.00234522	0.00338965	0.0313981	0.00781473	1900	NW	SK060	1	463
y1900__p1:i15707	y1900__p1:i15707	0.015699	-0.00132159	-0.0081043	-0.0153563	-0.0603418	0.01565	0.0350582	0.014192	0.0158087	-0.00242257	1900	NW	SK060	1	15707
y1900__p1:i23018	y1900__p1:i23018	0.0310275	0.00037832	-0.011132	0.00844774	-0.0717957	0.00768185	0.0230696	-0.00733274	-0.000231459	0.022208	1900	NW	SK060	1	23018
y1900__p1:i14074	y1900__p1:i14074	0.0349825	0.00961767	-0.0281357	-0.0174025	-0.0166299	-0.0185564	0.00969714	0.0157462	-0.0125016	0.00488799	1900	NW	SK060	1	14074
y1900__p1:i23192	y1900__p1:i23192	0.0463016	-0.0294549	0.00408659	0.00212798	-0.0687501	0.034139	0.00871955	0.009878	-0.045457	0.0424769	1900	NW	SK060	1	23192
y1900__p1:i18046	y1900__p1:i18046	0.0297899	-0.00686861	-0.0068048	0.000905296	-0.0516825	0.0157525	0.0314649	0.0184876	0.0198929	-0.0164472	1900	NW	SK060	1	18046
y1900__p1:i15144	y1900__p1:i15144	0.0198647	-0.00287626	0.00355457	-0.0030134	-0.0750247	0.0263533	0.0084987	0.00466225	0.00393584	0.0364721	1900	NW	SK060	1	15144
y1900__p1:i9011	y1900__p1:i9011	0.0222965	0.0035305	0.0181839	-0.00848057	-0.0276035	0.0112879	-0.0222134	0.0107072	0.00337305	-0.00159188	1900	NW	SK060	1	9011
y1900__p1:i13169	y1900__p1:i13169	0.0238336	0.0238062	-0.0148439	-0.00755971	-0.0866645	0.0175083	0.0162872	0.0123192	0.0157457	0.00498026	1900	NW	SK060	1	13169
y1900__p1:i14353	y1900__p1:i14353	0.0404887	0.0168717	-0.0105954	-0.00660287	-0.0531362	0.00138678	0.0384445	0.00748139	-0.0298989	0.0345931	1900	NW	SK060	1	14353
y1900__p1:i17241	y1900__p1:i17241	0.012486	0.00451712	0.00720476	-0.022118	-0.0320414	-0.00446194	-0.00828692	0.0165467	0.0126091	0.0161313	1900	NW	SK060	1	17241
y1900__p1:i13478	y1900__p1:i13478	0.0218875	0.00705483	-0.000997796	0.00681155	-0.019877	0.0202733	0.0107087	-0.0151765	0.00397013	-0.00923094	1900	NW	SK060	1	13478
y1900__p1:i14352	y1900__p1:i14352	0.0579589	0.0111898	-0.00821204	-0.00392642	-0.0597229	0.0247813	0.0367258	-0.00492212	-0.025919	0.0358919	1900	NW	SK060	1	14352
y1900__p1:i17179	y1900__p1:i17179	0.0702338	0.017788	-0.0176699	0.00193858	-0.0602093	-0.0031729	0.00826574	0.00966246	-0.000666023	-0.01014	1900	NW	SK068	2	17179
y1900__p1:i2573	y1900__p1:i2573	0.0300496	0.0183035	-0.0226424	-0.00324591	-0.0756212	0.0325533	0.0404293	-0.00078039	0.00347103	-0.00197614	1900	NW	SK068	2	2573
y1900__p1:i10177	y1900__p1:i10177	0.0318284	0.0145632	-0.0203158	-0.0144324	-0.0514248	0.0266403	0.0302874	0.0281443	0.00209788	0.0124419	1900	NW	SK068	2	10177
y1900__p1:i11725	y1900__p1:i11725	0.0222999	0.0138038	-0.00674104	-0.00839226	-0.0431292	0.0379996	0.0103816	0.00332163	-0.0044477	0.0110144	1900	NW	SK068	2	11725
y1900__p1:i7717	y1900__p1:i7717	0.0345267	-0.0130238	0.0125098	-0.0210605	-0.0457419	0.0431886	0.0274005	-0.00456896	0.00615421	0.00530747	1900	NW	SK068	2	7717
y1900__p1:i3116	y1900__p1:i3116	0.034519	-0.00104169	-0.00170347	-0.0078508	-0.0440473	0.00988081	0.0321495	-0.00400646	0.0122935	0.0125051	1900	NW	SK068	2	3116
y1900__p1:i5739	y1900__p1:i5739	0.0154266	0.0021475	-0.016631	-0.0125005	0.0134906	-0.000569113	-0.0079525	0.00908238	-0.0165948	0.0251791	1900	NW	SK068	2	5739
y1900__p1:i825	y1900__p1:i825	0.0147807	0.0158076	-0.0157226	-0.00950491	-0.0338264	0.00467007	0.0564416	-0.0040882	0.0193663	0.0198288	1900	NW	SK068	2	825
y1900__p1:i9812	y1900__p1:i9812	0.0305987	5.60809e-05	-0.0227394	0.00361073	0.0130394	0.013868	-0.00984883	0.00985467	-0.016556	0.0243525	1900	NW	SK068	2	9812
y1900__p1:i18007	y1900__p1:i18007	0.0447254	-0.00217705	-0.00464054	-0.00544157	-0.0696443	0.0372985	0.0307169	0.00109333	0.0145879	-0.00394939	1900	NW	SK068	2	18007
y1900__p1:i10971	y1900__p1:i10971	0.0356117	0.0254575	-0.0388133	-0.0187029	-0.0885965	0.0563345	0.0600274	-0.0212009	0.0108641	0.0226051	1900	NW	SK068	2	10971
y1900__p1:i22701	y1900__p1:i22701	0.0387645	0.00511065	-0.0133966	-0.00317396	-0.050421	0.0128778	0.0313235	0.00335714	0.00730214	-0.0241782	1900	NW	SK068	2	22701
y1900__p1:i21295	y1900__p1:i21295	0.0409795	-0.00299714	-0.0309781	-0.0069786	-0.0251156	-0.0132349	0.0195479	0.0190815	0.00955909	0.00831204	1900	NW	SK068	2	21295
y1900__p1:i10805	y1900__p1:i10805	0.0223254	-0.00693111	1.18811e-05	-0.0205937	-0.0459147	0.0109642	0.0211871	0.0364788	0.00739628	-0.0154491	1900	NW	SK068	2	10805
y1900__p1:i3636	y1900__p1:i3636	0.0528348	0.0262438	-0.018102	-0.010011	-0.0593997	-0.00121373	0.0112002	0.0127019	-0.00223811	-0.0237995	1900	NW	SK068	2	3636
y1900__p1:i25437	y1900__p1:i25437	0.0303817	-0.0132252	-0.0119579	-0.0228949	-0.0568415	0.0564648	0.0316953	-0.0151033	0.00835371	0.0181061	1900	NW	SK068	2	25437
y1900__p1:i18517	y1900__p1:i18517	0.0260866	0.0024675	-0.0214625	-0.00645463	-0.027218	0.0132555	0.0298279	0.0236278	0.0247789	0.00675996	1900	NW	SK068	2	18517
y1900__p1:i11271	y1900__p1:i11271	0.0333465	0.00731521	-0.00816009	-0.0207363	-0.045091	0.0292874	0.0303973	0.000956239	0.0145938	0.00020664	1900	NW	SK068	2	11271
y1900__p1:i4249	y1900__p1:i4249	0.0469667	0.0169994	-0.021277	-0.0161525	-0.0462053	-0.00257491	0.0136164	0.0048481	0.00433004	-0.0261338	1900	NW	SK068	2	4249
y1900__p1:i25034	y1900__p1:i25034	0.0266382	0.003707	-0.0166314	-0.0193343	-0.0547333	0.030999	0.0387832	-0.0155975	0.0196152	0.0134598	1900	NW	SK068	2	25034
y1900__p1:i4305	y1900__p1:i4305	0.045709	-0.00877736	-0.0338864	0.00995776	-0.0431467	0.0192517	0.0282988	-0.02565	0.0364106	-0.0249805	1900	NW	SK069	3	4305
y1900__p1:i25023	y1900__p1:i25023	0.0472939	0.007277	-0.0145736	-0.0118753	-0.0571123	0.0400022	0.0208422	0.0174057	0.0175863	-0.0132136	1900	NW	SK069	3	25023
y1900__p1:i4197	y1900__p1:i4197	0.0320627	0.00150639	-0.0120242	-0.0154486	-0.0695046	0.026139	0.0266407	0.0156621	0.0157925	0.0152068	1900	NW	SK069	3	4197
y1900__p1:i4233	y1900__p1:i4233	0.0433936	0.00752255	-0.0148725	-0.00882197	-0.0748915	0.0440186	0.0432101	0.0200609	-0.0258159	0.031894	1900	NW	SK069	3	4233
y1900__p1:i11357	y1900__p1:i11357	0.0543809	0.0192688	-0.0176484	-0.0295761	-0.0566676	0.0435071	0.017586	0.0311627	0.000358393	0.00450691	1900	NW	SK069	3	11357
y1900__p1:i545	y1900__p1:i545	0.0538931	-0.027078	0.0048762	-0.0012317	-0.0668511	0.0226134	0.0222618	0.022142	-0.0396337	0.0544954	1900	NW	SK069	3	545
y1900__p1:i16713	y1900__p1:i16713	0.0359432	-0.00744568	-0.0152414	-0.0110821	-0.0530489	0.00544961	0.00120967	-0.00228049	0.00725163	0.00990673	1900	NW	SK069	3	16713
y1900__p1:i2370	y1900__p1:i2370	0.0300135	0.0103799	-0.00736377	-0.00866129	-0.0720022	0.016204	0.0261932	0.00384062	0.00121054	0.0292556	1900	NW	SK069	3	2370
y1900__p1:i11364	y1900__p1:i11364	0.0267498	0.000209664	-0.00458519	-0.00832177	-0.0490897	0.0466026	0.0202411	-0.018241	0.0174922	0.0149959	1900	NW	SK069	3	11364
y1900__p1:i22580	y1900__p1:i22580	0.0351761	0.00895611	-0.000324854	-0.00477478	-0.0496019	0.0290935	0.0383921	0.0311375	-0.0172707	0.0240745	1900	NW	SK069	3	22580
y1900__p1:i1370	y1900__p1:i1370	0.0101069	-0.00463451	-0.00968918	-0.0134855	-0.0481554	-0.00773323	0.0349555	0.017456	0.00846225	0.00671788	1900	NW	SK069	3	1370
y1900__p1:i23405	y1900__p1:i23405	0.0132331	0.0187337	-0.0263038	-0.00274795	-0.0813875	0.0237967	0.0230203	-0.00177556	0.040475	-0.0113365	1900	NW	SK069	3	23405
y1900__p1:i20574	y1900__p1:i20574	0.031689	-0.00703805	0.00446271	-0.0123311	-0.053866	0.0364519	0.0279828	-0.00389888	0.00634793	0.0187715	1900	NW	SK069	3	20574
y1900__p1:i7487	y1900__p1:i7487	0.0272939	-0.0173817	-0.0157307	-0.0106905	-0.0367307	0.0263525	0.0355981	0.0257232	0.00343238	0.0502098	1900	NW	SK069	3	7487
y1900__p1:i17987	y1900__p1:i17987	0.0182888	0.00303503	-0.0120609	-0.0161124	-0.0420143	0.0175183	0.0255623	0.00616062	0.0378741	-0.0147745	1900	NW	SK069	3	17987
y1900__p1:i19805	y1900__p1:i19805	0.0311612	0.00619769	-0.0150017	-0.00596959	-0.0718616	0.0322785	0.0329279	0.0290609	-0.00286715	-0.000170754	1900	NW	SK069	3	19805
y1900__p1:i20059	y1900__p1:i20059	0.0286782	0.0255469	-0.0220975	-0.00204773	-0.0688179	0.0405754	0.050499	-0.0272848	-0.0144368	0.0081572	1900	NW	SK069	3	20059
y1900__p1:i10569	y1900__p1:i10569	0.0132331	0.0187337	-0.0263038	-0.00274795	-0.0813875	0.0237967	0.0230203	-0.00177556	0.040475	-0.0113365	1900	NW	SK069	3	10569
y1900__p1:i1339	y1900__p1:i1339	0.0471635	0.0419533	-0.0443068	-0.0223473	-0.089383	0.0376382	0.0497058	-0.0304969	-0.00743072	0.0133431	1900	NW	SK069	3	1339
y1900__p1:i2963	y1900__p1:i2963	0.0328084	-0.0110354	-0.0101783	-0.0116299	-0.0258163	0.0124477	0.0130651	-0.00411306	0.0193406	-0.0138398	1900	NW	SK069	3	2963
y1900__p1:i14761	y1900__p1:i14761	0.00942162	0.00671326	0.0130812	-0.00575058	-0.0458393	0.0137155	0.027371	0.0358535	0.0239177	0.0222505	1900	NE	SK062	1	14761
y1900__p1:i221	y1900__p1:i221	0.027221	0.0235298	-0.0272894	-0.0152995	-0.0810105	0.0292873	0.056851	-0.0287885	-0.00419614	0.0345864	1900	NE	SK062	1	221
y1900__p1:i5105	y1900__p1:i5105	0.0429025	0.0101076	-0.0233682	-0.00702066	-0.0533177	0.0185224	0.0171848	0.0130854	0.00533527	-0.0246002	1900	NE	SK062	1	5105
y1900__p1:i19163	y1900__p1:i19163	0.0295163	0.00560656	0.0015164	-0.00306825	-0.0409099	0.0392942	0.0182931	0.0146246	0.00149411	0.0204555	1900	NE	SK062	1	19163
y1900__p1:i13692	y1900__p1:i13692	-0.005325	0.00293667	-0.00492716	-0.0239119	-0.0151972	0.0158763	-0.00466825	0.028394	0.0188158	0.000748824	1900	NE	SK062	1	13692
y1900__p1:i20384	y1900__p1:i20384	0.0113891	2.87739e-05	-0.00535042	-0.00151523	-0.0294931	0.00738071	0.0163033	0.0121275	0.00889888	-0.000790496	1900	NE	SK062	1	20384
y1900__p1:i3783	y1900__p1:i3783	0.0371805	0.0050229	-0.0130286	-0.0106951	-0.0451753	0.0228793	0.00853746	0.0133678	0.00938013	-0.0190124	1900	NE	SK062	1	3783
y1900__p1:i7867	y1900__p1:i7867	0.014311	-0.0100383	-0.0056463	-0.00938126	-0.0152531	-0.00634791	0.0199528	-0.00478374	0.0322627	0.00798441	1900	NE	SK062	1	7867
y1900__p1:i25382	y1900__p1:i25382	0.0205937	-0.000642802	0.00961389	0.000125169	-0.0389859	0.030595	0.00752732	0.0232817	0.0450956	0.0175012	1900	NE	SK062	1	25382
y1900__p1:i16882	y1900__p1:i16882	0.0174294	-0.000810428	0.0203859	0.0088128	-0.0356135	0.0314103	-0.00235401	0.0282727	0.03692	0.0408339	1900	NE	SK062	1	16882
y1900__p1:i14897	y1900__p1:i14897	-0.000522592	0.00831376	-0.00320697	-0.00144614	-0.0265117	0.00232518	0.00291113	0.00431871	0.00962253	-0.00173704	1900	NE	SK062	1	14897
y1900__p1:i15341	y1900__p1:i15341	-0.0103721	0.00661884	0.0175527	0.00232513	-0.0229236	0.00991818	-0.0206597	0.0203463	0.0204692	0.00406493	1900	NE	SK062	1	15341
y1900__p1:i20383	y1900__p1:i20383	0.0154185	0.00199627	-0.00374714	-0.00532035	-0.0251462	0.0184191	0.00879533	0.0155271	0.00487412	-0.00101444	1900	NE	SK062	1	20383
y1900__p1:i13419	y1900__p1:i13419	0.00666013	0.0186451	0.00100719	-0.0147337	-0.00862994	0.0113034	0.0273872	0.0142553	0.0138002	0.0145002	1900	NE	SK062	1	13419
y1900__p1:i16883	y1900__p1:i16883	0.00318307	-0.00154182	0.0203777	0.00633463	-0.0265794	0.0519628	-0.00472482	0.0311666	0.0490254	0.020986	1900	NE	SK062	1	16883
y1900__p1:i17847	y1900__p1:i17847	0.00424497	0.00730238	0.0199006	0.0222987	-0.0210384	0.0558549	-0.0115971	0.0441052	0.0180648	0.0509983	1900	NE	SK062	1	17847
y1900__p1:i16065	y1900__p1:i16065	0.0332191	-0.00641429	-0.007818	0.00414514	-0.0904949	0.033281	0.038776	-0.017866	0.0111598	0.0367205	1900	NE	SK062	1	16065
y1900__p1:i6080	y1900__p1:i6080	-0.0170586	0.00372197	0.00116558	0.0110206	-0.0145258	0.0252396	-0.0157901	-0.00115043	0.0250007	-0.0229985	1900	NE	SK062	1	6080
y1900__p1:i220	y1900__p1:i220	0.0336783	0.0219156	-0.0207083	-0.0110472	-0.0801238	0.0459545	0.0567759	-0.0298676	-0.00402838	0.0289802	1900	NE	SK062	1	220
y1900__p1:i9208	y1900__p1:i9208	-0.00319151	-0.00100553	-0.00425092	-0.00519309	-0.0134671	0.00884617	0.0119794	0.0368379	0.00423246	-0.00317467	1900	NE	SK062	1	9208
y1900__p1:i20877	y1900__p1:i20877	3.83434e-05	0.00976161	0.01054	-0.00164839	-0.000449188	0.0227293	-0.0024432	0.0161034	0.000547186	-0.0105767	1900	NE	SK063	2	20877
y1900__p1:i4709	y1900__p1:i4709	0.00852932	0.0177088	-0.00591002	0.0127657	-0.0258284	0.0124205	0.0185663	0.0166249	0.0108888	-0.0135498	1900	NE	SK063	2	4709
y1900__p1:i23922	y1900__p1:i23922	0.00757453	0.0184551	-0.0238439	-0.00989724	-0.0203246	0.0357949	0.00535233	0.029055	0.0204776	0.00510134	1900	NE	SK063	2	23922
y1900__p1:i11970	y1900__p1:i11970	-0.0017773	-0.0114268	-0.00869278	0.00235462	-0.0188069	0.0409826	-0.00336388	0.0213379	0.00393909	0.00105831	1900	NE	SK063	2	11970
y1900__p1:i2736	y1900__p1:i2736	0.00347867	0.0201623	0.00735903	-0.0201092	0.000683088	-0.0271028	0.0281978	0.0108971	-0.00768858	0.011147	1900	NE	SK063	2	2736
y1900__p1:i7685	y1900__p1:i7685	-0.000841057	-0.00912022	-0.00399526	0.00253898	-0.0130089	0.0304952	-0.0243364	0.0245961	3.06617e-05	0.0116707	1900	NE	SK063	2	7685
y1900__p1:i8151	y1900__p1:i8151	0.0151079	0.00965237	0.00329394	0.00136991	-0.0258268	-0.00564733	-0.0109366	0.00742488	0.00408893	0.0264165	1900	NE	SK063	2	8151
y1900__p1:i24824	y1900__p1:i24824	0.000562881	-0.0033593	-0.00103695	-0.00521699	-0.0185292	0.0404892	0.00789338	0.0202622	-0.00843843	0.0133371	1900	NE	SK063	2	24824
y1900__p1:i18585	y1900__p1:i18585	0.0128977	-0.002575	0.0057955	0.0194002	-0.0155532	-0.00562953	0.00139197	0.015233	0.00861963	-0.0220016	1900	NE	SK063	2	18585
y1900__p1:i24293	y1900__p1:i24293	0.0174698	0.0153736	-0.0111027	-0.0147901	-0.0166889	0.0139906	0.00898252	0.0325993	-0.000786912	0.0179103	1900	NE	SK063	2	24293
y1900__p1:i12038	y1900__p1:i12038	-0.0026764	0.00839546	-0.00207885	0.00559862	-0.00635679	0.0326535	0.0141217	0.0103908	-0.0048272	-0.0054044	1900	NE	SK063	2	12038
y1900__p1:i16050	y1900__p1:i16050	0.0160427	-0.0144524	-0.0049027	0.00898024	-0.0381732	0.0247349	0.0109876	-0.00702923	0.015894	-0.0139817	1900	NE	SK063	2	16050
y1900__p1:i15204	y1900__p1:i15204	-0.00252498	-0.00144464	0.0114942	-0.00886638	-0.043303	0.0362076	-0.00202	0.0596924	0.0123906	0.0147555	1900	NE	SK063	2	15204
y1900__p1:i16055	y1900__p1:i16055	0.0103198	0.00109877	0.0160481	-0.0176659	0.0123908	0.0545108	6.73198e-05	0.0425642	0.0198875	0.00476976	1900	NE	SK063	2	16055
y1900__p1:i20158	y1900__p1:i20158	0.0235575	0.00247611	-0.00736906	0.00137234	-0.0532441	0.00305169	0.0171733	-0.0122411	-0.00635715	0.0189975	1900	NE	SK063	2	20158
y1900__p1:i21621	y1900__p1:i21621	0.0118445	0.0111003	0.00342044	-0.000429726	-0.02766	0.0235692	0.00725254	0.0158691	-0.0164548	0.00453165	1900	NE	SK063	2	21621
y1900__p1:i11135	y1900__p1:i11135	0.00819054	0.00662057	-0.00281153	-0.0179287	-0.0123878	0.035706	0.00574221	0.0265759	0.0129618	0.00214232	1900	NE	SK063	2	11135
y1900__p1:i21823	y1900__p1:i21823	0.0151702	0.00350903	0.00819535	-0.0196919	-0.0120382	0.0212668	0.00141688	0.00982147	0.0283418	-0.00932126	1900	NE	SK063	2	21823
y1900__p1:i19974	y1900__p1:i19974	0.00241821	0.0122624	0.0201091	-0.0262455	-0.0165718	0.0242469	-0.0116604	0.0378615	0.00984357	0.0317828	1900	NE	SK063	2	19974
y1900__p1:i7540	y1900__p1:i7540	-0.00452122	-0.0131333	0.0272336	-0.0197771	-0.0293408	0.0981077	-0.0335662	0.115843	-0.00301966	0.00998752	1900	NE	SK063	2	7540
y1900__p1:i13150	y1900__p1:i13150	0.00360511	-0.0117797	0.0200947	-0.0240332	-0.0222121	0.0292644	-0.0103064	0.0143171	-0.00861088	-0.00204912	1900	NE	SK064	3	13150
y1900__p1:i17019	y1900__p1:i17019	-0.00807318	-0.0177414	0.00803524	-0.000125895	-0.0113833	0.023972	0.0213915	0.0135197	0.0133686	0.0027508	1900	NE	SK064	3	17019
y1900__p1:i4294	y1900__p1:i4294	0.00421676	-0.00229877	0.00901183	-0.012578	-0.00784613	0.00151663	0.0113191	0.0125682	0.0254199	-0.0069735	1900	NE	SK064	3	4294
y1900__p1:i5870	y1900__p1:i5870	0.0172447	-8.44614e-05	-0.00768994	0.00185063	-0.0474818	0.00787468	0.00869887	0.0200182	0.0187859	0.0155504	1900	NE	SK064	3	5870
y1900__p1:i24127	y1900__p1:i24127	-0.0072978	0.000465352	0.0126355	-0.00544431	-0.00958093	0.0154812	-0.0214997	0.06202	-0.00306873	0.0246873	1900	NE	SK064	3	24127
y1900__p1:i11700	y1900__p1:i11700	0.0112908	-0.0173114	0.0121585	-0.0104963	-0.0238124	0.00844519	0.0165857	0.0279385	0.023166	-0.0183905	1900	NE	SK064	3	11700
y1900__p1:i2003	y1900__p1:i2003	0.00528447	-0.043481	0.0259734	-0.0198378	-0.0327831	0.0828921	-0.0115052	0.100265	0.00911594	0.0178583	1900	NE	SK064	3	2003
y1900__p1:i18639	y1900__p1:i18639	-0.0028717	-0.0222447	0.0480826	-0.00152968	-0.0364191	0.0901205	-0.0302313	0.114113	0.00542544	0.0182575	1900	NE	SK064	3	18639
y1900__p1:i1762	y1900__p1:i1762	-0.00194427	-0.00593451	0.00772481	-0.000577058	-0.00631729	0.0107452	0.019983	0.0270345	0.0116297	-0.0144337	1900	NE	SK064	3	1762
y1900__p1:i16931	y1900__p1:i16931	0.00329298	0.031396	0.0155832	0.0104888	0.00056722	0.0455	-0.0141695	0.0159466	-0.00159242	0.026207	1900	NE	SK064	3	16931
y1900__p1:i13879	y1900__p1:i13879	0.000643383	0.000630574	0.0276623	0.0189975	-0.0202316	0.0527012	0.00926866	0.0306899	-0.00342183	0.0353505	1900	NE	SK064	3	13879
y1900__p1:i24236	y1900__p1:i24236	-0.00416593	-0.00654223	-0.00364519	-0.00496509	-0.00236261	0.0387095	0.00712659	0.0214628	-0.00327691	-0.0196553	1900	NE	SK064	3	24236
y1900__p1:i15544	y1900__p1:i15544	0.00830327	-0.0226389	0.00237706	-0.0208952	-0.0247872	0.0546993	-0.0185882	0.0525802	-0.021561	0.0179032	1900	NE	SK064	3	15544
y1900__p1:i814	y1900__p1:i814	0.00421663	-0.0176607	0.0219936	-0.0237312	-0.0202231	0.0362	-0.0277077	0.042827	0.00577236	-0.00861717	1900	NE	SK064	3	814
y1900__p1:i19743	y1900__p1:i19743	-0.00783644	-0.0405142	0.05099	-0.018404	-0.0463071	0.134772	-0.0497581	0.165515	-0.013022	0.0283963	1900	NE	SK064	3	19743
y1900__p1:i13878	y1900__p1:i13878	0.000770356	0.00066404	0.027955	0.0193572	-0.0196143	0.0523131	0.00922468	0.0307528	-0.00317488	0.0358224	1900	NE	SK064	3	13878
y1900__p1:i7115	y1900__p1:i7115	0.00261385	0.00773195	0.00786313	-0.0144179	-0.0293503	0.021714	0.0118201	0.0165609	0.00544385	0.010972	1900	NE	SK064	3	7115
y1900__p1:i4607	y1900__p1:i4607	0.0103109	-0.0201236	0.00852897	-0.0261823	-0.0287521	0.0278971	-0.035209	0.0387331	0.00363176	0.00767917	1900	NE	SK064	3	4607
y1900__p1:i9739	y1900__p1:i9739	-0.00673765	0.0129992	0.00065174	0.00858566	-0.0166279	0.0216401	0.0107153	0.0193573	-0.000960134	0.021302	1900	NE	SK064	3	9739
y1900__p1:i23577	y1900__p1:i23577	-0.00271246	0.00756161	-0.00380516	0.000145643	-0.0164671	0.0305216	0.0159372	-0.000200846	-0.000943226	-0.00109085	1900	NE	SK064	3	23577
y1900__p1:i2439	y1900__p1:i2439	0.0105247	-0.00664857	0.0146314	-0.00779988	0.000472726	0.0156866	0.0110891	0.0210981	0.0155685	-0.00234641	1900	W	SK025	1	2439
y1900__p1:i22421	y1900__p1:i22421	-0.00926989	0.00917743	0.0158532	-0.00932914	-0.0193318	0.0150543	0.0118042	0.0204885	0.00710933	-0.0177251	1900	W	SK025	1	22421
y1900__p1:i16282	y1900__p1:i16282	0.00434245	0.0115153	-0.00762451	-0.0287496	-0.0161931	-0.00382902	-0.00115368	0.0150308	0.0173553	-0.0261273	1900	W	SK025	1	16282
y1900__p1:i4270	y1900__p1:i4270	-0.0130057	-0.0169046	0.0162506	0.00237764	0.00874589	-0.00230336	-0.000233863	-0.00277884	0.00106394	0.0318637	1900	W	SK025	1	4270
y1900__p1:i6848	y1900__p1:i6848	-0.000501026	-0.00334454	-0.00209411	-0.0502963	-0.0568779	-0.0111776	-0.0307378	0.0135332	-0.0127799	-0.0318514	1900	W	SK025	1	6848
y1900__p1:i17680	y1900__p1:i17680	0.00903907	0.00627093	-0.00384346	-0.0147452	0.00369923	0.00726061	0.00184427	0.0040837	-0.0246659	0.00554945	1900	W	SK025	1	17680
y1900__p1:i14002	y1900__p1:i14002	-0.0170124	0.0133617	0.00578372	-0.00485805	-0.0130284	0.00980923	-0.00682024	0.00819402	0.0107752	0.0172933	1900	W	SK025	1	14002
y1900__p1:i1689	y1900__p1:i1689	-0.010651	0.00846629	0.0189145	-0.0224728	-0.0126089	0.0050297	-0.0280719	-0.0163755	-0.0103161	-0.00621812	1900	W	SK025	1	1689
y1900__p1:i14723	y1900__p1:i14723	-0.0153196	-0.00311635	-0.00389871	-0.0552395	-0.0432166	-0.010956	-0.0475274	-0.00168229	-0.0187195	-0.0400355	1900	W	SK025	1	14723
y1900__p1:i22545	y1900__p1:i22545	-0.0105167	-0.00592033	0.0145031	-0.00728833	-0.00427683	0.0206669	-0.0141173	-0.00370511	-0.000725639	-0.00868579	1900	W	SK025	1	22545
y1900__p1:i8024	y1900__p1:i8024	0.0139687	0.00769731	0.00790133	0.00604758	-0.0194447	-0.0014839	-0.00465258	0.0191454	0.00250839	0.0173662	1900	W	SK025	1	8024
y1900__p1:i1001	y1900__p1:i1001	-0.00592997	0.0205998	0.0136968	-0.00352666	-0.0144419	0.0172512	-0.00240293	0.0222544	-0.00556967	-0.00140077	1900	W	SK025	1	1001
y1900__p1:i2262	y1900__p1:i2262	0.00451258	-0.0199706	0.00381321	0.00754751	-0.0119663	0.0202536	0.000194792	0.00476444	-0.00253222	0.0099831	1900	W	SK025	1	2262
y1900__p1:i8025	y1900__p1:i8025	0.0140983	-0.00314066	0.00415946	0.0112419	-0.0158986	-0.00495962	-0.00605734	0.0234643	0.00206609	0.0152498	1900	W	SK025	1	8025
y1900__p1:i1215	y1900__p1:i1215	-0.00398064	0.00079055	0.00264465	0.0171662	-0.019677	0.0280804	-0.0120501	0.00156833	0.0109085	0.0148098	1900	W	SK025	1	1215
y1900__p1:i5244	y1900__p1:i5244	0.00039616	0.0101132	0.00426293	-0.0175458	-0.0329511	-0.00142223	-0.0176132	0.00521287	-0.0118255	-0.00102596	1900	W	SK025	1	5244
y1900__p1:i19919	y1900__p1:i19919	-0.00746672	0.00458961	0.0119681	-0.0204815	-0.0164032	-0.0121173	0.00659691	0.0252818	0.0186968	-0.0041912	1900	W	SK025	1	19919
y1900__p1:i24224	y1900__p1:i24224	-0.0225064	-0.0179433	-0.0194198	-0.0388905	-0.0527425	-0.0164319	-0.0360661	-0.00515222	-0.0140944	-0.0485895	1900	W	SK025	1	24224
y1900__p1:i13232	y1900__p1:i13232	0.00571993	0.0116406	0.0195905	-0.00415393	-0.000856504	0.0136399	0.00582988	0.00874069	0.0238881	0.00651866	1900	W	SK025	1	13232
y1900__p1:i852	y1900__p1:i852	0.000116337	0.0175902	0.023287	-0.022453	-0.00439162	-0.0127622	-0.0167206	0.002253	0.00500164	-0.00334412	1900	W	SK025	1	852
y1900__p1:i5440	y1900__p1:i5440	0.000312606	-0.00425005	0.0224382	0.00465161	-0.0144706	0.00427007	-0.00374233	0.0327911	0.0221641	0.0143806	1900	W	SK026	2	5440
y1900__p1:i22219	y1900__p1:i22219	0.0026597	-0.0232347	0.00729735	-0.0275264	0.00677975	0.0269253	-0.00712938	0.0108103	-0.010157	0.0523507	1900	W	SK026	2	22219
y1900__p1:i8300	y1900__p1:i8300	-0.00638821	-0.00937846	-0.000164394	-0.00973483	-0.00406967	0.0243005	0.00450035	0.00261105	-0.00184402	0.00520755	1900	W	SK026	2	8300
y1900__p1:i9779	y1900__p1:i9779	0.00651672	0.0113678	-0.00449109	-0.0174136	-0.040388	0.0080209	-2.99544e-05	0.00977974	0.0136436	-0.0011863	1900	W	SK026	2	9779
y1900__p1:i15225	y1900__p1:i15225	0.000900974	-0.00569913	0.00642793	-0.0102271	0.00226928	0.0247196	-0.00574658	0.0303592	-0.00462698	0.0276266	1900	W	SK026	2	15225
y1900__p1:i21091	y1900__p1:i21091	-0.0122481	0.0135477	0.0108555	0.0146818	-0.0234388	0.0237171	0.0290237	0.00745111	0.00259735	-0.00661461	1900	W	SK026	2	21091
y1900__p1:i19838	y1900__p1:i19838	-0.00715668	0.0085378	-0.0101571	-0.014527	-0.00601286	0.0278992	-0.00963948	0.0186456	0.00632355	0.00462744	1900	W	SK026	2	19838
y1900__p1:i16354	y1900__p1:i16354	-0.0227688	-0.0253927	-0.0185276	-0.00341995	-0.0443457	-0.0121113	-0.0169673	-0.00271653	0.0116833	-0.0113278	1900	W	SK026	2	16354
y1900__p1:i8208	y1900__p1:i8208	0.0275417	-0.0169323	0.00056818	-0.00141208	-0.0184156	0.00109262	0.00282098	0.0288353	-0.0234668	0.000556458	1900	W	SK026	2	8208
y1900__p1:i24630	y1900__p1:i24630	-0.0134952	0.0129082	0.0189804	0.00806964	-0.00185717	0.0221695	0.0320857	0.00398825	-0.000583191	0.0102313	1900	W	SK026	2	24630
y1900__p1:i9308	y1900__p1:i9308	0.00430044	-0.00418894	0.00191465	-0.0254998	0.00338612	0.0206289	-0.000523945	0.0216827	0.00919992	0.019674	1900	W	SK026	2	9308
y1900__p1:i13681	y1900__p1:i13681	-0.00581559	-0.00158119	0.0221995	-0.00490145	-0.0234476	0.00853783	-0.00870821	0.0174713	0.00813275	-0.00878906	1900	W	SK026	2	13681
y1900__p1:i18497	y1900__p1:i18497	-0.0169545	-0.0212794	0.008136	-0.019327	-0.00762953	0.000254989	0.00747383	0.012552	-0.0147426	-0.00528842	1900	W	SK026	2	18497
y1900__p1:i17582	y1900__p1:i17582	-0.00445183	-0.00557162	-0.00166786	-0.0180261	-0.0011889	0.0356477	-0.0164033	0.0180182	-0.00499834	-0.00932445	1900	W	SK026	2	17582
y1900__p1:i11646	y1900__p1:i11646	0.0147249	0.0152735	0.0110204	-0.00543462	0.00406679	-0.00499874	0.000589585	0.0225897	0.00188975	-0.00650042	1900	W	SK026	2	11646
y1900__p1:i9552	y1900__p1:i9552	-0.00723463	0.00983236	0.0197744	0.00454919	-0.0212349	0.0287778	0.0169761	-0.00759272	0.0033656	-0.0179735	1900	W	SK026	2	9552
y1900__p1:i9121	y1900__p1:i9121	0.00855377	0.0133683	0.0219721	-0.000603024	-0.0050211	-0.00131905	0.0158652	0.00552446	-0.0221781	-0.00100067	1900	W	SK026	2	9121
y1900__p1:i9591	y1900__p1:i9591	0.00435551	0.00183764	-0.0165903	-0.00564924	-0.0153426	0.00264834	-0.00401621	0.0105745	0.00961905	-0.0326507	1900	W	SK026	2	9591
y1900__p1:i15176	y1900__p1:i15176	0.0132777	0.00715755	-0.00289121	0.00664151	-0.00635575	0.005951	-0.00144367	0.0211956	0.0112555	-0.00692278	1900	W	SK026	2	15176
y1900__p1:i19144	y1900__p1:i19144	-8.99735e-05	0.00253744	0.0242161	-0.0128938	0.0149761	0.01241	0.00190625	0.0178336	-0.00632663	0.000907394	1900	W	SK026	2	19144
y1900__p1:i18700	y1900__p1:i18700	-0.00236608	0.0036977	0.0111026	-0.00296401	-0.00692038	0.0167702	0.0044545	0.00161296	0.0212943	0.0148712	1900	W	SK034	3	18700
y1900__p1:i22555	y1900__p1:i22555	-0.0290083	-0.00360242	0.0484836	-0.0213122	-0.0142129	-0.00372943	-0.0137735	0.0204457	-0.00979808	0.000515269	1900	W	SK034	3	22555
y1900__p1:i8955	y1900__p1:i8955	0.00143783	0.00232006	-0.00435995	-0.0157692	-0.019472	0.00875119	-0.0068842	0.012549	0.0166297	0.0007891	1900	W	SK034	3	8955
y1900__p1:i8922	y1900__p1:i8922	0.0111349	0.00298634	-0.0112522	-0.00151012	-0.0215392	0.0348495	-0.00479458	0.0312839	0.0243121	0.0137958	1900	W	SK034	3	8922
y1900__p1:i10291	y1900__p1:i10291	0.02199	0.0226253	-0.0121369	-0.0155448	-0.0500876	0.0307518	-0.00404749	0.0204587	-0.00827729	0.00182355	1900	W	SK034	3	10291
y1900__p1:i4579	y1900__p1:i4579	-0.00412348	0.00161735	-0.00850023	0.0116619	-0.0231377	0.021637	-0.00294889	0.0214236	0.0108803	0.0197666	1900	W	SK034	3	4579
y1900__p1:i21032	y1900__p1:i21032	0.00593285	0.0159317	-0.0255813	0.0107512	-0.00729615	-0.00204747	-0.00834628	0.0178051	0.0049707	-0.0284598	1900	W	SK034	3	21032
y1900__p1:i20402	y1900__p1:i20402	-0.00895256	0.00220486	0.00538977	-0.00259133	-0.00200295	0.0310918	-0.000561689	0.0102627	0.00679133	0.0180741	1900	W	SK034	3	20402
y1900__p1:i15262	y1900__p1:i15262	-0.0030446	-0.0155117	-0.00043311	-0.0310516	-0.0272752	-0.0037588	0.014116	0.0042254	0.0341228	0.00495443	1900	W	SK034	3	15262
y1900__p1:i16362	y1900__p1:i16362	-0.0130124	0.0102192	0.0195747	0.0161036	-0.0205395	0.0216405	0.00601895	0.0145786	-0.00208226	-0.0158229	1900	W	SK034	3	16362
y1900__p1:i17740	y1900__p1:i17740	0.0128832	-0.000727688	-0.00597921	-0.0103105	-0.0168999	0.0282061	0.0126389	0.0255574	0.00158642	-0.0192937	1900	W	SK034	3	17740
y1900__p1:i12781	y1900__p1:i12781	-0.00910318	-0.0140077	-0.00569662	0.00128617	-0.024095	0.0183077	-0.00447116	0.0135033	0.0200536	0.0054584	1900	W	SK034	3	12781
y1900__p1:i23953	y1900__p1:i23953	-0.0122801	-0.00120361	-0.0289082	0.00219213	-0.0190811	0.0324974	0.0162707	0.032102	0.0237536	0.00804332	1900	W	SK034	3	23953
y1900__p1:i3841	y1900__p1:i3841	0.0083057	0.00467615	-0.00444392	-0.00760573	-0.0272522	0.0235233	0.0256534	0.00442801	0.010584	-0.00943695	1900	W	SK034	3	3841
y1900__p1:i9409	y1900__p1:i9409	0.00327232	-0.00362332	-0.00388154	-0.0184469	-0.0155915	0.0193916	-0.00429704	0.0166135	0.00719172	0.0138419	1900	W	SK034	3	9409
y1900__p1:i10494	y1900__p1:i10494	0.00230911	0.00602961	0.0129988	-0.00609117	-0.0299028	0.011979	0.0192868	0.0202426	0.0168817	0.0201244	1900	W	SK034	3	10494
y1900__p1:i11539	y1900__p1:i11539	0.0183976	-0.00460352	0.00243947	-0.000738436	-0.0149671	0.017608	0.00314927	0.00143317	0.00167128	0.000872252	1900	W	SK034	3	11539
y1900__p1:i22897	y1900__p1:i22897	-0.000269328	-0.0238748	-0.011949	-0.00666031	0.005869	0.0303397	-0.0180232	0.0275812	0.00129258	0.0158332	1900	W	SK034	3	22897
y1900__p1:i6709	y1900__p1:i6709	0.0022189	-0.00184847	-0.00907677	0.00117468	-0.0254019	0.0344573	0.0111646	0.00360489	0.0360346	0.0187678	1900	W	SK034	3	6709
y1900__p1:i3719	y1900__p1:i3719	0.00328366	-0.00392298	-0.020168	0.00063175	-0.0162386	0.0182986	0.0269143	0.0108628	-0.00302138	0.0138796	1900	W	SK034	3	3719
y1900__p1:i14982	y1900__p1:i14982	0.0054042	0.0276015	0.0135175	-0.0178447	-0.0458032	0.0304152	-0.0212159	-0.0134443	0.0175203	0.00115523	1900	E	SK037	1	14982
y1900__p1:i13711	y1900__p1:i13711	-0.0159799	0.0138163	-0.0171816	0.00916572	-0.0206115	0.00584033	0.00715822	0.0113526	-0.00878708	-0.0211189	1900	E	SK037	1	13711
y1900__p1:i14573	y1900__p1:i14573	0.00106948	-0.0010442	0.0209514	-0.0100617	-0.0117914	0.0180164	0.0136014	0.0241619	0.0156426	0.0318186	1900	E	SK037	1	14573
y1900__p1:i9177	y1900__p1:i9177	0.0138981	-0.0145057	0.00920163	-0.00704023	0.00703113	0.0245863	-0.0109004	0.0391335	-0.00775254	0.00369083	1900	E	SK037	1	9177
y1900__p1:i13264	y1900__p1:i13264	0.00423098	0.0129398	0.0128999	0.000122252	0.00698569	-0.00329323	0.0141299	-0.0119431	-0.0052994	0.00671226	1900	E	SK037	1	13264
y1900__p1:i23940	y1900__p1:i23940	-0.00025176	0.014841	0.0296293	0.0033204	-0.0066904	0.0133929	-0.00944977	-0.00359652	0.0200033	-0.00333002	1900	E	SK037	1	23940
y1900__p1:i24178	y1900__p1:i24178	-0.00956321	0.0221098	-0.00194858	-0.00868851	-0.0410503	0.0172318	-0.0143399	0.0258567	0.0119822	0.0023358	1900	E	SK037	1	24178
y1900__p1:i6457	y1900__p1:i6457	0.00316243	0.0166493	-0.00947165	0.0158667	-0.00929125	0.0398996	-0.0239352	0.00745105	0.000736924	-0.00888677	1900	E	SK037	1	6457
y1900__p1:i21716	y1900__p1:i21716	-0.00964802	-0.00245416	0.013414	-0.0182853	-0.00751122	0.0381766	-0.018675	0.0118244	0.0276358	-0.00385459	1900	E	SK037	1	21716
y1900__p1:i5749	y1900__p1:i5749	-0.00720007	0.023243	-0.021222	-0.00628942	-0.0153782	0.0322946	-0.00859988	0.00356692	0.0206567	0.0193148	1900	E	SK037	1	5749
y1900__p1:i14980	y1900__p1:i14980	0.00225112	0.0275476	0.0141022	-0.013658	-0.0523482	0.039676	-0.0269312	-0.0154183	0.0170696	-0.00102969	1900	E	SK037	1	14980
y1900__p1:i4672	y1900__p1:i4672	-0.00234008	0.00369909	-0.00575208	0.0115631	-0.00165813	0.0409278	0.0068643	0.00961117	-0.019802	0.0243136	1900	E	SK037	1	4672
y1900__p1:i19489	y1900__p1:i19489	-0.00707507	0.0133172	0.00584445	-0.000914445	-0.0013324	-0.00224618	-0.00985226	0.00361806	0.00847347	0.0307156	1900	E	SK037	1	19489
y1900__p1:i11849	y1900__p1:i11849	-0.0125651	-0.0125135	0.0140718	0.00651476	-0.00248911	0.0359401	0.0116589	0.0050992	-0.020476	0.00548639	1900	E	SK037	1	11849
y1900__p1:i1066	y1900__p1:i1066	-0.00465224	0.00772067	-0.0043978	0.00121751	-0.000225227	0.0109813	0.0232932	0.00491589	-0.000385228	0.00275932	1900	E	SK037	1	1066
y1900__p1:i21690	y1900__p1:i21690	-0.0101329	0.00591357	0.0207554	0.00187139	0.0108848	-0.00514076	-0.0141407	-0.0272561	-0.00880794	-0.0240317	1900	E	SK037	1	21690
y1900__p1:i10254	y1900__p1:i10254	0.00798609	0.00880108	0.00763598	-0.0338697	0.0125974	0.0107278	-0.0225986	0.016253	-0.00659481	-0.00303016	1900	E	SK037	1	10254
y1900__p1:i16853	y1900__p1:i16853	0.000974361	0.00361015	-0.00261898	-0.0291454	-0.00823169	0.0085605	-0.0189082	0.0222545	-0.0207517	0.00160162	1900	E	SK037	1	16853
y1900__p1:i13106	y1900__p1:i13106	-0.00831656	0.0321805	0.015796	0.0184935	-0.0212537	0.0427246	-0.0118468	-0.0268167	-0.00524548	-0.0158636	1900	E	SK037	1	13106
y1900__p1:i9164	y1900__p1:i9164	-0.00670123	-0.00740412	0.00341583	0.00572363	-0.0170965	0.0145629	-0.00639869	0.0265117	0.000406102	0.0107864	1900	E	SK037	1	9164
y1900__p1:i3856	y1900__p1:i3856	-0.0176887	0.0124453	0.000608346	-0.00782024	-0.00781396	0.0146722	0.0019364	0.0237151	0.0190318	-0.00999702	1900	E	SK045	2	3856
y1900__p1:i3849	y1900__p1:i3849	-0.00581465	0.0171374	0.00746039	-0.0203341	-0.0248841	0.0137693	-0.0173213	0.0408907	0.0159379	0.000482569	1900	E	SK045	2	3849
y1900__p1:i11238	y1900__p1:i11238	0.00306708	0.0166892	0.00998244	-0.0180166	-0.00728488	0.00346286	-0.0158911	0.0156011	-0.00330056	0.00350958	1900	E	SK045	2	11238
y1900__p1:i15655	y1900__p1:i15655	0.00352752	0.00364457	-0.0145364	-0.024057	-0.013147	-0.00474568	0.0111428	0.00226559	-0.007641	0.00701815	1900	E	SK045	2	15655
y1900__p1:i20125	y1900__p1:i20125	-0.0392524	-0.0265259	0.0307949	-0.0172992	-0.0146861	0.0569635	0.00884225	0.0247803	-0.0145566	-0.0434423	1900	E	SK045	2	20125
y1900__p1:i1286	y1900__p1:i1286	-0.0207257	0.00703688	0.0169948	-0.00817454	-0.0172595	0.02355	0.0152611	-0.0078697	0.0252402	-0.00358392	1900	E	SK045	2	1286
y1900__p1:i10390	y1900__p1:i10390	0.0121145	0.000804757	-0.00803266	0.014936	0.00500199	0.0099692	0.0210204	0.00661785	0.00261951	-0.00392725	1900	E	SK045	2	10390
y1900__p1:i5518	y1900__p1:i5518	2.23701e-05	-0.0111817	-0.00594002	0.00638554	-0.0444546	0.00454512	0.0100586	0.0130133	0.0150364	0.00138653	1900	E	SK045	2	5518
y1900__p1:i19788	y1900__p1:i19788	-0.0182952	0.0153908	-0.00501662	0.0125156	-0.0289527	0.0161988	-0.00301324	-0.00267217	0.0264515	0.0183775	1900	E	SK045	2	19788
y1900__p1:i6787	y1900__p1:i6787	-0.00520681	0.00194268	-0.0055862	-0.00637642	-0.0260922	0.00996612	0.00478635	0.0274268	0.0170683	-0.00451318	1900	E	SK045	2	6787
y1900__p1:i3331	y1900__p1:i3331	0.00317247	-0.0140016	-0.00497444	-0.0130167	-0.0127151	-0.00493007	-0.00222569	-0.00206338	-0.0188281	-0.0104849	1900	E	SK045	2	3331
y1900__p1:i25372	y1900__p1:i25372	-0.00722202	0.014899	0.00208982	-0.00303007	0.00138243	0.0300508	0.00536573	0.00391339	-0.0177609	0.0233844	1900	E	SK045	2	25372
y1900__p1:i9607	y1900__p1:i9607	0.00039659	0.00292236	0.00338788	-0.0114378	-0.0284426	0.00785912	-0.00917788	0.0128019	0.00658001	0.0105815	1900	E	SK045	2	9607
y1900__p1:i24820	y1900__p1:i24820	0.0337468	0.0211416	-0.0200454	-0.0093595	-0.00714247	0.0186823	0.00951994	0.0421872	-0.0251355	-0.0096659	1900	E	SK045	2	24820
y1900__p1:i25481	y1900__p1:i25481	-0.00453126	0.00774067	0.00823058	-0.00453348	-0.0173174	0.0336387	0.0176174	0.00727208	0.0419008	-0.00954667	1900	E	SK045	2	25481
y1900__p1:i15796	y1900__p1:i15796	-0.0122343	-0.0259442	0.0111543	0.00410011	-0.01655	0.0260848	-0.00535823	0.0251508	0.043467	0.00965762	1900	E	SK045	2	15796
y1900__p1:i3033	y1900__p1:i3033	0.0186914	-0.0135993	-0.00916736	-0.0161063	-0.0174237	0.018134	0.0104657	-0.0102281	-0.0280937	0.022305	1900	E	SK045	2	3033
y1900__p1:i15950	y1900__p1:i15950	-0.00703156	-0.00702255	0.0147067	-0.00782492	-0.0116859	0.0228577	0.0182135	0.00757987	-0.0175355	-0.019135	1900	E	SK045	2	15950
y1900__p1:i7334	y1900__p1:i7334	0.0044712	0.0072008	0.00287637	-0.00722488	-0.0065123	0.0190654	0.0161125	0.00836096	0.00269832	-0.0196255	1900	E	SK045	2	7334
y1900__p1:i15576	y1900__p1:i15576	-0.0143361	0.0230969	-0.00142282	0.00100538	-0.0257054	-0.00500819	-0.0138296	0.00895949	-0.0311903	-0.010278	1900	E	SK045	2	15576
y1900__p1:i22406	y1900__p1:i22406	-0.00976721	-0.0019506	0.00504604	-0.00868745	-0.0341632	-0.00586042	0.00936978	0.00419769	0.0314618	0.006478	1900	E	SK046	3	22406
y1900__p1:i10727	y1900__p1:i10727	-0.0133126	0.00347664	0.0129157	0.0213988	-0.01832	0.0127235	-0.00350543	0.00501532	0.0227367	-0.0305457	1900	E	SK046	3	10727
y1900__p1:i9632	y1900__p1:i9632	0.0064802	0.0189152	0.0121574	-0.0305978	-0.00608742	-0.0167306	0.0145362	0.00926521	0.00895233	0.00301676	1900	E	SK046	3	9632
y1900__p1:i15677	y1900__p1:i15677	-0.00969207	-0.00873558	-0.00649383	-0.0173469	-0.0281487	0.00832633	0.00355541	-0.0075535	0.0188259	0.0133087	1900	E	SK046	3	15677
y1900__p1:i2779	y1900__p1:i2779	-0.000377247	0.0118797	-0.00302871	-0.017763	-0.0184407	0.0141969	0.00785887	0.0196787	0.0249446	0.0159815	1900	E	SK046	3	2779
y1900__p1:i14864	y1900__p1:i14864	-0.0154457	0.0139491	0.0337068	0.015038	-0.0212637	0.0401112	0.0208029	-0.0104645	-0.00254316	-0.018427	1900	E	SK046	3	14864
y1900__p1:i3508	y1900__p1:i3508	0.00403987	0.013932	0.0093836	-0.0152808	-0.0280302	0.00838619	0.00937605	0.0252454	0.0159543	0.0144904	1900	E	SK046	3	3508
y1900__p1:i6135	y1900__p1:i6135	-0.0048781	0.020387	0.00194759	-0.00878072	-0.0357317	0.0289952	0.000439899	0.00241928	-0.0130471	0.0175611	1900	E	SK046	3	6135
y1900__p1:i17389	y1900__p1:i17389	0.00737389	0.0085468	0.0172055	0.0157908	-0.00804792	0.00975669	0.0113878	0.0272463	-0.0266151	0.000382942	1900	E	SK046	3	17389
y1900__p1:i7671	y1900__p1:i7671	-0.0160411	0.00351844	0.00466674	-0.0102529	-0.0159295	0.0213063	-0.000724028	0.0184021	0.0160627	-0.00863005	1900	E	SK046	3	7671
y1900__p1:i14514	y1900__p1:i14514	0.00262355	0.0233673	-0.0120587	-0.00597738	-0.0303899	0.027924	0.021715	0.011372	0.0331329	0.00789763	1900	E	SK046	3	14514
y1900__p1:i20889	y1900__p1:i20889	-0.016413	-0.000215805	-0.0150258	-0.0191135	-0.0109919	0.0180858	0.0134589	0.0253183	0.0222927	0.00774271	1900	E	SK046	3	20889
y1900__p1:i18646	y1900__p1:i18646	0.00320959	0.00592886	-0.00610941	-0.030285	-0.019309	0.0303474	-0.00505736	0.0142117	0.00710584	-0.00062893	1900	E	SK046	3	18646
y1900__p1:i8486	y1900__p1:i8486	0.0130889	0.0114894	-0.00181629	-0.00729303	-0.0235958	0.0188733	0.0115396	0.0326148	-0.0128806	-0.00802246	1900	E	SK046	3	8486
y1900__p1:i15835	y1900__p1:i15835	0.00635269	0.0156853	0.0188329	0.0100384	-0.00670934	0.0335895	0.00246045	0.028455	-0.00145943	0.0149678	1900	E	SK046	3	15835
y1900__p1:i17511	y1900__p1:i17511	0.0153015	-0.00451495	-0.01768	0.000964324	-0.0291709	0.0197102	0.00854946	0.0170267	0.00436544	0.0154861	1900	E	SK046	3	17511
y1900__p1:i18142	y1900__p1:i18142	-0.0205365	-0.00490952	-0.0157031	-0.00036911	0.0101922	0.00182229	4.70358e-06	0.00994612	0.0028033	0.0450617	1900	E	SK046	3	18142
y1900__p1:i22664	y1900__p1:i22664	0.00489219	-0.00497878	0.00438876	-0.00390936	-0.022707	0.024652	-0.00205474	-0.00814058	0.00884482	-0.00898427	1900	E	SK046	3	22664
y1900__p1:i22173	y1900__p1:i22173	-0.00434035	0.0158594	0.00242092	-0.0179042	-0.0179443	0.0152635	0.00943579	0.0248613	0.0230578	0.0023735	1900	E	SK046	3	22173
y1900__p1:i1680	y1900__p1:i1680	0.00669562	0.00331409	-0.00964168	-0.0069167	-0.0253469	0.00680227	0.00383167	0.0354386	-0.000421571	-3.8576e-05	1900	E	SK046	3	1680
y1900__p1:i5043	y1900__p1:i5043	-0.0133095	0.0102203	0.0516745	0.00430089	-0.016672	0.03234	-0.00637274	-0.0163902	-0.0206371	-0.0402996	1900	SE	SK008	1	5043
y1900__p1:i13305	y1900__p1:i13305	0.00935712	0.0294356	-0.0106603	0.00470593	0.0258797	0.0225759	0.00268071	0.0130317	0.000976848	0.00170533	1900	SE	SK008	1	13305
y1900__p1:i17690	y1900__p1:i17690	-0.0225304	0.00864714	0.0109537	-0.0147462	-0.0148995	0.0210812	0.0114138	0.0167048	-0.0128362	-0.0261489	1900	SE	SK008	1	17690
y1900__p1:i21403	y1900__p1:i21403	-0.00822365	0.0302882	0.032644	0.0229141	-0.026531	0.00229092	0.00556424	-0.00331399	-0.0101724	-0.0526152	1900	SE	SK008	1	21403
y1900__p1:i15191	y1900__p1:i15191	-0.0125295	0.013595	0.0169972	-0.0247541	-0.0101249	0.0364652	0.0178268	0.0427714	-0.0318867	-0.000105283	1900	SE	SK008	1	15191
y1900__p1:i13181	y1900__p1:i13181	-0.0222503	0.0246878	0.0254328	-0.00374599	-0.0160509	-0.0193706	-0.0200359	0.00498326	0.0126684	-0.00366807	1900	SE	SK008	1	13181
y1900__p1:i729	y1900__p1:i729	-0.0149696	0.0117849	0.0180067	-0.00788732	0.0176237	0.0124971	0.0156361	0.00944795	-0.0454386	0.00702751	1900	SE	SK008	1	729
y1900__p1:i10801	y1900__p1:i10801	-0.0140671	-0.00750779	0.00652861	0.00917284	-0.00859378	0.0060429	-0.0161354	0.0181466	0.00482035	-0.00917551	1900	SE	SK008	1	10801
y1900__p1:i13238	y1900__p1:i13238	0.00837935	0.00289674	-0.000326024	-0.0285084	-0.0284081	0.0183577	0.0134623	0.00656784	0.00607644	-0.0249348	1900	SE	SK008	1	13238
y1900__p1:i15997	y1900__p1:i15997	-0.0159353	0.0192989	0.0186871	-0.0121366	-0.0095074	0.00431953	-0.00278906	0.00366784	0.019381	-0.00205796	1900	SE	SK008	1	15997
y1900__p1:i6660	y1900__p1:i6660	-0.0049527	0.0138307	0.0234897	-0.0100167	0.0222708	0.0108011	0.0346138	0.000669217	-0.0115759	-0.0188022	1900	SE	SK008	1	6660
y1900__p1:i16836	y1900__p1:i16836	0.00542285	0.0287402	0.000691444	-0.00690694	0.00654171	0.0108404	-0.0059215	0.0136218	-0.00132989	-0.00401136	1900	SE	SK008	1	16836
y1900__p1:i3346	y1900__p1:i3346	8.06245e-05	0.0055241	0.0192173	0.00534537	0.0124904	0.055565	0.0231428	0.0424743	-0.0116072	0.011449	1900	SE	SK008	1	3346
y1900__p1:i21404	y1900__p1:i21404	-0.0185527	0.0193545	0.0573436	0.0388764	-0.0271896	0.0108557	0.00421348	-0.00204203	-0.0119913	-0.0775028	1900	SE	SK008	1	21404
y1900__p1:i3222	y1900__p1:i3222	0.00145421	0.00226886	-0.0182556	-0.0116474	0.00443251	0.00386981	-0.00171233	0.0270125	-0.0157063	-0.00853283	1900	SE	SK008	1	3222
y1900__p1:i15691	y1900__p1:i15691	-0.00894297	0.0273223	0.0719337	0.0368855	-0.0391154	0.0192636	0.0220432	-0.0155908	-0.0462933	-0.0786659	1900	SE	SK008	1	15691
y1900__p1:i1081	y1900__p1:i1081	-0.00226959	0.019347	0.0339228	0.0182451	-0.0333968	0.0312468	0.00869489	-0.0180127	-0.0272109	-0.0400286	1900	SE	SK008	1	1081
y1900__p1:i17275	y1900__p1:i17275	-0.00804092	0.0299621	0.042981	-0.000139291	-0.000926018	0.0356004	-0.0115578	0.00671122	-0.0162367	-0.0164178	1900	SE	SK008	1	17275
y1900__p1:i17677	y1900__p1:i17677	-0.00289222	-0.00172044	-0.00176794	-0.00131135	0.000498808	0.0286815	0.0137714	0.040418	-0.00692042	0.000928589	1900	SE	SK008	1	17677
y1900__p1:i21526	y1900__p1:i21526	0.0124177	-0.00694463	0.00115516	-0.00995803	0.0105996	0.00885577	0.00808446	-0.00499033	0.00744382	0.0174745	1900	SE	SK008	1	21526
y1900__p1:i1550	y1900__p1:i1550	0.011807	-0.00790027	-0.000316109	-0.00945851	-0.00737902	-0.00804868	0.00590614	0.0445869	0.00599515	-0.0140657	1900	SE	SK018	2	1550
y1900__p1:i16268	y1900__p1:i16268	-0.00548589	0.00351562	-0.0170293	-0.0159186	-0.0106619	0.0193006	0.00115555	0.0142477	-0.00763462	-0.00455682	1900	SE	SK018	2	16268
y1900__p1:i3840	y1900__p1:i3840	0.00407894	0.0165569	0.0133873	-0.0116402	-0.0228515	0.0198155	0.00936952	0.0100135	-0.012108	-0.00559699	1900	SE	SK018	2	3840
y1900__p1:i18505	y1900__p1:i18505	-0.00869793	0.0176458	0.00717302	0.0130289	-0.00592038	0.0439876	0.00496067	0.00597764	-0.00421711	-0.00212884	1900	SE	SK018	2	18505
y1900__p1:i7244	y1900__p1:i7244	-0.0138216	0.0177924	0.0183881	0.00797863	-0.0181299	0.00344129	-0.0125394	0.00792725	0.0195267	0.0108609	1900	SE	SK018	2	7244
y1900__p1:i15361	y1900__p1:i15361	-0.00420771	0.00976728	0.00306495	0.00502084	-0.00383241	0.00168874	0.0032992	0.0094036	0.00707241	0.0140562	1900	SE	SK018	2	15361
y1900__p1:i25322	y1900__p1:i25322	-0.00610871	0.00626685	0.0333606	-0.0123198	-0.027662	0.0181362	-0.0111904	0.0229237	-0.0116294	0.0123841	1900	SE	SK018	2	25322
y1900__p1:i17187	y1900__p1:i17187	0.00930462	0.00917615	0.00922315	-0.0089553	-0.00447609	0.0033225	0.00349846	0.00472241	0.0215343	0.00188072	1900	SE	SK018	2	17187
y1900__p1:i13272	y1900__p1:i13272	-0.0225855	0.00114267	0.00539732	-0.0113026	-0.000188985	0.00284702	0.00982473	-0.0102945	-0.00799568	-0.0183521	1900	SE	SK018	2	13272
y1900__p1:i5387	y1900__p1:i5387	-0.0199274	-0.00410548	-0.0113408	-0.0139412	-0.0168952	0.0322162	-0.00743892	0.0225502	0.00278832	0.00553144	1900	SE	SK018	2	5387
y1900__p1:i9644	y1900__p1:i9644	-0.0161236	-0.00897852	0.00268345	-0.00114188	-0.0192353	0.00591764	-0.00974029	0.0142936	0.00973623	-0.0036409	1900	SE	SK018	2	9644
y1900__p1:i23662	y1900__p1:i23662	-0.0115277	0.00734832	0.00213479	0.00677579	-0.0145134	0.0112854	-0.00579216	0.0176033	0.000321861	-0.00108485	1900	SE	SK018	2	23662
y1900__p1:i24697	y1900__p1:i24697	-0.00152096	-0.0134273	0.0167244	-0.00618464	-0.0190218	0.0255572	-0.000821418	0.0239191	0.00823951	0.00641218	1900	SE	SK018	2	24697
y1900__p1:i7806	y1900__p1:i7806	-0.0106631	0.0139101	0.0100271	0.00681865	0.0216425	0.0249177	0.0216916	0.0111924	0.00107162	0.0132998	1900	SE	SK018	2	7806
y1900__p1:i16170	y1900__p1:i16170	0.00481246	0.00619125	0.0219308	-0.00659039	0.000930107	0.0314666	0.000870457	0.0184499	-0.00684257	0.014029	1900	SE	SK018	2	16170
y1900__p1:i12136	y1900__p1:i12136	-0.00188425	0.00984361	0.0107636	0.0132395	-0.00719765	0.0244321	0.00544863	0.00903094	-0.0389326	-0.0157654	1900	SE	SK018	2	12136
y1900__p1:i18272	y1900__p1:i18272	-0.00314751	-0.00306156	-0.00734032	-0.0134211	-0.0195888	0.014328	-0.00646863	0.0370426	-0.00707371	-0.00832868	1900	SE	SK018	2	18272
y1900__p1:i17188	y1900__p1:i17188	0.00430669	0.00427142	0.0120442	0.0114438	-0.0166044	0.0090689	0.00755674	0.0109266	0.014514	-0.00568687	1900	SE	SK018	2	17188
y1900__p1:i15406	y1900__p1:i15406	0.00462384	0.0079899	-0.00326457	-0.0145065	-0.0150433	0.0288592	-0.0189121	0.00187317	-0.03876	-0.0149157	1900	SE	SK018	2	15406
y1900__p1:i17298	y1900__p1:i17298	0.000148166	0.0311045	-0.00666811	-0.0117504	-0.0403056	0.0238975	0.00298963	0.0200413	-0.0274692	-0.0218754	1900	SE	SK018	2	17298
y1900__p1:i15816	y1900__p1:i15816	0.00307153	0.00906299	0.00259845	0.00473995	-0.0223816	0.00272261	0.0161054	0.00477965	-0.0275755	0.00704237	1900	SE	SK019	3	15816
y1900__p1:i3543	y1900__p1:i3543	-0.0143435	0.0212882	-0.000716081	-0.00245786	-0.0031267	0.0342762	0.0166983	0.0288483	-0.00122151	-0.0160003	1900	SE	SK019	3	3543
y1900__p1:i13836	y1900__p1:i13836	-0.0148468	-0.00280634	0.00315659	0.00613278	-0.0125894	0.00718155	0.0225771	-0.0170175	0.0051807	0.00782753	1900	SE	SK019	3	13836
y1900__p1:i578	y1900__p1:i578	0.0080649	-0.0219582	0.00700029	-0.0174357	-0.0254838	0.0245407	0.0145908	0.0203315	0.00595119	0.00371233	1900	SE	SK019	3	578
y1900__p1:i13695	y1900__p1:i13695	-0.00516894	-0.00265128	0.0192814	-0.00666156	0.00426721	0.0302031	-0.00563812	-0.00166776	-0.0124638	0.00638788	1900	SE	SK019	3	13695
y1900__p1:i16755	y1900__p1:i16755	-0.0142033	0.0214964	-0.000436486	0.0104047	-0.0109002	0.0274404	0.00077172	0.0142073	0.0226241	-0.00844118	1900	SE	SK019	3	16755
y1900__p1:i1357	y1900__p1:i1357	-0.00730633	0.0204623	0.00454777	-0.0059317	-0.0192485	0.0115674	-0.00108042	0.00637399	-0.0182474	0.0210973	1900	SE	SK019	3	1357
y1900__p1:i3225	y1900__p1:i3225	-0.00647707	0.00295311	0.00730735	0.00293405	-0.00432364	0.0258533	0.00736327	0.00113547	-0.0271442	0.00740197	1900	SE	SK019	3	3225
y1900__p1:i14678	y1900__p1:i14678	-0.00468566	0.00460839	-0.00958345	0.00979625	-0.00583318	0.0109119	-0.00587456	0.00884722	0.0136391	-0.00299367	1900	SE	SK019	3	14678
y1900__p1:i14511	y1900__p1:i14511	0.00303697	0.0274259	0.010702	0.0177462	0.0068361	0.0335826	0.00873981	0.012084	-0.0187955	0.0153236	1900	SE	SK019	3	14511
y1900__p1:i14579	y1900__p1:i14579	-0.00470786	-0.00474139	0.020676	0.00153095	-0.0103875	-0.0140938	-0.00289798	0.0105835	-0.0224638	-0.020779	1900	SE	SK019	3	14579
y1900__p1:i20548	y1900__p1:i20548	-0.000215399	-0.00419812	-0.00619317	-0.0221837	-0.0273301	0.0115961	0.00257167	0.0235623	0.00669663	0.00914008	1900	SE	SK019	3	20548
y1900__p1:i19886	y1900__p1:i19886	-0.0069002	0.00610219	0.00206645	-0.00942337	-0.00472163	0.0191704	0.0149608	0.010313	-0.00380205	0.0112251	1900	SE	SK019	3	19886
y1900__p1:i18108	y1900__p1:i18108	-0.00457058	-0.00172411	0.0209089	-0.00913017	-0.0149128	0.0146184	0.0114381	0.00410325	0.0248614	-0.012676	1900	SE	SK019	3	18108
y1900__p1:i6836	y1900__p1:i6836	-0.0107989	0.00101081	0.0181707	-0.0066142	-0.0175482	0.0339186	-0.00661009	0.0162862	0.00111971	-0.0128358	1900	SE	SK019	3	6836
y1900__p1:i15557	y1900__p1:i15557	0.00534351	-0.00531189	-0.00172546	-0.00545775	-0.0314234	0.0336215	0.00621354	0.0163043	-0.0175158	-0.00232548	1900	SE	SK019	3	15557
y1900__p1:i1504	y1900__p1:i1504	-0.00292421	0.00734302	-0.0129739	0.00262427	-0.00782034	0.0155297	0.00885314	0.0267859	0.00191749	-0.0126009	1900	SE	SK019	3	1504
y1900__p1:i15333	y1900__p1:i15333	-0.00344708	0.00409373	0.0194746	-0.00995225	-0.0243855	0.0237819	-0.00726874	0.0351338	0.00314289	0.00175604	1900	SE	SK019	3	15333
y1900__p1:i3238	y1900__p1:i3238	0.0204662	0.0076245	0.00453716	-0.0121718	-0.0169541	0.0128333	0.0156311	0.0194229	0.0209497	0.0144911	1900	SE	SK019	3	3238
y1900__p1:i10990	y1900__p1:i10990	-0.0117505	-0.00143683	0.00851147	-0.00318244	-0.0100156	0.0083939	0.00367514	0.0110062	-0.00491715	-0.0036709	1900	SE	SK019	3	10990
y2020__p1:i14745	y2020__p1:i14745	0.0498145	-0.0146947	0.00327809	-0.0174266	-0.00122308	-0.0100157	-0.0027337	0.0184249	0.00411207	0.01898	2020	NW	SK060	1	14745
y2020__p1:i1880	y2020__p1:i1880	0.0798285	-0.0126882	-0.00993134	0.00928859	-0.00690457	-0.00773095	0.00368246	-0.007107	-0.00773603	-0.012951	2020	NW	SK060	1	1880
y2020__p1:i14143	y2020__p1:i14143	0.0559709	-0.0315889	0.0046552	-0.0072313	-0.00160168	0.0243997	-0.00252001	0.0305944	-0.0123652	0.00434034	2020	NW	SK060	1	14143
y2020__p1:i12397	y2020__p1:i12397	0.041364	0.00397896	-0.00487494	-0.00752198	-0.00504828	-0.0105532	0.0132909	0.00766554	0.017459	-0.0102718	2020	NW	SK060	1	12397
y2020__p1:i1027	y2020__p1:i1027	0.0623056	-0.0279504	0.00099543	0.0114145	0.0398279	-0.0222661	-0.0182934	-0.0130333	-0.0161462	0.0193503	2020	NW	SK060	1	1027
y2020__p1:i1439	y2020__p1:i1439	0.0271965	-0.00937624	0.0046651	0.0132352	0.00974826	0.00501105	0.00300611	0.0375561	0.00329951	0.0106099	2020	NW	SK060	1	1439
y2020__p1:i15755	y2020__p1:i15755	0.0218874	-0.0118095	-0.00236696	0.00365192	-0.03017	0.0101591	0.0198655	0.00697738	0.00130843	0.0214505	2020	NW	SK060	1	15755
y2020__p1:i3218	y2020__p1:i3218	0.0248928	0.0155239	0.0150575	0.0133092	0.0219519	-0.0248047	-0.00733664	-0.00206526	0.0316818	0.017398	2020	NW	SK060	1	3218
y2020__p1:i8357	y2020__p1:i8357	0.0508298	-0.0388688	-0.0139274	-0.0135812	-0.0155099	0.0368519	-0.0186739	0.0179477	0.00245423	-0.0215542	2020	NW	SK060	1	8357
y2020__p1:i4529	y2020__p1:i4529	0.0412713	-0.0232159	-0.000658288	-0.00688555	0.0051388	0.0426242	-0.00367191	0.0280429	-0.0360757	0.00779577	2020	NW	SK060	1	4529
y2020__p1:i13180	y2020__p1:i13180	0.0291349	-0.00982589	0.00818178	0.0162405	-0.00328572	0.0189132	-0.00946686	0.00838332	0.0116747	0.00461017	2020	NW	SK060	1	13180
y2020__p1:i6948	y2020__p1:i6948	0.0287951	-0.00442862	0.00925778	-0.0171524	0.00719755	-0.00140953	-0.0178134	-0.00965213	-0.0252625	0.0404581	2020	NW	SK060	1	6948
y2020__p1:i7783	y2020__p1:i7783	0.0312109	-0.0124013	0.0104919	-0.0263452	0.0160454	0.0306774	-0.00647043	0.0191767	0.00986962	0.000731975	2020	NW	SK060	1	7783
y2020__p1:i8356	y2020__p1:i8356	0.0404892	-0.0403584	0.00512081	-0.024097	-0.013962	0.0445037	0.00377325	0.000843442	0.00124996	-0.0264421	2020	NW	SK060	1	8356
y2020__p1:i7306	y2020__p1:i7306	0.0274102	0.0143359	0.0174518	0.0218576	-0.0067158	0.00941786	0.0195223	-0.00478048	-0.00448399	0.0243165	2020	NW	SK060	1	7306
y2020__p1:i15756	y2020__p1:i15756	0.0228184	-0.0140362	0.000947497	0.00250331	-0.0232116	0.017089	0.0154759	0.0121847	-0.00429149	0.00443754	2020	NW	SK060	1	15756
y2020__p1:i10499	y2020__p1:i10499	0.0347335	0.0143818	0.0178227	0.00925975	0.00728603	-0.0144015	0.0276985	-0.00154775	0.0154466	0.0313194	2020	NW	SK060	1	10499
y2020__p1:i14118	y2020__p1:i14118	0.0596587	-0.0444484	0.00415327	-0.00136797	0.0254447	0.0805735	0.00754088	0.0156504	-0.0116279	-0.00513853	2020	NW	SK060	1	14118
y2020__p1:i7984	y2020__p1:i7984	0.0330144	-0.00207055	0.00527763	-0.00343328	0.00375733	-0.0111216	-0.0098646	0.00694661	-0.0037039	0.00591769	2020	NW	SK060	1	7984
y2020__p1:i469	y2020__p1:i469	0.0437126	0.0132086	-0.0156159	-0.0158163	-0.00704913	-0.0113617	0.0118566	-0.0340686	0.00305368	0.0344836	2020	NW	SK060	1	469
y2020__p1:i15488	y2020__p1:i15488	0.0589023	-0.0110415	0.00705988	-0.00454633	0.0181822	-0.0178523	-0.00593487	-0.00372611	-0.00392576	0.0460487	2020	NW	SK068	2	15488
y2020__p1:i8205	y2020__p1:i8205	0.050346	-0.0254348	0.00531404	-0.00911572	-0.0134392	-0.0106943	-0.0226501	-0.0255972	0.018099	0.0164787	2020	NW	SK068	2	8205
y2020__p1:i15400	y2020__p1:i15400	0.0398925	-0.000813389	0.00161747	0.0134947	-0.0389167	0.0192771	0.0235152	-0.0194053	0.0135288	0.0367307	2020	NW	SK068	2	15400
y2020__p1:i2351	y2020__p1:i2351	0.0500436	-0.000130669	0.00259697	0.000352145	-0.00633052	-0.0157597	0.00483618	-0.000485495	0.0383123	-0.0109868	2020	NW	SK068	2	2351
y2020__p1:i4968	y2020__p1:i4968	0.0316409	-0.0119579	0.0127826	-0.00221903	0.0307339	0.0388533	0.0178563	0.0166434	-0.00464464	0.00287972	2020	NW	SK068	2	4968
y2020__p1:i16501	y2020__p1:i16501	0.0695533	-0.0353735	-0.0044506	-0.0141372	0.0472176	-0.0454128	-0.00694682	-0.0265502	-0.00223627	0.0322007	2020	NW	SK068	2	16501
y2020__p1:i2242	y2020__p1:i2242	0.080251	-0.016455	-0.0135514	-0.0141315	0.0464567	-0.0458678	-0.00265319	-0.0105432	-0.000813886	0.00730318	2020	NW	SK068	2	2242
y2020__p1:i5761	y2020__p1:i5761	0.0447866	0.0036911	0.00370073	0.00354421	-0.0329456	-0.00257148	-0.020773	-0.00467397	-0.0463344	0.017152	2020	NW	SK068	2	5761
y2020__p1:i249	y2020__p1:i249	0.0489845	0.00147202	0.013051	-0.00670412	-0.000714991	-0.00137838	-0.0111091	-0.0278991	0.0303049	-0.0090665	2020	NW	SK068	2	249
y2020__p1:i2004	y2020__p1:i2004	0.00721698	0.00800909	0.0174863	0.00731891	-0.00125036	0.000902956	0.00371414	-0.0306626	0.0286577	-0.0177994	2020	NW	SK068	2	2004
y2020__p1:i15642	y2020__p1:i15642	0.0535147	0.0127057	-0.0113358	-0.0106236	0.028875	-0.0174886	-0.000813953	0.0289346	0.00020772	-0.000204911	2020	NW	SK068	2	15642
y2020__p1:i13966	y2020__p1:i13966	0.0501202	-0.0107994	-0.00408324	0.000899301	-0.0015566	0.0152428	0.00597473	0.0242631	0.0168326	-0.00710626	2020	NW	SK068	2	13966
y2020__p1:i12607	y2020__p1:i12607	0.0711598	0.00305599	0.00646624	-0.00534601	-0.00424524	-0.0428948	0.0191272	-0.00881977	0.0231382	0.0074914	2020	NW	SK068	2	12607
y2020__p1:i10657	y2020__p1:i10657	0.0599005	-0.00434855	-0.00427624	-0.0102852	-0.00273714	-0.0168792	0.014627	-0.00881567	-0.0236062	0.052654	2020	NW	SK068	2	10657
y2020__p1:i12129	y2020__p1:i12129	0.0460623	0.00916624	0.000818137	0.00317611	-0.00132939	-0.01684	-0.0148389	-0.00498554	0.00896776	0.0252225	2020	NW	SK068	2	12129
y2020__p1:i15655	y2020__p1:i15655	0.0740499	-0.0273372	0.00492492	0.0047775	0.00430924	0.01629	0.00906774	0.000834466	0.0128791	0.031191	2020	NW	SK068	2	15655
y2020__p1:i11918	y2020__p1:i11918	0.062137	-0.00163474	0.00913873	-0.0058793	0.00165569	-0.0474659	0.0309421	0.00764028	0.0569835	-0.00590421	2020	NW	SK068	2	11918
y2020__p1:i13184	y2020__p1:i13184	0.0688423	-0.0313534	0.0111848	0.00256917	0.00822259	0.0348936	0.00503511	0.00104466	0.00366832	0.043032	2020	NW	SK068	2	13184
y2020__p1:i11202	y2020__p1:i11202	0.0464352	-0.00717426	0.0101818	-0.00848617	0.0264957	-0.000964019	0.0283578	-0.012018	0.0450913	0.00534061	2020	NW	SK068	2	11202
y2020__p1:i13493	y2020__p1:i13493	0.0365044	-0.00847985	0.014662	-0.00175263	0.0309187	0.0409916	0.0187666	0.0180563	-0.00329047	0.00250948	2020	NW	SK068	2	13493
y2020__p1:i11770	y2020__p1:i11770	0.0531283	0.0257685	-0.0409783	0.00198572	0.0110699	-0.0199368	0.0143823	-0.00356437	0.0355973	-0.0508462	2020	NW	SK069	3	11770
y2020__p1:i3465	y2020__p1:i3465	0.0301399	0.0167787	0.0298908	0.0143517	0.0241607	-0.0331139	-0.0038764	0.0293243	-0.00709897	0.0153759	2020	NW	SK069	3	3465
y2020__p1:i7067	y2020__p1:i7067	0.0482709	0.0366369	-0.0250292	-8.11431e-05	0.0136311	-0.0068621	0.00329491	-0.0100386	0.0292346	-0.0501904	2020	NW	SK069	3	7067
y2020__p1:i12029	y2020__p1:i12029	0.0261786	0.0267643	0.0344914	0.0148063	0.019112	-0.0198783	-0.0104469	0.0114996	-0.00864719	-0.00491683	2020	NW	SK069	3	12029
y2020__p1:i9458	y2020__p1:i9458	0.0603063	-0.00790632	-0.00794002	-0.0114026	0.000571514	-0.00335475	0.0137853	-0.00207922	0.0153181	-0.0180302	2020	NW	SK069	3	9458
y2020__p1:i2621	y2020__p1:i2621	0.0363626	-0.0018657	0.0160997	-0.00647402	-0.00264511	-0.00642479	0.0058005	0.0295362	0.0190586	0.0320055	2020	NW	SK069	3	2621
y2020__p1:i11448	y2020__p1:i11448	0.0592526	-0.0179857	0.00671996	-0.00850547	-0.0102743	-0.000731937	-0.00870011	-0.0361786	0.00369976	0.0121586	2020	NW	SK069	3	11448
y2020__p1:i5932	y2020__p1:i5932	0.0161664	0.0287836	-0.00221226	0.0194572	0.00259486	-0.0268592	0.0195331	0.0422841	0.00264016	-0.0193072	2020	NW	SK069	3	5932
y2020__p1:i14420	y2020__p1:i14420	0.055708	-0.000898807	0.00867605	-0.0136269	0.00738939	0.00162554	-0.0122924	0.000576659	0.00492343	0.00506276	2020	NW	SK069	3	14420
y2020__p1:i7218	y2020__p1:i7218	0.0560919	0.0506207	-0.0379647	-0.00917465	0.0290545	-0.0138552	0.0120126	-0.00368391	0.0252106	-0.0545675	2020	NW	SK069	3	7218
y2020__p1:i15715	y2020__p1:i15715	0.0571333	0.046346	-0.0339713	-0.00890614	0.0328443	-0.0160421	0.0120856	-0.00018586	0.0225362	-0.0573257	2020	NW	SK069	3	15715
y2020__p1:i2860	y2020__p1:i2860	0.0492883	0.0046709	0.0078848	-0.0176561	0.00928686	-0.00876927	0.000347012	-0.0127236	-0.017869	0.0253681	2020	NW	SK069	3	2860
y2020__p1:i9606	y2020__p1:i9606	0.0707904	0.000663528	-0.0242819	-0.0255531	-0.0209057	-0.0076771	-0.00336885	0.0195657	0.00798175	-0.0149223	2020	NW	SK069	3	9606
y2020__p1:i2028	y2020__p1:i2028	0.0533805	-0.0126759	-0.00213946	-0.00866231	0.00541943	0.0175387	0.00424283	0.0312651	0.00625356	0.0512273	2020	NW	SK069	3	2028
y2020__p1:i15750	y2020__p1:i15750	0.0425308	-0.00370202	0.00163272	0.000635003	-0.0139315	0.02527	-0.00569321	-0.0136805	0.0177499	0.0105025	2020	NW	SK069	3	15750
y2020__p1:i13477	y2020__p1:i13477	0.0261896	0.00537248	0.00655767	-0.00145854	0.0110323	0.00959563	-0.00534344	0.00933594	0.000983763	0.00526114	2020	NW	SK069	3	13477
y2020__p1:i15751	y2020__p1:i15751	0.0125889	-0.0068933	0.00225635	0.00230543	-0.00830318	0.00813711	0.00298768	0.000169728	-0.00194455	0.0228093	2020	NW	SK069	3	15751
y2020__p1:i16778	y2020__p1:i16778	0.0598239	0.0296252	-0.00635707	0.0187162	0.0190953	-0.0210683	0.00703152	0.0302572	0.0141498	-0.0226097	2020	NW	SK069	3	16778
y2020__p1:i7481	y2020__p1:i7481	0.0393919	-0.00369958	-0.00830074	-0.00681369	-0.00511408	0.0127918	0.00781149	0.0294195	0.0185118	0.0342761	2020	NW	SK069	3	7481
y2020__p1:i15559	y2020__p1:i15559	-0.00184447	-0.000559707	0.0200633	0.0341777	0.00362609	-0.0347665	0.0078382	0.00814648	-0.0174648	-0.00885774	2020	NW	SK069	3	15559
y2020__p1:i1807	y2020__p1:i1807	-5.85336e-05	0.0233492	0.0334761	-0.0239917	0.0265666	0.000508034	0.0318799	0.0142118	-0.0613345	0.0442337	2020	NE	SK062	1	1807
y2020__p1:i11459	y2020__p1:i11459	0.0145123	0.000781917	0.0132914	-0.00340869	-0.00963765	-0.012916	0.00499848	0.00187805	-0.0112795	-0.013796	2020	NE	SK062	1	11459
y2020__p1:i9086	y2020__p1:i9086	0.0215158	0.0111773	-0.00202306	-0.00467365	-0.00950808	0.00291145	0.0178988	0.0131614	0.018679	0.0122557	2020	NE	SK062	1	9086
y2020__p1:i16934	y2020__p1:i16934	-0.00489277	0.024296	-0.0164238	0.00489324	-0.00960142	0.0357201	0.00772551	0.0367287	-0.0202422	-0.0108403	2020	NE	SK062	1	16934
y2020__p1:i1726	y2020__p1:i1726	0.00761138	0.0270399	0.0324636	-0.0194341	0.0269808	0.00510919	0.0248749	0.000298116	-0.0329703	0.0280464	2020	NE	SK062	1	1726
y2020__p1:i12979	y2020__p1:i12979	0.03565	0.00272074	0.0028227	-0.0119919	0.00722962	0.0077339	-0.00531782	0.0304946	-0.00670344	-0.00203033	2020	NE	SK062	1	12979
y2020__p1:i4947	y2020__p1:i4947	0.00394803	0.00732751	-0.00251195	-0.0114403	0.0062708	0.00445542	0.0115571	0.00954604	-0.0119118	0.00872741	2020	NE	SK062	1	4947
y2020__p1:i362	y2020__p1:i362	0.00895748	0.0363223	0.0116997	-0.00642646	-0.00348871	0.00987885	0.00556872	0.00615896	-0.00952731	0.0285982	2020	NE	SK062	1	362
y2020__p1:i3647	y2020__p1:i3647	-0.00529311	0.017055	0.0197663	-0.0078889	0.0252247	0.00803408	0.0272822	-0.0021927	-0.0303018	0.0241835	2020	NE	SK062	1	3647
y2020__p1:i13072	y2020__p1:i13072	0.00736657	0.0142344	0.0201696	-0.0301093	-0.0336569	-0.0202281	0.0174032	-0.0376302	0.00334662	0.00878845	2020	NE	SK062	1	13072
y2020__p1:i11460	y2020__p1:i11460	0.00320827	-0.000568126	0.0195328	-0.00554538	0.0155361	0.0100453	-0.00947694	0.0180992	0.00851471	-0.0233057	2020	NE	SK062	1	11460
y2020__p1:i8522	y2020__p1:i8522	-0.0116214	0.0252604	-0.0185772	0.00252016	-0.00853003	0.0339281	0.00518575	0.0348568	-0.0208448	-0.0115796	2020	NE	SK062	1	8522
y2020__p1:i13693	y2020__p1:i13693	-0.0195826	0.00948625	0.00501273	-0.000969488	0.0136614	-0.00222965	-0.00627472	-0.00388159	-0.0203782	0.00580252	2020	NE	SK062	1	13693
y2020__p1:i10858	y2020__p1:i10858	0.0191017	0.0136011	-0.00383913	0.000728904	0.0157013	0.0191109	0.00828441	0.00210366	-0.0124213	0.0139233	2020	NE	SK062	1	10858
y2020__p1:i15709	y2020__p1:i15709	-0.000558376	0.0328097	0.0317718	-0.0199545	0.023702	0.00358646	0.0460162	0.0211225	-0.0357162	0.0421601	2020	NE	SK062	1	15709
y2020__p1:i6548	y2020__p1:i6548	0.00899061	0.00529449	0.0278348	-0.0101325	0.0161353	0.0190306	0.0142375	0.0408769	-0.0214398	0.0124362	2020	NE	SK062	1	6548
y2020__p1:i2842	y2020__p1:i2842	0.0122264	0.0122418	0.0102072	-0.0261894	-0.000623774	0.0253048	0.0369885	0.00890419	-0.0348758	0.0516032	2020	NE	SK062	1	2842
y2020__p1:i14129	y2020__p1:i14129	-0.0153868	0.0107241	0.00914098	-0.00584096	0.00307162	0.0286448	0.00234378	-0.0122145	-0.0140778	-0.00317686	2020	NE	SK062	1	14129
y2020__p1:i14954	y2020__p1:i14954	0.0143912	-0.00359423	0.00639056	-0.00294714	-0.00668621	0.0177326	0.0250011	0.0118131	-0.00429627	0.0244619	2020	NE	SK062	1	14954
y2020__p1:i4247	y2020__p1:i4247	-0.0107068	0.00755748	-0.0153043	-0.0246623	-0.00453785	0.00230059	-0.0267039	0.0339784	-0.0315944	-0.0246327	2020	NE	SK062	1	4247
y2020__p1:i12605	y2020__p1:i12605	-0.018713	-0.011843	0.00868692	-0.0189399	0.0135063	0.0184159	0.0176493	0.00100152	-0.0343964	-0.0045885	2020	NE	SK063	2	12605
y2020__p1:i16346	y2020__p1:i16346	0.00409436	0.00405413	0.0214314	0.00203736	0.00547151	0.00825373	-0.0013896	0.00515816	-0.0223212	-0.00826445	2020	NE	SK063	2	16346
y2020__p1:i15147	y2020__p1:i15147	0.014401	0.000173097	0.0137641	-0.0112804	-0.00380831	-0.00416148	0.000811597	0.0101857	-0.0456798	-0.0177855	2020	NE	SK063	2	15147
y2020__p1:i5429	y2020__p1:i5429	0.018567	-0.00584534	-0.000764354	-0.0356815	-0.0102165	-0.0209583	0.0138231	0.0068052	-0.00427446	-0.00480347	2020	NE	SK063	2	5429
y2020__p1:i6511	y2020__p1:i6511	0.0377386	-0.0334807	0.0119429	-0.0378535	0.0214128	0.0216235	-0.0089492	0.0347437	0.0296985	0.00339762	2020	NE	SK063	2	6511
y2020__p1:i15040	y2020__p1:i15040	-0.0176658	0.0209039	-0.00439284	-0.0334916	-0.0323118	-0.00875225	0.00755183	-0.0316817	0.000558757	0.010785	2020	NE	SK063	2	15040
y2020__p1:i7900	y2020__p1:i7900	0.0276976	0.0112614	-0.0132902	-0.0220567	-0.00842975	-0.0164161	0.0312237	-0.0262232	-0.0152283	0.0180387	2020	NE	SK063	2	7900
y2020__p1:i8437	y2020__p1:i8437	0.0229873	-0.0237219	0.0170116	0.0109387	0.0292773	0.0054489	0.0212062	0.0355429	-0.00280614	0.00970043	2020	NE	SK063	2	8437
y2020__p1:i12880	y2020__p1:i12880	-0.0111603	-0.00897877	0.0171622	-0.0115711	0.0273624	0.0152527	-0.00933284	0.0212537	-0.0173176	0.00536422	2020	NE	SK063	2	12880
y2020__p1:i16419	y2020__p1:i16419	-0.0148637	0.00419091	0.0295706	-0.013516	-0.0113195	-0.00150115	-0.00358104	-0.00574827	-0.011583	0.00315806	2020	NE	SK063	2	16419
y2020__p1:i8310	y2020__p1:i8310	0.0166471	0.00395698	0.00974381	-0.0172956	-0.00243143	-0.0019522	-0.0034799	0.0350882	-0.010098	0.0115865	2020	NE	SK063	2	8310
y2020__p1:i4628	y2020__p1:i4628	0.00297985	0.00219768	-0.0044116	-0.000744704	-0.0007532	-0.00425698	-0.0192844	-0.00232093	-0.00205858	0.0105092	2020	NE	SK063	2	4628
y2020__p1:i8081	y2020__p1:i8081	0.0500283	0.00678054	-0.00112641	0.0144221	0.0312504	-0.0141175	0.00714028	-0.0122343	0.0326299	-0.00103209	2020	NE	SK063	2	8081
y2020__p1:i2630	y2020__p1:i2630	-0.0103883	-0.0486668	-0.00264781	-0.0888281	0.0661012	0.025898	0.084767	-0.0112285	0.035132	-0.075291	2020	NE	SK063	2	2630
y2020__p1:i11972	y2020__p1:i11972	0.0375877	0.0216511	0.013537	-0.0138116	-0.00915966	-0.0140438	-0.00210564	-0.00348378	-0.0128969	-0.0198301	2020	NE	SK063	2	11972
y2020__p1:i7208	y2020__p1:i7208	-0.00545456	0.00288724	-0.00032137	-0.00416734	0.0346472	0.0130496	0.0291488	0.0141743	-0.00486376	-0.00308394	2020	NE	SK063	2	7208
y2020__p1:i4728	y2020__p1:i4728	-0.0191592	0.0286593	-0.0239475	0.00600733	-0.0253627	0.00564219	-0.00174481	0.0151054	-0.0238373	-0.0773027	2020	NE	SK063	2	4728
y2020__p1:i15264	y2020__p1:i15264	0.0058678	-0.00919245	0.00612123	0.010843	-0.0197764	-0.0103597	0.0128562	0.0145109	-0.00887455	-0.00161053	2020	NE	SK063	2	15264
y2020__p1:i77	y2020__p1:i77	-0.00443754	0.0123676	0.0120706	-0.0138863	-0.0012223	0.00533209	-0.00737944	-0.00734406	-0.00135175	0.00276367	2020	NE	SK063	2	77
y2020__p1:i4982	y2020__p1:i4982	0.0129442	0.00941337	0.0269954	-0.0264218	0.0428081	0.0195254	0.0270031	0.0087446	-0.0357383	0.0120749	2020	NE	SK063	2	4982
y2020__p1:i14902	y2020__p1:i14902	-0.0252954	0.0323042	-0.00695123	-0.0387478	0.00081016	0.0219231	0.023029	0.0159939	-0.0592583	-0.0512347	2020	NE	SK064	3	14902
y2020__p1:i3776	y2020__p1:i3776	-0.0211507	0.0365675	-0.0340165	-0.0207564	-0.00240185	0.003193	0.0140869	0.00932875	-0.0439524	-0.0399988	2020	NE	SK064	3	3776
y2020__p1:i618	y2020__p1:i618	-0.0247865	-0.0153386	-0.023442	-0.0394221	-0.0340768	-0.00732347	0.00186441	-0.00423486	0.0188908	-0.0561098	2020	NE	SK064	3	618
y2020__p1:i12080	y2020__p1:i12080	-0.0173969	-0.0359636	-0.000523375	-0.148832	0.121033	0.0856289	0.219105	-0.0759965	-0.0110676	-0.0803639	2020	NE	SK064	3	12080
y2020__p1:i13469	y2020__p1:i13469	-0.0129006	-0.118671	0.0242218	-0.134137	0.0590655	0.0703725	-0.0150295	0.0729493	0.0490777	-0.0957161	2020	NE	SK064	3	13469
y2020__p1:i8636	y2020__p1:i8636	-0.0374213	0.00330503	-0.0146372	-0.0602067	0.0800969	0.0600737	0.146684	-0.0411778	-0.0644811	-0.0450769	2020	NE	SK064	3	8636
y2020__p1:i8637	y2020__p1:i8637	-0.0361505	5.33703e-05	-0.0264724	-0.0253148	0.0235969	0.018946	0.055216	-0.0092045	-0.0269677	-0.0233261	2020	NE	SK064	3	8637
y2020__p1:i307	y2020__p1:i307	-0.0213744	-0.0513298	-0.0089462	-0.0526151	-0.00400579	-0.00543021	0.00678716	-0.0206279	0.0111128	-0.0403425	2020	NE	SK064	3	307
y2020__p1:i2867	y2020__p1:i2867	-0.0216914	0.0111648	-0.0110101	-0.0414006	0.0567201	0.0262603	0.0811995	-0.0210112	-0.0421888	0.00812145	2020	NE	SK064	3	2867
y2020__p1:i6554	y2020__p1:i6554	-0.00554395	-0.0833398	-0.017514	-0.170308	0.0970927	0.0676791	0.149863	-0.0428799	0.107788	-0.136011	2020	NE	SK064	3	6554
y2020__p1:i3506	y2020__p1:i3506	-0.022884	-0.0224336	0.012243	-0.136826	0.12055	0.0894168	0.23826	-0.0820653	-0.0676597	-0.0550083	2020	NE	SK064	3	3506
y2020__p1:i13468	y2020__p1:i13468	-0.0129006	-0.118671	0.0242218	-0.134137	0.0590655	0.0703725	-0.0150295	0.0729493	0.0490777	-0.0957161	2020	NE	SK064	3	13468
y2020__p1:i9319	y2020__p1:i9319	-0.0204077	-0.0180454	-0.0161922	-0.0290253	-0.034986	-0.00156532	0.00218482	-0.0024313	0.017266	-0.0483317	2020	NE	SK064	3	9319
y2020__p1:i1022	y2020__p1:i1022	0.0110606	-0.0058228	0.000849064	-0.0216086	-0.0136004	5.69356e-05	0.00650981	-0.00789034	0.000894699	-0.00699005	2020	NE	SK064	3	1022
y2020__p1:i4853	y2020__p1:i4853	0.00812807	-0.00657342	-0.00785406	-0.00765095	-0.0131322	-0.00921252	-0.0172109	0.0130521	-0.0133272	0.0208197	2020	NE	SK064	3	4853
y2020__p1:i6713	y2020__p1:i6713	-0.00586046	0.0201909	0.00866664	-0.0126857	0.00066557	-0.00284874	-0.0212159	0.00944426	0.00292617	-0.009418	2020	NE	SK064	3	6713
y2020__p1:i13925	y2020__p1:i13925	-0.00284537	0.0108836	0.00713927	-0.0268493	0.00430278	0.00447323	-0.00469718	0.00351454	-0.0159288	0.00277802	2020	NE	SK064	3	13925
y2020__p1:i11809	y2020__p1:i11809	-0.0259604	-0.00997647	-0.0130669	-0.0449761	0.0034472	0.016766	0.0116558	0.0289002	-0.0313206	-0.026644	2020	NE	SK064	3	11809
y2020__p1:i12332	y2020__p1:i12332	0.00217334	-0.0168775	0.017131	-0.00295806	0.0304285	0.0213232	0.0412848	0.00974504	-0.0349581	0.0073493	2020	NE	SK064	3	12332
y2020__p1:i5770	y2020__p1:i5770	-0.0273002	0.0149581	0.0172941	-0.0788235	0.08242	0.0456478	0.167708	-0.0752123	-0.0685775	-0.0114075	2020	NE	SK064	3	5770
y2020__p1:i11887	y2020__p1:i11887	-0.0244429	-0.00451123	-0.0200563	0.00507088	-0.0621422	0.0126598	-0.00458023	0.0158557	0.00877276	-0.0156216	2020	W	SK025	1	11887
y2020__p1:i2325	y2020__p1:i2325	-0.0242545	-0.0128562	-0.0110037	0.00994652	-0.0100736	0.00870565	0.0255316	0.00257931	-0.00238303	-0.00902895	2020	W	SK025	1	2325
y2020__p1:i12801	y2020__p1:i12801	-0.0116515	0.0115481	0.0366835	0.0163829	0.0203037	0.0382148	0.0135987	0.0164534	-0.00992938	-0.0321185	2020	W	SK025	1	12801
y2020__p1:i3934	y2020__p1:i3934	-0.000693767	-0.00454295	-0.0192603	-0.0128217	-0.0534022	-0.00308349	-0.00821774	0.0100533	0.00837453	-0.0181165	2020	W	SK025	1	3934
y2020__p1:i12687	y2020__p1:i12687	-0.000606848	0.00692489	0.0105807	-0.00305382	0.00494691	-0.0164772	0.000441427	0.00528477	0.0188619	0.0119947	2020	W	SK025	1	12687
y2020__p1:i4579	y2020__p1:i4579	0.0247073	0.00016766	-0.00363837	-0.0087123	-0.0277989	0.010359	-0.00172501	0.0374181	-0.0183135	-0.0292648	2020	W	SK025	1	4579
y2020__p1:i9477	y2020__p1:i9477	-0.0152303	-0.0159465	-0.0299948	-0.0162336	-0.0144618	0.00382523	0.0144183	-0.019174	0.010163	0.0245257	2020	W	SK025	1	9477
y2020__p1:i10873	y2020__p1:i10873	-0.0163013	0.0192768	0.00624151	0.0137486	-0.00322656	0.0271075	0.00612307	0.0398765	-0.0269786	-0.0527697	2020	W	SK025	1	10873
y2020__p1:i15293	y2020__p1:i15293	-0.0146479	0.0159431	0.0114823	0.0135545	0.000318759	-0.00845916	0.00898868	-0.0146668	-0.00335682	-0.00750811	2020	W	SK025	1	15293
y2020__p1:i10605	y2020__p1:i10605	0.000885893	-0.00233025	0.0157941	-0.00651654	-0.0116962	-0.004543	-0.00683321	-0.0167757	-0.0206542	0.00424421	2020	W	SK025	1	10605
y2020__p1:i16856	y2020__p1:i16856	-0.0208767	0.0120217	-0.0147959	-0.0124056	-0.0197367	-0.0154751	-0.0172906	0.00435997	-0.0196394	-0.0332323	2020	W	SK025	1	16856
y2020__p1:i7653	y2020__p1:i7653	0.00521155	-0.0111029	-0.0210102	-0.0123903	-0.0626998	-0.0106386	0.0041025	0.0177513	-0.00881323	-0.0270982	2020	W	SK025	1	7653
y2020__p1:i8037	y2020__p1:i8037	0.0179799	0.0222742	-0.020494	0.0296439	-0.00168925	-0.0136198	0.0164648	-0.00948537	0.0248597	0.0165753	2020	W	SK025	1	8037
y2020__p1:i5541	y2020__p1:i5541	0.00373426	0.00159808	0.0194845	-0.00574878	-0.0157448	0.00623679	-0.0241894	0.0134119	-0.0283744	0.0133782	2020	W	SK025	1	5541
y2020__p1:i8743	y2020__p1:i8743	-0.012275	-0.00029558	0.00742963	0.0143483	-0.00753296	-0.0206515	-0.00214615	0.0020991	-0.00512425	-0.0212826	2020	W	SK025	1	8743
y2020__p1:i2270	y2020__p1:i2270	0.0170132	-0.00109304	0.013559	-0.00320404	0.007591	0.00749159	-0.00306706	0.030026	0.0160159	0.0195136	2020	W	SK025	1	2270
y2020__p1:i8767	y2020__p1:i8767	-0.0042402	-0.00477569	0.00408538	0.00568788	0.0094051	-0.0196392	0.0194551	0.00606303	0.01297	0.0261019	2020	W	SK025	1	8767
y2020__p1:i4327	y2020__p1:i4327	0.00696574	-3.18313e-05	0.0131628	0.00984327	0.00754249	-0.00430881	0.0218829	0.019903	-0.00347005	0.0239564	2020	W	SK025	1	4327
y2020__p1:i12115	y2020__p1:i12115	-0.0164197	0.027791	0.00527608	0.00916522	-0.0191287	0.00991772	0.0224802	0.000846619	-0.0183497	0.000660616	2020	W	SK025	1	12115
y2020__p1:i10872	y2020__p1:i10872	-0.0199807	0.0114372	-0.0043911	-0.00655289	0.00495963	0.00690555	-0.000292821	0.0390899	-0.00760658	-0.0361407	2020	W	SK025	1	10872
y2020__p1:i10429	y2020__p1:i10429	-0.0320504	0.030492	-0.0425225	0.00196658	-0.0245059	0.00418717	0.00114105	0.0240444	-0.00630755	-0.093029	2020	W	SK026	2	10429
y2020__p1:i13250	y2020__p1:i13250	0.00681745	0.00731116	0.0290926	0.0155827	-0.0157215	0.0190255	0.0043603	-0.00728408	-0.0139244	0.0214736	2020	W	SK026	2	13250
y2020__p1:i10094	y2020__p1:i10094	0.00838395	0.00736446	0.00761935	0.0174505	0.0176039	0.0234447	-0.00220508	-0.00468013	-0.0295972	0.00946112	2020	W	SK026	2	10094
y2020__p1:i8138	y2020__p1:i8138	-0.020231	0.0109316	-0.00671491	0.0289314	0.0110411	-0.00883364	0.00120069	-0.0217766	-0.0196528	-0.00406767	2020	W	SK026	2	8138
y2020__p1:i3398	y2020__p1:i3398	-0.0139921	-0.000853785	0.0148832	-0.0018154	0.0107279	-0.018115	-0.0436434	-0.0146669	-0.0401319	0.0317768	2020	W	SK026	2	3398
y2020__p1:i13871	y2020__p1:i13871	-0.026832	0.010018	0.0135171	0.03591	0.00756936	0.01806	-0.00576699	-0.00998351	-0.01052	-0.021515	2020	W	SK026	2	13871
y2020__p1:i598	y2020__p1:i598	-0.0168113	-0.0338313	-0.0294854	-0.00817042	0.012878	0.0227575	-0.00595007	0.00424791	-0.0320535	-0.00235803	2020	W	SK026	2	598
y2020__p1:i9997	y2020__p1:i9997	0.0126659	0.0163793	0.00909847	-0.018648	-0.0144443	0.00130086	0.00334565	-0.0149806	0.0195962	0.0298865	2020	W	SK026	2	9997
y2020__p1:i15212	y2020__p1:i15212	0.00225745	-0.00224583	-0.00650005	0.0199277	0.0386111	0.0246601	-0.0277731	-0.0160284	-0.0318564	-0.00428027	2020	W	SK026	2	15212
y2020__p1:i12529	y2020__p1:i12529	0.00236121	0.00870064	-0.0162458	-0.0187414	-0.0187468	-0.00855786	-0.016466	0.014218	-0.0365342	0.0261984	2020	W	SK026	2	12529
y2020__p1:i10927	y2020__p1:i10927	-0.0169433	0.0123408	-0.00722568	0.00461056	0.00401291	-0.0027798	0.0157333	0.0123222	0.014362	0.00961702	2020	W	SK026	2	10927
y2020__p1:i16544	y2020__p1:i16544	-0.0156816	0.00488233	-0.0148478	-0.0128464	-0.0175867	0.00414813	-0.0308918	-0.0177344	-0.0182021	-0.0283332	2020	W	SK026	2	16544
y2020__p1:i8839	y2020__p1:i8839	-0.000242099	-0.0198459	-0.0631911	-0.0173125	0.0417607	0.00437945	0.0315607	0.00579707	0.0314041	0.105402	2020	W	SK026	2	8839
y2020__p1:i4411	y2020__p1:i4411	0.00967881	0.0178015	-0.0138105	0.00594364	0.025707	0.00206905	-0.0192611	-0.0036462	0.00445325	-0.00763161	2020	W	SK026	2	4411
y2020__p1:i5591	y2020__p1:i5591	-0.0190232	-0.115837	0.0234565	-0.125187	0.050762	0.0769031	-0.00726761	0.0394802	0.0603844	-0.13083	2020	W	SK026	2	5591
y2020__p1:i13536	y2020__p1:i13536	-0.0165929	-0.0346692	0.0115549	-0.00111064	-0.0262894	0.0220474	-0.0158917	-0.0232813	0.00365796	0.00533907	2020	W	SK026	2	13536
y2020__p1:i6887	y2020__p1:i6887	-0.00934374	0.014668	0.0011456	-0.0143311	-0.00668683	-0.000598317	-0.00672537	-0.0151296	0.00580946	0.009524	2020	W	SK026	2	6887
y2020__p1:i7404	y2020__p1:i7404	0.0040467	-0.0152398	0.00356984	0.0025215	0.00485096	0.0180755	-0.0168948	-0.00638568	-0.0143818	0.00296731	2020	W	SK026	2	7404
y2020__p1:i16868	y2020__p1:i16868	-0.0227664	-0.0389261	-0.0166438	0.0161594	-0.0157988	-0.0196727	-0.0134082	0.00700966	-0.024782	0.00989129	2020	W	SK026	2	16868
y2020__p1:i16862	y2020__p1:i16862	-0.0100412	0.018055	-0.0121715	-0.0155818	-0.0131804	0.0211904	-0.00143614	0.0196502	-0.0116516	0.000768497	2020	W	SK026	2	16862
y2020__p1:i3011	y2020__p1:i3011	-0.0138298	0.0104587	0.00937086	0.00344407	0.0123566	0.0229805	0.000290639	-0.00737606	-0.00811933	0.0108067	2020	W	SK034	3	3011
y2020__p1:i6902	y2020__p1:i6902	-0.00485808	0.00880589	0.00958052	-0.00406273	-0.0179833	-0.0221282	0.0227299	-0.000800286	-0.00355336	0.00152672	2020	W	SK034	3	6902
y2020__p1:i11404	y2020__p1:i11404	-0.014723	-0.0223327	0.0167191	-0.00224334	-0.00202856	0.00398292	-0.0206707	0.0195997	-0.00657791	0.0259438	2020	W	SK034	3	11404
y2020__p1:i3012	y2020__p1:i3012	0.00503427	0.0108997	-0.0101234	-0.0170878	0.00771987	0.0131703	-0.0218829	0.00824145	-0.0108777	-0.0294445	2020	W	SK034	3	3012
y2020__p1:i16392	y2020__p1:i16392	0.0166791	-0.0177884	-0.019371	0.000484399	-0.0102867	0.00367503	-0.0220264	-0.0106465	0.0312532	-0.0373533	2020	W	SK034	3	16392
y2020__p1:i7091	y2020__p1:i7091	-0.00037548	0.000129774	0.00389741	0.0227312	-0.0144034	0.0160023	0.00672637	-0.035629	0.0344233	0.0201179	2020	W	SK034	3	7091
y2020__p1:i2539	y2020__p1:i2539	0.0134905	0.00716383	0.00844023	-0.0230619	-0.0244183	0.00121871	-0.0162371	0.00895693	0.00369751	0.00640923	2020	W	SK034	3	2539
y2020__p1:i7809	y2020__p1:i7809	-0.00067838	0.00981041	0.0125902	0.00519729	0.021982	-0.0187887	-0.0189322	0.0350145	0.000336147	0.0081638	2020	W	SK034	3	7809
y2020__p1:i12864	y2020__p1:i12864	-0.00434144	0.00715112	-0.00529148	-0.00635583	0.0036839	0.0299573	-0.018206	0.00261604	-0.014162	-0.0423365	2020	W	SK034	3	12864
y2020__p1:i4999	y2020__p1:i4999	-0.000282877	0.00537358	-0.00471261	-0.00574408	-0.0216581	-0.00499249	0.00208688	-0.0112185	0.00504775	-0.00585311	2020	W	SK034	3	4999
y2020__p1:i8181	y2020__p1:i8181	-0.00949546	0.00604478	0.0307231	-0.0329274	-0.00190831	-0.00075001	0.0168876	0.00323125	-0.0486894	0.01005	2020	W	SK034	3	8181
y2020__p1:i16172	y2020__p1:i16172	-0.0183381	-0.0070187	0.0308842	0.00355143	-0.0129336	-0.00127788	0.0146691	0.0253442	0.000640589	-0.00350357	2020	W	SK034	3	16172
y2020__p1:i17048	y2020__p1:i17048	-0.00135831	0.0018955	0.0209427	0.00628033	0.0070393	0.0141637	0.00904886	-0.00891967	0.0052779	0.0090508	2020	W	SK034	3	17048
y2020__p1:i8625	y2020__p1:i8625	-0.0130934	-0.00382666	0.00259004	-0.0069706	-0.00623487	-0.00135551	-0.00475297	0.00165482	0.00212509	-4.86655e-05	2020	W	SK034	3	8625
y2020__p1:i4997	y2020__p1:i4997	-0.00841531	0.010934	0.00614946	-0.00744628	0.0115684	-0.0111967	-0.0125907	0.00667576	0.00867631	-0.013773	2020	W	SK034	3	4997
y2020__p1:i10215	y2020__p1:i10215	-0.0112079	-0.0079179	-0.00817004	-0.0169135	-0.00922058	0.00133128	-0.0129502	-0.0154755	-0.009926	0.0214104	2020	W	SK034	3	10215
y2020__p1:i15426	y2020__p1:i15426	0.00427619	-0.0112536	-0.00894891	-0.0100028	-0.0148633	0.0293692	0.00382722	0.00349028	0.031174	-0.00669974	2020	W	SK034	3	15426
y2020__p1:i153	y2020__p1:i153	-0.000741837	0.0107196	0.00773668	-0.0194235	0.0129483	0.00507054	0.0269031	0.00613135	0.00513507	0.0170866	2020	W	SK034	3	153
y2020__p1:i14306	y2020__p1:i14306	-0.0152949	-0.00149988	0.010765	0.0149674	0.0172209	-0.0144083	0.0157805	-0.0059842	-0.00191283	0.00150626	2020	W	SK034	3	14306
y2020__p1:i16010	y2020__p1:i16010	-0.00861949	0.0170773	0.0041273	0.0166315	0.00433276	0.0238429	0.00750762	0.0131899	0.00566709	0.0200268	2020	W	SK034	3	16010
y2020__p1:i5481	y2020__p1:i5481	-0.0214358	0.0221701	0.0019461	0.00161653	0.00979275	0.000168221	-0.0385332	-0.0199923	0.0541126	-0.016789	2020	E	SK037	1	5481
y2020__p1:i8025	y2020__p1:i8025	-0.0301046	-2.63013e-05	-0.0161046	-0.0214401	-0.0030059	0.0178124	0.0200492	-0.00426078	-0.00537088	-0.00190396	2020	E	SK037	1	8025
y2020__p1:i1575	y2020__p1:i1575	-0.0518659	-0.0666408	-0.035879	-0.0833139	0.0258005	0.049407	0.0524303	-0.00179968	0.0571558	-0.0873074	2020	E	SK037	1	1575
y2020__p1:i9781	y2020__p1:i9781	-0.00121601	0.00264312	-0.0183793	0.0102736	-0.00764215	-0.0322139	0.00756268	0.0148546	-0.0278571	-0.0139961	2020	E	SK037	1	9781
y2020__p1:i15350	y2020__p1:i15350	-0.0147326	0.0198112	-0.0021363	-0.0317736	0.0413377	0.0263246	0.0650404	-0.0241168	-0.0348119	-0.0199537	2020	E	SK037	1	15350
y2020__p1:i2591	y2020__p1:i2591	-0.0620664	-0.0163281	-0.0365543	0.00631995	-0.00808456	0.00999611	-0.0127286	0.0142906	-0.0167471	-0.00286744	2020	E	SK037	1	2591
y2020__p1:i10180	y2020__p1:i10180	-0.060874	-0.00585574	-0.0533048	-0.020481	-0.00276014	0.0186409	0.0111057	0.00486876	0.0377868	-0.0798947	2020	E	SK037	1	10180
y2020__p1:i6167	y2020__p1:i6167	-0.0182507	-0.0162309	-0.00253558	0.00562506	-0.0146343	0.0043571	0.00837585	0.00480624	0.00248679	0.00590904	2020	E	SK037	1	6167
y2020__p1:i6003	y2020__p1:i6003	-0.0104586	0.00505132	-0.00755327	-0.0259998	-0.00927469	-0.0146638	-0.00458309	-0.034377	0.00501318	-0.0476261	2020	E	SK037	1	6003
y2020__p1:i14373	y2020__p1:i14373	-0.0330586	-0.00297208	-0.0163037	0.0382484	-0.0057418	0.00832708	0.0124881	0.00590214	0.0287801	-0.0163107	2020	E	SK037	1	14373
y2020__p1:i15366	y2020__p1:i15366	-0.0228514	-0.00392201	-0.00572121	-0.0299598	-0.0111299	0.0221514	-0.0273215	0.00385225	0.028575	0.0209784	2020	E	SK037	1	15366
y2020__p1:i16308	y2020__p1:i16308	-0.0276021	0.0227284	0.00803385	-0.0108828	-0.00994864	0.0190724	0.0203537	-0.0183921	0.045451	-0.033675	2020	E	SK037	1	16308
y2020__p1:i3001	y2020__p1:i3001	-0.00883383	-0.0501463	0.0243578	-0.0284436	0.0115194	0.00432205	-0.0311248	0.0226091	0.0284067	-0.044384	2020	E	SK037	1	3001
y2020__p1:i8610	y2020__p1:i8610	-0.030279	-0.00433777	-0.00759667	-0.0507958	-0.0142521	0.0029876	0.0013872	-0.0462335	0.0147582	-0.0651844	2020	E	SK037	1	8610
y2020__p1:i16537	y2020__p1:i16537	-0.0205325	-0.00298895	0.00557714	-0.0156339	-0.00529188	-0.00913941	-0.0219938	-0.0420377	0.0280872	-0.0339268	2020	E	SK037	1	16537
y2020__p1:i3632	y2020__p1:i3632	-0.0339481	-0.00274958	-0.0170308	0.0424759	-0.0179756	-0.0193375	-0.00163256	-0.0172615	0.000627098	-0.010887	2020	E	SK037	1	3632
y2020__p1:i8047	y2020__p1:i8047	-0.0258796	0.00303541	-0.00685603	-0.0410359	0.0046789	-0.00817323	0.00173067	-0.0175034	0.0167915	-0.0249275	2020	E	SK037	1	8047
y2020__p1:i15392	y2020__p1:i15392	-0.0148653	-0.0274815	-0.0431372	0.0386214	-0.00945644	-0.0208789	0.0067831	-0.0101798	-0.011675	-0.00852412	2020	E	SK037	1	15392
y2020__p1:i12501	y2020__p1:i12501	-0.0292774	0.0211446	-0.00782523	-0.0195408	-0.00280488	-0.00155602	0.038526	-0.0160631	-0.00966682	0.0408191	2020	E	SK037	1	12501
y2020__p1:i7861	y2020__p1:i7861	-0.0252816	0.0296112	0.00585916	-0.00931887	-0.0128284	0.0202027	0.0177723	-0.0181403	0.0433613	-0.0394428	2020	E	SK037	1	7861
y2020__p1:i789	y2020__p1:i789	-0.0099962	0.033312	-0.0216411	-0.000733619	-0.00341362	0.00389205	0.0152047	0.0205607	0.00691573	-0.0455739	2020	E	SK045	2	789
y2020__p1:i6035	y2020__p1:i6035	-0.0186198	0.00683742	0.0178432	-0.0437494	0.0557732	0.023864	0.0697112	-0.0295061	-0.0429793	-0.0438132	2020	E	SK045	2	6035
y2020__p1:i3443	y2020__p1:i3443	-0.000473748	-0.00575022	0.033868	-0.0442713	0.00471476	-0.00654238	-0.0201287	-0.0113839	-0.000351392	-0.0175362	2020	E	SK045	2	3443
y2020__p1:i7062	y2020__p1:i7062	-0.00862941	0.00243032	0.013234	-0.0139958	0.0101075	0.0219153	0.00203404	-0.00608525	0.00754143	0.0104363	2020	E	SK045	2	7062
y2020__p1:i12733	y2020__p1:i12733	-0.0069235	0.0148914	0.0109126	-0.00413515	0.0263657	0.0302777	0.0112802	-0.00975961	-0.0276439	-0.0010054	2020	E	SK045	2	12733
y2020__p1:i1557	y2020__p1:i1557	-0.0161916	-0.0260312	0.0397468	-0.0801468	0.104025	0.0578402	0.200456	-0.0666661	-0.150018	-0.0404695	2020	E	SK045	2	1557
y2020__p1:i30	y2020__p1:i30	0.0143926	0.0151532	0.00694388	-0.0140524	0.00591823	0.0135869	0.000293121	0.022552	-0.00650198	-0.00983662	2020	E	SK045	2	30
y2020__p1:i9737	y2020__p1:i9737	-0.00426175	0.00738332	0.00820435	-0.0107055	-0.00384606	-0.0195572	-0.00633196	0.0232414	-0.00106032	0.00712145	2020	E	SK045	2	9737
y2020__p1:i5592	y2020__p1:i5592	-0.0246681	-0.0186085	-0.017187	-0.00173674	0.00233281	0.0280115	0.020882	0.00834214	0.000118174	0.0197983	2020	E	SK045	2	5592
y2020__p1:i15245	y2020__p1:i15245	-0.0108357	0.00519078	0.0268407	-0.00189402	-0.00473304	-0.0180366	-0.00741223	-0.0192214	0.00719584	0.0045621	2020	E	SK045	2	15245
y2020__p1:i32	y2020__p1:i32	0.00776499	-0.0110187	-0.00285406	-0.0268855	0.008445	0.00579168	0.0143921	-0.0137687	-0.0529407	-0.021484	2020	E	SK045	2	32
y2020__p1:i6179	y2020__p1:i6179	0.0224701	0.00551587	-0.0143733	-0.0142965	-0.0220931	-0.0106773	0.0241175	0.0130797	-0.0132151	0.0284019	2020	E	SK045	2	6179
y2020__p1:i9558	y2020__p1:i9558	-0.00665808	-0.0477069	0.0301999	-0.0385925	-0.0164117	0.0180249	-0.0237915	0.0195346	0.0117836	-0.00202114	2020	E	SK045	2	9558
y2020__p1:i134	y2020__p1:i134	-0.00566031	-0.00705523	-0.00211168	-0.0129713	0.00531107	0.0265159	0.0125994	-0.0156021	-0.010974	0.0170747	2020	E	SK045	2	134
y2020__p1:i11232	y2020__p1:i11232	-0.00186155	0.00510289	0.0175707	-0.0201196	0.00949601	0.00232445	0.0067949	-0.000411086	-0.0219295	0.0159957	2020	E	SK045	2	11232
y2020__p1:i6771	y2020__p1:i6771	-0.0370169	6.13305e-05	0.00980465	-0.0112525	-0.0146139	0.00413103	-0.00612822	-0.0188427	0.00131546	-0.0283241	2020	E	SK045	2	6771
y2020__p1:i13305	y2020__p1:i13305	0.00856762	0.0290345	-0.00583861	-0.00695718	0.0276869	0.0239315	0.0052403	0.0064161	-0.00824198	-0.00729872	2020	E	SK045	2	13305
y2020__p1:i3628	y2020__p1:i3628	-0.0302121	0.00313088	0.0141723	-0.0244622	-0.0085229	0.0293606	-0.00318695	0.0065821	-0.0154111	-0.0146037	2020	E	SK045	2	3628
y2020__p1:i1481	y2020__p1:i1481	-0.00649935	-0.0208485	0.00636289	-0.00120501	0.00980244	-0.00180863	-0.0104238	0.0148963	-0.0112158	-0.00742503	2020	E	SK045	2	1481
y2020__p1:i11407	y2020__p1:i11407	0.0150825	-0.00657855	0.0153334	-0.00659174	0.00316051	-0.007973	0.0179363	0.0242799	-0.00866502	-0.000936379	2020	E	SK045	2	11407
y2020__p1:i6034	y2020__p1:i6034	0.0047933	0.00761075	-0.0278482	-0.0145238	-0.00142358	0.00107075	0.0130042	-0.00609918	-0.0380942	-0.0187683	2020	E	SK046	3	6034
y2020__p1:i1653	y2020__p1:i1653	-0.0167092	0.00877753	0.0049571	-0.0218226	-0.00692852	-0.00701595	-0.00202864	-0.0147918	0.00393631	-0.00719521	2020	E	SK046	3	1653
y2020__p1:i16851	y2020__p1:i16851	0.0107419	-0.00938042	-0.00377203	-0.00500793	0.00395589	0.012946	0.00627232	-0.0050839	-0.00464394	-0.00524633	2020	E	SK046	3	16851
y2020__p1:i7282	y2020__p1:i7282	0.0148639	-0.00737613	0.00877701	-0.023301	0.0192431	-0.00199155	-0.00870117	-0.00766113	-0.0181736	0.0153439	2020	E	SK046	3	7282
y2020__p1:i7211	y2020__p1:i7211	-0.01129	0.00482207	0.0200637	-0.0187488	0.00329627	0.0278009	-0.0145878	0.00421814	-0.0194001	0.00695863	2020	E	SK046	3	7211
y2020__p1:i10026	y2020__p1:i10026	-0.0160424	0.0227275	0.000211701	-0.0180984	0.00444797	0.0211456	-0.0506211	0.0102704	-0.0833444	0.0384876	2020	E	SK046	3	10026
y2020__p1:i16199	y2020__p1:i16199	-0.01675	-0.0945087	-0.0136475	-0.0321046	-0.00943621	0.00509371	-0.0372241	0.0181883	0.0237563	-0.0477543	2020	E	SK046	3	16199
y2020__p1:i12717	y2020__p1:i12717	0.000903229	0.0259319	0.0332006	0.00778261	0.0307055	0.00947388	0.00933631	0.0152977	-0.0329754	0.00993448	2020	E	SK046	3	12717
y2020__p1:i8124	y2020__p1:i8124	0.00566302	0.00750291	0.0125134	-0.0178213	0.00279807	0.0177711	0.012831	-0.00721607	-0.00883426	-0.00728663	2020	E	SK046	3	8124
y2020__p1:i14505	y2020__p1:i14505	-0.0262953	0.00229594	-0.0312017	-0.00203201	-0.00363005	-0.00243575	0.0146988	0.0140123	-0.0245633	-0.0383297	2020	E	SK046	3	14505
y2020__p1:i2959	y2020__p1:i2959	0.00601693	-0.0341709	0.00628117	-0.0307086	0.0149839	0.019927	-0.000707159	0.0253188	0.0303549	-0.0288586	2020	E	SK046	3	2959
y2020__p1:i12078	y2020__p1:i12078	-0.0129199	-0.0982958	0.0226638	-0.075166	0.0454628	0.0817969	-0.00587425	0.0293806	0.0797666	-0.0977928	2020	E	SK046	3	12078
y2020__p1:i2534	y2020__p1:i2534	-0.0103847	0.0139842	0.0335168	0.0046574	-0.023324	-0.0107219	-0.00599035	-0.00475998	-0.0108189	0.00921738	2020	E	SK046	3	2534
y2020__p1:i1655	y2020__p1:i1655	-0.0167092	0.00877753	0.0049571	-0.0218226	-0.00692852	-0.00701595	-0.00202864	-0.0147918	0.00393631	-0.00719521	2020	E	SK046	3	1655
y2020__p1:i1417	y2020__p1:i1417	-0.0211813	0.0341688	-0.0218156	-0.014428	-8.05715e-05	0.00185719	-0.0560588	0.0118227	-0.0955919	0.0314052	2020	E	SK046	3	1417
y2020__p1:i13775	y2020__p1:i13775	-0.00183677	-0.0098153	0.014639	0.00813525	-0.0151169	-4.03846e-05	-0.00703604	-0.00194388	-0.0179996	0.0187108	2020	E	SK046	3	13775
y2020__p1:i10025	y2020__p1:i10025	-0.0288276	0.0176435	-0.0254894	-0.0342413	0.0035173	0.00567116	-0.0187364	0.0148968	-0.0308795	-0.00446608	2020	E	SK046	3	10025
y2020__p1:i12465	y2020__p1:i12465	-0.0185656	-0.00230906	0.00538222	-0.01024	-0.00373296	0.00984289	0.0124753	0.0130723	0.029562	0.017122	2020	E	SK046	3	12465
y2020__p1:i9915	y2020__p1:i9915	-0.00288317	0.00445424	0.0166476	-0.014497	0.0624964	0.0304993	0.0934249	-0.0376499	-0.0615092	-0.000462631	2020	E	SK046	3	9915
y2020__p1:i4527	y2020__p1:i4527	-0.0239854	0.00453534	-0.0183478	-0.0363001	-0.0308921	-0.000709056	0.0135021	-0.00930173	0.00104031	-0.00215481	2020	E	SK046	3	4527
y2020__p1:i4441	y2020__p1:i4441	-0.0566424	0.00286341	-0.0502886	0.0456189	-0.0285252	-0.0170542	-0.00224341	-0.022914	0.023261	-0.0859717	2020	SE	SK008	1	4441
y2020__p1:i10826	y2020__p1:i10826	-0.0242087	0.0287459	0.0312195	0.00382279	0.00805324	0.00558069	-0.0411049	-0.00885807	0.00849648	-0.00889847	2020	SE	SK008	1	10826
y2020__p1:i3293	y2020__p1:i3293	-0.0286462	-0.0015039	-0.00134035	0.00302868	-0.0336642	-0.011071	-0.0205703	-0.0441982	0.00556496	-0.0365788	2020	SE	SK008	1	3293
y2020__p1:i7137	y2020__p1:i7137	-0.0194628	0.0315579	0.0428505	0.0253135	-0.0145044	-0.00787673	-0.0188011	-0.0444701	-0.00711373	0.00779522	2020	SE	SK008	1	7137
y2020__p1:i14031	y2020__p1:i14031	-0.0238172	0.0200571	-0.00327506	0.000992405	-0.00721323	0.0189482	-0.0270201	0.00225178	-0.000871159	0.00621709	2020	SE	SK008	1	14031
y2020__p1:i7881	y2020__p1:i7881	-0.0307752	0.0107557	-0.00122809	0.00988084	-0.0482385	-0.00291164	-0.0162083	-0.0423673	-0.000296121	-0.0363343	2020	SE	SK008	1	7881
y2020__p1:i12949	y2020__p1:i12949	-0.0426685	0.00487125	-0.0363329	0.0380025	-0.0217051	-0.00454151	-0.00346486	-0.0118942	0.0200397	-0.0707928	2020	SE	SK008	1	12949
y2020__p1:i5011	y2020__p1:i5011	-0.0146644	0.0114664	0.00167858	0.00179731	0.0138674	0.00625673	0.00867688	-0.00376275	0.0255729	0.0176801	2020	SE	SK008	1	5011
y2020__p1:i16331	y2020__p1:i16331	-0.0248909	0.0191073	0.00885585	0.0207151	-0.0219337	0.0118972	-0.0093387	-0.0257429	-0.00469384	-0.0215807	2020	SE	SK008	1	16331
y2020__p1:i16151	y2020__p1:i16151	-0.0222536	0.0244817	-0.0110987	0.0214887	-0.0304217	-0.0179056	-0.00473434	-0.00799138	-0.031287	-0.00673119	2020	SE	SK008	1	16151
y2020__p1:i10128	y2020__p1:i10128	-0.0316093	0.0179809	-0.0258331	0.0349742	-0.0253736	-0.00386808	-0.0113821	-0.0301472	0.018945	-0.0423524	2020	SE	SK008	1	10128
y2020__p1:i10493	y2020__p1:i10493	-0.0284534	-0.0126389	-0.000120533	0.0326912	-0.0524752	0.00817247	-0.0145934	-0.040937	-0.00517672	-0.0209331	2020	SE	SK008	1	10493
y2020__p1:i11004	y2020__p1:i11004	-0.0169744	0.0194648	0.020756	-0.00158219	-0.0180548	-0.00860106	-0.0127743	0.0127127	-0.0235737	0.00766038	2020	SE	SK008	1	11004
y2020__p1:i2168	y2020__p1:i2168	-0.0165869	0.0125247	0.00259852	0.0351741	0.00521978	0.00223957	0.00624733	-0.0191164	0.00624667	0.0157635	2020	SE	SK008	1	2168
y2020__p1:i4089	y2020__p1:i4089	-0.0280297	0.0393563	0.0375074	0.0263071	-0.0128457	0.00109393	-0.00679071	-0.0121382	-0.0204092	-0.0150026	2020	SE	SK008	1	4089
y2020__p1:i9600	y2020__p1:i9600	-0.0291816	0.00389467	-0.00739051	0.0207852	-0.0325416	0.0119527	-8.07261e-05	-0.0231982	0.0163496	-0.0296926	2020	SE	SK008	1	9600
y2020__p1:i15374	y2020__p1:i15374	-0.0167163	0.00426366	-0.0115989	0.0134401	-0.0256079	0.0122407	0.0143434	-0.0103938	0.0129666	0.000497355	2020	SE	SK008	1	15374
y2020__p1:i16329	y2020__p1:i16329	-0.033347	0.00485365	0.0138482	0.0169002	-0.0410486	-0.00392646	0.0051155	-0.0363813	0.0015974	-0.0358853	2020	SE	SK008	1	16329
y2020__p1:i12959	y2020__p1:i12959	-0.0280616	0.0232567	-0.0187127	0.0049498	-0.0227856	-0.0200811	-0.00665644	0.0225453	-0.0628204	0.0109933	2020	SE	SK008	1	12959
y2020__p1:i6611	y2020__p1:i6611	-0.0216213	0.00185717	0.0241037	0.0423959	-0.018599	0.0192187	-0.0043899	-0.0356848	0.00979997	0.00183439	2020	SE	SK008	1	6611
y2020__p1:i1091	y2020__p1:i1091	0.00102476	0.00919073	-0.0308547	-0.0187374	0.0204112	0.000947547	-0.0292061	0.00289542	0.0552352	0.0336993	2020	SE	SK018	2	1091
y2020__p1:i3676	y2020__p1:i3676	-0.0224106	-0.0146147	-0.0123672	-0.00640263	-0.00108902	-0.017869	0.00341467	-0.0101396	0.0279181	0.0228019	2020	SE	SK018	2	3676
y2020__p1:i3678	y2020__p1:i3678	-0.0330874	-0.0334765	0.0160344	-0.00300364	0.000103164	-0.00092189	-0.00659683	6.39067e-05	0.026086	-0.000741811	2020	SE	SK018	2	3678
y2020__p1:i85	y2020__p1:i85	-0.0240906	0.0337228	-0.00859554	0.0160125	-0.0207787	-0.0255452	-0.0296449	0.00136119	-0.0820275	0.0338118	2020	SE	SK018	2	85
y2020__p1:i2170	y2020__p1:i2170	-0.0162765	-0.013185	-0.0138117	-0.00939821	-0.00745431	-0.00609455	-0.0182737	0.01081	0.0453258	0.0161299	2020	SE	SK018	2	2170
y2020__p1:i6986	y2020__p1:i6986	-0.0472756	0.0127603	-0.0271997	0.0311442	-0.00776487	-0.0196323	0.00113473	-0.016849	0.023838	-0.0682317	2020	SE	SK018	2	6986
y2020__p1:i2890	y2020__p1:i2890	-0.041907	0.0111446	-0.0290253	-0.000584331	0.00501812	0.0159047	-0.0316199	0.00503175	0.0157575	0.0134082	2020	SE	SK018	2	2890
y2020__p1:i6087	y2020__p1:i6087	-0.0448818	0.00114308	-0.0312256	0.0329154	-0.000445036	0.010673	-0.00706499	-0.00507603	0.0636103	-0.0150008	2020	SE	SK018	2	6087
y2020__p1:i16571	y2020__p1:i16571	-0.0205502	0.0016025	0.00428776	-0.00423994	-0.0102223	0.00989662	-0.0184804	0.0209493	0.00331254	0.0118241	2020	SE	SK018	2	16571
y2020__p1:i14175	y2020__p1:i14175	-0.0683525	0.0158547	-0.0592669	0.0296871	-0.0176905	0.00158512	-0.0123179	-0.0452505	0.117319	0.0184482	2020	SE	SK018	2	14175
y2020__p1:i7351	y2020__p1:i7351	-0.042145	0.0219284	0.0147478	0.00481534	-0.022697	-0.0342211	-0.0122809	0.0184081	-0.032819	-0.0136837	2020	SE	SK018	2	7351
y2020__p1:i2066	y2020__p1:i2066	-0.00356762	0.0108447	0.023218	-0.0114607	-0.0116738	-0.00726855	0.0107862	-0.00899676	-0.0106058	-0.00856091	2020	SE	SK018	2	2066
y2020__p1:i7793	y2020__p1:i7793	-0.00551864	0.0101886	0.0329818	0.00346244	-0.00796803	-0.000293659	-0.0115047	0.0137496	0.0232755	-0.000458376	2020	SE	SK018	2	7793
y2020__p1:i12547	y2020__p1:i12547	-0.0529256	0.0141003	-0.00702459	0.00211565	-0.0259245	-0.00336477	-0.0174721	0.00253343	0.0282461	-0.00748242	2020	SE	SK018	2	12547
y2020__p1:i9772	y2020__p1:i9772	-0.0264365	0.0341485	-0.01669	-0.00103703	-0.0160513	-0.0112545	-0.0448378	0.00802723	-0.074996	0.0418067	2020	SE	SK018	2	9772
y2020__p1:i2293	y2020__p1:i2293	-0.0532779	0.0270826	-0.0526407	0.00936224	0.00256099	0.0116493	0.00278222	-0.0189599	0.120716	0.0401052	2020	SE	SK018	2	2293
y2020__p1:i5715	y2020__p1:i5715	-0.0155	0.0151659	0.00838424	-0.0130301	-0.00257753	-0.0340634	-0.0167076	-0.00403557	-0.00284969	0.0251928	2020	SE	SK018	2	5715
y2020__p1:i12251	y2020__p1:i12251	-0.0270497	-0.0158935	-0.0202308	-0.00904812	0.00136167	-0.0186353	0.00878118	-0.0102916	0.0270539	0.027049	2020	SE	SK018	2	12251
y2020__p1:i10563	y2020__p1:i10563	-0.0332453	0.0282523	-0.0106125	0.0312079	0.00329258	0.0155188	-0.0163565	-0.0269741	0.0558801	0.0361114	2020	SE	SK018	2	10563
y2020__p1:i10376	y2020__p1:i10376	-0.0393421	0.0125278	0.0126915	-0.0118758	-0.0244052	0.00835805	-0.0194067	0.0290244	0.00281018	-0.0063781	2020	SE	SK018	2	10376
y2020__p1:i8077	y2020__p1:i8077	-0.0403867	0.016592	0.00373986	0.0178359	-0.0524322	-0.00867594	-0.0529214	-0.0354645	0.0209906	-0.0155877	2020	SE	SK019	3	8077
y2020__p1:i12299	y2020__p1:i12299	-0.0251861	0.00701773	-0.00146245	-0.00784943	0.0160158	0.000429214	-0.0154879	-0.0086979	0.00931337	0.00230789	2020	SE	SK019	3	12299
y2020__p1:i1388	y2020__p1:i1388	-0.0203133	0.0194873	0.00586807	0.00747828	0.00900725	-0.00882822	-0.011924	-0.0106153	0.0048855	-0.00322286	2020	SE	SK019	3	1388
y2020__p1:i3810	y2020__p1:i3810	-0.0249671	0.0248929	0.00893253	0.0132096	-0.0049009	-0.00208911	-0.0207543	-0.0215793	-0.0181256	0.000942876	2020	SE	SK019	3	3810
y2020__p1:i8078	y2020__p1:i8078	-0.0532113	0.022733	-0.00839755	0.0101156	-0.0577503	0.000623365	-0.0248721	-0.0753341	0.101867	0.0144638	2020	SE	SK019	3	8078
y2020__p1:i15651	y2020__p1:i15651	-0.0199402	0.01883	-0.00563578	-0.000272097	-0.0329116	0.00502158	0.0153207	0.00068921	-0.00447523	-0.00335343	2020	SE	SK019	3	15651
y2020__p1:i7232	y2020__p1:i7232	-0.0212806	0.017792	0.00487096	-0.00542631	-0.00697062	-0.00862965	0.00514099	0.0142845	0.0274546	-0.0363617	2020	SE	SK019	3	7232
y2020__p1:i9697	y2020__p1:i9697	-0.0739414	0.0169494	-0.101723	0.0266772	-0.00229767	0.0390422	-0.0222843	-0.00526907	0.189885	0.0311174	2020	SE	SK019	3	9697
y2020__p1:i1867	y2020__p1:i1867	-0.0163174	0.00960955	0.0212531	0.0284111	-0.00227682	0.0308132	-0.00668443	-0.023981	-0.0087014	-0.00599076	2020	SE	SK019	3	1867
y2020__p1:i9547	y2020__p1:i9547	-0.0178679	0.00320977	0.0127102	0.00337139	-0.0124313	-0.0133457	-0.00882979	0.0171549	-0.00680014	-0.0166922	2020	SE	SK019	3	9547
y2020__p1:i1728	y2020__p1:i1728	-0.0292396	0.00880411	-0.0251648	0.0192969	-0.0337022	-0.00818384	-0.0191723	-0.0361911	-0.00388003	0.00358131	2020	SE	SK019	3	1728
y2020__p1:i2237	y2020__p1:i2237	-0.0384012	0.0134842	0.00309389	0.00499039	-0.0253128	0.00372766	-0.0487415	-0.0215123	0.0262517	-0.0275018	2020	SE	SK019	3	2237
y2020__p1:i10952	y2020__p1:i10952	-0.0223602	0.0135364	0.0413244	0.0367108	0.010883	0.0235986	-0.00305269	-0.0172988	-0.0018451	-0.0144439	2020	SE	SK019	3	10952
y2020__p1:i8890	y2020__p1:i8890	-0.056393	0.00265631	-0.0500149	-0.00124067	-0.0066615	0.0305735	-0.0145374	0.0181996	0.0513832	-0.0128497	2020	SE	SK019	3	8890
y2020__p1:i7995	y2020__p1:i7995	-0.0186641	-0.0185636	0.0327042	-0.0214153	0.0123112	-0.0153122	-0.0299849	0.0130529	0.0345716	-0.0127632	2020	SE	SK019	3	7995
y2020__p1:i5357	y2020__p1:i5357	-0.0242077	0.0110349	0.000528997	-0.00645656	-0.0261932	-0.000712239	-0.00499213	0.0339267	-0.00682021	-0.0229747	2020	SE	SK019	3	5357
y2020__p1:i16763	y2020__p1:i16763	-0.0348555	0.0213924	-0.028215	0.0162633	-0.0526278	0.0096412	-0.0364002	-0.0696875	0.0449971	0.0259744	2020	SE	SK019	3	16763
y2020__p1:i12145	y2020__p1:i12145	-0.0173819	0.0168619	-0.00232556	0.00909111	-0.0165447	-0.00557217	-0.0242491	-0.0125806	-0.000440953	-0.00428947	2020	SE	SK019	3	12145
y2020__p1:i13796	y2020__p1:i13796	-0.0339723	0.0154084	-0.0259143	0.00665992	-0.0393343	0.00138346	-0.0265817	-0.0185795	0.00615211	0.00776944	2020	SE	SK019	3	13796
y2020__p1:i4081	y2020__p1:i4081	-0.0262015	0.0145314	0.0258016	0.027003	-0.0247791	0.015767	0.0277	0.0143145	0.00138525	-0.0253066	2020	SE	SK019	3	4081
sq2140__p1:i6911	sq2140__p1:i6911	0.0334859	-0.0392282	-0.0039944	0.0282948	0.0280091	0.0181235	-0.0274642	-0.0215294	-0.0156944	0.00283817	SQ	NW	SK060	1	6911
sq2140__p1:i14861	sq2140__p1:i14861	0.0320888	-0.111423	0.00070551	0.0716952	0.0516863	0.0942541	-0.0647702	-0.0398198	0.000930068	-0.0267097	SQ	NW	SK060	1	14861
sq2140__p1:i15215	sq2140__p1:i15215	0.0272081	-0.0311801	-0.00576789	0.0111995	-0.00987593	-0.0055231	0.00753723	0.00292183	0.00156523	-0.0217889	SQ	NW	SK060	1	15215
sq2140__p1:i5301	sq2140__p1:i5301	0.0129519	0.0055895	-0.00136588	0.00438523	0.00526855	-0.0198454	0.0154897	-0.0165234	0.00336728	0.0164483	SQ	NW	SK060	1	5301
sq2140__p1:i2716	sq2140__p1:i2716	0.0230215	-0.0358481	-0.00442201	-0.0038119	-0.00152935	-0.00215974	0.0320849	-0.0468567	0.0069523	-0.025119	SQ	NW	SK060	1	2716
sq2140__p1:i12192	sq2140__p1:i12192	0.0231085	-0.0205672	-0.00805637	0.0317487	-0.00205878	-0.00384743	-0.00929418	-0.0147615	-0.018344	0.0183022	SQ	NW	SK060	1	12192
sq2140__p1:i101	sq2140__p1:i101	0.0180022	-0.0304292	0.00134397	-0.00139747	0.0104347	0.0279636	0.0151339	-0.00308604	0.00871647	-0.00373449	SQ	NW	SK060	1	101
sq2140__p1:i13389	sq2140__p1:i13389	0.0123688	0.0024594	0.0020995	0.0193949	0.00521479	-0.0202706	-0.00635046	-0.00213936	0.000684747	0.0148971	SQ	NW	SK060	1	13389
sq2140__p1:i4557	sq2140__p1:i4557	0.00640901	-0.0567952	-0.0131688	0.0240348	0.00646392	0.0211022	-0.00904722	-0.0255805	-0.00626717	-0.0338649	SQ	NW	SK060	1	4557
sq2140__p1:i13736	sq2140__p1:i13736	0.0180587	-0.0223749	0.00771887	0.00116744	-0.00510706	-0.0106899	0.00599873	-0.0165012	-0.0165217	0.0150228	SQ	NW	SK060	1	13736
sq2140__p1:i7693	sq2140__p1:i7693	0.0226279	-0.016896	0.0176565	0.0195637	0.00787603	-0.0131687	-0.0143688	-0.0274678	-0.00241006	-0.00411554	SQ	NW	SK060	1	7693
sq2140__p1:i5220	sq2140__p1:i5220	0.0249806	-0.0281788	0.00433964	-0.00989673	-0.0181058	0.0176527	0.0106197	-0.0222094	-0.00908565	0.000169258	SQ	NW	SK060	1	5220
sq2140__p1:i16826	sq2140__p1:i16826	0.0340508	-0.0235291	0.0180698	0.0109574	-0.0147604	-0.0248092	0.0121173	-0.0192227	-0.0161356	0.010941	SQ	NW	SK060	1	16826
sq2140__p1:i5221	sq2140__p1:i5221	0.0308371	-0.0575679	0.00422149	0.00956954	-0.0176947	-0.00425761	-0.00111602	-0.0348492	-0.0276516	0.00238978	SQ	NW	SK060	1	5221
sq2140__p1:i12776	sq2140__p1:i12776	0.0417162	-0.0134635	0.00128174	0.0085227	-0.0176789	-0.0423285	-0.0199367	-0.0156889	-0.041447	0.00675689	SQ	NW	SK060	1	12776
sq2140__p1:i10848	sq2140__p1:i10848	0.00223808	-0.0259676	-0.00126852	0.0258549	0.0109876	0.00255291	0.0186185	-0.0416719	-0.0344229	-0.00925481	SQ	NW	SK060	1	10848
sq2140__p1:i15004	sq2140__p1:i15004	0.038528	-0.0216023	0.00358942	0.0528554	0.00357276	0.023376	-0.0143185	-0.0386059	-0.00358464	0.0227272	SQ	NW	SK060	1	15004
sq2140__p1:i12466	sq2140__p1:i12466	0.0254336	-0.0318984	0.00717571	0.0110368	0.0101993	-0.00167376	0.0114955	-0.0305613	0.0119608	-0.0019086	SQ	NW	SK060	1	12466
sq2140__p1:i4208	sq2140__p1:i4208	-0.0160013	-0.00978866	0.00890919	0.0121444	0.000418257	-0.0166656	0.00943731	0.0350135	0.00853812	0.00245904	SQ	NW	SK060	1	4208
sq2140__p1:i12777	sq2140__p1:i12777	0.0357306	-0.00393827	0.00659658	0.0331341	0.00401746	-0.0427616	-0.00854993	-0.0117019	-0.00945433	-0.000626686	SQ	NW	SK060	1	12777
sq2140__p1:i3100	sq2140__p1:i3100	0.0245883	-0.00725334	0.00170299	0.0158792	0.00966354	0.0033761	-0.00511159	-0.00534509	-0.00967098	0.0118389	SQ	NW	SK068	2	3100
sq2140__p1:i5600	sq2140__p1:i5600	0.033355	-0.0223208	0.0124425	-0.00134213	0.00682264	-0.0113796	0.0178356	-0.0237654	0.00478055	-0.0214459	SQ	NW	SK068	2	5600
sq2140__p1:i16376	sq2140__p1:i16376	0.0790545	-0.144549	-0.0183952	0.0854435	0.0635705	0.147848	-0.0934817	-0.0902	0.0160695	-0.0164314	SQ	NW	SK068	2	16376
sq2140__p1:i8018	sq2140__p1:i8018	0.0814711	-0.147574	-0.0138865	0.0768438	0.042791	0.138397	-0.103649	-0.0801982	-0.0322126	0.00505685	SQ	NW	SK068	2	8018
sq2140__p1:i6477	sq2140__p1:i6477	0.0118902	-0.0305214	-0.0146933	-0.00656639	-0.0126685	-0.00986839	0.00796532	0.00729889	-0.00669765	0.0197809	SQ	NW	SK068	2	6477
sq2140__p1:i8015	sq2140__p1:i8015	0.082818	-0.148909	-0.0111675	0.0753998	0.0421284	0.141519	-0.104352	-0.0829022	-0.0349094	0.00624669	SQ	NW	SK068	2	8015
sq2140__p1:i10120	sq2140__p1:i10120	0.029128	-0.0478241	0.0142253	0.0113561	5.61945e-05	-0.0288239	-0.0451375	-0.0231525	-0.0194036	-0.00180649	SQ	NW	SK068	2	10120
sq2140__p1:i816	sq2140__p1:i816	0.0466402	-0.0849136	-0.0202737	0.0451802	0.0338983	0.0732407	-0.0611857	-0.0361227	-0.0175734	0.00316888	SQ	NW	SK068	2	816
sq2140__p1:i5546	sq2140__p1:i5546	0.0329156	-0.004774	-0.00448324	-0.0050541	-0.0136625	-0.00818075	0.00177494	-0.0169404	0.0150719	0.0244048	SQ	NW	SK068	2	5546
sq2140__p1:i10545	sq2140__p1:i10545	0.0276896	-0.0353849	-0.00438921	-0.000146066	0.00400669	-0.0119158	-0.00199718	-0.0325532	-0.000128417	0.00343264	SQ	NW	SK068	2	10545
sq2140__p1:i2291	sq2140__p1:i2291	0.0728332	-0.0837689	-0.0082629	0.0485003	0.0320435	0.105251	-0.0609009	-0.0533384	-0.0213774	0.0116397	SQ	NW	SK068	2	2291
sq2140__p1:i6742	sq2140__p1:i6742	0.019706	-0.0328351	0.00452523	-0.00668307	-0.00263924	-0.0157755	0.00523374	-0.0295167	-0.00471422	0.0160925	SQ	NW	SK068	2	6742
sq2140__p1:i1234	sq2140__p1:i1234	0.0288905	-0.0195504	0.0211923	0.031608	0.016256	-0.00989914	0.0126905	-0.000867716	0.0255893	0.0138522	SQ	NW	SK068	2	1234
sq2140__p1:i7586	sq2140__p1:i7586	0.0404491	-0.107429	0.0101289	0.0876486	0.0515079	0.0918692	-0.0731608	-0.0742125	-0.0109183	-0.0236705	SQ	NW	SK068	2	7586
sq2140__p1:i387	sq2140__p1:i387	0.041556	-0.015498	0.00540264	0.00181455	0.011434	-0.0238639	-0.0123874	-0.000199961	-0.00142091	-0.00159112	SQ	NW	SK068	2	387
sq2140__p1:i13449	sq2140__p1:i13449	0.0215139	-0.0490376	0.0270747	0.058144	0.00738442	0.0225486	-0.0471401	-0.0567157	-0.0449662	-0.00245201	SQ	NW	SK068	2	13449
sq2140__p1:i9665	sq2140__p1:i9665	0.0466433	-0.00106181	-0.0168	0.0349371	-0.0140029	-0.0109851	0.0054618	-0.0151908	0.0222896	-0.0463228	SQ	NW	SK068	2	9665
sq2140__p1:i10546	sq2140__p1:i10546	0.0144049	-0.0246453	-0.0170391	0.00102257	0.00113347	-0.0369321	-0.00312732	-0.0181031	-0.00550787	-0.0041032	SQ	NW	SK068	2	10546
sq2140__p1:i2290	sq2140__p1:i2290	0.0722014	-0.0814707	-0.0100139	0.0499935	0.0312998	0.103551	-0.0617754	-0.0512185	-0.0197596	0.00975149	SQ	NW	SK068	2	2290
sq2140__p1:i10113	sq2140__p1:i10113	0.0399394	-0.034378	0.00632712	0.0194812	0.00908483	0.00898955	-0.0218153	-0.0481934	-0.0251405	0.0162521	SQ	NW	SK068	2	10113
sq2140__p1:i11720	sq2140__p1:i11720	0.0385341	-0.066243	0.000879903	0.0416383	0.00298255	0.0297145	-0.0236409	-0.0429044	-0.00051761	-0.0391514	SQ	NW	SK069	3	11720
sq2140__p1:i736	sq2140__p1:i736	0.0451513	-0.0327194	0.0116528	0.00846334	-0.00959668	0.00855446	-0.022829	-0.0259287	-0.025911	-0.00128299	SQ	NW	SK069	3	736
sq2140__p1:i9575	sq2140__p1:i9575	0.038241	-0.0283808	0.00797616	0.015271	-0.0154749	0.0131442	-0.0210804	-0.0274933	-0.030442	-0.00163853	SQ	NW	SK069	3	9575
sq2140__p1:i15872	sq2140__p1:i15872	0.0239809	-0.0245512	-0.000705999	0.0400611	-0.014436	0.0272538	-0.0274963	-0.0278985	-0.02461	0.0254437	SQ	NW	SK069	3	15872
sq2140__p1:i12610	sq2140__p1:i12610	0.00783937	-0.0348307	0.0111391	0.0197498	-0.0118577	0.00301122	-0.0126155	-0.0181034	-0.0146425	-0.00349468	SQ	NW	SK069	3	12610
sq2140__p1:i11718	sq2140__p1:i11718	0.0309656	-0.0246146	-0.0132343	0.00173851	0.00178519	-0.0154503	-0.00572882	-0.0070665	-0.0122196	0.0027978	SQ	NW	SK069	3	11718
sq2140__p1:i13157	sq2140__p1:i13157	0.00847322	-0.0287678	0.00469835	-0.00269166	0.00581785	-0.00415924	-0.0233896	0.01857	0.00560725	0.0043102	SQ	NW	SK069	3	13157
sq2140__p1:i8436	sq2140__p1:i8436	0.0357751	-0.023601	0.00777531	0.0206701	-0.00474134	-0.0210814	0.0065572	-0.0261429	0.0311459	0.0166668	SQ	NW	SK069	3	8436
sq2140__p1:i6445	sq2140__p1:i6445	0.0873721	-0.0722776	0.0112478	0.0344562	-0.0166128	0.0530585	-0.0585217	-0.0860431	-0.0646306	0.0223595	SQ	NW	SK069	3	6445
sq2140__p1:i9574	sq2140__p1:i9574	0.0162854	-0.024142	0.00503461	0.0193526	-0.00968778	0.000749793	-0.00375593	-0.0124211	-0.0174659	0.00750322	SQ	NW	SK069	3	9574
sq2140__p1:i7668	sq2140__p1:i7668	0.0115165	-0.0361712	-0.0174689	0.044264	-0.00573272	-0.00395711	-0.0118512	-0.0106046	0.00941761	-0.0100554	SQ	NW	SK069	3	7668
sq2140__p1:i17527	sq2140__p1:i17527	0.00680937	-0.0081309	0.0191203	0.00811429	-0.000675742	-0.00446066	-0.004515	-0.0140648	-0.0142271	0.000299492	SQ	NW	SK069	3	17527
sq2140__p1:i194	sq2140__p1:i194	0.079711	-0.0537863	0.00518305	0.0386172	-0.0271295	0.0285824	-0.0477556	-0.0655125	-0.033176	0.0014399	SQ	NW	SK069	3	194
sq2140__p1:i8974	sq2140__p1:i8974	0.0679121	-0.0666523	0.00429481	0.0420094	-0.0220671	0.0471679	-0.0531112	-0.0560114	-0.0522365	0.00966638	SQ	NW	SK069	3	8974
sq2140__p1:i14364	sq2140__p1:i14364	0.00207259	-0.0419927	-0.00285932	0.0252135	0.0118631	-0.00051976	-0.03331	0.0034591	-0.0290275	-0.0122954	SQ	NW	SK069	3	14364
sq2140__p1:i631	sq2140__p1:i631	0.0290051	-0.0693915	-0.0183017	0.0566529	0.00792726	0.0164682	-0.0460439	-0.0179562	-0.0142467	-0.0124749	SQ	NW	SK069	3	631
sq2140__p1:i15298	sq2140__p1:i15298	0.0243878	-0.0322128	0.00727694	0.017745	-0.0116806	-0.0042424	0.00489584	-0.00849736	0.00044643	0.00508846	SQ	NW	SK069	3	15298
sq2140__p1:i3029	sq2140__p1:i3029	0.0318893	-0.0329268	-0.00562317	0.00943033	0.0161833	0.00298663	-0.0105335	-0.0195823	-0.019261	0.00423367	SQ	NW	SK069	3	3029
sq2140__p1:i8744	sq2140__p1:i8744	0.0363401	-0.0397745	-0.00593899	0.0163086	-0.0124328	0.0156315	-0.0080145	-0.0288018	0.0111189	0.0104636	SQ	NW	SK069	3	8744
sq2140__p1:i1144	sq2140__p1:i1144	0.026667	-0.015883	0.0041664	0.00588505	-0.0124107	-0.0260386	0.0125701	-0.0038955	-0.00690189	0.00629212	SQ	NW	SK069	3	1144
sq2140__p1:i8302	sq2140__p1:i8302	-0.00466325	-0.0263759	0.000281903	0.0306357	-0.00939166	-0.00984188	0.0197819	-0.0004105	-0.00350179	-0.00174479	SQ	NE	SK062	1	8302
sq2140__p1:i14390	sq2140__p1:i14390	0.0181096	-0.00866674	-0.00411394	-0.0232684	-0.00899734	0.00507777	0.00181652	0.00291863	-0.00237814	-0.0160083	SQ	NE	SK062	1	14390
sq2140__p1:i6190	sq2140__p1:i6190	0.0216665	-0.0413665	0.0172065	-6.31282e-05	0.0128166	-0.0050026	0.000398492	0.00573538	-0.00670629	0.000219416	SQ	NE	SK062	1	6190
sq2140__p1:i14102	sq2140__p1:i14102	0.00167508	-0.082441	-0.00782308	0.0302241	0.0050129	0.024798	-0.0447011	-0.013568	-0.0231191	-0.0200288	SQ	NE	SK062	1	14102
sq2140__p1:i11820	sq2140__p1:i11820	-0.000198845	-0.0322051	0.015078	-0.00230632	0.00313567	-0.0121275	-0.00498084	0.00318483	-0.00492091	-0.0105028	SQ	NE	SK062	1	11820
sq2140__p1:i7220	sq2140__p1:i7220	0.013278	-0.084247	0.0199769	0.0100743	0.0311578	0.0380673	-0.0272876	0.00650976	0.0063959	0.00767943	SQ	NE	SK062	1	7220
sq2140__p1:i14716	sq2140__p1:i14716	0.0298487	-0.0156264	0.0110039	0.000841581	-0.017602	-0.0133428	0.00196982	-0.0123527	-0.00788462	0.0131082	SQ	NE	SK062	1	14716
sq2140__p1:i17411	sq2140__p1:i17411	0.00445046	-0.012165	0.000201634	0.0199948	0.00596903	-0.00912818	-0.00611355	0.0147564	-0.000992782	0.0130874	SQ	NE	SK062	1	17411
sq2140__p1:i14641	sq2140__p1:i14641	-0.00430511	-0.0771238	0.000962816	0.00579581	0.00428375	0.00500619	-0.0331066	-0.0418088	-0.00505405	-0.0201641	SQ	NE	SK062	1	14641
sq2140__p1:i13133	sq2140__p1:i13133	0.018379	-0.048134	0.0149331	0.02185	-0.0174833	-0.00715763	-0.000559781	0.000530655	-0.0110097	-0.0123024	SQ	NE	SK062	1	13133
sq2140__p1:i3123	sq2140__p1:i3123	-0.0104345	-0.0213576	-0.00626944	0.00682947	-0.0110661	-0.0120012	0.0262643	0.0255304	-0.00911498	0.00525276	SQ	NE	SK062	1	3123
sq2140__p1:i7567	sq2140__p1:i7567	0.0181445	-0.0754643	-0.0112477	0.0623525	0.0276847	0.0424377	-0.022642	-0.0353544	-0.00242014	-0.00378816	SQ	NE	SK062	1	7567
sq2140__p1:i5197	sq2140__p1:i5197	0.0117231	-0.0212602	0.00539883	-0.00723112	0.0134703	-0.00146975	0.0247715	-0.0274133	-0.00657149	-0.000395411	SQ	NE	SK062	1	5197
sq2140__p1:i5790	sq2140__p1:i5790	0.0215342	0.000277813	0.00447338	0.0216622	0.00299425	-0.0157648	0.00629039	-0.00946255	0.00851527	0.00489526	SQ	NE	SK062	1	5790
sq2140__p1:i17340	sq2140__p1:i17340	-0.00101582	-0.0265292	0.00545396	0.0299565	0.0100583	-0.0266296	0.00673812	-0.00994461	-0.0134719	0.00738212	SQ	NE	SK062	1	17340
sq2140__p1:i6710	sq2140__p1:i6710	-0.00962905	-0.0398757	-0.000804688	0.0152783	-0.0379681	-0.0169386	0.00190897	0.0049178	-0.0123003	0.00907205	SQ	NE	SK062	1	6710
sq2140__p1:i10122	sq2140__p1:i10122	-0.00325095	-0.0326318	0.0260616	0.0259083	0.024172	-0.00706129	-0.00524324	-0.00837721	0.0125032	-0.00388186	SQ	NE	SK062	1	10122
sq2140__p1:i6788	sq2140__p1:i6788	0.0170651	-0.0200183	0.00552993	2.36418e-05	0.00442916	-0.0113227	0.000217467	0.015547	-0.0309555	0.0117302	SQ	NE	SK062	1	6788
sq2140__p1:i3505	sq2140__p1:i3505	0.0164296	-0.0292541	0.0160292	0.0316958	-0.0124224	-0.0164774	0.00936332	0.00823921	-0.00335787	-0.00491667	SQ	NE	SK062	1	3505
sq2140__p1:i1594	sq2140__p1:i1594	-0.00474179	0.000487304	0.0159162	0.0338502	-0.00847063	0.00624379	-0.00097485	0.0156015	-0.00878051	0.0266965	SQ	NE	SK062	1	1594
sq2140__p1:i5201	sq2140__p1:i5201	0.0107677	-0.0502008	0.0105642	0.0176058	-0.000959251	-0.00372979	0.0214684	0.0170412	0.0123003	0.0268707	SQ	NE	SK063	2	5201
sq2140__p1:i4259	sq2140__p1:i4259	0.000868122	-0.022439	0.0104176	0.0430105	0.00645281	-0.0173892	0.0414958	0.00746772	0.014217	-0.0242093	SQ	NE	SK063	2	4259
sq2140__p1:i15647	sq2140__p1:i15647	-0.00237134	-0.0217182	-0.0115185	0.0170407	0.00904777	-0.0116126	-0.00843502	-0.00954579	-0.00285086	-0.019155	SQ	NE	SK063	2	15647
sq2140__p1:i17002	sq2140__p1:i17002	-0.0201867	-0.00634496	0.0213931	0.021953	0.0140973	-0.023156	0.00110834	0.01591	-0.00785119	-0.0334209	SQ	NE	SK063	2	17002
sq2140__p1:i9579	sq2140__p1:i9579	0.00667485	-0.062942	0.0268645	0.0431733	0.0320268	-0.0275943	0.0416065	0.0247448	-0.0225579	0.0165605	SQ	NE	SK063	2	9579
sq2140__p1:i6633	sq2140__p1:i6633	-0.00840386	-0.0279326	0.00781255	0.0162396	0.00348775	0.000814374	0.0194022	0.00116586	0.0191509	-0.00100936	SQ	NE	SK063	2	6633
sq2140__p1:i8773	sq2140__p1:i8773	-0.0155801	-0.0464631	0.00139934	0.0242165	0.0253079	-0.0206713	0.0288228	-0.0196716	0.00243014	-0.0122882	SQ	NE	SK063	2	8773
sq2140__p1:i8710	sq2140__p1:i8710	-0.00143182	-0.0360786	-0.00318851	0.0300429	-0.0210076	-0.0245228	-0.01031	-0.022293	0.00846679	-0.0180909	SQ	NE	SK063	2	8710
sq2140__p1:i7236	sq2140__p1:i7236	-0.0184667	-0.0174104	0.0195615	0.0260775	-0.0039348	-0.0316357	0.024112	0.0186384	0.0240544	0.00237646	SQ	NE	SK063	2	7236
sq2140__p1:i367	sq2140__p1:i367	-0.0038996	-0.062845	0.0405879	0.0235465	0.00160741	-0.0545232	-0.00199065	0.0272006	0.0159371	0.0124089	SQ	NE	SK063	2	367
sq2140__p1:i9337	sq2140__p1:i9337	-0.0104833	-0.0313467	0.0366426	0.0266428	-0.00257323	-0.0474577	-0.00239648	0.0122298	0.00811432	0.0232617	SQ	NE	SK063	2	9337
sq2140__p1:i12940	sq2140__p1:i12940	0.000868122	-0.022439	0.0104176	0.0430105	0.00645281	-0.0173892	0.0414958	0.00746772	0.014217	-0.0242093	SQ	NE	SK063	2	12940
sq2140__p1:i9548	sq2140__p1:i9548	0.00903281	-0.0274545	0.0128313	0.0179261	0.00522328	-0.0309374	-0.00851282	-0.00522145	0.00442709	-0.00163645	SQ	NE	SK063	2	9548
sq2140__p1:i10966	sq2140__p1:i10966	-0.00226066	-0.0332405	0.00544509	0.0307652	-0.00167629	-0.0123639	0.0284904	-0.0110476	-0.00502306	0.0129981	SQ	NE	SK063	2	10966
sq2140__p1:i14547	sq2140__p1:i14547	0.0133575	-0.0335266	0.0190498	0.0248386	0.0129302	-0.0412491	0.0201328	0.0237462	0.0110672	-0.0048476	SQ	NE	SK063	2	14547
sq2140__p1:i16101	sq2140__p1:i16101	0.0130325	-0.028415	-0.000366646	0.00353817	-0.00687259	-0.0394797	0.0166392	-0.00487904	-0.00834499	0.0114584	SQ	NE	SK063	2	16101
sq2140__p1:i16497	sq2140__p1:i16497	-0.0152278	-0.0388579	0.0159565	0.0580651	0.00869063	-0.0509101	0.0487706	0.0168342	0.0127655	0.028285	SQ	NE	SK063	2	16497
sq2140__p1:i6207	sq2140__p1:i6207	-0.0193684	-0.0407763	0.00260951	0.0437217	0.0122414	-0.0155102	0.0403997	0.00853165	0.00407891	-0.00410325	SQ	NE	SK063	2	6207
sq2140__p1:i7381	sq2140__p1:i7381	-0.00759208	-0.0394503	0.0252209	0.000603763	0.00863017	0.0161309	0.0063897	0.00936367	0.017799	-0.0184307	SQ	NE	SK063	2	7381
sq2140__p1:i16146	sq2140__p1:i16146	-0.00435213	-0.0630779	0.0385645	0.000653535	0.0243214	-0.00961619	0.0125827	0.0294035	0.0352559	-0.0206124	SQ	NE	SK063	2	16146
sq2140__p1:i1505	sq2140__p1:i1505	-0.00710311	-0.0536413	0.0176306	0.0145995	-0.0169452	-0.0456528	0.0374708	0.013323	0.00581114	-0.0203779	SQ	NE	SK064	3	1505
sq2140__p1:i13856	sq2140__p1:i13856	-0.02199	-0.0521281	0.0411673	0.0118575	-0.0226186	0.00911136	0.0550293	-0.0384266	0.0827555	0.0325472	SQ	NE	SK064	3	13856
sq2140__p1:i10776	sq2140__p1:i10776	-0.00123011	-0.0258098	0.00293926	0.0131794	0.0105931	-0.0271726	0.0127082	0.0126495	0.0283659	-0.0219543	SQ	NE	SK064	3	10776
sq2140__p1:i16127	sq2140__p1:i16127	-0.0213031	-0.0356712	-0.00405799	0.000471795	-0.012567	-0.015713	0.00713117	-0.0105621	0.0122385	0.020805	SQ	NE	SK064	3	16127
sq2140__p1:i6113	sq2140__p1:i6113	-0.00961416	-0.0452405	0.0454206	0.0433031	-0.00905872	-0.0172164	0.0277681	0.0142092	0.0548273	0.0144205	SQ	NE	SK064	3	6113
sq2140__p1:i16011	sq2140__p1:i16011	-0.0266701	-0.077607	0.0381896	0.0622965	-0.00901209	-0.0319088	0.0680845	0.0159169	0.0365265	0.0354697	SQ	NE	SK064	3	16011
sq2140__p1:i15225	sq2140__p1:i15225	-0.00706815	-0.0817767	0.0309361	0.0463816	-0.00730766	-0.0517203	0.0498202	0.0372051	0.0417196	0.000395151	SQ	NE	SK064	3	15225
sq2140__p1:i13698	sq2140__p1:i13698	-0.0197395	-0.060191	0.0495267	0.0488224	-0.00686239	-0.0523176	0.0445648	0.0390399	0.0306784	-0.00303368	SQ	NE	SK064	3	13698
sq2140__p1:i5358	sq2140__p1:i5358	-0.0264538	-0.0212565	0.00674811	0.0171802	0.00498212	-0.000502758	0.0328206	-0.0130061	0.0155458	0.0182152	SQ	NE	SK064	3	5358
sq2140__p1:i3662	sq2140__p1:i3662	-0.0111361	-0.0463955	-0.0148251	0.0253912	0.0170561	-0.00627188	0.0424099	0.0104153	0.0126549	-0.0189439	SQ	NE	SK064	3	3662
sq2140__p1:i10777	sq2140__p1:i10777	-0.0165904	-0.0422202	0.0167397	0.0253858	0.00977577	-0.0415086	0.0261625	0.0310722	0.0336902	-0.00410056	SQ	NE	SK064	3	10777
sq2140__p1:i11022	sq2140__p1:i11022	-0.00425543	-0.036041	-0.00212226	0.00733068	0.00711563	0.0267658	0.0418993	-0.00665382	0.00623898	-0.018016	SQ	NE	SK064	3	11022
sq2140__p1:i3974	sq2140__p1:i3974	-0.0268735	-0.0454493	0.00586167	0.00440666	-0.00116023	-0.0427536	0.0215039	0.00180116	0.0161337	-0.00994828	SQ	NE	SK064	3	3974
sq2140__p1:i14937	sq2140__p1:i14937	-0.0306803	-0.0528014	0.00157535	0.0316541	0.00846039	-0.0201506	0.0454899	-0.0271447	0.0544223	0.0299499	SQ	NE	SK064	3	14937
sq2140__p1:i14188	sq2140__p1:i14188	-0.0248207	-0.0354224	-0.012131	0.029654	0.0261436	-0.0385988	0.0253319	-0.00608638	0.0324588	0.020348	SQ	NE	SK064	3	14188
sq2140__p1:i5069	sq2140__p1:i5069	-0.00962867	-0.055808	0.0461058	0.0443062	0.00898307	-0.0494021	0.0340332	0.032268	-0.0170194	0.00156458	SQ	NE	SK064	3	5069
sq2140__p1:i531	sq2140__p1:i531	-0.0118711	-0.0412717	0.0344488	0.0100629	-0.0125466	-0.0198846	0.0152197	0.00322868	0.0509013	0.0179821	SQ	NE	SK064	3	531
sq2140__p1:i5203	sq2140__p1:i5203	-0.0264251	-0.04471	0.0347595	0.0148948	-0.020679	0.00294499	0.048483	-0.0347253	0.0760912	0.0274843	SQ	NE	SK064	3	5203
sq2140__p1:i11023	sq2140__p1:i11023	-0.00693082	-0.0393863	0.000758366	0.00652192	-0.0142312	0.014035	0.0193291	-0.0273167	0.00907201	-0.00513776	SQ	NE	SK064	3	11023
sq2140__p1:i868	sq2140__p1:i868	-0.0111179	-0.0551743	0.00579194	0.0182484	-0.0187339	0.0176029	0.0328335	-0.0283547	0.0565178	0.019346	SQ	NE	SK064	3	868
sq2140__p1:i6345	sq2140__p1:i6345	-0.0252177	-0.0270663	-0.00144211	0.0100446	0.00894325	0.00729169	0.00593099	0.00946019	-0.0400869	-0.0218353	SQ	W	SK025	1	6345
sq2140__p1:i8991	sq2140__p1:i8991	-0.0248647	-0.00686397	-0.00761226	0.00530818	-0.0186774	-0.00165642	0.01591	0.00239181	0.0101021	0.0114647	SQ	W	SK025	1	8991
sq2140__p1:i14149	sq2140__p1:i14149	0.0107127	-0.010626	0.0162056	0.0079786	-0.0150118	-0.00152886	-0.00407234	0.0323164	0.00344862	-0.0184197	SQ	W	SK025	1	14149
sq2140__p1:i3991	sq2140__p1:i3991	-0.0294373	-0.00481907	0.00905457	0.0348816	-0.00193983	-0.0221101	0.0124972	0.0315976	0.0315494	-0.00337719	SQ	W	SK025	1	3991
sq2140__p1:i3781	sq2140__p1:i3781	-0.0232657	-0.011969	0.0106273	0.0222874	-0.0260843	-0.0203193	0.0247359	-0.0185502	-0.000961216	0.0096166	SQ	W	SK025	1	3781
sq2140__p1:i12384	sq2140__p1:i12384	-0.0238737	-0.0315057	0.0108392	0.00707258	-0.0072326	-0.00129654	-0.0173113	-0.000534923	-0.019711	-0.0128735	SQ	W	SK025	1	12384
sq2140__p1:i3027	sq2140__p1:i3027	-0.0305239	-0.0275492	0.012559	0.0213449	-0.0212709	-0.00338154	0.0179157	-0.0136624	0.0147058	-0.0274401	SQ	W	SK025	1	3027
sq2140__p1:i12287	sq2140__p1:i12287	-0.0104135	-0.0197576	-0.00424927	-0.00355479	0.00788671	0.00465842	0.0309419	-0.00458523	-0.00178154	0.00917361	SQ	W	SK025	1	12287
sq2140__p1:i7742	sq2140__p1:i7742	0.00125155	-0.0281647	-0.0109688	0.019177	0.0142696	-0.0131266	0.0301056	-0.00103963	-0.0117833	0.00643435	SQ	W	SK025	1	7742
sq2140__p1:i4325	sq2140__p1:i4325	-0.027167	-0.0182802	0.0109545	0.0239965	-0.00775871	0.0200837	-0.0147537	-0.0137133	0.0402239	-0.0260785	SQ	W	SK025	1	4325
sq2140__p1:i3200	sq2140__p1:i3200	-0.0195561	-0.019098	-0.00637076	0.0210922	-0.0035394	-0.0245781	-0.00702739	0.0259461	-0.0318579	-0.0231249	SQ	W	SK025	1	3200
sq2140__p1:i14325	sq2140__p1:i14325	-0.00987933	-0.0127432	0.0106684	0.030353	-0.00866133	-0.0105089	-0.000642452	0.00552146	-0.00345512	0.00500155	SQ	W	SK025	1	14325
sq2140__p1:i3987	sq2140__p1:i3987	-0.00460067	-0.0152825	-0.0126346	0.01379	-0.0106953	-0.0183707	-0.00288107	0.0091062	0.0145934	-0.0050793	SQ	W	SK025	1	3987
sq2140__p1:i16460	sq2140__p1:i16460	-0.0309478	-0.0264206	0.00192057	0.0195271	-0.0185431	-0.0254805	0.0136461	-0.0273287	0.00839903	0.0207083	SQ	W	SK025	1	16460
sq2140__p1:i3518	sq2140__p1:i3518	0.0112707	0.00227885	0.00998721	0.0168132	0.0179672	-0.00161496	0.0158136	-0.00189999	-0.0110246	0.00999377	SQ	W	SK025	1	3518
sq2140__p1:i3534	sq2140__p1:i3534	-0.00928849	-0.020036	0.0184545	-0.00652797	-0.00129292	0.00543635	0.00565155	0.0130319	-0.0024719	-0.017387	SQ	W	SK025	1	3534
sq2140__p1:i865	sq2140__p1:i865	-0.0227313	-0.0178489	0.00857096	-0.0106536	-0.0170071	0.00685736	-0.000244194	0.00442965	-0.0201755	-0.0336999	SQ	W	SK025	1	865
sq2140__p1:i14672	sq2140__p1:i14672	-0.000247515	-0.0123795	-0.001561	0.0206937	-0.0073432	-0.0157182	-0.00664491	0.0188236	-0.0292616	0.00455189	SQ	W	SK025	1	14672
sq2140__p1:i1208	sq2140__p1:i1208	-0.00661555	-0.0134434	0.0170111	-0.00109276	0.00971021	0.00252229	0.0133595	0.0152192	-0.014834	-0.0129884	SQ	W	SK025	1	1208
sq2140__p1:i13927	sq2140__p1:i13927	-0.0127588	-0.00704252	-0.00818865	-0.00934869	-0.00235797	0.000756882	-0.000729005	0.012298	0.0156144	0.00955505	SQ	W	SK025	1	13927
sq2140__p1:i7680	sq2140__p1:i7680	-0.0120221	-0.018896	0.00127573	0.0196931	-0.0160247	0.00401265	0.00643903	0.0328219	-0.0259471	-0.025188	SQ	W	SK026	2	7680
sq2140__p1:i5602	sq2140__p1:i5602	-0.0327806	-0.0235398	0.0192509	0.0121147	-0.0245462	-0.020257	0.00563693	-0.00555677	-0.00410738	-0.00238851	SQ	W	SK026	2	5602
sq2140__p1:i1114	sq2140__p1:i1114	0.000570908	-0.0020497	0.0102863	0.00808517	-0.018865	-0.0011008	0.00966735	-0.0144635	-0.0307629	0.00969192	SQ	W	SK026	2	1114
sq2140__p1:i9026	sq2140__p1:i9026	-0.00335217	-0.00991067	0.0258713	0.0293131	-0.0244443	-0.023578	-0.00687478	0.0270964	-0.0134918	-0.010108	SQ	W	SK026	2	9026
sq2140__p1:i7279	sq2140__p1:i7279	-0.0158019	-0.0179193	0.0105229	0.0199331	-0.0385632	-0.0237619	0.00971217	0.00366285	-0.0322583	-0.0215651	SQ	W	SK026	2	7279
sq2140__p1:i3821	sq2140__p1:i3821	-0.00820969	-0.0309919	-0.0102005	0.021704	-0.00765834	0.0083292	0.000672999	0.0246797	-0.0072986	0.00442875	SQ	W	SK026	2	3821
sq2140__p1:i6398	sq2140__p1:i6398	-0.0269714	-0.0444251	0.0127782	-0.00383751	-0.00923906	-0.0187898	-0.000873719	0.0217794	0.0307994	-0.00106649	SQ	W	SK026	2	6398
sq2140__p1:i285	sq2140__p1:i285	-0.0243163	-0.0196537	-0.00119272	-0.00425535	0.0082887	0.00120693	0.00861314	0.00382311	-0.00613347	-0.0316967	SQ	W	SK026	2	285
sq2140__p1:i8049	sq2140__p1:i8049	-0.014729	-0.0263001	0.00432637	-0.00192756	0.00275388	-0.0242097	-0.00597455	0.00058831	-0.0124894	-0.0208618	SQ	W	SK026	2	8049
sq2140__p1:i7162	sq2140__p1:i7162	-0.0227218	-0.0291386	0.00469048	0.00563724	-0.0237591	-0.0170572	-0.000597011	0.0255593	0.00161571	-0.0109367	SQ	W	SK026	2	7162
sq2140__p1:i7013	sq2140__p1:i7013	-0.00205832	-0.0136355	0.0277071	0.0392227	-0.00329847	-0.0385865	-0.00430108	-0.0136906	-0.0270522	-0.00670459	SQ	W	SK026	2	7013
sq2140__p1:i8951	sq2140__p1:i8951	-0.0028992	-0.0242634	0.0124262	-0.000124088	0.0131993	-0.0215319	0.00439058	0.0223679	-0.0416437	0.00588398	SQ	W	SK026	2	8951
sq2140__p1:i9183	sq2140__p1:i9183	0.00152338	0.00257746	0.0106561	0.0297226	-0.0199922	-0.021188	-0.0115447	0.00177712	0.00372464	-0.0260431	SQ	W	SK026	2	9183
sq2140__p1:i6606	sq2140__p1:i6606	0.00427831	-0.00537055	-0.0127043	0.00194407	-0.00106632	-0.0205067	-0.00204519	-0.0114916	-0.0204723	0.00820395	SQ	W	SK026	2	6606
sq2140__p1:i10185	sq2140__p1:i10185	-0.026968	-0.0325678	0.0174027	0.0365345	-0.0216455	-0.00176457	0.0241119	-0.0291116	0.0362461	-0.0343559	SQ	W	SK026	2	10185
sq2140__p1:i12778	sq2140__p1:i12778	-0.0142485	-0.0124871	0.00980971	0.00274621	-0.00454302	-0.00285378	-0.00380442	0.016299	-0.00772719	-0.0155907	SQ	W	SK026	2	12778
sq2140__p1:i1352	sq2140__p1:i1352	-0.0241894	0.000615235	-0.0265909	0.00987132	-0.00643661	-0.00137007	-0.012014	0.0234474	-0.0160152	-0.0277871	SQ	W	SK026	2	1352
sq2140__p1:i3939	sq2140__p1:i3939	-0.0166323	-0.0186561	0.0130484	0.013783	-0.0123023	-0.0265514	0.0408221	-0.0158591	-0.052142	0.00611376	SQ	W	SK026	2	3939
sq2140__p1:i10736	sq2140__p1:i10736	-0.011139	-0.0310616	0.0192632	0.0157253	3.16972e-05	-0.0338853	-0.0139397	0.00949777	0.0119535	0.0109221	SQ	W	SK026	2	10736
sq2140__p1:i10732	sq2140__p1:i10732	-0.0100764	-0.0277979	0.020594	0.0139493	0.00926163	-0.0123872	-0.018475	0.0296229	0.0162729	-0.00435686	SQ	W	SK026	2	10732
sq2140__p1:i16881	sq2140__p1:i16881	-0.0171492	-0.0152344	0.0273088	0.0188333	0.0185905	0.00789232	0.00603029	0.0105348	-0.016652	-0.00777856	SQ	W	SK034	3	16881
sq2140__p1:i17314	sq2140__p1:i17314	-0.00544834	-0.011942	0.00930631	0.0120815	-0.0257773	-0.00399289	0.0148967	-0.0118495	-0.0137382	0.00356411	SQ	W	SK034	3	17314
sq2140__p1:i739	sq2140__p1:i739	-0.0213378	-0.00731834	-0.0238662	0.0219782	-0.0189545	-0.0331385	0.00584198	0.0174024	0.000688192	0.00429141	SQ	W	SK034	3	739
sq2140__p1:i11735	sq2140__p1:i11735	-0.00572214	-0.0154467	0.0080298	0.00275548	-0.021984	-0.00719562	0.00756167	0.00536298	-0.0215788	-0.0104189	SQ	W	SK034	3	11735
sq2140__p1:i9480	sq2140__p1:i9480	-0.0183481	-0.0188214	0.0139851	0.00385624	0.0148826	0.00513645	0.0034801	0.0275561	-0.038442	-0.0199387	SQ	W	SK034	3	9480
sq2140__p1:i13836	sq2140__p1:i13836	-0.0307474	-0.00814524	0.0163565	0.0224147	0.0205538	0.00719493	0.00766448	0.0166719	-0.0236548	-0.0158737	SQ	W	SK034	3	13836
sq2140__p1:i6937	sq2140__p1:i6937	0.00407669	-0.0109902	0.00782802	-0.00138269	0.00668766	-0.0213312	0.00904074	0.0147603	-0.0275511	-0.00680564	SQ	W	SK034	3	6937
sq2140__p1:i5411	sq2140__p1:i5411	-0.0143393	-0.0112899	0.00933585	-0.00024744	-0.0162953	0.00420605	-0.00479711	0.00525341	-0.0171981	-0.00510679	SQ	W	SK034	3	5411
sq2140__p1:i13607	sq2140__p1:i13607	-0.00961547	-0.00242765	-0.000694516	0.0269366	-0.00998627	-0.0118719	0.00550219	-0.00419938	-0.00244166	0.00880383	SQ	W	SK034	3	13607
sq2140__p1:i12820	sq2140__p1:i12820	-0.0100939	-0.0110527	0.00625723	0.0343425	-0.0040046	-0.0077528	-0.0026915	0.0137601	-0.00826848	-0.0187843	SQ	W	SK034	3	12820
sq2140__p1:i4787	sq2140__p1:i4787	9.34093e-06	0.00404881	-0.0165365	0.00398802	0.000510542	-0.0096351	0.000693498	-0.00306618	0.0277017	-0.0233735	SQ	W	SK034	3	4787
sq2140__p1:i4144	sq2140__p1:i4144	0.00198249	-0.0339696	0.0181587	-0.0122881	-0.0162401	-0.00259392	-0.00594641	-0.00304816	-0.0274364	-0.01066	SQ	W	SK034	3	4144
sq2140__p1:i6157	sq2140__p1:i6157	0.000225545	0.00382321	0.0167129	0.0168779	0.0277597	-0.0328883	-0.00487131	0.0205776	-0.0120139	-0.00563001	SQ	W	SK034	3	6157
sq2140__p1:i10340	sq2140__p1:i10340	-0.0178592	-0.0241903	0.00527069	0.047637	0.024307	-0.0116833	0.00297199	-0.0159057	-0.0256066	0.0231472	SQ	W	SK034	3	10340
sq2140__p1:i1096	sq2140__p1:i1096	-0.0136899	-0.024792	-0.00712284	0.0213381	0.00667731	-0.0162267	-0.00281317	0.00443158	-0.0016394	-0.0242144	SQ	W	SK034	3	1096
sq2140__p1:i15249	sq2140__p1:i15249	-0.00693774	-0.00465793	0.00158446	0.0210138	0.0122328	-0.0262626	0.024667	-0.00844966	0.0011769	0.00238649	SQ	W	SK034	3	15249
sq2140__p1:i8575	sq2140__p1:i8575	0.0304487	-0.00986105	-0.0094129	0.00231226	0.0242975	-0.0462478	-0.0121092	-0.00825371	-0.0099716	0.0152738	SQ	W	SK034	3	8575
sq2140__p1:i1095	sq2140__p1:i1095	-0.0269103	-0.0262708	0.00199914	0.0351303	0.00944969	-0.0147091	0.00232233	0.00782155	-0.008765	-0.00623152	SQ	W	SK034	3	1095
sq2140__p1:i11248	sq2140__p1:i11248	-0.0119777	-0.0151772	0.0167609	0.0290654	0.0060812	-0.0107106	0.00906905	-0.00176094	-0.00604531	0.0368042	SQ	W	SK034	3	11248
sq2140__p1:i5355	sq2140__p1:i5355	-0.00230282	-0.035134	0.00513998	0.00487905	0.0035815	-0.0263751	0.0137148	0.0273378	0.0112925	-0.00640325	SQ	W	SK034	3	5355
sq2140__p1:i9504	sq2140__p1:i9504	0.012143	-0.0286972	0.0256696	0.0131617	0.0141464	-0.0176636	0.00141821	0.00453	0.0177773	-0.0112117	SQ	E	SK037	1	9504
sq2140__p1:i5527	sq2140__p1:i5527	-0.025316	-0.0324457	0.0018593	-0.00113748	-0.0219467	0.00825505	-0.0144861	-0.00479035	0.0350103	-0.0280971	SQ	E	SK037	1	5527
sq2140__p1:i7372	sq2140__p1:i7372	-0.00946276	-0.000432205	0.0121748	0.0236912	-0.014716	-0.0285281	0.0195218	-0.0117157	-0.0329498	0.00670242	SQ	E	SK037	1	7372
sq2140__p1:i7030	sq2140__p1:i7030	-0.00423673	-0.0201617	-0.00758827	0.0195531	0.00372681	-0.0289166	0.0286846	0.0132532	-0.0218194	-0.00718735	SQ	E	SK037	1	7030
sq2140__p1:i200	sq2140__p1:i200	-0.0166186	-0.0195482	0.0164259	0.0136561	-0.0225882	-0.0148788	0.0124851	0.00507911	0.00933603	0.00723737	SQ	E	SK037	1	200
sq2140__p1:i12639	sq2140__p1:i12639	-0.0116978	-0.0170879	0.0450134	0.0412753	0.00942782	-0.0179545	0.0146736	-0.0227902	-0.0201212	0.00266477	SQ	E	SK037	1	12639
sq2140__p1:i2858	sq2140__p1:i2858	-0.0151115	-0.041629	0.0266964	0.00244312	-0.0164839	-0.0433044	0.027009	0.0518528	-0.000422462	0.00827331	SQ	E	SK037	1	2858
sq2140__p1:i3966	sq2140__p1:i3966	-0.0130267	-0.0146219	0.0482637	0.0435736	0.00864615	-0.01411	0.0172272	-0.0232949	-0.0210545	0.00344451	SQ	E	SK037	1	3966
sq2140__p1:i10666	sq2140__p1:i10666	-0.0102738	0.00257801	-0.0116941	0.00685949	0.0132513	-0.0387056	0.01469	0.00484605	0.016983	0.00268869	SQ	E	SK037	1	10666
sq2140__p1:i16315	sq2140__p1:i16315	-0.0105798	-0.016443	0.0174664	0.0151694	0.0046787	-0.0158404	0.00540264	0.00290859	0.038244	0.00391408	SQ	E	SK037	1	16315
sq2140__p1:i580	sq2140__p1:i580	-0.025827	-0.032054	-0.00346967	0.0290113	-0.0132746	-0.0178734	0.000520878	-0.000847866	-0.00719086	-0.0192193	SQ	E	SK037	1	580
sq2140__p1:i12570	sq2140__p1:i12570	-0.021764	-0.0152871	-0.0111952	0.022395	-0.0359169	-0.0210163	0.0394977	0.00731737	-0.00569578	-0.0133741	SQ	E	SK037	1	12570
sq2140__p1:i3548	sq2140__p1:i3548	-0.0172453	-0.0256122	-0.000352276	0.00326387	-0.0151108	-0.0337698	0.0173464	0.0185807	-0.0145522	-0.0117897	SQ	E	SK037	1	3548
sq2140__p1:i8441	sq2140__p1:i8441	-0.0159107	-0.0391266	-0.000643297	0.0175855	-0.0110032	-0.0330054	0.000709206	0.0238766	0.0307157	0.0104455	SQ	E	SK037	1	8441
sq2140__p1:i12436	sq2140__p1:i12436	-0.0233206	-0.0140076	0.00555412	0.0327726	-0.0226506	-0.0390422	0.00780104	0.00184087	-0.0158288	0.00441386	SQ	E	SK037	1	12436
sq2140__p1:i3965	sq2140__p1:i3965	-0.0161262	-0.0284707	0.045681	0.0442681	0.0010033	-0.0198366	0.0183278	-0.00538159	-0.0254315	-0.0148838	SQ	E	SK037	1	3965
sq2140__p1:i3347	sq2140__p1:i3347	-0.012329	-0.0166918	0.0135689	0.00552484	0.00699951	-0.018091	-0.0148976	-0.0125562	0.0292104	-0.0131661	SQ	E	SK037	1	3347
sq2140__p1:i2514	sq2140__p1:i2514	-0.0187043	-0.0243265	0.00981962	0.0323614	-0.018454	-0.00921272	0.0212658	0.0174304	0.0145756	-0.0157335	SQ	E	SK037	1	2514
sq2140__p1:i7721	sq2140__p1:i7721	0.0034074	-0.00924878	0.00420187	-0.00578099	-0.0244027	-0.0119139	0.0303423	0.00484173	0.00460491	0.00515668	SQ	E	SK037	1	7721
sq2140__p1:i17318	sq2140__p1:i17318	-0.0284643	-0.0355986	-0.0243092	0.0135664	-0.0039388	-0.0176286	0.0315516	0.00791085	0.00226114	0.0235576	SQ	E	SK037	1	17318
sq2140__p1:i3431	sq2140__p1:i3431	-0.00871441	-0.00662989	0.0149173	0.0605725	-0.00411511	-0.0124604	-0.011141	-0.00712917	-0.00581099	-0.00386333	SQ	E	SK045	2	3431
sq2140__p1:i2156	sq2140__p1:i2156	-0.017319	-0.00357398	0.0166659	0.00418659	0.011891	-0.0252702	-0.00227926	-0.00774676	-0.0142561	0.026617	SQ	E	SK045	2	2156
sq2140__p1:i528	sq2140__p1:i528	-0.000600673	-0.0833298	0.0367738	0.0253335	0.0274689	-0.0408944	0.0250202	0.0355794	-0.00449294	0.0133357	SQ	E	SK045	2	528
sq2140__p1:i15721	sq2140__p1:i15721	0.00671831	-0.0133688	-0.0169103	0.0415139	0.0116084	0.012748	-0.0124888	0.00767916	-0.00621121	0.00496691	SQ	E	SK045	2	15721
sq2140__p1:i5111	sq2140__p1:i5111	-0.0110441	-0.0341544	0.0306705	0.0188847	-0.0151515	-0.0356491	0.0266525	0.0273666	-0.0175037	0.00589734	SQ	E	SK045	2	5111
sq2140__p1:i3474	sq2140__p1:i3474	0.0189911	-0.0750464	0.00376665	0.0378646	0.00776093	0.0219606	-0.0370441	-0.0474394	-0.00386756	-0.0214299	SQ	E	SK045	2	3474
sq2140__p1:i16908	sq2140__p1:i16908	-0.00767215	-0.0230749	0.0217293	0.0161683	-0.0180896	-0.0251908	0.00247776	0.00256415	0.0228359	-0.00434888	SQ	E	SK045	2	16908
sq2140__p1:i7712	sq2140__p1:i7712	0.016953	-0.00612079	-0.00148914	0.0285087	0.0170553	-0.00388011	-0.0092884	0.0103078	0.00288038	0.025237	SQ	E	SK045	2	7712
sq2140__p1:i8260	sq2140__p1:i8260	-0.00210118	-0.0197376	0.0283446	0.0130079	0.00894748	-0.0249323	0.00233039	-0.0182684	0.00377014	-0.00886053	SQ	E	SK045	2	8260
sq2140__p1:i16639	sq2140__p1:i16639	-0.0288391	-0.00857652	0.0243556	0.018772	-0.0058663	-0.0323171	-0.00495054	-0.00701097	-0.0227888	0.0107046	SQ	E	SK045	2	16639
sq2140__p1:i3944	sq2140__p1:i3944	-0.0130053	-0.0243989	-0.00725531	0.0126967	-0.0295613	-0.0366535	0.00313334	-0.00455387	0.00073338	-0.00952202	SQ	E	SK045	2	3944
sq2140__p1:i12134	sq2140__p1:i12134	-0.015872	-0.0188896	0.0131155	0.0586295	-0.00863011	-0.0098583	-0.000432564	-0.0103081	-0.0028085	-0.000757268	SQ	E	SK045	2	12134
sq2140__p1:i12168	sq2140__p1:i12168	0.0101915	-0.0849997	0.0079	0.0344448	0.0183972	0.0238902	-0.013868	-0.0298525	0.000825297	-0.0368634	SQ	E	SK045	2	12168
sq2140__p1:i11641	sq2140__p1:i11641	-0.0209368	-0.0306643	-0.00263616	0.00775336	-0.0288081	-0.0272927	0.0167562	0.0217459	0.00111792	-0.0118997	SQ	E	SK045	2	11641
sq2140__p1:i1275	sq2140__p1:i1275	0.00546283	-0.0299963	0.0135114	0.0174541	0.0120622	-0.0318073	0.0356686	-0.0143089	0.00678214	-0.00991403	SQ	E	SK045	2	1275
sq2140__p1:i14683	sq2140__p1:i14683	-0.0130807	-0.00244024	-0.020683	0.0147876	-0.00413067	-0.00725306	0.0261415	-0.0021892	0.00502918	0.00511879	SQ	E	SK045	2	14683
sq2140__p1:i8934	sq2140__p1:i8934	-0.00999527	-0.0144912	0.0049765	0.0331263	-0.00685106	-0.0319264	0.0282206	0.0329766	0.00590087	0.0174326	SQ	E	SK045	2	8934
sq2140__p1:i9754	sq2140__p1:i9754	-0.00506269	-0.0472821	0.00647268	0.0262261	-0.0248318	-0.0191087	0.0249749	0.0156594	0.00660625	0.0241639	SQ	E	SK045	2	9754
sq2140__p1:i12135	sq2140__p1:i12135	-0.0176543	-0.0288966	0.0187749	0.0398579	0.0114589	-0.0265271	-0.00740683	-0.00319972	-0.000777791	-0.00477875	SQ	E	SK045	2	12135
sq2140__p1:i8110	sq2140__p1:i8110	-0.0190166	-0.023986	-0.00336882	0.0176661	-0.0265037	-0.0271667	0.00996512	-0.0274789	0.0227714	-0.00361013	SQ	E	SK045	2	8110
sq2140__p1:i14236	sq2140__p1:i14236	0.000379099	-0.0287789	-0.00346706	0.028231	-0.0107428	-0.0414835	-0.00682778	-0.0289128	-0.00598565	-0.0305446	SQ	E	SK046	3	14236
sq2140__p1:i16431	sq2140__p1:i16431	-0.0339508	-0.0142098	-0.0156254	-0.0053048	0.0336939	-0.0242596	0.0533971	-0.0135541	0.0105469	0.028029	SQ	E	SK046	3	16431
sq2140__p1:i8614	sq2140__p1:i8614	-0.0186171	-0.0187482	0.01656	0.0184317	-0.00592637	-0.0424051	0.0517823	0.0198961	0.0568016	0.0503828	SQ	E	SK046	3	8614
sq2140__p1:i16282	sq2140__p1:i16282	-0.0259031	-0.0266977	0.0441682	0.057147	-0.00899979	-0.0277208	0.0159941	0.0267824	0.0234211	0.00752753	SQ	E	SK046	3	16282
sq2140__p1:i15323	sq2140__p1:i15323	-0.0170745	-0.019027	-0.000375892	0.0421649	-0.0125073	-0.0282142	0.0179654	0.00109835	-0.0176255	-0.0107947	SQ	E	SK046	3	15323
sq2140__p1:i17367	sq2140__p1:i17367	-0.0186171	-0.0187482	0.01656	0.0184317	-0.00592637	-0.0424051	0.0517823	0.0198961	0.0568016	0.0503828	SQ	E	SK046	3	17367
sq2140__p1:i14971	sq2140__p1:i14971	0.00233524	-0.030241	0.00418445	0.0274525	0.00239971	-0.00664793	0.00756612	-0.0328477	0.0207926	-0.00304861	SQ	E	SK046	3	14971
sq2140__p1:i14429	sq2140__p1:i14429	-0.0266163	-0.0195574	0.0110013	0.0576564	0.000774933	-0.0277221	0.0329649	0.0253389	0.00903805	-0.00874494	SQ	E	SK046	3	14429
sq2140__p1:i3171	sq2140__p1:i3171	0.00549798	-0.0432483	0.0150353	0.0298816	-0.0113519	-0.0232883	-0.00160149	-0.0310877	-0.0181464	-0.0284658	SQ	E	SK046	3	3171
sq2140__p1:i13918	sq2140__p1:i13918	-0.0240142	-0.0478733	0.0337706	0.0253381	0.00589371	-0.0388402	0.0144229	-0.0125921	-0.0220981	-0.0205072	SQ	E	SK046	3	13918
sq2140__p1:i8602	sq2140__p1:i8602	-0.00858414	-0.0448626	-0.0124989	0.0376641	0.0161662	-0.0304244	0.0312128	0.0191211	-0.0286906	0.0294839	SQ	E	SK046	3	8602
sq2140__p1:i6540	sq2140__p1:i6540	-0.0238683	-0.0203013	-0.00292723	0.0460094	-0.0178024	-0.0344633	0.022551	0.00300699	-0.0226931	-0.0104341	SQ	E	SK046	3	6540
sq2140__p1:i15525	sq2140__p1:i15525	-0.0188609	-0.025419	0.00482218	0.0513839	0.00141565	-0.00390482	0.038955	0.016862	0.0174104	0.00637958	SQ	E	SK046	3	15525
sq2140__p1:i11663	sq2140__p1:i11663	-0.0228473	-0.0540277	0.00784054	0.0121081	0.00419797	-0.0232874	-0.0133072	0.0175939	-0.00906331	-0.00487739	SQ	E	SK046	3	11663
sq2140__p1:i17346	sq2140__p1:i17346	-0.0093881	-0.0176362	0.00502952	0.0101285	-0.0107526	-0.0268716	0.0239562	0.00172939	0.00460339	0.00192899	SQ	E	SK046	3	17346
sq2140__p1:i3422	sq2140__p1:i3422	-0.0121157	-0.0295655	0.0132774	0.0331483	0.00373401	-0.0382688	0.0219414	0.0175585	-0.0108691	-0.0152351	SQ	E	SK046	3	3422
sq2140__p1:i16382	sq2140__p1:i16382	-0.0227114	-0.0647878	0.00381273	0.0347918	0.00185507	-0.0111552	0.0195822	0.00578163	-0.0052731	-0.0205463	SQ	E	SK046	3	16382
sq2140__p1:i8366	sq2140__p1:i8366	-0.0279871	-0.0116086	0.00857706	0.0325228	0.00663668	-0.0185668	0.0117228	0.0294089	-0.00438748	-0.00437497	SQ	E	SK046	3	8366
sq2140__p1:i1998	sq2140__p1:i1998	-0.0141685	-0.0353273	0.0128146	0.0407439	0.0171429	-0.0178949	0.0117278	0.00726307	0.0211546	-0.000233373	SQ	E	SK046	3	1998
sq2140__p1:i9960	sq2140__p1:i9960	-0.016498	-0.0347077	0.013046	0.0244084	-0.0158673	-0.0271982	0.0120841	-0.0065789	-0.0119602	-0.00861295	SQ	E	SK046	3	9960
sq2140__p1:i15223	sq2140__p1:i15223	-0.0339244	-0.0275219	0.0198021	0.0181683	-0.0187814	-0.0158438	0.0122549	0.0171127	0.0115905	-0.0211113	SQ	SE	SK008	1	15223
sq2140__p1:i708	sq2140__p1:i708	-0.00249139	0.00858707	0.0301507	0.0239015	-0.0121286	-0.00833603	-0.014396	-0.0121566	-0.00760343	-0.0119767	SQ	SE	SK008	1	708
sq2140__p1:i11968	sq2140__p1:i11968	0.00189052	-0.00856152	0.028194	0.0166287	-0.00353866	-0.0188948	0.0181043	0.0168084	-0.0131254	0.00167619	SQ	SE	SK008	1	11968
sq2140__p1:i803	sq2140__p1:i803	-0.0126398	-0.0136405	0.00720385	0.0300334	-0.0170767	-0.0124411	0.0206743	0.0223306	-0.0238765	0.00833279	SQ	SE	SK008	1	803
sq2140__p1:i9792	sq2140__p1:i9792	-0.00480325	-0.000261584	0.0501324	0.0307756	-0.0122215	-0.0255754	-0.0100189	0.0174578	0.0224287	-0.00616948	SQ	SE	SK008	1	9792
sq2140__p1:i627	sq2140__p1:i627	-0.0300929	-0.0214112	0.00471978	0.0435895	-0.0203776	-0.0547117	0.0306955	0.0372608	-0.0311731	-0.0581002	SQ	SE	SK008	1	627
sq2140__p1:i319	sq2140__p1:i319	-0.0215231	-0.025037	0.0343066	0.0413328	-0.0105394	-0.0113143	0.0165376	-0.0147074	-0.0333023	-0.0195208	SQ	SE	SK008	1	319
sq2140__p1:i10946	sq2140__p1:i10946	-0.0255361	-0.0490146	0.0273853	0.0335096	-0.00577824	-0.0378219	0.0444354	0.00742726	-0.00824748	0.00852637	SQ	SE	SK008	1	10946
sq2140__p1:i15432	sq2140__p1:i15432	-0.00120455	-0.0265414	0.0171821	0.0280686	-0.0247928	-0.0299937	0.0206036	0.0293013	-0.00955999	-0.0118847	SQ	SE	SK008	1	15432
sq2140__p1:i16814	sq2140__p1:i16814	-0.0406218	-0.0317942	-0.000659572	0.024955	-0.00900295	-0.0474315	0.0283154	0.0397985	-0.0278329	-0.0630401	SQ	SE	SK008	1	16814
sq2140__p1:i13807	sq2140__p1:i13807	-0.0200922	-7.8836e-05	0.0239643	0.00990053	0.0113866	-0.0250754	0.0244667	0.0168443	-0.0307357	-0.0069095	SQ	SE	SK008	1	13807
sq2140__p1:i320	sq2140__p1:i320	-0.0260881	-0.0430028	0.0379569	0.0329863	-0.00947504	-0.0117664	0.0191849	-0.0148118	-0.0255974	-0.0151722	SQ	SE	SK008	1	320
sq2140__p1:i2988	sq2140__p1:i2988	-0.0116404	-0.0290363	0.00247392	0.0214237	-0.0186543	-0.0221605	-0.0151905	0.011236	0.0148957	-0.0149643	SQ	SE	SK008	1	2988
sq2140__p1:i2848	sq2140__p1:i2848	-0.0119811	-0.0273672	0.00716656	0.0212019	-0.0167479	-0.0435999	0.0365046	0.0315343	-0.0106074	-0.0019678	SQ	SE	SK008	1	2848
sq2140__p1:i182	sq2140__p1:i182	-0.0091572	-0.0327976	0.0439142	0.0232528	-0.00997561	-0.011058	0.00289965	0.00190133	0.00259565	0.0137079	SQ	SE	SK008	1	182
sq2140__p1:i13483	sq2140__p1:i13483	-0.0327142	-0.0316461	0.0210433	0.0373989	-0.0138246	-0.0465463	0.0233156	0.0340345	-0.03362	-0.0409783	SQ	SE	SK008	1	13483
sq2140__p1:i5181	sq2140__p1:i5181	-0.0167148	-0.0219405	0.00980882	-0.0101747	-0.0398439	-0.0068434	0.0160687	0.00533434	-0.0113842	-0.0223297	SQ	SE	SK008	1	5181
sq2140__p1:i2570	sq2140__p1:i2570	0.00925115	-0.00922137	0.00537215	0.00509055	0.00294794	-0.0100884	0.00889166	0.0106524	-0.00198857	-0.0135671	SQ	SE	SK008	1	2570
sq2140__p1:i2171	sq2140__p1:i2171	-0.0203106	-0.0398735	0.0205582	0.0148386	-0.018359	-0.0467272	0.025605	0.00983416	-0.0112325	-0.0097358	SQ	SE	SK008	1	2171
sq2140__p1:i1066	sq2140__p1:i1066	-0.0289066	-0.0139659	0.0264276	0.0407946	-0.013288	-0.00937605	-0.00532052	-0.00130868	-0.00618963	-0.0292974	SQ	SE	SK008	1	1066
sq2140__p1:i6274	sq2140__p1:i6274	-0.0142948	-0.028575	-0.0091175	0.00699934	-0.0361358	0.0007702	0.0145798	0.00449184	-0.0183565	-0.00381084	SQ	SE	SK018	2	6274
sq2140__p1:i4479	sq2140__p1:i4479	-0.0129642	-0.021637	-0.0068159	0.0200056	-0.000209944	-0.00655624	0.0052028	0.00576405	-0.0214857	0.00953225	SQ	SE	SK018	2	4479
sq2140__p1:i16642	sq2140__p1:i16642	-0.0199088	-0.0230537	0.0147774	0.00741946	-0.0064329	-0.0268226	-0.00761854	0.0265927	0.00352548	-0.00540621	SQ	SE	SK018	2	16642
sq2140__p1:i3861	sq2140__p1:i3861	-0.0187568	-0.0510499	0.0135203	0.0301248	0.00614734	-0.0118997	-0.00926591	-0.0100933	-0.0309282	0.00659036	SQ	SE	SK018	2	3861
sq2140__p1:i4587	sq2140__p1:i4587	-0.00240833	-0.0144188	0.0295933	0.0112331	-0.0156527	-0.0206154	-0.00146851	-0.00974528	-0.00779647	-0.00433022	SQ	SE	SK018	2	4587
sq2140__p1:i1100	sq2140__p1:i1100	-0.020999	-0.0345423	0.0168194	0.0300134	-0.0296681	-0.0552762	0.0497709	0.0355774	-0.0190888	-0.0155743	SQ	SE	SK018	2	1100
sq2140__p1:i2598	sq2140__p1:i2598	-0.0277367	-0.0193906	0.0357751	0.0404573	-0.0181876	-0.0541152	0.0440588	0.0132074	-0.0273277	0.00610261	SQ	SE	SK018	2	2598
sq2140__p1:i11548	sq2140__p1:i11548	-0.0138861	-0.0103035	-0.0230175	0.00478965	-0.0393677	-0.0126319	0.0237904	0.0182641	-0.0393275	-0.0218931	SQ	SE	SK018	2	11548
sq2140__p1:i12002	sq2140__p1:i12002	-0.0233084	-0.0316081	0.0301661	0.0420374	-0.0336847	-0.0476357	0.0351495	0.0312855	-0.00374018	-0.000678321	SQ	SE	SK018	2	12002
sq2140__p1:i5365	sq2140__p1:i5365	-0.0206726	-0.00713892	-0.0155601	0.00676187	-0.0256497	-0.0172981	0.0314273	-0.00629514	-0.00361272	-0.0050261	SQ	SE	SK018	2	5365
sq2140__p1:i2747	sq2140__p1:i2747	-0.00353529	-0.0252927	-0.000356371	0.0105274	-0.0172003	-0.0361687	0.0306294	0.0234289	-0.03041	-0.011058	SQ	SE	SK018	2	2747
sq2140__p1:i694	sq2140__p1:i694	-0.0192951	-0.0161037	0.0127768	0.028899	0.0164458	-0.00458771	0.0297577	0.0110052	0.00583133	-0.00319369	SQ	SE	SK018	2	694
sq2140__p1:i2456	sq2140__p1:i2456	-0.0264572	-0.020843	-0.0152623	0.0150814	-0.00265188	-0.0387887	-0.000189684	0.0194845	-0.0522583	-0.00479586	SQ	SE	SK018	2	2456
sq2140__p1:i10091	sq2140__p1:i10091	0.00183589	-0.0184207	0.00766909	-0.00109544	-0.0144331	-0.0183671	0.020813	0.031402	-0.038817	-0.0176107	SQ	SE	SK018	2	10091
sq2140__p1:i5949	sq2140__p1:i5949	-0.00213011	-0.0514735	0.00870699	0.0403764	-3.12646e-05	-0.00427977	-0.0115963	-0.00920995	-0.0312177	0.0218445	SQ	SE	SK018	2	5949
sq2140__p1:i10390	sq2140__p1:i10390	-0.0311964	-0.0378277	0.0181981	0.0285297	-0.0270243	-0.026664	0.0214438	0.0111863	-0.00413594	-0.00816643	SQ	SE	SK018	2	10390
sq2140__p1:i5806	sq2140__p1:i5806	-0.000665049	-0.0459437	0.00108061	0.0122979	-0.00449152	0.00145532	-0.0214272	0.0165108	-0.0228111	-0.00397936	SQ	SE	SK018	2	5806
sq2140__p1:i3021	sq2140__p1:i3021	-0.0238058	-0.00412754	0.0151019	0.0088428	0.00201359	-0.0500218	0.0216907	0.0167891	-0.0353229	-0.0172142	SQ	SE	SK018	2	3021
sq2140__p1:i292	sq2140__p1:i292	-0.0284544	-0.0367559	0.020338	-0.0155354	-0.012992	-0.024233	-0.00660234	0.0109645	-0.00584595	-0.0319049	SQ	SE	SK018	2	292
sq2140__p1:i6892	sq2140__p1:i6892	-0.00742781	-0.0217217	0.0116405	-0.0103104	-0.0161817	-0.0285449	0.0150887	-0.0013929	-0.0268336	-0.0105116	SQ	SE	SK018	2	6892
sq2140__p1:i17444	sq2140__p1:i17444	-0.0215089	-0.0412148	0.014279	0.033632	-0.0295504	-0.0442829	0.0517769	0.0457975	-0.0572667	-0.0203866	SQ	SE	SK019	3	17444
sq2140__p1:i8405	sq2140__p1:i8405	-0.0136331	-0.0347844	-0.00127243	0.0143494	-0.0260582	-0.0220441	0.00304821	0.0291898	-0.016313	-0.00082973	SQ	SE	SK019	3	8405
sq2140__p1:i2600	sq2140__p1:i2600	-0.0406574	-0.0358335	0.0429984	0.0166151	-0.00410304	-0.0181149	0.00840166	0.0385248	0.0119714	-0.00622044	SQ	SE	SK019	3	2600
sq2140__p1:i2056	sq2140__p1:i2056	-0.0117574	-0.0188725	0.00954463	0.0119602	-0.0113441	-0.026932	0.0173954	0.0179022	-0.00414139	-0.0292435	SQ	SE	SK019	3	2056
sq2140__p1:i13787	sq2140__p1:i13787	0.0073854	-0.00442621	0.0157338	0.0154773	-0.0131095	-0.0307151	0.000609486	0.0196923	-0.000964694	-0.0363104	SQ	SE	SK019	3	13787
sq2140__p1:i6102	sq2140__p1:i6102	-0.0197411	-0.0462425	0.0290838	0.0170318	-0.0268924	-0.0383836	0.0161075	0.0268283	0.00534813	-0.0124006	SQ	SE	SK019	3	6102
sq2140__p1:i10576	sq2140__p1:i10576	-0.0135506	-0.0176651	-0.0229654	0.0343507	-0.0175669	-0.0339294	0.0175977	0.0139164	-0.00882261	-0.016476	SQ	SE	SK019	3	10576
sq2140__p1:i4582	sq2140__p1:i4582	-0.0258895	-0.0339534	-0.00943966	0.0200081	-0.00683769	-0.0471759	0.00813562	0.034963	-0.0198133	-0.055957	SQ	SE	SK019	3	4582
sq2140__p1:i5241	sq2140__p1:i5241	-0.0209167	-0.0463074	0.0347557	0.0225448	-0.0268257	-0.054154	0.044307	0.0421773	-0.00509983	-0.00371108	SQ	SE	SK019	3	5241
sq2140__p1:i10100	sq2140__p1:i10100	-0.0417532	-0.023156	0.0206548	0.0346048	-0.00512901	-0.046202	0.032711	0.0478708	-0.0211924	-0.0274186	SQ	SE	SK019	3	10100
sq2140__p1:i6749	sq2140__p1:i6749	-0.0126521	-0.0396904	0.0167974	0.016163	-0.0276305	-0.0467549	0.0322659	0.0334073	-0.0117119	-0.00723139	SQ	SE	SK019	3	6749
sq2140__p1:i11611	sq2140__p1:i11611	-0.0269604	-0.0100689	0.00483578	-0.0227822	-0.0191272	0.00973941	0.00458064	-0.00490312	-0.013405	-0.0131533	SQ	SE	SK019	3	11611
sq2140__p1:i11657	sq2140__p1:i11657	-0.0397861	-0.0568895	0.0359806	0.0315971	-0.0252145	-0.0783868	0.0616606	0.0604305	-0.050522	-0.0255831	SQ	SE	SK019	3	11657
sq2140__p1:i11337	sq2140__p1:i11337	-0.0158759	-0.0263289	0.00529314	0.000577773	-0.025223	-0.0181712	0.0208579	0.026264	-0.0245076	-0.0210002	SQ	SE	SK019	3	11337
sq2140__p1:i8956	sq2140__p1:i8956	-0.0119075	-0.0242862	0.0158331	0.0141783	0.00952696	-0.0412026	0.0191246	0.0068814	-0.0561612	-0.0154733	SQ	SE	SK019	3	8956
sq2140__p1:i4583	sq2140__p1:i4583	-0.027985	-0.0377864	-0.0109277	0.0179864	-0.0227733	-0.0483205	0.00762929	0.0240232	-0.0251584	-0.0441816	SQ	SE	SK019	3	4583
sq2140__p1:i1274	sq2140__p1:i1274	-0.0417532	-0.023156	0.0206548	0.0346048	-0.00512901	-0.046202	0.032711	0.0478708	-0.0211924	-0.0274186	SQ	SE	SK019	3	1274
sq2140__p1:i9127	sq2140__p1:i9127	-0.00827729	-0.0242669	0.00693117	0.0209419	0.0127368	-0.00809931	0.00455665	0.00833756	0.0145466	-0.00223108	SQ	SE	SK019	3	9127
sq2140__p1:i15685	sq2140__p1:i15685	-0.0300071	-0.0523718	0.0440584	0.0178178	-0.0308029	-0.0599945	0.0599057	0.0470096	-0.0214134	-0.00414082	SQ	SE	SK019	3	15685
sq2140__p1:i5391	sq2140__p1:i5391	-0.0254825	-0.0294686	0.00619197	0.021533	-0.0295032	-0.0383861	0.00315455	0.0251612	-0.014224	-0.0196722	SQ	SE	SK019	3	5391
r2_2140__p1:i1944	r2_2140__p1:i1944	0.00723763	0.0121596	-0.0412594	-0.0129232	0.0191315	0.0101928	-0.0120537	0.0141512	0.020224	-0.0162901	R2	NW	SK060	1	1944
r2_2140__p1:i14022	r2_2140__p1:i14022	0.00666839	0.00190205	-0.0257656	-0.00189485	0.0122274	0.00383877	-0.0092471	-0.00682804	0.0156344	-0.049084	R2	NW	SK060	1	14022
r2_2140__p1:i4648	r2_2140__p1:i4648	0.0158163	0.020606	-0.0257599	0.0278605	0.0271534	0.00569612	0.0163074	0.00116044	-0.025974	0.0116875	R2	NW	SK060	1	4648
r2_2140__p1:i13913	r2_2140__p1:i13913	0.0235303	0.0107592	-0.0480088	0.0179573	0.0127128	-0.0110218	-0.00840098	-0.0166241	-0.0197827	-0.0274572	R2	NW	SK060	1	13913
r2_2140__p1:i11235	r2_2140__p1:i11235	0.0548359	0.0349675	-0.00263658	-0.00833803	0.0221108	-0.0331927	-0.0137244	0.00422928	-0.00479898	-0.0506969	R2	NW	SK060	1	11235
r2_2140__p1:i666	r2_2140__p1:i666	0.0132614	0.00803626	-0.0277313	0.0099673	0.00449063	-0.02765	0.0135926	-0.0377284	-0.0392964	0.00115407	R2	NW	SK060	1	666
r2_2140__p1:i17819	r2_2140__p1:i17819	0.00145071	0.0291795	-0.0231207	0.0115647	0.00486687	-0.0109047	0.0184266	-0.0187065	-0.0488155	0.00391287	R2	NW	SK060	1	17819
r2_2140__p1:i8107	r2_2140__p1:i8107	0.0127337	-0.0136386	-0.0216111	0.0120182	-0.00371017	-0.0136995	0.0025506	-0.0252026	-0.0211349	-0.000263658	R2	NW	SK060	1	8107
r2_2140__p1:i5076	r2_2140__p1:i5076	0.0147189	0.00249489	-0.0285761	-0.0103148	0.0138739	-0.00198771	0.0109612	-0.00543654	0.0216103	-0.033959	R2	NW	SK060	1	5076
r2_2140__p1:i4481	r2_2140__p1:i4481	0.0440591	0.0016922	-0.0193838	0.00253499	0.0135153	-0.0202629	0.001543	-0.0194476	0.00864973	-0.0389264	R2	NW	SK060	1	4481
r2_2140__p1:i6535	r2_2140__p1:i6535	0.0253395	0.0261298	-0.0274844	-0.0081235	0.0106442	-0.0212942	-0.0105169	0.00283853	-0.0223615	-0.0423642	R2	NW	SK060	1	6535
r2_2140__p1:i6764	r2_2140__p1:i6764	-0.0055103	0.0221152	-0.0384706	0.0338905	0.0378756	-0.0156778	-0.00254792	0.0134557	0.00732386	0.0339196	R2	NW	SK060	1	6764
r2_2140__p1:i17580	r2_2140__p1:i17580	0.0436177	0.0327251	-0.0243031	0.00540181	-0.00653534	-0.0383824	0.00203865	-0.000567434	0.0158575	-0.0253556	R2	NW	SK060	1	17580
r2_2140__p1:i974	r2_2140__p1:i974	0.0063455	0.014558	-0.0304567	-0.00492418	0.00971547	-0.0135388	-0.00673099	-0.0141472	-0.0222474	-0.021914	R2	NW	SK060	1	974
r2_2140__p1:i8325	r2_2140__p1:i8325	-0.00686877	0.0253981	-0.0332221	0.00392902	0.0084911	-0.0156854	-0.00320664	-0.00188647	-0.00817308	-0.042757	R2	NW	SK060	1	8325
r2_2140__p1:i4743	r2_2140__p1:i4743	0.0393641	0.0283638	0.00438926	-0.0116987	0.0128789	-0.0207819	-0.0166301	0.00739877	-0.0038442	-0.0415139	R2	NW	SK060	1	4743
r2_2140__p1:i16567	r2_2140__p1:i16567	0.0284724	0.0188936	-0.0132375	-0.00615527	0.0235545	-0.0218072	-0.000666145	-0.00538913	0.000178586	-0.0360614	R2	NW	SK060	1	16567
r2_2140__p1:i15142	r2_2140__p1:i15142	0.027536	-0.00438734	-0.0435506	0.0187711	0.000915449	-0.0165205	-0.0248994	-0.0412703	-0.0365224	-0.0104053	R2	NW	SK060	1	15142
r2_2140__p1:i17269	r2_2140__p1:i17269	0.0028367	-0.00675825	-0.0153637	-0.000727272	-0.00568528	-0.021933	-0.0343471	-0.0546326	-0.030608	-0.00986602	R2	NW	SK060	1	17269
r2_2140__p1:i2088	r2_2140__p1:i2088	0.0388363	-0.00819009	0.00471846	-0.0119664	-0.0180022	-0.00976956	-0.00474918	-0.0187996	-0.000923736	-0.0252387	R2	NW	SK060	1	2088
r2_2140__p1:i15695	r2_2140__p1:i15695	0.0349201	0.0220137	-0.0346629	-0.000213411	0.00447474	-0.023351	-0.0181083	0.0202594	-0.0168212	-0.0105334	R2	NW	SK068	2	15695
r2_2140__p1:i15674	r2_2140__p1:i15674	0.0594638	0.00458361	-0.0664897	-0.00513928	-0.00662687	-0.031607	0.0211974	-0.0048935	-0.00163628	-0.0150765	R2	NW	SK068	2	15674
r2_2140__p1:i11513	r2_2140__p1:i11513	0.0395025	0.000215474	-0.0295991	-0.00233612	-0.00613766	-0.00757977	0.0039587	0.0179663	0.00629791	-0.0116297	R2	NW	SK068	2	11513
r2_2140__p1:i2251	r2_2140__p1:i2251	0.00962554	0.0370719	-0.0307983	-0.0154423	-0.0290059	-0.00434014	-0.0117825	0.0159639	-0.0258836	-0.0706196	R2	NW	SK068	2	2251
r2_2140__p1:i10874	r2_2140__p1:i10874	0.0257714	0.0112649	-0.017933	0.0113481	-0.000940525	-0.0241813	-0.0023494	0.0143189	-0.00619044	-0.0116366	R2	NW	SK068	2	10874
r2_2140__p1:i16687	r2_2140__p1:i16687	0.0305988	-0.00737371	-0.0438239	0.0313108	0.0337794	-0.0395026	-0.00275345	0.01582	0.00760816	-0.0480915	R2	NW	SK068	2	16687
r2_2140__p1:i5304	r2_2140__p1:i5304	0.0203605	-0.015864	-0.029064	0.0023996	-0.00254919	-0.00924367	0.00296439	0.00490894	0.0107166	0.00201768	R2	NW	SK068	2	5304
r2_2140__p1:i4768	r2_2140__p1:i4768	0.0188624	0.00520269	-0.0156055	0.00927398	-0.00753967	-0.0242412	-0.00430662	0.0128279	0.000169101	-0.00841712	R2	NW	SK068	2	4768
r2_2140__p1:i4879	r2_2140__p1:i4879	0.0174431	0.0392005	-0.0252892	-0.0232126	0.0103621	-0.0268507	-0.00104589	0.000894339	-0.0460586	-0.0136424	R2	NW	SK068	2	4879
r2_2140__p1:i12230	r2_2140__p1:i12230	0.0225845	-0.0185222	-0.022441	-0.00348876	-0.00184292	-0.0211301	0.00299871	0.0208848	-0.00850643	0.0111716	R2	NW	SK068	2	12230
r2_2140__p1:i12010	r2_2140__p1:i12010	0.0627896	0.00569616	-0.0275213	0.0102887	0.00368459	-0.0455493	-0.000290911	-0.0132216	0.0105244	-0.00869095	R2	NW	SK068	2	12010
r2_2140__p1:i5260	r2_2140__p1:i5260	0.0742475	0.0392294	-0.0412593	0.00540592	0.00165167	-0.0138078	-0.0146045	0.00499353	0.00478982	-0.0406915	R2	NW	SK068	2	5260
r2_2140__p1:i2945	r2_2140__p1:i2945	0.070496	-0.00283551	-0.0645818	0.0229627	0.0287343	-0.0654025	-0.00041591	0.00148706	0.00841934	-0.0258979	R2	NW	SK068	2	2945
r2_2140__p1:i747	r2_2140__p1:i747	0.0432804	0.0155893	-0.012033	0.0113962	0.00503137	0.0032397	-0.0176442	-0.00360591	-0.00920265	-0.0390955	R2	NW	SK068	2	747
r2_2140__p1:i6813	r2_2140__p1:i6813	0.0276593	0.0328614	-0.0253953	-0.0162556	-0.0154734	-0.0177176	-0.0218697	-0.00489043	-0.0161725	-0.0528691	R2	NW	SK068	2	6813
r2_2140__p1:i6143	r2_2140__p1:i6143	0.0504884	0.00756528	-0.0317741	0.0379295	0.0430463	-0.0370771	0.00693903	0.00996536	-0.00829928	-0.0148074	R2	NW	SK068	2	6143
r2_2140__p1:i2093	r2_2140__p1:i2093	0.0417706	0.00550074	-0.0176132	-0.00932565	0.0237115	-0.0181531	-0.0189795	-0.0103497	-0.00872247	-0.0182933	R2	NW	SK068	2	2093
r2_2140__p1:i6397	r2_2140__p1:i6397	0.0355387	0.00474041	-0.0172599	6.04292e-06	-0.00297462	-0.0222561	0.000549576	-0.00639098	0.00685077	-0.00814146	R2	NW	SK068	2	6397
r2_2140__p1:i17162	r2_2140__p1:i17162	0.0101707	0.0131199	-0.020856	-0.025743	0.00139647	-0.0146176	-0.010049	-0.000213592	-0.0165871	-0.0269733	R2	NW	SK068	2	17162
r2_2140__p1:i10014	r2_2140__p1:i10014	0.078053	0.0278328	-0.0236728	-0.00374234	0.0236778	0.002209	-0.0190781	0.00511983	0.0102462	-0.0282115	R2	NW	SK068	2	10014
r2_2140__p1:i10473	r2_2140__p1:i10473	-0.00354186	0.0244045	-0.012155	-0.00551428	0.0359091	-0.00968657	-0.00590647	0.00795728	-0.0190789	-0.0403765	R2	NW	SK069	3	10473
r2_2140__p1:i9767	r2_2140__p1:i9767	0.018708	0.0169301	-0.0169373	-0.0151623	0.041775	-0.0134961	-0.0133146	-0.0107984	-0.016336	-0.0446787	R2	NW	SK069	3	9767
r2_2140__p1:i5487	r2_2140__p1:i5487	0.0300873	0.0108896	-0.0437187	0.00330638	0.0426319	-0.0504084	-0.0392067	-0.0223852	-0.00990973	-0.0499176	R2	NW	SK069	3	5487
r2_2140__p1:i17219	r2_2140__p1:i17219	0.0878591	0.00305956	-0.0421509	0.00296021	-0.00329443	-0.0273322	-0.00273003	-0.00938059	-0.0138994	-0.0275406	R2	NW	SK069	3	17219
r2_2140__p1:i15317	r2_2140__p1:i15317	0.012977	-0.0114153	-0.0270066	-0.00153843	-0.00206372	-0.0395013	-0.016155	0.0113827	-0.00538552	-0.0307515	R2	NW	SK069	3	15317
r2_2140__p1:i9001	r2_2140__p1:i9001	0.0309638	0.0114448	-0.0204091	0.0138174	-5.10094e-06	-0.0478958	0.00206472	0.00483886	0.0100784	-0.0127639	R2	NW	SK069	3	9001
r2_2140__p1:i9335	r2_2140__p1:i9335	0.0648029	0.0017348	-0.0331903	0.00661977	0.0219474	-0.0267204	-0.00774808	-0.00791135	0.00234853	-0.0274315	R2	NW	SK069	3	9335
r2_2140__p1:i1475	r2_2140__p1:i1475	0.0317995	-0.0196712	-0.0394302	-0.00380934	-0.00572589	-0.0347435	0.00617284	0.00202964	-0.0128293	-0.0109332	R2	NW	SK069	3	1475
r2_2140__p1:i11901	r2_2140__p1:i11901	-0.00320183	0.0263158	-0.024553	-0.00436573	0.0210444	-0.0245886	-0.000755557	-0.0256312	0.00944619	-0.0138346	R2	NW	SK069	3	11901
r2_2140__p1:i14642	r2_2140__p1:i14642	0.00118344	0.0117118	-0.0156909	0.0175217	0.0325943	-0.0155105	-0.00866843	-5.22962e-05	-0.0354935	-0.016995	R2	NW	SK069	3	14642
r2_2140__p1:i1222	r2_2140__p1:i1222	0.0309111	0.011066	-0.0140487	0.00400078	-0.00921762	-0.0229564	-0.000580506	0.0165178	0.0170397	-0.018571	R2	NW	SK069	3	1222
r2_2140__p1:i13463	r2_2140__p1:i13463	0.00557927	0.000491759	-0.0268429	-0.0218775	0.0390027	0.000749858	-0.00721741	0.0151729	-0.0178952	0.0143796	R2	NW	SK069	3	13463
r2_2140__p1:i10566	r2_2140__p1:i10566	0.0329393	0.0274142	-0.0221894	-0.00574575	-0.00308839	-0.0295505	0.0176449	0.00409936	-0.00158847	-0.0183704	R2	NW	SK069	3	10566
r2_2140__p1:i8335	r2_2140__p1:i8335	0.0882449	0.000351783	-0.0349096	0.00384962	0.00139415	-0.0205422	-0.0058048	-0.00730131	-0.0139667	-0.0252406	R2	NW	SK069	3	8335
r2_2140__p1:i17688	r2_2140__p1:i17688	0.0143508	0.0243845	-0.0166371	0.0153242	0.0449772	-0.0334806	-0.00358969	0.00317809	0.0241049	0.00577377	R2	NW	SK069	3	17688
r2_2140__p1:i2217	r2_2140__p1:i2217	0.0526475	-0.0013658	-0.0502948	0.0152734	0.00132641	-0.0609273	-0.00231603	-0.0123934	0.00286546	-0.0141399	R2	NW	SK069	3	2217
r2_2140__p1:i9336	r2_2140__p1:i9336	0.00976809	-0.00207113	-0.0143005	0.00331681	0.0161123	-0.0360933	-0.0364922	0.0112362	-0.00168247	-0.0347941	R2	NW	SK069	3	9336
r2_2140__p1:i13211	r2_2140__p1:i13211	0.0140515	0.0200386	-0.000315655	0.0179295	-0.00691802	0.00183487	0.00867735	-0.0232766	-0.0049969	-0.0257295	R2	NW	SK069	3	13211
r2_2140__p1:i3108	r2_2140__p1:i3108	0.0326944	0.0154951	-0.0485615	0.0078621	0.0393415	-0.0350274	-0.0320616	-0.0162847	-0.0218496	-0.0351411	R2	NW	SK069	3	3108
r2_2140__p1:i3581	r2_2140__p1:i3581	0.0332554	0.0159842	-0.0432902	-0.0025162	0.0026593	-0.0217515	0.00541523	0.0263732	0.00347493	-0.017858	R2	NW	SK069	3	3581
r2_2140__p1:i1376	r2_2140__p1:i1376	-0.0117656	-0.0160022	-0.0355955	0.0163549	0.0432369	0.00926152	0.022083	0.00598817	-0.0402876	0.0105859	R2	NE	SK062	1	1376
r2_2140__p1:i12296	r2_2140__p1:i12296	0.00115712	0.0282003	0.00925876	0.00110469	0.00622796	-0.00399295	0.0424628	-0.0256437	-0.0381254	0.012677	R2	NE	SK062	1	12296
r2_2140__p1:i7008	r2_2140__p1:i7008	0.0254546	0.0184788	-0.0516989	0.00179357	-0.00511886	-0.0142343	-0.0142368	0.00226419	0.0176765	-0.0590673	R2	NE	SK062	1	7008
r2_2140__p1:i236	r2_2140__p1:i236	-0.0159927	0.0226577	-0.0372962	0.0126518	0.00770019	0.0212835	-0.0303257	0.0163126	0.00786134	-0.0180292	R2	NE	SK062	1	236
r2_2140__p1:i14041	r2_2140__p1:i14041	-0.0050822	0.0239313	0.0149211	0.0132429	-0.00162308	0.00752356	0.0116482	-0.020274	0.00337978	-0.0196216	R2	NE	SK062	1	14041
r2_2140__p1:i8710	r2_2140__p1:i8710	0.0322517	0.0155724	-0.00523086	0.00565657	0.00716067	-0.0217138	0.0208307	-0.0103107	-0.00428618	-0.0300597	R2	NE	SK062	1	8710
r2_2140__p1:i9163	r2_2140__p1:i9163	0.0146241	-0.00346677	-0.00696089	0.0162158	0.00105815	0.00331432	-0.0048352	-0.0091013	-0.000799028	-0.000176711	R2	NE	SK062	1	9163
r2_2140__p1:i12226	r2_2140__p1:i12226	-0.0129048	-0.00381344	-0.0630289	0.016529	0.0261048	-0.00528457	-0.0246904	0.0264696	0.0199324	0.00406718	R2	NE	SK062	1	12226
r2_2140__p1:i14684	r2_2140__p1:i14684	0.0252789	0.00557727	-0.0452668	0.0176678	0.00779392	-0.0249598	-0.00309683	-0.00172099	0.0164878	-0.0272975	R2	NE	SK062	1	14684
r2_2140__p1:i8506	r2_2140__p1:i8506	0.0180598	0.00392452	-0.0256761	0.018124	-0.00399668	-0.0145194	0.00866391	0.0122841	-0.018023	-0.00494738	R2	NE	SK062	1	8506
r2_2140__p1:i758	r2_2140__p1:i758	0.00490154	0.0123046	-0.0233349	-0.00797541	-0.0255835	-0.0328341	0.00418203	-0.0165487	-0.019467	-0.0202032	R2	NE	SK062	1	758
r2_2140__p1:i15834	r2_2140__p1:i15834	-0.0053489	0.00688837	-0.0206074	0.00402671	0.00394762	0.025735	0.0126292	0.00672299	-0.0117527	-0.00578735	R2	NE	SK062	1	15834
r2_2140__p1:i8259	r2_2140__p1:i8259	0.00377421	-0.0196269	-0.0369941	0.0160003	0.0531936	0.0166371	0.0181248	0.00535755	-0.0337785	0.0230442	R2	NE	SK062	1	8259
r2_2140__p1:i16253	r2_2140__p1:i16253	0.0570507	0.017459	-0.0353276	-0.00495919	-0.00417973	-0.0219482	0.0058048	0.0102682	0.0267594	-0.0490296	R2	NE	SK062	1	16253
r2_2140__p1:i3202	r2_2140__p1:i3202	0.0112735	0.0410397	-0.041637	0.00729787	0.00352434	-0.00623462	-0.0207226	0.0197751	-0.0441678	-0.0302352	R2	NE	SK062	1	3202
r2_2140__p1:i14865	r2_2140__p1:i14865	0.0299871	-0.00192677	-0.0214291	0.00708934	-0.00917053	0.0116834	0.0428725	-0.0474793	-0.0367145	0.0144232	R2	NE	SK062	1	14865
r2_2140__p1:i11854	r2_2140__p1:i11854	0.00962626	0.043137	-0.0478324	0.00546429	0.00824747	0.0380956	-0.0462353	0.0412293	-0.0754886	-0.0610286	R2	NE	SK062	1	11854
r2_2140__p1:i15128	r2_2140__p1:i15128	0.019404	-0.00133471	-0.0510371	-0.00198148	-0.00530482	-0.0326135	0.0121204	0.0384721	-0.00498262	0.0167895	R2	NE	SK062	1	15128
r2_2140__p1:i10467	r2_2140__p1:i10467	-0.00717343	-0.00523411	-0.0082524	-0.0145528	0.0218193	-0.00824157	0.00409866	0.0169666	-0.0180025	-0.00510824	R2	NE	SK062	1	10467
r2_2140__p1:i12706	r2_2140__p1:i12706	0.00789976	0.00250383	0.0034759	-0.00697391	0.0176779	0.0305255	-0.00106324	-0.00191754	0.0234018	-0.0137003	R2	NE	SK062	1	12706
r2_2140__p1:i10275	r2_2140__p1:i10275	0.00936229	-0.00756849	-0.0260078	-0.0330655	0.00889638	-0.00568527	-0.0103705	-0.0138626	-0.0173518	-0.0185271	R2	NE	SK063	2	10275
r2_2140__p1:i11377	r2_2140__p1:i11377	-0.0170183	-0.00706414	-0.0300478	-0.0129428	0.0230539	0.00670896	-0.0242879	-0.0248682	0.00471434	-0.030161	R2	NE	SK063	2	11377
r2_2140__p1:i10289	r2_2140__p1:i10289	0.0245837	0.0505454	-0.0523501	0.0346102	-0.0412799	-0.0107858	0.0402276	0.00525554	0.0340369	-0.0842406	R2	NE	SK063	2	10289
r2_2140__p1:i11161	r2_2140__p1:i11161	0.011295	-0.00155394	-0.0154727	-0.00840863	0.0155725	-0.0225835	-0.0172653	-0.00668791	0.0128848	-0.0351879	R2	NE	SK063	2	11161
r2_2140__p1:i10288	r2_2140__p1:i10288	0.0379001	0.0324632	-0.0779079	0.03814	-0.0165763	0.00907875	-0.0208401	-0.002673	0.0670859	-0.109345	R2	NE	SK063	2	10288
r2_2140__p1:i9516	r2_2140__p1:i9516	0.00784796	0.0392791	-0.0612528	0.0366844	-0.035163	0.00315636	0.0284047	-0.0335844	0.0318732	-0.0703494	R2	NE	SK063	2	9516
r2_2140__p1:i17365	r2_2140__p1:i17365	-0.028376	0.00302134	-0.0658609	-0.0196989	0.00979191	0.00159489	-0.0170824	0.048046	-0.0516747	0.0135904	R2	NE	SK063	2	17365
r2_2140__p1:i16917	r2_2140__p1:i16917	0.0315983	-0.0190959	-0.0575724	-0.0161952	0.0314825	-0.0157251	-0.0100499	-0.00117908	-0.0571808	0.0089822	R2	NE	SK063	2	16917
r2_2140__p1:i11261	r2_2140__p1:i11261	-0.00357626	0.00953917	-0.0026788	-0.00417729	-0.0217806	-0.0157586	0.00771841	0.0020688	-0.017875	-0.0273594	R2	NE	SK063	2	11261
r2_2140__p1:i10177	r2_2140__p1:i10177	0.0331035	0.00503181	-0.0391096	-0.00295824	-0.0154436	-0.00115541	0.00817657	-0.00596662	0.00388316	-0.0163403	R2	NE	SK063	2	10177
r2_2140__p1:i10178	r2_2140__p1:i10178	-0.0101531	0.00199468	-0.0218625	-0.0174598	0.00299798	-0.00638933	-0.0358778	0.0121542	-0.0166836	-0.0231397	R2	NE	SK063	2	10178
r2_2140__p1:i561	r2_2140__p1:i561	-0.00129667	-0.0113657	-0.0369064	0.0180967	0.0200288	0.0247297	-0.0136052	-0.0267366	0.0101437	-0.0204678	R2	NE	SK063	2	561
r2_2140__p1:i10293	r2_2140__p1:i10293	0.0379001	0.0324632	-0.0779079	0.03814	-0.0165763	0.00907875	-0.0208401	-0.002673	0.0670859	-0.109345	R2	NE	SK063	2	10293
r2_2140__p1:i10290	r2_2140__p1:i10290	0.036149	0.0683609	-0.0881471	0.0494147	-0.0497566	-0.0103225	0.0305335	-0.00304971	0.0636154	-0.129499	R2	NE	SK063	2	10290
r2_2140__p1:i17364	r2_2140__p1:i17364	-0.0324633	-0.00675081	-0.0808979	-0.0482612	5.18759e-05	-0.0154465	-0.0186042	0.0623676	-0.0860761	0.00327831	R2	NE	SK063	2	17364
r2_2140__p1:i11262	r2_2140__p1:i11262	0.0367884	-0.00690054	-0.036035	-0.0171617	0.00782989	-0.0128784	-0.00672673	0.00800113	-0.0637874	-0.0203429	R2	NE	SK063	2	11262
r2_2140__p1:i4501	r2_2140__p1:i4501	-0.00557616	-0.00596288	-0.0402716	-0.0221923	0.00966106	0.0080828	-0.00438844	-0.0180161	-0.0418223	0.0334962	R2	NE	SK063	2	4501
r2_2140__p1:i8283	r2_2140__p1:i8283	0.0188035	-0.015568	-0.0517774	-0.0264458	0.0231505	0.00648456	-0.000538284	-0.00577647	-0.0699413	0.0340334	R2	NE	SK063	2	8283
r2_2140__p1:i17155	r2_2140__p1:i17155	0.0241921	-0.0208346	-0.0494978	-0.0268245	0.0195549	-0.00297578	0.00510975	-0.00210781	-0.0540586	0.00585401	R2	NE	SK063	2	17155
r2_2140__p1:i7700	r2_2140__p1:i7700	0.00160561	-0.00379484	-0.0185211	-0.00760855	-0.00440038	-0.00951877	0.00615069	0.0121545	-0.00560191	-0.0282361	R2	NE	SK063	2	7700
r2_2140__p1:i12929	r2_2140__p1:i12929	-0.00662925	-0.0150026	-0.0681175	-0.0157244	0.0358813	-0.01111	-0.023242	0.00948833	-0.0337845	0.0238392	R2	NE	SK064	3	12929
r2_2140__p1:i17123	r2_2140__p1:i17123	0.000300513	-0.0153254	-0.0197467	-0.0178813	0.00238216	0.00241592	-0.0334983	-0.0152472	-0.0249776	-0.0111114	R2	NE	SK064	3	17123
r2_2140__p1:i3994	r2_2140__p1:i3994	-0.00548574	0.0113996	-0.0293455	0.00288444	-0.00589592	0.00860718	-0.0325319	0.0235026	-0.0287385	-0.0312002	R2	NE	SK064	3	3994
r2_2140__p1:i12221	r2_2140__p1:i12221	-0.00783393	-0.000988194	-0.00138247	-0.00247664	-0.0035758	0.0283512	-0.0160836	-0.0042554	-0.00881913	-0.0258094	R2	NE	SK064	3	12221
r2_2140__p1:i17540	r2_2140__p1:i17540	-0.0172904	-0.0163336	-0.0404416	-0.0103221	0.0275681	0.00896646	-0.0238748	0.0153307	-0.0492539	-0.00200544	R2	NE	SK064	3	17540
r2_2140__p1:i7219	r2_2140__p1:i7219	0.033532	0.00547602	-0.0252939	-0.00395555	0.0258862	-0.0162659	-0.017198	0.0131164	-0.00887789	-0.0238131	R2	NE	SK064	3	7219
r2_2140__p1:i8582	r2_2140__p1:i8582	-0.0119685	0.00574857	-0.025788	0.0111578	0.0212039	0.00881258	-0.0106529	-0.0175712	-0.0289287	-0.013229	R2	NE	SK064	3	8582
r2_2140__p1:i6943	r2_2140__p1:i6943	-0.00813879	-0.000872223	-0.0531593	-0.00573061	0.0412727	-0.00748506	-0.0516049	0.00777698	-0.00739785	-0.0105179	R2	NE	SK064	3	6943
r2_2140__p1:i9451	r2_2140__p1:i9451	0.00830571	-0.0448318	-0.037332	-0.018455	0.0147643	0.000877213	-0.017548	0.00506542	-0.0257154	-0.00042591	R2	NE	SK064	3	9451
r2_2140__p1:i14638	r2_2140__p1:i14638	0.0250122	0.0077242	-0.0330603	0.0189394	0.0301183	-0.0204662	0.00789369	0.0229039	-0.0234391	-0.0159493	R2	NE	SK064	3	14638
r2_2140__p1:i9452	r2_2140__p1:i9452	0.00462468	-0.0466839	-0.0414329	-0.0183008	0.00992287	-0.000618795	-0.0208221	0.00373612	-0.031272	-0.00268814	R2	NE	SK064	3	9452
r2_2140__p1:i11222	r2_2140__p1:i11222	-0.00820003	0.0153425	-0.0351625	0.00826606	0.0117202	0.0142081	-0.0125499	-0.0153805	-0.0252692	0.0158792	R2	NE	SK064	3	11222
r2_2140__p1:i3255	r2_2140__p1:i3255	-0.00319374	0.0233576	-0.0410348	0.0108834	0.0194182	-0.0074898	-0.00418197	-0.0142434	-0.0113909	-0.0223698	R2	NE	SK064	3	3255
r2_2140__p1:i1354	r2_2140__p1:i1354	-0.00773993	0.0120008	-0.0474886	0.00877262	0.0281094	-0.00239236	-0.0286699	-0.0193806	-0.0107967	-0.0176407	R2	NE	SK064	3	1354
r2_2140__p1:i13152	r2_2140__p1:i13152	-0.0310067	-0.00740585	-0.0261011	-0.00414096	0.0170621	0.0294285	-0.0185177	-7.46288e-06	-0.00822706	0.00441584	R2	NE	SK064	3	13152
r2_2140__p1:i14961	r2_2140__p1:i14961	0.0111707	0.023991	-0.0120429	0.0181795	-0.00331774	0.0169135	-0.0217547	-0.00462137	0.000717101	-0.00387012	R2	NE	SK064	3	14961
r2_2140__p1:i14931	r2_2140__p1:i14931	-0.01154	0.0027366	-0.0432275	-0.00293963	0.0210725	-0.000309695	-0.018834	-0.000517843	-0.0323732	-0.00712147	R2	NE	SK064	3	14931
r2_2140__p1:i3650	r2_2140__p1:i3650	-0.00381609	0.0106837	-0.017766	0.0133456	0.02679	-0.00165051	0.0134146	0.0145762	-0.0305363	-0.0513585	R2	NE	SK064	3	3650
r2_2140__p1:i9612	r2_2140__p1:i9612	0.019737	0.00955028	-0.0420383	-0.0024164	-0.000379672	0.00588322	0.00616099	-0.014748	-0.0256217	0.0205155	R2	NE	SK064	3	9612
r2_2140__p1:i7314	r2_2140__p1:i7314	-0.021231	-0.0147397	-0.0155645	-0.0266392	0.00757064	0.00384711	-0.0355714	0.0231687	-0.052855	-0.00799115	R2	NE	SK064	3	7314
r2_2140__p1:i14860	r2_2140__p1:i14860	-0.0193635	0.011531	-0.0145657	-0.00754654	0.0292485	0.00182385	0.00676139	-0.00497575	0.030486	0.0280537	R2	W	SK025	1	14860
r2_2140__p1:i4499	r2_2140__p1:i4499	-0.0211166	-0.00294912	-0.0222613	-0.0153765	0.010471	-0.0101398	-0.0127781	0.0153389	-0.0434189	-0.00556936	R2	W	SK025	1	4499
r2_2140__p1:i1337	r2_2140__p1:i1337	-0.00466722	-0.0118844	-0.0093966	0.0101068	0.025158	0.0236054	-0.0286594	0.000936978	-0.0215323	-0.0136371	R2	W	SK025	1	1337
r2_2140__p1:i6379	r2_2140__p1:i6379	-0.0289356	0.0130627	-0.035323	0.0159839	0.0282851	0.0231896	-0.00932659	-0.0450093	0.00381334	0.00840372	R2	W	SK025	1	6379
r2_2140__p1:i6378	r2_2140__p1:i6378	-0.028221	0.0126374	-0.0347575	0.0157611	0.0277018	0.0235851	-0.00809003	-0.0457635	0.00476519	0.00853509	R2	W	SK025	1	6378
r2_2140__p1:i17171	r2_2140__p1:i17171	0.00461411	0.00888567	-0.0391636	0.00203438	-0.01972	0.000690559	-0.0327238	-0.0149955	-0.0356239	0.0328195	R2	W	SK025	1	17171
r2_2140__p1:i13760	r2_2140__p1:i13760	-0.0259216	0.0113671	-0.0137837	0.0160242	0.00767082	-0.0105257	-0.0110347	0.00247766	-0.0156599	0.00558696	R2	W	SK025	1	13760
r2_2140__p1:i5964	r2_2140__p1:i5964	-0.00484678	0.00346844	-0.0328394	0.0105015	0.0120307	-0.00784371	0.00665137	0.0216259	-0.040053	0.0121235	R2	W	SK025	1	5964
r2_2140__p1:i824	r2_2140__p1:i824	0.0271576	0.00187708	-0.0305003	0.004115	-0.0194534	-0.0152625	-0.00353256	0.00517301	-0.0219776	-0.00699671	R2	W	SK025	1	824
r2_2140__p1:i8194	r2_2140__p1:i8194	-0.00327232	0.0255631	-0.00764695	-0.0107038	-0.0121525	0.00979166	-0.0274407	0.000963615	-0.0119318	0.00168248	R2	W	SK025	1	8194
r2_2140__p1:i10865	r2_2140__p1:i10865	-0.00937656	0.00735782	-0.0385605	0.0188294	0.0312884	0.017277	-0.0511712	0.0196555	0.0033549	0.000814633	R2	W	SK025	1	10865
r2_2140__p1:i17366	r2_2140__p1:i17366	-0.00993723	0.0289888	-0.00962762	-0.0164741	0.0328584	-0.00307567	0.002778	-0.03303	-0.0377647	-0.0358155	R2	W	SK025	1	17366
r2_2140__p1:i3267	r2_2140__p1:i3267	-0.0220462	3.48075e-05	-0.0343084	-0.00633709	-0.00447898	0.0161034	-0.0130036	0.02952	-0.0336676	0.00465992	R2	W	SK025	1	3267
r2_2140__p1:i8525	r2_2140__p1:i8525	0.0117877	-0.0158976	-0.0328582	0.000527912	0.0189904	-0.0133107	-0.0093542	0.0189554	-0.0197949	-0.00540762	R2	W	SK025	1	8525
r2_2140__p1:i17039	r2_2140__p1:i17039	-0.0257503	-0.00600496	-0.0425799	0.0111601	0.0349232	0.00530574	-0.0323029	0.0276469	0.00711914	0.015996	R2	W	SK025	1	17039
r2_2140__p1:i7911	r2_2140__p1:i7911	-0.00934584	0.00661343	-0.0492254	0.0124983	0.0148327	0.000949861	-0.0106399	0.0132646	0.0202801	0.00176087	R2	W	SK025	1	7911
r2_2140__p1:i8502	r2_2140__p1:i8502	-0.012084	0.0324054	-0.0153591	-0.0281303	0.0289599	-0.0111089	0.00624621	-0.0326673	-0.0381533	-0.0405992	R2	W	SK025	1	8502
r2_2140__p1:i13135	r2_2140__p1:i13135	-0.00467993	0.00672278	-0.0365521	0.00602444	-0.0140168	-0.00186341	-0.017722	-0.004292	0.000670037	-0.0270897	R2	W	SK025	1	13135
r2_2140__p1:i16920	r2_2140__p1:i16920	-0.0219773	-0.00322053	-0.0224468	0.00107645	0.0184272	0.00716702	-0.00123319	-0.000954097	-0.0208037	0.00901715	R2	W	SK025	1	16920
r2_2140__p1:i10027	r2_2140__p1:i10027	0.00600675	-0.00721575	-0.036244	0.0164471	-0.0168534	-0.0270384	-0.0281065	0.021745	-0.00544997	-0.0250051	R2	W	SK025	1	10027
r2_2140__p1:i14201	r2_2140__p1:i14201	-0.0162128	-0.00763476	-0.021762	0.00545498	0.0034364	-0.00932622	-0.0275829	0.0112474	-0.00568802	0.00313682	R2	W	SK026	2	14201
r2_2140__p1:i16641	r2_2140__p1:i16641	-0.0141413	-0.037889	-0.00653257	-0.0179071	0.00878861	-0.0191462	-0.0254728	0.0147827	-2.9664e-05	0.00330442	R2	W	SK026	2	16641
r2_2140__p1:i7702	r2_2140__p1:i7702	-0.0148995	-0.0301573	-0.0133659	-0.00812245	0.016356	-0.0118872	-0.0287517	-0.00188398	-0.0066139	0.0137618	R2	W	SK026	2	7702
r2_2140__p1:i10598	r2_2140__p1:i10598	-0.0239975	0.00654562	-0.0360955	0.0204079	0.00702026	0.00859828	0.0117776	-0.00746564	-0.0156811	0.006893	R2	W	SK026	2	10598
r2_2140__p1:i11657	r2_2140__p1:i11657	-0.00881894	0.00782265	-0.0237467	0.0200885	-0.0215376	-0.00128651	-0.0286183	-0.0106269	0.0175963	-0.00517289	R2	W	SK026	2	11657
r2_2140__p1:i6980	r2_2140__p1:i6980	-0.0148822	0.0022418	-0.0179703	-0.000768059	0.00255803	0.00120246	0.0105565	-0.00260113	0.0230131	-0.017992	R2	W	SK026	2	6980
r2_2140__p1:i9535	r2_2140__p1:i9535	-0.00729124	0.0169494	-0.0227475	-0.00973453	-0.0124005	0.00213078	0.00327033	-0.0209488	0.00326584	-0.00435892	R2	W	SK026	2	9535
r2_2140__p1:i8011	r2_2140__p1:i8011	-0.0243549	-0.0160687	-0.0402746	-0.00170904	-0.0155013	0.00469574	-0.014089	0.0344734	-0.0360665	0.0169737	R2	W	SK026	2	8011
r2_2140__p1:i7628	r2_2140__p1:i7628	-0.0106991	0.0144231	0.00689856	0.0191316	0.0152516	-0.0109909	0.00103233	0.0102428	-0.0216342	0.00153919	R2	W	SK026	2	7628
r2_2140__p1:i13453	r2_2140__p1:i13453	-0.018813	-0.00594213	-0.0375647	0.0123516	-0.000277392	-0.0131346	0.00784128	0.00542111	0.0139734	0.0134455	R2	W	SK026	2	13453
r2_2140__p1:i11952	r2_2140__p1:i11952	-0.0383042	-0.00671598	-0.0194582	-0.00433072	0.0265773	0.0114666	0.0280312	0.000867943	-0.0223961	0.0143604	R2	W	SK026	2	11952
r2_2140__p1:i6005	r2_2140__p1:i6005	-0.00455948	0.00633651	-0.0483969	0.00574773	-0.00647841	0.00018258	0.00373799	0.0189442	0.0137743	0.0163709	R2	W	SK026	2	6005
r2_2140__p1:i578	r2_2140__p1:i578	-0.0184274	-0.0328444	-0.0308751	0.00849109	0.00496287	-0.000288836	-0.0278577	0.00434053	0.0125154	-0.00608156	R2	W	SK026	2	578
r2_2140__p1:i11140	r2_2140__p1:i11140	-0.0259946	0.0254624	-0.0449771	0.0156524	0.0363351	-0.00380361	-0.000333349	0.00536789	-0.051882	-0.00424117	R2	W	SK026	2	11140
r2_2140__p1:i4020	r2_2140__p1:i4020	-0.0173319	-0.0458082	-0.0200892	-0.00867445	0.0032199	-0.0112242	-0.0267271	-0.00205132	0.00575121	0.0145895	R2	W	SK026	2	4020
r2_2140__p1:i13452	r2_2140__p1:i13452	-0.00905418	0.00898737	-0.0264401	0.0090159	-0.00180182	-0.00860173	0.00195839	0.00134569	0.0110791	-0.000342817	R2	W	SK026	2	13452
r2_2140__p1:i8080	r2_2140__p1:i8080	0.000306515	0.00882039	-0.0220875	0.0170125	-0.0073373	0.026149	-0.0167771	-0.000792943	0.0271761	-0.013274	R2	W	SK026	2	8080
r2_2140__p1:i15402	r2_2140__p1:i15402	-0.00670487	-0.00640195	-0.00315492	0.00686781	0.0181584	0.013894	-0.00540389	0.0167021	-0.00299924	0.00174814	R2	W	SK026	2	15402
r2_2140__p1:i5360	r2_2140__p1:i5360	-0.0169395	-0.00776646	-0.0264624	-0.0096184	-0.00585533	0.00613552	-0.0191613	-0.0152688	-0.0132759	0.00680119	R2	W	SK026	2	5360
r2_2140__p1:i4942	r2_2140__p1:i4942	-0.0244216	-0.0130184	-0.0686306	-0.0165309	0.0102993	-0.0149845	0.00270825	0.0212	0.0104947	0.0419395	R2	W	SK026	2	4942
r2_2140__p1:i10232	r2_2140__p1:i10232	0.00939534	0.00714604	-0.0101095	0.015839	0.0147765	0.00419065	0.00665196	0.00805172	-0.0373354	-0.0222496	R2	W	SK034	3	10232
r2_2140__p1:i16350	r2_2140__p1:i16350	-0.0192247	0.0104525	-0.0253363	0.00162612	-0.00454669	-0.0316388	-0.0262489	-0.00780481	-0.028718	0.0242007	R2	W	SK034	3	16350
r2_2140__p1:i8603	r2_2140__p1:i8603	-0.00504325	0.0109596	-0.00252983	0.00391532	0.0224227	0.00533667	0.00785435	-0.00743956	-0.0248438	-0.0211339	R2	W	SK034	3	8603
r2_2140__p1:i2766	r2_2140__p1:i2766	0.0190773	0.00636421	-0.0802869	0.00598156	0.0141667	-0.0246668	-0.0251556	0.0232435	0.0287477	-0.012936	R2	W	SK034	3	2766
r2_2140__p1:i4669	r2_2140__p1:i4669	-0.00636654	-0.0112665	-0.0313002	-0.0159106	0.00808663	0.00194859	-0.00508345	-0.00819651	-0.015535	0.0108448	R2	W	SK034	3	4669
r2_2140__p1:i16729	r2_2140__p1:i16729	-0.00672114	-0.0101355	-0.0165504	-0.0192887	-0.00446911	0.0234306	0.000145449	0.00686171	-0.0287472	0.0122377	R2	W	SK034	3	16729
r2_2140__p1:i6602	r2_2140__p1:i6602	-0.0226445	-0.0211521	-0.0266224	0.015185	-0.0236012	0.0164656	-0.0313424	-0.00147795	-0.0158735	-0.00463952	R2	W	SK034	3	6602
r2_2140__p1:i17470	r2_2140__p1:i17470	0.0237046	0.0178957	-0.0081269	0.0038795	-0.0108951	0.0018251	0.00990121	-0.0101136	0.0149379	-0.0251737	R2	W	SK034	3	17470
r2_2140__p1:i536	r2_2140__p1:i536	-0.0149788	-0.0120565	-0.0311766	-0.020676	-0.0152118	0.00127546	0.0124926	0.00120557	-0.0181493	0.017317	R2	W	SK034	3	536
r2_2140__p1:i17041	r2_2140__p1:i17041	-0.0228153	-0.0149338	-0.0137682	0.0123999	-0.000879995	-0.0177294	-0.00761808	0.00760357	-0.0205472	0.000169259	R2	W	SK034	3	17041
r2_2140__p1:i5215	r2_2140__p1:i5215	-0.0177408	-0.0219134	-0.0322145	0.00299133	0.0403468	-0.0151956	0.00211925	0.0128525	0.00219274	0.0276353	R2	W	SK034	3	5215
r2_2140__p1:i4221	r2_2140__p1:i4221	-0.0183087	-0.00779957	-0.0283303	-0.0147227	-0.00262597	0.00494755	-0.0183475	0.0195393	-0.008986	-0.00700842	R2	W	SK034	3	4221
r2_2140__p1:i11632	r2_2140__p1:i11632	-0.0076308	0.027551	-0.0141036	0.0112038	-0.0169975	0.00260981	0.0199572	-0.00645742	0.00539155	-0.00594807	R2	W	SK034	3	11632
r2_2140__p1:i3308	r2_2140__p1:i3308	0.00336943	-0.00240383	-0.0277161	0.00767784	-0.0139755	0.00266819	-0.0046592	-0.00812652	0.0152392	-0.0297757	R2	W	SK034	3	3308
r2_2140__p1:i1527	r2_2140__p1:i1527	-0.0254251	0.022767	-0.00896036	-0.00548849	0.0308756	0.00158966	0.027236	-0.0027075	-0.0119907	0.0207971	R2	W	SK034	3	1527
r2_2140__p1:i4549	r2_2140__p1:i4549	0.0212391	0.0113836	-0.0263925	0.0121832	0.0247946	-0.00666682	-0.00228423	0.0272691	0.017091	-0.00124949	R2	W	SK034	3	4549
r2_2140__p1:i15118	r2_2140__p1:i15118	0.0105611	0.00643921	-0.0179103	0.0111881	0.043182	-0.00826074	0.00736767	-0.0127224	-0.0197277	-0.0107203	R2	W	SK034	3	15118
r2_2140__p1:i5035	r2_2140__p1:i5035	-0.0250044	-0.025866	-0.024553	-0.00500756	-0.000380721	-0.0252663	-0.00366667	-0.0210534	0.0120819	0.0270471	R2	W	SK034	3	5035
r2_2140__p1:i5181	r2_2140__p1:i5181	-0.0122411	-0.0115023	-0.0411033	-0.00181611	0.000759742	-0.00143456	-0.0216769	0.0400074	-0.0156715	-0.0117918	R2	W	SK034	3	5181
r2_2140__p1:i13013	r2_2140__p1:i13013	-0.00530705	0.00284566	-0.00546747	-0.00565462	0.00141159	-0.00291873	-0.0201683	-0.00120591	0.012833	-0.000628349	R2	W	SK034	3	13013
r2_2140__p1:i254	r2_2140__p1:i254	-0.00495249	-0.00391747	-0.0490953	0.0136911	-0.00372233	0.0129084	-0.0204276	0.00560717	-0.0380584	-0.00618922	R2	E	SK037	1	254
r2_2140__p1:i5929	r2_2140__p1:i5929	-0.00480204	-0.000398085	-0.0239437	-0.0033658	0.00909558	-0.00640614	-0.00494701	0.00939644	-0.0116331	-0.00987409	R2	E	SK037	1	5929
r2_2140__p1:i7063	r2_2140__p1:i7063	-0.0292257	-0.0240338	-0.0235698	0.0113485	0.00666256	0.00597371	0.00669783	0.00461186	-0.0239114	0.0021623	R2	E	SK037	1	7063
r2_2140__p1:i17534	r2_2140__p1:i17534	-0.0175113	0.018354	-0.0177036	0.0117625	0.0189309	-0.00656667	-0.00791333	0.00203101	-0.00741983	-0.031617	R2	E	SK037	1	17534
r2_2140__p1:i1840	r2_2140__p1:i1840	-0.0248249	-0.000875078	-0.0261878	-0.0145052	-0.010297	-0.0111652	0.00609233	0.0208284	-0.0283863	-0.00596542	R2	E	SK037	1	1840
r2_2140__p1:i16373	r2_2140__p1:i16373	-0.0161863	-0.010861	-0.0207711	-0.0257064	0.0275798	-0.00808787	-0.0274987	0.0113796	-0.0349753	-0.00988803	R2	E	SK037	1	16373
r2_2140__p1:i10746	r2_2140__p1:i10746	-0.0104028	0.022957	-0.00720019	0.00704545	0.0151196	0.0183376	-0.004414	0.00145171	0.00215671	-0.010775	R2	E	SK037	1	10746
r2_2140__p1:i661	r2_2140__p1:i661	-0.002663	0.0227845	-0.0461426	-0.0105051	-0.00164419	-0.0126541	0.00338554	0.020145	-0.0202895	-0.00298145	R2	E	SK037	1	661
r2_2140__p1:i7064	r2_2140__p1:i7064	-0.0118683	0.0276691	-0.0409899	-0.00596227	-0.0107412	-0.0190169	-0.000549104	0.0101486	0.00100682	-0.00494436	R2	E	SK037	1	7064
r2_2140__p1:i9586	r2_2140__p1:i9586	-0.0357918	0.00221995	-0.0535829	0.0317184	0.0222446	-0.00268571	-0.0202244	0.0210009	-0.0119189	-0.0210034	R2	E	SK037	1	9586
r2_2140__p1:i10263	r2_2140__p1:i10263	0.00175798	-0.0186626	-0.0128022	-0.0391069	0.0109368	-0.0135685	-0.0303814	0.0120977	0.00361898	0.00269163	R2	E	SK037	1	10263
r2_2140__p1:i15438	r2_2140__p1:i15438	-0.0212884	-0.00301883	-0.0739494	0.0232908	0.0195886	0.00593177	-0.0115194	0.0115465	0.0209321	0.0309216	R2	E	SK037	1	15438
r2_2140__p1:i640	r2_2140__p1:i640	-0.0361644	-0.00723252	-0.0747169	0.0345001	0.0269823	-0.0131817	-0.0336878	0.0335268	-0.0254181	0.0109662	R2	E	SK037	1	640
r2_2140__p1:i9403	r2_2140__p1:i9403	-0.025297	-0.00134026	-0.0560573	0.0149063	-0.00262861	-0.0130404	-0.0245013	-0.00606053	-0.0224286	-0.00841345	R2	E	SK037	1	9403
r2_2140__p1:i2091	r2_2140__p1:i2091	-0.0379869	-0.0103271	-0.0623187	-0.0124794	0.0349976	0.00616802	0.0397109	0.00127989	0.0377708	0.0687854	R2	E	SK037	1	2091
r2_2140__p1:i388	r2_2140__p1:i388	-0.0218993	-0.0221841	-0.047174	-0.00880909	0.0112341	0.00142463	-0.0225829	-0.0167612	-0.0107558	0.000770945	R2	E	SK037	1	388
r2_2140__p1:i11362	r2_2140__p1:i11362	0.00771566	0.0239522	-0.00159398	0.00464024	0.00671787	-0.00850206	0.00983335	0.0274478	-0.0217735	-0.0430496	R2	E	SK037	1	11362
r2_2140__p1:i15182	r2_2140__p1:i15182	-0.00206802	-0.00931011	-0.0291939	0.000869922	-0.0103363	-0.00615723	0.00170818	0.00965376	-0.0090275	-0.0185368	R2	E	SK037	1	15182
r2_2140__p1:i16970	r2_2140__p1:i16970	-0.0280104	-0.00862808	-0.0512201	0.02697	0.0115634	-0.0155202	-0.0271668	0.0210214	-0.0304644	-0.00957652	R2	E	SK037	1	16970
r2_2140__p1:i17846	r2_2140__p1:i17846	-0.0188705	-0.018128	-0.0233087	0.00595954	-0.000626354	0.00961577	-0.0294941	-0.00842906	0.0131139	-0.0028468	R2	E	SK037	1	17846
r2_2140__p1:i9456	r2_2140__p1:i9456	-0.0209852	0.00563852	-0.0293471	-0.0193398	0.00682665	-0.00348207	-0.00733221	-0.00710458	-0.0256566	-0.0162477	R2	E	SK045	2	9456
r2_2140__p1:i10277	r2_2140__p1:i10277	0.00076015	-0.0101156	-0.0367695	-0.0133324	0.0372769	-0.0152389	-0.0230277	0.000260369	-0.019227	0.00394386	R2	E	SK045	2	10277
r2_2140__p1:i10386	r2_2140__p1:i10386	0.00541465	-0.00447829	-0.0291818	0.00844089	0.0291679	0.0083462	-0.0248395	0.00739703	0.0256633	0.00999139	R2	E	SK045	2	10386
r2_2140__p1:i3531	r2_2140__p1:i3531	0.00384386	0.00617407	-0.0137001	0.00456666	0.0165195	0.0156915	-0.00954474	0.0204163	-0.0376625	-0.0156775	R2	E	SK045	2	3531
r2_2140__p1:i17883	r2_2140__p1:i17883	0.00913239	-0.00250664	-0.00331752	0.000708294	-0.012139	-0.00534058	0.00499597	0.000464318	0.00992232	-0.00356952	R2	E	SK045	2	17883
r2_2140__p1:i5413	r2_2140__p1:i5413	-0.00991172	-0.0113671	-0.0287754	0.0125691	0.0163639	0.0137932	-0.0134282	-0.000119869	-0.0165791	-0.0144133	R2	E	SK045	2	5413
r2_2140__p1:i6727	r2_2140__p1:i6727	-0.00347343	0.0260415	-0.0356567	-0.0119595	-0.019802	-0.0130093	0.00347294	0.00415449	-0.00559251	-0.0167292	R2	E	SK045	2	6727
r2_2140__p1:i11624	r2_2140__p1:i11624	-0.0185325	0.0116574	-0.0357471	-0.0155462	0.00775732	-0.00127708	-0.00539277	0.000476649	-0.000887546	-0.0123484	R2	E	SK045	2	11624
r2_2140__p1:i12931	r2_2140__p1:i12931	0.0045332	0.00507586	-0.023293	-0.00574971	-0.00803497	-0.0339598	-0.0206469	-0.0101453	0.0063636	0.00811092	R2	E	SK045	2	12931
r2_2140__p1:i16862	r2_2140__p1:i16862	0.00185374	0.0112484	-0.0439398	-0.00851283	0.0201745	-0.0297605	-0.0327804	0.0180743	-0.028806	-0.0238763	R2	E	SK045	2	16862
r2_2140__p1:i14249	r2_2140__p1:i14249	-0.00728787	0.00647999	-0.0117279	-0.00734128	0.00358694	0.0212271	-0.0163019	-0.0275413	-0.00288295	0.0213198	R2	E	SK045	2	14249
r2_2140__p1:i4453	r2_2140__p1:i4453	-0.00646414	0.00514071	-0.0297684	0.0092847	0.018351	-0.00503447	-0.0229742	0.00152144	0.0229035	-0.0195905	R2	E	SK045	2	4453
r2_2140__p1:i7068	r2_2140__p1:i7068	-0.024938	-0.0022519	-0.0378941	0.0174753	0.0236802	-0.0110557	0.0133582	0.0163045	-0.010049	-0.0166218	R2	E	SK045	2	7068
r2_2140__p1:i4387	r2_2140__p1:i4387	-0.0125073	0.00168548	-0.0650668	0.00187927	0.0231674	-0.0139532	-0.0118083	-0.0036373	-0.000617415	0.0164009	R2	E	SK045	2	4387
r2_2140__p1:i8637	r2_2140__p1:i8637	-0.00698081	0.00263524	-0.00719262	-0.0056183	0.0138737	-0.00810496	0.0209446	0.00570165	-0.0444849	0.00671594	R2	E	SK045	2	8637
r2_2140__p1:i15129	r2_2140__p1:i15129	-0.00172563	0.00786974	-0.0356634	0.0119205	-0.00855011	0.0153387	-0.0302013	-0.00386036	-0.0114715	-0.00754798	R2	E	SK045	2	15129
r2_2140__p1:i12150	r2_2140__p1:i12150	-0.0160229	-0.014357	-0.0370885	8.29883e-05	0.00664897	-0.00901289	-0.0137539	0.0106223	-0.0386217	0.0149495	R2	E	SK045	2	12150
r2_2140__p1:i13412	r2_2140__p1:i13412	-0.0125043	0.00230556	-0.0109696	0.0158753	0.0252788	0.0113942	-0.0228208	-0.00228109	0.0146076	-0.0301451	R2	E	SK045	2	13412
r2_2140__p1:i8688	r2_2140__p1:i8688	-0.00821235	-0.0142442	-0.00750222	0.0188649	0.00557881	0.0287882	-0.00920118	-0.0134774	-0.017581	-0.0127852	R2	E	SK045	2	8688
r2_2140__p1:i3535	r2_2140__p1:i3535	0.00121962	-0.00944707	-0.0469991	0.00331877	0.0163072	-0.0034883	-0.0199484	-0.00362025	-0.0100125	0.00696858	R2	E	SK045	2	3535
r2_2140__p1:i17249	r2_2140__p1:i17249	0.00675507	-0.00101519	-0.0388269	-0.0135798	0.0400172	-0.0406681	-0.0142006	0.021091	-0.0283241	0.00412152	R2	E	SK046	3	17249
r2_2140__p1:i5664	r2_2140__p1:i5664	-0.0351478	-0.00560592	-0.0262846	0.00147059	0.0102501	0.0107387	0.0112882	0.0254612	-0.0102256	0.00199819	R2	E	SK046	3	5664
r2_2140__p1:i13447	r2_2140__p1:i13447	-0.0069706	-0.00393619	-0.0371835	-0.00198033	0.00868356	-0.00853485	-0.0252212	0.0134499	-0.0272655	0.0278048	R2	E	SK046	3	13447
r2_2140__p1:i13758	r2_2140__p1:i13758	-0.0180034	-0.0118729	-0.0390727	-0.00454333	0.0172788	-0.0108964	-0.00454246	-0.00360438	-0.0340774	-0.00846537	R2	E	SK046	3	13758
r2_2140__p1:i3046	r2_2140__p1:i3046	0.00505582	0.0203231	-0.0319212	-0.0132776	0.00783277	0.00541799	-0.0108133	0.00664046	-0.0126884	-0.00149851	R2	E	SK046	3	3046
r2_2140__p1:i12283	r2_2140__p1:i12283	-0.0251795	0.00105714	-0.0149398	-0.0168779	0.0215028	-0.0110044	-0.0174352	0.0161856	0.0137337	0.0034249	R2	E	SK046	3	12283
r2_2140__p1:i4791	r2_2140__p1:i4791	-0.0218857	0.00571664	-0.0307371	-0.0200227	0.0294572	0.00336951	0.0123695	0.0329762	-0.0323011	0.00214488	R2	E	SK046	3	4791
r2_2140__p1:i15372	r2_2140__p1:i15372	-0.0120117	-0.00034927	-0.0120096	0.00870107	0.00673043	0.0277254	-0.0278137	0.00420598	-0.0052758	0.015751	R2	E	SK046	3	15372
r2_2140__p1:i13718	r2_2140__p1:i13718	-0.00501914	0.0174267	-0.0340254	-0.0306418	0.0237579	-0.010426	-0.0310442	0.00601538	-0.0151558	-0.00197397	R2	E	SK046	3	13718
r2_2140__p1:i2682	r2_2140__p1:i2682	0.00660926	-0.00873436	-0.0672197	-0.0339103	0.0535623	-0.0351296	-0.0347831	0.0215911	-0.0271906	0.0236045	R2	E	SK046	3	2682
r2_2140__p1:i16711	r2_2140__p1:i16711	-0.00334107	0.00655721	-0.0248505	-0.0165243	0.0215141	-0.00553354	0.00146721	0.0119587	-0.0145957	0.00444407	R2	E	SK046	3	16711
r2_2140__p1:i10528	r2_2140__p1:i10528	-0.00460737	-0.022264	-0.0458586	0.0218538	0.0268671	0.0356495	-0.0266331	0.016969	-0.0439639	0.0171814	R2	E	SK046	3	10528
r2_2140__p1:i5124	r2_2140__p1:i5124	-0.00633822	-0.0190973	-0.0400144	-0.0457113	0.0254232	-0.00365221	-0.0266906	0.00851617	-0.00897106	-0.0011499	R2	E	SK046	3	5124
r2_2140__p1:i16018	r2_2140__p1:i16018	-0.0153243	-0.00570897	-0.0559412	-0.0173484	0.0445674	0.00729697	0.0171602	0.000711874	-0.0583876	0.0179757	R2	E	SK046	3	16018
r2_2140__p1:i16814	r2_2140__p1:i16814	-0.00787016	0.0320626	-0.00728079	0.00661033	0.00948048	0.0432919	-0.0118963	0.028776	0.00377248	-0.0156762	R2	E	SK046	3	16814
r2_2140__p1:i7658	r2_2140__p1:i7658	0.015927	0.0132214	-0.0217794	0.0122743	-0.00892295	0.000675865	-0.00062699	0.00123766	0.00981177	-0.0258103	R2	E	SK046	3	7658
r2_2140__p1:i10373	r2_2140__p1:i10373	0.01315	0.0125566	-0.0307127	0.000501223	0.0315741	0.0135718	-0.0355182	-0.00552939	0.0215644	-0.028231	R2	E	SK046	3	10373
r2_2140__p1:i16631	r2_2140__p1:i16631	-0.00833532	-0.0110751	-0.0541253	-0.00586925	0.00417256	-0.00321264	-0.00323011	0.0195018	-0.0209406	0.0457077	R2	E	SK046	3	16631
r2_2140__p1:i17128	r2_2140__p1:i17128	0.0120811	-0.000848147	-0.0378347	-0.021296	0.0556705	-0.0225064	-0.0382734	0.0192787	-0.0237176	-0.0133658	R2	E	SK046	3	17128
r2_2140__p1:i16721	r2_2140__p1:i16721	-0.0192021	-0.0121275	-0.0278526	-0.000402849	0.0174298	-0.0203057	-0.00595242	0.00353939	-0.0338634	0.0224974	R2	E	SK046	3	16721
r2_2140__p1:i12424	r2_2140__p1:i12424	-0.00851352	0.0053621	-0.0356874	-0.00645481	0.00856616	0.0167055	-0.0147917	0.0133913	-0.020854	0.0280488	R2	SE	SK008	1	12424
r2_2140__p1:i12935	r2_2140__p1:i12935	-0.0335753	-0.0170853	-0.0462035	-0.00266113	0.0328138	-0.000881067	-0.00206132	0.0189281	0.0285768	0.0432138	R2	SE	SK008	1	12935
r2_2140__p1:i16960	r2_2140__p1:i16960	-0.0040223	-0.00664653	-0.0106743	0.0202728	0.00449258	0.00727194	-0.00442424	-0.0114924	-0.00196173	-0.0238003	R2	SE	SK008	1	16960
r2_2140__p1:i15667	r2_2140__p1:i15667	-0.0309569	-0.0367319	-0.116511	-0.0159604	0.0621289	-0.00980426	0.0701592	0.0364686	0.0642464	0.126385	R2	SE	SK008	1	15667
r2_2140__p1:i2585	r2_2140__p1:i2585	-0.0310716	-0.0330367	-0.0700956	-0.00702235	0.0275925	0.00723793	0.0234554	-0.0144254	0.00461087	0.0451632	R2	SE	SK008	1	2585
r2_2140__p1:i7444	r2_2140__p1:i7444	-0.0219043	0.0197877	-0.0332046	-0.00579947	-0.0100871	-0.0124213	-0.0526067	0.0252223	-0.0254248	-0.028952	R2	SE	SK008	1	7444
r2_2140__p1:i16422	r2_2140__p1:i16422	0.00406789	-0.00391668	-0.0283232	-0.0165147	0.039839	-0.0152556	0.00518611	0.0128392	0.0482426	0.0234037	R2	SE	SK008	1	16422
r2_2140__p1:i15774	r2_2140__p1:i15774	-0.0215522	0.00450255	-0.0262512	0.0142545	-0.00802712	-0.0063578	-0.0238273	0.0302985	-0.0293311	-0.0311648	R2	SE	SK008	1	15774
r2_2140__p1:i6684	r2_2140__p1:i6684	-0.0348622	-0.0116856	-0.0586994	0.00609521	0.0103398	0.0167709	-0.00937499	0.00939453	0.0362074	0.0066793	R2	SE	SK008	1	6684
r2_2140__p1:i12684	r2_2140__p1:i12684	-0.0152969	0.0120731	-0.0111271	0.00488586	0.0260806	-0.0184921	0.0348984	0.00105879	0.0183225	0.0345452	R2	SE	SK008	1	12684
r2_2140__p1:i8911	r2_2140__p1:i8911	-0.0382415	-0.00416432	-0.0526486	0.0226885	0.0261919	-0.0184335	0.00899617	0.0149908	0.0379996	0.0479416	R2	SE	SK008	1	8911
r2_2140__p1:i12815	r2_2140__p1:i12815	-0.0254192	-0.00643964	-0.0282583	-0.00743966	-0.000827067	0.0178926	-0.00763577	0.0164328	0.0184699	-0.0127046	R2	SE	SK008	1	12815
r2_2140__p1:i11782	r2_2140__p1:i11782	-0.00205589	-0.00891712	-0.0276212	-0.00586591	-0.00257315	0.0143856	-0.0194684	0.00742025	-0.0452899	-0.0144202	R2	SE	SK008	1	11782
r2_2140__p1:i6710	r2_2140__p1:i6710	-0.0299734	-0.0344672	-0.108456	-0.0100904	0.0654563	-0.00583492	0.0608861	0.0447111	0.0692014	0.121165	R2	SE	SK008	1	6710
r2_2140__p1:i15669	r2_2140__p1:i15669	-0.0309569	-0.0367319	-0.116511	-0.0159604	0.0621289	-0.00980426	0.0701592	0.0364686	0.0642464	0.126385	R2	SE	SK008	1	15669
r2_2140__p1:i3753	r2_2140__p1:i3753	-0.0229826	-0.00153879	-0.0333655	0.00209079	-0.0175834	-0.000457281	-0.0233301	-0.0064415	-0.0159838	-0.00887808	R2	SE	SK008	1	3753
r2_2140__p1:i1066	r2_2140__p1:i1066	-0.0242178	-0.0205452	-0.0227501	-0.0204372	0.0174863	-0.00569214	-0.00455326	0.00591468	-0.0143573	-0.00639894	R2	SE	SK008	1	1066
r2_2140__p1:i14043	r2_2140__p1:i14043	-0.0228709	0.00940849	-0.0545673	0.0139364	0.0371191	0.00492202	0.0109201	0.0141922	0.0334969	0.0309007	R2	SE	SK008	1	14043
r2_2140__p1:i13293	r2_2140__p1:i13293	-0.00117323	-0.0210704	-0.0451846	-0.0119586	0.0207059	-0.0149562	-0.0247451	0.0103781	0.0366224	0.00575205	R2	SE	SK008	1	13293
r2_2140__p1:i7947	r2_2140__p1:i7947	-0.0347683	-0.0408942	-0.046178	0.00216255	0.000443774	-0.0106453	-0.00669094	0.0193431	-0.0024456	-0.0240625	R2	SE	SK008	1	7947
r2_2140__p1:i16439	r2_2140__p1:i16439	-0.0388935	0.00465866	-0.0808585	0.0189711	0.00105886	-5.91263e-05	-0.0167069	-0.00185163	0.0292447	0.000642219	R2	SE	SK018	2	16439
r2_2140__p1:i197	r2_2140__p1:i197	-0.0306542	-0.00691823	-0.0130107	0.00818808	-0.010087	0.00837587	-0.00509195	-0.00550266	0.0015745	0.0105534	R2	SE	SK018	2	197
r2_2140__p1:i5444	r2_2140__p1:i5444	-0.0346243	-0.0244351	-0.0549902	-0.0114279	0.00031927	0.00759154	-0.00130764	-0.0155903	2.40875e-05	-0.00138716	R2	SE	SK018	2	5444
r2_2140__p1:i14384	r2_2140__p1:i14384	-0.0347299	-0.0250768	-0.0507858	-0.0163661	0.0079269	0.00971078	0.00383647	-0.0151396	-0.00258001	-0.00302116	R2	SE	SK018	2	14384
r2_2140__p1:i15794	r2_2140__p1:i15794	-0.0258774	-0.023127	-0.0326629	-6.56224e-05	-0.00955914	-0.00619996	-0.0056065	0.00742921	-0.0087465	-0.00654918	R2	SE	SK018	2	15794
r2_2140__p1:i15475	r2_2140__p1:i15475	-0.0154022	0.0188195	-0.0317074	0.00141489	-0.0162792	-0.00526915	-0.00663193	0.0042179	-0.00219208	-0.0126572	R2	SE	SK018	2	15475
r2_2140__p1:i5477	r2_2140__p1:i5477	-0.0165784	0.0168143	-0.0460984	0.0261366	0.0123339	0.0220883	0.0153298	0.00427464	-0.00300037	0.0514	R2	SE	SK018	2	5477
r2_2140__p1:i7500	r2_2140__p1:i7500	-0.0421696	0.00636766	-0.0737182	0.016492	0.00252751	0.0040081	-0.0145899	-0.00231703	0.0279508	-0.00263292	R2	SE	SK018	2	7500
r2_2140__p1:i7315	r2_2140__p1:i7315	-0.028374	0.00189256	-0.0529402	-0.0184365	0.0145647	0.00148171	-0.00848602	0.000673235	-0.00654977	0.0103414	R2	SE	SK018	2	7315
r2_2140__p1:i14829	r2_2140__p1:i14829	-0.0226322	0.00311159	-0.0599392	-0.0232906	0.024631	0.0023585	0.00585914	0.0277963	0.0166928	0.0447544	R2	SE	SK018	2	14829
r2_2140__p1:i3726	r2_2140__p1:i3726	-0.016592	-0.0227663	-0.0297821	-0.00329291	-0.00442134	0.00187954	0.00154843	-0.0255138	0.00179527	0.00519658	R2	SE	SK018	2	3726
r2_2140__p1:i10450	r2_2140__p1:i10450	-0.016805	-0.00683787	-0.0304357	0.0150526	0.00688115	-0.0288833	-0.0136439	0.0137843	0.00611765	-0.00281861	R2	SE	SK018	2	10450
r2_2140__p1:i12293	r2_2140__p1:i12293	-0.0231359	0.00405423	-0.0231307	0.0193022	0.0231231	0.0138348	-0.00957636	-0.00612021	0.0042314	0.0260772	R2	SE	SK018	2	12293
r2_2140__p1:i9692	r2_2140__p1:i9692	-0.0197524	-3.12699e-05	-0.0290326	-0.00207049	0.00514171	-0.0244172	0.0189068	-0.00934832	-0.00240664	0.0115959	R2	SE	SK018	2	9692
r2_2140__p1:i17292	r2_2140__p1:i17292	-0.0317299	0.00397454	-0.0658864	0.005075	0.0239013	-0.011517	-0.0101866	0.026613	0.0353823	0.0475535	R2	SE	SK018	2	17292
r2_2140__p1:i8635	r2_2140__p1:i8635	-0.0301168	-0.00834226	-0.0417346	0.028576	-0.00690734	0.00546175	-0.00152672	-0.00884358	0.00948165	0.00634996	R2	SE	SK018	2	8635
r2_2140__p1:i1702	r2_2140__p1:i1702	-0.0133329	0.0218528	-0.0251136	0.0178399	-0.0199256	0.00754919	-0.0181531	0.0150375	-0.0264519	-0.0287435	R2	SE	SK018	2	1702
r2_2140__p1:i1044	r2_2140__p1:i1044	-0.00237014	0.0238481	-0.0405256	-0.00630577	0.0135048	0.00215134	-0.0152615	0.0156143	-0.0364251	0.0108712	R2	SE	SK018	2	1044
r2_2140__p1:i3315	r2_2140__p1:i3315	-0.00884913	0.0293455	-0.00301784	-0.00500413	0.00239104	-0.0131751	-0.0228666	-0.00496084	-0.0323751	0.0104888	R2	SE	SK018	2	3315
r2_2140__p1:i7260	r2_2140__p1:i7260	-0.0241172	0.00330868	-0.0270282	0.0161524	0.017772	0.0195967	-0.00772034	-0.00364438	-0.00359033	0.00487987	R2	SE	SK018	2	7260
r2_2140__p1:i3091	r2_2140__p1:i3091	-0.0482473	0.0205363	-0.122294	0.0433155	0.0200804	0.0134686	0.0222901	-0.0157549	0.0394429	0.0688578	R2	SE	SK019	3	3091
r2_2140__p1:i14807	r2_2140__p1:i14807	-0.0101254	0.0143291	-0.0311771	0.00249465	0.00295925	-0.0150064	-0.0217232	0.014164	-0.0273032	-0.0134626	R2	SE	SK019	3	14807
r2_2140__p1:i13735	r2_2140__p1:i13735	-0.036925	0.0059527	-0.0993886	0.0149163	0.0113982	0.0074013	0.0260913	-0.010832	0.00589394	0.0790547	R2	SE	SK019	3	13735
r2_2140__p1:i12560	r2_2140__p1:i12560	-0.0106446	-0.00458393	-0.0170505	-0.000450955	-0.00132473	0.0016023	-0.0262553	-0.00221397	0.0103087	0.00893139	R2	SE	SK019	3	12560
r2_2140__p1:i14161	r2_2140__p1:i14161	-0.0268461	-0.0180832	-0.0767351	-0.00164826	0.0144129	-0.00868833	0.00790347	-0.0067003	0.000191461	0.0100852	R2	SE	SK019	3	14161
r2_2140__p1:i2256	r2_2140__p1:i2256	-0.0328454	-0.00675534	-0.0335162	0.0126576	-0.0200277	-0.00665128	-0.0184709	0.00683509	-0.00193712	-0.0241717	R2	SE	SK019	3	2256
r2_2140__p1:i1189	r2_2140__p1:i1189	-0.0165037	-0.00328553	-0.0294583	-7.14397e-05	0.0347517	0.0293575	-0.000266257	-0.00888762	-0.00662864	0.0139194	R2	SE	SK019	3	1189
r2_2140__p1:i1444	r2_2140__p1:i1444	-0.0399749	-0.0176399	-0.0688669	0.00739739	0.0258147	0.00437155	0.0027623	0.00957248	0.0551267	0.0357796	R2	SE	SK019	3	1444
r2_2140__p1:i3273	r2_2140__p1:i3273	-0.032361	-0.0142305	-0.0680216	-0.00703911	0.0142012	-0.00594954	-0.00200895	0.0173335	0.0189935	0.0336814	R2	SE	SK019	3	3273
r2_2140__p1:i3817	r2_2140__p1:i3817	-0.0391149	0.010018	-0.0650564	0.0244226	0.0165537	0.0179549	-0.000132953	0.0195104	0.0276244	-0.00319444	R2	SE	SK019	3	3817
r2_2140__p1:i13579	r2_2140__p1:i13579	-0.0202357	-0.0179546	-0.0752101	0.0106937	0.00718571	0.0183195	-0.0129344	0.00885071	0.010029	0.0208279	R2	SE	SK019	3	13579
r2_2140__p1:i5030	r2_2140__p1:i5030	-0.0431618	0.0186712	-0.0983057	0.0242032	0.0146919	0.0128973	0.0272374	-0.0159441	0.0287678	0.060344	R2	SE	SK019	3	5030
r2_2140__p1:i3625	r2_2140__p1:i3625	-0.0306681	0.00221418	-0.0521267	-0.00235068	0.0159934	0.0268943	0.0221489	0.0109574	0.0052098	0.0153314	R2	SE	SK019	3	3625
r2_2140__p1:i4532	r2_2140__p1:i4532	-0.0141097	-0.0218214	-0.0359612	-0.00419039	0.0297467	-0.0187223	-0.00390901	0.00226363	-0.0137365	0.00809776	R2	SE	SK019	3	4532
r2_2140__p1:i13277	r2_2140__p1:i13277	-0.0170356	0.0116463	-0.0308914	0.0234789	0.00142993	-0.0354465	-0.0110873	-0.00250887	0.0156355	-0.0234833	R2	SE	SK019	3	13277
r2_2140__p1:i4119	r2_2140__p1:i4119	-0.0132313	0.00346902	-0.0344258	-0.0136343	0.00541435	-0.0117685	0.0106632	0.008528	0.00497067	-0.0019613	R2	SE	SK019	3	4119
r2_2140__p1:i8569	r2_2140__p1:i8569	-0.00355428	0.00368164	-0.0230516	-0.0107507	-0.000381237	-0.0186237	-0.0046345	0.006333	-0.00392527	0.00646721	R2	SE	SK019	3	8569
r2_2140__p1:i11596	r2_2140__p1:i11596	-0.0185544	-0.00861367	-0.0744206	0.0184199	0.000453242	0.0234534	0.00878953	-0.0140966	0.0163992	0.0358712	R2	SE	SK019	3	11596
r2_2140__p1:i8821	r2_2140__p1:i8821	-0.0235763	-0.0084238	-0.036701	0.0317412	-0.000630298	0.0149426	0.00831569	0.0207195	-0.0275194	-0.0217434	R2	SE	SK019	3	8821
r2_2140__p1:i10584	r2_2140__p1:i10584	-0.0339957	0.0080108	-0.114708	0.0362277	0.0184419	0.02174	0.0241388	-0.018818	0.019028	0.0754738	R2	SE	SK019	3	10584
r4_2140__p1:i8783	r4_2140__p1:i8783	0.0376325	0.00676023	0.0162325	0.0148883	0.00678656	-0.00170696	-0.0124117	-0.00930769	0.00619193	-0.0070343	R4	NW	SK060	1	8783
r4_2140__p1:i6658	r4_2140__p1:i6658	0.0207026	0.0112941	-0.00825385	0.00456126	0.0149977	-0.00254793	-0.00717334	-0.00724281	0.00638516	0.000852192	R4	NW	SK060	1	6658
r4_2140__p1:i15642	r4_2140__p1:i15642	-0.000680834	0.016737	0.026699	0.0177645	0.015749	0.00123837	0.014556	-0.0100318	0.0223225	-0.0219831	R4	NW	SK060	1	15642
r4_2140__p1:i15759	r4_2140__p1:i15759	0.0342025	0.0100295	0.0146626	0.0213032	0.0323281	0.00510301	-0.00116481	-0.0320442	0.000621965	0.0108452	R4	NW	SK060	1	15759
r4_2140__p1:i13323	r4_2140__p1:i13323	0.0223582	0.0171652	0.0167996	0.00886931	0.0237997	-0.0136093	0.0157553	-0.0239267	0.027328	0.0149949	R4	NW	SK060	1	13323
r4_2140__p1:i3956	r4_2140__p1:i3956	0.0159658	0.0237552	0.0250263	0.0336926	0.02849	0.0114552	0.0178939	-0.0289874	-0.0151888	0.0125156	R4	NW	SK060	1	3956
r4_2140__p1:i5967	r4_2140__p1:i5967	0.0457183	0.0309756	-0.0113213	-0.00459044	0.0299703	-0.00773838	-0.00492069	0.0112695	0.00757618	-0.00474746	R4	NW	SK060	1	5967
r4_2140__p1:i9889	r4_2140__p1:i9889	0.0615058	0.0104221	0.0181865	-0.0152605	0.0122788	-0.0432804	0.00996184	-0.0112209	0.0480107	-0.0629987	R4	NW	SK060	1	9889
r4_2140__p1:i16540	r4_2140__p1:i16540	0.026803	-0.00736722	-0.0141431	-0.00980883	0.0112469	-0.00161085	0.000783536	-0.00754389	0.00620157	-0.00872092	R4	NW	SK060	1	16540
r4_2140__p1:i12389	r4_2140__p1:i12389	0.0230205	0.00582622	0.000180432	0.0069594	0.0153808	-0.0117114	-0.00154021	-0.005018	0.0473887	-0.00749167	R4	NW	SK060	1	12389
r4_2140__p1:i7363	r4_2140__p1:i7363	0.0167942	0.00205831	-0.00718951	0.0357589	0.0277664	-0.0072271	0.00629305	0.0204382	0.00476773	0.0166431	R4	NW	SK060	1	7363
r4_2140__p1:i562	r4_2140__p1:i562	0.0246569	0.0014416	0.0303838	-0.0162523	0.0128443	-0.0187547	0.0129074	-0.00698778	0.0260309	-0.0239992	R4	NW	SK060	1	562
r4_2140__p1:i10460	r4_2140__p1:i10460	0.0421236	0.0301125	-0.00316785	-0.000139748	0.0229725	-0.0193056	-0.0126692	0.00563465	0.012273	-0.0111428	R4	NW	SK060	1	10460
r4_2140__p1:i13222	r4_2140__p1:i13222	0.00571877	0.00666822	0.0236968	0.0133032	0.0198765	-0.00509102	0.00351153	-0.0157474	0.0261302	-0.0168117	R4	NW	SK060	1	13222
r4_2140__p1:i13876	r4_2140__p1:i13876	0.0159658	0.0237552	0.0250263	0.0336926	0.02849	0.0114552	0.0178939	-0.0289874	-0.0151888	0.0125156	R4	NW	SK060	1	13876
r4_2140__p1:i14441	r4_2140__p1:i14441	-0.0171937	-0.00277477	-0.00155004	0.0140778	0.0243721	0.0114684	0.00723162	0.017666	-0.0031917	-0.00982313	R4	NW	SK060	1	14441
r4_2140__p1:i2034	r4_2140__p1:i2034	0.0169385	0.0271809	0.0278356	-0.00238859	0.0104952	-0.00356625	0.00700793	0.0228104	0.00239846	-0.0251743	R4	NW	SK060	1	2034
r4_2140__p1:i15156	r4_2140__p1:i15156	0.0235139	0.00955782	0.01252	0.0130851	0.0275524	-0.0127292	-0.00295013	-0.00643462	0.00315769	0.00164624	R4	NW	SK060	1	15156
r4_2140__p1:i7108	r4_2140__p1:i7108	0.0332902	0.00272305	-0.00269426	0.00504339	0.0171349	-0.019725	-0.0128841	-0.00278745	0.0138697	-0.00405352	R4	NW	SK060	1	7108
r4_2140__p1:i10743	r4_2140__p1:i10743	0.0165281	0.0192242	0.00759416	-0.0032222	0.0189758	0.00986914	-0.0163351	-0.0185741	0.0187607	-0.00756004	R4	NW	SK060	1	10743
r4_2140__p1:i6901	r4_2140__p1:i6901	0.0743363	0.0385282	0.0303965	0.0168704	0.0412466	-0.00655341	0.00690667	0.021123	0.021266	-0.0358414	R4	NW	SK068	2	6901
r4_2140__p1:i4147	r4_2140__p1:i4147	0.036134	0.00705231	0.00441214	-0.0063099	0.0302252	0.000272443	-0.00598183	-0.0066518	-0.0112868	-0.0184939	R4	NW	SK068	2	4147
r4_2140__p1:i13230	r4_2140__p1:i13230	0.0354018	0.0268196	0.00310514	-0.0125145	0.0108007	-0.0119743	-0.000894165	0.0113432	-0.00646991	-0.00733238	R4	NW	SK068	2	13230
r4_2140__p1:i8216	r4_2140__p1:i8216	0.0409572	-0.0140947	0.0162385	0.0165795	0.00349111	-0.00430399	-0.00501249	0.0218765	0.0149305	-0.000646666	R4	NW	SK068	2	8216
r4_2140__p1:i17743	r4_2140__p1:i17743	0.0290898	0.0204882	-0.0026806	0.0248068	0.00645115	0.0183436	-0.00651515	-0.0436398	0.00855105	-0.024997	R4	NW	SK068	2	17743
r4_2140__p1:i3055	r4_2140__p1:i3055	0.0226205	-0.00136978	0.0256432	0.016975	0.00180216	0.000413998	0.0037062	-0.0130905	0.0452808	-0.00796684	R4	NW	SK068	2	3055
r4_2140__p1:i648	r4_2140__p1:i648	0.0237355	0.0109265	-0.00498859	0.000847224	0.0358501	-0.0220512	-0.00959956	0.00364682	-0.00218368	-0.0418085	R4	NW	SK068	2	648
r4_2140__p1:i10540	r4_2140__p1:i10540	0.0605728	0.0388467	0.0203118	0.00984998	0.0405532	-0.0578751	-0.00424062	0.024737	0.0369722	-0.0381466	R4	NW	SK068	2	10540
r4_2140__p1:i9495	r4_2140__p1:i9495	0.0643385	0.0346642	0.0220302	0.00140485	0.0263567	-0.0171559	-0.00259179	-0.0079592	0.0431393	-0.0539976	R4	NW	SK068	2	9495
r4_2140__p1:i16433	r4_2140__p1:i16433	0.017076	0.0168753	0.0208981	-0.00437378	0.016934	-0.0193125	0.00945306	-0.00914828	0.0500227	-0.0181111	R4	NW	SK068	2	16433
r4_2140__p1:i6968	r4_2140__p1:i6968	0.0288464	0.000582231	0.0216796	-0.0243283	0.00988393	-0.0108381	0.0132834	-0.0122395	0.0132494	0.00424599	R4	NW	SK068	2	6968
r4_2140__p1:i18312	r4_2140__p1:i18312	0.0444809	0.0329821	-0.00239382	-0.0022873	0.0254508	-0.0267612	-0.0102167	0.0253225	0.0532728	-0.0349057	R4	NW	SK068	2	18312
r4_2140__p1:i9721	r4_2140__p1:i9721	0.0429404	-0.00698668	0.014823	-0.00889739	-0.00176188	0.0034976	0.0258334	-0.0130471	-0.0338732	0.00416067	R4	NW	SK068	2	9721
r4_2140__p1:i193	r4_2140__p1:i193	0.0400359	0.0117422	0.0268654	-0.00399098	-0.00243276	-0.0115557	0.00377435	-0.0156675	0.00786976	-0.00564076	R4	NW	SK068	2	193
r4_2140__p1:i15121	r4_2140__p1:i15121	0.00850262	0.0165715	0.00755585	-0.00940909	0.0254442	-0.0261606	0.0144592	-0.0244991	0.0182103	-0.0251518	R4	NW	SK068	2	15121
r4_2140__p1:i17714	r4_2140__p1:i17714	0.0761337	0.0373769	-0.0136297	0.006263	0.00765961	-0.0490996	-0.00382477	0.0262388	0.0517642	-0.075407	R4	NW	SK068	2	17714
r4_2140__p1:i105	r4_2140__p1:i105	0.0324362	0.0292443	0.00528299	0.0178375	0.021372	0.00501662	-0.00408589	-0.0225859	-0.0288021	0.0106904	R4	NW	SK068	2	105
r4_2140__p1:i8961	r4_2140__p1:i8961	0.0377264	0.0142957	-0.000700232	0.0106829	0.0149945	-0.00614046	0.00998154	-0.00321483	0.0475749	0.000156121	R4	NW	SK068	2	8961
r4_2140__p1:i19172	r4_2140__p1:i19172	0.0237077	0.01779	0.00881719	0.0138234	0.027563	-0.0354199	-0.0126825	-0.016441	0.0288861	0.00335298	R4	NW	SK068	2	19172
r4_2140__p1:i7452	r4_2140__p1:i7452	0.0243545	0.0247354	0.00987608	0.00895781	0.0172167	-0.0294608	-0.00376545	-0.00302354	0.0181938	0.00156355	R4	NW	SK068	2	7452
r4_2140__p1:i17149	r4_2140__p1:i17149	0.0593088	0.0142634	-0.0057467	0.00371228	0.0161861	-0.0430939	0.00422471	-0.00993593	0.00497736	-0.0237568	R4	NW	SK069	3	17149
r4_2140__p1:i11330	r4_2140__p1:i11330	0.051136	0.0303669	-0.00324941	-0.00424435	0.0296753	-0.0280779	-0.0138797	-0.00346826	0.0143173	-0.0296913	R4	NW	SK069	3	11330
r4_2140__p1:i8245	r4_2140__p1:i8245	0.0685057	0.0415204	0.00857432	-0.000450342	0.0277735	-0.019659	-0.00347797	0.0267836	0.0425596	-0.0544169	R4	NW	SK069	3	8245
r4_2140__p1:i4913	r4_2140__p1:i4913	0.0521286	0.0222356	0.0367674	-0.00148039	0.0261254	-0.0372702	0.00610611	0.0125681	0.0194453	-0.0210644	R4	NW	SK069	3	4913
r4_2140__p1:i8266	r4_2140__p1:i8266	0.0513047	0.0448808	0.0169725	0.0319028	0.00931005	-0.013316	0.019879	-0.0240636	0.0161551	0.0143039	R4	NW	SK069	3	8266
r4_2140__p1:i1065	r4_2140__p1:i1065	0.00353531	0.0279122	0.00334172	-0.00874687	0.0447806	-0.0114955	-0.00460481	-0.00439451	-0.0502275	0.0205197	R4	NW	SK069	3	1065
r4_2140__p1:i16341	r4_2140__p1:i16341	0.0470057	0.00546298	0.0224022	0.00946675	0.0242871	-0.0298584	0.0151324	0.0143048	0.0313164	-0.0184252	R4	NW	SK069	3	16341
r4_2140__p1:i5942	r4_2140__p1:i5942	0.0275541	0.042863	0.016825	0.00137911	0.0195551	-0.010085	-0.0115384	-0.00513874	0.0075841	-0.0281045	R4	NW	SK069	3	5942
r4_2140__p1:i4613	r4_2140__p1:i4613	-0.0108105	0.0146929	-0.0453965	0.0290719	0.0260601	0.00688955	-0.00279502	0.0294973	0.018887	0.0153466	R4	NW	SK069	3	4613
r4_2140__p1:i7255	r4_2140__p1:i7255	0.0420173	0.0101404	0.00154062	0.0146484	0.0112484	-0.00655762	0.01875	0.0211526	0.0338814	-0.0243248	R4	NW	SK069	3	7255
r4_2140__p1:i16239	r4_2140__p1:i16239	0.0155506	-0.00423542	0.0057288	0.0248477	0.0339441	0.0212167	0.00473631	-0.0393338	0.0383358	0.0162838	R4	NW	SK069	3	16239
r4_2140__p1:i8971	r4_2140__p1:i8971	0.038397	0.0384276	0.0198662	0.0207993	0.0114027	-0.00797251	0.016207	-0.0294489	0.0367271	-0.00834476	R4	NW	SK069	3	8971
r4_2140__p1:i3819	r4_2140__p1:i3819	0.060013	0.0268232	0.0116075	-0.00721032	0.0456265	-0.0279224	0.00910783	0.0199295	0.0311831	-0.0260763	R4	NW	SK069	3	3819
r4_2140__p1:i14811	r4_2140__p1:i14811	0.0167354	0.0113822	-0.0058205	0.0120031	0.0421165	-0.0327082	-0.0102529	0.00132417	0.00497323	0.0124062	R4	NW	SK069	3	14811
r4_2140__p1:i15421	r4_2140__p1:i15421	0.0294973	0.0321558	0.0254572	-0.0012137	0.0231521	-0.0251615	1.30031e-05	0.0225412	0.000620428	-0.00450254	R4	NW	SK069	3	15421
r4_2140__p1:i8101	r4_2140__p1:i8101	0.0380678	0.024675	0.0513976	-0.00597196	0.0240303	-0.0401783	0.0259772	-0.0371246	0.0555682	-0.0156538	R4	NW	SK069	3	8101
r4_2140__p1:i6876	r4_2140__p1:i6876	0.033035	0.0144138	0.0153893	-0.0101378	0.0112003	-0.0322283	0.016127	-0.0242053	0.0651605	-0.0340145	R4	NW	SK069	3	6876
r4_2140__p1:i19745	r4_2140__p1:i19745	0.0516973	0.0479604	0.033108	0.00811293	0.0516822	-0.0136243	-0.00285649	0.0157211	0.0408104	-0.0410626	R4	NW	SK069	3	19745
r4_2140__p1:i257	r4_2140__p1:i257	0.0373361	0.0222331	0.0366031	0.0162615	0.0195824	-0.003432	-0.00979658	0.0135067	-0.00273325	-0.0191559	R4	NW	SK069	3	257
r4_2140__p1:i11648	r4_2140__p1:i11648	0.0388911	0.0256034	0.00661938	-0.00290801	0.0160063	-0.0474676	0.01649	-0.0232877	0.0312948	-0.033251	R4	NW	SK069	3	11648
r4_2140__p1:i16950	r4_2140__p1:i16950	0.024209	0.0002798	0.0227149	0.0392347	0.00883436	0.0197742	0.00556148	-0.0123653	0.0258316	0.0177833	R4	NE	SK062	1	16950
r4_2140__p1:i7701	r4_2140__p1:i7701	-0.00872026	0.0110044	0.0386153	-0.00613892	0.0239596	0.0167408	-0.0248613	-0.0266765	-0.0221796	-0.0218621	R4	NE	SK062	1	7701
r4_2140__p1:i15452	r4_2140__p1:i15452	0.0368708	0.0213021	0.0190688	-0.0114774	0.00801294	-0.00860602	-0.00427205	-0.0141082	0.00579356	-0.00929494	R4	NE	SK062	1	15452
r4_2140__p1:i7129	r4_2140__p1:i7129	0.0454483	0.0232977	0.00627697	0.00456594	0.0250174	-0.0263299	0.00533533	-0.0147713	0.0110065	-0.0087497	R4	NE	SK062	1	7129
r4_2140__p1:i3787	r4_2140__p1:i3787	-0.00519413	0.00913122	-0.00168694	0.0172641	0.0326793	-0.00432502	-0.00941186	-0.0224766	0.00323479	0.0102528	R4	NE	SK062	1	3787
r4_2140__p1:i18051	r4_2140__p1:i18051	0.0167985	0.0191193	-0.0115428	0.0165993	0.0223201	0.0212924	0.000860364	0.00827203	-0.00929151	0.0327443	R4	NE	SK062	1	18051
r4_2140__p1:i17386	r4_2140__p1:i17386	0.00448399	0.029751	0.00586089	0.00296902	-0.0135137	0.0177601	-0.00800045	0.016804	-0.0482327	0.00184872	R4	NE	SK062	1	17386
r4_2140__p1:i14147	r4_2140__p1:i14147	0.0375345	0.0365025	0.0229172	0.0290933	0.0250831	-0.00394047	0.0207778	-0.0192496	0.0192903	0.0162078	R4	NE	SK062	1	14147
r4_2140__p1:i466	r4_2140__p1:i466	0.0122875	0.0309868	0.0199345	0.0351963	0.0305144	0.00645841	0.0245601	-0.0104411	-0.0150654	0.00685837	R4	NE	SK062	1	466
r4_2140__p1:i17403	r4_2140__p1:i17403	0.00592195	0.0274943	0.0164039	-0.0180033	0.00744713	0.00651788	-0.00485286	-0.00935098	-0.00724333	-0.00338011	R4	NE	SK062	1	17403
r4_2140__p1:i2849	r4_2140__p1:i2849	0.0129406	0.0275579	0.0563363	-0.0140253	0.0958499	0.0103161	-0.0574403	0.145845	0.0265015	0.0056225	R4	NE	SK062	1	2849
r4_2140__p1:i7552	r4_2140__p1:i7552	0.0213276	0.0162866	-0.0151665	-0.00141901	-0.0273986	0.0214885	0.013224	0.0112168	-0.0569062	0.0138244	R4	NE	SK062	1	7552
r4_2140__p1:i12662	r4_2140__p1:i12662	0.0057774	0.0329909	0.0159246	-0.00922873	6.81593e-05	0.0124489	0.012687	0.0264866	-0.0202686	-0.0199291	R4	NE	SK062	1	12662
r4_2140__p1:i7551	r4_2140__p1:i7551	0.0213276	0.0162866	-0.0151665	-0.00141901	-0.0273986	0.0214885	0.013224	0.0112168	-0.0569062	0.0138244	R4	NE	SK062	1	7551
r4_2140__p1:i15449	r4_2140__p1:i15449	0.0292766	0.0314125	0.00948002	-0.0101723	0.0172725	-0.00657795	-0.00208976	-0.00892826	-0.00340862	-0.0108493	R4	NE	SK062	1	15449
r4_2140__p1:i16082	r4_2140__p1:i16082	-0.00473601	0.0335034	0.0275393	0.0412689	0.0149609	0.00370756	-0.00162658	-0.013432	0.00517663	0.0159502	R4	NE	SK062	1	16082
r4_2140__p1:i8433	r4_2140__p1:i8433	-0.0180322	0.0479894	-0.00645003	0.051616	-0.000187716	0.0250551	-0.0025711	-0.0289447	0.0038447	-0.0498149	R4	NE	SK062	1	8433
r4_2140__p1:i16735	r4_2140__p1:i16735	-0.0172201	0.0368816	0.0125482	0.0170255	0.0100535	0.00665186	0.00640415	-0.0180287	-0.0271097	-0.0109283	R4	NE	SK062	1	16735
r4_2140__p1:i3599	r4_2140__p1:i3599	0.00332862	0.0116587	0.0393612	0.025881	0.0176815	0.00440823	-0.0073744	0.00118829	0.012608	0.00376565	R4	NE	SK062	1	3599
r4_2140__p1:i15397	r4_2140__p1:i15397	0.0192564	0.0179264	-0.000131949	-0.000619262	0.0245032	-0.0210553	0.00842593	0.019043	0.0268305	0.0365776	R4	NE	SK062	1	15397
r4_2140__p1:i5031	r4_2140__p1:i5031	-0.011956	0.0256056	0.0563399	0.00672729	0.0429998	0.0143104	-0.0230201	0.0691361	0.03896	-0.0116035	R4	NE	SK063	2	5031
r4_2140__p1:i14904	r4_2140__p1:i14904	-0.00656704	0.0239994	0.056453	0.00282816	0.077352	0.0145853	-0.0373105	0.107718	0.0282074	-0.0115388	R4	NE	SK063	2	14904
r4_2140__p1:i9096	r4_2140__p1:i9096	-0.0152322	0.0383549	0.0218675	0.0331497	-0.00332313	-0.000805603	-0.0101153	-0.0139323	0.037282	0.0252171	R4	NE	SK063	2	9096
r4_2140__p1:i2450	r4_2140__p1:i2450	0.00435584	0.0247949	0.0349255	0.0200581	0.0333714	0.0008404	-0.0105337	0.050317	0.0235256	-0.00651059	R4	NE	SK063	2	2450
r4_2140__p1:i14597	r4_2140__p1:i14597	0.0192102	0.0389876	0.0816116	-0.0227292	0.145472	0.0177759	-0.109825	0.206581	0.0472315	0.00610504	R4	NE	SK063	2	14597
r4_2140__p1:i8429	r4_2140__p1:i8429	0.0101039	0.0471283	0.0184589	0.0266935	0.0104457	0.0148607	0.0089187	0.00842523	-0.0173859	-0.00506432	R4	NE	SK063	2	8429
r4_2140__p1:i2951	r4_2140__p1:i2951	0.0186041	0.0255082	0.0135392	0.032247	0.0285188	-0.00707846	0.00474638	0.011229	-0.0149723	0.0212243	R4	NE	SK063	2	2951
r4_2140__p1:i2590	r4_2140__p1:i2590	-0.00064532	0.0460209	0.00637868	0.0460339	0.00703752	0.00720651	0.00620333	-0.0169776	-0.0167469	-0.00658514	R4	NE	SK063	2	2590
r4_2140__p1:i6319	r4_2140__p1:i6319	0.000737126	0.0137988	0.0188899	-0.0167136	0.0241288	-0.013437	-0.0217094	0.0133257	-0.000407502	-0.00909107	R4	NE	SK063	2	6319
r4_2140__p1:i12807	r4_2140__p1:i12807	0.00366482	0.0195044	0.0600624	0.00909066	0.0647748	-0.00738789	-0.0307872	0.0846409	0.0150704	0.00386097	R4	NE	SK063	2	12807
r4_2140__p1:i13166	r4_2140__p1:i13166	0.0183507	0.0245516	-0.0127211	0.0108343	0.0145678	0.0108426	-0.00122622	0.00493857	-0.0128874	-0.00124601	R4	NE	SK063	2	13166
r4_2140__p1:i13534	r4_2140__p1:i13534	0.00606791	0.0210132	0.0143193	0.00979712	0.012409	0.0108895	-0.00939952	-0.000292506	-0.00430593	-0.0027437	R4	NE	SK063	2	13534
r4_2140__p1:i10547	r4_2140__p1:i10547	-0.0146808	0.0186294	0.00835712	0.0256996	0.0181726	0.00604561	-0.00773912	0.00327978	0.00336619	-0.000814543	R4	NE	SK063	2	10547
r4_2140__p1:i458	r4_2140__p1:i458	-0.00612334	0.053095	0.00428802	0.0188273	-0.0443944	0.0732194	-0.000707602	-0.00704417	-0.0181893	-0.0419599	R4	NE	SK063	2	458
r4_2140__p1:i13988	r4_2140__p1:i13988	0.00697142	0.0218572	0.0280633	0.00105117	0.0143845	-0.0133107	-0.00374263	0.0192436	-0.00254395	0.00704897	R4	NE	SK063	2	13988
r4_2140__p1:i7909	r4_2140__p1:i7909	0.0198896	0.0346486	0.0717996	-0.00145315	0.101312	0.00688601	-0.0624422	0.152122	0.0511147	0.000649067	R4	NE	SK063	2	7909
r4_2140__p1:i10434	r4_2140__p1:i10434	-0.00581072	0.0568844	0.00812295	-0.00361201	-0.0549122	0.0503679	-0.00372954	-0.00964073	-0.00535222	-0.0422996	R4	NE	SK063	2	10434
r4_2140__p1:i13664	r4_2140__p1:i13664	0.0048052	0.0381401	0.0839741	-0.00869675	0.124713	0.0133427	-0.0797139	0.184657	0.0495883	0.00257956	R4	NE	SK063	2	13664
r4_2140__p1:i17139	r4_2140__p1:i17139	0.010531	0.0287527	0.0359235	0.00949425	0.0439141	0.0146119	-0.0194933	0.0608228	0.00506732	-0.00219162	R4	NE	SK063	2	17139
r4_2140__p1:i1573	r4_2140__p1:i1573	-0.00421484	0.0629461	-0.00827683	0.050155	0.00175399	0.0177636	-0.00719976	-0.00868299	-0.0290295	-0.0384118	R4	NE	SK063	2	1573
r4_2140__p1:i14126	r4_2140__p1:i14126	-0.00260346	0.0179746	0.00948232	0.0427246	0.0365855	0.0534997	-0.00848254	0.00917001	0.0199511	-0.0118065	R4	NE	SK064	3	14126
r4_2140__p1:i18549	r4_2140__p1:i18549	-0.0013044	0.0273724	0.0212582	0.025673	0.0383772	0.0106576	-0.00367579	0.0159752	4.31389e-05	0.00452348	R4	NE	SK064	3	18549
r4_2140__p1:i17921	r4_2140__p1:i17921	-0.00743023	0.0254201	0.0169282	0.0226652	0.026859	0.0378358	-0.00405544	0.0104063	0.0169224	0.000701789	R4	NE	SK064	3	17921
r4_2140__p1:i2674	r4_2140__p1:i2674	0.00614281	0.021277	0.0331684	0.0199688	0.0385634	0.016759	-0.00561343	0.0353413	0.00874463	0.0224264	R4	NE	SK064	3	2674
r4_2140__p1:i6814	r4_2140__p1:i6814	-0.00232753	0.0231819	0.02959	0.0339678	0.0320426	-0.00242612	0.0228504	0.00243143	0.00852477	0.0231346	R4	NE	SK064	3	6814
r4_2140__p1:i6815	r4_2140__p1:i6815	-0.00167765	0.0226191	0.0138206	0.0169194	0.0300248	-0.00280373	0.0100783	-0.00712348	0.00486232	0.0187747	R4	NE	SK064	3	6815
r4_2140__p1:i11909	r4_2140__p1:i11909	-0.0167366	0.0495476	0.0010759	0.00435593	-0.00233072	0.0383992	-0.00181612	-0.0243631	-0.0171489	-0.016239	R4	NE	SK064	3	11909
r4_2140__p1:i18212	r4_2140__p1:i18212	-0.0188972	0.0326582	-0.00345056	0.0140249	0.00951047	0.026089	-0.0035596	-0.00808716	-0.00980073	-0.0118522	R4	NE	SK064	3	18212
r4_2140__p1:i2014	r4_2140__p1:i2014	0.00380364	0.0165689	0.0276335	0.0143438	0.0281345	0.0159405	0.00519228	-0.000651534	0.00259588	-0.0207093	R4	NE	SK064	3	2014
r4_2140__p1:i17885	r4_2140__p1:i17885	-0.0219982	0.000375048	0.0323365	0.0311525	0.018465	0.0390872	-0.00811216	0.00135873	0.0278435	0.0188205	R4	NE	SK064	3	17885
r4_2140__p1:i192	r4_2140__p1:i192	-0.014744	0.0291994	0.0109572	0.0065727	0.0122406	0.0167189	-0.0121006	0.00746364	0.0117754	0.00869008	R4	NE	SK064	3	192
r4_2140__p1:i11223	r4_2140__p1:i11223	-0.0231716	0.0235568	-0.00485972	0.0307332	0.0115478	0.0109565	-0.00680172	-0.00828899	0.0156836	0.0204267	R4	NE	SK064	3	11223
r4_2140__p1:i14114	r4_2140__p1:i14114	-0.000390487	-0.0122188	0.000154381	0.0184134	0.0204973	-0.00379114	-0.0105251	-0.00645946	0.00012524	-0.0327812	R4	NE	SK064	3	14114
r4_2140__p1:i7716	r4_2140__p1:i7716	-0.00969014	0.0359112	0.00245268	0.00639511	0.0274365	0.00146022	-1.34495e-05	0.00680298	-0.00140833	0.0181556	R4	NE	SK064	3	7716
r4_2140__p1:i9768	r4_2140__p1:i9768	-0.0167424	0.0408382	0.0192648	0.0478458	0.0107975	0.0285456	-0.0101825	-0.00149469	0.0168511	-0.00700301	R4	NE	SK064	3	9768
r4_2140__p1:i14127	r4_2140__p1:i14127	-0.00175143	0.00890993	0.0134815	0.0327761	0.03435	0.0361476	-0.00561263	0.0162282	0.0323252	-0.00475804	R4	NE	SK064	3	14127
r4_2140__p1:i17344	r4_2140__p1:i17344	-0.0110285	0.0244525	-0.014326	-0.0180368	0.0297768	-0.00255714	0.0193315	-0.0173344	-0.0374456	0.0368608	R4	NE	SK064	3	17344
r4_2140__p1:i8286	r4_2140__p1:i8286	0.000754465	0.012408	0.0129569	0.00490413	0.049784	0.00583303	-0.00496182	-7.68642e-05	0.0130419	0.0282657	R4	NE	SK064	3	8286
r4_2140__p1:i14530	r4_2140__p1:i14530	0.00257498	0.0155611	0.0200576	0.00109753	0.00152964	-0.00651525	-0.010193	-0.0294026	-0.00950182	0.0209269	R4	NE	SK064	3	14530
r4_2140__p1:i2290	r4_2140__p1:i2290	0.00173249	0.033229	0.0261019	0.0141788	0.0346708	0.0116201	2.7279e-05	-0.0156842	0.00434703	0.00342859	R4	NE	SK064	3	2290
r4_2140__p1:i6526	r4_2140__p1:i6526	-0.00959757	0.0470373	0.0326828	0.0180327	0.0123959	0.0113394	0.0111613	0.0119053	-0.0342182	-0.0144125	R4	W	SK025	1	6526
r4_2140__p1:i16420	r4_2140__p1:i16420	-0.0113449	0.0422561	0.0246425	-0.00583446	0.0149026	0.0261688	0.00724721	0.009085	-0.0333375	-0.00946886	R4	W	SK025	1	16420
r4_2140__p1:i19345	r4_2140__p1:i19345	0.00816286	0.0242859	0.0143826	0.0143533	0.0138391	-0.00559938	0.00476157	-0.000559629	0.0137147	0.0159226	R4	W	SK025	1	19345
r4_2140__p1:i5743	r4_2140__p1:i5743	-0.000305919	0.0392802	0.0200123	0.0261738	0.0212525	0.00601595	0.0016196	-0.0103289	0.0338731	0.0136353	R4	W	SK025	1	5743
r4_2140__p1:i15145	r4_2140__p1:i15145	-0.0175755	0.0369306	0.0185248	0.0273114	0.0141423	-0.00374187	-0.00418343	-0.016362	-0.00240682	0.0190511	R4	W	SK025	1	15145
r4_2140__p1:i4153	r4_2140__p1:i4153	0.00865985	0.00179022	0.0113574	0.0245575	-8.25118e-05	0.0167419	0.00303244	-0.00321223	0.0111321	0.00698429	R4	W	SK025	1	4153
r4_2140__p1:i2777	r4_2140__p1:i2777	-0.0139769	0.0249378	0.0172657	0.0162519	0.00579918	0.00740687	-0.00668942	-0.0143878	-0.00760551	0.0209187	R4	W	SK025	1	2777
r4_2140__p1:i7568	r4_2140__p1:i7568	-0.00565716	0.0209458	0.0119477	0.020933	0.0171493	0.00635313	0.00303608	0.0149352	-0.0133495	0.0172002	R4	W	SK025	1	7568
r4_2140__p1:i3218	r4_2140__p1:i3218	-0.00916451	0.0434054	0.024108	0.0137702	-0.00813273	-0.0411553	0.00795282	0.015145	-0.0166031	-0.00659786	R4	W	SK025	1	3218
r4_2140__p1:i4182	r4_2140__p1:i4182	-0.00620577	0.0411437	-0.0207783	0.0383042	0.0180159	0.0267812	0.000617343	0.0179914	-0.025951	0.0171027	R4	W	SK025	1	4182
r4_2140__p1:i18829	r4_2140__p1:i18829	-0.0181974	0.0127022	0.0127895	0.00748666	0.0198677	0.0107931	-0.00338094	0.0266689	0.00505602	-0.00243819	R4	W	SK025	1	18829
r4_2140__p1:i14865	r4_2140__p1:i14865	-0.00946771	0.01487	0.0164355	0.0267797	0.0140833	0.022741	0.0137873	-0.00561332	-0.00447942	-0.0118776	R4	W	SK025	1	14865
r4_2140__p1:i10283	r4_2140__p1:i10283	-0.0123573	-0.00516016	0.00435999	0.00329636	0.0145782	0.0312858	-0.00588583	-0.000181727	-0.0115057	0.0192802	R4	W	SK025	1	10283
r4_2140__p1:i18532	r4_2140__p1:i18532	-0.0216773	0.021165	0.0274138	0.00757815	0.000601298	-0.0227946	-0.00320437	0.0277709	-0.0181323	0.017975	R4	W	SK025	1	18532
r4_2140__p1:i8813	r4_2140__p1:i8813	0.000759854	0.0157061	0.0127817	0.0143272	0.0123429	0.0154051	0.00153826	-0.00184457	0.00117633	-0.00175018	R4	W	SK025	1	8813
r4_2140__p1:i2184	r4_2140__p1:i2184	-0.0383884	0.0345864	-0.0221214	0.0610226	0.0191848	0.025904	0.0153667	-0.0180448	-0.0057859	0.00464926	R4	W	SK025	1	2184
r4_2140__p1:i1861	r4_2140__p1:i1861	-0.0145422	0.0455858	-0.0245752	0.0441981	0.00551098	0.0167459	0.0111517	0.0128609	-0.00303741	0.0316289	R4	W	SK025	1	1861
r4_2140__p1:i17167	r4_2140__p1:i17167	-0.0158882	0.0413593	-0.00637965	0.0360208	-0.00620201	0.0124175	-0.00830238	-0.0185676	0.00709529	-0.0412853	R4	W	SK025	1	17167
r4_2140__p1:i6033	r4_2140__p1:i6033	-0.0259351	0.0294989	-0.00076309	0.0173801	0.0209661	0.0385722	0.0262348	-0.0220827	0.00467983	0.00679096	R4	W	SK025	1	6033
r4_2140__p1:i18385	r4_2140__p1:i18385	-0.0196347	0.0319424	0.0283381	0.0124481	0.00335644	0.0209449	-0.0276072	-0.0140951	-0.0295034	-0.00199403	R4	W	SK025	1	18385
r4_2140__p1:i13018	r4_2140__p1:i13018	0.0183047	0.00359533	0.0131774	-0.0196753	0.0274354	0.00490358	-0.0237438	-0.00385325	-0.0231977	-0.0128165	R4	W	SK026	2	13018
r4_2140__p1:i17820	r4_2140__p1:i17820	-0.0144987	-0.00275561	0.0131666	-0.0262214	0.0181661	0.0187292	0.0198735	-0.0386551	0.022541	-0.0262493	R4	W	SK026	2	17820
r4_2140__p1:i14751	r4_2140__p1:i14751	0.00694373	0.0293244	-0.00150737	0.0161817	0.0212687	0.0122692	-0.0015211	-0.0235444	-0.00963165	0.0066963	R4	W	SK026	2	14751
r4_2140__p1:i14665	r4_2140__p1:i14665	-0.0151887	0.0273668	0.0189066	0.00293855	0.00489839	-0.00144609	-0.0151932	0.00340215	-0.00202426	0.00251835	R4	W	SK026	2	14665
r4_2140__p1:i4920	r4_2140__p1:i4920	-0.0128663	0.0196636	0.0175554	0.0244842	0.0100351	0.00897862	0.0195942	-0.00829615	-0.00209728	-0.00169718	R4	W	SK026	2	4920
r4_2140__p1:i1464	r4_2140__p1:i1464	0.013783	0.0282515	-0.0119429	-0.00937492	0.025267	0.00317016	0.0148259	0.0222749	-0.0523554	-0.0172912	R4	W	SK026	2	1464
r4_2140__p1:i7321	r4_2140__p1:i7321	-0.0074044	0.0275249	0.00333726	0.0266805	0.0169734	0.00404924	0.00377047	-0.0262062	0.0279196	-0.00081518	R4	W	SK026	2	7321
r4_2140__p1:i12438	r4_2140__p1:i12438	0.0105754	0.0179369	0.00648186	0.0252884	0.0161371	-0.00802961	0.0067199	0.00742137	-0.0225509	0.00907364	R4	W	SK026	2	12438
r4_2140__p1:i5384	r4_2140__p1:i5384	-0.0126749	0.0292574	0.00532085	0.0357911	0.0325545	0.00646606	0.00359251	-0.00785681	-0.0066422	-0.00338353	R4	W	SK026	2	5384
r4_2140__p1:i15705	r4_2140__p1:i15705	0.0100755	0.0137822	-0.00856872	-0.00213676	-0.004052	-0.00187515	0.000179666	0.00509684	-0.0246091	0.0213595	R4	W	SK026	2	15705
r4_2140__p1:i10742	r4_2140__p1:i10742	0.000839469	0.0292192	0.0161358	0.0125698	8.74844e-05	0.000742532	-0.00843442	-0.0216276	-0.0114609	0.0193399	R4	W	SK026	2	10742
r4_2140__p1:i16290	r4_2140__p1:i16290	-0.0177885	0.0207533	0.0254134	0.0279454	0.00672795	0.0255943	0.000130391	-0.00726023	0.0154663	-0.00886656	R4	W	SK026	2	16290
r4_2140__p1:i5249	r4_2140__p1:i5249	-0.0105079	0.0145311	0.0171713	0.00765416	0.0149858	0.00547394	0.00761435	0.00976092	-0.00548393	-0.00451116	R4	W	SK026	2	5249
r4_2140__p1:i696	r4_2140__p1:i696	0.00896481	0.0505407	0.0252538	0.0160973	0.0175882	-0.00480148	-0.0258617	0.00797269	0.00580936	-0.0207301	R4	W	SK026	2	696
r4_2140__p1:i14592	r4_2140__p1:i14592	-0.00910897	0.0293144	0.00734817	0.00347958	0.0197463	0.00251616	0.00272399	0.0014044	0.00496059	0.0194802	R4	W	SK026	2	14592
r4_2140__p1:i14138	r4_2140__p1:i14138	-0.0168767	0.013158	0.0107522	0.00236332	-0.0135893	0.00703951	-0.0221877	-0.042361	-0.010816	-0.00539985	R4	W	SK026	2	14138
r4_2140__p1:i13	r4_2140__p1:i13	0.00399324	0.024266	0.00180763	0.00750633	0.000930497	0.0169533	-0.0239429	-0.0212708	0.00788691	-0.00141035	R4	W	SK026	2	13
r4_2140__p1:i17300	r4_2140__p1:i17300	-0.0225037	0.0182192	-0.0019255	0.0293152	0.0346905	0.0160812	0.0248788	-0.0157672	-0.000925729	0.0278214	R4	W	SK026	2	17300
r4_2140__p1:i12946	r4_2140__p1:i12946	-0.0129784	0.0182943	0.000266138	0.00843076	0.0167581	0.00819445	0.017732	-0.000870295	0.00577654	0.0108841	R4	W	SK026	2	12946
r4_2140__p1:i6400	r4_2140__p1:i6400	-0.00988484	0.0115056	0.00763747	-0.000471202	0.00313111	0.00948672	0.010287	-0.00305559	-0.0129769	-0.0136212	R4	W	SK026	2	6400
r4_2140__p1:i8065	r4_2140__p1:i8065	0.0145073	0.0225008	-0.00163688	0.00646686	0.0210999	0.000656922	-0.00378469	-0.00315811	0.01625	0.0072844	R4	W	SK034	3	8065
r4_2140__p1:i5604	r4_2140__p1:i5604	-0.0165301	0.0117801	0.0337397	0.00478532	0.0129315	-0.0295371	0.00129707	0.0240315	-0.00879418	0.0159952	R4	W	SK034	3	5604
r4_2140__p1:i10846	r4_2140__p1:i10846	0.00378892	0.0204499	0.00350182	0.0273595	0.0223245	0.021167	0.0170884	-0.0328758	0.00967737	-0.00161101	R4	W	SK034	3	10846
r4_2140__p1:i6246	r4_2140__p1:i6246	-0.00639916	0.0200859	0.0175493	0.00665985	0.00819923	-0.00509774	-0.00417357	-0.0135661	0.00371587	0.0162309	R4	W	SK034	3	6246
r4_2140__p1:i5954	r4_2140__p1:i5954	-0.0276113	0.0203958	0.0161793	0.0338128	0.0200795	0.0131811	0.0117335	-0.0228818	-0.0162022	-0.0185095	R4	W	SK034	3	5954
r4_2140__p1:i15365	r4_2140__p1:i15365	-0.00286126	0.036399	-0.00560773	0.0162011	0.0157562	0.0274859	-0.020059	0.0074856	0.0289962	-0.0116109	R4	W	SK034	3	15365
r4_2140__p1:i15482	r4_2140__p1:i15482	-0.00656974	0.0100154	0.00612936	-0.0291095	-0.000233923	0.0125245	0.0066376	0.00457326	-0.0265169	-0.00374721	R4	W	SK034	3	15482
r4_2140__p1:i16538	r4_2140__p1:i16538	-0.00839181	0.0381928	0.00148288	0.00566858	0.0128367	0.0187498	0.00816557	-0.00868501	-0.00950686	0.017033	R4	W	SK034	3	16538
r4_2140__p1:i5565	r4_2140__p1:i5565	-0.0110835	0.0297167	0.00466952	0.0276622	0.0120589	0.0158605	-0.012859	0.00538518	-0.0164616	0.0157705	R4	W	SK034	3	5565
r4_2140__p1:i18470	r4_2140__p1:i18470	0.0162043	0.0127294	0.00023101	0.00561176	0.00896304	-0.0114801	0.0137263	-0.02624	0.0366049	0.0124622	R4	W	SK034	3	18470
r4_2140__p1:i7198	r4_2140__p1:i7198	-0.00927396	0.0126838	0.00668097	-0.00398405	0.0303171	0.0143264	0.0112732	-0.0283332	0.0234592	-0.00558104	R4	W	SK034	3	7198
r4_2140__p1:i19681	r4_2140__p1:i19681	-0.00517016	0.0292352	0.00934796	0.0305303	0.0261672	0.0295517	-0.00534901	-0.0237613	-0.0123821	-0.00415485	R4	W	SK034	3	19681
r4_2140__p1:i9934	r4_2140__p1:i9934	0.00882788	-0.000733931	0.00632958	0.0114116	0.0110603	0.00927143	0.0051498	-0.00760697	0.0167439	-0.00659636	R4	W	SK034	3	9934
r4_2140__p1:i11882	r4_2140__p1:i11882	0.0306822	0.0363933	-0.00101053	0.0085571	-0.00301368	-0.00392728	0.000774213	0.00327527	-0.0247609	0.0227619	R4	W	SK034	3	11882
r4_2140__p1:i16344	r4_2140__p1:i16344	-0.0278381	0.0518206	0.0126051	0.0314111	0.0190047	0.0192498	-0.0150094	0.00125208	-0.00110959	0.0105528	R4	W	SK034	3	16344
r4_2140__p1:i13068	r4_2140__p1:i13068	0.0238111	0.0181382	0.0193303	0.00357508	-0.024266	0.00854245	0.0182696	-0.00799539	0.00641031	-0.00477626	R4	W	SK034	3	13068
r4_2140__p1:i759	r4_2140__p1:i759	0.00173995	0.0289179	0.0112076	0.0309018	0.0376473	0.0114576	0.0138579	-0.0124796	0.0111138	0.00288902	R4	W	SK034	3	759
r4_2140__p1:i13477	r4_2140__p1:i13477	-0.0171665	0.0301102	0.0192511	-0.0213771	-0.00330547	0.0396528	-0.00721974	0.00222361	-0.0198637	0.00546004	R4	W	SK034	3	13477
r4_2140__p1:i9160	r4_2140__p1:i9160	-0.00935747	0.026854	0.0148103	0.0107766	0.00988623	0.0254394	-0.0222627	0.0146613	0.00463754	0.00868973	R4	W	SK034	3	9160
r4_2140__p1:i1924	r4_2140__p1:i1924	-0.0149122	0.0250369	0.0133439	-0.00377599	-0.0024722	0.0361696	0.00353725	-0.00373219	0.0440443	0.00475208	R4	W	SK034	3	1924
r4_2140__p1:i888	r4_2140__p1:i888	-0.00925151	0.0281946	0.0360391	-0.00561277	0.00693315	0.0047591	0.0133319	-0.00941734	-0.00666507	0.010163	R4	E	SK037	1	888
r4_2140__p1:i15454	r4_2140__p1:i15454	-0.00844219	0.0121885	0.0069054	0.0198694	-0.0114199	0.00392028	0.00855423	-0.0150013	-0.0137802	-0.0178064	R4	E	SK037	1	15454
r4_2140__p1:i793	r4_2140__p1:i793	0.00505477	0.0332716	0.0086131	0.00811755	0.00650178	0.016578	-0.0121222	-0.012955	-0.00587551	0.00651342	R4	E	SK037	1	793
r4_2140__p1:i19035	r4_2140__p1:i19035	-0.00713631	0.0270013	0.0266929	0.0210336	0.0111204	0.00233651	-0.0115084	0.00597057	-0.0334812	0.0209724	R4	E	SK037	1	19035
r4_2140__p1:i7140	r4_2140__p1:i7140	-0.0123266	0.0382663	0.0133933	-0.000843923	0.0104284	0.0131938	-0.00416682	-0.0353242	0.00191939	0.00986952	R4	E	SK037	1	7140
r4_2140__p1:i6234	r4_2140__p1:i6234	-0.0218532	0.0195795	-0.00873058	0.0333049	0.0185538	0.0391169	-0.0252068	0.00455224	0.0191923	0.0311097	R4	E	SK037	1	6234
r4_2140__p1:i19062	r4_2140__p1:i19062	-0.00123549	0.017599	0.0248983	0.000441917	0.00413321	0.0149262	-0.00976475	0.00819379	0.0158114	0.0319534	R4	E	SK037	1	19062
r4_2140__p1:i1878	r4_2140__p1:i1878	-0.00221248	0.00812694	0.0241436	0.0314912	0.00896119	0.00774613	0.0123965	-0.0117378	0.0152146	0.00864812	R4	E	SK037	1	1878
r4_2140__p1:i930	r4_2140__p1:i930	-0.00821855	0.0306268	0.0161921	0.0233333	0.00762341	0.0222836	0.00638917	-0.006743	-0.0255019	0.0108012	R4	E	SK037	1	930
r4_2140__p1:i14166	r4_2140__p1:i14166	-0.00414183	0.0431278	0.00100708	-0.00449397	0.0232117	-0.00160627	-0.00149589	0.0108947	-0.000150004	0.00318545	R4	E	SK037	1	14166
r4_2140__p1:i7626	r4_2140__p1:i7626	-0.0352851	0.0204798	0.0377369	0.0206092	-0.00254374	-0.00889609	0.00183999	-0.0121306	0.00503032	0.0084645	R4	E	SK037	1	7626
r4_2140__p1:i17377	r4_2140__p1:i17377	-0.00101291	0.0209902	0.00521455	0.016062	0.020219	0.0101552	0.00431259	-0.0184516	-0.00406288	0.0122564	R4	E	SK037	1	17377
r4_2140__p1:i3343	r4_2140__p1:i3343	-0.012211	0.0348729	0.0084761	0.00381918	0.0134214	0.0292779	0.0389589	-0.0355657	-0.0256676	0.0278128	R4	E	SK037	1	3343
r4_2140__p1:i10247	r4_2140__p1:i10247	-0.00940887	0.0202506	0.00875399	0.00920738	0.00610419	-0.0124855	0.0195387	-0.00331025	0.00270044	-0.00344981	R4	E	SK037	1	10247
r4_2140__p1:i7721	r4_2140__p1:i7721	-0.0150766	0.0244535	0.00813291	0.026498	-0.00773656	0.000545414	-0.0199542	-0.00627261	0.00806688	-0.00778521	R4	E	SK037	1	7721
r4_2140__p1:i3058	r4_2140__p1:i3058	-0.0104109	0.0291411	-0.0169133	0.0372549	0.0120268	0.0456421	-0.0210396	-0.0193652	0.00221546	-0.0331394	R4	E	SK037	1	3058
r4_2140__p1:i293	r4_2140__p1:i293	-0.0109204	0.0106849	0.00196542	0.0106172	0.0269216	0.0148279	0.0216887	-0.0154996	0.0213247	0.015059	R4	E	SK037	1	293
r4_2140__p1:i3869	r4_2140__p1:i3869	-0.0157121	0.0265865	0.0100611	0.0323011	0.027886	0.0326423	-0.022718	0.0235115	0.0196707	0.0245789	R4	E	SK037	1	3869
r4_2140__p1:i18271	r4_2140__p1:i18271	-0.0210497	0.0225704	0.0206934	0.0265643	0.00681978	0.00133863	0.00256235	-0.0160959	0.00364547	0.0130798	R4	E	SK037	1	18271
r4_2140__p1:i1610	r4_2140__p1:i1610	-0.0139636	0.0372406	0.0511696	0.0256942	0.00858255	0.003396	0.003435	-0.0202083	-0.00284395	0.00978605	R4	E	SK037	1	1610
r4_2140__p1:i3697	r4_2140__p1:i3697	-0.00566884	0.0315643	0.00683501	0.0198768	0.0137571	0.0209722	0.00263002	-0.0185783	0.00182279	-0.0156489	R4	E	SK045	2	3697
r4_2140__p1:i17871	r4_2140__p1:i17871	0.0270385	0.0220076	0.0013111	0.0191627	-0.0152888	0.00403757	-0.0130855	-0.000105452	0.00376119	-0.00944529	R4	E	SK045	2	17871
r4_2140__p1:i938	r4_2140__p1:i938	0.00660798	0.0241534	-0.0128133	0.0359456	0.0108066	0.0151527	0.0117517	-0.0022098	-0.0196255	-0.0156514	R4	E	SK045	2	938
r4_2140__p1:i9926	r4_2140__p1:i9926	-0.0048362	0.021439	0.0315732	0.00626107	8.28094e-05	0.0213004	0.0154632	0.00403077	-0.0325397	0.00992911	R4	E	SK045	2	9926
r4_2140__p1:i8976	r4_2140__p1:i8976	-0.00536133	0.0252884	0.0286784	0.0284993	0.0084572	0.0244087	-0.0123247	-0.000747129	0.00383177	0.0186775	R4	E	SK045	2	8976
r4_2140__p1:i4826	r4_2140__p1:i4826	-0.00412285	0.00483405	0.0359744	0.0168085	0.033111	0.00702068	-0.00827928	-0.0124403	0.0185784	0.00159194	R4	E	SK045	2	4826
r4_2140__p1:i18160	r4_2140__p1:i18160	0.00197948	0.0171451	0.00107068	0.0217469	0.00654689	0.0122497	0.0090542	-0.00772388	0.0163612	0.0181001	R4	E	SK045	2	18160
r4_2140__p1:i7694	r4_2140__p1:i7694	-0.0221891	0.0199575	0.0184551	-0.0049515	0.0142694	-0.00665091	-0.0180476	-0.0162387	-0.00152192	-0.00763548	R4	E	SK045	2	7694
r4_2140__p1:i1215	r4_2140__p1:i1215	-0.00946672	0.0462476	0.00769828	0.039254	0.0380306	0.0125675	-0.00899069	-0.0112668	0.0260076	0.0255703	R4	E	SK045	2	1215
r4_2140__p1:i11087	r4_2140__p1:i11087	-0.0206003	0.00847206	0.00279384	0.00269198	0.00879739	0.00796149	-0.00753627	0.00223477	-0.00849109	0.0264922	R4	E	SK045	2	11087
r4_2140__p1:i5648	r4_2140__p1:i5648	-0.00913413	0.0211918	0.0124637	0.0287652	0.0256689	0.000908337	0.00404128	-0.0214444	0.0286648	0.0206423	R4	E	SK045	2	5648
r4_2140__p1:i3086	r4_2140__p1:i3086	-0.0151358	0.0204683	0.0111299	0.0165401	0.0294474	-0.00866979	-0.017383	-0.00391683	-0.0159415	0.024495	R4	E	SK045	2	3086
r4_2140__p1:i16015	r4_2140__p1:i16015	-0.00307288	0.00147532	0.00607398	0.0163064	0.0178688	0.0261495	-0.0240622	0.0186599	0.014763	0.00793051	R4	E	SK045	2	16015
r4_2140__p1:i10791	r4_2140__p1:i10791	-0.00842251	0.0131336	-0.00571685	0.0159056	0.022545	0.00515155	-0.00305656	0.0117	-0.038042	-0.0252489	R4	E	SK045	2	10791
r4_2140__p1:i6672	r4_2140__p1:i6672	-0.0106234	0.0341872	-0.0119239	0.025919	0.0348579	0.00657532	0.0171064	-0.0172344	0.00161352	0.00854743	R4	E	SK045	2	6672
r4_2140__p1:i908	r4_2140__p1:i908	0.00275387	0.0373442	0.00838947	0.0140811	0.0165841	0.00144698	0.0227013	-0.00741068	-0.00751338	0.00458864	R4	E	SK045	2	908
r4_2140__p1:i15720	r4_2140__p1:i15720	0.0101504	0.00403349	0.00791644	0.0278689	0.00696381	0.00982681	0.00474209	-0.0120817	0.0239089	-0.00371534	R4	E	SK045	2	15720
r4_2140__p1:i17632	r4_2140__p1:i17632	-0.0101375	0.0115808	0.0107461	-0.00341379	0.0225427	-0.0143139	-0.0031803	0.00925897	-0.0178624	0.00652985	R4	E	SK045	2	17632
r4_2140__p1:i8203	r4_2140__p1:i8203	-0.00780375	0.0506973	0.0186844	-0.006038	0.0178188	-0.0109494	0.00277417	-0.000668718	-0.0206002	0.0114728	R4	E	SK045	2	8203
r4_2140__p1:i11161	r4_2140__p1:i11161	-0.0101889	0.0127027	0.0141338	0.0252327	0.0206266	0.0148544	-0.0329293	0.0201604	0.00589802	0.0176514	R4	E	SK045	2	11161
r4_2140__p1:i13577	r4_2140__p1:i13577	-0.0169526	-0.00307381	-0.00110779	0.00571115	0.00242202	0.0199068	0.0327061	0.0185054	-0.0158186	0.00308132	R4	E	SK046	3	13577
r4_2140__p1:i16263	r4_2140__p1:i16263	-0.017214	0.0236528	0.0147063	0.0158895	-0.000588476	-0.0167944	0.0167289	0.00958875	-0.0212284	0.0240241	R4	E	SK046	3	16263
r4_2140__p1:i13464	r4_2140__p1:i13464	-0.000308433	0.0278826	0.0405038	0.0113624	0.0235999	-0.0189437	0.012512	-0.0034122	-0.0171794	0.0118193	R4	E	SK046	3	13464
r4_2140__p1:i187	r4_2140__p1:i187	-0.00596741	0.0105398	0.0102239	0.00103653	0.00635413	0.00896527	0.018993	-0.000639532	-0.00552168	0.00914635	R4	E	SK046	3	187
r4_2140__p1:i3519	r4_2140__p1:i3519	0.00637853	0.0270934	0.0446749	0.0204083	0.0124157	-0.0161608	0.0173816	-0.00525479	-0.0331281	0.0084518	R4	E	SK046	3	3519
r4_2140__p1:i11400	r4_2140__p1:i11400	-0.00385074	0.00516584	0.0233284	0.0201788	0.0266287	0.0301537	0.00820591	0.0089982	0.0160563	-0.0097535	R4	E	SK046	3	11400
r4_2140__p1:i10878	r4_2140__p1:i10878	0.00760198	0.0250218	0.0208516	0.00486384	0.0126123	0.0201358	-0.00620433	-0.0424487	-0.0119604	-0.0402528	R4	E	SK046	3	10878
r4_2140__p1:i4410	r4_2140__p1:i4410	-0.0322544	0.00282667	0.0238746	0.01989	0.0263162	0.0125675	0.029384	-0.0046963	-0.0213152	-0.00210858	R4	E	SK046	3	4410
r4_2140__p1:i362	r4_2140__p1:i362	-0.00435942	0.0285368	0.021411	0.0453059	0.000293027	-0.0115485	0.00749087	0.0026179	-0.0259017	-0.0260395	R4	E	SK046	3	362
r4_2140__p1:i8718	r4_2140__p1:i8718	-0.0324659	0.0269846	0.0227763	0.0256409	-0.00214489	0.0260677	0.00974973	-0.0100358	0.012381	0.0183443	R4	E	SK046	3	8718
r4_2140__p1:i5762	r4_2140__p1:i5762	-0.0120098	0.0250237	0.00482929	0.00643973	0.00241428	0.0113901	0.0382895	0.00299577	-0.00219522	0.00769639	R4	E	SK046	3	5762
r4_2140__p1:i16314	r4_2140__p1:i16314	0.00796428	0.0158579	0.0190833	0.038885	0.0137664	0.0185237	-0.00582342	-0.0255249	-0.000110078	-0.0234218	R4	E	SK046	3	16314
r4_2140__p1:i16041	r4_2140__p1:i16041	0.0303555	0.0410852	0.0507316	0.0544298	0.00544193	0.0018194	-0.00745376	-0.000588898	-0.00673598	-0.0113027	R4	E	SK046	3	16041
r4_2140__p1:i16275	r4_2140__p1:i16275	-0.00815988	0.0387221	0.00431449	-0.0044486	-0.00487344	0.0105552	0.00733686	-0.0191137	-0.00815816	0.02377	R4	E	SK046	3	16275
r4_2140__p1:i4367	r4_2140__p1:i4367	-0.0106369	0.0124802	0.00467487	0.00378862	0.0211774	0.0231968	-0.000843771	0.0249696	-0.00265797	-0.00904862	R4	E	SK046	3	4367
r4_2140__p1:i3696	r4_2140__p1:i3696	0.000624364	0.0421605	0.0268452	0.0455042	0.0130031	0.0142278	0.0178077	-0.0259355	-0.00798173	-0.0185668	R4	E	SK046	3	3696
r4_2140__p1:i13830	r4_2140__p1:i13830	-0.00273692	0.0144365	0.00205302	0.00134597	0.00710267	0.00745922	-0.000959421	0.00622524	0.00711418	0.0115086	R4	E	SK046	3	13830
r4_2140__p1:i10270	r4_2140__p1:i10270	0.00390481	0.0371032	0.0121212	-0.00382734	0.0169459	0.0062894	0.00082614	0.016935	-0.0247371	0.0154048	R4	E	SK046	3	10270
r4_2140__p1:i12054	r4_2140__p1:i12054	-0.0233158	0.0143471	0.0157686	0.027118	0.0121935	0.0125649	0.00660924	0.00670775	-0.0128753	0.0167925	R4	E	SK046	3	12054
r4_2140__p1:i15431	r4_2140__p1:i15431	0.00489947	0.0340609	0.0247157	0.0408622	0.00968098	0.0193162	0.00208661	-0.0451838	-0.00178083	-0.0336897	R4	E	SK046	3	15431
r4_2140__p1:i14854	r4_2140__p1:i14854	-0.0161168	-0.00441694	0.0131639	-0.00365742	0.0416328	0.0133282	0.00107206	0.00911628	0.046344	0.0503314	R4	SE	SK008	1	14854
r4_2140__p1:i16927	r4_2140__p1:i16927	-0.0318492	0.0345243	0.0314729	0.044341	0.03296	0.0376878	0.0256409	-0.0721313	0.026637	0.00294083	R4	SE	SK008	1	16927
r4_2140__p1:i14169	r4_2140__p1:i14169	-0.0074428	0.0121114	-0.00948373	0.00946011	0.00487749	0.0125088	-0.0195467	-0.0070344	0.00856633	0.0023097	R4	SE	SK008	1	14169
r4_2140__p1:i6267	r4_2140__p1:i6267	-0.0226994	0.00703163	0.0101289	0.0311251	0.00865412	0.00988475	0.0218826	-0.0136739	0.00392673	0.0131731	R4	SE	SK008	1	6267
r4_2140__p1:i10535	r4_2140__p1:i10535	-0.00385942	0.0256505	0.0197862	0.0299768	-0.00911103	0.0195055	0.00754916	-0.0332804	0.0222098	-0.0116158	R4	SE	SK008	1	10535
r4_2140__p1:i230	r4_2140__p1:i230	-0.00952858	0.0234079	0.0134127	0.0246899	0.019685	0.00521605	0.00288058	-0.00786015	-0.0171928	0.00148755	R4	SE	SK008	1	230
r4_2140__p1:i965	r4_2140__p1:i965	-0.014132	0.0203921	0.0153851	0.0199863	0.0151727	0.00476053	-0.0024112	-0.0126131	0.0190417	-0.011909	R4	SE	SK008	1	965
r4_2140__p1:i229	r4_2140__p1:i229	-0.0259645	0.0206688	-0.00511288	0.00523532	0.00198839	0.00683105	0.0385749	-0.00994308	-0.00330202	-0.000820237	R4	SE	SK008	1	229
r4_2140__p1:i326	r4_2140__p1:i326	-0.0323427	-0.00192784	-0.0267846	0.020059	0.00475317	0.00813935	-0.0221045	-0.0117249	0.0240102	-0.00191655	R4	SE	SK008	1	326
r4_2140__p1:i1802	r4_2140__p1:i1802	-0.011731	0.0358417	0.0399407	0.0199713	0.0287038	0.0217878	-0.0304501	-0.00602065	-0.0456619	-0.00631025	R4	SE	SK008	1	1802
r4_2140__p1:i17651	r4_2140__p1:i17651	-0.0239977	0.0222478	0.0171036	0.0310355	0.0210066	0.0217975	0.00918956	-0.0374945	0.00772542	0.0181917	R4	SE	SK008	1	17651
r4_2140__p1:i14538	r4_2140__p1:i14538	-0.0118829	0.019988	-0.00112986	0.0231971	0.0154276	0.0394559	-0.0244165	-0.0321128	0.0227814	0.016711	R4	SE	SK008	1	14538
r4_2140__p1:i8739	r4_2140__p1:i8739	-0.00818106	0.0213287	0.00593262	0.0233577	0.00808645	0.037263	0.00618511	-0.00417326	0.00719035	0.0261452	R4	SE	SK008	1	8739
r4_2140__p1:i15810	r4_2140__p1:i15810	-0.0109684	0.0316948	0.0345031	0.0250392	0.0139266	0.0335076	0.0119688	-0.0273219	0.0359706	-0.00866328	R4	SE	SK008	1	15810
r4_2140__p1:i19170	r4_2140__p1:i19170	-0.00387245	0.031265	0.00740721	0.0175448	0.0208651	0.0157351	0.0268987	-0.022889	0.0119526	0.00270243	R4	SE	SK008	1	19170
r4_2140__p1:i1413	r4_2140__p1:i1413	0.000995028	0.0077652	0.00833054	0.0363096	-0.00954993	0.00350972	0.0159373	-0.00116274	0.00191082	-0.00396249	R4	SE	SK008	1	1413
r4_2140__p1:i14983	r4_2140__p1:i14983	-0.00528158	0.0335483	0.0239462	0.0307138	0.00989075	0.0183453	-0.00254198	-0.0124722	0.0218299	0.00784196	R4	SE	SK008	1	14983
r4_2140__p1:i10899	r4_2140__p1:i10899	0.00133249	0.0169576	0.013829	0.00686581	0.00605828	0.0253205	-0.0166272	0.0266641	-0.0140103	0.0458781	R4	SE	SK008	1	10899
r4_2140__p1:i15699	r4_2140__p1:i15699	-0.00539928	0.00544693	0.0238654	-0.00617154	0.0136983	0.0256425	0.0113451	0.000160988	-0.00841703	0.0312675	R4	SE	SK008	1	15699
r4_2140__p1:i10132	r4_2140__p1:i10132	-0.00904706	0.0337477	0.0157926	0.0231273	0.0315192	0.00109022	0.0246792	-0.011677	0.0166581	0.00329953	R4	SE	SK008	1	10132
r4_2140__p1:i10624	r4_2140__p1:i10624	-0.0119777	0.01387	0.0149974	0.0377435	0.030044	0.003305	0.00444911	0.0182655	0.00200684	0.00326847	R4	SE	SK018	2	10624
r4_2140__p1:i16576	r4_2140__p1:i16576	-0.0091854	0.0219707	0.00292253	0.0126742	0.0143988	3.31554e-05	-0.00286631	0.00467537	-0.0294073	-0.00119783	R4	SE	SK018	2	16576
r4_2140__p1:i12844	r4_2140__p1:i12844	-0.0285645	0.0101135	-0.00906969	0.00601167	0.0106248	0.0221296	0.0380831	-0.0257358	0.00416014	0.0118692	R4	SE	SK018	2	12844
r4_2140__p1:i292	r4_2140__p1:i292	0.00272088	0.0282125	0.0346234	0.00882294	0.0187135	0.0254183	0.014596	-0.0541178	0.00658068	-0.0303746	R4	SE	SK018	2	292
r4_2140__p1:i10244	r4_2140__p1:i10244	-0.0203915	0.0272392	0.0250704	0.0441048	0.0239121	0.0416751	-0.0137255	-0.0309096	0.0179506	-0.0226207	R4	SE	SK018	2	10244
r4_2140__p1:i17488	r4_2140__p1:i17488	-0.0413375	0.0264012	0.00867001	0.0396755	0.0143315	0.0410513	0.0508162	-0.0502433	-0.0253624	-0.0104057	R4	SE	SK018	2	17488
r4_2140__p1:i9530	r4_2140__p1:i9530	-0.0101826	0.0201074	0.0278595	0.0284307	0.00184946	0.0253279	0.00670649	-0.0124728	0.00347232	0.0225059	R4	SE	SK018	2	9530
r4_2140__p1:i7107	r4_2140__p1:i7107	-0.0277521	0.0249361	0.0166577	0.0239332	-0.00856083	0.0174686	-0.00168942	-0.0378242	0.0337591	0.0168167	R4	SE	SK018	2	7107
r4_2140__p1:i11019	r4_2140__p1:i11019	-0.0199335	0.00387074	-0.0172473	-0.000853103	0.0242532	0.00347292	-0.0144636	0.0176669	0.0068979	0.00843889	R4	SE	SK018	2	11019
r4_2140__p1:i19340	r4_2140__p1:i19340	0.000802252	0.0204513	0.0106504	0.0377592	-0.00436225	0.01319	-0.0158123	-0.0165438	0.0107421	-0.0088406	R4	SE	SK018	2	19340
r4_2140__p1:i3157	r4_2140__p1:i3157	-0.00182157	0.00523337	-0.000204452	0.0147839	0.00168004	0.0146531	-0.0054328	0.0049302	0.00796836	0.0246058	R4	SE	SK018	2	3157
r4_2140__p1:i11327	r4_2140__p1:i11327	-0.0179344	0.030492	0.0244917	0.0298376	-0.00210462	0.0169257	0.0137753	-0.0172603	-0.0261118	-0.0107116	R4	SE	SK018	2	11327
r4_2140__p1:i7842	r4_2140__p1:i7842	0.0016445	0.0592135	0.011632	0.0180827	0.0195711	0.0317723	-0.00220607	-0.00436383	0.0218946	0.00302631	R4	SE	SK018	2	7842
r4_2140__p1:i16092	r4_2140__p1:i16092	-0.0175339	0.0169691	0.0145731	0.015041	0.0199482	0.0213862	0.0422813	-0.0470673	-0.0179458	0.0174026	R4	SE	SK018	2	16092
r4_2140__p1:i16760	r4_2140__p1:i16760	-0.00799327	0.00686275	0.00640728	0.0210013	0.0299892	0.0269248	-0.0029221	-0.0210499	0.0400247	0.030345	R4	SE	SK018	2	16760
r4_2140__p1:i7104	r4_2140__p1:i7104	-0.0252748	0.0275083	0.0236882	0.0232422	-0.00425005	0.0123694	0.00596163	-0.0386655	0.0299449	0.019964	R4	SE	SK018	2	7104
r4_2140__p1:i17623	r4_2140__p1:i17623	-0.00627866	0.0314653	-0.0351386	0.016561	0.010165	0.0154945	-0.0227319	-0.00344277	-0.0127255	-0.0176704	R4	SE	SK018	2	17623
r4_2140__p1:i2461	r4_2140__p1:i2461	-0.0094735	0.00779162	0.0132622	0.0199519	-0.00507046	0.00688369	-0.00481859	-0.00355683	-0.00227901	-0.00287605	R4	SE	SK018	2	2461
r4_2140__p1:i3030	r4_2140__p1:i3030	-0.00713209	0.0457387	0.0161502	0.00760573	0.016034	0.0193069	0.00886774	-0.00295905	0.0086117	0.0199991	R4	SE	SK018	2	3030
r4_2140__p1:i5551	r4_2140__p1:i5551	-0.0185635	0.00678856	0.0321217	-0.0155316	0.0399337	0.0200245	0.00144707	0.00607459	0.0193127	0.00248133	R4	SE	SK018	2	5551
r4_2140__p1:i74	r4_2140__p1:i74	-0.0286699	0.0429614	0.0104935	0.0470847	0.00208416	0.0160418	-0.00231336	-0.00589367	0.0101959	-0.0170869	R4	SE	SK019	3	74
r4_2140__p1:i13679	r4_2140__p1:i13679	-0.00081311	0.0142674	0.0283209	0.0383356	0.0102042	0.026592	0.0350827	-0.0405704	0.00793007	0.0353146	R4	SE	SK019	3	13679
r4_2140__p1:i11304	r4_2140__p1:i11304	-0.0136202	0.0357718	0.028077	0.0128676	0.0315983	0.00655212	0.000533794	-0.0193455	0.0144093	-0.00950243	R4	SE	SK019	3	11304
r4_2140__p1:i7655	r4_2140__p1:i7655	-0.0196913	0.0395684	0.000629932	0.037349	0.00514894	0.0167069	0.00224354	0.0058466	-0.0174306	-0.00847027	R4	SE	SK019	3	7655
r4_2140__p1:i9264	r4_2140__p1:i9264	-0.0246766	0.0311711	0.00599085	0.0385096	0.00551863	0.0333403	0.0275787	-0.0510809	0.00242979	-0.00372596	R4	SE	SK019	3	9264
r4_2140__p1:i13946	r4_2140__p1:i13946	0.00472294	0.0402648	0.0339444	0.0282733	0.0105717	0.00827927	-0.0355125	-0.010971	0.00127559	0.0167648	R4	SE	SK019	3	13946
r4_2140__p1:i1372	r4_2140__p1:i1372	-0.0066736	0.0361569	0.0331592	0.0135963	0.0279482	0.00448524	0.00280271	-0.0190266	0.0276232	-0.0110096	R4	SE	SK019	3	1372
r4_2140__p1:i13308	r4_2140__p1:i13308	0.00251764	0.0444833	0.031278	0.0396135	0.0412832	0.000588542	0.0216858	-0.00988345	0.0172181	0.0164519	R4	SE	SK019	3	13308
r4_2140__p1:i710	r4_2140__p1:i710	-0.0224471	0.030226	0.0151114	-0.00624647	0.032243	0.0309542	0.0502564	-0.0575463	0.0238007	-0.0299234	R4	SE	SK019	3	710
r4_2140__p1:i15551	r4_2140__p1:i15551	-0.0201838	-0.0101825	0.00815693	-0.0169613	0.0218097	0.00536539	0.00483525	-0.00814524	-0.00921981	0.000683474	R4	SE	SK019	3	15551
r4_2140__p1:i3360	r4_2140__p1:i3360	-0.0406014	0.0271148	0.00558862	0.0180064	0.000691513	0.0266897	0.0244526	-0.0548859	-0.00272654	0.00749259	R4	SE	SK019	3	3360
r4_2140__p1:i17472	r4_2140__p1:i17472	0.00188899	0.00894545	0.02952	0.00419251	0.0014949	0.0281162	0.040907	-0.0288048	-0.0303981	-0.000411502	R4	SE	SK019	3	17472
r4_2140__p1:i17498	r4_2140__p1:i17498	-0.0126006	0.00865841	0.00121431	0.0250964	0.0048398	0.00499047	-0.000943569	0.00613951	-0.00923376	-0.00331297	R4	SE	SK019	3	17498
r4_2140__p1:i8025	r4_2140__p1:i8025	-0.0164863	0.0439142	0.0213746	0.0424523	0.0283845	0.0132157	0.0115935	-0.000457026	0.00319053	0.0271341	R4	SE	SK019	3	8025
r4_2140__p1:i13649	r4_2140__p1:i13649	-0.01976	0.0202962	0.0325239	0.0168669	0.0252354	0.0060108	-0.00295781	-0.02825	-0.0059451	0.0157263	R4	SE	SK019	3	13649
r4_2140__p1:i9481	r4_2140__p1:i9481	-0.0310248	0.0201097	0.0157684	0.0427198	0.0251731	0.0170981	0.0295126	-0.0386391	0.0105238	0.00821414	R4	SE	SK019	3	9481
r4_2140__p1:i6331	r4_2140__p1:i6331	-0.0163886	0.0306004	0.0296425	0.0222823	0.0101857	0.0253803	-0.026685	-0.0258727	0.0213525	0.0309197	R4	SE	SK019	3	6331
r4_2140__p1:i15803	r4_2140__p1:i15803	-0.0411357	0.0257118	0.00855585	0.0277195	0.0242701	0.0231384	-0.00349723	0.00351376	0.00766254	0.0144843	R4	SE	SK019	3	15803
r4_2140__p1:i2338	r4_2140__p1:i2338	-0.0110844	0.0125557	0.015168	0.03121	0.00350915	0.00191199	0.0193671	-0.012929	0.00786365	0.0098216	R4	SE	SK019	3	2338
r4_2140__p1:i9154	r4_2140__p1:i9154	-0.0244858	0.0260089	0.0177511	0.0506936	0.00240663	0.0133747	-0.00321555	0.00438995	0.010537	-0.0257782	R4	SE	SK019	3	9154
r6_2140__p1:i19889	r6_2140__p1:i19889	0.0282606	-0.00611181	0.00733189	0.00981016	-0.0093372	-0.00267244	0.0182464	-0.0234709	0.0219523	0.0373263	R6	NW	SK060	1	19889
r6_2140__p1:i12223	r6_2140__p1:i12223	0.021722	-0.0205421	0.000577578	0.00149616	0.0159978	-0.0377882	-0.0133482	-0.0079557	0.0108954	0.003496	R6	NW	SK060	1	12223
r6_2140__p1:i20636	r6_2140__p1:i20636	-0.00227481	-0.0121924	-0.0173331	-0.0278636	0.0211559	-0.0150354	-0.0146805	0.0245893	-0.00903858	0.0117527	R6	NW	SK060	1	20636
r6_2140__p1:i1157	r6_2140__p1:i1157	0.00641104	-0.00223256	-0.0158891	-0.0093705	0.00638375	-0.0284543	0.0249499	0.000347266	0.0195937	0.00587772	R6	NW	SK060	1	1157
r6_2140__p1:i20822	r6_2140__p1:i20822	0.0150953	0.00326853	0.0108665	-0.0139338	-0.00264094	-0.0309564	-0.00305645	0.011993	0.000224754	-0.00629734	R6	NW	SK060	1	20822
r6_2140__p1:i20081	r6_2140__p1:i20081	0.0222757	0.0109364	0.0194668	-0.0243061	-0.00105441	-0.0442793	0.0055893	-0.00606957	-0.00320527	0.0132543	R6	NW	SK060	1	20081
r6_2140__p1:i14941	r6_2140__p1:i14941	0.0328902	-0.0078825	0.0106578	-0.0124838	-0.0168187	-0.0158459	0.0110466	0.00527642	0.0214224	0.0269088	R6	NW	SK060	1	14941
r6_2140__p1:i23012	r6_2140__p1:i23012	0.0352771	0.0145009	-0.00548848	-0.0234704	0.00941087	-0.026321	0.0201642	-0.0124171	0.0272442	0.0060004	R6	NW	SK060	1	23012
r6_2140__p1:i6587	r6_2140__p1:i6587	0.0125679	0.0182436	0.00508149	-0.0506893	0.0328065	-0.0201686	-0.0129855	0.0115872	-0.00581614	0.00870156	R6	NW	SK060	1	6587
r6_2140__p1:i21777	r6_2140__p1:i21777	0.04368	-0.0061676	0.0133645	0.0184596	0.017858	-0.013348	0.00596213	0.00139324	0.0364531	0.00569814	R6	NW	SK060	1	21777
r6_2140__p1:i21476	r6_2140__p1:i21476	0.0224297	-0.00569948	-0.00781523	-0.0178806	0.00666542	-0.0400134	0.0117017	-0.00397099	0.0273792	0.0384126	R6	NW	SK060	1	21476
r6_2140__p1:i20139	r6_2140__p1:i20139	0.0317796	-0.0146915	0.00182538	-0.0218414	0.0119097	-0.0385721	-0.0128692	-0.0176878	0.000280593	0.0353764	R6	NW	SK060	1	20139
r6_2140__p1:i7379	r6_2140__p1:i7379	0.0187785	-0.00393578	0.0164259	-0.0156586	-0.0203275	-0.00750415	-0.0152509	-0.0304714	-0.0281993	0.0236079	R6	NW	SK060	1	7379
r6_2140__p1:i17830	r6_2140__p1:i17830	0.0095834	0.018875	-0.00299771	-0.00903249	-0.00560012	-0.0277234	-0.0125567	-0.0206644	-0.021848	0.0310783	R6	NW	SK060	1	17830
r6_2140__p1:i17794	r6_2140__p1:i17794	0.0265242	0.00164046	-0.00264415	-0.0244528	-0.00558065	-0.00911682	0.00689003	0.0138426	0.0249171	0.0150791	R6	NW	SK060	1	17794
r6_2140__p1:i7423	r6_2140__p1:i7423	0.0169324	0.010547	-0.0128083	-0.00556819	0.00463483	-0.0298539	0.010353	-0.0259689	0.0194464	0.0213818	R6	NW	SK060	1	7423
r6_2140__p1:i13249	r6_2140__p1:i13249	0.0195712	-0.00182432	-0.0198419	-0.0183007	0.00893034	-0.0429083	-0.000270636	-0.0274605	-0.0173069	0.00253534	R6	NW	SK060	1	13249
r6_2140__p1:i12738	r6_2140__p1:i12738	0.0193508	-0.00152244	0.0141985	0.00364848	0.00954278	-0.0184338	0.00886346	4.79586e-05	-0.0139523	0.0240771	R6	NW	SK060	1	12738
r6_2140__p1:i6589	r6_2140__p1:i6589	-0.00491275	0.00278506	-0.00112673	-0.0333994	0.0155235	-0.0214265	-0.00607709	-0.0104416	-0.00998316	-0.00230623	R6	NW	SK060	1	6589
r6_2140__p1:i15270	r6_2140__p1:i15270	0.0231491	-0.0162913	0.0226575	-0.0216161	0.00382704	-0.0238209	-0.00123074	0.00548558	-0.000311894	0.0151573	R6	NW	SK060	1	15270
r6_2140__p1:i18613	r6_2140__p1:i18613	0.0290555	-0.0174846	0.00688407	-0.015753	0.0217577	0.00281652	0.0427242	-0.00916586	-0.0170944	0.00189792	R6	NW	SK068	2	18613
r6_2140__p1:i2784	r6_2140__p1:i2784	0.0324296	0.0059675	-0.000971426	0.000285202	0.0167128	-0.0175679	0.0106915	0.0022358	-0.0106547	0.0281778	R6	NW	SK068	2	2784
r6_2140__p1:i2260	r6_2140__p1:i2260	0.0245721	0.0049299	-0.0162246	-0.0304236	0.016719	-0.035692	0.0311772	-0.00651303	0.0291927	-0.00429831	R6	NW	SK068	2	2260
r6_2140__p1:i3047	r6_2140__p1:i3047	0.0250816	0.00218247	0.020821	-0.0268142	0.0120166	-0.0277978	0.0276828	0.00637407	-0.00974035	0.0133753	R6	NW	SK068	2	3047
r6_2140__p1:i16303	r6_2140__p1:i16303	0.0401112	-0.018272	0.0102729	-0.0278799	-0.00177684	-0.00427738	-0.0286663	-0.00801161	-0.0222984	0.0503824	R6	NW	SK068	2	16303
r6_2140__p1:i3725	r6_2140__p1:i3725	0.06115	-0.00981242	0.0134103	-0.0215049	0.00565534	-0.0304988	0.00834395	-0.00937489	0.0344244	0.0199449	R6	NW	SK068	2	3725
r6_2140__p1:i2545	r6_2140__p1:i2545	0.0271898	0.00448828	0.00915023	-0.00799834	0.0196035	-0.0319602	0.0153461	-0.000680221	0.00089695	0.0237909	R6	NW	SK068	2	2545
r6_2140__p1:i14553	r6_2140__p1:i14553	0.0581515	0.00478894	0.00967404	-0.0109616	0.0189386	-0.00297846	0.0180234	-0.0102484	0.0347477	0.00674715	R6	NW	SK068	2	14553
r6_2140__p1:i3424	r6_2140__p1:i3424	0.0360468	0.0132141	0.0070015	-0.0119158	0.0331745	-0.040548	0.0121773	-0.000568609	-0.0174941	0.0484123	R6	NW	SK068	2	3424
r6_2140__p1:i14847	r6_2140__p1:i14847	0.0406796	0.0129928	0.00202756	-0.00644921	0.0335339	-0.0332813	0.00793813	-0.000905401	-0.0179917	0.0523099	R6	NW	SK068	2	14847
r6_2140__p1:i3477	r6_2140__p1:i3477	0.0149911	0.028558	0.014508	-0.00929399	0.00488385	-0.0339782	0.00751908	-0.00194795	0.0109932	-0.0112252	R6	NW	SK068	2	3477
r6_2140__p1:i4330	r6_2140__p1:i4330	0.0398222	-0.00778849	-0.0148746	-0.0276015	0.00385881	-0.0391656	0.00178651	-0.0206448	0.0147311	-0.0139721	R6	NW	SK068	2	4330
r6_2140__p1:i21805	r6_2140__p1:i21805	0.0209837	-0.0154926	0.019472	-0.0115909	0.0335693	-0.025652	0.00724081	-0.0251439	0.0342438	0.0258674	R6	NW	SK068	2	21805
r6_2140__p1:i12684	r6_2140__p1:i12684	0.033345	0.0204289	-0.00332207	-0.0248353	0.0135419	-0.0152581	0.0102532	0.0269424	-0.0184986	0.0149978	R6	NW	SK068	2	12684
r6_2140__p1:i5165	r6_2140__p1:i5165	0.0373453	0.0192917	0.0253575	-0.0118817	0.00223979	-0.0165844	0.00374497	-0.0081545	-0.00722478	0.0236623	R6	NW	SK068	2	5165
r6_2140__p1:i18161	r6_2140__p1:i18161	0.040887	0.0016965	-0.00473544	-0.0239252	0.015989	-0.0214091	0.0245332	0.00721821	0.0363286	0.00827279	R6	NW	SK068	2	18161
r6_2140__p1:i22277	r6_2140__p1:i22277	0.0451447	-0.000501121	0.0225024	-0.020639	0.00644598	-0.0222054	0.00870582	0.00300961	-0.00637362	0.0332869	R6	NW	SK068	2	22277
r6_2140__p1:i17232	r6_2140__p1:i17232	0.0029724	0.0105774	-0.00493757	-0.0405774	0.00508992	-0.0333459	-0.0126784	-0.0149869	0.00885667	0.013024	R6	NW	SK068	2	17232
r6_2140__p1:i13770	r6_2140__p1:i13770	0.0223801	0.00737653	-0.0126194	-0.0171517	0.00797468	-0.0293208	0.00616827	0.0227474	0.00279487	0.0299326	R6	NW	SK068	2	13770
r6_2140__p1:i15643	r6_2140__p1:i15643	0.0306953	-0.00450356	-0.0293313	-0.000712402	-0.00311506	-0.0248355	0.0209035	-0.0101318	0.0219973	0.0043706	R6	NW	SK068	2	15643
r6_2140__p1:i11912	r6_2140__p1:i11912	0.0417398	-0.0132248	-0.00642984	0.0127535	0.00548818	-0.00491695	0.0457175	0.000240777	0.00421951	0.0273662	R6	NW	SK069	3	11912
r6_2140__p1:i14102	r6_2140__p1:i14102	0.0486117	-0.0021852	-0.0208405	-0.0195148	0.0116885	-0.0337867	0.0143886	-0.0435529	0.00602912	0.0246385	R6	NW	SK069	3	14102
r6_2140__p1:i12275	r6_2140__p1:i12275	0.0511925	0.00978792	-0.0135052	-0.00844542	0.0335814	-0.00780141	0.0288315	-0.00415123	0.0132874	0.00472955	R6	NW	SK069	3	12275
r6_2140__p1:i17087	r6_2140__p1:i17087	0.0604322	0.0108738	-0.0166097	-0.0136077	0.0285156	-0.0535005	0.0247487	0.00105173	0.0137914	0.0246394	R6	NW	SK069	3	17087
r6_2140__p1:i21959	r6_2140__p1:i21959	0.0253665	-0.00408193	-0.00236914	-0.0192684	0.0135021	-0.00564521	0.00583015	-0.00172239	0.013876	0.0280184	R6	NW	SK069	3	21959
r6_2140__p1:i6797	r6_2140__p1:i6797	0.00844458	0.00119462	0.0317163	-0.0107972	0.00712154	-0.0123372	0.012428	0.010406	-0.0200976	0.0252705	R6	NW	SK069	3	6797
r6_2140__p1:i11752	r6_2140__p1:i11752	0.0358683	0.00420588	0.00886501	-0.0206875	0.00453488	-0.0203722	0.0346954	0.0146661	-0.0244387	0.0471741	R6	NW	SK069	3	11752
r6_2140__p1:i10846	r6_2140__p1:i10846	0.0158993	0.00396357	-0.0133735	-0.021191	0.0183154	-0.0241271	0.0103046	-0.0169392	0.00195114	0.0452611	R6	NW	SK069	3	10846
r6_2140__p1:i525	r6_2140__p1:i525	0.0362284	-0.0197477	-0.000579926	0.0159211	0.00803082	-0.00497491	0.0353293	0.00454843	0.0212559	0.0257022	R6	NW	SK069	3	525
r6_2140__p1:i18865	r6_2140__p1:i18865	0.00608231	-0.00680031	0.00767544	-0.0200743	-0.00602948	-0.00519762	0.00968751	-0.0177829	0.0114621	0.0189358	R6	NW	SK069	3	18865
r6_2140__p1:i13244	r6_2140__p1:i13244	0.0205967	-0.0125625	0.00436727	-0.00190374	0.0226242	-0.00604098	-0.0124154	-0.0155156	0.016735	0.0188553	R6	NW	SK069	3	13244
r6_2140__p1:i7557	r6_2140__p1:i7557	0.0206601	-0.0137768	0.0035059	-0.0102786	0.00256209	-0.000753321	0.0115455	0.000828713	-0.0110506	0.0121059	R6	NW	SK069	3	7557
r6_2140__p1:i5925	r6_2140__p1:i5925	0.014616	0.00930545	-0.000830591	-0.0211303	0.0037742	-0.026814	-0.00321574	-0.017654	0.0193776	0.00540314	R6	NW	SK069	3	5925
r6_2140__p1:i14531	r6_2140__p1:i14531	0.0438311	-0.00660196	0.00874573	-0.0093122	-0.00579803	-0.0100434	0.00231534	-0.0114895	-0.00649753	0.0294504	R6	NW	SK069	3	14531
r6_2140__p1:i5377	r6_2140__p1:i5377	0.0661756	0.00335162	-0.00179701	-0.0230708	0.00868331	-0.0398702	-0.00102323	-0.00750558	0.0370792	0.00631995	R6	NW	SK069	3	5377
r6_2140__p1:i17015	r6_2140__p1:i17015	0.0106572	0.00107887	0.0167099	-0.00740799	0.0164101	-0.0336207	0.00205291	0.0113482	0.0104041	0.0210384	R6	NW	SK069	3	17015
r6_2140__p1:i17016	r6_2140__p1:i17016	0.0134258	-0.00031519	0.00768329	0.00502568	-3.69177e-05	-0.00991567	-0.00789066	0.0115093	0.00519817	0.00457768	R6	NW	SK069	3	17016
r6_2140__p1:i14103	r6_2140__p1:i14103	0.0270313	0.00858964	-0.0148605	-0.0215577	0.0119304	-0.0366166	0.00499966	-0.00692058	0.0213035	0.0360593	R6	NW	SK069	3	14103
r6_2140__p1:i7928	r6_2140__p1:i7928	0.0091717	-0.00947363	0.0184168	-0.0294797	0.00101913	-0.0326521	0.0132259	0.00334393	0.00627878	0.0304142	R6	NW	SK069	3	7928
r6_2140__p1:i21694	r6_2140__p1:i21694	0.0427578	-0.00455608	-0.0226837	-0.0160309	0.00873425	-0.00959045	0.0228025	0.00901885	0.01042	1.26968e-05	R6	NW	SK069	3	21694
r6_2140__p1:i17197	r6_2140__p1:i17197	0.0108318	-0.000608957	-0.0119628	-0.00936551	-0.00640969	-0.00856224	0.00647681	-0.0165651	0.0221812	0.0107916	R6	NE	SK062	1	17197
r6_2140__p1:i748	r6_2140__p1:i748	0.023789	-0.0115903	0.00640663	-0.0186506	-0.0103273	-0.00696629	-0.0213949	-0.010401	0.00150904	0.0135975	R6	NE	SK062	1	748
r6_2140__p1:i6937	r6_2140__p1:i6937	0.0212714	-0.00954604	0.0163145	-0.0364588	-0.0298053	-0.0383871	-0.00285722	-0.000986841	0.00974743	0.00865187	R6	NE	SK062	1	6937
r6_2140__p1:i8795	r6_2140__p1:i8795	0.0084432	-0.0175004	0.00365181	-0.03317	0.0216215	-0.00211289	0.0047618	0.0229112	0.00637968	0.00868418	R6	NE	SK062	1	8795
r6_2140__p1:i2304	r6_2140__p1:i2304	-0.00654508	-0.00332864	0.00449945	-0.0284929	0.00611712	-0.024065	-0.00363796	-0.000500318	-0.0337126	0.0131551	R6	NE	SK062	1	2304
r6_2140__p1:i8585	r6_2140__p1:i8585	-0.00131984	-0.0103763	0.0147223	-0.0191235	-0.00514209	-0.0190807	-0.00950758	0.00997327	-0.00310394	0.0398677	R6	NE	SK062	1	8585
r6_2140__p1:i20566	r6_2140__p1:i20566	0.0101447	0.000313228	0.0146494	-0.0127496	-0.0176979	-0.0050267	0.000201586	-0.0244532	-0.0186902	0.0250174	R6	NE	SK062	1	20566
r6_2140__p1:i4970	r6_2140__p1:i4970	0.0187523	-0.0279999	0.00340391	0.00336874	0.0206907	0.0152786	0.00616956	-0.0131475	-0.0252215	0.0132062	R6	NE	SK062	1	4970
r6_2140__p1:i15494	r6_2140__p1:i15494	-0.0264502	-0.00340633	0.00963198	-0.00408838	-0.00578892	-0.0168031	-0.0203105	-0.00994086	0.0155336	0.0163138	R6	NE	SK062	1	15494
r6_2140__p1:i6486	r6_2140__p1:i6486	-0.00332395	0.014515	-0.00264879	0.00179545	0.00248216	-0.0109095	-0.00602057	0.0113973	0.0129058	0.0150864	R6	NE	SK062	1	6486
r6_2140__p1:i215	r6_2140__p1:i215	0.0005984	-0.00554905	0.0358438	-0.00251567	-0.0222675	-0.0360577	-0.0178721	-0.0248618	0.0166893	-0.0108658	R6	NE	SK062	1	215
r6_2140__p1:i5852	r6_2140__p1:i5852	-0.0066754	0.0168534	0.0145285	-0.0441154	0.0149218	-0.0309047	-0.0137631	-0.0172726	0.000129731	0.0170419	R6	NE	SK062	1	5852
r6_2140__p1:i13673	r6_2140__p1:i13673	-0.00302532	0.0181946	0.0146548	-0.0324533	0.0167418	-0.0449825	-0.00457019	-0.0244496	-0.0127489	0.0286135	R6	NE	SK062	1	13673
r6_2140__p1:i4041	r6_2140__p1:i4041	-0.0165956	-0.0137001	0.00122565	-0.0294847	0.00051726	-0.00771761	-0.0122215	-0.00701699	0.0309929	0.0297639	R6	NE	SK062	1	4041
r6_2140__p1:i14559	r6_2140__p1:i14559	-0.00776585	-0.0180529	0.00374043	-0.0171202	-0.00270388	-0.0159095	-0.0260521	-0.0434165	-0.0338133	0.00169109	R6	NE	SK062	1	14559
r6_2140__p1:i18366	r6_2140__p1:i18366	-0.010423	0.00946259	0.00131625	-0.00309949	-0.0130493	-0.0152579	0.0111743	0.00173225	-0.00535541	0.0338462	R6	NE	SK062	1	18366
r6_2140__p1:i6048	r6_2140__p1:i6048	0.00950318	0.00799369	0.0125471	-0.00585629	-0.00618838	-0.0103721	-0.0381597	0.00377439	-0.0396321	0.0177686	R6	NE	SK062	1	6048
r6_2140__p1:i875	r6_2140__p1:i875	0.0164032	0.00951489	0.0102466	0.00480398	0.0105764	-0.0268305	-0.0232454	-0.00343081	-0.0161402	0.00365526	R6	NE	SK062	1	875
r6_2140__p1:i17316	r6_2140__p1:i17316	-0.0145443	0.00570627	0.00782286	-0.0526733	0.0133386	-0.0440851	0.00167866	-0.0396491	-0.0012418	0.0103405	R6	NE	SK062	1	17316
r6_2140__p1:i5851	r6_2140__p1:i5851	-0.000499516	-0.01524	0.0209279	-0.045466	0.00134924	-0.0449122	0.00250857	-0.0167225	-0.0128364	0.0229513	R6	NE	SK062	1	5851
r6_2140__p1:i10454	r6_2140__p1:i10454	-0.00717182	-0.0101719	0.033374	-0.0739559	-0.0261629	-0.0117324	-0.041659	-0.0582912	-0.0191947	0.0421007	R6	NE	SK063	2	10454
r6_2140__p1:i1005	r6_2140__p1:i1005	-0.0239429	-0.0096694	0.0178091	-0.0428202	-0.0264912	-0.0150933	-0.0283778	-0.0519704	0.0400599	0.0115503	R6	NE	SK063	2	1005
r6_2140__p1:i3183	r6_2140__p1:i3183	-0.00162989	-0.0139913	0.00086348	-0.0388728	-0.0219758	-0.0202749	-0.0168032	-0.0300544	0.0140739	0.0309553	R6	NE	SK063	2	3183
r6_2140__p1:i8057	r6_2140__p1:i8057	0.0423847	-0.0127623	0.00459712	-0.0102638	0.00159813	-0.0107952	0.0250918	-0.00432114	0.0059462	0.023243	R6	NE	SK063	2	8057
r6_2140__p1:i2632	r6_2140__p1:i2632	0.00773107	-0.015894	0.00375827	-0.0408863	-0.0149642	0.00377489	-0.00130199	-0.0127102	-0.0345469	0.0472841	R6	NE	SK063	2	2632
r6_2140__p1:i518	r6_2140__p1:i518	0.0235826	0.00887363	-0.00360955	-0.0363886	0.0126985	-0.0284305	-0.00917197	0.000153567	0.00367481	0.021262	R6	NE	SK063	2	518
r6_2140__p1:i22093	r6_2140__p1:i22093	0.0130051	0.0100688	0.029991	-0.0570986	-0.0271446	-0.00489787	-0.0234994	-0.0317758	-0.0311133	0.0418199	R6	NE	SK063	2	22093
r6_2140__p1:i8140	r6_2140__p1:i8140	-0.00155701	-0.00935481	0.0171084	-0.0336003	0.0131571	0.00634417	-0.0263518	-0.0151696	0.0309768	0.0468596	R6	NE	SK063	2	8140
r6_2140__p1:i3182	r6_2140__p1:i3182	-0.00121581	-0.0141518	-0.0112328	-0.0343995	-0.032913	-0.0118713	-0.0246106	-0.015157	-0.000388628	0.0152111	R6	NE	SK063	2	3182
r6_2140__p1:i6133	r6_2140__p1:i6133	0.026415	-0.0115355	0.00607632	-0.00988699	-0.0153024	-0.0270665	-0.00707634	0.00464174	-0.0350915	0.014618	R6	NE	SK063	2	6133
r6_2140__p1:i10835	r6_2140__p1:i10835	-0.0155431	0.00855867	0.0109898	-0.0202723	-0.000285726	-0.0484734	-0.00584213	0.000827825	0.00960917	-0.0138882	R6	NE	SK063	2	10835
r6_2140__p1:i22854	r6_2140__p1:i22854	0.00598807	-0.010821	0.0103675	-0.00933252	0.0174498	0.0237049	-0.00411033	0.00570528	0.00450244	0.0264613	R6	NE	SK063	2	22854
r6_2140__p1:i13382	r6_2140__p1:i13382	0.0102036	-0.000601927	0.0104538	-0.0241094	0.00508905	0.000503928	-0.0194218	-0.00641977	0.0393593	0.0355928	R6	NE	SK063	2	13382
r6_2140__p1:i6262	r6_2140__p1:i6262	0.0167599	-0.00774331	0.00132061	-0.0160219	0.0143054	-0.018014	-0.0146876	-0.0228039	-0.0158188	-0.0178948	R6	NE	SK063	2	6262
r6_2140__p1:i14525	r6_2140__p1:i14525	-0.023599	0.00090915	0.0238149	-0.0117874	0.00745092	-0.00809472	-0.00089756	-0.0227059	0.0144868	0.0086928	R6	NE	SK063	2	14525
r6_2140__p1:i11901	r6_2140__p1:i11901	0.01888	0.0180728	0.00459632	-0.023001	0.0107309	-0.0369212	0.0044315	0.0015571	0.00622461	0.017105	R6	NE	SK063	2	11901
r6_2140__p1:i13156	r6_2140__p1:i13156	-0.00854176	-0.0100394	0.0264573	-0.0182119	-0.00297833	0.0121343	-0.0226808	0.0125747	-0.00567639	0.0119064	R6	NE	SK063	2	13156
r6_2140__p1:i18056	r6_2140__p1:i18056	-0.00738645	-0.0104202	0.0203734	-0.0642947	-0.0243365	-0.0107712	-0.0348496	-0.0438812	-0.0455292	0.0420201	R6	NE	SK063	2	18056
r6_2140__p1:i5983	r6_2140__p1:i5983	0.0207597	-0.00654587	0.0107213	-0.012158	0.0103324	-0.0101956	-0.0236919	-0.0204819	0.0239271	0.0051139	R6	NE	SK063	2	5983
r6_2140__p1:i16695	r6_2140__p1:i16695	-0.00625491	-0.00669439	0.0108392	-0.0243484	0.0179963	-0.000360757	-0.0200656	0.0099746	0.0186682	0.0231177	R6	NE	SK063	2	16695
r6_2140__p1:i17802	r6_2140__p1:i17802	-0.0212745	-0.0106644	0.0121272	-0.0415623	-0.0151208	0.00186196	-0.00954649	0.0156882	-0.0269889	0.0163617	R6	NE	SK064	3	17802
r6_2140__p1:i9099	r6_2140__p1:i9099	-0.00405889	0.00563466	0.0232751	0.00049734	-0.0129306	-0.00316385	-0.0262388	-0.024246	-0.00038767	0.0147068	R6	NE	SK064	3	9099
r6_2140__p1:i12288	r6_2140__p1:i12288	-0.00956896	-0.0117632	0.00424574	-0.04134	-0.0145922	-0.0176829	-0.0469245	-0.0235959	-0.0206863	0.0337009	R6	NE	SK064	3	12288
r6_2140__p1:i2006	r6_2140__p1:i2006	-0.00398849	-0.00765351	0.00988452	-0.0261497	-0.0123043	-0.0121211	-0.0134447	-0.0258581	-0.00574205	0.0245123	R6	NE	SK064	3	2006
r6_2140__p1:i5880	r6_2140__p1:i5880	-0.0095926	0.00548974	0.0162243	0.0128937	-0.0198346	-0.00766325	0.000997132	-0.00358262	0.00149571	0.0269053	R6	NE	SK064	3	5880
r6_2140__p1:i11595	r6_2140__p1:i11595	-0.0274471	0.00579279	-0.000150685	-0.0385335	-0.0167304	0.00466953	-0.0301919	-0.0314886	0.0343194	-0.000168799	R6	NE	SK064	3	11595
r6_2140__p1:i11259	r6_2140__p1:i11259	-0.0137153	-0.00228971	0.0204652	-0.0291084	-0.0328084	-0.00703823	-0.0206191	-0.00857966	0.000477408	0.0370615	R6	NE	SK064	3	11259
r6_2140__p1:i14401	r6_2140__p1:i14401	-0.0120003	0.00151988	0.0135478	-0.0434327	-0.0268765	0.00160275	-0.0243267	-0.0472359	0.025414	0.00626015	R6	NE	SK064	3	14401
r6_2140__p1:i13479	r6_2140__p1:i13479	-0.0254704	0.0230188	-0.0038822	-0.0174884	-0.0304982	-0.0387318	-0.00319121	-0.024628	0.0282293	0.0274515	R6	NE	SK064	3	13479
r6_2140__p1:i22264	r6_2140__p1:i22264	-0.0129275	-0.005607	0.0066224	-0.0342725	-0.0124143	-0.00246872	-0.0101605	0.00604523	-0.0237445	0.0114061	R6	NE	SK064	3	22264
r6_2140__p1:i16169	r6_2140__p1:i16169	-0.0193933	-0.00778356	0.0169405	-0.0281072	-0.0151744	-0.00037666	0.00081352	-0.00249858	0.0374209	0.00280201	R6	NE	SK064	3	16169
r6_2140__p1:i21554	r6_2140__p1:i21554	-0.0281006	0.0100646	0.0171782	-0.0403406	-0.022105	0.00979666	-0.0125655	0.00422446	-0.00875892	0.0126889	R6	NE	SK064	3	21554
r6_2140__p1:i16378	r6_2140__p1:i16378	0.0288879	0.00170457	0.0123062	-0.017923	0.0021935	-0.00830219	-0.0109737	0.0087253	0.00247128	0.00951218	R6	NE	SK064	3	16378
r6_2140__p1:i21027	r6_2140__p1:i21027	0.00490337	-0.000433621	0.00319067	-0.0417381	-0.0179621	0.00262188	0.0233796	0.0116494	-0.00186612	-0.0208215	R6	NE	SK064	3	21027
r6_2140__p1:i824	r6_2140__p1:i824	-0.0150496	-0.00137915	0.00542237	-0.019019	-0.0110929	-0.00366548	-0.00639884	0.00913232	-0.0159159	-0.00379567	R6	NE	SK064	3	824
r6_2140__p1:i14775	r6_2140__p1:i14775	0.0184084	0.0215576	0.0184664	-0.0365071	0.00730638	-0.0340368	-0.0329682	0.010692	0.00938267	0.00985136	R6	NE	SK064	3	14775
r6_2140__p1:i22622	r6_2140__p1:i22622	-0.0192347	-0.00505397	0.0107603	-0.0162126	-0.00905042	0.0308286	0.0102458	-0.00317691	0.0326441	0.00352019	R6	NE	SK064	3	22622
r6_2140__p1:i10851	r6_2140__p1:i10851	-0.00235306	0.0134342	0.00738844	-0.0203555	0.0158548	-0.00698783	-0.00861659	0.00361239	-0.00561201	0.0206195	R6	NE	SK064	3	10851
r6_2140__p1:i13366	r6_2140__p1:i13366	-0.0160409	-0.00456134	0.0351188	-0.0518679	-0.0130803	-0.0240985	-0.0526186	-0.0474535	-0.0109699	0.0497395	R6	NE	SK064	3	13366
r6_2140__p1:i1070	r6_2140__p1:i1070	-0.00820836	-0.0180272	0.00350843	-0.0188448	0.00280243	0.0128243	-0.00802078	0.0210203	0.0215351	0.0166125	R6	NE	SK064	3	1070
r6_2140__p1:i4442	r6_2140__p1:i4442	-0.0168839	0.000971945	0.0118064	-0.0321363	-0.0223082	-0.00378852	0.00151484	-0.0170137	0.0122345	-0.0165469	R6	W	SK025	1	4442
r6_2140__p1:i16161	r6_2140__p1:i16161	-0.011795	0.0091109	0.0157093	-0.0128436	0.000302065	0.00808696	-0.00817338	-0.0158765	0.00296111	0.0103748	R6	W	SK025	1	16161
r6_2140__p1:i5208	r6_2140__p1:i5208	-0.0135992	0.0189887	0.0156182	-0.0414915	0.00681501	-0.00774479	-0.0128982	-0.0270313	0.0265366	0.0198515	R6	W	SK025	1	5208
r6_2140__p1:i18171	r6_2140__p1:i18171	0.0218892	-0.00222011	0.0129331	-0.00402181	0.0179399	-0.0486257	0.00129818	0.00347279	0.00276325	0.0324313	R6	W	SK025	1	18171
r6_2140__p1:i11680	r6_2140__p1:i11680	-0.00180768	0.00453373	0.00767676	-0.0214163	-0.00287665	-0.00496286	-0.034587	-0.0214821	-0.0290436	0.0105295	R6	W	SK025	1	11680
r6_2140__p1:i1901	r6_2140__p1:i1901	-0.0247881	0.0107121	0.0153653	-0.0128686	-0.0146758	-0.0262887	0.000503588	-0.00540889	-0.00890529	0.0148101	R6	W	SK025	1	1901
r6_2140__p1:i21428	r6_2140__p1:i21428	0.00230404	0.00913854	0.015358	-0.0400934	-0.010153	-0.0227043	-0.0052189	0.0132097	0.00934309	0.00819156	R6	W	SK025	1	21428
r6_2140__p1:i4856	r6_2140__p1:i4856	-0.00734207	0.00319645	-0.00429535	-0.0102835	0.0151325	-0.0169747	-0.00176642	0.00258358	0.0150628	0.00888648	R6	W	SK025	1	4856
r6_2140__p1:i12021	r6_2140__p1:i12021	-0.0100928	-0.0223338	-0.00174273	-0.0378893	0.0273917	-0.0242823	0.00565545	-0.0172631	0.0100089	-0.00188521	R6	W	SK025	1	12021
r6_2140__p1:i20947	r6_2140__p1:i20947	-0.0114784	0.0088613	0.00349108	-0.0158132	0.0269226	-0.0143116	0.00600887	-0.0239034	0.0259787	0.0178243	R6	W	SK025	1	20947
r6_2140__p1:i4595	r6_2140__p1:i4595	-0.00493527	0.00991066	-0.00173404	-0.0232133	0.0119584	0.00354803	-0.00449102	-0.0177159	-0.0169858	-0.00100661	R6	W	SK025	1	4595
r6_2140__p1:i635	r6_2140__p1:i635	-0.0100928	-0.0223338	-0.00174273	-0.0378893	0.0273917	-0.0242823	0.00565545	-0.0172631	0.0100089	-0.00188521	R6	W	SK025	1	635
r6_2140__p1:i7540	r6_2140__p1:i7540	-0.0203526	-0.00390152	0.00876343	-0.00655571	-0.00516384	-0.0156472	-0.017339	-0.00162179	0.00586869	-0.000793421	R6	W	SK025	1	7540
r6_2140__p1:i12027	r6_2140__p1:i12027	-0.0158646	-0.017301	0.0291667	-0.000852307	0.00297843	0.0036928	-0.00704392	-0.0345588	-0.00748455	0.00777298	R6	W	SK025	1	12027
r6_2140__p1:i22911	r6_2140__p1:i22911	-0.0119225	0.0165943	0.0140122	-0.0197758	-0.0174852	-0.0111853	-0.0191343	-0.0120492	-0.00424024	0.0137933	R6	W	SK025	1	22911
r6_2140__p1:i4348	r6_2140__p1:i4348	-0.0154502	0.00145808	0.0134234	-0.0230325	-0.034705	-0.00826516	-0.0158259	-0.0390551	0.00904638	-0.00866157	R6	W	SK025	1	4348
r6_2140__p1:i20457	r6_2140__p1:i20457	-0.0146249	-0.0171829	0.019042	-0.00689805	0.00856601	-0.00870783	-0.00797183	0.00836002	-0.0106287	0.0309743	R6	W	SK025	1	20457
r6_2140__p1:i11655	r6_2140__p1:i11655	-0.00639156	-0.00998036	-0.0194756	-0.0337344	0.00952159	-0.00838922	0.00475365	0.0160524	-0.00447273	-0.00283241	R6	W	SK025	1	11655
r6_2140__p1:i4633	r6_2140__p1:i4633	-0.00521465	0.000978456	0.0308976	-0.00159959	0.00081236	-0.0233746	-0.00564541	-0.0107008	0.0126818	-0.00959517	R6	W	SK025	1	4633
r6_2140__p1:i19574	r6_2140__p1:i19574	-0.00376941	-0.00395629	0.00666318	-0.0342141	0.0020677	-0.0128489	-0.0334816	-0.033996	-0.0145467	0.0149995	R6	W	SK025	1	19574
r6_2140__p1:i4244	r6_2140__p1:i4244	-0.00678115	-0.0116454	-0.0011705	-0.0272295	0.016725	-0.0111812	-0.0418881	-0.0241564	0.0376028	0.0163378	R6	W	SK026	2	4244
r6_2140__p1:i20461	r6_2140__p1:i20461	-0.0279758	0.00615847	0.00998772	-0.00823084	-0.017693	-0.0335443	0.00424107	-0.00331131	0.028524	0.0137786	R6	W	SK026	2	20461
r6_2140__p1:i3998	r6_2140__p1:i3998	-0.00505967	-5.77048e-05	-0.0031114	-0.0487609	-0.017234	-0.0219975	-0.0222222	-0.0144576	0.00608609	0.0148509	R6	W	SK026	2	3998
r6_2140__p1:i20175	r6_2140__p1:i20175	0.000340025	0.0120863	-0.000880607	-0.0213486	0.00335202	-0.0235417	-0.00772322	-0.0145677	0.000939132	0.0270632	R6	W	SK026	2	20175
r6_2140__p1:i22588	r6_2140__p1:i22588	-0.0197214	0.0093783	0.0125754	-0.0129658	-0.0151007	0.00732701	0.000599178	-0.0422995	0.0266018	-0.0104345	R6	W	SK026	2	22588
r6_2140__p1:i21708	r6_2140__p1:i21708	-0.0237159	0.00699795	-0.00266288	-0.0139024	-0.0229236	-0.028591	-0.0340591	-0.000518454	-0.00536696	0.0260266	R6	W	SK026	2	21708
r6_2140__p1:i5023	r6_2140__p1:i5023	-0.0294081	0.0119917	0.0133202	-0.0295329	-0.0310268	-0.0164566	-0.0426176	-0.0333388	0.02054	-0.00282918	R6	W	SK026	2	5023
r6_2140__p1:i15480	r6_2140__p1:i15480	-0.0190286	0.00453056	0.0135015	-0.0398158	-0.0265679	-0.00320331	-0.0573863	-0.0268946	-0.0448081	-0.0159699	R6	W	SK026	2	15480
r6_2140__p1:i8541	r6_2140__p1:i8541	-0.0252289	-0.00908891	0.00413221	-0.00800934	-0.00568266	-0.00754291	-0.00754591	-0.0213426	0.0381845	0.0100909	R6	W	SK026	2	8541
r6_2140__p1:i13813	r6_2140__p1:i13813	-0.00274389	0.015192	0.0334378	-0.0307442	0.0138457	-0.00399046	-0.0165826	-0.0230095	-0.0345109	-0.0025048	R6	W	SK026	2	13813
r6_2140__p1:i5024	r6_2140__p1:i5024	-0.0122776	-0.00548339	0.0114943	-0.043517	0.0257867	0.00253422	-0.038558	0.00632127	0.0102445	0.0111674	R6	W	SK026	2	5024
r6_2140__p1:i10095	r6_2140__p1:i10095	-0.0244995	-0.0149314	0.0172677	-0.0116264	0.0162132	-0.00509201	-0.0123223	-0.00737397	0.00693739	0.00742301	R6	W	SK026	2	10095
r6_2140__p1:i15571	r6_2140__p1:i15571	-0.00273631	-0.0109723	0.0145721	-0.0112307	0.00856361	0.0101056	-0.0170824	-0.0107898	-0.00847214	-0.0222201	R6	W	SK026	2	15571
r6_2140__p1:i3687	r6_2140__p1:i3687	-0.00839919	-0.000569477	0.0317693	-0.0277042	0.0083215	-0.0246194	-0.0415446	-0.0257042	0.0127397	0.00525793	R6	W	SK026	2	3687
r6_2140__p1:i4017	r6_2140__p1:i4017	-0.0165584	-0.00542454	0.00106534	-0.0286591	-0.0215675	-0.0144461	-0.0479784	-0.0417998	-0.0556192	-0.0181124	R6	W	SK026	2	4017
r6_2140__p1:i2264	r6_2140__p1:i2264	-0.0296046	-0.00298327	-0.012756	-0.0168563	0.00497868	0.0251183	-0.028149	0.010678	0.0260474	-0.00112094	R6	W	SK026	2	2264
r6_2140__p1:i19077	r6_2140__p1:i19077	-0.00225388	-0.00425948	0.0211183	0.00100035	-0.0121799	0.000861214	0.0046998	-0.0517651	0.00423458	0.0104351	R6	W	SK026	2	19077
r6_2140__p1:i3981	r6_2140__p1:i3981	0.00378662	0.00944751	0.00114404	-0.0196948	-0.0347665	-0.0200516	-0.0508041	-0.000425679	-0.0184395	0.033192	R6	W	SK026	2	3981
r6_2140__p1:i6075	r6_2140__p1:i6075	-0.0156856	-0.0220961	0.0318082	-0.0296971	0.0285945	0.0117811	-0.0434702	0.0193678	0.00492976	0.00194172	R6	W	SK026	2	6075
r6_2140__p1:i18227	r6_2140__p1:i18227	-0.0108884	0.00501097	0.0113472	-0.0356311	-0.0118194	-0.00475843	-0.0366295	-0.0311273	0.0281605	0.0150637	R6	W	SK026	2	18227
r6_2140__p1:i2980	r6_2140__p1:i2980	-0.00209267	0.00350694	0.00557315	-0.0107931	0.0182587	-0.0131403	-0.00100771	0.00678885	-0.00485518	0.0107082	R6	W	SK034	3	2980
r6_2140__p1:i10369	r6_2140__p1:i10369	0.00369612	-0.0225698	0.00764036	-0.0161081	-0.0170126	-0.0019341	-0.0297119	0.00032996	-0.000929005	0.00449075	R6	W	SK034	3	10369
r6_2140__p1:i14599	r6_2140__p1:i14599	-0.00181927	-0.000542321	0.0348848	-0.0255	-0.00330252	-0.0135513	-0.00433536	-0.010731	0.00926591	0.0274755	R6	W	SK034	3	14599
r6_2140__p1:i20882	r6_2140__p1:i20882	-0.0181948	-0.00135481	0.000421774	-0.0290698	0.00336951	-0.00667052	0.00791477	-0.0129914	0.00504863	0.0196946	R6	W	SK034	3	20882
r6_2140__p1:i2685	r6_2140__p1:i2685	0.027144	-0.0106273	0.0089576	-0.0179989	-0.00648346	-0.0209564	-0.00310946	0.000698117	0.0249214	0.00315329	R6	W	SK034	3	2685
r6_2140__p1:i16294	r6_2140__p1:i16294	-0.0109475	0.0229137	-0.00383622	-0.0358966	-0.0123933	-0.0160408	-0.0470542	-0.0187862	-0.0394395	0.00475547	R6	W	SK034	3	16294
r6_2140__p1:i14177	r6_2140__p1:i14177	-0.0180568	0.0142485	0.0153885	-0.0273868	0.00706994	-0.00221317	-0.0288868	-0.000963557	0.0324781	0.0114894	R6	W	SK034	3	14177
r6_2140__p1:i6915	r6_2140__p1:i6915	0.0157438	-0.00879907	0.0272701	0.0049861	0.00242681	-0.00110448	-0.0252326	0.00793839	0.00482219	0.011354	R6	W	SK034	3	6915
r6_2140__p1:i5207	r6_2140__p1:i5207	0.00223287	0.0131651	-0.00512377	-0.0219879	-0.00884287	-0.00785355	0.0024954	0.00987928	0.0137636	0.0133944	R6	W	SK034	3	5207
r6_2140__p1:i11046	r6_2140__p1:i11046	-0.00445506	0.017349	0.01376	-0.0315986	0.000396332	-0.0334873	-0.00199165	-0.00830024	0.0102116	0.00892104	R6	W	SK034	3	11046
r6_2140__p1:i23052	r6_2140__p1:i23052	-0.0070036	-0.00140741	0.000362208	-0.0259893	-0.00380473	0.0124407	0.00808727	-0.0296361	-0.00317577	-0.00424244	R6	W	SK034	3	23052
r6_2140__p1:i11589	r6_2140__p1:i11589	-0.00527984	0.0107765	0.0164665	-0.0396386	0.0170856	-0.00916049	-0.0382098	-0.010258	0.00845198	0.00977169	R6	W	SK034	3	11589
r6_2140__p1:i14273	r6_2140__p1:i14273	-0.0188223	-0.0274764	-0.0141289	-0.0111007	0.0113085	0.0127422	-0.00848639	-0.0108385	-0.00522468	0.032135	R6	W	SK034	3	14273
r6_2140__p1:i11711	r6_2140__p1:i11711	0.00162513	-0.00673803	0.00814842	-0.0323459	-0.0126879	-0.0169381	-0.00791302	-0.00255781	0.0129057	-0.00579863	R6	W	SK034	3	11711
r6_2140__p1:i5235	r6_2140__p1:i5235	0.00147433	-0.00761074	0.0255377	-0.0429673	0.00405757	-0.0085318	-0.00189768	0.00979288	0.0221406	-0.0246684	R6	W	SK034	3	5235
r6_2140__p1:i562	r6_2140__p1:i562	-0.0294883	-0.0336632	0.0139263	-0.0193866	0.0105993	-0.00363522	-0.0349895	-0.00287254	-0.0103113	0.000989749	R6	W	SK034	3	562
r6_2140__p1:i17114	r6_2140__p1:i17114	-0.00207516	-0.03194	-0.00979337	-0.0169914	0.00998166	-0.00290734	-0.0146665	-0.0218299	-0.0202761	0.00674149	R6	W	SK034	3	17114
r6_2140__p1:i1088	r6_2140__p1:i1088	0.0109925	0.00709194	0.0138012	-0.0402973	-0.00432357	-0.0110936	-0.0134915	-0.0129688	0.0118468	0.0034714	R6	W	SK034	3	1088
r6_2140__p1:i14823	r6_2140__p1:i14823	-0.00320527	-0.000488274	0.0108738	-0.0218626	-0.00645122	-0.00402325	-0.00899062	-0.0286305	-0.0055961	0.0196825	R6	W	SK034	3	14823
r6_2140__p1:i22808	r6_2140__p1:i22808	-0.0153639	0.0112713	0.0122012	-0.0299369	-0.00789138	-0.0334656	-0.0380349	-0.0164306	0.0232648	-0.0143605	R6	W	SK034	3	22808
r6_2140__p1:i16902	r6_2140__p1:i16902	-0.0161289	0.000932647	-0.00679226	-0.017576	0.000551563	-0.00499962	-0.0138675	-0.0195104	-0.00163412	-0.00708677	R6	E	SK037	1	16902
r6_2140__p1:i4	r6_2140__p1:i4	-0.0237568	0.0220529	0.00385531	-0.0297428	-0.0206759	-0.0156725	-0.0103442	-0.0124687	0.016338	0.0179394	R6	E	SK037	1	4
r6_2140__p1:i12311	r6_2140__p1:i12311	-0.0303631	-0.0111908	0.00807754	-0.037765	-0.0030971	-0.0385055	-0.0348823	-0.0346848	-0.000121076	0.00722305	R6	E	SK037	1	12311
r6_2140__p1:i10074	r6_2140__p1:i10074	-0.0280475	-0.00452942	0.0320072	-0.0408265	0.00211459	-0.0192605	-0.0127311	-0.0523038	0.0187106	0.014405	R6	E	SK037	1	10074
r6_2140__p1:i10318	r6_2140__p1:i10318	-0.00134107	-0.00793208	0.00979271	-0.0196684	-0.00217688	-0.0130666	0.00271014	-0.0181932	0.0176774	0.0202621	R6	E	SK037	1	10318
r6_2140__p1:i13617	r6_2140__p1:i13617	-0.0182599	0.00301615	0.022071	-0.0290813	0.0189255	0.00192318	-0.0296662	-0.0060235	0.0128369	0.0137858	R6	E	SK037	1	13617
r6_2140__p1:i7139	r6_2140__p1:i7139	-0.00647764	0.0155301	0.00174735	-0.0303904	0.0136401	0.00459141	-0.00435809	0.000596745	-0.00976272	-0.0158111	R6	E	SK037	1	7139
r6_2140__p1:i6832	r6_2140__p1:i6832	-0.0336697	0.00567877	-0.00313238	-0.0132899	-0.00664318	-0.022425	-0.00274503	-0.00696971	-0.00783717	0.00134148	R6	E	SK037	1	6832
r6_2140__p1:i6986	r6_2140__p1:i6986	0.00546093	0.00337784	0.00293391	-0.00672347	-0.0198295	-0.0453037	0.00898215	-0.0399332	0.0188787	-0.00120634	R6	E	SK037	1	6986
r6_2140__p1:i1741	r6_2140__p1:i1741	-0.0299041	-0.00626531	0.00632605	-0.0628318	0.0290792	-0.00263071	-0.0231918	-0.0209263	0.00233966	0.0229564	R6	E	SK037	1	1741
r6_2140__p1:i16807	r6_2140__p1:i16807	0.00209005	0.0135495	0.00658613	-0.02201	-0.00978561	-0.00820086	-0.0093143	0.00749664	-0.00832335	0.0189927	R6	E	SK037	1	16807
r6_2140__p1:i22638	r6_2140__p1:i22638	-0.0200861	0.00212194	0.00249156	-0.0339904	-0.0218891	-0.0297618	-0.034417	-0.0156539	0.0174575	-0.00428938	R6	E	SK037	1	22638
r6_2140__p1:i15886	r6_2140__p1:i15886	-0.00647034	0.00929699	0.0169196	-0.0236236	0.0171566	-0.00826232	-0.00658907	-0.00381829	-0.0126503	0.00102053	R6	E	SK037	1	15886
r6_2140__p1:i18134	r6_2140__p1:i18134	-0.00589109	0.0186942	0.00353025	-0.0260837	-0.0172263	-0.0355999	-0.0422418	-0.00829078	-0.0141078	0.0141742	R6	E	SK037	1	18134
r6_2140__p1:i12325	r6_2140__p1:i12325	-0.0164924	0.0216286	0.0217751	-0.0333139	-0.0353089	-0.0042786	-0.0208131	-0.0444033	0.00030662	0.0274889	R6	E	SK037	1	12325
r6_2140__p1:i21430	r6_2140__p1:i21430	-0.0189219	0.0219759	-0.00779266	-0.0146495	-0.000794727	-0.00274681	-0.00818862	-0.000928282	-0.0157687	0.0112999	R6	E	SK037	1	21430
r6_2140__p1:i20210	r6_2140__p1:i20210	-0.0143466	-0.0121147	0.00948099	-0.00713226	-0.000413083	-0.00986426	-0.0115301	-0.0145205	0.0304969	0.0141406	R6	E	SK037	1	20210
r6_2140__p1:i13160	r6_2140__p1:i13160	0.0006371	-0.0072511	0.00508862	-0.0155881	0.00549754	-0.0131123	0.0108259	0.00453981	0.0190591	0.00665376	R6	E	SK037	1	13160
r6_2140__p1:i14799	r6_2140__p1:i14799	-0.0209589	-0.0155974	-0.0181279	-0.0088301	-0.00350727	-0.00494304	-0.0205702	-0.00994223	0.0071416	0.0048822	R6	E	SK037	1	14799
r6_2140__p1:i13519	r6_2140__p1:i13519	-0.0248693	-0.00353322	0.0115655	-0.0311953	-0.0122106	-0.0246565	-0.0166053	-0.0303685	0.0117464	0.0154815	R6	E	SK037	1	13519
r6_2140__p1:i4431	r6_2140__p1:i4431	-0.00326918	0.0046261	0.0132295	-0.0423689	0.00149415	-0.00603317	-0.0293516	-0.0373758	0.00621403	0.0193307	R6	E	SK045	2	4431
r6_2140__p1:i10777	r6_2140__p1:i10777	-0.0224718	0.0158509	0.0178984	-0.0386073	0.000399388	0.000408853	-0.00829476	-0.0156185	-0.0106131	-0.000727436	R6	E	SK045	2	10777
r6_2140__p1:i4233	r6_2140__p1:i4233	0.00276084	-0.00144209	0.00598	-0.0454721	0.0110414	0.00121295	-0.0210276	-0.0254515	-0.00506714	0.00912644	R6	E	SK045	2	4233
r6_2140__p1:i17001	r6_2140__p1:i17001	-0.00493679	0.00472769	-0.00244754	-0.0306325	-0.0142251	-0.0264851	-0.00387692	0.00168407	0.00598964	0.00571476	R6	E	SK045	2	17001
r6_2140__p1:i5329	r6_2140__p1:i5329	-0.0253597	-0.0104018	0.000393	-0.0299577	0.00542693	-0.0051179	-0.00472218	-0.0163032	0.00788424	-0.00748529	R6	E	SK045	2	5329
r6_2140__p1:i1535	r6_2140__p1:i1535	-0.0308149	0.0112601	0.00640167	-0.0352303	-0.0511503	-0.0212397	-0.0168058	-0.0187168	-0.0183293	0.00498972	R6	E	SK045	2	1535
r6_2140__p1:i14236	r6_2140__p1:i14236	-0.0268283	-0.0145499	-0.0020048	-0.0106217	0.00845032	-0.00690723	0.00542925	-0.0287278	0.0206703	0.00321913	R6	E	SK045	2	14236
r6_2140__p1:i2608	r6_2140__p1:i2608	-0.00332958	0.0167499	-0.00514713	-0.0151931	-0.0066298	0.00171481	-0.0102818	0.00195116	-0.00347618	-0.00647637	R6	E	SK045	2	2608
r6_2140__p1:i14452	r6_2140__p1:i14452	-0.0173269	-0.00409717	0.0199403	-0.0372917	-0.036742	-0.0347236	-0.0133222	0.00558068	-0.0132249	-0.0015485	R6	E	SK045	2	14452
r6_2140__p1:i12020	r6_2140__p1:i12020	0.0118606	-0.00509762	0.00495477	-0.000905722	-0.00991789	-0.0140175	-0.0125229	-0.00878026	0.0264369	-0.0032378	R6	E	SK045	2	12020
r6_2140__p1:i22384	r6_2140__p1:i22384	-0.00707527	0.0151555	0.0137847	-0.0323808	-0.0467932	-0.0367115	-0.00928419	-0.0250082	0.00421145	-0.00978977	R6	E	SK045	2	22384
r6_2140__p1:i8210	r6_2140__p1:i8210	-0.0102546	-0.0111292	0.0413199	-0.0306029	0.00411533	-0.000601391	0.000105147	0.00279538	0.0256963	-0.00574787	R6	E	SK045	2	8210
r6_2140__p1:i13782	r6_2140__p1:i13782	0.00558934	-0.00429926	0.0206568	-0.0294485	0.0182639	-0.0197258	0.0113632	0.00875888	0.0353733	0.0338617	R6	E	SK045	2	13782
r6_2140__p1:i18787	r6_2140__p1:i18787	0.00331196	-0.0239305	0.033557	-0.0388028	0.00984212	0.00135967	-0.0396379	-0.0249967	0.020728	0.0239779	R6	E	SK045	2	18787
r6_2140__p1:i15324	r6_2140__p1:i15324	0.0206793	-0.00852311	0.0053295	-0.0210158	-0.0189605	-0.0101552	-0.0167556	-0.00737462	-0.00793164	0.00522651	R6	E	SK045	2	15324
r6_2140__p1:i5045	r6_2140__p1:i5045	-0.010937	0.0019713	0.00993462	-0.0305617	-0.0143238	-6.54857e-05	-0.0136412	-0.014818	0.0189653	0.014524	R6	E	SK045	2	5045
r6_2140__p1:i11661	r6_2140__p1:i11661	-0.0124121	0.00305571	0.0211333	-0.019202	0.00400768	-0.0300006	-0.0127288	6.57763e-07	-0.0103308	0.0216929	R6	E	SK045	2	11661
r6_2140__p1:i12613	r6_2140__p1:i12613	-0.00447232	-0.0270943	0.0138754	-0.0193725	0.018591	-0.0021697	-0.00836687	-0.0199841	0.0092551	0.0122432	R6	E	SK045	2	12613
r6_2140__p1:i10495	r6_2140__p1:i10495	-0.00339718	0.00765766	0.00547061	-0.0112268	-0.00681721	-0.0132831	-0.00836027	-0.0267742	0.00483256	0.00154313	R6	E	SK045	2	10495
r6_2140__p1:i14544	r6_2140__p1:i14544	-0.00680233	-0.00828127	0.0211109	-0.0437878	-0.0191203	-0.00311703	-0.0523776	-0.0404893	-0.0118782	0.0324476	R6	E	SK045	2	14544
r6_2140__p1:i686	r6_2140__p1:i686	-0.00653281	-0.00331801	0.00303474	-0.0140286	0.0231053	-0.00200445	-0.0331457	-0.0270487	0.0197327	-0.00255426	R6	E	SK046	3	686
r6_2140__p1:i7661	r6_2140__p1:i7661	-0.00236656	-0.00182403	0.0195252	-0.02445	-0.016214	-0.00577457	-0.0025016	-0.0133733	-0.0130362	0.0252217	R6	E	SK046	3	7661
r6_2140__p1:i19631	r6_2140__p1:i19631	-0.0122402	0.00551952	0.0110134	-0.0261446	0.0104006	0.00604194	-0.0059117	0.00135936	0.0112958	0.0271438	R6	E	SK046	3	19631
r6_2140__p1:i8711	r6_2140__p1:i8711	0.000182075	0.00320565	0.0161034	-0.0320673	-0.0143694	-0.0326584	-0.01525	-0.0217157	-0.0110453	0.00780155	R6	E	SK046	3	8711
r6_2140__p1:i21852	r6_2140__p1:i21852	-0.00238789	-0.021862	0.0130301	-0.0290248	-0.0338986	-0.0301507	-0.0466196	-0.018424	0.000970811	0.0262503	R6	E	SK046	3	21852
r6_2140__p1:i20833	r6_2140__p1:i20833	-0.0113639	0.0146009	0.0179079	-0.00457322	-0.0256456	-0.0150979	0.00418637	-0.0307369	-0.00015058	0.00247757	R6	E	SK046	3	20833
r6_2140__p1:i1341	r6_2140__p1:i1341	-0.0253234	0.0214711	0.00741325	-0.0235395	-0.00333515	0.0312228	-0.0136985	-0.0243257	-0.00971436	-0.0172707	R6	E	SK046	3	1341
r6_2140__p1:i2291	r6_2140__p1:i2291	-0.0102257	0.0191198	0.0341966	-0.0163674	-0.0147282	-0.0260695	-0.0393865	-0.00909921	0.0111056	-0.00588414	R6	E	SK046	3	2291
r6_2140__p1:i8988	r6_2140__p1:i8988	-0.0159113	0.006386	-0.0133828	-0.010828	0.0055536	-0.0432118	-0.0463966	-0.00137218	-0.00173733	-0.0241566	R6	E	SK046	3	8988
r6_2140__p1:i19298	r6_2140__p1:i19298	0.00282867	0.000700468	0.0180732	-0.0289242	-0.0178056	-0.0395887	-0.0330619	-0.00204976	0.0149821	0.00638125	R6	E	SK046	3	19298
r6_2140__p1:i14314	r6_2140__p1:i14314	-0.00437299	0.00994571	0.0292206	-0.0220022	-0.0311134	0.00713509	-0.0162617	-0.0255582	-0.0216681	0.0161337	R6	E	SK046	3	14314
r6_2140__p1:i22408	r6_2140__p1:i22408	-0.00607767	0.0080148	0.00470326	-0.00426129	0.0236703	-0.0137218	-0.022567	-0.00419772	0.00727149	0.0197962	R6	E	SK046	3	22408
r6_2140__p1:i1531	r6_2140__p1:i1531	-0.0296301	0.0122515	-0.0086414	-0.0232396	-0.0161578	0.000114268	-0.016	0.0330275	-0.00500997	-0.0634488	R6	E	SK046	3	1531
r6_2140__p1:i5011	r6_2140__p1:i5011	0.00601755	-0.00429662	0.0197333	-0.0310639	-0.0226593	-0.020851	-0.0208712	-0.00607167	-0.00173428	0.00972806	R6	E	SK046	3	5011
r6_2140__p1:i7906	r6_2140__p1:i7906	-0.0171301	-0.00898668	0.00218095	-0.0164222	-0.0264003	-0.0285011	-0.0162684	-0.0242259	0.0179848	-0.0117102	R6	E	SK046	3	7906
r6_2140__p1:i819	r6_2140__p1:i819	-0.00558176	0.0210422	-0.00357677	-0.0104542	-0.0191345	-0.0387189	-0.0287328	-9.43771e-05	-0.00655902	-0.0322198	R6	E	SK046	3	819
r6_2140__p1:i10416	r6_2140__p1:i10416	-0.00625892	0.00572428	0.000887126	-0.0275329	-0.00891353	-0.0365122	-0.0132097	-0.0307938	0.00402526	-0.00351418	R6	E	SK046	3	10416
r6_2140__p1:i4587	r6_2140__p1:i4587	-0.0219086	0.0149825	0.00603635	-0.0342354	-0.00182629	-0.0128769	-0.0153589	0.0136711	-0.00882381	-0.0449031	R6	E	SK046	3	4587
r6_2140__p1:i12123	r6_2140__p1:i12123	-0.0108985	0.0179105	0.0197693	-0.0115186	-0.015534	0.000532315	-0.0113098	-0.00120074	-0.00422359	0.0180053	R6	E	SK046	3	12123
r6_2140__p1:i14185	r6_2140__p1:i14185	-0.0151946	0.00222131	0.0352032	-0.0268302	-0.0110753	-0.00946812	-0.0548048	-0.0370712	-0.0227507	0.00995242	R6	E	SK046	3	14185
r6_2140__p1:i5559	r6_2140__p1:i5559	-0.0169387	-0.0224804	0.0287727	-0.0407739	0.0329167	-0.0109079	-0.0243731	-0.0354497	0.0198831	-0.0274907	R6	SE	SK008	1	5559
r6_2140__p1:i6818	r6_2140__p1:i6818	-0.00988608	-0.00519416	0.0210866	-0.0249296	-0.0251937	-0.0172671	-0.0206067	-0.0294861	-0.0148876	0.00254866	R6	SE	SK008	1	6818
r6_2140__p1:i19389	r6_2140__p1:i19389	-0.0224589	0.000431193	0.00157179	-0.0227389	-0.00658654	-0.0186786	-0.0244175	-0.0222803	0.019633	0.00360374	R6	SE	SK008	1	19389
r6_2140__p1:i8539	r6_2140__p1:i8539	-0.0234242	-0.00281632	0.00213916	-0.0286892	0.00235997	0.00611121	-0.0143262	-0.00556065	0.00369074	-0.00214818	R6	SE	SK008	1	8539
r6_2140__p1:i2620	r6_2140__p1:i2620	-0.00678677	-0.0045623	0.0225008	-0.0406912	0.00397602	-0.0159524	-0.0145729	-0.00432676	0.000510383	0.023173	R6	SE	SK008	1	2620
r6_2140__p1:i6904	r6_2140__p1:i6904	-0.0187527	0.00742318	0.0100501	-0.0130889	-0.011561	-0.00196366	-0.0109799	-0.0327636	0.00785186	0.0333166	R6	SE	SK008	1	6904
r6_2140__p1:i18356	r6_2140__p1:i18356	-0.0165326	0.0220517	0.0346897	-0.0175548	-0.0170799	0.00567175	-0.0258529	-0.0183218	0.0154299	-0.0217459	R6	SE	SK008	1	18356
r6_2140__p1:i17128	r6_2140__p1:i17128	-0.025648	-0.00792473	0.0323267	-0.021785	0.0106878	-0.0203865	-0.0225046	-0.0589286	-0.00717206	-0.0158049	R6	SE	SK008	1	17128
r6_2140__p1:i21233	r6_2140__p1:i21233	-0.00847701	0.00749384	0.00995252	-0.0207468	-0.0284764	-0.0107202	-0.032079	-0.015739	0.0207489	0.00618787	R6	SE	SK008	1	21233
r6_2140__p1:i17601	r6_2140__p1:i17601	-0.0288605	-0.00534649	0.0360206	-0.0383121	-0.0219332	-0.00326506	-0.0337092	-0.0373187	0.0303054	-0.00118163	R6	SE	SK008	1	17601
r6_2140__p1:i20840	r6_2140__p1:i20840	-0.0118877	-0.00844233	0.00150359	-0.0114627	0.0157868	-0.00399326	-0.0210271	-0.0385342	0.0117058	-0.0172081	R6	SE	SK008	1	20840
r6_2140__p1:i2466	r6_2140__p1:i2466	-0.00531285	0.003994	0.00818119	-0.0313478	0.00225941	-0.0203058	-0.0193849	-0.0175997	0.0264056	0.020182	R6	SE	SK008	1	2466
r6_2140__p1:i10860	r6_2140__p1:i10860	-0.00579782	0.0131569	0.0235707	-0.0355062	-0.0234379	-0.0152086	-0.039637	-0.0362423	-0.0246539	0.0194607	R6	SE	SK008	1	10860
r6_2140__p1:i13573	r6_2140__p1:i13573	-0.0141611	0.00243536	0.0277023	-0.0378323	0.00749516	-0.00120343	-0.0451182	-0.0164619	0.0077305	0.00875901	R6	SE	SK008	1	13573
r6_2140__p1:i4245	r6_2140__p1:i4245	-0.0214334	0.0150596	0.0323399	-0.0186374	-0.017422	-0.00233203	-0.0216518	-0.0165863	-0.00460689	-0.0119684	R6	SE	SK008	1	4245
r6_2140__p1:i16022	r6_2140__p1:i16022	-0.023059	-0.0138412	0.0324007	-0.0176713	-0.0163935	-0.01414	-0.035974	-0.00036069	0.00489498	0.00911856	R6	SE	SK008	1	16022
r6_2140__p1:i8612	r6_2140__p1:i8612	-0.0243399	-0.0103374	0.00236141	-0.0294821	0.0138159	0.00673165	0.00906957	-0.0351357	0.0270607	-0.00399082	R6	SE	SK008	1	8612
r6_2140__p1:i17666	r6_2140__p1:i17666	-0.00834304	-0.00574158	0.020194	-0.0193399	-0.0167291	0.00353976	-0.0250553	-0.0237332	-0.00769891	-0.00111337	R6	SE	SK008	1	17666
r6_2140__p1:i20863	r6_2140__p1:i20863	-0.0135728	-0.00323344	0.00974694	-0.0491389	-0.0143008	-0.00130859	-0.0189634	0.0150728	-0.0364114	0.0154664	R6	SE	SK008	1	20863
r6_2140__p1:i17032	r6_2140__p1:i17032	-0.0225152	0.0234549	0.0271108	-0.0495123	-0.0211834	-0.0135376	-0.0420595	-0.00436074	-0.0226769	0.000429041	R6	SE	SK008	1	17032
r6_2140__p1:i9819	r6_2140__p1:i9819	-0.0225973	0.00317601	0.0165965	-0.0353846	0.0047403	-0.0241295	-0.0129203	-0.00382205	-0.0133438	0.0102436	R6	SE	SK018	2	9819
r6_2140__p1:i3353	r6_2140__p1:i3353	-0.0167715	0.0101775	0.026487	-0.0338745	0.0077997	-0.0390865	-0.017251	-0.0322829	-0.0115655	-0.0032827	R6	SE	SK018	2	3353
r6_2140__p1:i4283	r6_2140__p1:i4283	-0.0171086	-0.0191334	0.0167898	-0.0511951	0.0259069	-0.0194952	-0.0155501	-0.0625328	0.0303458	-0.0354959	R6	SE	SK018	2	4283
r6_2140__p1:i1862	r6_2140__p1:i1862	-0.0223164	-0.00424208	4.63633e-05	-0.0100939	0.00220008	-0.00299001	-0.0257932	-0.0179631	0.00368159	0.014126	R6	SE	SK018	2	1862
r6_2140__p1:i12171	r6_2140__p1:i12171	-0.0147009	0.00356374	0.0100298	0.000498276	-0.0106777	-0.0157023	-0.00757538	-0.0138678	0.00533334	-0.00683819	R6	SE	SK018	2	12171
r6_2140__p1:i2047	r6_2140__p1:i2047	-0.00371707	-0.0111883	0.00693357	-0.0272981	0.000944808	-0.0132175	-0.0168037	-0.00548601	0.0103273	0.0221583	R6	SE	SK018	2	2047
r6_2140__p1:i7171	r6_2140__p1:i7171	-0.0199567	0.00785834	0.0257278	-0.0499364	0.0130793	-0.0308685	-0.0322006	-0.0242043	0.00431812	0.0136387	R6	SE	SK018	2	7171
r6_2140__p1:i17406	r6_2140__p1:i17406	-0.0338346	0.0051616	-0.00323702	-0.0230318	-0.00157204	-0.016578	-0.0207003	-0.0242852	-0.00911003	0.0154845	R6	SE	SK018	2	17406
r6_2140__p1:i7838	r6_2140__p1:i7838	0.00647916	-0.00212619	0.00268152	-0.0393524	-0.0050371	-0.0063165	-0.0164557	0.0166865	0.00738022	-0.0199811	R6	SE	SK018	2	7838
r6_2140__p1:i7518	r6_2140__p1:i7518	-0.0105329	0.00420005	0.00635488	-0.0145891	-0.0269397	-0.0147708	-0.0265472	-0.00863684	-0.0403322	-0.0156982	R6	SE	SK018	2	7518
r6_2140__p1:i8681	r6_2140__p1:i8681	-0.00273293	0.0119289	0.0042595	-0.0082557	-0.00363792	-0.0192625	0.0038973	-0.0133711	0.0256988	0.0172215	R6	SE	SK018	2	8681
r6_2140__p1:i9002	r6_2140__p1:i9002	-0.0275738	-0.0408961	0.0335381	-0.0442445	0.00676173	-0.0181268	-0.0348369	-0.0411567	0.0381627	-0.0272859	R6	SE	SK018	2	9002
r6_2140__p1:i1111	r6_2140__p1:i1111	-0.00619566	0.0184313	0.00914178	-0.0371434	0.0108565	-0.0201547	-0.0235647	-0.0134485	0.00583406	0.00449182	R6	SE	SK018	2	1111
r6_2140__p1:i21628	r6_2140__p1:i21628	-0.0217257	-0.0262163	0.0195304	-0.0283857	0.0210121	-0.0110091	-0.0436825	-0.0348804	0.0186027	-0.0318355	R6	SE	SK018	2	21628
r6_2140__p1:i12764	r6_2140__p1:i12764	-0.0196455	0.000149032	0.0221139	-0.0243392	-0.00960556	-0.0364573	-0.0147904	-0.0166959	0.0257462	0.0186436	R6	SE	SK018	2	12764
r6_2140__p1:i5652	r6_2140__p1:i5652	-0.0183458	0.00815034	0.0255957	-0.043109	-0.0124243	0.0110969	-0.014866	-0.0324068	0.0167087	0.0192776	R6	SE	SK018	2	5652
r6_2140__p1:i12663	r6_2140__p1:i12663	-0.027442	0.00146982	0.0348423	-0.0207383	-0.0185925	-0.00610793	-0.025688	-0.0107658	-0.00346001	-0.0392189	R6	SE	SK018	2	12663
r6_2140__p1:i21179	r6_2140__p1:i21179	-0.0159215	-0.00316536	0.002904	-0.0307777	-0.00647655	-0.010969	-0.0327591	-0.0138349	-0.00549633	0.00648223	R6	SE	SK018	2	21179
r6_2140__p1:i5061	r6_2140__p1:i5061	-0.0102705	-0.00297159	0.0201799	-0.0050889	-0.0121631	-0.00957965	0.00514391	-0.00106685	-0.00125203	0.00269665	R6	SE	SK018	2	5061
r6_2140__p1:i16987	r6_2140__p1:i16987	-0.0179223	-0.0167344	-0.00410127	-0.0693417	0.0283844	0.0101829	-0.00791104	-0.00355146	-0.00821739	0.016999	R6	SE	SK018	2	16987
r6_2140__p1:i21176	r6_2140__p1:i21176	-0.0265797	-0.0152979	-0.00666689	-0.0575907	0.0320848	-0.00639379	-0.0130577	-0.0291067	0.0350231	0.0318677	R6	SE	SK019	3	21176
r6_2140__p1:i15487	r6_2140__p1:i15487	-0.0151339	0.0210307	0.0144837	-0.0559139	0.00176095	-0.0212132	-0.0570396	-0.0495101	0.00728157	0.00132296	R6	SE	SK019	3	15487
r6_2140__p1:i1608	r6_2140__p1:i1608	-0.0219714	-0.010443	0.0505733	-0.0273077	0.00933127	-0.0182158	-0.0346114	-0.059608	0.027234	-0.0263188	R6	SE	SK019	3	1608
r6_2140__p1:i16994	r6_2140__p1:i16994	-0.00263555	-0.0121925	-0.00803994	-0.00178123	-0.00920875	-0.0362265	-0.00369514	-0.00609183	0.0098105	0.00654824	R6	SE	SK019	3	16994
r6_2140__p1:i4215	r6_2140__p1:i4215	-0.0214012	0.00925132	0.0173497	-0.0335949	-0.00297805	-0.0279845	-0.0442325	-0.0334827	0.00490284	-0.00741582	R6	SE	SK019	3	4215
r6_2140__p1:i16512	r6_2140__p1:i16512	-0.0228327	-0.00185529	0.0041994	-0.0160799	0.00266987	-0.0110994	-0.031903	-0.0176515	0.0026111	-0.0034312	R6	SE	SK019	3	16512
r6_2140__p1:i18640	r6_2140__p1:i18640	-0.0139657	0.00585875	0.0204046	-0.0157019	-0.0139105	-0.0219097	-0.00976454	-0.0365759	-0.00532974	-0.0174025	R6	SE	SK019	3	18640
r6_2140__p1:i679	r6_2140__p1:i679	-0.0122672	0.0100382	0.0188043	-0.030689	-0.0235031	-0.00541329	-0.0114008	-0.0313124	0.0113644	0.039956	R6	SE	SK019	3	679
r6_2140__p1:i22813	r6_2140__p1:i22813	-0.0185486	0.00348204	-0.00446497	-0.053653	0.0142393	-0.00255187	-0.00803792	-0.0399889	0.00624294	0.0685628	R6	SE	SK019	3	22813
r6_2140__p1:i499	r6_2140__p1:i499	-0.010583	0.0130193	-0.00460549	-0.0207865	-0.00382863	0.00914885	-0.0248427	-0.0252801	0.0210869	-0.0308711	R6	SE	SK019	3	499
r6_2140__p1:i13224	r6_2140__p1:i13224	-0.0127812	-0.0078365	0.0280713	-0.0307828	0.00975754	-0.0200216	-0.0331497	-0.0374417	-0.00318424	0.00297655	R6	SE	SK019	3	13224
r6_2140__p1:i11426	r6_2140__p1:i11426	-0.0257218	0.0107636	-0.00744838	-0.0248218	-0.00793367	0.00953521	0.00631185	-0.019857	0.0183375	0.00885062	R6	SE	SK019	3	11426
r6_2140__p1:i20861	r6_2140__p1:i20861	-0.0233487	-0.00284848	0.0302705	-0.0341995	0.0171777	-0.0231279	-0.0439358	-0.0451792	0.0251664	-0.0164136	R6	SE	SK019	3	20861
r6_2140__p1:i22278	r6_2140__p1:i22278	-0.0112924	0.00718904	0.0260213	-0.0214976	-0.00253653	-0.0107603	-0.00645393	-0.0136284	0.0513482	0.0137494	R6	SE	SK019	3	22278
r6_2140__p1:i7768	r6_2140__p1:i7768	-0.00989021	0.0152281	0.0164596	-0.0306752	-0.0103733	-0.000751053	-0.0348202	-0.0277261	0.0156612	-0.0130206	R6	SE	SK019	3	7768
r6_2140__p1:i22816	r6_2140__p1:i22816	-0.0221264	-0.0038504	-0.00720483	-0.0524955	0.0150308	0.00220611	-0.0160842	-0.0405755	0.00426179	0.0731986	R6	SE	SK019	3	22816
r6_2140__p1:i12341	r6_2140__p1:i12341	-0.0122929	-0.0188767	0.0340225	-0.049559	0.0184689	-0.0112434	-0.037228	-0.0433546	0.0191053	-0.0190498	R6	SE	SK019	3	12341
r6_2140__p1:i22818	r6_2140__p1:i22818	-0.0249166	0.0078375	0.00387854	-0.0490523	0.0138109	-0.0167444	-0.0457405	-0.0371327	0.00973239	0.00834717	R6	SE	SK019	3	22818
r6_2140__p1:i16247	r6_2140__p1:i16247	-0.0166732	0.00393832	0.0251156	-0.0341686	0.0154168	-0.0252366	-0.0315331	-0.0633858	-0.0121904	0.00136143	R6	SE	SK019	3	16247
r6_2140__p1:i20796	r6_2140__p1:i20796	-0.018244	0.0126768	0.0110471	-0.026058	-0.026415	-0.0107088	-0.00857416	-0.0303446	-0.0162598	0.0212755	R6	SE	SK019	3	20796
