sample_id	cluster	scenario	replicate	year	region	site	site_number	site_x	site_y	radius_model_units	target_n	n_available_at_site	ind_index	sex	age	x	y	distance_to_site	state	scenario_plot	FID	IID	fam_order	Q1	Q2	Q3	Q4	Q5	Q6	Q7
historical_rep030_1900_NW_SK060_i3298	lunarc	historical	rep030	1900	NW	SK060	1	77.0	105.0	4.0	20	139	3298	F	0	77.6508	102.663	2.425924491817505	1900	historical	y1900__p1:i3298	y1900__p1:i3298	1	1e-05	0.162371	0.049972	0.335159	0.055137	1e-05	0.397341
historical_rep030_1900_NW_SK060_i2155	lunarc	historical	rep030	1900	NW	SK060	1	77.0	105.0	4.0	20	139	2155	F	0	73.4723	105.32	3.5421839717891515	1900	historical	y1900__p1:i2155	y1900__p1:i2155	2	0.088908	0.144327	0.051927	0.4492	1e-05	0.19731	0.068317
historical_rep030_1900_NW_SK060_i2083	lunarc	historical	rep030	1900	NW	SK060	1	77.0	105.0	4.0	20	139	2083	F	0	75.6439	108.448	3.705092604780608	1900	historical	y1900__p1:i2083	y1900__p1:i2083	3	0.03862	0.052873	1e-05	0.616207	1e-05	1e-05	0.29227
historical_rep030_1900_NW_SK060_i21895	lunarc	historical	rep030	1900	NW	SK060	1	77.0	105.0	4.0	20	139	21895	M	0	76.5427	104.293	0.8420049227884563	1900	historical	y1900__p1:i21895	y1900__p1:i21895	4	0.018798	0.320607	1e-05	0.529079	0.039738	0.038828	0.052941
historical_rep030_1900_NW_SK060_i25566	lunarc	historical	rep030	1900	NW	SK060	1	77.0	105.0	4.0	20	139	25566	M	0	79.8458	107.122	3.5498537491000923	1900	historical	y1900__p1:i25566	y1900__p1:i25566	5	1e-05	1e-05	0.087931	0.661752	1e-05	0.065037	0.18525
historical_rep030_1900_NW_SK060_i10380	lunarc	historical	rep030	1900	NW	SK060	1	77.0	105.0	4.0	20	139	10380	F	0	74.779	103.979	2.444438994943424	1900	historical	y1900__p1:i10380	y1900__p1:i10380	6	1e-05	0.106111	1e-05	0.546059	1e-05	1e-05	0.34779
historical_rep030_1900_NW_SK060_i21517	lunarc	historical	rep030	1900	NW	SK060	1	77.0	105.0	4.0	20	139	21517	M	0	74.8106	105.525	2.2514656026686337	1900	historical	y1900__p1:i21517	y1900__p1:i21517	7	0.001109	1e-05	1e-05	0.659852	0.030264	0.01087	0.297884
historical_rep030_1900_NW_SK060_i463	lunarc	historical	rep030	1900	NW	SK060	1	77.0	105.0	4.0	20	139	463	F	0	75.6699	101.983	3.2971889557621625	1900	historical	y1900__p1:i463	y1900__p1:i463	8	0.055662	1e-05	0.105275	0.580706	1e-05	1e-05	0.258327
historical_rep030_1900_NW_SK060_i15707	lunarc	historical	rep030	1900	NW	SK060	1	77.0	105.0	4.0	20	139	15707	M	0	74.5155	102.391	3.6027241429229573	1900	historical	y1900__p1:i15707	y1900__p1:i15707	9	0.029138	0.140072	1e-05	0.756857	1e-05	1e-05	0.073903
historical_rep030_1900_NW_SK060_i23018	lunarc	historical	rep030	1900	NW	SK060	1	77.0	105.0	4.0	20	139	23018	M	0	74.1852	106.439	3.161300371682515	1900	historical	y1900__p1:i23018	y1900__p1:i23018	10	1e-05	0.128857	1e-05	0.6918	1e-05	1e-05	0.179303
historical_rep030_1900_NW_SK060_i14074	lunarc	historical	rep030	1900	NW	SK060	1	77.0	105.0	4.0	20	139	14074	M	0	75.8938	105.396	1.1749444412396712	1900	historical	y1900__p1:i14074	y1900__p1:i14074	11	0.159943	1e-05	1e-05	0.370346	0.107133	1e-05	0.362548
historical_rep030_1900_NW_SK060_i23192	lunarc	historical	rep030	1900	NW	SK060	1	77.0	105.0	4.0	20	139	23192	M	0	75.6919	107.292	2.639012999210121	1900	historical	y1900__p1:i23192	y1900__p1:i23192	12	1e-05	0.070085	0.078362	0.698751	1e-05	1e-05	0.152772
historical_rep030_1900_NW_SK060_i18046	lunarc	historical	rep030	1900	NW	SK060	1	77.0	105.0	4.0	20	139	18046	M	0	76.1239	102.093	3.0361489110384503	1900	historical	y1900__p1:i18046	y1900__p1:i18046	13	1e-05	0.152346	0.03526	0.651761	1e-05	1e-05	0.160603
historical_rep030_1900_NW_SK060_i15144	lunarc	historical	rep030	1900	NW	SK060	1	77.0	105.0	4.0	20	139	15144	M	0	75.2463	102.749	2.8535004275450886	1900	historical	y1900__p1:i15144	y1900__p1:i15144	14	1e-05	0.099788	1e-05	0.798629	0.099073	1e-05	0.00248
historical_rep030_1900_NW_SK060_i9011	lunarc	historical	rep030	1900	NW	SK060	1	77.0	105.0	4.0	20	139	9011	F	0	78.5732	104.444	1.668560529318609	1900	historical	y1900__p1:i9011	y1900__p1:i9011	15	1e-05	0.054772	0.097359	0.355143	0.158985	0.111738	0.221992
historical_rep030_1900_NW_SK060_i13169	lunarc	historical	rep030	1900	NW	SK060	1	77.0	105.0	4.0	20	139	13169	M	0	80.4636	104.048	3.592050801422496	1900	historical	y1900__p1:i13169	y1900__p1:i13169	16	1e-05	1e-05	1e-05	0.961514	1e-05	1e-05	0.038436
historical_rep030_1900_NW_SK060_i14353	lunarc	historical	rep030	1900	NW	SK060	1	77.0	105.0	4.0	20	139	14353	M	0	78.8673	103.476	2.4102666429256336	1900	historical	y1900__p1:i14353	y1900__p1:i14353	17	1e-05	0.039265	1e-05	0.699444	1e-05	0.007244	0.254016
historical_rep030_1900_NW_SK060_i17241	lunarc	historical	rep030	1900	NW	SK060	1	77.0	105.0	4.0	20	139	17241	M	0	77.456	101.122	3.904717659447352	1900	historical	y1900__p1:i17241	y1900__p1:i17241	18	0.034203	0.026681	0.01083	0.482131	0.284703	1e-05	0.161443
historical_rep030_1900_NW_SK060_i13478	lunarc	historical	rep030	1900	NW	SK060	1	77.0	105.0	4.0	20	139	13478	M	0	74.3107	102.527	3.6535001697002847	1900	historical	y1900__p1:i13478	y1900__p1:i13478	19	0.070921	0.047715	0.0484	0.394719	0.00954	0.17517	0.253534
historical_rep030_1900_NW_SK060_i14352	lunarc	historical	rep030	1900	NW	SK060	1	77.0	105.0	4.0	20	139	14352	M	0	76.5889	103.041	2.001670354978565	1900	historical	y1900__p1:i14352	y1900__p1:i14352	20	1e-05	1e-05	1e-05	0.746031	1e-05	1e-05	0.253919
historical_rep030_1900_NW_SK068_i17179	lunarc	historical	rep030	1900	NW	SK068	2	63.0	119.0	4.0	20	173	17179	M	0	62.1701	119.583	1.0142105353426385	1900	historical	y1900__p1:i17179	y1900__p1:i17179	21	1e-05	1e-05	1e-05	0.562578	1e-05	1e-05	0.437372
historical_rep030_1900_NW_SK068_i2573	lunarc	historical	rep030	1900	NW	SK068	2	63.0	119.0	4.0	20	173	2573	F	0	64.0791	121.028	2.297224588498046	1900	historical	y1900__p1:i2573	y1900__p1:i2573	22	0.022595	0.012691	1e-05	0.914605	1e-05	0.050079	1e-05
historical_rep030_1900_NW_SK068_i10177	lunarc	historical	rep030	1900	NW	SK068	2	63.0	119.0	4.0	20	173	10177	F	0	63.4872	121.937	2.977135005336504	1900	historical	y1900__p1:i10177	y1900__p1:i10177	23	0.039303	1e-05	0.040585	0.813575	1e-05	1e-05	0.106507
historical_rep030_1900_NW_SK068_i11725	lunarc	historical	rep030	1900	NW	SK068	2	63.0	119.0	4.0	20	173	11725	F	0	65.8602	116.913	3.540665621037949	1900	historical	y1900__p1:i11725	y1900__p1:i11725	24	0.014367	1e-05	0.090041	0.643858	0.025972	0.145155	0.080598
historical_rep030_1900_NW_SK068_i7717	lunarc	historical	rep030	1900	NW	SK068	2	63.0	119.0	4.0	20	173	7717	F	0	60.8598	121.687	3.4351746738703097	1900	historical	y1900__p1:i7717	y1900__p1:i7717	25	1e-05	1e-05	0.197886	0.668477	1e-05	0.006393	0.127214
historical_rep030_1900_NW_SK068_i3116	lunarc	historical	rep030	1900	NW	SK068	2	63.0	119.0	4.0	20	173	3116	F	0	65.1234	119.476	2.176098242267572	1900	historical	y1900__p1:i3116	y1900__p1:i3116	26	0.037082	0.07518	0.038655	0.547976	1e-05	1e-05	0.301086
historical_rep030_1900_NW_SK068_i5739	lunarc	historical	rep030	1900	NW	SK068	2	63.0	119.0	4.0	20	173	5739	F	0	64.6863	116.263	3.2147747494964527	1900	historical	y1900__p1:i5739	y1900__p1:i5739	27	0.20511	0.03189	0.101429	0.162672	0.101815	0.114487	0.282596
historical_rep030_1900_NW_SK068_i825	lunarc	historical	rep030	1900	NW	SK068	2	63.0	119.0	4.0	20	173	825	F	0	61.4202	117.65	2.078044282492551	1900	historical	y1900__p1:i825	y1900__p1:i825	28	0.11371	0.037954	1e-05	0.643166	1e-05	0.04186	0.163291
historical_rep030_1900_NW_SK068_i9812	lunarc	historical	rep030	1900	NW	SK068	2	63.0	119.0	4.0	20	173	9812	F	0	63.2088	118.588	0.4618889909924284	1900	historical	y1900__p1:i9812	y1900__p1:i9812	29	0.211361	1e-05	0.093959	0.223365	1e-05	0.131227	0.340068
historical_rep030_1900_NW_SK068_i18007	lunarc	historical	rep030	1900	NW	SK068	2	63.0	119.0	4.0	20	173	18007	M	0	61.958	118.363	1.221283341407719	1900	historical	y1900__p1:i18007	y1900__p1:i18007	30	1e-05	1e-05	0.028916	0.795622	1e-05	1e-05	0.175422
historical_rep030_1900_NW_SK068_i10971	lunarc	historical	rep030	1900	NW	SK068	2	63.0	119.0	4.0	20	173	10971	F	0	65.2491	118.959	2.2494736739957624	1900	historical	y1900__p1:i10971	y1900__p1:i10971	31	1e-05	1e-05	1e-05	0.99994	1e-05	1e-05	1e-05
historical_rep030_1900_NW_SK068_i22701	lunarc	historical	rep030	1900	NW	SK068	2	63.0	119.0	4.0	20	173	22701	M	0	65.0697	116.094	3.56770151357986	1900	historical	y1900__p1:i22701	y1900__p1:i22701	32	1e-05	0.103053	1e-05	0.564391	1e-05	1e-05	0.332517
historical_rep030_1900_NW_SK068_i21295	lunarc	historical	rep030	1900	NW	SK068	2	63.0	119.0	4.0	20	173	21295	M	0	65.7727	119.573	2.8312884505115323	1900	historical	y1900__p1:i21295	y1900__p1:i21295	33	0.165602	0.022447	0.016061	0.394161	1e-05	1e-05	0.401708
historical_rep030_1900_NW_SK068_i10805	lunarc	historical	rep030	1900	NW	SK068	2	63.0	119.0	4.0	20	173	10805	F	0	61.0565	120.947	2.7510000454380243	1900	historical	y1900__p1:i10805	y1900__p1:i10805	34	1e-05	0.133071	0.042113	0.582596	0.064834	1e-05	0.177365
historical_rep030_1900_NW_SK068_i3636	lunarc	historical	rep030	1900	NW	SK068	2	63.0	119.0	4.0	20	173	3636	F	0	62.336	120.864	1.9787349494058115	1900	historical	y1900__p1:i3636	y1900__p1:i3636	35	1e-05	1e-05	1e-05	0.632371	1e-05	1e-05	0.367579
historical_rep030_1900_NW_SK068_i25437	lunarc	historical	rep030	1900	NW	SK068	2	63.0	119.0	4.0	20	173	25437	M	0	64.3745	118.663	1.4152099667540488	1900	historical	y1900__p1:i25437	y1900__p1:i25437	36	1e-05	1e-05	0.198651	0.76093	0.007572	1e-05	0.032817
historical_rep030_1900_NW_SK068_i18517	lunarc	historical	rep030	1900	NW	SK068	2	63.0	119.0	4.0	20	173	18517	M	0	64.1407	122.276	3.46891517480609	1900	historical	y1900__p1:i18517	y1900__p1:i18517	37	0.128706	0.081914	0.032552	0.489867	1e-05	0.016509	0.250441
historical_rep030_1900_NW_SK068_i11271	lunarc	historical	rep030	1900	NW	SK068	2	63.0	119.0	4.0	20	173	11271	F	0	62.0867	117.249	1.9748716135485915	1900	historical	y1900__p1:i11271	y1900__p1:i11271	38	1e-05	1e-05	0.030354	0.719869	1e-05	1e-05	0.249736
historical_rep030_1900_NW_SK068_i4249	lunarc	historical	rep030	1900	NW	SK068	2	63.0	119.0	4.0	20	173	4249	F	0	60.8561	121.525	3.31239070914046	1900	historical	y1900__p1:i4249	y1900__p1:i4249	39	0.02685	0.035904	0.034779	0.558078	0.017295	1e-05	0.327084
historical_rep030_1900_NW_SK068_i25034	lunarc	historical	rep030	1900	NW	SK068	2	63.0	119.0	4.0	20	173	25034	M	0	61.4013	122.337	3.7001906288730617	1900	historical	y1900__p1:i25034	y1900__p1:i25034	40	0.038002	1e-05	0.038051	0.778556	0.024161	1e-05	0.12121
historical_rep030_1900_NW_SK069_i4305	lunarc	historical	rep030	1900	NW	SK069	3	77.0	119.0	4.0	20	51	4305	F	0	74.6338	120.211	2.6580864244790887	1900	historical	y1900__p1:i4305	y1900__p1:i4305	41	0.038789	0.001726	0.02018	0.571435	1e-05	1e-05	0.367849
historical_rep030_1900_NW_SK069_i25023	lunarc	historical	rep030	1900	NW	SK069	3	77.0	119.0	4.0	20	51	25023	M	0	76.1672	116.536	2.6009328787956068	1900	historical	y1900__p1:i25023	y1900__p1:i25023	42	1e-05	1e-05	1e-05	0.806181	1e-05	1e-05	0.193769
historical_rep030_1900_NW_SK069_i4197	lunarc	historical	rep030	1900	NW	SK069	3	77.0	119.0	4.0	20	51	4197	F	0	80.3296	116.788	3.997396672835961	1900	historical	y1900__p1:i4197	y1900__p1:i4197	43	1e-05	1e-05	1e-05	0.910138	1e-05	1e-05	0.089812
historical_rep030_1900_NW_SK069_i4233	lunarc	historical	rep030	1900	NW	SK069	3	77.0	119.0	4.0	20	51	4233	F	0	77.765	120.353	1.5542953387307012	1900	historical	y1900__p1:i4233	y1900__p1:i4233	44	1e-05	1e-05	1e-05	0.99994	1e-05	1e-05	1e-05
historical_rep030_1900_NW_SK069_i11357	lunarc	historical	rep030	1900	NW	SK069	3	77.0	119.0	4.0	20	51	11357	F	0	76.6717	117.148	1.880873438060098	1900	historical	y1900__p1:i11357	y1900__p1:i11357	45	1e-05	1e-05	1e-05	0.830589	1e-05	1e-05	0.169361
historical_rep030_1900_NW_SK069_i545	lunarc	historical	rep030	1900	NW	SK069	3	77.0	119.0	4.0	20	51	545	F	0	77.8991	118.922	0.9024770412592268	1900	historical	y1900__p1:i545	y1900__p1:i545	46	1e-05	0.082642	1e-05	0.73935	1e-05	1e-05	0.177968
historical_rep030_1900_NW_SK069_i16713	lunarc	historical	rep030	1900	NW	SK069	3	77.0	119.0	4.0	20	51	16713	M	0	75.805	116.026	3.205105458483388	1900	historical	y1900__p1:i16713	y1900__p1:i16713	47	0.051879	0.004024	0.043205	0.581731	0.020381	1e-05	0.29877
historical_rep030_1900_NW_SK069_i2370	lunarc	historical	rep030	1900	NW	SK069	3	77.0	119.0	4.0	20	51	2370	F	0	77.0057	119.72	0.7200225621464916	1900	historical	y1900__p1:i2370	y1900__p1:i2370	48	1e-05	0.099399	1e-05	0.722979	0.026816	0.035045	0.115742
historical_rep030_1900_NW_SK069_i11364	lunarc	historical	rep030	1900	NW	SK069	3	77.0	119.0	4.0	20	51	11364	F	0	78.9361	116.273	3.3444001270780994	1900	historical	y1900__p1:i11364	y1900__p1:i11364	49	0.009427	1e-05	0.20039	0.624154	0.007448	0.0316	0.126971
historical_rep030_1900_NW_SK069_i22580	lunarc	historical	rep030	1900	NW	SK069	3	77.0	119.0	4.0	20	51	22580	M	0	76.9754	115.716	3.2840921363445394	1900	historical	y1900__p1:i22580	y1900__p1:i22580	50	1e-05	1e-05	0.029838	0.751599	1e-05	0.057633	0.1609
historical_rep030_1900_NW_SK069_i1370	lunarc	historical	rep030	1900	NW	SK069	3	77.0	119.0	4.0	20	51	1370	F	0	73.4036	119.733	3.670338126113182	1900	historical	y1900__p1:i1370	y1900__p1:i1370	51	0.016719	0.243937	1e-05	0.538884	0.079656	1e-05	0.120783
historical_rep030_1900_NW_SK069_i23405	lunarc	historical	rep030	1900	NW	SK069	3	77.0	119.0	4.0	20	51	23405	M	0	79.9742	116.62	3.809234259007964	1900	historical	y1900__p1:i23405	y1900__p1:i23405	52	0.081102	1e-05	1e-05	0.918848	1e-05	1e-05	1e-05
historical_rep030_1900_NW_SK069_i20574	lunarc	historical	rep030	1900	NW	SK069	3	77.0	119.0	4.0	20	51	20574	M	0	79.7102	119.208	2.7181699799681405	1900	historical	y1900__p1:i20574	y1900__p1:i20574	53	1e-05	0.034011	0.16464	0.639672	0.013626	1e-05	0.148031
historical_rep030_1900_NW_SK069_i7487	lunarc	historical	rep030	1900	NW	SK069	3	77.0	119.0	4.0	20	51	7487	F	0	75.7769	117.811	1.7057826971803849	1900	historical	y1900__p1:i7487	y1900__p1:i7487	54	0.097081	0.061162	0.054769	0.682506	1e-05	1e-05	0.104462
historical_rep030_1900_NW_SK069_i17987	lunarc	historical	rep030	1900	NW	SK069	3	77.0	119.0	4.0	20	51	17987	M	0	78.417	117.064	2.399163395852819	1900	historical	y1900__p1:i17987	y1900__p1:i17987	55	0.049751	0.049517	0.077624	0.660555	0.049607	1e-05	0.112936
historical_rep030_1900_NW_SK069_i19805	lunarc	historical	rep030	1900	NW	SK069	3	77.0	119.0	4.0	20	51	19805	M	0	76.3931	118.003	1.1671917623081458	1900	historical	y1900__p1:i19805	y1900__p1:i19805	56	1e-05	1e-05	0.035687	0.914359	1e-05	1e-05	0.049914
historical_rep030_1900_NW_SK069_i20059	lunarc	historical	rep030	1900	NW	SK069	3	77.0	119.0	4.0	20	51	20059	M	0	75.597	119.165	1.4126691049216085	1900	historical	y1900__p1:i20059	y1900__p1:i20059	57	1e-05	0.034592	1e-05	0.795548	1e-05	0.046207	0.123622
historical_rep030_1900_NW_SK069_i10569	lunarc	historical	rep030	1900	NW	SK069	3	77.0	119.0	4.0	20	51	10569	F	0	76.4754	115.202	3.834059097092796	1900	historical	y1900__p1:i10569	y1900__p1:i10569	58	0.081102	1e-05	1e-05	0.918848	1e-05	1e-05	1e-05
historical_rep030_1900_NW_SK069_i1339	lunarc	historical	rep030	1900	NW	SK069	3	77.0	119.0	4.0	20	51	1339	F	0	76.8845	115.123	3.878720053058736	1900	historical	y1900__p1:i1339	y1900__p1:i1339	59	1e-05	1e-05	1e-05	0.857755	1e-05	1e-05	0.142195
historical_rep030_1900_NW_SK069_i2963	lunarc	historical	rep030	1900	NW	SK069	3	77.0	119.0	4.0	20	51	2963	F	0	75.2174	119.484	1.8471379915967303	1900	historical	y1900__p1:i2963	y1900__p1:i2963	60	0.06356	0.014461	0.103445	0.456815	0.013451	1e-05	0.348258
historical_rep030_1900_NE_SK062_i14761	lunarc	historical	rep030	1900	NE	SK062	1	105.0	105.0	4.0	20	79	14761	M	0	106.224	106.992	2.3379991445678563	1900	historical	y1900__p1:i14761	y1900__p1:i14761	61	0.005729	0.138667	1e-05	0.696135	1e-05	0.109398	0.050051
historical_rep030_1900_NE_SK062_i221	lunarc	historical	rep030	1900	NE	SK062	1	105.0	105.0	4.0	20	79	221	F	0	103.732	106.669	2.096040314497789	1900	historical	y1900__p1:i221	y1900__p1:i221	62	1e-05	1e-05	1e-05	0.894158	1e-05	1e-05	0.105792
historical_rep030_1900_NE_SK062_i5105	lunarc	historical	rep030	1900	NE	SK062	1	105.0	105.0	4.0	20	79	5105	F	0	103.19	105.6	1.90685605120051	1900	historical	y1900__p1:i5105	y1900__p1:i5105	63	0.057115	1e-05	0.018035	0.633234	1e-05	1e-05	0.291585
historical_rep030_1900_NE_SK062_i19163	lunarc	historical	rep030	1900	NE	SK062	1	105.0	105.0	4.0	20	79	19163	M	0	105.639	103.429	1.695984080113958	1900	historical	y1900__p1:i19163	y1900__p1:i19163	64	1e-05	0.012068	0.06128	0.68432	1e-05	0.098892	0.143421
historical_rep030_1900_NE_SK062_i13692	lunarc	historical	rep030	1900	NE	SK062	1	105.0	105.0	4.0	20	79	13692	M	0	105.977	103.684	1.639019523983779	1900	historical	y1900__p1:i13692	y1900__p1:i13692	65	0.184698	1e-05	0.087933	0.471326	0.16475	0.048517	0.042766
historical_rep030_1900_NE_SK062_i20384	lunarc	historical	rep030	1900	NE	SK062	1	105.0	105.0	4.0	20	79	20384	M	0	105.576	102.591	2.4769047216233453	1900	historical	y1900__p1:i20384	y1900__p1:i20384	66	0.088491	0.170898	0.047171	0.481181	0.066544	0.009861	0.135853
historical_rep030_1900_NE_SK062_i3783	lunarc	historical	rep030	1900	NE	SK062	1	105.0	105.0	4.0	20	79	3783	F	0	102.423	103.272	3.1027267040459705	1900	historical	y1900__p1:i3783	y1900__p1:i3783	67	0.068821	1e-05	0.024203	0.643426	1e-05	1e-05	0.26352
historical_rep030_1900_NE_SK062_i7867	lunarc	historical	rep030	1900	NE	SK062	1	105.0	105.0	4.0	20	79	7867	F	0	104.63	101.101	3.916516436835164	1900	historical	y1900__p1:i7867	y1900__p1:i7867	68	0.071343	0.219644	0.084493	0.254841	0.109107	1e-05	0.260562
historical_rep030_1900_NE_SK062_i25382	lunarc	historical	rep030	1900	NE	SK062	1	105.0	105.0	4.0	20	79	25382	M	0	105.53	106.863	1.93692255911278	1900	historical	y1900__p1:i25382	y1900__p1:i25382	69	1e-05	0.060876	0.084007	0.689541	0.014179	0.020439	0.130948
historical_rep030_1900_NE_SK062_i16882	lunarc	historical	rep030	1900	NE	SK062	1	105.0	105.0	4.0	20	79	16882	M	0	106.482	106.53	2.1300760549801976	1900	historical	y1900__p1:i16882	y1900__p1:i16882	70	1e-05	0.076403	0.007097	0.654396	0.032992	0.141281	0.087821
historical_rep030_1900_NE_SK062_i14897	lunarc	historical	rep030	1900	NE	SK062	1	105.0	105.0	4.0	20	79	14897	M	0	106.99	106.315	2.3852305968186758	1900	historical	y1900__p1:i14897	y1900__p1:i14897	71	0.141113	0.118633	0.00836	0.334316	0.167272	0.112696	0.117611
historical_rep030_1900_NE_SK062_i15341	lunarc	historical	rep030	1900	NE	SK062	1	105.0	105.0	4.0	20	79	15341	M	0	108.09	104.501	3.130032108461512	1900	historical	y1900__p1:i15341	y1900__p1:i15341	72	0.0391	0.187811	1e-05	0.299163	0.277178	0.196729	1e-05
historical_rep030_1900_NE_SK062_i20383	lunarc	historical	rep030	1900	NE	SK062	1	105.0	105.0	4.0	20	79	20383	M	0	103.522	102.43	2.9646895284329435	1900	historical	y1900__p1:i20383	y1900__p1:i20383	73	0.078563	0.072503	0.072299	0.516253	0.070232	0.071622	0.118529
historical_rep030_1900_NE_SK062_i13419	lunarc	historical	rep030	1900	NE	SK062	1	105.0	105.0	4.0	20	79	13419	M	0	104.904	102.756	2.246052537230596	1900	historical	y1900__p1:i13419	y1900__p1:i13419	74	0.077515	0.024407	0.043336	0.399667	0.114509	0.146274	0.194291
historical_rep030_1900_NE_SK062_i16883	lunarc	historical	rep030	1900	NE	SK062	1	105.0	105.0	4.0	20	79	16883	M	0	107.53	104.244	2.640537066583237	1900	historical	y1900__p1:i16883	y1900__p1:i16883	75	0.022455	0.022976	0.129039	0.632981	1e-05	0.19253	1e-05
historical_rep030_1900_NE_SK062_i17847	lunarc	historical	rep030	1900	NE	SK062	1	105.0	105.0	4.0	20	79	17847	M	0	104.592	106.374	1.4332968987617285	1900	historical	y1900__p1:i17847	y1900__p1:i17847	76	1e-05	0.018996	0.073532	0.631713	1e-05	0.275728	1e-05
historical_rep030_1900_NE_SK062_i16065	lunarc	historical	rep030	1900	NE	SK062	1	105.0	105.0	4.0	20	79	16065	M	0	103.902	103.882	1.5670124441114008	1900	historical	y1900__p1:i16065	y1900__p1:i16065	77	1e-05	0.036055	0.034514	0.894793	1e-05	1e-05	0.034608
historical_rep030_1900_NE_SK062_i6080	lunarc	historical	rep030	1900	NE	SK062	1	105.0	105.0	4.0	20	79	6080	F	0	107.782	104.657	2.8030649296796506	1900	historical	y1900__p1:i6080	y1900__p1:i6080	78	0.158909	0.101618	0.094786	0.274945	0.160029	0.209703	1e-05
historical_rep030_1900_NE_SK062_i220	lunarc	historical	rep030	1900	NE	SK062	1	105.0	105.0	4.0	20	79	220	F	0	104.372	106.078	1.247584866852755	1900	historical	y1900__p1:i220	y1900__p1:i220	79	1e-05	1e-05	1e-05	0.858212	1e-05	0.030691	0.111057
historical_rep030_1900_NE_SK062_i9208	lunarc	historical	rep030	1900	NE	SK062	1	105.0	105.0	4.0	20	79	9208	F	0	103.112	101.589	3.89864912501754	1900	historical	y1900__p1:i9208	y1900__p1:i9208	80	0.176629	0.193239	0.066538	0.335929	0.072047	0.127996	0.027621
historical_rep030_1900_NE_SK063_i20877	lunarc	historical	rep030	1900	NE	SK063	2	119.0	105.0	4.0	20	75	20877	M	0	118.466	102.86	2.205619187439212	1900	historical	y1900__p1:i20877	y1900__p1:i20877	81	0.116564	0.054733	0.07305	0.240808	0.149583	0.247448	0.117814
historical_rep030_1900_NE_SK063_i4709	lunarc	historical	rep030	1900	NE	SK063	2	119.0	105.0	4.0	20	75	4709	F	0	118.771	106.394	1.4126843242564897	1900	historical	y1900__p1:i4709	y1900__p1:i4709	82	0.165468	0.095204	1e-05	0.441366	1e-05	0.181506	0.116436
historical_rep030_1900_NE_SK063_i23922	lunarc	historical	rep030	1900	NE	SK063	2	119.0	105.0	4.0	20	75	23922	M	0	116.153	106.856	3.398550426284704	1900	historical	y1900__p1:i23922	y1900__p1:i23922	83	0.239653	1e-05	0.020864	0.541074	1e-05	0.076156	0.122234
historical_rep030_1900_NE_SK063_i11970	lunarc	historical	rep030	1900	NE	SK063	2	119.0	105.0	4.0	20	75	11970	F	0	120.91	106.746	2.5877820619209744	1900	historical	y1900__p1:i11970	y1900__p1:i11970	84	0.155	0.038663	0.144854	0.488497	0.06054	0.112437	1e-05
historical_rep030_1900_NE_SK063_i2736	lunarc	historical	rep030	1900	NE	SK063	2	119.0	105.0	4.0	20	75	2736	F	0	119.264	104.816	0.3217949657778953	1900	historical	y1900__p1:i2736	y1900__p1:i2736	85	0.118515	0.149793	1e-05	0.181331	0.245953	0.060953	0.243446
historical_rep030_1900_NE_SK063_i7685	lunarc	historical	rep030	1900	NE	SK063	2	119.0	105.0	4.0	20	75	7685	F	0	116.803	102.421	3.387927094847228	1900	historical	y1900__p1:i7685	y1900__p1:i7685	86	0.181326	1e-05	0.191496	0.408422	0.068213	0.150523	1e-05
historical_rep030_1900_NE_SK063_i8151	lunarc	historical	rep030	1900	NE	SK063	2	119.0	105.0	4.0	20	75	8151	F	0	121.83	106.935	3.428283097995263	1900	historical	y1900__p1:i8151	y1900__p1:i8151	87	0.038236	0.089066	0.006945	0.342575	0.184688	0.097391	0.2411
historical_rep030_1900_NE_SK063_i24824	lunarc	historical	rep030	1900	NE	SK063	2	119.0	105.0	4.0	20	75	24824	M	0	120.462	108.601	3.886469477559293	1900	historical	y1900__p1:i24824	y1900__p1:i24824	88	0.047877	0.022545	0.152157	0.563262	0.022641	0.191509	1e-05
historical_rep030_1900_NE_SK063_i18585	lunarc	historical	rep030	1900	NE	SK063	2	119.0	105.0	4.0	20	75	18585	M	0	118.222	106.295	1.5107312798774022	1900	historical	y1900__p1:i18585	y1900__p1:i18585	89	0.067521	0.303974	0.042825	0.269381	1e-05	0.075008	0.24128
historical_rep030_1900_NE_SK063_i24293	lunarc	historical	rep030	1900	NE	SK063	2	119.0	105.0	4.0	20	75	24293	M	0	121.996	102.584	3.848775389653176	1900	historical	y1900__p1:i24293	y1900__p1:i24293	90	0.142724	1e-05	0.014345	0.497119	0.007127	0.168907	0.169768
historical_rep030_1900_NE_SK063_i12038	lunarc	historical	rep030	1900	NE	SK063	2	119.0	105.0	4.0	20	75	12038	F	0	120.859	102.013	3.518245301283006	1900	historical	y1900__p1:i12038	y1900__p1:i12038	91	0.124213	0.0568	0.115584	0.399515	1e-05	0.303867	1e-05
historical_rep030_1900_NE_SK063_i16050	lunarc	historical	rep030	1900	NE	SK063	2	119.0	105.0	4.0	20	75	16050	M	0	122.512	104.03	3.6434933786134422	1900	historical	y1900__p1:i16050	y1900__p1:i16050	92	1e-05	0.177398	0.153065	0.494954	0.020408	0.019073	0.135091
historical_rep030_1900_NE_SK063_i15204	lunarc	historical	rep030	1900	NE	SK063	2	119.0	105.0	4.0	20	75	15204	M	0	120.48	108.648	3.936788538898169	1900	historical	y1900__p1:i15204	y1900__p1:i15204	93	0.005416	0.032514	0.043291	0.709557	0.100404	0.108808	1e-05
historical_rep030_1900_NE_SK063_i16055	lunarc	historical	rep030	1900	NE	SK063	2	119.0	105.0	4.0	20	75	16055	M	0	121.784	102.945	3.460300709475993	1900	historical	y1900__p1:i16055	y1900__p1:i16055	94	1e-05	1e-05	0.235125	0.397761	0.060631	0.280151	0.026312
historical_rep030_1900_NE_SK063_i20158	lunarc	historical	rep030	1900	NE	SK063	2	119.0	105.0	4.0	20	75	20158	M	0	118.388	106.626	1.7373600663075024	1900	historical	y1900__p1:i20158	y1900__p1:i20158	95	0.052708	0.185085	1e-05	0.505192	0.010327	1e-05	0.246669
historical_rep030_1900_NE_SK063_i21621	lunarc	historical	rep030	1900	NE	SK063	2	119.0	105.0	4.0	20	75	21621	M	0	121.018	103.113	2.762805277249919	1900	historical	y1900__p1:i21621	y1900__p1:i21621	96	0.053917	0.088377	0.005019	0.502692	0.052053	0.175323	0.12262
historical_rep030_1900_NE_SK063_i11135	lunarc	historical	rep030	1900	NE	SK063	2	119.0	105.0	4.0	20	75	11135	F	0	115.07	104.57	3.9534541858987136	1900	historical	y1900__p1:i11135	y1900__p1:i11135	97	0.090764	1e-05	0.0915	0.469102	0.051165	0.189775	0.107683
historical_rep030_1900_NE_SK063_i21823	lunarc	historical	rep030	1900	NE	SK063	2	119.0	105.0	4.0	20	75	21823	M	0	115.863	105.675	3.2087994639740263	1900	historical	y1900__p1:i21823	y1900__p1:i21823	98	0.029072	0.030314	0.135938	0.349663	0.2393	0.059079	0.156633
historical_rep030_1900_NE_SK063_i19974	lunarc	historical	rep030	1900	NE	SK063	2	119.0	105.0	4.0	20	75	19974	M	0	121.881	104.99	2.881017355032767	1900	historical	y1900__p1:i19974	y1900__p1:i19974	99	1e-05	1e-05	0.013566	0.505321	0.300248	0.163287	0.017558
historical_rep030_1900_NE_SK063_i7540	lunarc	historical	rep030	1900	NE	SK063	2	119.0	105.0	4.0	20	75	7540	F	0	122.541	105.03	3.541127080464633	1900	historical	y1900__p1:i7540	y1900__p1:i7540	100	1e-05	1e-05	0.15732	0.738396	1e-05	0.104244	1e-05
historical_rep030_1900_NE_SK064_i13150	lunarc	historical	rep030	1900	NE	SK064	3	133.0	105.0	4.0	20	61	13150	M	0	133.645	106.477	1.6116928987868702	1900	historical	y1900__p1:i13150	y1900__p1:i13150	101	1e-05	0.123997	0.159717	0.422772	0.266863	0.002109	0.024531
historical_rep030_1900_NE_SK064_i17019	lunarc	historical	rep030	1900	NE	SK064	3	133.0	105.0	4.0	20	61	17019	M	0	134.021	102.071	3.101851382642306	1900	historical	y1900__p1:i17019	y1900__p1:i17019	102	0.076408	0.21815	0.116953	0.384177	0.07411	0.130193	1e-05
historical_rep030_1900_NE_SK064_i4294	lunarc	historical	rep030	1900	NE	SK064	3	133.0	105.0	4.0	20	61	4294	F	0	131.128	103.51	2.392589392269396	1900	historical	y1900__p1:i4294	y1900__p1:i4294	103	0.010579	0.136586	0.088761	0.289693	0.18811	0.109186	0.177086
historical_rep030_1900_NE_SK064_i5870	lunarc	historical	rep030	1900	NE	SK064	3	133.0	105.0	4.0	20	61	5870	F	0	133.064	105.01	0.0647765389628004	1900	historical	y1900__p1:i5870	y1900__p1:i5870	104	0.020007	0.118364	0.005215	0.588994	0.12112	1e-05	0.146289
historical_rep030_1900_NE_SK064_i24127	lunarc	historical	rep030	1900	NE	SK064	3	133.0	105.0	4.0	20	61	24127	M	0	135.517	102.023	3.8984378922845497	1900	historical	y1900__p1:i24127	y1900__p1:i24127	105	0.077633	0.094809	0.058041	0.391171	0.150941	0.19959	0.027814
historical_rep030_1900_NE_SK064_i11700	lunarc	historical	rep030	1900	NE	SK064	3	133.0	105.0	4.0	20	61	11700	F	0	133.141	101.812	3.191116575745865	1900	historical	y1900__p1:i11700	y1900__p1:i11700	106	1e-05	0.236172	0.121997	0.42951	0.077867	1e-05	0.134435
historical_rep030_1900_NE_SK064_i2003	lunarc	historical	rep030	1900	NE	SK064	3	133.0	105.0	4.0	20	61	2003	F	0	133.225	106.868	1.8815017937806968	1900	historical	y1900__p1:i2003	y1900__p1:i2003	107	1e-05	0.061735	0.227053	0.711172	1e-05	1e-05	1e-05
historical_rep030_1900_NE_SK064_i18639	lunarc	historical	rep030	1900	NE	SK064	3	133.0	105.0	4.0	20	61	18639	M	0	136.033	106.636	3.446097067698457	1900	historical	y1900__p1:i18639	y1900__p1:i18639	108	1e-05	0.051822	0.127689	0.712179	1e-05	0.108279	1e-05
historical_rep030_1900_NE_SK064_i1762	lunarc	historical	rep030	1900	NE	SK064	3	133.0	105.0	4.0	20	61	1762	F	0	135.029	102.306	3.372606855238244	1900	historical	y1900__p1:i1762	y1900__p1:i1762	109	0.082348	0.240564	0.133498	0.350571	1e-05	0.156533	0.036476
historical_rep030_1900_NE_SK064_i16931	lunarc	historical	rep030	1900	NE	SK064	3	133.0	105.0	4.0	20	61	16931	M	0	132.981	106.479	1.4791220368853943	1900	historical	y1900__p1:i16931	y1900__p1:i16931	110	0.050114	1e-05	0.056747	0.357884	0.000321	0.479238	0.055686
historical_rep030_1900_NE_SK064_i13879	lunarc	historical	rep030	1900	NE	SK064	3	133.0	105.0	4.0	20	61	13879	M	0	132.332	106.253	1.419941195965526	1900	historical	y1900__p1:i13879	y1900__p1:i13879	111	1e-05	0.059694	0.11592	0.532169	1e-05	0.292187	1e-05
historical_rep030_1900_NE_SK064_i24236	lunarc	historical	rep030	1900	NE	SK064	3	133.0	105.0	4.0	20	61	24236	M	0	135.462	102.182	3.742000534473497	1900	historical	y1900__p1:i24236	y1900__p1:i24236	112	0.109876	0.048438	0.192326	0.402398	0.045313	0.201638	1e-05
historical_rep030_1900_NE_SK064_i15544	lunarc	historical	rep030	1900	NE	SK064	3	133.0	105.0	4.0	20	61	15544	M	0	135.078	105.208	2.088384064294691	1900	historical	y1900__p1:i15544	y1900__p1:i15544	113	0.089294	1e-05	0.249751	0.55523	0.081729	0.023975	1e-05
historical_rep030_1900_NE_SK064_i814	lunarc	historical	rep030	1900	NE	SK064	3	133.0	105.0	4.0	20	61	814	F	0	132.904	106.781	1.7835854338943289	1900	historical	y1900__p1:i814	y1900__p1:i814	114	1e-05	0.038302	0.211287	0.437961	0.21135	0.059856	0.041234
historical_rep030_1900_NE_SK064_i19743	lunarc	historical	rep030	1900	NE	SK064	3	133.0	105.0	4.0	20	61	19743	M	0	132.402	106.308	1.438216951645347	1900	historical	y1900__p1:i19743	y1900__p1:i19743	115	1e-05	1e-05	0.17484	0.82511	1e-05	1e-05	1e-05
historical_rep030_1900_NE_SK064_i13878	lunarc	historical	rep030	1900	NE	SK064	3	133.0	105.0	4.0	20	61	13878	M	0	135.596	106.112	2.824138806786948	1900	historical	y1900__p1:i13878	y1900__p1:i13878	116	1e-05	0.065482	0.114116	0.527824	1e-05	0.292547	1e-05
historical_rep030_1900_NE_SK064_i7115	lunarc	historical	rep030	1900	NE	SK064	3	133.0	105.0	4.0	20	61	7115	F	0	130.739	102.241	3.567099942530344	1900	historical	y1900__p1:i7115	y1900__p1:i7115	117	0.053247	0.044546	0.028034	0.48994	0.153826	0.149902	0.080505
historical_rep030_1900_NE_SK064_i4607	lunarc	historical	rep030	1900	NE	SK064	3	133.0	105.0	4.0	20	61	4607	F	0	133.358	107.344	2.37118114027587	1900	historical	y1900__p1:i4607	y1900__p1:i4607	118	1e-05	1e-05	0.201292	0.478205	0.257191	1e-05	0.063281
historical_rep030_1900_NE_SK064_i9739	lunarc	historical	rep030	1900	NE	SK064	3	133.0	105.0	4.0	20	61	9739	F	0	130.02	102.939	3.6232748998661375	1900	historical	y1900__p1:i9739	y1900__p1:i9739	119	0.170065	0.117012	0.007769	0.415444	0.019365	0.270335	1e-05
historical_rep030_1900_NE_SK064_i23577	lunarc	historical	rep030	1900	NE	SK064	3	133.0	105.0	4.0	20	61	23577	M	0	131.359	106.818	2.449082481257004	1900	historical	y1900__p1:i23577	y1900__p1:i23577	120	0.138322	0.090925	0.101697	0.39871	0.069999	0.200337	1e-05
historical_rep030_1900_W_SK025_i2439	lunarc	historical	rep030	1900	W	SK025	1	91.0	49.0	4.0	20	168	2439	F	0	88.8466	48.2102	2.2936685898359466	1900	historical	y1900__p1:i2439	y1900__p1:i2439	121	1e-05	0.146831	0.209584	0.268544	0.098396	0.130327	0.146306
historical_rep030_1900_W_SK025_i22421	lunarc	historical	rep030	1900	W	SK025	1	91.0	49.0	4.0	20	168	22421	M	0	91.6034	50.6155	1.724509150454118	1900	historical	y1900__p1:i22421	y1900__p1:i22421	122	0.012993	0.152103	0.003002	0.40037	0.204223	0.220418	0.00689
historical_rep030_1900_W_SK025_i16282	lunarc	historical	rep030	1900	W	SK025	1	91.0	49.0	4.0	20	168	16282	M	0	88.443	46.2161	3.779993149464696	1900	historical	y1900__p1:i16282	y1900__p1:i16282	123	0.171666	1e-05	0.041046	0.330596	0.185738	0.115113	0.15583
historical_rep030_1900_W_SK025_i4270	lunarc	historical	rep030	1900	W	SK025	1	91.0	49.0	4.0	20	168	4270	F	0	92.0793	47.4423	1.8950772490851129	1900	historical	y1900__p1:i4270	y1900__p1:i4270	124	0.050015	0.273551	0.141732	0.106319	0.324132	0.104241	1e-05
historical_rep030_1900_W_SK025_i6848	lunarc	historical	rep030	1900	W	SK025	1	91.0	49.0	4.0	20	168	6848	F	0	93.7495	47.6444	3.0655181633779294	1900	historical	y1900__p1:i6848	y1900__p1:i6848	125	0.03212	0.048609	0.07653	0.38863	0.44256	1e-05	0.011541
historical_rep030_1900_W_SK025_i17680	lunarc	historical	rep030	1900	W	SK025	1	91.0	49.0	4.0	20	168	17680	M	0	90.723	45.1702	3.8398042970964017	1900	historical	y1900__p1:i17680	y1900__p1:i17680	126	0.099753	0.030948	0.102097	0.257197	0.13251	0.207289	0.170206
historical_rep030_1900_W_SK025_i14002	lunarc	historical	rep030	1900	W	SK025	1	91.0	49.0	4.0	20	168	14002	M	0	90.4916	48.0833	1.048241122070677	1900	historical	y1900__p1:i14002	y1900__p1:i14002	127	0.168577	0.082438	1e-05	0.270348	0.248163	0.209658	0.020807
historical_rep030_1900_W_SK025_i1689	lunarc	historical	rep030	1900	W	SK025	1	91.0	49.0	4.0	20	168	1689	F	0	92.3563	48.8414	1.3655415226202432	1900	historical	y1900__p1:i1689	y1900__p1:i1689	128	0.006629	0.026583	0.010643	0.194527	0.619894	0.115743	0.02598
historical_rep030_1900_W_SK025_i14723	lunarc	historical	rep030	1900	W	SK025	1	91.0	49.0	4.0	20	168	14723	M	0	89.009	50.6836	2.607410585235857	1900	historical	y1900__p1:i14723	y1900__p1:i14723	129	0.095614	1e-05	0.112489	0.193721	0.576995	1e-05	0.021161
historical_rep030_1900_W_SK025_i22545	lunarc	historical	rep030	1900	W	SK025	1	91.0	49.0	4.0	20	168	22545	M	0	90.0799	49.087	0.9242039872236052	1900	historical	y1900__p1:i22545	y1900__p1:i22545	130	0.058676	0.119919	0.128192	0.220324	0.265595	0.207284	1e-05
historical_rep030_1900_W_SK025_i8024	lunarc	historical	rep030	1900	W	SK025	1	91.0	49.0	4.0	20	168	8024	F	0	88.8295	49.0902	2.1723734232401246	1900	historical	y1900__p1:i8024	y1900__p1:i8024	131	0.016894	0.176002	1e-05	0.380647	0.103103	0.046217	0.277127
historical_rep030_1900_W_SK025_i1001	lunarc	historical	rep030	1900	W	SK025	1	91.0	49.0	4.0	20	168	1001	F	0	90.9689	46.8855	2.1147286965471475	1900	historical	y1900__p1:i1001	y1900__p1:i1001	132	1e-05	0.070903	0.030553	0.40986	0.134796	0.353868	1e-05
historical_rep030_1900_W_SK025_i2262	lunarc	historical	rep030	1900	W	SK025	1	91.0	49.0	4.0	20	168	2262	F	0	90.4569	49.614	0.8197277657856855	1900	historical	y1900__p1:i2262	y1900__p1:i2262	133	0.07122	0.155444	0.189472	0.349708	0.045768	0.117845	0.070542
historical_rep030_1900_W_SK025_i8025	lunarc	historical	rep030	1900	W	SK025	1	91.0	49.0	4.0	20	168	8025	F	0	90.5484	48.7689	0.5072965306406089	1900	historical	y1900__p1:i8025	y1900__p1:i8025	134	0.07668	0.247048	0.001106	0.337758	0.044196	1e-05	0.293202
historical_rep030_1900_W_SK025_i1215	lunarc	historical	rep030	1900	W	SK025	1	91.0	49.0	4.0	20	168	1215	F	0	91.784	50.9017	2.0569683736022784	1900	historical	y1900__p1:i1215	y1900__p1:i1215	135	0.160229	0.061856	0.106222	0.358043	0.074131	0.235855	0.003664
historical_rep030_1900_W_SK025_i5244	lunarc	historical	rep030	1900	W	SK025	1	91.0	49.0	4.0	20	168	5244	F	0	93.9257	49.5967	2.9859288973450178	1900	historical	y1900__p1:i5244	y1900__p1:i5244	136	0.054556	0.127051	0.012398	0.324396	0.381755	1e-05	0.099835
historical_rep030_1900_W_SK025_i19919	lunarc	historical	rep030	1900	W	SK025	1	91.0	49.0	4.0	20	168	19919	M	0	93.5221	48.625	2.549826152897482	1900	historical	y1900__p1:i19919	y1900__p1:i19919	137	0.114676	0.137808	0.02147	0.307938	0.237379	0.104241	0.076488
historical_rep030_1900_W_SK025_i24224	lunarc	historical	rep030	1900	W	SK025	1	91.0	49.0	4.0	20	168	24224	M	0	89.0379	47.9506	2.225101519032339	1900	historical	y1900__p1:i24224	y1900__p1:i24224	138	0.269016	0.127403	0.073776	0.163663	0.366122	1e-05	1e-05
historical_rep030_1900_W_SK025_i13232	lunarc	historical	rep030	1900	W	SK025	1	91.0	49.0	4.0	20	168	13232	M	0	91.3273	47.569	1.4679530952997062	1900	historical	y1900__p1:i13232	y1900__p1:i13232	139	0.002703	0.092379	0.002537	0.296889	0.203276	0.243041	0.159174
historical_rep030_1900_W_SK025_i852	lunarc	historical	rep030	1900	W	SK025	1	91.0	49.0	4.0	20	168	852	F	0	94.8823	48.7854	3.888226645914562	1900	historical	y1900__p1:i852	y1900__p1:i852	140	1e-05	1e-05	1e-05	0.198575	0.520009	0.130744	0.150641
historical_rep030_1900_W_SK026_i5440	lunarc	historical	rep030	1900	W	SK026	2	105.0	49.0	4.0	20	188	5440	F	0	106.574	51.6015	3.0406049151443537	1900	historical	y1900__p1:i5440	y1900__p1:i5440	141	0.002246	0.232669	0.04474	0.325969	0.116956	0.198204	0.079216
historical_rep030_1900_W_SK026_i22219	lunarc	historical	rep030	1900	W	SK026	2	105.0	49.0	4.0	20	188	22219	M	0	105.371	50.8523	1.8890887459301628	1900	historical	y1900__p1:i22219	y1900__p1:i22219	142	0.01721	0.020519	0.276866	0.266407	0.259268	0.081396	0.078334
historical_rep030_1900_W_SK026_i8300	lunarc	historical	rep030	1900	W	SK026	2	105.0	49.0	4.0	20	188	8300	F	0	104.307	50.7045	1.8399916440027675	1900	historical	y1900__p1:i8300	y1900__p1:i8300	143	0.176708	0.06364	0.208406	0.219264	0.136046	0.179625	0.016311
historical_rep030_1900_W_SK026_i9779	lunarc	historical	rep030	1900	W	SK026	2	105.0	49.0	4.0	20	188	9779	F	0	106.716	49.912	1.943296168884192	1900	historical	y1900__p1:i9779	y1900__p1:i9779	144	0.052996	0.064569	1e-05	0.462782	0.221236	0.031198	0.167209
historical_rep030_1900_W_SK026_i15225	lunarc	historical	rep030	1900	W	SK026	2	105.0	49.0	4.0	20	188	15225	M	0	106.79	45.734	3.724359810759429	1900	historical	y1900__p1:i15225	y1900__p1:i15225	145	0.096005	1e-05	0.189074	0.327615	0.122742	0.230804	0.033751
historical_rep030_1900_W_SK026_i21091	lunarc	historical	rep030	1900	W	SK026	2	105.0	49.0	4.0	20	188	21091	M	0	107.568	49.0012	2.5680002803738144	1900	historical	y1900__p1:i21091	y1900__p1:i21091	146	0.105072	0.23723	1e-05	0.378641	0.00068	0.278357	1e-05
historical_rep030_1900_W_SK026_i19838	lunarc	historical	rep030	1900	W	SK026	2	105.0	49.0	4.0	20	188	19838	M	0	102.72	48.5822	2.3179639427739174	1900	historical	y1900__p1:i19838	y1900__p1:i19838	147	0.137961	1e-05	0.091812	0.393334	0.146497	0.230377	1e-05
historical_rep030_1900_W_SK026_i16354	lunarc	historical	rep030	1900	W	SK026	2	105.0	49.0	4.0	20	188	16354	M	0	103.643	48.0014	1.6848296531103686	1900	historical	y1900__p1:i16354	y1900__p1:i16354	148	0.347105	0.309075	0.025483	0.190872	0.127444	1e-05	1e-05
historical_rep030_1900_W_SK026_i8208	lunarc	historical	rep030	1900	W	SK026	2	105.0	49.0	4.0	20	188	8208	F	0	106.866	45.4895	3.975621492295261	1900	historical	y1900__p1:i8208	y1900__p1:i8208	149	0.060257	0.183601	0.101584	0.348177	1e-05	1e-05	0.306361
historical_rep030_1900_W_SK026_i24630	lunarc	historical	rep030	1900	W	SK026	2	105.0	49.0	4.0	20	188	24630	M	0	108.457	50.5143	3.77411625284648	1900	historical	y1900__p1:i24630	y1900__p1:i24630	150	0.093483	0.209648	0.020108	0.297757	0.008997	0.369997	1e-05
historical_rep030_1900_W_SK026_i9308	lunarc	historical	rep030	1900	W	SK026	2	105.0	49.0	4.0	20	188	9308	F	0	104.052	45.1878	3.9283040666424953	1900	historical	y1900__p1:i9308	y1900__p1:i9308	151	0.105638	0.0399	0.144228	0.29719	0.161341	0.147761	0.103943
historical_rep030_1900_W_SK026_i13681	lunarc	historical	rep030	1900	W	SK026	2	105.0	49.0	4.0	20	188	13681	M	0	103.374	49.1554	1.6334090608295326	1900	historical	y1900__p1:i13681	y1900__p1:i13681	152	1e-05	0.189491	0.096617	0.315747	0.231752	0.166373	1e-05
historical_rep030_1900_W_SK026_i18497	lunarc	historical	rep030	1900	W	SK026	2	105.0	49.0	4.0	20	188	18497	M	0	106.181	49.2658	1.2105414656260205	1900	historical	y1900__p1:i18497	y1900__p1:i18497	153	0.077852	0.249618	0.125214	0.190579	0.303412	0.053315	1e-05
historical_rep030_1900_W_SK026_i17582	lunarc	historical	rep030	1900	W	SK026	2	105.0	49.0	4.0	20	188	17582	M	0	108.02	49.8875	3.1477065063312337	1900	historical	y1900__p1:i17582	y1900__p1:i17582	154	0.157083	1e-05	0.207182	0.329536	0.168697	0.137481	1e-05
historical_rep030_1900_W_SK026_i11646	lunarc	historical	rep030	1900	W	SK026	2	105.0	49.0	4.0	20	188	11646	F	0	105.691	50.4832	1.6362650274329014	1900	historical	y1900__p1:i11646	y1900__p1:i11646	155	1e-05	0.073897	0.011801	0.257128	0.144661	0.197325	0.315178
historical_rep030_1900_W_SK026_i9552	lunarc	historical	rep030	1900	W	SK026	2	105.0	49.0	4.0	20	188	9552	F	0	106.591	52.0056	3.400722329153026	1900	historical	y1900__p1:i9552	y1900__p1:i9552	156	1e-05	0.174147	0.066114	0.355653	0.100523	0.303543	1e-05
historical_rep030_1900_W_SK026_i9121	lunarc	historical	rep030	1900	W	SK026	2	105.0	49.0	4.0	20	188	9121	F	0	103.703	45.9787	3.2879268072753645	1900	historical	y1900__p1:i9121	y1900__p1:i9121	157	1e-05	0.176371	0.022333	0.232115	0.173396	0.261398	0.134377
historical_rep030_1900_W_SK026_i9591	lunarc	historical	rep030	1900	W	SK026	2	105.0	49.0	4.0	20	188	9591	F	0	108.447	49.8302	3.545566391988735	1900	historical	y1900__p1:i9591	y1900__p1:i9591	158	0.205781	0.124458	0.061583	0.274937	0.107511	0.037597	0.188133
historical_rep030_1900_W_SK026_i15176	lunarc	historical	rep030	1900	W	SK026	2	105.0	49.0	4.0	20	188	15176	M	0	106.217	45.658	3.556691299508574	1900	historical	y1900__p1:i15176	y1900__p1:i15176	159	0.140124	0.112335	0.032623	0.334053	1e-05	0.13846	0.242396
historical_rep030_1900_W_SK026_i19144	lunarc	historical	rep030	1900	W	SK026	2	105.0	49.0	4.0	20	188	19144	M	0	104.528	45.6037	3.428941190805111	1900	historical	y1900__p1:i19144	y1900__p1:i19144	160	1e-05	0.106943	0.162648	0.177316	0.176857	0.325824	0.050402
historical_rep030_1900_W_SK034_i18700	lunarc	historical	rep030	1900	W	SK034	3	91.0	63.0	4.0	20	178	18700	M	0	89.5698	60.9652	2.4871435583817805	1900	historical	y1900__p1:i18700	y1900__p1:i18700	161	0.073933	0.103325	0.080208	0.326498	0.139635	0.215142	0.06126
historical_rep030_1900_W_SK034_i22555	lunarc	historical	rep030	1900	W	SK034	3	91.0	63.0	4.0	20	178	22555	M	0	88.5978	60.8677	3.212050455705821	1900	historical	y1900__p1:i22555	y1900__p1:i22555	162	1e-05	0.197636	0.071294	0.095496	0.461371	0.174183	1e-05
historical_rep030_1900_W_SK034_i8955	lunarc	historical	rep030	1900	W	SK034	3	91.0	63.0	4.0	20	178	8955	F	0	93.2348	65.158	3.1066533504721825	1900	historical	y1900__p1:i8955	y1900__p1:i8955	163	0.160573	0.043015	0.070064	0.372834	0.208419	0.031384	0.113712
historical_rep030_1900_W_SK034_i8922	lunarc	historical	rep030	1900	W	SK034	3	91.0	63.0	4.0	20	178	8922	F	0	93.0289	66.1542	3.750388359890212	1900	historical	y1900__p1:i8922	y1900__p1:i8922	164	0.180403	1e-05	0.124361	0.487693	1e-05	0.021209	0.186314
historical_rep030_1900_W_SK034_i10291	lunarc	historical	rep030	1900	W	SK034	3	91.0	63.0	4.0	20	178	10291	F	0	91.7367	61.4016	1.7600026846570411	1900	historical	y1900__p1:i10291	y1900__p1:i10291	165	0.051391	1e-05	1e-05	0.703952	0.117867	1e-05	0.12676
historical_rep030_1900_W_SK034_i4579	lunarc	historical	rep030	1900	W	SK034	3	91.0	63.0	4.0	20	178	4579	F	0	90.5131	60.2065	2.835615252462861	1900	historical	y1900__p1:i4579	y1900__p1:i4579	166	0.232473	0.130765	1e-05	0.452163	0.013674	0.145129	0.025785
historical_rep030_1900_W_SK034_i21032	lunarc	historical	rep030	1900	W	SK034	3	91.0	63.0	4.0	20	178	21032	M	0	92.1557	64.2893	1.731455162572795	1900	historical	y1900__p1:i21032	y1900__p1:i21032	167	0.271351	0.073984	0.01638	0.234733	0.063291	0.118343	0.221918
historical_rep030_1900_W_SK034_i20402	lunarc	historical	rep030	1900	W	SK034	3	91.0	63.0	4.0	20	178	20402	M	0	91.1996	65.2703	2.2790573160848826	1900	historical	y1900__p1:i20402	y1900__p1:i20402	168	0.124142	0.000714	0.181326	0.292543	0.161472	0.239793	1e-05
historical_rep030_1900_W_SK034_i15262	lunarc	historical	rep030	1900	W	SK034	3	91.0	63.0	4.0	20	178	15262	M	0	91.6714	61.1561	1.962331564746386	1900	historical	y1900__p1:i15262	y1900__p1:i15262	169	0.087081	0.192136	0.044255	0.299646	0.308991	1e-05	0.067882
historical_rep030_1900_W_SK034_i16362	lunarc	historical	rep030	1900	W	SK034	3	91.0	63.0	4.0	20	178	16362	M	0	94.3128	64.4198	3.604230275662192	1900	historical	y1900__p1:i16362	y1900__p1:i16362	170	0.007734	0.228932	0.055107	0.317786	0.059472	0.330958	1e-05
historical_rep030_1900_W_SK034_i17740	lunarc	historical	rep030	1900	W	SK034	3	91.0	63.0	4.0	20	178	17740	M	0	93.0847	60.3	3.4111543632617987	1900	historical	y1900__p1:i17740	y1900__p1:i17740	171	0.147467	1e-05	0.156383	0.458899	1e-05	0.082163	0.155069
historical_rep030_1900_W_SK034_i12781	lunarc	historical	rep030	1900	W	SK034	3	91.0	63.0	4.0	20	178	12781	F	0	90.2584	60.6197	2.493150346449247	1900	historical	y1900__p1:i12781	y1900__p1:i12781	172	0.196184	0.129933	0.072718	0.371714	0.138617	0.062592	0.028242
historical_rep030_1900_W_SK034_i23953	lunarc	historical	rep030	1900	W	SK034	3	91.0	63.0	4.0	20	178	23953	M	0	89.6119	63.3727	1.4372636849235374	1900	historical	y1900__p1:i23953	y1900__p1:i23953	173	0.305449	0.130422	0.090897	0.414042	1e-05	0.05917	1e-05
historical_rep030_1900_W_SK034_i3841	lunarc	historical	rep030	1900	W	SK034	3	91.0	63.0	4.0	20	178	3841	F	0	91.4156	65.3733	2.409414088528578	1900	historical	y1900__p1:i3841	y1900__p1:i3841	174	0.055942	0.08141	0.067997	0.499344	0.041573	0.121804	0.13193
historical_rep030_1900_W_SK034_i9409	lunarc	historical	rep030	1900	W	SK034	3	91.0	63.0	4.0	20	178	9409	F	0	92.7946	63.0216	1.7947299852624097	1900	historical	y1900__p1:i9409	y1900__p1:i9409	175	0.144712	0.0696	0.131011	0.332812	0.219335	1e-05	0.10252
historical_rep030_1900_W_SK034_i10494	lunarc	historical	rep030	1900	W	SK034	3	91.0	63.0	4.0	20	178	10494	F	0	88.9409	61.1525	2.766432551138738	1900	historical	y1900__p1:i10494	y1900__p1:i10494	176	0.037755	0.110562	0.03893	0.489444	0.102348	0.180449	0.040512
historical_rep030_1900_W_SK034_i11539	lunarc	historical	rep030	1900	W	SK034	3	91.0	63.0	4.0	20	178	11539	F	0	91.9848	64.9077	2.146893180854612	1900	historical	y1900__p1:i11539	y1900__p1:i11539	177	0.048109	0.08601	0.135732	0.319114	0.039616	0.150235	0.221185
historical_rep030_1900_W_SK034_i22897	lunarc	historical	rep030	1900	W	SK034	3	91.0	63.0	4.0	20	178	22897	M	0	89.9806	64.5238	1.8333419757372031	1900	historical	y1900__p1:i22897	y1900__p1:i22897	178	0.237199	0.057963	0.229873	0.260158	0.136094	0.027926	0.050787
historical_rep030_1900_W_SK034_i6709	lunarc	historical	rep030	1900	W	SK034	3	91.0	63.0	4.0	20	178	6709	F	0	87.4492	64.4449	3.833525355335475	1900	historical	y1900__p1:i6709	y1900__p1:i6709	179	0.089207	0.103838	0.151734	0.451767	0.052433	0.111881	0.039139
historical_rep030_1900_W_SK034_i3719	lunarc	historical	rep030	1900	W	SK034	3	91.0	63.0	4.0	20	178	3719	F	0	92.6857	60.5261	2.9936208343743185	1900	historical	y1900__p1:i3719	y1900__p1:i3719	180	0.261414	0.108669	0.059877	0.44007	1e-05	0.064891	0.065068
historical_rep030_1900_E_SK037_i14982	lunarc	historical	rep030	1900	E	SK037	1	133.0	63.0	4.0	20	233	14982	M	0	134.314	61.2369	2.1988900859297145	1900	historical	y1900__p1:i14982	y1900__p1:i14982	181	0.00163	1e-05	1e-05	0.532792	0.345606	0.119942	1e-05
historical_rep030_1900_E_SK037_i13711	lunarc	historical	rep030	1900	E	SK037	1	133.0	63.0	4.0	20	233	13711	M	0	131.016	66.1691	3.738910377369326	1900	historical	y1900__p1:i13711	y1900__p1:i13711	182	0.283529	0.164157	1e-05	0.269518	0.112212	0.170564	1e-05
historical_rep030_1900_E_SK037_i14573	lunarc	historical	rep030	1900	E	SK037	1	133.0	63.0	4.0	20	233	14573	M	0	134.926	60.3331	3.2896552418148537	1900	historical	y1900__p1:i14573	y1900__p1:i14573	183	1e-05	0.127045	0.10883	0.405307	0.173875	0.119258	0.065674
historical_rep030_1900_E_SK037_i9177	lunarc	historical	rep030	1900	E	SK037	1	133.0	63.0	4.0	20	233	9177	F	0	134.511	59.7741	3.562239718211003	1900	historical	y1900__p1:i9177	y1900__p1:i9177	184	0.052593	0.092734	0.224628	0.262512	0.00956	0.205501	0.152471
historical_rep030_1900_E_SK037_i13264	lunarc	historical	rep030	1900	E	SK037	1	133.0	63.0	4.0	20	233	13264	M	0	135.484	63.7521	2.5953632520323704	1900	historical	y1900__p1:i13264	y1900__p1:i13264	185	0.040297	0.082605	0.087167	0.127812	0.177458	0.290535	0.194127
historical_rep030_1900_E_SK037_i23940	lunarc	historical	rep030	1900	E	SK037	1	133.0	63.0	4.0	20	233	23940	M	0	135.875	61.9401	3.0641496389700027	1900	historical	y1900__p1:i23940	y1900__p1:i23940	186	1e-05	0.093671	0.105804	0.199489	0.20335	0.306065	0.09161
historical_rep030_1900_E_SK037_i24178	lunarc	historical	rep030	1900	E	SK037	1	133.0	63.0	4.0	20	233	24178	M	0	132.0	66.6256	3.760980638078325	1900	historical	y1900__p1:i24178	y1900__p1:i24178	187	0.076884	1e-05	1e-05	0.531781	0.270846	0.120459	1e-05
historical_rep030_1900_E_SK037_i6457	lunarc	historical	rep030	1900	E	SK037	1	133.0	63.0	4.0	20	233	6457	F	0	130.483	60.6157	3.4670124732974346	1900	historical	y1900__p1:i6457	y1900__p1:i6457	188	0.217976	1e-05	0.107299	0.376302	1e-05	0.278546	0.019857
historical_rep030_1900_E_SK037_i21716	lunarc	historical	rep030	1900	E	SK037	1	133.0	63.0	4.0	20	233	21716	M	0	133.137	63.9481	0.957947081001865	1900	historical	y1900__p1:i21716	y1900__p1:i21716	189	0.043839	1e-05	0.20322	0.314739	0.224845	0.194723	0.018625
historical_rep030_1900_E_SK037_i5749	lunarc	historical	rep030	1900	E	SK037	1	133.0	63.0	4.0	20	233	5749	F	0	129.219	64.1214	3.943792459042442	1900	historical	y1900__p1:i5749	y1900__p1:i5749	190	0.282013	1e-05	0.004547	0.41243	0.120968	0.180022	1e-05
historical_rep030_1900_E_SK037_i14980	lunarc	historical	rep030	1900	E	SK037	1	133.0	63.0	4.0	20	233	14980	M	0	136.039	63.2901	3.0528149321568647	1900	historical	y1900__p1:i14980	y1900__p1:i14980	191	1e-05	1e-05	1e-05	0.563794	0.312557	0.123608	1e-05
historical_rep030_1900_E_SK037_i4672	lunarc	historical	rep030	1900	E	SK037	1	133.0	63.0	4.0	20	233	4672	F	0	134.461	61.0136	2.465827641989612	1900	historical	y1900__p1:i4672	y1900__p1:i4672	192	0.156979	0.047171	0.08339	0.377027	0.046448	0.288976	1e-05
historical_rep030_1900_E_SK037_i19489	lunarc	historical	rep030	1900	E	SK037	1	133.0	63.0	4.0	20	233	19489	M	0	136.006	65.3355	3.806651579800808	1900	historical	y1900__p1:i19489	y1900__p1:i19489	193	0.122962	0.108093	0.022155	0.206463	0.311363	0.182353	0.046611
historical_rep030_1900_E_SK037_i11849	lunarc	historical	rep030	1900	E	SK037	1	133.0	63.0	4.0	20	233	11849	F	0	134.43	61.5537	2.0338838929496497	1900	historical	y1900__p1:i11849	y1900__p1:i11849	194	0.040545	0.17386	0.229797	0.299718	1e-05	0.256061	1e-05
historical_rep030_1900_E_SK037_i1066	lunarc	historical	rep030	1900	E	SK037	1	133.0	63.0	4.0	20	233	1066	F	0	130.853	61.4624	2.6407996440472257	1900	historical	y1900__p1:i1066	y1900__p1:i1066	195	0.10082	0.163283	0.082376	0.253546	0.136559	0.205946	0.05747
historical_rep030_1900_E_SK037_i21690	lunarc	historical	rep030	1900	E	SK037	1	133.0	63.0	4.0	20	233	21690	M	0	134.826	62.1575	2.0109903654667214	1900	historical	y1900__p1:i21690	y1900__p1:i21690	196	0.044509	0.141279	0.128342	1e-05	0.316945	0.266016	0.102899
historical_rep030_1900_E_SK037_i10254	lunarc	historical	rep030	1900	E	SK037	1	133.0	63.0	4.0	20	233	10254	F	0	130.859	60.5339	3.2658123353922144	1900	historical	y1900__p1:i10254	y1900__p1:i10254	197	0.035644	1e-05	0.143534	0.155058	0.312077	0.195493	0.158183
historical_rep030_1900_E_SK037_i16853	lunarc	historical	rep030	1900	E	SK037	1	133.0	63.0	4.0	20	233	16853	M	0	134.262	60.9356	2.419584956144338	1900	historical	y1900__p1:i16853	y1900__p1:i16853	198	0.111685	0.033816	0.098065	0.287273	0.32966	0.095925	0.043576
historical_rep030_1900_E_SK037_i13106	lunarc	historical	rep030	1900	E	SK037	1	133.0	63.0	4.0	20	233	13106	M	0	130.912	61.0181	2.8788316397455387	1900	historical	y1900__p1:i13106	y1900__p1:i13106	199	0.045268	1e-05	0.008136	0.365932	0.147973	0.432671	1e-05
historical_rep030_1900_E_SK037_i9164	lunarc	historical	rep030	1900	E	SK037	1	133.0	63.0	4.0	20	233	9164	F	0	135.719	64.8055	3.263861401775503	1900	historical	y1900__p1:i9164	y1900__p1:i9164	200	0.118339	0.182951	0.086035	0.380485	0.124429	0.107751	1e-05
historical_rep030_1900_E_SK045_i3856	lunarc	historical	rep030	1900	E	SK045	2	119.0	77.0	4.0	20	196	3856	F	0	118.501	80.0846	3.124701291323694	1900	historical	y1900__p1:i3856	y1900__p1:i3856	201	0.214208	0.060918	0.039557	0.299646	0.172206	0.213456	1e-05
historical_rep030_1900_E_SK045_i3849	lunarc	historical	rep030	1900	E	SK045	2	119.0	77.0	4.0	20	196	3849	F	0	116.869	78.3373	2.515856174347015	1900	historical	y1900__p1:i3849	y1900__p1:i3849	202	0.136332	1e-05	1e-05	0.473219	0.239045	0.127784	0.0236
historical_rep030_1900_E_SK045_i11238	lunarc	historical	rep030	1900	E	SK045	2	119.0	77.0	4.0	20	196	11238	F	0	121.949	78.3876	3.2591463238093508	1900	historical	y1900__p1:i11238	y1900__p1:i11238	203	0.048373	1e-05	0.057132	0.245811	0.375701	0.134563	0.138409
historical_rep030_1900_E_SK045_i15655	lunarc	historical	rep030	1900	E	SK045	2	119.0	77.0	4.0	20	196	15655	M	0	117.68	73.7581	3.500330785797249	1900	historical	y1900__p1:i15655	y1900__p1:i15655	204	0.162565	0.041502	0.043153	0.347635	0.219018	1e-05	0.186117
historical_rep030_1900_E_SK045_i20125	lunarc	historical	rep030	1900	E	SK045	2	119.0	77.0	4.0	20	196	20125	M	0	122.521	76.3411	3.582120909461322	1900	historical	y1900__p1:i20125	y1900__p1:i20125	205	0.031062	0.191666	0.265108	0.251206	0.1393	0.121649	1e-05
historical_rep030_1900_E_SK045_i1286	lunarc	historical	rep030	1900	E	SK045	2	119.0	77.0	4.0	20	196	1286	F	0	121.861	74.8183	3.597934947994481	1900	historical	y1900__p1:i1286	y1900__p1:i1286	206	0.066912	0.136103	0.114203	0.264493	0.179756	0.238524	1e-05
historical_rep030_1900_E_SK045_i10390	lunarc	historical	rep030	1900	E	SK045	2	119.0	77.0	4.0	20	196	10390	F	0	117.706	73.3883	3.836510509564647	1900	historical	y1900__p1:i10390	y1900__p1:i10390	207	0.120401	0.136841	0.09321	0.242943	1e-05	0.171554	0.235041
historical_rep030_1900_E_SK045_i5518	lunarc	historical	rep030	1900	E	SK045	2	119.0	77.0	4.0	20	196	5518	F	0	118.157	75.1476	2.035198948506022	1900	historical	y1900__p1:i5518	y1900__p1:i5518	208	0.149264	0.281724	0.001919	0.473023	0.063005	1e-05	0.031055
historical_rep030_1900_E_SK045_i19788	lunarc	historical	rep030	1900	E	SK045	2	119.0	77.0	4.0	20	196	19788	M	0	116.621	74.854	3.2038971581497475	1900	historical	y1900__p1:i19788	y1900__p1:i19788	209	0.230243	0.114366	1e-05	0.349125	0.117192	0.189054	1e-05
historical_rep030_1900_E_SK045_i6787	lunarc	historical	rep030	1900	E	SK045	2	119.0	77.0	4.0	20	196	6787	F	0	118.87	79.2253	2.229094006541675	1900	historical	y1900__p1:i6787	y1900__p1:i6787	210	0.190157	0.115966	0.052762	0.436877	0.078011	0.126217	1e-05
historical_rep030_1900_E_SK045_i3331	lunarc	historical	rep030	1900	E	SK045	2	119.0	77.0	4.0	20	196	3331	F	0	117.378	74.6	2.896702262918995	1900	historical	y1900__p1:i3331	y1900__p1:i3331	211	0.075308	0.17344	0.173602	0.196943	0.214695	0.004192	0.16182
historical_rep030_1900_E_SK045_i25372	lunarc	historical	rep030	1900	E	SK045	2	119.0	77.0	4.0	20	196	25372	M	0	118.65	74.8857	2.143073608161884	1900	historical	y1900__p1:i25372	y1900__p1:i25372	212	0.145176	1e-05	0.059774	0.286659	0.168059	0.289398	0.050923
historical_rep030_1900_E_SK045_i9607	lunarc	historical	rep030	1900	E	SK045	2	119.0	77.0	4.0	20	196	9607	F	0	119.035	80.0729	3.073099316650867	1900	historical	y1900__p1:i9607	y1900__p1:i9607	213	0.076948	0.086096	0.020371	0.390576	0.281703	0.054021	0.090285
historical_rep030_1900_E_SK045_i24820	lunarc	historical	rep030	1900	E	SK045	2	119.0	77.0	4.0	20	196	24820	M	0	117.087	77.25	1.929266440904415	1900	historical	y1900__p1:i24820	y1900__p1:i24820	214	0.156421	1e-05	0.019478	0.453199	1e-05	0.075564	0.295318
historical_rep030_1900_E_SK045_i25481	lunarc	historical	rep030	1900	E	SK045	2	119.0	77.0	4.0	20	196	25481	M	0	117.726	75.1652	2.233733878509257	1900	historical	y1900__p1:i25481	y1900__p1:i25481	215	0.070336	0.078678	0.136433	0.404678	0.01614	0.233856	0.059879
historical_rep030_1900_E_SK045_i15796	lunarc	historical	rep030	1900	E	SK045	2	119.0	77.0	4.0	20	196	15796	M	0	116.768	74.5199	3.3365730937595184	1900	historical	y1900__p1:i15796	y1900__p1:i15796	216	0.099174	0.236747	0.212855	0.282101	0.061464	0.107649	1e-05
historical_rep030_1900_E_SK045_i3033	lunarc	historical	rep030	1900	E	SK045	2	119.0	77.0	4.0	20	196	3033	F	0	118.664	73.9356	3.082765537630139	1900	historical	y1900__p1:i3033	y1900__p1:i3033	217	0.130076	0.029157	0.166424	0.39746	0.149662	1e-05	0.127211
historical_rep030_1900_E_SK045_i15950	lunarc	historical	rep030	1900	E	SK045	2	119.0	77.0	4.0	20	196	15950	M	0	117.006	75.2653	2.6429566946887366	1900	historical	y1900__p1:i15950	y1900__p1:i15950	218	0.00578	0.209236	0.162297	0.309003	0.103578	0.210095	1e-05
historical_rep030_1900_E_SK045_i7334	lunarc	historical	rep030	1900	E	SK045	2	119.0	77.0	4.0	20	196	7334	F	0	116.431	75.1307	3.1771124452873867	1900	historical	y1900__p1:i7334	y1900__p1:i7334	219	0.054686	0.023031	0.142623	0.317721	0.1711	0.181292	0.109547
historical_rep030_1900_E_SK045_i15576	lunarc	historical	rep030	1900	E	SK045	2	119.0	77.0	4.0	20	196	15576	M	0	122.71	76.0047	3.841187588493949	1900	historical	y1900__p1:i15576	y1900__p1:i15576	220	0.187644	0.113858	1e-05	0.24933	0.258555	0.177855	0.012748
historical_rep030_1900_E_SK046_i22406	lunarc	historical	rep030	1900	E	SK046	3	133.0	77.0	4.0	20	162	22406	M	0	129.903	77.3913	3.121622124793463	1900	historical	y1900__p1:i22406	y1900__p1:i22406	221	0.100963	0.230975	0.022959	0.365394	0.214187	0.013039	0.052483
historical_rep030_1900_E_SK046_i10727	lunarc	historical	rep030	1900	E	SK046	3	133.0	77.0	4.0	20	162	10727	F	0	135.155	78.7073	2.7493450656474563	1900	historical	y1900__p1:i10727	y1900__p1:i10727	222	0.080433	0.276352	0.057008	0.22267	0.160749	0.202779	1e-05
historical_rep030_1900_E_SK046_i9632	lunarc	historical	rep030	1900	E	SK046	3	133.0	77.0	4.0	20	162	9632	F	0	131.64	78.0314	1.706864364851539	1900	historical	y1900__p1:i9632	y1900__p1:i9632	223	0.044434	0.107453	1e-05	0.252645	0.331526	0.059039	0.204894
historical_rep030_1900_E_SK046_i15677	lunarc	historical	rep030	1900	E	SK046	3	133.0	77.0	4.0	20	162	15677	M	0	132.144	78.1418	1.4270400274694466	1900	historical	y1900__p1:i15677	y1900__p1:i15677	224	0.108339	0.101002	0.081792	0.376006	0.332841	1e-05	1e-05
historical_rep030_1900_E_SK046_i2779	lunarc	historical	rep030	1900	E	SK046	3	133.0	77.0	4.0	20	162	2779	F	0	129.367	75.4057	3.96742756581643	1900	historical	y1900__p1:i2779	y1900__p1:i2779	225	0.0829	0.023056	0.080666	0.431305	0.227131	0.112495	0.042445
historical_rep030_1900_E_SK046_i14864	lunarc	historical	rep030	1900	E	SK046	3	133.0	77.0	4.0	20	162	14864	M	0	135.471	75.777	2.757094485141925	1900	historical	y1900__p1:i14864	y1900__p1:i14864	226	1e-05	0.18159	0.04677	0.333302	1e-05	0.438308	1e-05
historical_rep030_1900_E_SK046_i3508	lunarc	historical	rep030	1900	E	SK046	3	133.0	77.0	4.0	20	162	3508	F	0	133.935	79.3406	2.520443088030353	1900	historical	y1900__p1:i3508	y1900__p1:i3508	227	0.059311	0.044095	1e-05	0.538854	0.158118	0.136093	0.063518
historical_rep030_1900_E_SK046_i6135	lunarc	historical	rep030	1900	E	SK046	3	133.0	77.0	4.0	20	162	6135	F	0	132.296	76.6376	0.7918015913093421	1900	historical	y1900__p1:i6135	y1900__p1:i6135	228	0.118142	1e-05	1e-05	0.550178	0.128378	0.203272	1e-05
historical_rep030_1900_E_SK046_i17389	lunarc	historical	rep030	1900	E	SK046	3	133.0	77.0	4.0	20	162	17389	M	0	132.638	74.8556	2.174740297138952	1900	historical	y1900__p1:i17389	y1900__p1:i17389	229	1e-05	0.208253	0.057839	0.331263	1e-05	0.281949	0.120676
historical_rep030_1900_E_SK046_i7671	lunarc	historical	rep030	1900	E	SK046	3	133.0	77.0	4.0	20	162	7671	F	0	133.279	75.0806	1.939571437199461	1900	historical	y1900__p1:i7671	y1900__p1:i7671	230	0.189908	0.048567	0.067697	0.426259	0.18389	0.083669	1e-05
historical_rep030_1900_E_SK046_i14514	lunarc	historical	rep030	1900	E	SK046	3	133.0	77.0	4.0	20	162	14514	M	0	132.016	75.6054	1.7067996836184407	1900	historical	y1900__p1:i14514	y1900__p1:i14514	231	0.185495	1e-05	1e-05	0.561347	0.036563	0.168852	0.047722
historical_rep030_1900_E_SK046_i20889	lunarc	historical	rep030	1900	E	SK046	3	133.0	77.0	4.0	20	162	20889	M	0	133.732	77.9484	1.198034456933527	1900	historical	y1900__p1:i20889	y1900__p1:i20889	232	0.226006	0.049616	0.10288	0.397415	0.110594	0.113479	1e-05
historical_rep030_1900_E_SK046_i18646	lunarc	historical	rep030	1900	E	SK046	3	133.0	77.0	4.0	20	162	18646	M	0	131.715	80.4146	3.648385692330232	1900	historical	y1900__p1:i18646	y1900__p1:i18646	233	0.108446	1e-05	0.127827	0.477158	0.232863	0.030353	0.023342
historical_rep030_1900_E_SK046_i8486	lunarc	historical	rep030	1900	E	SK046	3	133.0	77.0	4.0	20	162	8486	F	0	129.458	78.5449	3.864256721544262	1900	historical	y1900__p1:i8486	y1900__p1:i8486	234	0.111282	0.071456	0.03127	0.458982	0.033983	0.141821	0.151208
historical_rep030_1900_E_SK046_i15835	lunarc	historical	rep030	1900	E	SK046	3	133.0	77.0	4.0	20	162	15835	M	0	133.945	73.9956	3.1495149404313056	1900	historical	y1900__p1:i15835	y1900__p1:i15835	235	1e-05	1e-05	0.062179	0.439454	0.016258	0.449258	0.032831
historical_rep030_1900_E_SK046_i17511	lunarc	historical	rep030	1900	E	SK046	3	133.0	77.0	4.0	20	162	17511	M	0	131.844	73.4677	3.716648932842603	1900	historical	y1900__p1:i17511	y1900__p1:i17511	236	0.178792	0.077274	0.003172	0.497105	0.065779	0.000971	0.176908
historical_rep030_1900_E_SK046_i18142	lunarc	historical	rep030	1900	E	SK046	3	133.0	77.0	4.0	20	162	18142	M	0	132.954	73.1243	3.875972973331981	1900	historical	y1900__p1:i18142	y1900__p1:i18142	237	0.279119	0.164112	0.063317	0.150886	0.200787	0.125379	0.016401
historical_rep030_1900_E_SK046_i22664	lunarc	historical	rep030	1900	E	SK046	3	133.0	77.0	4.0	20	162	22664	M	0	131.61	74.4765	2.880998481429651	1900	historical	y1900__p1:i22664	y1900__p1:i22664	238	0.059591	0.074137	0.148361	0.407936	0.158737	0.106506	0.044731
historical_rep030_1900_E_SK046_i22173	lunarc	historical	rep030	1900	E	SK046	3	133.0	77.0	4.0	20	162	22173	M	0	136.422	78.4684	3.723745770054662	1900	historical	y1900__p1:i22173	y1900__p1:i22173	239	0.146452	0.014442	0.008293	0.522363	0.164376	0.102145	0.04193
historical_rep030_1900_E_SK046_i1680	lunarc	historical	rep030	1900	E	SK046	3	133.0	77.0	4.0	20	162	1680	F	0	134.508	75.2039	2.345216239496907	1900	historical	y1900__p1:i1680	y1900__p1:i1680	240	0.16389	0.09592	0.027015	0.378661	0.134885	0.036649	0.16298
historical_rep030_1900_SE_SK008_i5043	lunarc	historical	rep030	1900	SE	SK008	1	133.0	21.0	4.0	20	36	5043	F	0	131.391	24.6302	3.970797531982715	1900	historical	y1900__p1:i5043	y1900__p1:i5043	241	1e-05	0.155578	0.103405	0.190792	0.179049	0.371156	1e-05
historical_rep030_1900_SE_SK008_i13305	lunarc	historical	rep030	1900	SE	SK008	1	133.0	21.0	4.0	20	36	13305	M	0	133.261	23.8749	2.886723230585156	1900	historical	y1900__p1:i13305	y1900__p1:i13305	242	0.195757	1e-05	0.049307	0.16635	0.012925	0.338352	0.237299
historical_rep030_1900_SE_SK008_i17690	lunarc	historical	rep030	1900	SE	SK008	1	133.0	21.0	4.0	20	36	17690	M	0	134.522	24.6189	3.92592934348034	1900	historical	y1900__p1:i17690	y1900__p1:i17690	243	0.153018	0.097743	0.08364	0.317586	0.168561	0.179443	1e-05
historical_rep030_1900_SE_SK008_i21403	lunarc	historical	rep030	1900	SE	SK008	1	133.0	21.0	4.0	20	36	21403	M	0	131.595	24.3296	3.613898332825648	1900	historical	y1900__p1:i21403	y1900__p1:i21403	244	0.043765	0.236654	1e-05	0.203048	0.063102	0.37724	0.076181
historical_rep030_1900_SE_SK008_i15191	lunarc	historical	rep030	1900	SE	SK008	1	133.0	21.0	4.0	20	36	15191	M	0	131.012	23.1083	2.8977703307888287	1900	historical	y1900__p1:i15191	y1900__p1:i15191	245	0.054134	0.050232	0.104653	0.43525	0.124607	0.231114	1e-05
historical_rep030_1900_SE_SK008_i13181	lunarc	historical	rep030	1900	SE	SK008	1	133.0	21.0	4.0	20	36	13181	M	0	130.756	23.4715	3.3382402924295302	1900	historical	y1900__p1:i13181	y1900__p1:i13181	246	0.069112	0.125431	1e-05	0.078204	0.468588	0.232139	0.026516
historical_rep030_1900_SE_SK008_i729	lunarc	historical	rep030	1900	SE	SK008	1	133.0	21.0	4.0	20	36	729	F	0	133.546	24.4662	3.5089397885971194	1900	historical	y1900__p1:i729	y1900__p1:i729	247	0.044038	0.11777	0.10255	0.020069	0.285057	0.418816	0.011701
historical_rep030_1900_SE_SK008_i10801	lunarc	historical	rep030	1900	SE	SK008	1	133.0	21.0	4.0	20	36	10801	F	0	134.997	23.9085	3.5280846432590103	1900	historical	y1900__p1:i10801	y1900__p1:i10801	248	0.148374	0.231398	0.131106	0.222478	0.083536	0.183098	1e-05
historical_rep030_1900_SE_SK008_i13238	lunarc	historical	rep030	1900	SE	SK008	1	133.0	21.0	4.0	20	36	13238	M	0	136.165	22.8309	3.6564217221212254	1900	historical	y1900__p1:i13238	y1900__p1:i13238	249	0.075171	0.036257	0.142447	0.401349	0.189976	0.048396	0.106404
historical_rep030_1900_SE_SK008_i15997	lunarc	historical	rep030	1900	SE	SK008	1	133.0	21.0	4.0	20	36	15997	M	0	134.727	24.1808	3.619394651043186	1900	historical	y1900__p1:i15997	y1900__p1:i15997	250	0.032071	0.055089	0.023302	0.225917	0.38958	0.250449	0.023591
historical_rep030_1900_SE_SK008_i6660	lunarc	historical	rep030	1900	SE	SK008	1	133.0	21.0	4.0	20	36	6660	F	0	132.496	23.076	2.1363033492460737	1900	historical	y1900__p1:i6660	y1900__p1:i6660	251	0.011128	0.102936	0.111523	0.153686	0.154203	0.379365	0.087159
historical_rep030_1900_SE_SK008_i16836	lunarc	historical	rep030	1900	SE	SK008	1	133.0	21.0	4.0	20	36	16836	M	0	129.985	23.3342	3.812966645539916	1900	historical	y1900__p1:i16836	y1900__p1:i16836	252	0.110775	1e-05	0.032285	0.205319	0.163736	0.318001	0.169874
historical_rep030_1900_SE_SK008_i3346	lunarc	historical	rep030	1900	SE	SK008	1	133.0	21.0	4.0	20	36	3346	F	0	133.219	22.8018	1.815060395689355	1900	historical	y1900__p1:i3346	y1900__p1:i3346	253	0.051737	0.035196	0.176787	0.316778	0.000614	0.412186	0.006701
historical_rep030_1900_SE_SK008_i21404	lunarc	historical	rep030	1900	SE	SK008	1	133.0	21.0	4.0	20	36	21404	M	0	131.273	22.6775	2.4075994787339545	1900	historical	y1900__p1:i21404	y1900__p1:i21404	254	0.005771	0.40015	1e-05	0.114499	1e-05	0.47955	1e-05
historical_rep030_1900_SE_SK008_i3222	lunarc	historical	rep030	1900	SE	SK008	1	133.0	21.0	4.0	20	36	3222	F	0	135.445	21.6645	2.533690046157968	1900	historical	y1900__p1:i3222	y1900__p1:i3222	255	0.301884	1e-05	0.105528	0.176341	0.124246	0.113355	0.178637
historical_rep030_1900_SE_SK008_i15691	lunarc	historical	rep030	1900	SE	SK008	1	133.0	21.0	4.0	20	36	15691	M	0	135.489	23.6131	3.608796559796634	1900	historical	y1900__p1:i15691	y1900__p1:i15691	256	1e-05	0.347431	1e-05	0.21001	1e-05	0.442519	1e-05
historical_rep030_1900_SE_SK008_i1081	lunarc	historical	rep030	1900	SE	SK008	1	133.0	21.0	4.0	20	36	1081	F	0	132.642	23.9671	2.988619482302824	1900	historical	y1900__p1:i1081	y1900__p1:i1081	257	0.0107	0.17982	0.026766	0.379188	0.028428	0.375088	1e-05
historical_rep030_1900_SE_SK008_i17275	lunarc	historical	rep030	1900	SE	SK008	1	133.0	21.0	4.0	20	36	17275	M	0	135.403	22.3393	2.751024080229027	1900	historical	y1900__p1:i17275	y1900__p1:i17275	258	1e-05	0.038557	0.050265	0.267149	0.151611	0.474462	0.017946
historical_rep030_1900_SE_SK008_i17677	lunarc	historical	rep030	1900	SE	SK008	1	133.0	21.0	4.0	20	36	17677	M	0	135.265	23.4507	3.337087875678425	1900	historical	y1900__p1:i17677	y1900__p1:i17677	259	0.159715	0.133987	0.137329	0.343259	1e-05	0.195439	0.030261
historical_rep030_1900_SE_SK008_i21526	lunarc	historical	rep030	1900	SE	SK008	1	133.0	21.0	4.0	20	36	21526	M	0	135.767	23.6816	3.8532152236800856	1900	historical	y1900__p1:i21526	y1900__p1:i21526	260	0.002352	0.096139	0.19692	0.209235	0.193839	0.10456	0.196955
historical_rep030_1900_SE_SK018_i1550	lunarc	historical	rep030	1900	SE	SK018	2	133.0	35.0	4.0	20	190	1550	F	0	133.294	31.5208	3.491599725054405	1900	historical	y1900__p1:i1550	y1900__p1:i1550	261	0.09991	0.205315	0.091812	0.267446	0.033834	0.042373	0.25931
historical_rep030_1900_SE_SK018_i16268	lunarc	historical	rep030	1900	SE	SK018	2	133.0	35.0	4.0	20	190	16268	M	0	133.291	34.0821	0.9629233666289356	1900	historical	y1900__p1:i16268	y1900__p1:i16268	262	0.282921	1e-05	0.104619	0.247927	0.149054	0.090913	0.124556
historical_rep030_1900_SE_SK018_i3840	lunarc	historical	rep030	1900	SE	SK018	2	133.0	35.0	4.0	20	190	3840	F	0	132.411	34.7073	0.6577190053510696	1900	historical	y1900__p1:i3840	y1900__p1:i3840	263	0.067693	0.068494	0.043412	0.368976	0.14001	0.20753	0.103885
historical_rep030_1900_SE_SK018_i18505	lunarc	historical	rep030	1900	SE	SK018	2	133.0	35.0	4.0	20	190	18505	M	0	136.603	35.5699	3.647793169849417	1900	historical	y1900__p1:i18505	y1900__p1:i18505	264	0.112296	0.027332	0.088818	0.377486	0.04923	0.344828	1e-05
historical_rep030_1900_SE_SK018_i7244	lunarc	historical	rep030	1900	SE	SK018	2	133.0	35.0	4.0	20	190	7244	F	0	130.4	33.9802	2.792846583684818	1900	historical	y1900__p1:i7244	y1900__p1:i7244	265	0.059353	0.114426	1e-05	0.243536	0.277357	0.305309	1e-05
historical_rep030_1900_SE_SK018_i15361	lunarc	historical	rep030	1900	SE	SK018	2	133.0	35.0	4.0	20	190	15361	M	0	130.286	33.6594	3.0270454836358174	1900	historical	y1900__p1:i15361	y1900__p1:i15361	266	0.178486	0.168221	1e-05	0.22723	0.088625	0.230295	0.107132
historical_rep030_1900_SE_SK018_i25322	lunarc	historical	rep030	1900	SE	SK018	2	133.0	35.0	4.0	20	190	25322	M	0	133.104	34.0803	0.9255614998475254	1900	historical	y1900__p1:i25322	y1900__p1:i25322	267	1e-05	0.127583	0.093129	0.382131	0.247192	0.149944	1e-05
historical_rep030_1900_SE_SK018_i17187	lunarc	historical	rep030	1900	SE	SK018	2	133.0	35.0	4.0	20	190	17187	M	0	132.171	32.0316	3.08198630107274	1900	historical	y1900__p1:i17187	y1900__p1:i17187	268	1e-05	0.062759	0.056789	0.256014	0.225447	0.197967	0.201014
historical_rep030_1900_SE_SK018_i13272	lunarc	historical	rep030	1900	SE	SK018	2	133.0	35.0	4.0	20	190	13272	M	0	136.185	34.3673	3.247234868314889	1900	historical	y1900__p1:i13272	y1900__p1:i13272	269	0.15625	0.157681	0.096641	0.177233	0.264107	0.148079	1e-05
historical_rep030_1900_SE_SK018_i5387	lunarc	historical	rep030	1900	SE	SK018	2	133.0	35.0	4.0	20	190	5387	F	0	131.637	35.6001	1.4892578722303254	1900	historical	y1900__p1:i5387	y1900__p1:i5387	270	0.230042	0.082691	0.124699	0.399599	0.162949	1e-05	1e-05
historical_rep030_1900_SE_SK018_i9644	lunarc	historical	rep030	1900	SE	SK018	2	133.0	35.0	4.0	20	190	9644	F	0	130.755	37.1595	3.1150385631641906	1900	historical	y1900__p1:i9644	y1900__p1:i9644	271	0.118982	0.235624	0.076879	0.267413	0.19625	0.097894	0.006958
historical_rep030_1900_SE_SK018_i23662	lunarc	historical	rep030	1900	SE	SK018	2	133.0	35.0	4.0	20	190	23662	M	0	131.956	37.3253	2.5489127270269605	1900	historical	y1900__p1:i23662	y1900__p1:i23662	272	0.156472	0.117098	0.044624	0.303225	0.134212	0.24436	1e-05
historical_rep030_1900_SE_SK018_i24697	lunarc	historical	rep030	1900	SE	SK018	2	133.0	35.0	4.0	20	190	24697	M	0	134.401	37.7483	3.084793978534066	1900	historical	y1900__p1:i24697	y1900__p1:i24697	273	0.002353	0.208852	0.16473	0.449294	0.131155	0.043606	1e-05
historical_rep030_1900_SE_SK018_i7806	lunarc	historical	rep030	1900	SE	SK018	2	133.0	35.0	4.0	20	190	7806	F	0	134.072	37.0251	2.291334547812696	1900	historical	y1900__p1:i7806	y1900__p1:i7806	274	0.111036	0.07457	0.092859	0.178239	0.017073	0.469112	0.057112
historical_rep030_1900_SE_SK018_i16170	lunarc	historical	rep030	1900	SE	SK018	2	133.0	35.0	4.0	20	190	16170	M	0	134.38	37.1853	2.5845572328737427	1900	historical	y1900__p1:i16170	y1900__p1:i16170	275	1e-05	0.000318	0.148503	0.338544	0.113801	0.351351	0.047472
historical_rep030_1900_SE_SK018_i12136	lunarc	historical	rep030	1900	SE	SK018	2	133.0	35.0	4.0	20	190	12136	F	0	132.676	34.9379	0.3298975750138337	1900	historical	y1900__p1:i12136	y1900__p1:i12136	276	0.11298	0.182534	0.04691	0.291494	0.058607	0.280885	0.02659
historical_rep030_1900_SE_SK018_i18272	lunarc	historical	rep030	1900	SE	SK018	2	133.0	35.0	4.0	20	190	18272	M	0	130.644	37.6776	3.5665498398312008	1900	historical	y1900__p1:i18272	y1900__p1:i18272	277	0.137512	0.142058	0.103781	0.398222	0.134762	0.040468	0.043196
historical_rep030_1900_SE_SK018_i17188	lunarc	historical	rep030	1900	SE	SK018	2	133.0	35.0	4.0	20	190	17188	M	0	129.872	35.3366	3.14605841649514	1900	historical	y1900__p1:i17188	y1900__p1:i17188	278	0.030622	0.21825	0.029134	0.262832	0.096363	0.182	0.180799
historical_rep030_1900_SE_SK018_i15406	lunarc	historical	rep030	1900	SE	SK018	2	133.0	35.0	4.0	20	190	15406	M	0	130.197	32.5757	3.705946503931216	1900	historical	y1900__p1:i15406	y1900__p1:i15406	279	0.193205	0.00015	0.123516	0.269848	0.249509	0.100633	0.063139
historical_rep030_1900_SE_SK018_i17298	lunarc	historical	rep030	1900	SE	SK018	2	133.0	35.0	4.0	20	190	17298	M	0	134.357	35.4478	1.4289765008564692	1900	historical	y1900__p1:i17298	y1900__p1:i17298	280	0.155779	1e-05	1e-05	0.50162	0.157986	0.113947	0.070648
historical_rep030_1900_SE_SK019_i15816	lunarc	historical	rep030	1900	SE	SK019	3	147.0	35.0	4.0	20	71	15816	M	0	144.684	31.9895	3.798284645731546	1900	historical	y1900__p1:i15816	y1900__p1:i15816	281	0.030738	0.239327	1e-05	0.422648	0.130987	0.092848	0.083442
historical_rep030_1900_SE_SK019_i3543	lunarc	historical	rep030	1900	SE	SK019	3	147.0	35.0	4.0	20	71	3543	F	0	144.485	32.783	3.352657751694904	1900	historical	y1900__p1:i3543	y1900__p1:i3543	282	0.231361	0.028083	0.069924	0.331088	1e-05	0.339525	1e-05
historical_rep030_1900_SE_SK019_i13836	lunarc	historical	rep030	1900	SE	SK019	3	147.0	35.0	4.0	20	71	13836	M	0	145.909	33.7013	1.6961434756529323	1900	historical	y1900__p1:i13836	y1900__p1:i13836	283	0.07757	0.280555	0.061492	0.245603	0.201779	0.132991	1e-05
historical_rep030_1900_SE_SK019_i578	lunarc	historical	rep030	1900	SE	SK019	3	147.0	35.0	4.0	20	71	578	F	0	144.81	36.5221	2.666999889388823	1900	historical	y1900__p1:i578	y1900__p1:i578	284	0.010931	0.211786	0.20906	0.470235	0.072636	1e-05	0.025341
historical_rep030_1900_SE_SK019_i13695	lunarc	historical	rep030	1900	SE	SK019	3	147.0	35.0	4.0	20	71	13695	M	0	143.889	36.9299	3.660988255922156	1900	historical	y1900__p1:i13695	y1900__p1:i13695	285	0.02564	0.093618	0.168613	0.211671	0.245995	0.236309	0.018154
historical_rep030_1900_SE_SK019_i16755	lunarc	historical	rep030	1900	SE	SK019	3	147.0	35.0	4.0	20	71	16755	M	0	147.194	38.1335	3.139499681477924	1900	historical	y1900__p1:i16755	y1900__p1:i16755	286	0.199076	0.070296	1e-05	0.352721	0.037419	0.312312	0.028165
historical_rep030_1900_SE_SK019_i1357	lunarc	historical	rep030	1900	SE	SK019	3	147.0	35.0	4.0	20	71	1357	F	0	144.637	33.587	2.7532413624671537	1900	historical	y1900__p1:i1357	y1900__p1:i1357	287	0.108486	0.012759	1e-05	0.437001	0.242523	0.199212	1e-05
historical_rep030_1900_SE_SK019_i3225	lunarc	historical	rep030	1900	SE	SK019	3	147.0	35.0	4.0	20	71	3225	F	0	145.478	36.4973	2.135038943438733	1900	historical	y1900__p1:i3225	y1900__p1:i3225	288	0.095811	0.127093	0.067825	0.337942	0.135057	0.236263	1e-05
historical_rep030_1900_SE_SK019_i14678	lunarc	historical	rep030	1900	SE	SK019	3	147.0	35.0	4.0	20	71	14678	M	0	145.163	34.7856	1.8494692103411612	1900	historical	y1900__p1:i14678	y1900__p1:i14678	289	0.285662	0.095755	0.019755	0.25377	0.0972	0.175994	0.071865
historical_rep030_1900_SE_SK019_i14511	lunarc	historical	rep030	1900	SE	SK019	3	147.0	35.0	4.0	20	71	14511	M	0	147.386	37.2357	2.268777311681339	1900	historical	y1900__p1:i14511	y1900__p1:i14511	290	0.091735	1e-05	0.042867	0.300562	1e-05	0.488367	0.076449
historical_rep030_1900_SE_SK019_i14579	lunarc	historical	rep030	1900	SE	SK019	3	147.0	35.0	4.0	20	71	14579	M	0	145.199	38.1733	3.64875785576406	1900	historical	y1900__p1:i14579	y1900__p1:i14579	291	0.026022	0.275104	0.07472	0.129656	0.181848	0.174333	0.138316
historical_rep030_1900_SE_SK019_i20548	lunarc	historical	rep030	1900	SE	SK019	3	147.0	35.0	4.0	20	71	20548	M	0	144.085	36.8328	3.4433095765556647	1900	historical	y1900__p1:i20548	y1900__p1:i20548	292	0.13641	0.073956	0.089201	0.470126	0.190152	1e-05	0.040144
historical_rep030_1900_SE_SK019_i19886	lunarc	historical	rep030	1900	SE	SK019	3	147.0	35.0	4.0	20	71	19886	M	0	144.412	37.6121	3.6770654617507095	1900	historical	y1900__p1:i19886	y1900__p1:i19886	293	0.171659	0.018722	0.061213	0.279061	0.217827	0.224409	0.027109
historical_rep030_1900_SE_SK019_i18108	lunarc	historical	rep030	1900	SE	SK019	3	147.0	35.0	4.0	20	71	18108	M	0	146.311	36.706	1.8398796156270665	1900	historical	y1900__p1:i18108	y1900__p1:i18108	294	1e-05	0.176443	0.117045	0.335521	0.204541	0.134594	0.031846
historical_rep030_1900_SE_SK019_i6836	lunarc	historical	rep030	1900	SE	SK019	3	147.0	35.0	4.0	20	71	6836	F	0	145.639	36.7661	2.229670426318647	1900	historical	y1900__p1:i6836	y1900__p1:i6836	295	0.039285	0.119825	0.093156	0.340237	0.207236	0.20025	1e-05
historical_rep030_1900_SE_SK019_i15557	lunarc	historical	rep030	1900	SE	SK019	3	147.0	35.0	4.0	20	71	15557	M	0	146.948	36.6302	1.6310291352394677	1900	historical	y1900__p1:i15557	y1900__p1:i15557	296	0.054886	0.135564	0.123139	0.587488	0.057222	0.041691	1e-05
historical_rep030_1900_SE_SK019_i1504	lunarc	historical	rep030	1900	SE	SK019	3	147.0	35.0	4.0	20	71	1504	F	0	144.347	34.0162	2.829535551994348	1900	historical	y1900__p1:i1504	y1900__p1:i1504	297	0.253121	0.068507	0.079764	0.332631	1e-05	0.185802	0.080165
historical_rep030_1900_SE_SK019_i15333	lunarc	historical	rep030	1900	SE	SK019	3	147.0	35.0	4.0	20	71	15333	M	0	146.667	36.8146	1.8449016667562512	1900	historical	y1900__p1:i15333	y1900__p1:i15333	298	1e-05	0.112246	0.077735	0.442397	0.210385	0.107744	0.049484
historical_rep030_1900_SE_SK019_i3238	lunarc	historical	rep030	1900	SE	SK019	3	147.0	35.0	4.0	20	71	3238	F	0	143.929	37.5106	3.9666299751804392	1900	historical	y1900__p1:i3238	y1900__p1:i3238	299	0.052157	0.043395	0.064223	0.434117	0.009826	0.109864	0.286418
historical_rep030_1900_SE_SK019_i10990	lunarc	historical	rep030	1900	SE	SK019	3	147.0	35.0	4.0	20	71	10990	F	0	146.872	36.8798	1.884152870655672	1900	historical	y1900__p1:i10990	y1900__p1:i10990	300	0.119005	0.194445	0.112346	0.23019	0.225732	0.101916	0.016365
historical_rep030_2020_NW_SK060_i14745	lunarc	historical	rep030	2020	NW	SK060	1	77.0	105.0	4.0	20	136	14745	M	0	75.7573	105.011	1.24274868336281	2020	historical	y2020__p1:i14745	y2020__p1:i14745	301	1e-05	0.060714	0.21284	0.226042	0.011607	1e-05	0.488777
historical_rep030_2020_NW_SK060_i1880	lunarc	historical	rep030	2020	NW	SK060	1	77.0	105.0	4.0	20	136	1880	F	0	79.3495	107.867	3.706728915094824	2020	historical	y2020__p1:i1880	y2020__p1:i1880	302	1e-05	1e-05	0.041746	0.226702	1e-05	1e-05	0.731512
historical_rep030_2020_NW_SK060_i14143	lunarc	historical	rep030	2020	NW	SK060	1	77.0	105.0	4.0	20	136	14143	M	0	73.6619	104.973	3.338209192066905	2020	historical	y2020__p1:i14143	y2020__p1:i14143	303	1e-05	0.044985	0.361289	0.24833	1e-05	1e-05	0.345366
historical_rep030_2020_NW_SK060_i12397	lunarc	historical	rep030	2020	NW	SK060	1	77.0	105.0	4.0	20	136	12397	M	0	75.7051	102.935	2.4374148210758024	2020	historical	y2020__p1:i12397	y2020__p1:i12397	304	0.028095	0.135712	0.03479	0.220294	0.039358	0.055418	0.486333
historical_rep030_2020_NW_SK060_i1027	lunarc	historical	rep030	2020	NW	SK060	1	77.0	105.0	4.0	20	136	1027	F	0	73.0852	105.391	3.934277575362471	2020	historical	y2020__p1:i1027	y2020__p1:i1027	305	1e-05	0.011133	0.20344	1e-05	1e-05	1e-05	0.785387
historical_rep030_2020_NW_SK060_i1439	lunarc	historical	rep030	2020	NW	SK060	1	77.0	105.0	4.0	20	136	1439	F	0	73.6695	103.507	3.6498327701416655	2020	historical	y2020__p1:i1439	y2020__p1:i1439	306	0.021848	0.18384	0.151531	0.244414	1e-05	0.11895	0.279408
historical_rep030_2020_NW_SK060_i15755	lunarc	historical	rep030	2020	NW	SK060	1	77.0	105.0	4.0	20	136	15755	M	0	78.2061	108.161	3.3832821652945277	2020	historical	y2020__p1:i15755	y2020__p1:i15755	307	0.009192	0.218165	0.101115	0.491699	1e-05	1e-05	0.179809
historical_rep030_2020_NW_SK060_i3218	lunarc	historical	rep030	2020	NW	SK060	1	77.0	105.0	4.0	20	136	3218	F	0	75.7768	102.31	2.955049617180734	2020	historical	y2020__p1:i3218	y2020__p1:i3218	308	1e-05	0.11894	1e-05	1e-05	0.098372	0.248554	0.534104
historical_rep030_2020_NW_SK060_i8357	lunarc	historical	rep030	2020	NW	SK060	1	77.0	105.0	4.0	20	136	8357	F	0	77.0128	106.622	1.6220505047624132	2020	historical	y2020__p1:i8357	y2020__p1:i8357	309	0.057748	1e-05	0.337733	0.294954	0.002164	1e-05	0.307381
historical_rep030_2020_NW_SK060_i4529	lunarc	historical	rep030	2020	NW	SK060	1	77.0	105.0	4.0	20	136	4529	F	0	77.0383	104.586	0.4157678318484989	2020	historical	y2020__p1:i4529	y2020__p1:i4529	310	0.013361	1e-05	0.405713	0.319408	1e-05	1e-05	0.261488
historical_rep030_2020_NW_SK060_i13180	lunarc	historical	rep030	2020	NW	SK060	1	77.0	105.0	4.0	20	136	13180	M	0	77.0272	108.11	3.11011894306311	2020	historical	y2020__p1:i13180	y2020__p1:i13180	311	0.046035	0.103311	0.124804	0.305467	0.016413	0.162018	0.241952
historical_rep030_2020_NW_SK060_i6948	lunarc	historical	rep030	2020	NW	SK060	1	77.0	105.0	4.0	20	136	6948	F	0	73.523	106.154	3.6635017401388006	2020	historical	y2020__p1:i6948	y2020__p1:i6948	312	0.028224	1e-05	0.087993	0.136411	0.260108	0.088045	0.399209
historical_rep030_2020_NW_SK060_i7783	lunarc	historical	rep030	2020	NW	SK060	1	77.0	105.0	4.0	20	136	7783	F	0	76.281	107.189	2.304057724971308	2020	historical	y2020__p1:i7783	y2020__p1:i7783	313	0.012513	0.020786	0.226541	0.172517	0.184104	0.096281	0.287258
historical_rep030_2020_NW_SK060_i8356	lunarc	historical	rep030	2020	NW	SK060	1	77.0	105.0	4.0	20	136	8356	F	0	78.7962	102.621	2.9809353297245518	2020	historical	y2020__p1:i8356	y2020__p1:i8356	314	1e-05	0.027968	0.405048	0.316854	1e-05	1e-05	0.2501
historical_rep030_2020_NW_SK060_i7306	lunarc	historical	rep030	2020	NW	SK060	1	77.0	105.0	4.0	20	136	7306	F	0	76.904	104.955	0.1060235822824377	2020	historical	y2020__p1:i7306	y2020__p1:i7306	315	1e-05	0.127899	0.054399	0.296822	1e-05	0.24839	0.272469
historical_rep030_2020_NW_SK060_i15756	lunarc	historical	rep030	2020	NW	SK060	1	77.0	105.0	4.0	20	136	15756	M	0	75.7518	108.711	3.9152936339436897	2020	historical	y2020__p1:i15756	y2020__p1:i15756	316	1e-05	0.228963	0.153051	0.46583	1e-05	1e-05	0.152126
historical_rep030_2020_NW_SK060_i10499	lunarc	historical	rep030	2020	NW	SK060	1	77.0	105.0	4.0	20	136	10499	M	0	74.1661	107.311	3.6567349110921383	2020	historical	y2020__p1:i10499	y2020__p1:i10499	317	1e-05	0.116794	1e-05	0.149802	1e-05	0.23589	0.497484
historical_rep030_2020_NW_SK060_i14118	lunarc	historical	rep030	2020	NW	SK060	1	77.0	105.0	4.0	20	136	14118	M	0	75.247	107.783	3.289087715461539	2020	historical	y2020__p1:i14118	y2020__p1:i14118	318	1e-05	1e-05	0.577362	0.161657	1e-05	0.035399	0.225552
historical_rep030_2020_NW_SK060_i7984	lunarc	historical	rep030	2020	NW	SK060	1	77.0	105.0	4.0	20	136	7984	F	0	75.3433	103.891	1.993623808545632	2020	historical	y2020__p1:i7984	y2020__p1:i7984	319	1e-05	0.143759	0.122752	0.132352	0.059936	0.124391	0.4168
historical_rep030_2020_NW_SK060_i469	lunarc	historical	rep030	2020	NW	SK060	1	77.0	105.0	4.0	20	136	469	F	0	75.6193	107.586	2.931506181129422	2020	historical	y2020__p1:i469	y2020__p1:i469	320	0.063785	1e-05	1e-05	0.267753	0.149461	1e-05	0.51897
historical_rep030_2020_NW_SK068_i15488	lunarc	historical	rep030	2020	NW	SK068	2	63.0	119.0	4.0	20	74	15488	M	0	64.5335	118.627	1.5782114085254912	2020	historical	y2020__p1:i15488	y2020__p1:i15488	321	1e-05	0.047299	0.031476	0.037725	0.034146	1e-05	0.849334
historical_rep030_2020_NW_SK068_i8205	lunarc	historical	rep030	2020	NW	SK068	2	63.0	119.0	4.0	20	74	8205	F	0	65.1802	119.924	2.3679206152234094	2020	historical	y2020__p1:i8205	y2020__p1:i8205	322	1e-05	1e-05	0.161204	0.159146	0.133585	1e-05	0.546035
historical_rep030_2020_NW_SK068_i15400	lunarc	historical	rep030	2020	NW	SK068	2	63.0	119.0	4.0	20	74	15400	M	0	65.0017	118.359	2.101828701393148	2020	historical	y2020__p1:i15400	y2020__p1:i15400	323	1e-05	0.024005	0.067361	0.497381	1e-05	0.104567	0.306666
historical_rep030_2020_NW_SK068_i2351	lunarc	historical	rep030	2020	NW	SK068	2	63.0	119.0	4.0	20	74	2351	F	0	62.3311	117.709	1.4539973211804735	2020	historical	y2020__p1:i2351	y2020__p1:i2351	324	1e-05	0.07828	0.073451	0.193434	1e-05	0.044303	0.610512
historical_rep030_2020_NW_SK068_i4968	lunarc	historical	rep030	2020	NW	SK068	2	63.0	119.0	4.0	20	74	4968	F	0	62.0183	120.552	1.8364201289465365	2020	historical	y2020__p1:i4968	y2020__p1:i4968	325	1e-05	0.067972	0.343128	0.117456	1e-05	0.190808	0.280616
historical_rep030_2020_NW_SK068_i16501	lunarc	historical	rep030	2020	NW	SK068	2	63.0	119.0	4.0	20	74	16501	M	0	60.6962	120.51	2.754558846712124	2020	historical	y2020__p1:i16501	y2020__p1:i16501	326	1e-05	1e-05	0.060678	1e-05	0.007387	1e-05	0.931894
historical_rep030_2020_NW_SK068_i2242	lunarc	historical	rep030	2020	NW	SK068	2	63.0	119.0	4.0	20	74	2242	F	0	60.4603	121.641	3.66400833650799	2020	historical	y2020__p1:i2242	y2020__p1:i2242	327	1e-05	1e-05	0.008922	1e-05	1e-05	1e-05	0.991028
historical_rep030_2020_NW_SK068_i5761	lunarc	historical	rep030	2020	NW	SK068	2	63.0	119.0	4.0	20	74	5761	F	0	64.5877	117.483	2.1959235619665773	2020	historical	y2020__p1:i5761	y2020__p1:i5761	328	1e-05	0.061966	1e-05	0.330274	0.135023	0.033904	0.438813
historical_rep030_2020_NW_SK068_i249	lunarc	historical	rep030	2020	NW	SK068	2	63.0	119.0	4.0	20	74	249	F	0	64.3528	116.994	2.419525540266109	2020	historical	y2020__p1:i249	y2020__p1:i249	329	1e-05	1e-05	0.112394	0.13123	0.07656	0.093064	0.586732
historical_rep030_2020_NW_SK068_i2004	lunarc	historical	rep030	2020	NW	SK068	2	63.0	119.0	4.0	20	74	2004	F	0	65.9339	116.845	3.6403013899950607	2020	historical	y2020__p1:i2004	y2020__p1:i2004	330	0.057105	0.144309	0.095293	0.039367	0.13409	0.243298	0.286537
historical_rep030_2020_NW_SK068_i15642	lunarc	historical	rep030	2020	NW	SK068	2	63.0	119.0	4.0	20	74	15642	M	0	63.391	117.086	1.9535293701401075	2020	historical	y2020__p1:i15642	y2020__p1:i15642	331	0.051513	1e-05	1e-05	0.125453	0.029832	0.032618	0.760564
historical_rep030_2020_NW_SK068_i13966	lunarc	historical	rep030	2020	NW	SK068	2	63.0	119.0	4.0	20	74	13966	M	0	64.7495	115.698	3.7368374663610986	2020	historical	y2020__p1:i13966	y2020__p1:i13966	332	1e-05	0.043425	0.149569	0.24718	0.0417	0.085404	0.432711
historical_rep030_2020_NW_SK068_i12607	lunarc	historical	rep030	2020	NW	SK068	2	63.0	119.0	4.0	20	74	12607	M	0	65.2783	115.871	3.870567386055956	2020	historical	y2020__p1:i12607	y2020__p1:i12607	333	1e-05	0.04835	1e-05	0.120679	1e-05	1e-05	0.830931
historical_rep030_2020_NW_SK068_i10657	lunarc	historical	rep030	2020	NW	SK068	2	63.0	119.0	4.0	20	74	10657	M	0	65.1026	116.491	3.273531389799093	2020	historical	y2020__p1:i10657	y2020__p1:i10657	334	1e-05	1e-05	0.107062	0.247519	1e-05	1e-05	0.645379
historical_rep030_2020_NW_SK068_i12129	lunarc	historical	rep030	2020	NW	SK068	2	63.0	119.0	4.0	20	74	12129	M	0	64.6633	115.995	3.43461670204988	2020	historical	y2020__p1:i12129	y2020__p1:i12129	335	1e-05	0.023155	0.029925	0.129124	0.074141	0.107186	0.636458
historical_rep030_2020_NW_SK068_i15655	lunarc	historical	rep030	2020	NW	SK068	2	63.0	119.0	4.0	20	74	15655	M	0	66.2592	118.87	3.2617916303773984	2020	historical	y2020__p1:i15655	y2020__p1:i15655	336	1e-05	0.01355	0.183094	0.197187	1e-05	1e-05	0.606139
historical_rep030_2020_NW_SK068_i11918	lunarc	historical	rep030	2020	NW	SK068	2	63.0	119.0	4.0	20	74	11918	M	0	61.8167	120.161	1.6577454237608409	2020	historical	y2020__p1:i11918	y2020__p1:i11918	337	1e-05	0.131716	1e-05	0.094723	1e-05	0.005558	0.767972
historical_rep030_2020_NW_SK068_i13184	lunarc	historical	rep030	2020	NW	SK068	2	63.0	119.0	4.0	20	74	13184	M	0	63.2804	121.281	2.2981699589020885	2020	historical	y2020__p1:i13184	y2020__p1:i13184	338	1e-05	1e-05	0.235062	0.249057	1e-05	1e-05	0.51584
historical_rep030_2020_NW_SK068_i11202	lunarc	historical	rep030	2020	NW	SK068	2	63.0	119.0	4.0	20	74	11202	M	0	64.4157	117.588	1.9994875568505095	2020	historical	y2020__p1:i11202	y2020__p1:i11202	339	1e-05	1e-05	0.180475	0.138184	1e-05	0.130328	0.550983
historical_rep030_2020_NW_SK068_i13493	lunarc	historical	rep030	2020	NW	SK068	2	63.0	119.0	4.0	20	74	13493	M	0	62.8764	118.082	0.9262834123528352	2020	historical	y2020__p1:i13493	y2020__p1:i13493	340	1e-05	0.039243	0.324844	0.148788	1e-05	0.188864	0.298241
historical_rep030_2020_NW_SK069_i11770	lunarc	historical	rep030	2020	NW	SK069	3	77.0	119.0	4.0	20	62	11770	M	0	77.7296	122.592	3.665348572782676	2020	historical	y2020__p1:i11770	y2020__p1:i11770	341	0.188538	1e-05	0.051075	0.047624	1e-05	1e-05	0.712733
historical_rep030_2020_NW_SK069_i3465	lunarc	historical	rep030	2020	NW	SK069	3	77.0	119.0	4.0	20	62	3465	F	0	78.8928	122.297	3.801697099980476	2020	historical	y2020__p1:i3465	y2020__p1:i3465	342	1e-05	0.2212	1e-05	1e-05	1e-05	0.290163	0.488597
historical_rep030_2020_NW_SK069_i7067	lunarc	historical	rep030	2020	NW	SK069	3	77.0	119.0	4.0	20	62	7067	F	0	73.7653	121.0	3.803062462016634	2020	historical	y2020__p1:i7067	y2020__p1:i7067	343	0.090316	1e-05	0.087962	0.04717	0.074231	0.05719	0.64312
historical_rep030_2020_NW_SK069_i12029	lunarc	historical	rep030	2020	NW	SK069	3	77.0	119.0	4.0	20	62	12029	M	0	79.0654	121.945	3.5970685509175317	2020	historical	y2020__p1:i12029	y2020__p1:i12029	344	1e-05	0.124711	0.022434	1e-05	1e-05	0.377774	0.475051
historical_rep030_2020_NW_SK069_i9458	lunarc	historical	rep030	2020	NW	SK069	3	77.0	119.0	4.0	20	62	9458	M	0	80.6884	120.525	3.9912303316145534	2020	historical	y2020__p1:i9458	y2020__p1:i9458	345	1e-05	1e-05	0.126912	0.250072	1e-05	1e-05	0.622976
historical_rep030_2020_NW_SK069_i2621	lunarc	historical	rep030	2020	NW	SK069	3	77.0	119.0	4.0	20	62	2621	F	0	79.8787	116.93	3.5456753503387675	2020	historical	y2020__p1:i2621	y2020__p1:i2621	346	1e-05	0.121751	0.050033	0.251599	1e-05	0.049965	0.526631
historical_rep030_2020_NW_SK069_i11448	lunarc	historical	rep030	2020	NW	SK069	3	77.0	119.0	4.0	20	62	11448	M	0	74.5764	119.626	2.5031406193020747	2020	historical	y2020__p1:i11448	y2020__p1:i11448	347	1e-05	1e-05	0.18789	0.163324	1e-05	1e-05	0.648746
historical_rep030_2020_NW_SK069_i5932	lunarc	historical	rep030	2020	NW	SK069	3	77.0	119.0	4.0	20	62	5932	F	0	79.1049	122.308	3.920901428243262	2020	historical	y2020__p1:i5932	y2020__p1:i5932	348	0.07577	0.247565	1e-05	0.151484	1e-05	0.237231	0.287929
historical_rep030_2020_NW_SK069_i14420	lunarc	historical	rep030	2020	NW	SK069	3	77.0	119.0	4.0	20	62	14420	M	0	76.8853	118.469	0.5432468039482663	2020	historical	y2020__p1:i14420	y2020__p1:i14420	349	1e-05	1e-05	0.114162	0.180289	0.009984	0.088883	0.606662
historical_rep030_2020_NW_SK069_i7218	lunarc	historical	rep030	2020	NW	SK069	3	77.0	119.0	4.0	20	62	7218	F	0	74.8377	117.1	2.878461618642852	2020	historical	y2020__p1:i7218	y2020__p1:i7218	350	0.092143	1e-05	0.084441	1e-05	1e-05	0.007028	0.816358
historical_rep030_2020_NW_SK069_i15715	lunarc	historical	rep030	2020	NW	SK069	3	77.0	119.0	4.0	20	62	15715	M	0	75.7051	120.363	1.880035906571998	2020	historical	y2020__p1:i15715	y2020__p1:i15715	351	0.073093	1e-05	0.092625	1e-05	1e-05	0.021576	0.812677
historical_rep030_2020_NW_SK069_i2860	lunarc	historical	rep030	2020	NW	SK069	3	77.0	119.0	4.0	20	62	2860	F	0	74.1079	119.99	3.05685171540917	2020	historical	y2020__p1:i2860	y2020__p1:i2860	352	1e-05	1e-05	0.119548	0.107797	0.027884	0.046922	0.69783
historical_rep030_2020_NW_SK069_i9606	lunarc	historical	rep030	2020	NW	SK069	3	77.0	119.0	4.0	20	62	9606	M	0	77.3283	122.356	3.3720197048653144	2020	historical	y2020__p1:i9606	y2020__p1:i9606	353	0.004196	1e-05	0.088565	0.300076	1e-05	1e-05	0.607134
historical_rep030_2020_NW_SK069_i2028	lunarc	historical	rep030	2020	NW	SK069	3	77.0	119.0	4.0	20	62	2028	F	0	80.2106	121.38	3.996542550755587	2020	historical	y2020__p1:i2028	y2020__p1:i2028	354	1e-05	1e-05	0.179363	0.292851	1e-05	1e-05	0.527746
historical_rep030_2020_NW_SK069_i15750	lunarc	historical	rep030	2020	NW	SK069	3	77.0	119.0	4.0	20	62	15750	M	0	75.7138	117.016	2.364437869769465	2020	historical	y2020__p1:i15750	y2020__p1:i15750	355	0.017328	1e-05	0.133001	0.337424	1e-05	0.097707	0.41452
historical_rep030_2020_NW_SK069_i13477	lunarc	historical	rep030	2020	NW	SK069	3	77.0	119.0	4.0	20	62	13477	M	0	75.0917	121.727	3.32838367529947	2020	historical	y2020__p1:i13477	y2020__p1:i13477	356	0.042369	1e-05	0.136468	0.162877	0.1218	0.179074	0.357402
historical_rep030_2020_NW_SK069_i15751	lunarc	historical	rep030	2020	NW	SK069	3	77.0	119.0	4.0	20	62	15751	M	0	78.9928	116.783	2.980996618582451	2020	historical	y2020__p1:i15751	y2020__p1:i15751	357	0.09506	0.119933	0.071652	0.251377	0.135372	0.113902	0.212705
historical_rep030_2020_NW_SK069_i16778	lunarc	historical	rep030	2020	NW	SK069	3	77.0	119.0	4.0	20	62	16778	M	0	77.3488	120.521	1.560481476980743	2020	historical	y2020__p1:i16778	y2020__p1:i16778	358	0.018683	0.051788	1e-05	0.079696	1e-05	0.206138	0.643676
historical_rep030_2020_NW_SK069_i7481	lunarc	historical	rep030	2020	NW	SK069	3	77.0	119.0	4.0	20	62	7481	F	0	76.8506	117.969	1.0417683811673362	2020	historical	y2020__p1:i7481	y2020__p1:i7481	359	1e-05	0.021397	0.148418	0.369105	1e-05	0.07306	0.388
historical_rep030_2020_NW_SK069_i15559	lunarc	historical	rep030	2020	NW	SK069	3	77.0	119.0	4.0	20	62	15559	M	0	76.8163	121.597	2.6034889456266126	2020	historical	y2020__p1:i15559	y2020__p1:i15559	360	1e-05	0.475552	1e-05	1e-05	0.03839	0.257248	0.22878
historical_rep030_2020_NE_SK062_i1807	lunarc	historical	rep030	2020	NE	SK062	1	105.0	105.0	4.0	20	40	1807	F	0	108.19	105.012	3.190022570453066	2020	historical	y2020__p1:i1807	y2020__p1:i1807	361	1e-05	0.064596	0.090137	0.072454	0.289887	0.365785	0.11713
historical_rep030_2020_NE_SK062_i11459	lunarc	historical	rep030	2020	NE	SK062	1	105.0	105.0	4.0	20	40	11459	M	0	108.152	104.38	3.212398480886207	2020	historical	y2020__p1:i11459	y2020__p1:i11459	362	1e-05	0.201185	0.067429	0.180502	0.173668	0.131793	0.245413
historical_rep030_2020_NE_SK062_i9086	lunarc	historical	rep030	2020	NE	SK062	1	105.0	105.0	4.0	20	40	9086	M	0	103.145	107.309	2.9618416568074672	2020	historical	y2020__p1:i9086	y2020__p1:i9086	363	0.030385	0.052039	0.064272	0.319892	0.142751	0.088699	0.301963
historical_rep030_2020_NE_SK062_i16934	lunarc	historical	rep030	2020	NE	SK062	1	105.0	105.0	4.0	20	40	16934	M	0	107.802	106.46	3.159557563963667	2020	historical	y2020__p1:i16934	y2020__p1:i16934	364	0.262783	1e-05	1e-05	0.349419	0.100474	0.265947	0.021357
historical_rep030_2020_NE_SK062_i1726	lunarc	historical	rep030	2020	NE	SK062	1	105.0	105.0	4.0	20	40	1726	F	0	101.892	104.651	3.1275333731233035	2020	historical	y2020__p1:i1726	y2020__p1:i1726	365	1e-05	1e-05	0.045021	0.13505	0.22464	0.428676	0.166593
historical_rep030_2020_NE_SK062_i12979	lunarc	historical	rep030	2020	NE	SK062	1	105.0	105.0	4.0	20	40	12979	M	0	107.199	102.213	3.550066196565921	2020	historical	y2020__p1:i12979	y2020__p1:i12979	366	0.020041	1e-05	0.128886	0.269348	0.059821	0.096572	0.425321
historical_rep030_2020_NE_SK062_i4947	lunarc	historical	rep030	2020	NE	SK062	1	105.0	105.0	4.0	20	40	4947	F	0	103.819	105.215	1.20041076303072	2020	historical	y2020__p1:i4947	y2020__p1:i4947	367	0.185864	0.039004	0.142947	0.129863	0.18344	0.156044	0.162838
historical_rep030_2020_NE_SK062_i362	lunarc	historical	rep030	2020	NE	SK062	1	105.0	105.0	4.0	20	40	362	F	0	103.445	108.434	3.7696659003153057	2020	historical	y2020__p1:i362	y2020__p1:i362	368	1e-05	1e-05	0.005924	0.300692	0.245114	0.335587	0.112663
historical_rep030_2020_NE_SK062_i3647	lunarc	historical	rep030	2020	NE	SK062	1	105.0	105.0	4.0	20	40	3647	F	0	104.42	102.17	2.888823289853498	2020	historical	y2020__p1:i3647	y2020__p1:i3647	369	0.066444	0.068168	0.119266	0.067278	0.17288	0.409359	0.096605
historical_rep030_2020_NE_SK062_i13072	lunarc	historical	rep030	2020	NE	SK062	1	105.0	105.0	4.0	20	40	13072	M	0	108.43	103.953	3.5862388375567016	2020	historical	y2020__p1:i13072	y2020__p1:i13072	370	1e-05	0.083095	1e-05	0.28491	0.498108	1e-05	0.133858
historical_rep030_2020_NE_SK062_i11460	lunarc	historical	rep030	2020	NE	SK062	1	105.0	105.0	4.0	20	40	11460	M	0	104.58	106.828	1.875628961175427	2020	historical	y2020__p1:i11460	y2020__p1:i11460	371	0.030481	0.127557	0.173537	0.058971	0.162976	0.274788	0.17169
historical_rep030_2020_NE_SK062_i8522	lunarc	historical	rep030	2020	NE	SK062	1	105.0	105.0	4.0	20	40	8522	F	0	107.042	104.737	2.058866921391475	2020	historical	y2020__p1:i8522	y2020__p1:i8522	372	0.301988	1e-05	1e-05	0.314888	0.125601	0.257494	1e-05
historical_rep030_2020_NE_SK062_i13693	lunarc	historical	rep030	2020	NE	SK062	1	105.0	105.0	4.0	20	40	13693	M	0	108.15	105.468	3.184575952933143	2020	historical	y2020__p1:i13693	y2020__p1:i13693	373	0.185598	0.111781	0.085401	0.039827	0.304098	0.273285	1e-05
historical_rep030_2020_NE_SK062_i10858	lunarc	historical	rep030	2020	NE	SK062	1	105.0	105.0	4.0	20	40	10858	M	0	102.608	107.818	3.6963208735173367	2020	historical	y2020__p1:i10858	y2020__p1:i10858	374	0.096548	1e-05	0.135796	0.233292	0.013614	0.284778	0.235962
historical_rep030_2020_NE_SK062_i15709	lunarc	historical	rep030	2020	NE	SK062	1	105.0	105.0	4.0	20	40	15709	M	0	106.692	102.644	2.900620623245989	2020	historical	y2020__p1:i15709	y2020__p1:i15709	375	1e-05	0.064872	1e-05	0.158663	0.17937	0.488144	0.108931
historical_rep030_2020_NE_SK062_i6548	lunarc	historical	rep030	2020	NE	SK062	1	105.0	105.0	4.0	20	40	6548	F	0	105.306	105.06	0.3118268750444686	2020	historical	y2020__p1:i6548	y2020__p1:i6548	376	1e-05	0.034345	0.16507	0.250632	0.15443	0.33587	0.059643
historical_rep030_2020_NE_SK062_i2842	lunarc	historical	rep030	2020	NE	SK062	1	105.0	105.0	4.0	20	40	2842	F	0	105.117	102.863	2.1402004579010825	2020	historical	y2020__p1:i2842	y2020__p1:i2842	377	0.069871	1e-05	0.089691	0.31705	0.198232	0.197508	0.127638
historical_rep030_2020_NE_SK062_i14129	lunarc	historical	rep030	2020	NE	SK062	1	105.0	105.0	4.0	20	40	14129	M	0	101.173	105.472	3.855997017633699	2020	historical	y2020__p1:i14129	y2020__p1:i14129	378	0.068801	1e-05	0.148463	0.144607	0.300926	0.337183	1e-05
historical_rep030_2020_NE_SK062_i14954	lunarc	historical	rep030	2020	NE	SK062	1	105.0	105.0	4.0	20	40	14954	M	0	108.061	104.139	3.1797864708184496	2020	historical	y2020__p1:i14954	y2020__p1:i14954	379	0.010596	0.119421	0.113119	0.332582	0.041756	0.220597	0.161929
historical_rep030_2020_NE_SK062_i4247	lunarc	historical	rep030	2020	NE	SK062	1	105.0	105.0	4.0	20	40	4247	F	0	104.044	101.221	3.898047844755113	2020	historical	y2020__p1:i4247	y2020__p1:i4247	380	0.269062	0.013447	0.067068	0.239587	0.334659	0.003186	0.072991
historical_rep030_2020_NE_SK063_i12605	lunarc	historical	rep030	2020	NE	SK063	2	119.0	105.0	4.0	20	60	12605	M	0	122.348	103.388	3.7158643678153775	2020	historical	y2020__p1:i12605	y2020__p1:i12605	381	0.139349	0.126076	0.208126	0.075984	0.245798	0.201544	0.003121
historical_rep030_2020_NE_SK063_i16346	lunarc	historical	rep030	2020	NE	SK063	2	119.0	105.0	4.0	20	60	16346	M	0	119.261	102.211	2.8011858203268143	2020	historical	y2020__p1:i16346	y2020__p1:i16346	382	1e-05	0.130356	0.141538	0.109466	0.19257	0.323694	0.102367
historical_rep030_2020_NE_SK063_i15147	lunarc	historical	rep030	2020	NE	SK063	2	119.0	105.0	4.0	20	60	15147	M	0	120.013	104.48	1.138669838012761	2020	historical	y2020__p1:i15147	y2020__p1:i15147	383	0.042165	0.171635	0.073525	0.167936	0.155385	0.15428	0.235074
historical_rep030_2020_NE_SK063_i5429	lunarc	historical	rep030	2020	NE	SK063	2	119.0	105.0	4.0	20	60	5429	F	0	122.643	105.315	3.6565932232065417	2020	historical	y2020__p1:i5429	y2020__p1:i5429	384	0.046561	0.098007	0.021656	0.249599	0.272989	1e-05	0.311178
historical_rep030_2020_NE_SK063_i6511	lunarc	historical	rep030	2020	NE	SK063	2	119.0	105.0	4.0	20	60	6511	F	0	119.206	104.215	0.8115793245271814	2020	historical	y2020__p1:i6511	y2020__p1:i6511	385	1e-05	1e-05	0.392836	0.14661	1e-05	1e-05	0.460514
historical_rep030_2020_NE_SK063_i15040	lunarc	historical	rep030	2020	NE	SK063	2	119.0	105.0	4.0	20	60	15040	M	0	115.228	105.006	3.7720047720012286	2020	historical	y2020__p1:i15040	y2020__p1:i15040	386	0.139152	1e-05	1e-05	0.278908	0.5819	1e-05	1e-05
historical_rep030_2020_NE_SK063_i7900	lunarc	historical	rep030	2020	NE	SK063	2	119.0	105.0	4.0	20	60	7900	F	0	119.856	105.641	1.069400299233172	2020	historical	y2020__p1:i7900	y2020__p1:i7900	387	0.108046	0.043065	0.035871	0.210351	0.16915	0.039896	0.393621
historical_rep030_2020_NE_SK063_i8437	lunarc	historical	rep030	2020	NE	SK063	2	119.0	105.0	4.0	20	60	8437	F	0	119.758	101.489	3.5918915629511927	2020	historical	y2020__p1:i8437	y2020__p1:i8437	388	1e-05	0.232128	0.240387	0.064636	1e-05	0.139994	0.322835
historical_rep030_2020_NE_SK063_i12880	lunarc	historical	rep030	2020	NE	SK063	2	119.0	105.0	4.0	20	60	12880	M	0	115.456	105.603	3.5949332399920824	2020	historical	y2020__p1:i12880	y2020__p1:i12880	389	0.050495	0.125992	0.246974	0.046786	0.239694	0.290048	1e-05
historical_rep030_2020_NE_SK063_i16419	lunarc	historical	rep030	2020	NE	SK063	2	119.0	105.0	4.0	20	60	16419	M	0	121.347	103.135	2.99777150563547	2020	historical	y2020__p1:i16419	y2020__p1:i16419	390	1e-05	0.155923	1e-05	0.202351	0.434603	0.207093	1e-05
historical_rep030_2020_NE_SK063_i8310	lunarc	historical	rep030	2020	NE	SK063	2	119.0	105.0	4.0	20	60	8310	F	0	118.061	101.613	3.51475319190409	2020	historical	y2020__p1:i8310	y2020__p1:i8310	391	0.05474	0.054337	0.026364	0.255348	0.193478	0.162064	0.253668
historical_rep030_2020_NE_SK063_i4628	lunarc	historical	rep030	2020	NE	SK063	2	119.0	105.0	4.0	20	60	4628	F	0	122.683	104.586	3.706195488637918	2020	historical	y2020__p1:i4628	y2020__p1:i4628	392	0.187687	0.102682	0.031576	0.170642	0.19155	0.151454	0.164407
historical_rep030_2020_NE_SK063_i8081	lunarc	historical	rep030	2020	NE	SK063	2	119.0	105.0	4.0	20	60	8081	F	0	117.121	106.139	2.197262387608728	2020	historical	y2020__p1:i8081	y2020__p1:i8081	393	0.036075	1e-05	0.132878	1e-05	1e-05	0.133292	0.697726
historical_rep030_2020_NE_SK063_i2630	lunarc	historical	rep030	2020	NE	SK063	2	119.0	105.0	4.0	20	60	2630	F	0	119.652	106.803	1.9172670653823876	2020	historical	y2020__p1:i2630	y2020__p1:i2630	394	0.117162	0.157787	0.654257	1e-05	0.015195	0.055579	1e-05
historical_rep030_2020_NE_SK063_i11972	lunarc	historical	rep030	2020	NE	SK063	2	119.0	105.0	4.0	20	60	11972	M	0	119.295	103.924	1.1157065026251245	2020	historical	y2020__p1:i11972	y2020__p1:i11972	395	1e-05	0.020668	0.058959	0.191341	0.168678	0.155382	0.404962
historical_rep030_2020_NE_SK063_i7208	lunarc	historical	rep030	2020	NE	SK063	2	119.0	105.0	4.0	20	60	7208	F	0	122.631	105.191	3.636020076952272	2020	historical	y2020__p1:i7208	y2020__p1:i7208	396	0.220844	0.121015	0.165827	1e-05	0.031078	0.274411	0.186815
historical_rep030_2020_NE_SK063_i4728	lunarc	historical	rep030	2020	NE	SK063	2	119.0	105.0	4.0	20	60	4728	F	0	122.129	104.301	3.206125699344932	2020	historical	y2020__p1:i4728	y2020__p1:i4728	397	0.4551	0.077744	1e-05	0.244992	0.102145	0.10421	0.015799
historical_rep030_2020_NE_SK063_i15264	lunarc	historical	rep030	2020	NE	SK063	2	119.0	105.0	4.0	20	60	15264	M	0	120.118	105.502	1.2255317213356756	2020	historical	y2020__p1:i15264	y2020__p1:i15264	398	0.086109	0.263463	1e-05	0.258555	0.121262	0.086411	0.18419
historical_rep030_2020_NE_SK063_i77	lunarc	historical	rep030	2020	NE	SK063	2	119.0	105.0	4.0	20	60	77	F	0	119.441	103.398	1.661591104935271	2020	historical	y2020__p1:i77	y2020__p1:i77	399	0.018491	0.023512	0.074448	0.152339	0.370841	0.258717	0.101652
historical_rep030_2020_NE_SK063_i4982	lunarc	historical	rep030	2020	NE	SK063	2	119.0	105.0	4.0	20	60	4982	F	0	118.29	103.338	1.8073029629810304	2020	historical	y2020__p1:i4982	y2020__p1:i4982	400	1e-05	1e-05	0.20057	0.01774	0.1303	0.428818	0.222552
historical_rep030_2020_NE_SK064_i14902	lunarc	historical	rep030	2020	NE	SK064	3	133.0	105.0	4.0	20	72	14902	M	0	134.302	102.745	2.60388728634708	2020	historical	y2020__p1:i14902	y2020__p1:i14902	401	0.335937	1e-05	0.094644	0.121401	0.229998	0.218	1e-05
historical_rep030_2020_NE_SK064_i3776	lunarc	historical	rep030	2020	NE	SK064	3	133.0	105.0	4.0	20	72	3776	F	0	136.505	104.817	3.509774066802587	2020	historical	y2020__p1:i3776	y2020__p1:i3776	402	0.449819	1e-05	1e-05	0.113999	0.26493	0.109555	0.061676
historical_rep030_2020_NE_SK064_i618	lunarc	historical	rep030	2020	NE	SK064	3	133.0	105.0	4.0	20	72	618	F	0	131.308	102.632	2.910375920736014	2020	historical	y2020__p1:i618	y2020__p1:i618	403	0.270876	0.171729	0.00436	0.182121	0.370893	1e-05	1e-05
historical_rep030_2020_NE_SK064_i12080	lunarc	historical	rep030	2020	NE	SK064	3	133.0	105.0	4.0	20	72	12080	M	0	135.604	102.918	3.333997600479047	2020	historical	y2020__p1:i12080	y2020__p1:i12080	404	1e-05	1e-05	0.99994	1e-05	1e-05	1e-05	1e-05
historical_rep030_2020_NE_SK064_i13469	lunarc	historical	rep030	2020	NE	SK064	3	133.0	105.0	4.0	20	72	13469	M	0	129.079	105.609	3.968012348771099	2020	historical	y2020__p1:i13469	y2020__p1:i13469	405	1e-05	1e-05	0.99994	1e-05	1e-05	1e-05	1e-05
historical_rep030_2020_NE_SK064_i8636	lunarc	historical	rep030	2020	NE	SK064	3	133.0	105.0	4.0	20	72	8636	F	0	131.498	102.95	2.541358691723783	2020	historical	y2020__p1:i8636	y2020__p1:i8636	406	0.33695	1e-05	0.474227	1e-05	1e-05	0.188784	1e-05
historical_rep030_2020_NE_SK064_i8637	lunarc	historical	rep030	2020	NE	SK064	3	133.0	105.0	4.0	20	72	8637	F	0	130.842	104.802	2.167064373755413	2020	historical	y2020__p1:i8637	y2020__p1:i8637	407	0.43701	0.040106	0.215592	0.031139	0.148201	0.115414	0.012538
historical_rep030_2020_NE_SK064_i307	lunarc	historical	rep030	2020	NE	SK064	3	133.0	105.0	4.0	20	72	307	F	0	136.318	103.837	3.5159199365173364	2020	historical	y2020__p1:i307	y2020__p1:i307	408	0.077691	0.225403	0.240472	1e-05	0.456404	1e-05	1e-05
historical_rep030_2020_NE_SK064_i2867	lunarc	historical	rep030	2020	NE	SK064	3	133.0	105.0	4.0	20	72	2867	F	0	132.446	102.817	2.252200035520831	2020	historical	y2020__p1:i2867	y2020__p1:i2867	409	0.255087	1e-05	0.294355	1e-05	0.204016	0.234882	0.01164
historical_rep030_2020_NE_SK064_i6554	lunarc	historical	rep030	2020	NE	SK064	3	133.0	105.0	4.0	20	72	6554	F	0	135.197	103.466	2.679545670444904	2020	historical	y2020__p1:i6554	y2020__p1:i6554	410	1e-05	1e-05	0.99994	1e-05	1e-05	1e-05	1e-05
historical_rep030_2020_NE_SK064_i3506	lunarc	historical	rep030	2020	NE	SK064	3	133.0	105.0	4.0	20	72	3506	F	0	135.513	103.754	2.804939393284642	2020	historical	y2020__p1:i3506	y2020__p1:i3506	411	1e-05	1e-05	0.875873	1e-05	0.027114	0.096974	1e-05
historical_rep030_2020_NE_SK064_i13468	lunarc	historical	rep030	2020	NE	SK064	3	133.0	105.0	4.0	20	72	13468	M	0	129.846	104.23	3.2466314850934297	2020	historical	y2020__p1:i13468	y2020__p1:i13468	412	1e-05	1e-05	0.99994	1e-05	1e-05	1e-05	1e-05
historical_rep030_2020_NE_SK064_i9319	lunarc	historical	rep030	2020	NE	SK064	3	133.0	105.0	4.0	20	72	9319	M	0	135.125	103.131	2.829979858585569	2020	historical	y2020__p1:i9319	y2020__p1:i9319	413	0.202336	0.214861	1e-05	0.236583	0.34619	1e-05	1e-05
historical_rep030_2020_NE_SK064_i1022	lunarc	historical	rep030	2020	NE	SK064	3	133.0	105.0	4.0	20	72	1022	F	0	130.805	102.084	3.6498056112620505	2020	historical	y2020__p1:i1022	y2020__p1:i1022	414	0.061238	0.093158	0.135392	0.255531	0.189455	0.058009	0.207218
historical_rep030_2020_NE_SK064_i4853	lunarc	historical	rep030	2020	NE	SK064	3	133.0	105.0	4.0	20	72	4853	F	0	134.842	106.448	2.343004054627313	2020	historical	y2020__p1:i4853	y2020__p1:i4853	415	0.167224	0.136347	0.060546	0.248882	0.193296	1e-05	0.193695
historical_rep030_2020_NE_SK064_i6713	lunarc	historical	rep030	2020	NE	SK064	3	133.0	105.0	4.0	20	72	6713	F	0	129.986	104.446	3.064492127580044	2020	historical	y2020__p1:i6713	y2020__p1:i6713	416	0.074881	1e-05	0.036923	0.100609	0.405437	0.270289	0.111851
historical_rep030_2020_NE_SK064_i13925	lunarc	historical	rep030	2020	NE	SK064	3	133.0	105.0	4.0	20	72	13925	M	0	130.279	106.12	2.9424889124684954	2020	historical	y2020__p1:i13925	y2020__p1:i13925	417	0.061212	1e-05	0.11567	0.112438	0.411054	0.184713	0.114903
historical_rep030_2020_NE_SK064_i11809	lunarc	historical	rep030	2020	NE	SK064	3	133.0	105.0	4.0	20	72	11809	M	0	133.198	102.146	2.8608600105562663	2020	historical	y2020__p1:i11809	y2020__p1:i11809	418	0.36282	0.056095	0.233562	0.120215	0.133642	0.093657	1e-05
historical_rep030_2020_NE_SK064_i12332	lunarc	historical	rep030	2020	NE	SK064	3	133.0	105.0	4.0	20	72	12332	M	0	133.628	107.176	2.2648090427230265	2020	historical	y2020__p1:i12332	y2020__p1:i12332	419	0.099919	0.120616	0.243123	0.125056	1e-05	0.32151	0.089766
historical_rep030_2020_NE_SK064_i5770	lunarc	historical	rep030	2020	NE	SK064	3	133.0	105.0	4.0	20	72	5770	F	0	132.726	104.938	0.2809270367906945	2020	historical	y2020__p1:i5770	y2020__p1:i5770	420	0.020808	1e-05	0.435695	1e-05	0.237189	0.306279	1e-05
historical_rep030_2020_W_SK025_i11887	lunarc	historical	rep030	2020	W	SK025	1	91.0	49.0	4.0	20	165	11887	M	0	90.2333	45.7061	3.381953000856163	2020	historical	y2020__p1:i11887	y2020__p1:i11887	421	0.349039	0.193312	1e-05	0.446133	1e-05	0.011486	1e-05
historical_rep030_2020_W_SK025_i2325	lunarc	historical	rep030	2020	W	SK025	1	91.0	49.0	4.0	20	165	2325	F	0	88.4496	50.5887	3.0047475517919957	2020	historical	y2020__p1:i2325	y2020__p1:i2325	422	0.301427	0.283966	0.069196	0.210688	0.044289	0.090424	1e-05
historical_rep030_2020_W_SK025_i12801	lunarc	historical	rep030	2020	W	SK025	1	91.0	49.0	4.0	20	165	12801	M	0	93.5826	50.9443	3.232665347665915	2020	historical	y2020__p1:i12801	y2020__p1:i12801	423	1e-05	0.15286	0.196429	0.09808	1e-05	0.552601	1e-05
historical_rep030_2020_W_SK025_i3934	lunarc	historical	rep030	2020	W	SK025	1	91.0	49.0	4.0	20	165	3934	F	0	94.486	50.9591	3.998783416240498	2020	historical	y2020__p1:i3934	y2020__p1:i3934	424	0.288681	0.089443	0.013173	0.439986	0.039317	1e-05	0.12939
historical_rep030_2020_W_SK025_i12687	lunarc	historical	rep030	2020	W	SK025	1	91.0	49.0	4.0	20	165	12687	M	0	93.5641	51.6951	3.719969464928437	2020	historical	y2020__p1:i12687	y2020__p1:i12687	425	0.107549	0.184228	0.016474	0.117725	0.237183	0.148606	0.188234
historical_rep030_2020_W_SK025_i4579	lunarc	historical	rep030	2020	W	SK025	1	91.0	49.0	4.0	20	165	4579	F	0	87.6805	49.7002	3.392544810315707	2020	historical	y2020__p1:i4579	y2020__p1:i4579	426	0.078145	0.10641	0.062858	0.460019	0.059912	1e-05	0.232647
historical_rep030_2020_W_SK025_i9477	lunarc	historical	rep030	2020	W	SK025	1	91.0	49.0	4.0	20	165	9477	M	0	91.0415	45.9302	3.070080502201857	2020	historical	y2020__p1:i9477	y2020__p1:i9477	427	0.27333	0.114451	0.125169	0.20855	0.27848	1e-05	1e-05
historical_rep030_2020_W_SK025_i10873	lunarc	historical	rep030	2020	W	SK025	1	91.0	49.0	4.0	20	165	10873	M	0	92.6432	49.8097	1.831862530322616	2020	historical	y2020__p1:i10873	y2020__p1:i10873	428	0.212247	0.104463	0.110529	0.168098	1e-05	0.404643	1e-05
historical_rep030_2020_W_SK025_i15293	lunarc	historical	rep030	2020	W	SK025	1	91.0	49.0	4.0	20	165	15293	M	0	88.147	49.9714	3.013839239242859	2020	historical	y2020__p1:i15293	y2020__p1:i15293	429	0.132797	0.220545	1e-05	0.081364	0.212758	0.293588	0.058939
historical_rep030_2020_W_SK025_i10605	lunarc	historical	rep030	2020	W	SK025	1	91.0	49.0	4.0	20	165	10605	M	0	91.612	51.5954	2.666579299402135	2020	historical	y2020__p1:i10605	y2020__p1:i10605	430	0.004523	0.189313	0.076149	0.165822	0.289712	0.208422	0.066059
historical_rep030_2020_W_SK025_i16856	lunarc	historical	rep030	2020	W	SK025	1	91.0	49.0	4.0	20	165	16856	M	0	93.2052	45.9137	3.793172119743584	2020	historical	y2020__p1:i16856	y2020__p1:i16856	431	0.259283	0.098423	1e-05	0.154362	0.377741	0.05584	0.054342
historical_rep030_2020_W_SK025_i7653	lunarc	historical	rep030	2020	W	SK025	1	91.0	49.0	4.0	20	165	7653	F	0	89.9307	49.8516	1.366976609163446	2020	historical	y2020__p1:i7653	y2020__p1:i7653	432	0.213871	0.200875	0.004289	0.467039	1e-05	1e-05	0.113906
historical_rep030_2020_W_SK025_i8037	lunarc	historical	rep030	2020	W	SK025	1	91.0	49.0	4.0	20	165	8037	F	0	91.1372	49.7027	0.7159686655154694	2020	historical	y2020__p1:i8037	y2020__p1:i8037	433	0.214398	0.140214	1e-05	0.102726	1e-05	0.165658	0.376985
historical_rep030_2020_W_SK025_i5541	lunarc	historical	rep030	2020	W	SK025	1	91.0	49.0	4.0	20	165	5541	F	0	90.1129	45.9741	3.153255019816825	2020	historical	y2020__p1:i5541	y2020__p1:i5541	434	0.01794	0.141644	0.068574	0.281875	0.267558	0.178604	0.043805
historical_rep030_2020_W_SK025_i8743	lunarc	historical	rep030	2020	W	SK025	1	91.0	49.0	4.0	20	165	8743	M	0	88.5538	46.1128	3.784153575107652	2020	historical	y2020__p1:i8743	y2020__p1:i8743	435	0.146245	0.356594	0.023978	0.081941	0.114126	0.191017	0.086099
historical_rep030_2020_W_SK025_i2270	lunarc	historical	rep030	2020	W	SK025	1	91.0	49.0	4.0	20	165	2270	F	0	90.1529	52.7091	3.80460263628148	2020	historical	y2020__p1:i2270	y2020__p1:i2270	436	0.044932	0.075033	0.089731	0.258489	0.079084	0.197133	0.255598
historical_rep030_2020_W_SK025_i8767	lunarc	historical	rep030	2020	W	SK025	1	91.0	49.0	4.0	20	165	8767	M	0	87.5507	50.0701	3.611479544452654	2020	historical	y2020__p1:i8767	y2020__p1:i8767	437	0.184218	0.273572	0.055725	0.107765	0.03717	0.156095	0.185455
historical_rep030_2020_W_SK025_i4327	lunarc	historical	rep030	2020	W	SK025	1	91.0	49.0	4.0	20	165	4327	F	0	93.088	52.3235	3.9249708597644384	2020	historical	y2020__p1:i4327	y2020__p1:i4327	438	0.064995	0.269125	0.027294	0.176648	0.013403	0.274925	0.173609
historical_rep030_2020_W_SK025_i12115	lunarc	historical	rep030	2020	W	SK025	1	91.0	49.0	4.0	20	165	12115	M	0	88.6887	48.6944	2.33141567507813	2020	historical	y2020__p1:i12115	y2020__p1:i12115	439	0.144427	0.143433	1e-05	0.303326	0.067564	0.34123	1e-05
historical_rep030_2020_W_SK025_i10872	lunarc	historical	rep030	2020	W	SK025	1	91.0	49.0	4.0	20	165	10872	M	0	89.4966	46.0939	3.2719457162367487	2020	historical	y2020__p1:i10872	y2020__p1:i10872	440	0.297068	0.037095	0.138552	0.136869	0.091998	0.286002	0.012417
historical_rep030_2020_W_SK026_i10429	lunarc	historical	rep030	2020	W	SK026	2	105.0	49.0	4.0	20	116	10429	M	0	107.316	48.0593	2.499754485944572	2020	historical	y2020__p1:i10429	y2020__p1:i10429	441	0.616106	1e-05	0.003073	0.205291	0.094351	0.081159	1e-05
historical_rep030_2020_W_SK026_i13250	lunarc	historical	rep030	2020	W	SK026	2	105.0	49.0	4.0	20	116	13250	M	0	104.043	46.7683	2.428236786229871	2020	historical	y2020__p1:i13250	y2020__p1:i13250	442	1e-05	0.143341	0.074243	0.223605	0.151615	0.287914	0.119272
historical_rep030_2020_W_SK026_i10094	lunarc	historical	rep030	2020	W	SK026	2	105.0	49.0	4.0	20	116	10094	M	0	104.08	45.4502	3.667080588151832	2020	historical	y2020__p1:i10094	y2020__p1:i10094	443	0.108174	0.089947	0.181415	0.027466	1e-05	0.458892	0.134096
historical_rep030_2020_W_SK026_i8138	lunarc	historical	rep030	2020	W	SK026	2	105.0	49.0	4.0	20	116	8138	F	0	104.613	46.0415	2.9837042832693736	2020	historical	y2020__p1:i8138	y2020__p1:i8138	444	0.291103	0.241675	0.049738	1e-05	0.136522	0.234087	0.046865
historical_rep030_2020_W_SK026_i3398	lunarc	historical	rep030	2020	W	SK026	2	105.0	49.0	4.0	20	116	3398	F	0	102.492	45.958	3.9425661693876473	2020	historical	y2020__p1:i3398	y2020__p1:i3398	445	0.152867	0.124916	0.053397	1e-05	0.408326	0.195632	0.064852
historical_rep030_2020_W_SK026_i13871	lunarc	historical	rep030	2020	W	SK026	2	105.0	49.0	4.0	20	116	13871	M	0	102.38	48.1619	2.750783817387332	2020	historical	y2020__p1:i13871	y2020__p1:i13871	446	0.254906	0.159334	0.101591	1e-05	0.049816	0.434333	1e-05
historical_rep030_2020_W_SK026_i598	lunarc	historical	rep030	2020	W	SK026	2	105.0	49.0	4.0	20	116	598	F	0	105.083	48.869	0.1550806241927075	2020	historical	y2020__p1:i598	y2020__p1:i598	447	0.425136	0.116296	0.270902	0.101156	0.08649	1e-05	1e-05
historical_rep030_2020_W_SK026_i9997	lunarc	historical	rep030	2020	W	SK026	2	105.0	49.0	4.0	20	116	9997	M	0	108.254	47.1688	3.733873249053862	2020	historical	y2020__p1:i9997	y2020__p1:i9997	448	0.04447	0.009516	1e-05	0.305367	0.357517	0.056624	0.226496
historical_rep030_2020_W_SK026_i15212	lunarc	historical	rep030	2020	W	SK026	2	105.0	49.0	4.0	20	116	15212	M	0	102.268	49.9497	2.892361334619172	2020	historical	y2020__p1:i15212	y2020__p1:i15212	449	0.224333	0.026915	0.211932	1e-05	0.09548	0.342877	0.098452
historical_rep030_2020_W_SK026_i12529	lunarc	historical	rep030	2020	W	SK026	2	105.0	49.0	4.0	20	116	12529	M	0	102.57	46.8636	3.2355996291259586	2020	historical	y2020__p1:i12529	y2020__p1:i12529	450	0.213783	0.038616	1e-05	0.254667	0.32821	0.032817	0.131897
historical_rep030_2020_W_SK026_i10927	lunarc	historical	rep030	2020	W	SK026	2	105.0	49.0	4.0	20	116	10927	M	0	101.237	50.0158	3.8976940156969775	2020	historical	y2020__p1:i10927	y2020__p1:i10927	451	0.290315	0.104013	0.017117	0.125079	0.123636	0.262618	0.077221
historical_rep030_2020_W_SK026_i16544	lunarc	historical	rep030	2020	W	SK026	2	105.0	49.0	4.0	20	116	16544	M	0	106.29	46.4707	2.8392707672921955	2020	historical	y2020__p1:i16544	y2020__p1:i16544	452	0.273765	1e-05	0.130633	0.117263	0.374989	0.10333	1e-05
historical_rep030_2020_W_SK026_i8839	lunarc	historical	rep030	2020	W	SK026	2	105.0	49.0	4.0	20	116	8839	M	0	104.494	47.4658	1.6154892881105698	2020	historical	y2020__p1:i8839	y2020__p1:i8839	453	0.455785	1e-05	0.116762	0.057452	0.044586	0.09812	0.227284
historical_rep030_2020_W_SK026_i4411	lunarc	historical	rep030	2020	W	SK026	2	105.0	49.0	4.0	20	116	4411	F	0	104.095	51.3044	2.475739154272923	2020	historical	y2020__p1:i4411	y2020__p1:i4411	454	0.262232	1e-05	0.011805	1e-05	0.187617	0.257693	0.280634
historical_rep030_2020_W_SK026_i5591	lunarc	historical	rep030	2020	W	SK026	2	105.0	49.0	4.0	20	116	5591	F	0	108.693	48.0583	3.811174082877871	2020	historical	y2020__p1:i5591	y2020__p1:i5591	455	1e-05	1e-05	0.99994	1e-05	1e-05	1e-05	1e-05
historical_rep030_2020_W_SK026_i13536	lunarc	historical	rep030	2020	W	SK026	2	105.0	49.0	4.0	20	116	13536	M	0	107.097	51.8608	3.547053092357085	2020	historical	y2020__p1:i13536	y2020__p1:i13536	456	0.083871	0.229915	0.201823	0.168577	0.315794	1e-05	1e-05
historical_rep030_2020_W_SK026_i6887	lunarc	historical	rep030	2020	W	SK026	2	105.0	49.0	4.0	20	116	6887	F	0	105.798	45.926	3.1758904263214105	2020	historical	y2020__p1:i6887	y2020__p1:i6887	457	0.204939	0.046298	0.014028	0.147674	0.382086	0.130858	0.074117
historical_rep030_2020_W_SK026_i7404	lunarc	historical	rep030	2020	W	SK026	2	105.0	49.0	4.0	20	116	7404	F	0	108.1	50.6743	3.523248570566654	2020	historical	y2020__p1:i7404	y2020__p1:i7404	458	0.091927	0.117354	0.211722	0.110179	0.228183	0.161734	0.0789
historical_rep030_2020_W_SK026_i16868	lunarc	historical	rep030	2020	W	SK026	2	105.0	49.0	4.0	20	116	16868	M	0	107.559	46.7015	3.439706855242169	2020	historical	y2020__p1:i16868	y2020__p1:i16868	459	0.339822	0.466133	0.084325	0.022973	0.086728	1e-05	1e-05
historical_rep030_2020_W_SK026_i16862	lunarc	historical	rep030	2020	W	SK026	2	105.0	49.0	4.0	20	116	16862	M	0	103.645	45.4598	3.7906517961954775	2020	historical	y2020__p1:i16862	y2020__p1:i16862	460	0.248733	1e-05	0.018357	0.339924	0.142834	0.250132	1e-05
historical_rep030_2020_W_SK034_i3011	lunarc	historical	rep030	2020	W	SK034	3	91.0	63.0	4.0	20	182	3011	F	0	90.7493	64.6123	1.6316745324972173	2020	historical	y2020__p1:i3011	y2020__p1:i3011	461	0.121941	0.03919	0.13179	0.101914	0.213219	0.377704	0.014242
historical_rep030_2020_W_SK034_i6902	lunarc	historical	rep030	2020	W	SK034	3	91.0	63.0	4.0	20	182	6902	F	0	89.5066	63.2397	1.5125143470393865	2020	historical	y2020__p1:i6902	y2020__p1:i6902	462	0.034932	0.251478	1e-05	0.202427	0.22315	0.163777	0.124226
historical_rep030_2020_W_SK034_i11404	lunarc	historical	rep030	2020	W	SK034	3	91.0	63.0	4.0	20	182	11404	M	0	89.3745	59.9979	3.4139207167126773	2020	historical	y2020__p1:i11404	y2020__p1:i11404	463	0.134146	0.247217	0.139284	0.060681	0.304836	0.113826	1e-05
historical_rep030_2020_W_SK034_i3012	lunarc	historical	rep030	2020	W	SK034	3	91.0	63.0	4.0	20	182	3012	F	0	93.5412	64.0869	2.763882966046141	2020	historical	y2020__p1:i3012	y2020__p1:i3012	464	0.16067	1e-05	0.18384	0.162875	0.185674	0.171227	0.135704
historical_rep030_2020_W_SK034_i16392	lunarc	historical	rep030	2020	W	SK034	3	91.0	63.0	4.0	20	182	16392	M	0	88.1569	62.5249	2.8825227874207755	2020	historical	y2020__p1:i16392	y2020__p1:i16392	465	0.236866	1e-05	0.229688	0.116416	0.059757	0.073948	0.283314
historical_rep030_2020_W_SK034_i7091	lunarc	historical	rep030	2020	W	SK034	3	91.0	63.0	4.0	20	182	7091	F	0	91.2138	62.8667	0.2519510468325191	2020	historical	y2020__p1:i7091	y2020__p1:i7091	466	0.115579	0.149976	0.067004	0.198091	0.08443	0.258184	0.126736
historical_rep030_2020_W_SK034_i2539	lunarc	historical	rep030	2020	W	SK034	3	91.0	63.0	4.0	20	182	2539	F	0	91.3515	62.149	0.9207351682215682	2020	historical	y2020__p1:i2539	y2020__p1:i2539	467	0.078014	1e-05	0.030998	0.317658	0.247069	0.067293	0.258959
historical_rep030_2020_W_SK034_i7809	lunarc	historical	rep030	2020	W	SK034	3	91.0	63.0	4.0	20	182	7809	F	0	91.7118	63.8687	1.1230756564007565	2020	historical	y2020__p1:i7809	y2020__p1:i7809	468	0.120264	0.177643	0.020698	0.059774	0.150627	0.285572	0.185422
historical_rep030_2020_W_SK034_i12864	lunarc	historical	rep030	2020	W	SK034	3	91.0	63.0	4.0	20	182	12864	M	0	93.634	63.586	2.6983980432842003	2020	historical	y2020__p1:i12864	y2020__p1:i12864	469	0.133066	1e-05	0.237856	0.185765	0.168578	0.250017	0.024708
historical_rep030_2020_W_SK034_i4999	lunarc	historical	rep030	2020	W	SK034	3	91.0	63.0	4.0	20	182	4999	F	0	90.8074	60.5344	2.473111020556904	2020	historical	y2020__p1:i4999	y2020__p1:i4999	470	0.120335	0.161231	0.012734	0.19344	0.267711	0.076493	0.168057
historical_rep030_2020_W_SK034_i8181	lunarc	historical	rep030	2020	W	SK034	3	91.0	63.0	4.0	20	182	8181	F	0	89.7654	64.8055	2.1872511081263584	2020	historical	y2020__p1:i8181	y2020__p1:i8181	471	1e-05	0.168544	0.057526	0.185637	0.377425	0.210847	1e-05
historical_rep030_2020_W_SK034_i16172	lunarc	historical	rep030	2020	W	SK034	3	91.0	63.0	4.0	20	182	16172	M	0	92.9531	62.7617	1.9675839245125035	2020	historical	y2020__p1:i16172	y2020__p1:i16172	472	1e-05	0.379359	0.049405	0.258887	0.150069	0.162261	1e-05
historical_rep030_2020_W_SK034_i17048	lunarc	historical	rep030	2020	W	SK034	3	91.0	63.0	4.0	20	182	17048	M	0	94.0344	61.2781	3.4889142967404667	2020	historical	y2020__p1:i17048	y2020__p1:i17048	473	1e-05	0.156952	0.135371	0.196238	0.146773	0.32093	0.043726
historical_rep030_2020_W_SK034_i8625	lunarc	historical	rep030	2020	W	SK034	3	91.0	63.0	4.0	20	182	8625	F	0	87.0979	63.0978	3.903325409186381	2020	historical	y2020__p1:i8625	y2020__p1:i8625	474	0.132513	0.162935	0.120066	0.16514	0.233746	0.15496	0.030641
historical_rep030_2020_W_SK034_i4997	lunarc	historical	rep030	2020	W	SK034	3	91.0	63.0	4.0	20	182	4997	F	0	90.1403	59.5551	3.5505520838314686	2020	historical	y2020__p1:i4997	y2020__p1:i4997	475	0.10962	0.123232	0.03495	1e-05	0.36906	0.191513	0.171614
historical_rep030_2020_W_SK034_i10215	lunarc	historical	rep030	2020	W	SK034	3	91.0	63.0	4.0	20	182	10215	M	0	94.3674	61.8285	3.5653604319900154	2020	historical	y2020__p1:i10215	y2020__p1:i10215	476	0.205098	0.069121	0.109631	0.16438	0.38244	1e-05	0.06932
historical_rep030_2020_W_SK034_i15426	lunarc	historical	rep030	2020	W	SK034	3	91.0	63.0	4.0	20	182	15426	M	0	89.3323	60.2625	3.2054842910237404	2020	historical	y2020__p1:i15426	y2020__p1:i15426	477	0.129349	0.078821	0.16449	0.335592	0.08733	0.111396	0.093022
historical_rep030_2020_W_SK034_i153	lunarc	historical	rep030	2020	W	SK034	3	91.0	63.0	4.0	20	182	153	F	0	91.368	62.6394	0.5152245723953729	2020	historical	y2020__p1:i153	y2020__p1:i153	478	0.074175	0.07689	0.096246	0.179791	0.143786	0.277464	0.151648
historical_rep030_2020_W_SK034_i14306	lunarc	historical	rep030	2020	W	SK034	3	91.0	63.0	4.0	20	182	14306	M	0	90.8908	60.4248	2.5775142443835324	2020	historical	y2020__p1:i14306	y2020__p1:i14306	479	0.091084	0.338771	0.066693	0.036833	0.138653	0.295578	0.032388
historical_rep030_2020_W_SK034_i16010	lunarc	historical	rep030	2020	W	SK034	3	91.0	63.0	4.0	20	182	16010	M	0	88.8139	65.9254	3.651985538032696	2020	historical	y2020__p1:i16010	y2020__p1:i16010	480	0.178148	0.104525	0.023284	0.257545	0.023993	0.412495	1e-05
historical_rep030_2020_E_SK037_i5481	lunarc	historical	rep030	2020	E	SK037	1	133.0	63.0	4.0	20	94	5481	F	0	131.505	66.6091	3.906485352589972	2020	historical	y2020__p1:i5481	y2020__p1:i5481	481	0.278003	0.032209	1e-05	0.04488	0.34678	0.245329	0.052788
historical_rep030_2020_E_SK037_i8025	lunarc	historical	rep030	2020	E	SK037	1	133.0	63.0	4.0	20	94	8025	F	0	130.59	64.8774	3.054951842500952	2020	historical	y2020__p1:i8025	y2020__p1:i8025	482	0.346036	0.075419	0.070051	0.167356	0.253661	0.087467	1e-05
historical_rep030_2020_E_SK037_i1575	lunarc	historical	rep030	2020	E	SK037	1	133.0	63.0	4.0	20	94	1575	F	0	136.217	61.8146	3.428448943764525	2020	historical	y2020__p1:i1575	y2020__p1:i1575	483	0.47717	0.001485	0.521304	1e-05	1e-05	1e-05	1e-05
historical_rep030_2020_E_SK037_i9781	lunarc	historical	rep030	2020	E	SK037	1	133.0	63.0	4.0	20	94	9781	M	0	133.098	63.8952	0.9005481886051447	2020	historical	y2020__p1:i9781	y2020__p1:i9781	484	0.25078	0.327155	1e-05	0.121858	0.000307	0.073558	0.226333
historical_rep030_2020_E_SK037_i15350	lunarc	historical	rep030	2020	E	SK037	1	133.0	63.0	4.0	20	94	15350	M	0	133.011	66.757	3.757016103239383	2020	historical	y2020__p1:i15350	y2020__p1:i15350	485	0.191434	0.024034	0.19543	0.067378	0.169766	0.302265	0.049693
historical_rep030_2020_E_SK037_i2591	lunarc	historical	rep030	2020	E	SK037	1	133.0	63.0	4.0	20	94	2591	F	0	134.097	64.3625	1.7492327603838234	2020	historical	y2020__p1:i2591	y2020__p1:i2591	486	0.60239	0.191175	0.011754	0.024586	0.126545	0.04354	1e-05
historical_rep030_2020_E_SK037_i10180	lunarc	historical	rep030	2020	E	SK037	1	133.0	63.0	4.0	20	94	10180	M	0	133.347	59.7205	3.297806733269856	2020	historical	y2020__p1:i10180	y2020__p1:i10180	487	0.755722	1e-05	0.115969	1e-05	0.12827	1e-05	1e-05
historical_rep030_2020_E_SK037_i6167	lunarc	historical	rep030	2020	E	SK037	1	133.0	63.0	4.0	20	94	6167	F	0	132.242	63.8747	1.1574385901636466	2020	historical	y2020__p1:i6167	y2020__p1:i6167	488	0.204505	0.279318	0.11773	0.205235	0.071783	0.121418	1e-05
historical_rep030_2020_E_SK037_i6003	lunarc	historical	rep030	2020	E	SK037	1	133.0	63.0	4.0	20	94	6003	F	0	133.19	61.5925	1.420266260248407	2020	historical	y2020__p1:i6003	y2020__p1:i6003	489	0.147288	0.111254	1e-05	0.093883	0.488682	1e-05	0.158874
historical_rep030_2020_E_SK037_i14373	lunarc	historical	rep030	2020	E	SK037	1	133.0	63.0	4.0	20	94	14373	M	0	131.122	65.663	3.2585967838933265	2020	historical	y2020__p1:i14373	y2020__p1:i14373	490	0.440597	0.273618	0.01311	0.069106	1e-05	0.20355	1e-05
historical_rep030_2020_E_SK037_i15366	lunarc	historical	rep030	2020	E	SK037	1	133.0	63.0	4.0	20	94	15366	M	0	132.247	61.1655	1.9830277985948592	2020	historical	y2020__p1:i15366	y2020__p1:i15366	491	0.184873	1e-05	0.156893	0.246825	0.355506	0.055883	1e-05
historical_rep030_2020_E_SK037_i16308	lunarc	historical	rep030	2020	E	SK037	1	133.0	63.0	4.0	20	94	16308	M	0	134.341	62.585	1.403747128225031	2020	historical	y2020__p1:i16308	y2020__p1:i16308	492	0.154903	0.033759	0.070167	0.225367	0.239017	0.276776	1e-05
historical_rep030_2020_E_SK037_i3001	lunarc	historical	rep030	2020	E	SK037	1	133.0	63.0	4.0	20	94	3001	F	0	132.509	60.4182	2.628073865019783	2020	historical	y2020__p1:i3001	y2020__p1:i3001	493	0.005558	0.207914	0.388362	0.118132	0.220981	0.048542	0.010511
historical_rep030_2020_E_SK037_i8610	lunarc	historical	rep030	2020	E	SK037	1	133.0	63.0	4.0	20	94	8610	F	0	130.637	65.9443	3.7752710485473737	2020	historical	y2020__p1:i8610	y2020__p1:i8610	494	0.18595	0.059393	0.099491	0.130694	0.524453	1e-05	1e-05
historical_rep030_2020_E_SK037_i16537	lunarc	historical	rep030	2020	E	SK037	1	133.0	63.0	4.0	20	94	16537	M	0	131.135	62.6722	1.8935886142454583	2020	historical	y2020__p1:i16537	y2020__p1:i16537	495	0.161127	0.15727	0.056077	0.029202	0.527973	1e-05	0.068341
historical_rep030_2020_E_SK037_i3632	lunarc	historical	rep030	2020	E	SK037	1	133.0	63.0	4.0	20	94	3632	F	0	136.56	61.7807	3.763016408414931	2020	historical	y2020__p1:i3632	y2020__p1:i3632	496	0.370518	0.402772	1e-05	1e-05	0.042312	0.184368	1e-05
historical_rep030_2020_E_SK037_i8047	lunarc	historical	rep030	2020	E	SK037	1	133.0	63.0	4.0	20	94	8047	F	0	132.078	64.558	1.8103723373936136	2020	historical	y2020__p1:i8047	y2020__p1:i8047	497	0.200048	0.048676	0.038484	0.096272	0.529525	0.086985	1e-05
historical_rep030_2020_E_SK037_i15392	lunarc	historical	rep030	2020	E	SK037	1	133.0	63.0	4.0	20	94	15392	M	0	135.903	61.8112	3.136981740463268	2020	historical	y2020__p1:i15392	y2020__p1:i15392	498	0.452583	0.395433	0.032333	1e-05	1e-05	1e-05	0.119621
historical_rep030_2020_E_SK037_i12501	lunarc	historical	rep030	2020	E	SK037	1	133.0	63.0	4.0	20	94	12501	M	0	131.244	65.2635	2.864780663506365	2020	historical	y2020__p1:i12501	y2020__p1:i12501	499	0.237884	0.097391	1e-05	0.132576	0.346126	0.186003	1e-05
historical_rep030_2020_E_SK037_i7861	lunarc	historical	rep030	2020	E	SK037	1	133.0	63.0	4.0	20	94	7861	F	0	131.35	66.4705	3.8427685657608928	2020	historical	y2020__p1:i7861	y2020__p1:i7861	500	0.158973	0.007803	0.062491	0.266235	0.209977	0.29451	1e-05
historical_rep030_2020_E_SK045_i789	lunarc	historical	rep030	2020	E	SK045	2	119.0	77.0	4.0	20	52	789	F	0	119.297	75.3151	1.7108760942861978	2020	historical	y2020__p1:i789	y2020__p1:i789	501	0.399567	1e-05	1e-05	0.220308	0.098641	0.202702	0.078761
historical_rep030_2020_E_SK045_i6035	lunarc	historical	rep030	2020	E	SK045	2	119.0	77.0	4.0	20	52	6035	F	0	120.488	79.8901	3.250664856610109	2020	historical	y2020__p1:i6035	y2020__p1:i6035	502	0.07981	1e-05	0.304881	0.016985	0.292048	0.282455	0.023811
historical_rep030_2020_E_SK045_i3443	lunarc	historical	rep030	2020	E	SK045	2	119.0	77.0	4.0	20	52	3443	F	0	117.422	80.0758	3.456968272923548	2020	historical	y2020__p1:i3443	y2020__p1:i3443	503	1e-05	0.026542	0.202813	0.070366	0.489432	0.114618	0.096218
historical_rep030_2020_E_SK045_i7062	lunarc	historical	rep030	2020	E	SK045	2	119.0	77.0	4.0	20	52	7062	F	0	117.617	79.3533	2.7295988514798304	2020	historical	y2020__p1:i7062	y2020__p1:i7062	504	0.031399	0.103548	0.135741	0.149845	0.339931	0.239526	1e-05
historical_rep030_2020_E_SK045_i12733	lunarc	historical	rep030	2020	E	SK045	2	119.0	77.0	4.0	20	52	12733	M	0	119.06	78.0264	1.0281522066309008	2020	historical	y2020__p1:i12733	y2020__p1:i12733	505	0.111184	1e-05	0.264486	0.034554	0.073699	0.443607	0.07246
historical_rep030_2020_E_SK045_i1557	lunarc	historical	rep030	2020	E	SK045	2	119.0	77.0	4.0	20	52	1557	F	0	119.438	77.4574	0.6332920021601476	2020	historical	y2020__p1:i1557	y2020__p1:i1557	506	1e-05	0.149095	0.677375	1e-05	0.036814	0.136686	1e-05
historical_rep030_2020_E_SK045_i30	lunarc	historical	rep030	2020	E	SK045	2	119.0	77.0	4.0	20	52	30	F	0	118.108	76.1754	1.2147547736065905	2020	historical	y2020__p1:i30	y2020__p1:i30	507	0.059703	1e-05	0.081492	0.261184	0.169858	0.144524	0.283229
historical_rep030_2020_E_SK045_i9737	lunarc	historical	rep030	2020	E	SK045	2	119.0	77.0	4.0	20	52	9737	M	0	119.867	74.4471	2.6961059715819733	2020	historical	y2020__p1:i9737	y2020__p1:i9737	508	0.062132	0.220503	0.03001	0.174249	0.263557	0.090912	0.158637
historical_rep030_2020_E_SK045_i5592	lunarc	historical	rep030	2020	E	SK045	2	119.0	77.0	4.0	20	52	5592	F	0	122.596	76.1509	3.694886576066989	2020	historical	y2020__p1:i5592	y2020__p1:i5592	509	0.356528	0.133689	0.211814	0.184485	0.038041	0.075434	1e-05
historical_rep030_2020_E_SK045_i15245	lunarc	historical	rep030	2020	E	SK045	2	119.0	77.0	4.0	20	52	15245	M	0	121.022	77.4653	2.074846522034828	2020	historical	y2020__p1:i15245	y2020__p1:i15245	510	0.01518	0.179541	0.03903	0.051896	0.443536	0.22172	0.049096
historical_rep030_2020_E_SK045_i32	lunarc	historical	rep030	2020	E	SK045	2	119.0	77.0	4.0	20	52	32	F	0	122.153	76.4392	3.2024842919208885	2020	historical	y2020__p1:i32	y2020__p1:i32	511	0.099405	0.049885	0.206924	0.210581	0.215749	0.03951	0.177945
historical_rep030_2020_E_SK045_i6179	lunarc	historical	rep030	2020	E	SK045	2	119.0	77.0	4.0	20	52	6179	F	0	115.44	75.6798	3.796910328148403	2020	historical	y2020__p1:i6179	y2020__p1:i6179	512	0.131276	0.084312	1e-05	0.349844	0.119627	0.007281	0.30765
historical_rep030_2020_E_SK045_i9558	lunarc	historical	rep030	2020	E	SK045	2	119.0	77.0	4.0	20	52	9558	M	0	117.916	76.5226	1.1844689780657025	2020	historical	y2020__p1:i9558	y2020__p1:i9558	513	1e-05	0.14779	0.329315	0.172186	0.350679	1e-05	1e-05
historical_rep030_2020_E_SK045_i134	lunarc	historical	rep030	2020	E	SK045	2	119.0	77.0	4.0	20	52	134	F	0	121.678	77.0734	2.67900570361468	2020	historical	y2020__p1:i134	y2020__p1:i134	514	0.17706	0.052852	0.205225	0.128713	0.140394	0.206244	0.089512
historical_rep030_2020_E_SK045_i11232	lunarc	historical	rep030	2020	E	SK045	2	119.0	77.0	4.0	20	52	11232	M	0	119.266	75.9299	1.102664958180859	2020	historical	y2020__p1:i11232	y2020__p1:i11232	515	0.016057	0.08921	0.098589	0.125837	0.369244	0.168634	0.13243
historical_rep030_2020_E_SK045_i6771	lunarc	historical	rep030	2020	E	SK045	2	119.0	77.0	4.0	20	52	6771	F	0	118.372	73.1508	3.900092901457601	2020	historical	y2020__p1:i6771	y2020__p1:i6771	516	0.189099	0.127565	0.154804	0.066411	0.352294	0.109817	1e-05
historical_rep030_2020_E_SK045_i13305	lunarc	historical	rep030	2020	E	SK045	2	119.0	77.0	4.0	20	52	13305	M	0	116.526	79.0292	3.199738839342991	2020	historical	y2020__p1:i13305	y2020__p1:i13305	517	0.173191	1e-05	0.130428	0.091152	0.055492	0.328443	0.221284
historical_rep030_2020_E_SK045_i3628	lunarc	historical	rep030	2020	E	SK045	2	119.0	77.0	4.0	20	52	3628	F	0	121.853	78.9617	3.4623512083553774	2020	historical	y2020__p1:i3628	y2020__p1:i3628	518	0.09722	0.038667	0.181392	0.175548	0.289977	0.217186	1e-05
historical_rep030_2020_E_SK045_i1481	lunarc	historical	rep030	2020	E	SK045	2	119.0	77.0	4.0	20	52	1481	F	0	116.296	77.3115	2.7218832175536045	2020	historical	y2020__p1:i1481	y2020__p1:i1481	519	0.1023	0.212134	0.248764	0.059032	0.155171	0.137916	0.084683
historical_rep030_2020_E_SK045_i11407	lunarc	historical	rep030	2020	E	SK045	2	119.0	77.0	4.0	20	52	11407	M	0	117.79	79.4717	2.751981266287977	2020	historical	y2020__p1:i11407	y2020__p1:i11407	520	0.027325	0.223685	0.121701	0.191043	0.033271	0.131561	0.271414
historical_rep030_2020_E_SK046_i6034	lunarc	historical	rep030	2020	E	SK046	3	133.0	77.0	4.0	20	110	6034	F	0	136.018	76.9367	3.0186637590165626	2020	historical	y2020__p1:i6034	y2020__p1:i6034	521	0.321873	0.054509	0.059893	0.174287	0.115348	0.042205	0.231884
historical_rep030_2020_E_SK046_i1653	lunarc	historical	rep030	2020	E	SK046	3	133.0	77.0	4.0	20	110	1653	F	0	133.543	79.5207	2.578522346228559	2020	historical	y2020__p1:i1653	y2020__p1:i1653	522	0.139286	0.177299	0.052668	0.062813	0.466907	0.003565	0.097461
historical_rep030_2020_E_SK046_i16851	lunarc	historical	rep030	2020	E	SK046	3	133.0	77.0	4.0	20	110	16851	M	0	134.028	74.3094	2.8802972693803675	2020	historical	y2020__p1:i16851	y2020__p1:i16851	523	0.158116	0.111386	0.18821	0.138264	0.107481	0.076904	0.21964
historical_rep030_2020_E_SK046_i7282	lunarc	historical	rep030	2020	E	SK046	3	133.0	77.0	4.0	20	110	7282	F	0	134.308	78.3898	1.908509376450628	2020	historical	y2020__p1:i7282	y2020__p1:i7282	524	0.018356	1e-05	0.132877	0.084286	0.367675	0.090661	0.306135
historical_rep030_2020_E_SK046_i7211	lunarc	historical	rep030	2020	E	SK046	3	133.0	77.0	4.0	20	110	7211	F	0	130.745	76.8649	2.259043383824219	2020	historical	y2020__p1:i7211	y2020__p1:i7211	525	0.090197	1e-05	0.184796	0.14593	0.319935	0.259122	1e-05
historical_rep030_2020_E_SK046_i10026	lunarc	historical	rep030	2020	E	SK046	3	133.0	77.0	4.0	20	110	10026	M	0	136.113	78.4809	3.4472936936095264	2020	historical	y2020__p1:i10026	y2020__p1:i10026	526	0.187859	1e-05	0.124285	0.08028	0.416235	0.191322	1e-05
historical_rep030_2020_E_SK046_i16199	lunarc	historical	rep030	2020	E	SK046	3	133.0	77.0	4.0	20	110	16199	M	0	129.127	76.7179	3.883260152243206	2020	historical	y2020__p1:i16199	y2020__p1:i16199	527	0.190356	0.198681	0.556501	0.027561	0.026881	1e-05	1e-05
historical_rep030_2020_E_SK046_i12717	lunarc	historical	rep030	2020	E	SK046	3	133.0	77.0	4.0	20	110	12717	M	0	130.197	77.2519	2.814296112707401	2020	historical	y2020__p1:i12717	y2020__p1:i12717	528	1e-05	0.079062	0.044624	0.052459	0.164785	0.52426	0.1348
historical_rep030_2020_E_SK046_i8124	lunarc	historical	rep030	2020	E	SK046	3	133.0	77.0	4.0	20	110	8124	F	0	129.914	78.1259	3.2849728781224483	2020	historical	y2020__p1:i8124	y2020__p1:i8124	529	0.036616	0.005102	0.148383	0.200922	0.287116	0.20448	0.117382
historical_rep030_2020_E_SK046_i14505	lunarc	historical	rep030	2020	E	SK046	3	133.0	77.0	4.0	20	110	14505	M	0	135.524	74.9008	3.2828671371226688	2020	historical	y2020__p1:i14505	y2020__p1:i14505	530	0.499501	0.256382	0.071462	0.121937	0.050698	1e-05	1e-05
historical_rep030_2020_E_SK046_i2959	lunarc	historical	rep030	2020	E	SK046	3	133.0	77.0	4.0	20	110	2959	F	0	131.576	77.0153	1.4240821921504456	2020	historical	y2020__p1:i2959	y2020__p1:i2959	531	0.027984	0.117824	0.368713	0.19204	0.101198	0.074931	0.117311
historical_rep030_2020_E_SK046_i12078	lunarc	historical	rep030	2020	E	SK046	3	133.0	77.0	4.0	20	110	12078	M	0	133.543	79.5687	2.625465423501144	2020	historical	y2020__p1:i12078	y2020__p1:i12078	532	0.043494	1e-05	0.91361	0.020553	1e-05	0.022314	1e-05
historical_rep030_2020_E_SK046_i2534	lunarc	historical	rep030	2020	E	SK046	3	133.0	77.0	4.0	20	110	2534	F	0	133.948	75.5874	1.7012180224768394	2020	historical	y2020__p1:i2534	y2020__p1:i2534	533	1e-05	0.243782	1e-05	0.165898	0.298477	0.291813	1e-05
historical_rep030_2020_E_SK046_i1655	lunarc	historical	rep030	2020	E	SK046	3	133.0	77.0	4.0	20	110	1655	F	0	134.444	75.4556	2.114310138082858	2020	historical	y2020__p1:i1655	y2020__p1:i1655	534	0.139286	0.177299	0.052668	0.062813	0.466907	0.003565	0.097461
historical_rep030_2020_E_SK046_i1417	lunarc	historical	rep030	2020	E	SK046	3	133.0	77.0	4.0	20	110	1417	F	0	134.411	78.7665	2.260850116659656	2020	historical	y2020__p1:i1417	y2020__p1:i1417	535	0.396674	1e-05	0.003649	0.039666	0.445838	0.114153	1e-05
historical_rep030_2020_E_SK046_i13775	lunarc	historical	rep030	2020	E	SK046	3	133.0	77.0	4.0	20	110	13775	M	0	136.455	78.7929	3.892494754010608	2020	historical	y2020__p1:i13775	y2020__p1:i13775	536	0.018266	0.258393	0.067358	0.213778	0.214172	0.198567	0.029466
historical_rep030_2020_E_SK046_i10025	lunarc	historical	rep030	2020	E	SK046	3	133.0	77.0	4.0	20	110	10025	M	0	133.202	78.2632	1.2792490922412232	2020	historical	y2020__p1:i10025	y2020__p1:i10025	537	0.45577	1e-05	0.06771	0.078053	0.329332	0.069115	1e-05
historical_rep030_2020_E_SK046_i12465	lunarc	historical	rep030	2020	E	SK046	3	133.0	77.0	4.0	20	110	12465	M	0	136.207	78.3602	3.4835316906840355	2020	historical	y2020__p1:i12465	y2020__p1:i12465	538	0.139668	0.176032	0.05859	0.225026	0.216767	0.183907	1e-05
historical_rep030_2020_E_SK046_i9915	lunarc	historical	rep030	2020	E	SK046	3	133.0	77.0	4.0	20	110	9915	M	0	135.074	74.0728	3.5874748556610183	2020	historical	y2020__p1:i9915	y2020__p1:i9915	539	0.023759	0.118623	0.273314	1e-05	1e-05	0.434654	0.14963
historical_rep030_2020_E_SK046_i4527	lunarc	historical	rep030	2020	E	SK046	3	133.0	77.0	4.0	20	110	4527	F	0	135.646	79.6114	3.717623698009247	2020	historical	y2020__p1:i4527	y2020__p1:i4527	540	0.292498	0.045762	0.020639	0.25633	0.384751	1e-05	1e-05
historical_rep030_2020_SE_SK008_i4441	lunarc	historical	rep030	2020	SE	SK008	1	133.0	21.0	4.0	20	33	4441	F	0	135.275	23.6968	3.5282226743787053	2020	historical	y2020__p1:i4441	y2020__p1:i4441	541	0.672549	0.327401	1e-05	1e-05	1e-05	1e-05	1e-05
historical_rep030_2020_SE_SK008_i10826	lunarc	historical	rep030	2020	SE	SK008	1	133.0	21.0	4.0	20	33	10826	M	0	132.918	24.7227	3.72360299844116	2020	historical	y2020__p1:i10826	y2020__p1:i10826	542	0.124168	0.016769	0.070313	0.003976	0.303974	0.48079	1e-05
historical_rep030_2020_SE_SK008_i3293	lunarc	historical	rep030	2020	SE	SK008	1	133.0	21.0	4.0	20	33	3293	F	0	132.617	24.2741	3.296425307814514	2020	historical	y2020__p1:i3293	y2020__p1:i3293	543	0.243793	0.263898	1e-05	0.008051	0.399887	0.081414	0.002947
historical_rep030_2020_SE_SK008_i7137	lunarc	historical	rep030	2020	SE	SK008	1	133.0	21.0	4.0	20	33	7137	F	0	134.288	24.0868	3.344738889659405	2020	historical	y2020__p1:i7137	y2020__p1:i7137	544	0.015557	0.245615	1e-05	0.005664	0.297271	0.435872	1e-05
historical_rep030_2020_SE_SK008_i14031	lunarc	historical	rep030	2020	SE	SK008	1	133.0	21.0	4.0	20	33	14031	M	0	131.864	24.4357	3.618636551244128	2020	historical	y2020__p1:i14031	y2020__p1:i14031	545	0.208458	1e-05	0.021782	0.218594	0.279149	0.271997	1e-05
historical_rep030_2020_SE_SK008_i7881	lunarc	historical	rep030	2020	SE	SK008	1	133.0	21.0	4.0	20	33	7881	F	0	130.224	23.8206	3.957519470577505	2020	historical	y2020__p1:i7881	y2020__p1:i7881	546	0.268348	0.178776	1e-05	0.078121	0.234892	0.239842	1e-05
historical_rep030_2020_SE_SK008_i12949	lunarc	historical	rep030	2020	SE	SK008	1	133.0	21.0	4.0	20	33	12949	M	0	135.646	21.6384	2.721924054781825	2020	historical	y2020__p1:i12949	y2020__p1:i12949	547	0.57579	0.291436	0.0086	0.115447	1e-05	0.008707	1e-05
historical_rep030_2020_SE_SK008_i5011	lunarc	historical	rep030	2020	SE	SK008	1	133.0	21.0	4.0	20	33	5011	F	0	130.478	22.6423	3.009590219614616	2020	historical	y2020__p1:i5011	y2020__p1:i5011	548	0.163195	0.131498	0.063238	0.162266	0.175496	0.291676	0.012632
historical_rep030_2020_SE_SK008_i16331	lunarc	historical	rep030	2020	SE	SK008	1	133.0	21.0	4.0	20	33	16331	M	0	132.557	23.7507	2.7861441976322765	2020	historical	y2020__p1:i16331	y2020__p1:i16331	549	0.2077	0.129675	0.019066	0.131472	0.092718	0.419358	1e-05
historical_rep030_2020_SE_SK008_i16151	lunarc	historical	rep030	2020	SE	SK008	1	133.0	21.0	4.0	20	33	16151	M	0	132.828	24.4888	3.493037280075895	2020	historical	y2020__p1:i16151	y2020__p1:i16151	550	0.319741	0.157535	1e-05	0.229745	0.131607	0.161352	1e-05
historical_rep030_2020_SE_SK008_i10128	lunarc	historical	rep030	2020	SE	SK008	1	133.0	21.0	4.0	20	33	10128	M	0	132.865	24.923	3.925322152384436	2020	historical	y2020__p1:i10128	y2020__p1:i10128	551	0.492845	0.184398	1e-05	0.067663	0.086741	0.168332	1e-05
historical_rep030_2020_SE_SK008_i10493	lunarc	historical	rep030	2020	SE	SK008	1	133.0	21.0	4.0	20	33	10493	M	0	133.391	22.9799	2.018138996699681	2020	historical	y2020__p1:i10493	y2020__p1:i10493	552	0.214799	0.379536	0.022923	0.110321	0.120341	0.152069	1e-05
historical_rep030_2020_SE_SK008_i11004	lunarc	historical	rep030	2020	SE	SK008	1	133.0	21.0	4.0	20	33	11004	M	0	135.185	23.7799	3.535826496026073	2020	historical	y2020__p1:i11004	y2020__p1:i11004	553	0.022585	0.12723	0.001688	0.239129	0.33856	0.270798	1e-05
historical_rep030_2020_SE_SK008_i2168	lunarc	historical	rep030	2020	SE	SK008	1	133.0	21.0	4.0	20	33	2168	F	0	132.159	24.1771	3.286524822666035	2020	historical	y2020__p1:i2168	y2020__p1:i2168	554	0.242946	0.215746	1e-05	0.027097	0.049302	0.395448	0.069451
historical_rep030_2020_SE_SK008_i4089	lunarc	historical	rep030	2020	SE	SK008	1	133.0	21.0	4.0	20	33	4089	F	0	134.692	22.5378	2.286414844248529	2020	historical	y2020__p1:i4089	y2020__p1:i4089	555	0.102594	0.141934	1e-05	0.079272	0.150104	0.526075	1e-05
historical_rep030_2020_SE_SK008_i9600	lunarc	historical	rep030	2020	SE	SK008	1	133.0	21.0	4.0	20	33	9600	M	0	132.587	23.6296	2.6618349235067167	2020	historical	y2020__p1:i9600	y2020__p1:i9600	556	0.274258	0.244619	0.010144	0.14787	0.182817	0.140281	1e-05
historical_rep030_2020_SE_SK008_i15374	lunarc	historical	rep030	2020	SE	SK008	1	133.0	21.0	4.0	20	33	15374	M	0	130.85	24.1934	3.849714737483808	2020	historical	y2020__p1:i15374	y2020__p1:i15374	557	0.309464	0.204055	1e-05	0.307609	1e-05	0.178842	1e-05
historical_rep030_2020_SE_SK008_i16329	lunarc	historical	rep030	2020	SE	SK008	1	133.0	21.0	4.0	20	33	16329	M	0	133.572	23.9973	3.0513916972424235	2020	historical	y2020__p1:i16329	y2020__p1:i16329	558	0.192291	0.290123	1e-05	0.021831	0.240786	0.254948	1e-05
historical_rep030_2020_SE_SK008_i12959	lunarc	historical	rep030	2020	SE	SK008	1	133.0	21.0	4.0	20	33	12959	M	0	134.139	23.3534	2.614538689711825	2020	historical	y2020__p1:i12959	y2020__p1:i12959	559	0.322989	0.117752	1e-05	0.17676	0.187664	0.194815	1e-05
historical_rep030_2020_SE_SK008_i6611	lunarc	historical	rep030	2020	SE	SK008	1	133.0	21.0	4.0	20	33	6611	F	0	135.196	22.9373	2.928403539473341	2020	historical	y2020__p1:i6611	y2020__p1:i6611	560	0.089214	0.285206	0.036768	0.090538	0.089673	0.408591	1e-05
historical_rep030_2020_SE_SK018_i1091	lunarc	historical	rep030	2020	SE	SK018	2	133.0	35.0	4.0	20	174	1091	F	0	133.437	38.7312	3.756703666780229	2020	historical	y2020__p1:i1091	y2020__p1:i1091	561	0.405883	1e-05	0.036934	0.049685	0.242183	1e-05	0.265295
historical_rep030_2020_SE_SK018_i3676	lunarc	historical	rep030	2020	SE	SK018	2	133.0	35.0	4.0	20	174	3676	F	0	133.714	32.5337	2.5675731128830552	2020	historical	y2020__p1:i3676	y2020__p1:i3676	562	0.349727	0.229254	1e-05	0.036728	0.373532	1e-05	0.010739
historical_rep030_2020_SE_SK018_i3678	lunarc	historical	rep030	2020	SE	SK018	2	133.0	35.0	4.0	20	174	3678	F	0	132.997	33.3219	1.6781026816020532	2020	historical	y2020__p1:i3678	y2020__p1:i3678	563	0.172415	0.336166	0.187756	1e-05	0.303633	1e-05	1e-05
historical_rep030_2020_SE_SK018_i85	lunarc	historical	rep030	2020	SE	SK018	2	133.0	35.0	4.0	20	174	85	F	0	129.544	33.7656	3.6698336965045057	2020	historical	y2020__p1:i85	y2020__p1:i85	564	0.299657	0.154041	1e-05	0.119732	0.299264	0.127286	1e-05
historical_rep030_2020_SE_SK018_i2170	lunarc	historical	rep030	2020	SE	SK018	2	133.0	35.0	4.0	20	174	2170	F	0	130.096	35.2046	2.911198577905667	2020	historical	y2020__p1:i2170	y2020__p1:i2170	565	0.33241	0.076145	0.058303	0.15055	0.30838	0.0044	0.069812
historical_rep030_2020_SE_SK018_i6986	lunarc	historical	rep030	2020	SE	SK018	2	133.0	35.0	4.0	20	174	6986	F	0	134.879	33.9368	2.1589430840112414	2020	historical	y2020__p1:i6986	y2020__p1:i6986	566	0.512392	0.313137	1e-05	1e-05	0.130113	0.044328	1e-05
historical_rep030_2020_SE_SK018_i2890	lunarc	historical	rep030	2020	SE	SK018	2	133.0	35.0	4.0	20	174	2890	F	0	133.745	34.4608	0.9196529997776378	2020	historical	y2020__p1:i2890	y2020__p1:i2890	567	0.476758	0.009084	0.058426	0.031524	0.280803	0.143395	1e-05
historical_rep030_2020_SE_SK018_i6087	lunarc	historical	rep030	2020	SE	SK018	2	133.0	35.0	4.0	20	174	6087	F	0	129.215	34.2505	3.858493909545533	2020	historical	y2020__p1:i6087	y2020__p1:i6087	568	0.486096	0.231415	0.034468	0.030197	1e-05	0.217803	1e-05
historical_rep030_2020_SE_SK018_i16571	lunarc	historical	rep030	2020	SE	SK018	2	133.0	35.0	4.0	20	174	16571	M	0	133.584	32.9443	2.137044335057186	2020	historical	y2020__p1:i16571	y2020__p1:i16571	569	0.191	0.118882	0.050098	0.143539	0.359113	0.119641	0.017727
historical_rep030_2020_SE_SK018_i14175	lunarc	historical	rep030	2020	SE	SK018	2	133.0	35.0	4.0	20	174	14175	M	0	130.596	33.0413	3.1009227159024757	2020	historical	y2020__p1:i14175	y2020__p1:i14175	570	0.825388	0.077914	1e-05	1e-05	0.096658	1e-05	1e-05
historical_rep030_2020_SE_SK018_i7351	lunarc	historical	rep030	2020	SE	SK018	2	133.0	35.0	4.0	20	174	7351	F	0	134.315	33.5478	1.9591094507454112	2020	historical	y2020__p1:i7351	y2020__p1:i7351	571	0.188718	0.272388	1e-05	1e-05	0.30074	0.238124	1e-05
historical_rep030_2020_SE_SK018_i2066	lunarc	historical	rep030	2020	SE	SK018	2	133.0	35.0	4.0	20	174	2066	F	0	132.6	33.5445	1.5094635636543223	2020	historical	y2020__p1:i2066	y2020__p1:i2066	572	1e-05	0.206138	0.006582	0.206156	0.312491	0.163002	0.10562
historical_rep030_2020_SE_SK018_i7793	lunarc	historical	rep030	2020	SE	SK018	2	133.0	35.0	4.0	20	174	7793	F	0	131.431	36.7111	2.3215564197322385	2020	historical	y2020__p1:i7793	y2020__p1:i7793	573	0.027835	0.129579	0.04368	0.170468	0.220739	0.341999	0.0657
historical_rep030_2020_SE_SK018_i12547	lunarc	historical	rep030	2020	SE	SK018	2	133.0	35.0	4.0	20	174	12547	M	0	134.463	37.2828	2.711373238785097	2020	historical	y2020__p1:i12547	y2020__p1:i12547	574	0.336688	0.184806	1e-05	0.059116	0.302626	0.116744	1e-05
historical_rep030_2020_SE_SK018_i9772	lunarc	historical	rep030	2020	SE	SK018	2	133.0	35.0	4.0	20	174	9772	M	0	135.416	31.9975	3.8538373408850553	2020	historical	y2020__p1:i9772	y2020__p1:i9772	575	0.36432	1e-05	1e-05	0.192769	0.37187	0.07101	1e-05
historical_rep030_2020_SE_SK018_i2293	lunarc	historical	rep030	2020	SE	SK018	2	133.0	35.0	4.0	20	174	2293	F	0	130.101	33.9378	3.0874698119981674	2020	historical	y2020__p1:i2293	y2020__p1:i2293	576	0.73221	1e-05	1e-05	0.011697	0.118122	0.13794	1e-05
historical_rep030_2020_SE_SK018_i5715	lunarc	historical	rep030	2020	SE	SK018	2	133.0	35.0	4.0	20	174	5715	F	0	132.676	31.3292	3.685071049518585	2020	historical	y2020__p1:i5715	y2020__p1:i5715	577	0.148897	0.149799	1e-05	0.075256	0.460148	0.113267	0.052622
historical_rep030_2020_SE_SK018_i12251	lunarc	historical	rep030	2020	SE	SK018	2	133.0	35.0	4.0	20	174	12251	M	0	131.816	31.6347	3.567506144353504	2020	historical	y2020__p1:i12251	y2020__p1:i12251	578	0.400408	0.215989	1e-05	0.023032	0.36054	1e-05	1e-05
historical_rep030_2020_SE_SK018_i10563	lunarc	historical	rep030	2020	SE	SK018	2	133.0	35.0	4.0	20	174	10563	M	0	129.858	35.8334	3.250649098257142	2020	historical	y2020__p1:i10563	y2020__p1:i10563	579	0.401454	0.057779	1e-05	1e-05	0.163422	0.377314	1e-05
historical_rep030_2020_SE_SK018_i10376	lunarc	historical	rep030	2020	SE	SK018	2	133.0	35.0	4.0	20	174	10376	M	0	131.344	38.0538	3.47390708568897	2020	historical	y2020__p1:i10376	y2020__p1:i10376	580	0.165108	0.153837	0.045675	0.138537	0.276815	0.220017	1e-05
historical_rep030_2020_SE_SK019_i8077	lunarc	historical	rep030	2020	SE	SK019	3	147.0	35.0	4.0	20	50	8077	F	0	145.001	36.0171	2.2428761468257625	2020	historical	y2020__p1:i8077	y2020__p1:i8077	581	0.29375	0.214218	1e-05	1e-05	0.491992	1e-05	1e-05
historical_rep030_2020_SE_SK019_i12299	lunarc	historical	rep030	2020	SE	SK019	3	147.0	35.0	4.0	20	50	12299	M	0	146.987	36.9659	1.9659429823878392	2020	historical	y2020__p1:i12299	y2020__p1:i12299	582	0.257386	0.090084	0.057531	1e-05	0.316138	0.278841	1e-05
historical_rep030_2020_SE_SK019_i1388	lunarc	historical	rep030	2020	SE	SK019	3	147.0	35.0	4.0	20	50	1388	F	0	144.72	34.9662	2.2802505213243576	2020	historical	y2020__p1:i1388	y2020__p1:i1388	583	0.160625	0.120037	1e-05	0.01206	0.364549	0.329587	0.013132
historical_rep030_2020_SE_SK019_i3810	lunarc	historical	rep030	2020	SE	SK019	3	147.0	35.0	4.0	20	50	3810	F	0	147.585	38.9132	3.9566853855215776	2020	historical	y2020__p1:i3810	y2020__p1:i3810	584	0.168315	0.074841	1e-05	1e-05	0.308404	0.44841	1e-05
historical_rep030_2020_SE_SK019_i8078	lunarc	historical	rep030	2020	SE	SK019	3	147.0	35.0	4.0	20	50	8078	F	0	145.794	35.1965	1.2219035354724093	2020	historical	y2020__p1:i8078	y2020__p1:i8078	585	0.347104	0.096667	1e-05	0.02625	0.529949	1e-05	1e-05
historical_rep030_2020_SE_SK019_i15651	lunarc	historical	rep030	2020	SE	SK019	3	147.0	35.0	4.0	20	50	15651	M	0	143.541	34.2923	3.5306543713595118	2020	historical	y2020__p1:i15651	y2020__p1:i15651	586	0.205812	0.110609	1e-05	0.290634	0.202296	0.190629	1e-05
historical_rep030_2020_SE_SK019_i7232	lunarc	historical	rep030	2020	SE	SK019	3	147.0	35.0	4.0	20	50	7232	F	0	145.447	33.6673	2.046435508390137	2020	historical	y2020__p1:i7232	y2020__p1:i7232	587	0.22937	0.133047	0.056451	0.121129	0.179298	0.280695	1e-05
historical_rep030_2020_SE_SK019_i9697	lunarc	historical	rep030	2020	SE	SK019	3	147.0	35.0	4.0	20	50	9697	M	0	147.571	36.3293	1.4467479013290487	2020	historical	y2020__p1:i9697	y2020__p1:i9697	588	0.99994	1e-05	1e-05	1e-05	1e-05	1e-05	1e-05
historical_rep030_2020_SE_SK019_i1867	lunarc	historical	rep030	2020	SE	SK019	3	147.0	35.0	4.0	20	50	1867	F	0	144.611	36.5189	2.8309677161705773	2020	historical	y2020__p1:i1867	y2020__p1:i1867	589	0.065226	0.142665	0.116531	0.042036	0.097476	0.536056	1e-05
historical_rep030_2020_SE_SK019_i9547	lunarc	historical	rep030	2020	SE	SK019	3	147.0	35.0	4.0	20	50	9547	M	0	144.782	35.9586	2.416285984729446	2020	historical	y2020__p1:i9547	y2020__p1:i9547	590	0.22258	0.2562	0.042403	0.107457	0.223541	0.133515	0.014304
historical_rep030_2020_SE_SK019_i1728	lunarc	historical	rep030	2020	SE	SK019	3	147.0	35.0	4.0	20	50	1728	F	0	145.101	33.9098	2.189688799806952	2020	historical	y2020__p1:i1728	y2020__p1:i1728	591	0.400852	0.207846	1e-05	0.015468	0.309091	0.013777	0.052956
historical_rep030_2020_SE_SK019_i2237	lunarc	historical	rep030	2020	SE	SK019	3	147.0	35.0	4.0	20	50	2237	F	0	144.602	37.335	3.347032865091107	2020	historical	y2020__p1:i2237	y2020__p1:i2237	592	0.296089	0.10901	1e-05	1e-05	0.483266	0.111605	1e-05
historical_rep030_2020_SE_SK019_i10952	lunarc	historical	rep030	2020	SE	SK019	3	147.0	35.0	4.0	20	50	10952	M	0	145.16	38.3434	3.816270897093133	2020	historical	y2020__p1:i10952	y2020__p1:i10952	593	1e-05	0.24664	0.085229	1e-05	0.140436	0.527665	1e-05
historical_rep030_2020_SE_SK019_i8890	lunarc	historical	rep030	2020	SE	SK019	3	147.0	35.0	4.0	20	50	8890	M	0	144.418	36.7573	3.123271888580943	2020	historical	y2020__p1:i8890	y2020__p1:i8890	594	0.656945	1e-05	0.090028	0.063442	0.039231	0.150333	1e-05
historical_rep030_2020_SE_SK019_i7995	lunarc	historical	rep030	2020	SE	SK019	3	147.0	35.0	4.0	20	50	7995	F	0	144.857	38.1746	3.830213330873359	2020	historical	y2020__p1:i7995	y2020__p1:i7995	595	1e-05	0.251678	0.177614	1e-05	0.346882	0.223796	1e-05
historical_rep030_2020_SE_SK019_i5357	lunarc	historical	rep030	2020	SE	SK019	3	147.0	35.0	4.0	20	50	5357	F	0	144.538	35.4261	2.498600650364108	2020	historical	y2020__p1:i5357	y2020__p1:i5357	596	0.226126	0.132109	1e-05	0.285027	0.219499	0.13722	1e-05
historical_rep030_2020_SE_SK019_i16763	lunarc	historical	rep030	2020	SE	SK019	3	147.0	35.0	4.0	20	50	16763	M	0	143.979	36.7369	3.4847184405630127	2020	historical	y2020__p1:i16763	y2020__p1:i16763	597	0.3891	0.027835	1e-05	0.107073	0.435519	0.040452	1e-05
historical_rep030_2020_SE_SK019_i12145	lunarc	historical	rep030	2020	SE	SK019	3	147.0	35.0	4.0	20	50	12145	M	0	144.981	33.745	2.377264394214498	2020	historical	y2020__p1:i12145	y2020__p1:i12145	598	0.258778	0.092088	1e-05	0.107504	0.28336	0.258249	1e-05
historical_rep030_2020_SE_SK019_i13796	lunarc	historical	rep030	2020	SE	SK019	3	147.0	35.0	4.0	20	50	13796	M	0	144.031	36.7709	3.457028754581014	2020	historical	y2020__p1:i13796	y2020__p1:i13796	599	0.430586	0.094311	1e-05	0.070443	0.322228	0.054039	0.028384
historical_rep030_2020_SE_SK019_i4081	lunarc	historical	rep030	2020	SE	SK019	3	147.0	35.0	4.0	20	50	4081	F	0	143.437	33.6483	3.8107823199442814	2020	historical	y2020__p1:i4081	y2020__p1:i4081	600	0.103527	0.286659	1e-05	0.241464	1e-05	0.36832	1e-05
status_quo_rep030_2140_NW_SK060_i6911	lunarc	status_quo	rep030	2140	NW	SK060	1	77.0	105.0	4.0	20	88	6911	F	0	79.5654	103.304	3.075336267792512	SQ	status_quo	sq2140__p1:i6911	sq2140__p1:i6911	601	0.088313	0.115786	0.337983	1e-05	1e-05	0.132631	0.325267
status_quo_rep030_2140_NW_SK060_i14861	lunarc	status_quo	rep030	2140	NW	SK060	1	77.0	105.0	4.0	20	88	14861	M	0	76.0758	103.704	1.5917793942629157	SQ	status_quo	sq2140__p1:i14861	sq2140__p1:i14861	602	1e-05	0.209764	0.77498	1e-05	1e-05	0.015215	1e-05
status_quo_rep030_2140_NW_SK060_i15215	lunarc	status_quo	rep030	2140	NW	SK060	1	77.0	105.0	4.0	20	88	15215	M	0	77.2982	106.599	1.626568240191603	SQ	status_quo	sq2140__p1:i15215	sq2140__p1:i15215	603	0.006192	0.271688	0.18986	0.227134	1e-05	1e-05	0.305105
status_quo_rep030_2140_NW_SK060_i5301	lunarc	status_quo	rep030	2140	NW	SK060	1	77.0	105.0	4.0	20	88	5301	F	0	75.9054	101.177	3.9766164210293087	SQ	status_quo	sq2140__p1:i5301	sq2140__p1:i5301	604	0.075515	0.189326	1e-05	0.133205	0.142042	0.115521	0.34438
status_quo_rep030_2140_NW_SK060_i2716	lunarc	status_quo	rep030	2140	NW	SK060	1	77.0	105.0	4.0	20	88	2716	F	0	76.4195	104.672	0.6667565147788229	SQ	status_quo	sq2140__p1:i2716	sq2140__p1:i2716	605	1e-05	0.276459	0.259507	0.140413	1e-05	1e-05	0.323591
status_quo_rep030_2140_NW_SK060_i12192	lunarc	status_quo	rep030	2140	NW	SK060	1	77.0	105.0	4.0	20	88	12192	M	0	77.8522	107.008	2.181354817538856	SQ	status_quo	sq2140__p1:i12192	sq2140__p1:i12192	606	0.150408	0.276378	0.138184	0.093679	1e-05	0.052512	0.288829
status_quo_rep030_2140_NW_SK060_i101	lunarc	status_quo	rep030	2140	NW	SK060	1	77.0	105.0	4.0	20	88	101	F	0	73.0709	104.474	3.96415221831857	SQ	status_quo	sq2140__p1:i101	sq2140__p1:i101	607	0.015879	0.184048	0.354729	0.170442	1e-05	0.10112	0.173772
status_quo_rep030_2140_NW_SK060_i13389	lunarc	status_quo	rep030	2140	NW	SK060	1	77.0	105.0	4.0	20	88	13389	M	0	75.5169	103.364	2.208185139430108	SQ	status_quo	sq2140__p1:i13389	sq2140__p1:i13389	608	0.125435	0.212855	0.005403	0.044322	0.082503	0.203465	0.326016
status_quo_rep030_2140_NW_SK060_i4557	lunarc	status_quo	rep030	2140	NW	SK060	1	77.0	105.0	4.0	20	88	4557	F	0	76.3714	103.301	1.811557054028385	SQ	status_quo	sq2140__p1:i4557	sq2140__p1:i4557	609	0.126682	0.34785	0.382024	0.066252	1e-05	1e-05	0.077171
status_quo_rep030_2140_NW_SK060_i13736	lunarc	status_quo	rep030	2140	NW	SK060	1	77.0	105.0	4.0	20	88	13736	M	0	76.646	104.25	0.8293467308671322	SQ	status_quo	sq2140__p1:i13736	sq2140__p1:i13736	610	0.018705	0.263162	0.160029	0.152599	0.125638	0.02821	0.251657
status_quo_rep030_2140_NW_SK060_i7693	lunarc	status_quo	rep030	2140	NW	SK060	1	77.0	105.0	4.0	20	88	7693	F	0	75.5314	108.206	3.5263610081782617	SQ	status_quo	sq2140__p1:i7693	sq2140__p1:i7693	611	1e-05	0.257242	0.111517	1e-05	0.150306	0.137492	0.343423
status_quo_rep030_2140_NW_SK060_i5220	lunarc	status_quo	rep030	2140	NW	SK060	1	77.0	105.0	4.0	20	88	5220	F	0	76.1057	104.418	1.0670035098348996	SQ	status_quo	sq2140__p1:i5220	sq2140__p1:i5220	612	1e-05	0.1922	0.199936	0.333415	0.087202	1e-05	0.187227
status_quo_rep030_2140_NW_SK060_i16826	lunarc	status_quo	rep030	2140	NW	SK060	1	77.0	105.0	4.0	20	88	16826	M	0	79.228	105.525	2.2890192222871306	SQ	status_quo	sq2140__p1:i16826	sq2140__p1:i16826	613	1e-05	0.293644	0.057735	0.103866	0.101399	0.023464	0.419883
status_quo_rep030_2140_NW_SK060_i5221	lunarc	status_quo	rep030	2140	NW	SK060	1	77.0	105.0	4.0	20	88	5221	F	0	75.08	102.936	2.8189529971249923	SQ	status_quo	sq2140__p1:i5221	sq2140__p1:i5221	614	1e-05	0.336633	0.262599	0.109044	0.027975	1e-05	0.263729
status_quo_rep030_2140_NW_SK060_i12776	lunarc	status_quo	rep030	2140	NW	SK060	1	77.0	105.0	4.0	20	88	12776	M	0	73.795	104.268	3.287529315458645	SQ	status_quo	sq2140__p1:i12776	sq2140__p1:i12776	615	1e-05	0.26221	0.058214	0.037986	0.120077	1e-05	0.521493
status_quo_rep030_2140_NW_SK060_i10848	lunarc	status_quo	rep030	2140	NW	SK060	1	77.0	105.0	4.0	20	88	10848	M	0	77.5661	102.276	2.7822015042049038	SQ	status_quo	sq2140__p1:i10848	sq2140__p1:i10848	616	0.11779	0.383816	0.202384	1e-05	0.029082	0.134821	0.132098
status_quo_rep030_2140_NW_SK060_i15004	lunarc	status_quo	rep030	2140	NW	SK060	1	77.0	105.0	4.0	20	88	15004	M	0	80.183	106.384	3.470870928167748	SQ	status_quo	sq2140__p1:i15004	sq2140__p1:i15004	617	1e-05	0.193951	0.219638	1e-05	1e-05	0.239904	0.346478
status_quo_rep030_2140_NW_SK060_i12466	lunarc	status_quo	rep030	2140	NW	SK060	1	77.0	105.0	4.0	20	88	12466	M	0	75.8466	102.22	3.0097726758012837	SQ	status_quo	sq2140__p1:i12466	sq2140__p1:i12466	618	1e-05	0.278842	0.285317	0.045347	1e-05	0.063308	0.327167
status_quo_rep030_2140_NW_SK060_i4208	lunarc	status_quo	rep030	2140	NW	SK060	1	77.0	105.0	4.0	20	88	4208	F	0	74.7699	101.698	3.98453887043407	SQ	status_quo	sq2140__p1:i4208	sq2140__p1:i4208	619	0.159576	0.466447	1e-05	0.079865	0.091087	0.140053	0.062962
status_quo_rep030_2140_NW_SK060_i12777	lunarc	status_quo	rep030	2140	NW	SK060	1	77.0	105.0	4.0	20	88	12777	M	0	76.4835	103.64	1.454775669991766	SQ	status_quo	sq2140__p1:i12777	sq2140__p1:i12777	620	1e-05	0.342963	0.023136	1e-05	1e-05	0.075083	0.558788
status_quo_rep030_2140_NW_SK068_i3100	lunarc	status_quo	rep030	2140	NW	SK068	2	63.0	119.0	4.0	20	118	3100	F	0	66.8485	119.848	3.9408192358949945	SQ	status_quo	sq2140__p1:i3100	sq2140__p1:i3100	621	0.047661	0.150299	0.110968	0.142884	1e-05	0.188919	0.359259
status_quo_rep030_2140_NW_SK068_i5600	lunarc	status_quo	rep030	2140	NW	SK068	2	63.0	119.0	4.0	20	118	5600	F	0	60.778	120.849	2.890689364148286	SQ	status_quo	sq2140__p1:i5600	sq2140__p1:i5600	622	1e-05	0.247284	0.162553	0.073892	0.055032	1e-05	0.46122
status_quo_rep030_2140_NW_SK068_i16376	lunarc	status_quo	rep030	2140	NW	SK068	2	63.0	119.0	4.0	20	118	16376	M	0	62.7136	119.897	0.9416124255764736	SQ	status_quo	sq2140__p1:i16376	sq2140__p1:i16376	623	1e-05	1e-05	0.99994	1e-05	1e-05	1e-05	1e-05
status_quo_rep030_2140_NW_SK068_i8018	lunarc	status_quo	rep030	2140	NW	SK068	2	63.0	119.0	4.0	20	118	8018	F	0	60.3053	121.522	3.690784752596664	SQ	status_quo	sq2140__p1:i8018	sq2140__p1:i8018	624	1e-05	1e-05	0.99994	1e-05	1e-05	1e-05	1e-05
status_quo_rep030_2140_NW_SK068_i6477	lunarc	status_quo	rep030	2140	NW	SK068	2	63.0	119.0	4.0	20	118	6477	F	0	65.8143	116.653	3.664518179788441	SQ	status_quo	sq2140__p1:i6477	sq2140__p1:i6477	625	0.164596	0.237576	0.122769	0.152874	0.1045	1e-05	0.217676
status_quo_rep030_2140_NW_SK068_i8015	lunarc	status_quo	rep030	2140	NW	SK068	2	63.0	119.0	4.0	20	118	8015	F	0	64.1028	121.458	2.6940549066416586	SQ	status_quo	sq2140__p1:i8015	sq2140__p1:i8015	626	1e-05	1e-05	0.99994	1e-05	1e-05	1e-05	1e-05
status_quo_rep030_2140_NW_SK068_i10120	lunarc	status_quo	rep030	2140	NW	SK068	2	63.0	119.0	4.0	20	118	10120	M	0	62.3467	121.929	3.0009734903860807	SQ	status_quo	sq2140__p1:i10120	sq2140__p1:i10120	627	1e-05	0.255038	0.211198	1e-05	0.160806	1e-05	0.372928
status_quo_rep030_2140_NW_SK068_i816	lunarc	status_quo	rep030	2140	NW	SK068	2	63.0	119.0	4.0	20	118	816	F	0	64.8208	119.724	1.959461313728859	SQ	status_quo	sq2140__p1:i816	sq2140__p1:i816	628	0.096467	1e-05	0.648072	0.016528	1e-05	1e-05	0.238903
status_quo_rep030_2140_NW_SK068_i5546	lunarc	status_quo	rep030	2140	NW	SK068	2	63.0	119.0	4.0	20	118	5546	F	0	61.8401	120.701	2.0588270957027883	SQ	status_quo	sq2140__p1:i5546	sq2140__p1:i5546	629	0.05982	0.020212	0.111525	0.270808	0.061016	0.021674	0.454945
status_quo_rep030_2140_NW_SK068_i10545	lunarc	status_quo	rep030	2140	NW	SK068	2	63.0	119.0	4.0	20	118	10545	M	0	64.4031	116.441	2.9184191970996856	SQ	status_quo	sq2140__p1:i10545	sq2140__p1:i10545	630	0.0515	0.157109	0.25904	1e-05	0.112246	1e-05	0.420085
status_quo_rep030_2140_NW_SK068_i2291	lunarc	status_quo	rep030	2140	NW	SK068	2	63.0	119.0	4.0	20	118	2291	F	0	63.4416	120.624	1.682969565975566	SQ	status_quo	sq2140__p1:i2291	sq2140__p1:i2291	631	1e-05	1e-05	0.84649	1e-05	1e-05	0.011687	0.141783
status_quo_rep030_2140_NW_SK068_i6742	lunarc	status_quo	rep030	2140	NW	SK068	2	63.0	119.0	4.0	20	118	6742	F	0	64.1287	118.098	1.4448417525805344	SQ	status_quo	sq2140__p1:i6742	sq2140__p1:i6742	632	1e-05	0.263427	0.139399	0.068993	0.211242	1e-05	0.316919
status_quo_rep030_2140_NW_SK068_i1234	lunarc	status_quo	rep030	2140	NW	SK068	2	63.0	119.0	4.0	20	118	1234	F	0	59.6618	120.458	3.6427109739862695	SQ	status_quo	sq2140__p1:i1234	sq2140__p1:i1234	633	1e-05	0.301006	0.126813	1e-05	1e-05	0.21	0.362151
status_quo_rep030_2140_NW_SK068_i7586	lunarc	status_quo	rep030	2140	NW	SK068	2	63.0	119.0	4.0	20	118	7586	F	0	61.4628	117.219	2.3526463482640176	SQ	status_quo	sq2140__p1:i7586	sq2140__p1:i7586	634	1e-05	0.109886	0.817242	1e-05	1e-05	0.072832	1e-05
status_quo_rep030_2140_NW_SK068_i387	lunarc	status_quo	rep030	2140	NW	SK068	2	63.0	119.0	4.0	20	118	387	F	0	64.6267	120.517	2.2242845793647867	SQ	status_quo	sq2140__p1:i387	sq2140__p1:i387	635	1e-05	0.21335	0.111233	0.02455	0.097958	1e-05	0.552889
status_quo_rep030_2140_NW_SK068_i13449	lunarc	status_quo	rep030	2140	NW	SK068	2	63.0	119.0	4.0	20	118	13449	M	0	65.569	118.137	2.7100793346321086	SQ	status_quo	sq2140__p1:i13449	sq2140__p1:i13449	636	1e-05	0.356157	0.393564	1e-05	1e-05	0.162181	0.088067
status_quo_rep030_2140_NW_SK068_i9665	lunarc	status_quo	rep030	2140	NW	SK068	2	63.0	119.0	4.0	20	118	9665	M	0	66.1254	116.895	3.768175972536316	SQ	status_quo	sq2140__p1:i9665	sq2140__p1:i9665	637	0.003908	0.245829	0.115227	0.152099	1e-05	0.031041	0.451886
status_quo_rep030_2140_NW_SK068_i10546	lunarc	status_quo	rep030	2140	NW	SK068	2	63.0	119.0	4.0	20	118	10546	M	0	65.3278	119.352	2.3542635451452725	SQ	status_quo	sq2140__p1:i10546	sq2140__p1:i10546	638	0.147428	0.234197	0.102601	1e-05	0.15243	1e-05	0.363324
status_quo_rep030_2140_NW_SK068_i2290	lunarc	status_quo	rep030	2140	NW	SK068	2	63.0	119.0	4.0	20	118	2290	F	0	65.6785	119.358	2.702318680318811	SQ	status_quo	sq2140__p1:i2290	sq2140__p1:i2290	639	1e-05	1e-05	0.833112	1e-05	1e-05	0.011829	0.155019
status_quo_rep030_2140_NW_SK068_i10113	lunarc	status_quo	rep030	2140	NW	SK068	2	63.0	119.0	4.0	20	118	10113	M	0	64.737	118.818	1.746508803298736	SQ	status_quo	sq2140__p1:i10113	sq2140__p1:i10113	640	1e-05	0.140458	0.344647	1e-05	0.063322	0.07557	0.375983
status_quo_rep030_2140_NW_SK069_i11720	lunarc	status_quo	rep030	2140	NW	SK069	3	77.0	119.0	4.0	20	51	11720	M	0	79.0185	122.046	3.654101565364604	SQ	status_quo	sq2140__p1:i11720	sq2140__p1:i11720	641	1e-05	0.254747	0.39949	0.095412	1e-05	1e-05	0.250321
status_quo_rep030_2140_NW_SK069_i736	lunarc	status_quo	rep030	2140	NW	SK069	3	77.0	119.0	4.0	20	51	736	F	0	78.136	121.075	2.3656121829243277	SQ	status_quo	sq2140__p1:i736	sq2140__p1:i736	642	1e-05	0.046564	0.288753	0.180373	1e-05	0.036616	0.447675
status_quo_rep030_2140_NW_SK069_i9575	lunarc	status_quo	rep030	2140	NW	SK069	3	77.0	119.0	4.0	20	51	9575	M	0	79.0869	122.151	3.779411675115583	SQ	status_quo	sq2140__p1:i9575	sq2140__p1:i9575	643	1e-05	0.088194	0.259417	0.191807	1e-05	0.045994	0.414568
status_quo_rep030_2140_NW_SK069_i15872	lunarc	status_quo	rep030	2140	NW	SK069	3	77.0	119.0	4.0	20	51	15872	M	0	77.9387	116.073	3.0738390800430717	SQ	status_quo	sq2140__p1:i15872	sq2140__p1:i15872	644	0.054672	0.16929	0.289215	0.161065	1e-05	0.145565	0.180183
status_quo_rep030_2140_NW_SK069_i12610	lunarc	status_quo	rep030	2140	NW	SK069	3	77.0	119.0	4.0	20	51	12610	M	0	80.4902	117.975	3.637598251594041	SQ	status_quo	sq2140__p1:i12610	sq2140__p1:i12610	645	0.015174	0.34039	0.189386	0.078818	0.072564	0.127878	0.175789
status_quo_rep030_2140_NW_SK069_i11718	lunarc	status_quo	rep030	2140	NW	SK069	3	77.0	119.0	4.0	20	51	11718	M	0	79.6539	119.376	2.6804031804935557	SQ	status_quo	sq2140__p1:i11718	sq2140__p1:i11718	646	0.131863	0.146257	0.148331	0.071704	0.036616	1e-05	0.465218
status_quo_rep030_2140_NW_SK069_i13157	lunarc	status_quo	rep030	2140	NW	SK069	3	77.0	119.0	4.0	20	51	13157	M	0	77.1578	122.7	3.703363449622521	SQ	status_quo	sq2140__p1:i13157	sq2140__p1:i13157	647	0.058084	0.217433	0.249938	0.168662	0.134441	1e-05	0.171432
status_quo_rep030_2140_NW_SK069_i8436	lunarc	status_quo	rep030	2140	NW	SK069	3	77.0	119.0	4.0	20	51	8436	F	0	75.9175	116.944	2.3235624050151915	SQ	status_quo	sq2140__p1:i8436	sq2140__p1:i8436	648	0.049254	0.274172	0.072576	0.076379	0.031057	1e-05	0.496552
status_quo_rep030_2140_NW_SK069_i6445	lunarc	status_quo	rep030	2140	NW	SK069	3	77.0	119.0	4.0	20	51	6445	F	0	74.7314	116.169	3.62782399793596	SQ	status_quo	sq2140__p1:i6445	sq2140__p1:i6445	649	1e-05	1e-05	0.608056	1e-05	1e-05	1e-05	0.391894
status_quo_rep030_2140_NW_SK069_i9574	lunarc	status_quo	rep030	2140	NW	SK069	3	77.0	119.0	4.0	20	51	9574	M	0	78.5313	121.254	2.724957924445812	SQ	status_quo	sq2140__p1:i9574	sq2140__p1:i9574	650	0.043376	0.279035	0.135749	0.164667	0.058704	0.032136	0.286333
status_quo_rep030_2140_NW_SK069_i7668	lunarc	status_quo	rep030	2140	NW	SK069	3	77.0	119.0	4.0	20	51	7668	F	0	76.1271	122.494	3.6013872896427013	SQ	status_quo	sq2140__p1:i7668	sq2140__p1:i7668	651	0.217171	0.341042	0.182017	1e-05	1e-05	0.012239	0.247511
status_quo_rep030_2140_NW_SK069_i17527	lunarc	status_quo	rep030	2140	NW	SK069	3	77.0	119.0	4.0	20	51	17527	M	0	74.1712	116.611	3.7026248041085648	SQ	status_quo	sq2140__p1:i17527	sq2140__p1:i17527	652	1e-05	0.226246	0.134672	0.096791	0.16051	0.227366	0.154406
status_quo_rep030_2140_NW_SK069_i194	lunarc	status_quo	rep030	2140	NW	SK069	3	77.0	119.0	4.0	20	51	194	F	0	77.1838	120.795	1.8043856128887767	SQ	status_quo	sq2140__p1:i194	sq2140__p1:i194	653	1e-05	0.032349	0.362973	0.141533	1e-05	1e-05	0.463115
status_quo_rep030_2140_NW_SK069_i8974	lunarc	status_quo	rep030	2140	NW	SK069	3	77.0	119.0	4.0	20	51	8974	M	0	78.6392	120.207	2.0356388776008365	SQ	status_quo	sq2140__p1:i8974	sq2140__p1:i8974	654	1e-05	0.001877	0.555547	0.073242	1e-05	1e-05	0.369303
status_quo_rep030_2140_NW_SK069_i14364	lunarc	status_quo	rep030	2140	NW	SK069	3	77.0	119.0	4.0	20	51	14364	M	0	80.0535	119.786	3.1530395256006543	SQ	status_quo	sq2140__p1:i14364	sq2140__p1:i14364	655	0.132834	0.298658	0.249261	1e-05	1e-05	0.163736	0.155492
status_quo_rep030_2140_NW_SK069_i631	lunarc	status_quo	rep030	2140	NW	SK069	3	77.0	119.0	4.0	20	51	631	F	0	75.3632	119.979	1.9072375940086692	SQ	status_quo	sq2140__p1:i631	sq2140__p1:i631	656	0.108197	0.283103	0.347559	1e-05	1e-05	1e-05	0.261111
status_quo_rep030_2140_NW_SK069_i15298	lunarc	status_quo	rep030	2140	NW	SK069	3	77.0	119.0	4.0	20	51	15298	M	0	77.4652	121.047	2.099195093363164	SQ	status_quo	sq2140__p1:i15298	sq2140__p1:i15298	657	1e-05	0.319581	0.1561	0.12857	0.027866	0.087769	0.280104
status_quo_rep030_2140_NW_SK069_i3029	lunarc	status_quo	rep030	2140	NW	SK069	3	77.0	119.0	4.0	20	51	3029	F	0	79.5695	118.276	2.66955169457346	SQ	status_quo	sq2140__p1:i3029	sq2140__p1:i3029	658	0.089889	0.156592	0.265922	0.011153	0.063508	0.007831	0.405104
status_quo_rep030_2140_NW_SK069_i8744	lunarc	status_quo	rep030	2140	NW	SK069	3	77.0	119.0	4.0	20	51	8744	F	0	76.0285	115.97	3.181935299467922	SQ	status_quo	sq2140__p1:i8744	sq2140__p1:i8744	659	1e-05	0.185739	0.264953	0.218038	0.00452	1e-05	0.326729
status_quo_rep030_2140_NW_SK069_i1144	lunarc	status_quo	rep030	2140	NW	SK069	3	77.0	119.0	4.0	20	51	1144	F	0	79.089	121.577	3.317355874789436	SQ	status_quo	sq2140__p1:i1144	sq2140__p1:i1144	660	1e-05	0.310379	0.061174	0.161066	0.101029	1e-05	0.366332
status_quo_rep030_2140_NE_SK062_i8302	lunarc	status_quo	rep030	2140	NE	SK062	1	105.0	105.0	4.0	20	52	8302	F	0	103.539	102.257	3.107823997590592	SQ	status_quo	sq2140__p1:i8302	sq2140__p1:i8302	661	0.132013	0.499223	0.075442	0.097238	1e-05	0.06089	0.135183
status_quo_rep030_2140_NE_SK062_i14390	lunarc	status_quo	rep030	2140	NE	SK062	1	105.0	105.0	4.0	20	52	14390	M	0	106.973	107.665	3.3158639899730558	SQ	status_quo	sq2140__p1:i14390	sq2140__p1:i14390	662	0.146738	0.030366	0.18479	0.268623	0.045539	0.093353	0.230591
status_quo_rep030_2140_NE_SK062_i6190	lunarc	status_quo	rep030	2140	NE	SK062	1	105.0	105.0	4.0	20	52	6190	F	0	104.691	105.141	0.3396498196672566	SQ	status_quo	sq2140__p1:i6190	sq2140__p1:i6190	663	1e-05	0.220242	0.341379	1e-05	1e-05	0.053917	0.384431
status_quo_rep030_2140_NE_SK062_i14102	lunarc	status_quo	rep030	2140	NE	SK062	1	105.0	105.0	4.0	20	52	14102	M	0	107.073	107.304	3.099313633693754	SQ	status_quo	sq2140__p1:i14102	sq2140__p1:i14102	664	0.152878	0.396201	0.398286	1e-05	0.022059	1e-05	0.030556
status_quo_rep030_2140_NE_SK062_i11820	lunarc	status_quo	rep030	2140	NE	SK062	1	105.0	105.0	4.0	20	52	11820	M	0	105.224	106.387	1.4049715299606618	SQ	status_quo	sq2140__p1:i11820	sq2140__p1:i11820	665	1e-05	0.342328	0.215257	1e-05	0.111372	0.120178	0.210844
status_quo_rep030_2140_NE_SK062_i7220	lunarc	status_quo	rep030	2140	NE	SK062	1	105.0	105.0	4.0	20	52	7220	F	0	101.725	104.409	3.3278981354602832	SQ	status_quo	sq2140__p1:i7220	sq2140__p1:i7220	666	1e-05	0.246168	0.546789	1e-05	0.001286	0.137649	0.068088
status_quo_rep030_2140_NE_SK062_i14716	lunarc	status_quo	rep030	2140	NE	SK062	1	105.0	105.0	4.0	20	52	14716	M	0	108.292	104.509	3.328414787853222	SQ	status_quo	sq2140__p1:i14716	sq2140__p1:i14716	667	1e-05	0.190605	0.085037	0.222531	0.096782	1e-05	0.405025
status_quo_rep030_2140_NE_SK062_i17411	lunarc	status_quo	rep030	2140	NE	SK062	1	105.0	105.0	4.0	20	52	17411	M	0	107.125	104.505	2.181891381347844	SQ	status_quo	sq2140__p1:i17411	sq2140__p1:i17411	668	0.180224	0.305328	0.092756	0.096226	1e-05	0.127248	0.198208
status_quo_rep030_2140_NE_SK062_i14641	lunarc	status_quo	rep030	2140	NE	SK062	1	105.0	105.0	4.0	20	52	14641	M	0	107.635	104.171	2.762329813762292	SQ	status_quo	sq2140__p1:i14641	sq2140__p1:i14641	669	0.100427	0.3326	0.345827	1e-05	0.198447	1e-05	0.022679
status_quo_rep030_2140_NE_SK062_i13133	lunarc	status_quo	rep030	2140	NE	SK062	1	105.0	105.0	4.0	20	52	13133	M	0	105.128	101.244	3.758180410783921	SQ	status_quo	sq2140__p1:i13133	sq2140__p1:i13133	670	1e-05	0.432961	0.229896	0.057083	0.052828	1e-05	0.227212
status_quo_rep030_2140_NE_SK062_i3123	lunarc	status_quo	rep030	2140	NE	SK062	1	105.0	105.0	4.0	20	52	3123	F	0	104.85	104.003	1.0082207099638458	SQ	status_quo	sq2140__p1:i3123	sq2140__p1:i3123	671	0.213188	0.499149	0.006334	0.243576	1e-05	1e-05	0.037733
status_quo_rep030_2140_NE_SK062_i7567	lunarc	status_quo	rep030	2140	NE	SK062	1	105.0	105.0	4.0	20	52	7567	F	0	101.276	105.772	3.803177618781437	SQ	status_quo	sq2140__p1:i7567	sq2140__p1:i7567	672	0.104082	0.349844	0.44533	1e-05	1e-05	0.040076	0.060648
status_quo_rep030_2140_NE_SK062_i5197	lunarc	status_quo	rep030	2140	NE	SK062	1	105.0	105.0	4.0	20	52	5197	F	0	108.175	107.259	3.896627516199102	SQ	status_quo	sq2140__p1:i5197	sq2140__p1:i5197	673	0.05733	0.206365	0.182884	0.027164	0.158616	0.066814	0.300827
status_quo_rep030_2140_NE_SK062_i5790	lunarc	status_quo	rep030	2140	NE	SK062	1	105.0	105.0	4.0	20	52	5790	F	0	104.075	106.071	1.4151558218090297	SQ	status_quo	sq2140__p1:i5790	sq2140__p1:i5790	674	0.086895	0.259522	0.047111	0.061137	1e-05	0.139846	0.405479
status_quo_rep030_2140_NE_SK062_i17340	lunarc	status_quo	rep030	2140	NE	SK062	1	105.0	105.0	4.0	20	52	17340	M	0	105.714	101.758	3.3196927568677235	SQ	status_quo	sq2140__p1:i17340	sq2140__p1:i17340	675	0.103157	0.471626	0.072658	0.021051	0.041741	0.119159	0.170608
status_quo_rep030_2140_NE_SK062_i6710	lunarc	status_quo	rep030	2140	NE	SK062	1	105.0	105.0	4.0	20	52	6710	F	0	101.197	104.092	3.909894244094076	SQ	status_quo	sq2140__p1:i6710	sq2140__p1:i6710	676	0.124295	0.484999	0.071138	0.139566	0.145226	1e-05	0.034766
status_quo_rep030_2140_NE_SK062_i10122	lunarc	status_quo	rep030	2140	NE	SK062	1	105.0	105.0	4.0	20	52	10122	M	0	107.761	102.539	3.6986000054074473	SQ	status_quo	sq2140__p1:i10122	sq2140__p1:i10122	677	1e-05	0.379144	0.170333	1e-05	0.11013	0.199477	0.140897
status_quo_rep030_2140_NE_SK062_i6788	lunarc	status_quo	rep030	2140	NE	SK062	1	105.0	105.0	4.0	20	52	6788	F	0	106.847	103.105	2.646211253849542	SQ	status_quo	sq2140__p1:i6788	sq2140__p1:i6788	678	0.09936	0.226121	0.171433	0.030276	0.113097	0.044481	0.315232
status_quo_rep030_2140_NE_SK062_i3505	lunarc	status_quo	rep030	2140	NE	SK062	1	105.0	105.0	4.0	20	52	3505	F	0	105.484	106.639	1.7089695725787457	SQ	status_quo	sq2140__p1:i3505	sq2140__p1:i3505	679	1e-05	0.518704	0.0198	0.181591	1e-05	0.061803	0.218081
status_quo_rep030_2140_NE_SK062_i1594	lunarc	status_quo	rep030	2140	NE	SK062	1	105.0	105.0	4.0	20	52	1594	F	0	104.143	103.574	1.6637082075893008	SQ	status_quo	sq2140__p1:i1594	sq2140__p1:i1594	680	0.041258	0.316569	0.028999	0.230202	0.043671	0.266518	0.072783
status_quo_rep030_2140_NE_SK063_i5201	lunarc	status_quo	rep030	2140	NE	SK063	2	119.0	105.0	4.0	20	55	5201	F	0	119.342	104.207	0.8636046549202994	SQ	status_quo	sq2140__p1:i5201	sq2140__p1:i5201	681	1e-05	0.536516	0.174628	0.146024	1e-05	1e-05	0.142801
status_quo_rep030_2140_NE_SK063_i4259	lunarc	status_quo	rep030	2140	NE	SK063	2	119.0	105.0	4.0	20	55	4259	F	0	118.707	105.054	0.297934556572419	SQ	status_quo	sq2140__p1:i4259	sq2140__p1:i4259	682	0.058785	0.57089	1e-05	1e-05	1e-05	0.162162	0.208133
status_quo_rep030_2140_NE_SK063_i15647	lunarc	status_quo	rep030	2140	NE	SK063	2	119.0	105.0	4.0	20	55	15647	M	0	120.289	102.183	3.0979041302144847	SQ	status_quo	sq2140__p1:i15647	sq2140__p1:i15647	683	0.290918	0.303022	0.166454	1e-05	1e-05	0.078916	0.160671
status_quo_rep030_2140_NE_SK063_i17002	lunarc	status_quo	rep030	2140	NE	SK063	2	119.0	105.0	4.0	20	55	17002	M	0	120.651	103.53	2.210588383213841	SQ	status_quo	sq2140__p1:i17002	sq2140__p1:i17002	684	0.113335	0.550588	0.036495	1e-05	0.078608	0.220953	1e-05
status_quo_rep030_2140_NE_SK063_i9579	lunarc	status_quo	rep030	2140	NE	SK063	2	119.0	105.0	4.0	20	55	9579	M	0	121.131	105.117	2.134209455512744	SQ	status_quo	sq2140__p1:i9579	sq2140__p1:i9579	685	1e-05	0.661864	0.215691	1e-05	1e-05	0.005098	0.117317
status_quo_rep030_2140_NE_SK063_i6633	lunarc	status_quo	rep030	2140	NE	SK063	2	119.0	105.0	4.0	20	55	6633	F	0	119.666	101.452	3.609966758849728	SQ	status_quo	sq2140__p1:i6633	sq2140__p1:i6633	686	0.068251	0.472678	0.164598	0.064063	0.044024	0.093016	0.09337
status_quo_rep030_2140_NE_SK063_i8773	lunarc	status_quo	rep030	2140	NE	SK063	2	119.0	105.0	4.0	20	55	8773	F	0	118.006	105.542	1.132166065557523	SQ	status_quo	sq2140__p1:i8773	sq2140__p1:i8773	687	0.190209	0.564702	0.184201	1e-05	1e-05	0.031627	0.02924
status_quo_rep030_2140_NE_SK063_i8710	lunarc	status_quo	rep030	2140	NE	SK063	2	119.0	105.0	4.0	20	55	8710	F	0	120.631	102.028	3.3901246289775195	SQ	status_quo	sq2140__p1:i8710	sq2140__p1:i8710	688	0.122805	0.47915	0.033277	0.072677	0.095776	1e-05	0.196305
status_quo_rep030_2140_NE_SK063_i7236	lunarc	status_quo	rep030	2140	NE	SK063	2	119.0	105.0	4.0	20	55	7236	F	0	115.916	102.672	3.864018633495448	SQ	status_quo	sq2140__p1:i7236	sq2140__p1:i7236	689	0.15617	0.610676	0.028053	0.048596	0.016499	0.074021	0.065984
status_quo_rep030_2140_NE_SK063_i367	lunarc	status_quo	rep030	2140	NE	SK063	2	119.0	105.0	4.0	20	55	367	F	0	118.562	108.379	3.4072694346059627	SQ	status_quo	sq2140__p1:i367	sq2140__p1:i367	690	1e-05	0.831804	0.022989	1e-05	0.069933	1e-05	0.075244
status_quo_rep030_2140_NE_SK063_i9337	lunarc	status_quo	rep030	2140	NE	SK063	2	119.0	105.0	4.0	20	55	9337	M	0	116.09	106.364	3.213813311317257	SQ	status_quo	sq2140__p1:i9337	sq2140__p1:i9337	691	1e-05	0.653252	1e-05	1e-05	0.153379	0.136797	0.056541
status_quo_rep030_2140_NE_SK063_i12940	lunarc	status_quo	rep030	2140	NE	SK063	2	119.0	105.0	4.0	20	55	12940	M	0	119.29	106.984	2.005082541941848	SQ	status_quo	sq2140__p1:i12940	sq2140__p1:i12940	692	0.058785	0.57089	1e-05	1e-05	1e-05	0.162162	0.208133
status_quo_rep030_2140_NE_SK063_i9548	lunarc	status_quo	rep030	2140	NE	SK063	2	119.0	105.0	4.0	20	55	9548	M	0	122.938	104.413	3.981508884832485	SQ	status_quo	sq2140__p1:i9548	sq2140__p1:i9548	693	0.057602	0.452774	0.060798	1e-05	0.126765	0.009235	0.292816
status_quo_rep030_2140_NE_SK063_i10966	lunarc	status_quo	rep030	2140	NE	SK063	2	119.0	105.0	4.0	20	55	10966	M	0	118.725	106.236	1.2662231240978084	SQ	status_quo	sq2140__p1:i10966	sq2140__p1:i10966	694	0.07287	0.496283	0.127298	0.070559	1e-05	0.091952	0.141028
status_quo_rep030_2140_NE_SK063_i14547	lunarc	status_quo	rep030	2140	NE	SK063	2	119.0	105.0	4.0	20	55	14547	M	0	120.353	101.565	3.691860506573888	SQ	status_quo	sq2140__p1:i14547	sq2140__p1:i14547	695	1e-05	0.6263	0.034711	0.001833	1e-05	0.020689	0.316447
status_quo_rep030_2140_NE_SK063_i16101	lunarc	status_quo	rep030	2140	NE	SK063	2	119.0	105.0	4.0	20	55	16101	M	0	115.142	105.685	3.918340082228703	SQ	status_quo	sq2140__p1:i16101	sq2140__p1:i16101	696	0.060197	0.375808	0.091067	0.076281	0.071815	1e-05	0.324822
status_quo_rep030_2140_NE_SK063_i16497	lunarc	status_quo	rep030	2140	NE	SK063	2	119.0	105.0	4.0	20	55	16497	M	0	118.264	103.157	1.9845263918628089	SQ	status_quo	sq2140__p1:i16497	sq2140__p1:i16497	697	0.065002	0.797397	1e-05	1e-05	1e-05	0.007643	0.129928
status_quo_rep030_2140_NE_SK063_i6207	lunarc	status_quo	rep030	2140	NE	SK063	2	119.0	105.0	4.0	20	55	6207	F	0	118.773	101.991	3.0175503309804137	SQ	status_quo	sq2140__p1:i6207	sq2140__p1:i6207	698	0.157124	0.633078	0.106831	1e-05	1e-05	0.102937	1e-05
status_quo_rep030_2140_NE_SK063_i7381	lunarc	status_quo	rep030	2140	NE	SK063	2	119.0	105.0	4.0	20	55	7381	F	0	119.152	107.899	2.9029820874404315	SQ	status_quo	sq2140__p1:i7381	sq2140__p1:i7381	699	1e-05	0.365304	0.206983	1e-05	0.117524	0.235484	0.074685
status_quo_rep030_2140_NE_SK063_i16146	lunarc	status_quo	rep030	2140	NE	SK063	2	119.0	105.0	4.0	20	55	16146	M	0	120.753	107.689	3.2099423670838645	SQ	status_quo	sq2140__p1:i16146	sq2140__p1:i16146	700	1e-05	0.603632	0.219915	1e-05	1e-05	0.111802	0.064621
status_quo_rep030_2140_NE_SK064_i1505	lunarc	status_quo	rep030	2140	NE	SK064	3	133.0	105.0	4.0	20	63	1505	F	0	134.521	106.737	2.308811382508312	SQ	status_quo	sq2140__p1:i1505	sq2140__p1:i1505	701	1e-05	0.795802	0.102457	0.018245	0.050689	1e-05	0.032787
status_quo_rep030_2140_NE_SK064_i13856	lunarc	status_quo	rep030	2140	NE	SK064	3	133.0	105.0	4.0	20	63	13856	M	0	134.665	107.137	2.709057769779001	SQ	status_quo	sq2140__p1:i13856	sq2140__p1:i13856	702	1e-05	0.809992	0.155269	1e-05	0.034698	1e-05	1e-05
status_quo_rep030_2140_NE_SK064_i10776	lunarc	status_quo	rep030	2140	NE	SK064	3	133.0	105.0	4.0	20	63	10776	M	0	133.09	102.087	2.9143899876303414	SQ	status_quo	sq2140__p1:i10776	sq2140__p1:i10776	703	0.147464	0.472571	0.14881	1e-05	1e-05	1e-05	0.231125
status_quo_rep030_2140_NE_SK064_i16127	lunarc	status_quo	rep030	2140	NE	SK064	3	133.0	105.0	4.0	20	63	16127	M	0	134.496	102.28	3.1042577212596285	SQ	status_quo	sq2140__p1:i16127	sq2140__p1:i16127	704	0.216793	0.400705	0.119347	0.106289	0.156846	1e-05	1e-05
status_quo_rep030_2140_NE_SK064_i6113	lunarc	status_quo	rep030	2140	NE	SK064	3	133.0	105.0	4.0	20	63	6113	F	0	133.281	104.613	0.4782572529507563	SQ	status_quo	sq2140__p1:i6113	sq2140__p1:i6113	705	1e-05	0.758497	0.080892	1e-05	1e-05	0.160571	1e-05
status_quo_rep030_2140_NE_SK064_i16011	lunarc	status_quo	rep030	2140	NE	SK064	3	133.0	105.0	4.0	20	63	16011	M	0	131.639	104.338	1.51346126478347	SQ	status_quo	sq2140__p1:i16011	sq2140__p1:i16011	706	1e-05	0.95999	0.03996	1e-05	1e-05	1e-05	1e-05
status_quo_rep030_2140_NE_SK064_i15225	lunarc	status_quo	rep030	2140	NE	SK064	3	133.0	105.0	4.0	20	63	15225	M	0	132.567	104.522	0.6449596886627786	SQ	status_quo	sq2140__p1:i15225	sq2140__p1:i15225	707	1e-05	0.93139	0.06856	1e-05	1e-05	1e-05	1e-05
status_quo_rep030_2140_NE_SK064_i13698	lunarc	status_quo	rep030	2140	NE	SK064	3	133.0	105.0	4.0	20	63	13698	M	0	132.278	102.927	2.195133936688143	SQ	status_quo	sq2140__p1:i13698	sq2140__p1:i13698	708	1e-05	0.99994	1e-05	1e-05	1e-05	1e-05	1e-05
status_quo_rep030_2140_NE_SK064_i5358	lunarc	status_quo	rep030	2140	NE	SK064	3	133.0	105.0	4.0	20	63	5358	F	0	134.878	103.721	2.272163066331274	SQ	status_quo	sq2140__p1:i5358	sq2140__p1:i5358	709	0.125749	0.431458	0.127278	0.043471	0.131812	0.140222	1e-05
status_quo_rep030_2140_NE_SK064_i3662	lunarc	status_quo	rep030	2140	NE	SK064	3	133.0	105.0	4.0	20	63	3662	F	0	130.727	104.567	2.31387510466749	SQ	status_quo	sq2140__p1:i3662	sq2140__p1:i3662	710	0.237877	0.514137	0.198421	1e-05	1e-05	1e-05	0.049535
status_quo_rep030_2140_NE_SK064_i10777	lunarc	status_quo	rep030	2140	NE	SK064	3	133.0	105.0	4.0	20	63	10777	M	0	131.342	102.782	2.7692034955921843	SQ	status_quo	sq2140__p1:i10777	sq2140__p1:i10777	711	0.102435	0.677771	0.116638	1e-05	1e-05	1e-05	0.103126
status_quo_rep030_2140_NE_SK064_i11022	lunarc	status_quo	rep030	2140	NE	SK064	3	133.0	105.0	4.0	20	63	11022	M	0	133.472	102.7	2.347931855910643	SQ	status_quo	sq2140__p1:i11022	sq2140__p1:i11022	712	0.107626	0.396502	0.344537	0.100531	1e-05	1e-05	0.050783
status_quo_rep030_2140_NE_SK064_i3974	lunarc	status_quo	rep030	2140	NE	SK064	3	133.0	105.0	4.0	20	63	3974	F	0	133.531	103.012	2.05769409777061	SQ	status_quo	sq2140__p1:i3974	sq2140__p1:i3974	713	0.170601	0.668205	0.098293	1e-05	0.042408	1e-05	0.020473
status_quo_rep030_2140_NE_SK064_i14937	lunarc	status_quo	rep030	2140	NE	SK064	3	133.0	105.0	4.0	20	63	14937	M	0	132.498	102.051	2.9914219027078075	SQ	status_quo	sq2140__p1:i14937	sq2140__p1:i14937	714	0.17648	0.714863	0.108617	1e-05	1e-05	1e-05	1e-05
status_quo_rep030_2140_NE_SK064_i14188	lunarc	status_quo	rep030	2140	NE	SK064	3	133.0	105.0	4.0	20	63	14188	M	0	134.749	103.56	2.2655244425960133	SQ	status_quo	sq2140__p1:i14188	sq2140__p1:i14188	715	0.32059	0.574907	0.078885	1e-05	1e-05	1e-05	0.025588
status_quo_rep030_2140_NE_SK064_i5069	lunarc	status_quo	rep030	2140	NE	SK064	3	133.0	105.0	4.0	20	63	5069	F	0	133.797	104.569	0.9060739484170114	SQ	status_quo	sq2140__p1:i5069	sq2140__p1:i5069	716	1e-05	0.88965	0.1103	1e-05	1e-05	1e-05	1e-05
status_quo_rep030_2140_NE_SK064_i531	lunarc	status_quo	rep030	2140	NE	SK064	3	133.0	105.0	4.0	20	63	531	F	0	136.445	104.024	3.5805866837712435	SQ	status_quo	sq2140__p1:i531	sq2140__p1:i531	717	1e-05	0.661767	0.104755	1e-05	0.144424	0.089025	1e-05
status_quo_rep030_2140_NE_SK064_i5203	lunarc	status_quo	rep030	2140	NE	SK064	3	133.0	105.0	4.0	20	63	5203	F	0	131.763	106.633	2.0486234402642114	SQ	status_quo	sq2140__p1:i5203	sq2140__p1:i5203	718	1e-05	0.789191	0.124799	1e-05	0.08597	1e-05	1e-05
status_quo_rep030_2140_NE_SK064_i11023	lunarc	status_quo	rep030	2140	NE	SK064	3	133.0	105.0	4.0	20	63	11023	M	0	133.112	102.656	2.346674242412008	SQ	status_quo	sq2140__p1:i11023	sq2140__p1:i11023	719	0.077952	0.4363	0.27055	0.120785	0.088285	1e-05	0.006119
status_quo_rep030_2140_NE_SK064_i868	lunarc	status_quo	rep030	2140	NE	SK064	3	133.0	105.0	4.0	20	63	868	F	0	134.799	103.346	2.443791521386391	SQ	status_quo	sq2140__p1:i868	sq2140__p1:i868	720	0.125585	0.603306	0.217658	0.053421	1e-05	1e-05	1e-05
status_quo_rep030_2140_W_SK025_i6345	lunarc	status_quo	rep030	2140	W	SK025	1	91.0	49.0	4.0	20	129	6345	F	0	91.1479	52.7948	3.797681062174656	SQ	status_quo	sq2140__p1:i6345	sq2140__p1:i6345	721	0.28164	0.34729	0.208877	1e-05	1e-05	0.162163	1e-05
status_quo_rep030_2140_W_SK025_i8991	lunarc	status_quo	rep030	2140	W	SK025	1	91.0	49.0	4.0	20	129	8991	M	0	92.2575	46.8399	2.4994675953090457	SQ	status_quo	sq2140__p1:i8991	sq2140__p1:i8991	722	0.24021	0.273758	0.051018	0.190066	0.159202	0.085735	1e-05
status_quo_rep030_2140_W_SK025_i14149	lunarc	status_quo	rep030	2140	W	SK025	1	91.0	49.0	4.0	20	129	14149	M	0	94.5308	49.2701	3.541116017585416	SQ	status_quo	sq2140__p1:i14149	sq2140__p1:i14149	723	1e-05	0.291716	0.098724	0.334314	1e-05	0.134896	0.14033
status_quo_rep030_2140_W_SK025_i3991	lunarc	status_quo	rep030	2140	W	SK025	1	91.0	49.0	4.0	20	129	3991	F	0	90.9662	48.4003	0.6006517543468913	SQ	status_quo	sq2140__p1:i3991	sq2140__p1:i3991	724	0.249872	0.54414	1e-05	0.011999	1e-05	0.193959	1e-05
status_quo_rep030_2140_W_SK025_i3781	lunarc	status_quo	rep030	2140	W	SK025	1	91.0	49.0	4.0	20	129	3781	F	0	89.698	47.6197	1.8974804583974012	SQ	status_quo	sq2140__p1:i3781	sq2140__p1:i3781	725	0.142714	0.552945	1e-05	0.069111	0.116245	0.118966	1e-05
status_quo_rep030_2140_W_SK025_i12384	lunarc	status_quo	rep030	2140	W	SK025	1	91.0	49.0	4.0	20	129	12384	M	0	93.2017	49.1061	2.2042549988601614	SQ	status_quo	sq2140__p1:i12384	sq2140__p1:i12384	726	0.174052	0.379471	0.152236	0.058515	0.235705	1e-05	1e-05
status_quo_rep030_2140_W_SK025_i3027	lunarc	status_quo	rep030	2140	W	SK025	1	91.0	49.0	4.0	20	129	3027	F	0	91.5656	48.241	0.9465645038770492	SQ	status_quo	sq2140__p1:i3027	sq2140__p1:i3027	727	0.119088	0.571582	0.109668	0.113009	1e-05	0.086633	1e-05
status_quo_rep030_2140_W_SK025_i12287	lunarc	status_quo	rep030	2140	W	SK025	1	91.0	49.0	4.0	20	129	12287	M	0	87.8615	50.3079	3.4001153892184237	SQ	status_quo	sq2140__p1:i12287	sq2140__p1:i12287	728	0.220698	0.298063	0.180432	0.167244	0.133543	1e-05	1e-05
status_quo_rep030_2140_W_SK025_i7742	lunarc	status_quo	rep030	2140	W	SK025	1	91.0	49.0	4.0	20	129	7742	F	0	93.1604	48.9769	2.1605234944336944	SQ	status_quo	sq2140__p1:i7742	sq2140__p1:i7742	729	0.209544	0.374004	0.136804	0.006983	1e-05	0.020841	0.251814
status_quo_rep030_2140_W_SK025_i4325	lunarc	status_quo	rep030	2140	W	SK025	1	91.0	49.0	4.0	20	129	4325	F	0	88.7073	50.3302	2.650642437221584	SQ	status_quo	sq2140__p1:i4325	sq2140__p1:i4325	730	0.154283	0.288487	0.164329	0.026297	0.108397	0.258197	1e-05
status_quo_rep030_2140_W_SK025_i3200	lunarc	status_quo	rep030	2140	W	SK025	1	91.0	49.0	4.0	20	129	3200	F	0	88.2952	51.1691	3.4671224163562546	SQ	status_quo	sq2140__p1:i3200	sq2140__p1:i3200	731	0.24864	0.517799	0.08639	0.006283	0.102685	1e-05	0.038193
status_quo_rep030_2140_W_SK025_i14325	lunarc	status_quo	rep030	2140	W	SK025	1	91.0	49.0	4.0	20	129	14325	M	0	90.6533	45.4266	3.5901794453759543	SQ	status_quo	sq2140__p1:i14325	sq2140__p1:i14325	732	0.077874	0.438085	0.019061	0.123308	0.053995	0.192835	0.094843
status_quo_rep030_2140_W_SK025_i3987	lunarc	status_quo	rep030	2140	W	SK025	1	91.0	49.0	4.0	20	129	3987	F	0	91.7206	45.2067	3.861138336035116	SQ	status_quo	sq2140__p1:i3987	sq2140__p1:i3987	733	0.292979	0.300132	0.063212	0.101949	1e-05	0.035155	0.206562
status_quo_rep030_2140_W_SK025_i16460	lunarc	status_quo	rep030	2140	W	SK025	1	91.0	49.0	4.0	20	129	16460	M	0	91.6349	48.9685	0.6356809419826918	SQ	status_quo	sq2140__p1:i16460	sq2140__p1:i16460	734	0.196717	0.54231	0.005344	0.053228	0.197472	0.004918	1e-05
status_quo_rep030_2140_W_SK025_i3518	lunarc	status_quo	rep030	2140	W	SK025	1	91.0	49.0	4.0	20	129	3518	F	0	91.6064	48.1683	1.0292938598864705	SQ	status_quo	sq2140__p1:i3518	sq2140__p1:i3518	735	0.021307	0.201415	0.129178	0.051026	0.032867	0.290897	0.273311
status_quo_rep030_2140_W_SK025_i3534	lunarc	status_quo	rep030	2140	W	SK025	1	91.0	49.0	4.0	20	129	3534	F	0	90.6421	52.7465	3.763556118885433	SQ	status_quo	sq2140__p1:i3534	sq2140__p1:i3534	736	0.040577	0.322123	0.21507	0.122142	0.113621	0.097999	0.088468
status_quo_rep030_2140_W_SK025_i865	lunarc	status_quo	rep030	2140	W	SK025	1	91.0	49.0	4.0	20	129	865	F	0	88.3381	49.2715	2.6757099730725704	SQ	status_quo	sq2140__p1:i865	sq2140__p1:i865	737	0.159331	0.309372	0.156226	0.159753	0.170776	0.044532	1e-05
status_quo_rep030_2140_W_SK025_i14672	lunarc	status_quo	rep030	2140	W	SK025	1	91.0	49.0	4.0	20	129	14672	M	0	93.7065	51.0377	3.387825783596322	SQ	status_quo	sq2140__p1:i14672	sq2140__p1:i14672	738	0.096156	0.384907	0.033386	0.147524	0.085667	0.096409	0.155952
status_quo_rep030_2140_W_SK025_i1208	lunarc	status_quo	rep030	2140	W	SK025	1	91.0	49.0	4.0	20	129	1208	F	0	88.1168	51.3876	3.743457759879228	SQ	status_quo	sq2140__p1:i1208	sq2140__p1:i1208	739	0.066801	0.333033	0.165435	0.147798	0.107809	0.152758	0.026366
status_quo_rep030_2140_W_SK025_i13927	lunarc	status_quo	rep030	2140	W	SK025	1	91.0	49.0	4.0	20	129	13927	M	0	88.5792	48.2656	2.529746232332405	SQ	status_quo	sq2140__p1:i13927	sq2140__p1:i13927	740	0.270114	0.2107	0.065911	0.210709	0.204589	1e-05	0.037968
status_quo_rep030_2140_W_SK026_i7680	lunarc	status_quo	rep030	2140	W	SK026	2	105.0	49.0	4.0	20	110	7680	F	0	107.14	48.7644	2.1529299477688544	SQ	status_quo	sq2140__p1:i7680	sq2140__p1:i7680	741	0.166873	0.401627	0.134714	0.173175	1e-05	0.123589	1e-05
status_quo_rep030_2140_W_SK026_i5602	lunarc	status_quo	rep030	2140	W	SK026	2	105.0	49.0	4.0	20	110	5602	F	0	104.446	46.9876	2.087263701595944	SQ	status_quo	sq2140__p1:i5602	sq2140__p1:i5602	742	0.102082	0.599422	0.024576	0.083936	0.169884	0.02009	1e-05
status_quo_rep030_2140_W_SK026_i1114	lunarc	status_quo	rep030	2140	W	SK026	2	105.0	49.0	4.0	20	110	1114	F	0	102.316	51.96	3.995679666840173	SQ	status_quo	sq2140__p1:i1114	sq2140__p1:i1114	743	0.000595	0.310289	0.051762	0.188184	0.154825	0.154955	0.13939
status_quo_rep030_2140_W_SK026_i9026	lunarc	status_quo	rep030	2140	W	SK026	2	105.0	49.0	4.0	20	110	9026	M	0	106.474	47.5698	2.0538130489409228	SQ	status_quo	sq2140__p1:i9026	sq2140__p1:i9026	744	0.002293	0.508086	1e-05	0.23648	0.046284	0.129979	0.076867
status_quo_rep030_2140_W_SK026_i7279	lunarc	status_quo	rep030	2140	W	SK026	2	105.0	49.0	4.0	20	110	7279	F	0	105.859	47.7817	1.4906830280109815	SQ	status_quo	sq2140__p1:i7279	sq2140__p1:i7279	745	0.081807	0.553454	0.013929	0.225854	0.124937	1e-05	1e-05
status_quo_rep030_2140_W_SK026_i3821	lunarc	status_quo	rep030	2140	W	SK026	2	105.0	49.0	4.0	20	110	3821	F	0	105.465	47.773	1.3121562406969665	SQ	status_quo	sq2140__p1:i3821	sq2140__p1:i3821	746	0.217476	0.395098	0.162251	0.140002	1e-05	0.059581	0.025581
status_quo_rep030_2140_W_SK026_i6398	lunarc	status_quo	rep030	2140	W	SK026	2	105.0	49.0	4.0	20	110	6398	F	0	104.637	47.7233	1.327302486247952	SQ	status_quo	sq2140__p1:i6398	sq2140__p1:i6398	747	0.106924	0.545769	0.161583	0.04376	0.141944	1e-05	1e-05
status_quo_rep030_2140_W_SK026_i285	lunarc	status_quo	rep030	2140	W	SK026	2	105.0	49.0	4.0	20	110	285	F	0	104.123	49.1018	0.8828885773414397	SQ	status_quo	sq2140__p1:i285	sq2140__p1:i285	748	0.247744	0.282317	0.184185	0.009742	0.107677	0.168325	1e-05
status_quo_rep030_2140_W_SK026_i8049	lunarc	status_quo	rep030	2140	W	SK026	2	105.0	49.0	4.0	20	110	8049	F	0	108.924	48.526	3.952524762730785	SQ	status_quo	sq2140__p1:i8049	sq2140__p1:i8049	749	0.120105	0.410971	0.121035	0.038887	0.241378	1e-05	0.067615
status_quo_rep030_2140_W_SK026_i7162	lunarc	status_quo	rep030	2140	W	SK026	2	105.0	49.0	4.0	20	110	7162	F	0	107.907	47.442	3.2981832878116366	SQ	status_quo	sq2140__p1:i7162	sq2140__p1:i7162	750	0.219447	0.496059	0.090364	0.171339	0.02277	1e-05	1e-05
status_quo_rep030_2140_W_SK026_i7013	lunarc	status_quo	rep030	2140	W	SK026	2	105.0	49.0	4.0	20	110	7013	F	0	106.162	46.2981	2.941174528993481	SQ	status_quo	sq2140__p1:i7013	sq2140__p1:i7013	751	1e-05	0.641442	1e-05	1e-05	0.035432	0.154449	0.168647
status_quo_rep030_2140_W_SK026_i8951	lunarc	status_quo	rep030	2140	W	SK026	2	105.0	49.0	4.0	20	110	8951	M	0	106.309	45.8029	3.454696717513708	SQ	status_quo	sq2140__p1:i8951	sq2140__p1:i8951	752	0.066694	0.424407	0.094236	0.067407	0.206454	0.027049	0.113752
status_quo_rep030_2140_W_SK026_i9183	lunarc	status_quo	rep030	2140	W	SK026	2	105.0	49.0	4.0	20	110	9183	M	0	105.476	48.3308	0.8212214317709898	SQ	status_quo	sq2140__p1:i9183	sq2140__p1:i9183	753	0.046908	0.418824	1e-05	0.130603	0.087219	0.138161	0.178275
status_quo_rep030_2140_W_SK026_i6606	lunarc	status_quo	rep030	2140	W	SK026	2	105.0	49.0	4.0	20	110	6606	F	0	102.084	46.929	3.576604115638181	SQ	status_quo	sq2140__p1:i6606	sq2140__p1:i6606	754	0.190971	0.161447	0.094782	0.111805	0.148794	0.068883	0.223318
status_quo_rep030_2140_W_SK026_i10185	lunarc	status_quo	rep030	2140	W	SK026	2	105.0	49.0	4.0	20	110	10185	M	0	104.603	51.8041	2.832063878163767	SQ	status_quo	sq2140__p1:i10185	sq2140__p1:i10185	755	0.057393	0.598799	0.102645	0.107909	1e-05	0.133233	1e-05
status_quo_rep030_2140_W_SK026_i12778	lunarc	status_quo	rep030	2140	W	SK026	2	105.0	49.0	4.0	20	110	12778	M	0	108.012	47.0671	3.5788610492725184	SQ	status_quo	sq2140__p1:i12778	sq2140__p1:i12778	756	0.119565	0.373564	0.099365	0.147598	0.213301	0.046596	1e-05
status_quo_rep030_2140_W_SK026_i1352	lunarc	status_quo	rep030	2140	W	SK026	2	105.0	49.0	4.0	20	110	1352	F	0	105.765	46.0803	3.018256630904668	SQ	status_quo	sq2140__p1:i1352	sq2140__p1:i1352	757	0.452662	0.179279	0.040829	0.083625	0.051931	0.191664	1e-05
status_quo_rep030_2140_W_SK026_i3939	lunarc	status_quo	rep030	2140	W	SK026	2	105.0	49.0	4.0	20	110	3939	F	0	107.06	46.7562	3.0460200984235164	SQ	status_quo	sq2140__p1:i3939	sq2140__p1:i3939	758	0.019291	0.660067	0.003627	0.002748	0.093706	0.139524	0.081037
status_quo_rep030_2140_W_SK026_i10736	lunarc	status_quo	rep030	2140	W	SK026	2	105.0	49.0	4.0	20	110	10736	M	0	106.572	47.5551	2.135162759604054	SQ	status_quo	sq2140__p1:i10736	sq2140__p1:i10736	759	0.061498	0.511148	0.021214	1e-05	0.217736	0.056156	0.132238
status_quo_rep030_2140_W_SK026_i10732	lunarc	status_quo	rep030	2140	W	SK026	2	105.0	49.0	4.0	20	110	10732	M	0	102.798	51.1565	3.082092836045014	SQ	status_quo	sq2140__p1:i10732	sq2140__p1:i10732	760	0.053366	0.421371	0.120676	0.05631	0.165729	0.146654	0.035895
status_quo_rep030_2140_W_SK034_i16881	lunarc	status_quo	rep030	2140	W	SK034	3	91.0	63.0	4.0	20	170	16881	M	0	89.5602	61.5336	2.0550798038032525	SQ	status_quo	sq2140__p1:i16881	sq2140__p1:i16881	761	1e-05	0.398849	0.22376	1e-05	0.014572	0.36279	1e-05
status_quo_rep030_2140_W_SK034_i17314	lunarc	status_quo	rep030	2140	W	SK034	3	91.0	63.0	4.0	20	170	17314	M	0	93.8991	62.8638	2.902297581227677	SQ	status_quo	sq2140__p1:i17314	sq2140__p1:i17314	762	0.036764	0.374241	0.053122	0.195282	0.151191	0.113891	0.075508
status_quo_rep030_2140_W_SK034_i739	lunarc	status_quo	rep030	2140	W	SK034	3	91.0	63.0	4.0	20	170	739	F	0	93.8347	62.4405	2.889388229366208	SQ	status_quo	sq2140__p1:i739	sq2140__p1:i739	763	0.357797	0.405339	1e-05	0.097728	0.025075	0.050207	0.063844
status_quo_rep030_2140_W_SK034_i11735	lunarc	status_quo	rep030	2140	W	SK034	3	91.0	63.0	4.0	20	170	11735	M	0	90.8418	59.2307	3.772618418287225	SQ	status_quo	sq2140__p1:i11735	sq2140__p1:i11735	764	0.112255	0.330419	0.067644	0.210462	0.135242	1e-05	0.143968
status_quo_rep030_2140_W_SK034_i9480	lunarc	status_quo	rep030	2140	W	SK034	3	91.0	63.0	4.0	20	170	9480	M	0	91.6814	62.9075	0.6876497727768078	SQ	status_quo	sq2140__p1:i9480	sq2140__p1:i9480	765	0.151229	0.330124	0.225251	0.127411	0.018294	0.147681	1e-05
status_quo_rep030_2140_W_SK034_i13836	lunarc	status_quo	rep030	2140	W	SK034	3	91.0	63.0	4.0	20	170	13836	M	0	91.2318	62.1913	0.8412650771308684	SQ	status_quo	sq2140__p1:i13836	sq2140__p1:i13836	766	0.138118	0.376544	0.166398	1e-05	1e-05	0.318909	1e-05
status_quo_rep030_2140_W_SK034_i6937	lunarc	status_quo	rep030	2140	W	SK034	3	91.0	63.0	4.0	20	170	6937	F	0	93.3463	65.5419	3.459245481315252	SQ	status_quo	sq2140__p1:i6937	sq2140__p1:i6937	767	0.053736	0.295923	0.097104	0.116429	0.121765	0.087639	0.227403
status_quo_rep030_2140_W_SK034_i5411	lunarc	status_quo	rep030	2140	W	SK034	3	91.0	63.0	4.0	20	170	5411	F	0	90.8581	60.0295	2.973887331423302	SQ	status_quo	sq2140__p1:i5411	sq2140__p1:i5411	768	0.106866	0.266663	0.164093	0.206234	0.159162	0.091786	0.005197
status_quo_rep030_2140_W_SK034_i13607	lunarc	status_quo	rep030	2140	W	SK034	3	91.0	63.0	4.0	20	170	13607	M	0	93.529	65.0726	3.269787723996767	SQ	status_quo	sq2140__p1:i13607	sq2140__p1:i13607	769	0.193998	0.337974	0.025213	0.146347	0.079846	0.190904	0.025718
status_quo_rep030_2140_W_SK034_i12820	lunarc	status_quo	rep030	2140	W	SK034	3	91.0	63.0	4.0	20	170	12820	M	0	90.9812	64.22	1.2201448438607596	SQ	status_quo	sq2140__p1:i12820	sq2140__p1:i12820	770	0.177255	0.37269	0.095738	0.082272	0.035773	0.161663	0.074609
status_quo_rep030_2140_W_SK034_i4787	lunarc	status_quo	rep030	2140	W	SK034	3	91.0	63.0	4.0	20	170	4787	F	0	89.7148	66.545	3.770777643935004	SQ	status_quo	sq2140__p1:i4787	sq2140__p1:i4787	771	0.250964	0.163301	0.086568	0.100147	0.073001	0.088448	0.237571
status_quo_rep030_2140_W_SK034_i4144	lunarc	status_quo	rep030	2140	W	SK034	3	91.0	63.0	4.0	20	170	4144	F	0	87.5121	62.8993	3.48935336416362	SQ	status_quo	sq2140__p1:i4144	sq2140__p1:i4144	772	0.033313	0.333984	0.202147	0.198703	0.167884	1e-05	0.063959
status_quo_rep030_2140_W_SK034_i6157	lunarc	status_quo	rep030	2140	W	SK034	3	91.0	63.0	4.0	20	170	6157	F	0	92.2441	65.3617	2.6693466803695625	SQ	status_quo	sq2140__p1:i6157	sq2140__p1:i6157	773	0.103381	0.355527	0.014625	1e-05	0.072571	0.178524	0.275363
status_quo_rep030_2140_W_SK034_i10340	lunarc	status_quo	rep030	2140	W	SK034	3	91.0	63.0	4.0	20	170	10340	M	0	93.137	59.9852	3.695373870124647	SQ	status_quo	sq2140__p1:i10340	sq2140__p1:i10340	774	0.18215	0.436534	0.11438	1e-05	1e-05	0.266906	1e-05
status_quo_rep030_2140_W_SK034_i1096	lunarc	status_quo	rep030	2140	W	SK034	3	91.0	63.0	4.0	20	170	1096	F	0	90.3493	60.0708	3.0006037942387547	SQ	status_quo	sq2140__p1:i1096	sq2140__p1:i1096	775	0.300076	0.414307	0.104636	0.021071	0.009373	0.051192	0.099345
status_quo_rep030_2140_W_SK034_i15249	lunarc	status_quo	rep030	2140	W	SK034	3	91.0	63.0	4.0	20	170	15249	M	0	90.3982	62.6202	0.7116258005440773	SQ	status_quo	sq2140__p1:i15249	sq2140__p1:i15249	776	0.162303	0.417112	0.071987	0.014756	0.059575	0.117725	0.156542
status_quo_rep030_2140_W_SK034_i8575	lunarc	status_quo	rep030	2140	W	SK034	3	91.0	63.0	4.0	20	170	8575	F	0	91.7698	66.4029	3.48888527326423	SQ	status_quo	sq2140__p1:i8575	sq2140__p1:i8575	777	0.183607	0.136363	0.023876	1e-05	0.06002	1e-05	0.596113
status_quo_rep030_2140_W_SK034_i1095	lunarc	status_quo	rep030	2140	W	SK034	3	91.0	63.0	4.0	20	170	1095	F	0	89.4723	59.9019	3.454285874099016	SQ	status_quo	sq2140__p1:i1095	sq2140__p1:i1095	778	0.281264	0.518744	0.073634	0.026104	1e-05	0.100234	1e-05
status_quo_rep030_2140_W_SK034_i11248	lunarc	status_quo	rep030	2140	W	SK034	3	91.0	63.0	4.0	20	170	11248	M	0	93.7978	63.0668	2.7985973415266394	SQ	status_quo	sq2140__p1:i11248	sq2140__p1:i11248	779	0.12941	0.420109	0.063534	0.081906	0.040195	0.203079	0.061766
status_quo_rep030_2140_W_SK034_i5355	lunarc	status_quo	rep030	2140	W	SK034	3	91.0	63.0	4.0	20	170	5355	F	0	88.0461	65.4557	3.8413523269806937	SQ	status_quo	sq2140__p1:i5355	sq2140__p1:i5355	780	0.046147	0.534542	0.137957	0.102577	0.047056	1e-05	0.131709
status_quo_rep030_2140_E_SK037_i9504	lunarc	status_quo	rep030	2140	E	SK037	1	133.0	63.0	4.0	20	107	9504	M	0	132.509	66.9633	3.993598363631481	SQ	status_quo	sq2140__p1:i9504	sq2140__p1:i9504	781	1e-05	0.381994	0.166828	1e-05	0.080699	0.091504	0.278955
status_quo_rep030_2140_E_SK037_i5527	lunarc	status_quo	rep030	2140	E	SK037	1	133.0	63.0	4.0	20	107	5527	F	0	131.523	64.9981	2.4847399481635875	SQ	status_quo	sq2140__p1:i5527	sq2140__p1:i5527	782	0.232277	0.276291	0.136894	0.132466	0.222052	1e-05	1e-05
status_quo_rep030_2140_E_SK037_i7372	lunarc	status_quo	rep030	2140	E	SK037	1	133.0	63.0	4.0	20	107	7372	F	0	130.773	60.4215	3.40707957787898	SQ	status_quo	sq2140__p1:i7372	sq2140__p1:i7372	783	0.054652	0.53539	1e-05	0.075294	0.09072	0.16383	0.080104
status_quo_rep030_2140_E_SK037_i7030	lunarc	status_quo	rep030	2140	E	SK037	1	133.0	63.0	4.0	20	107	7030	F	0	135.963	61.646	3.257711620140733	SQ	status_quo	sq2140__p1:i7030	sq2140__p1:i7030	784	0.211592	0.453847	0.047466	0.027643	1e-05	0.061208	0.198235
status_quo_rep030_2140_E_SK037_i200	lunarc	status_quo	rep030	2140	E	SK037	1	133.0	63.0	4.0	20	107	200	F	0	129.439	63.8677	3.6651908940736018	SQ	status_quo	sq2140__p1:i200	sq2140__p1:i200	785	0.085235	0.54926	0.034448	0.156151	0.08815	0.086746	1e-05
status_quo_rep030_2140_E_SK037_i12639	lunarc	status_quo	rep030	2140	E	SK037	1	133.0	63.0	4.0	20	107	12639	M	0	131.552	66.0907	3.4130822565534533	SQ	status_quo	sq2140__p1:i12639	sq2140__p1:i12639	786	1e-05	0.674803	0.027816	1e-05	0.039962	0.249844	0.007555
status_quo_rep030_2140_E_SK037_i2858	lunarc	status_quo	rep030	2140	E	SK037	1	133.0	63.0	4.0	20	107	2858	F	0	130.868	62.5618	2.1765668471241635	SQ	status_quo	sq2140__p1:i2858	sq2140__p1:i2858	787	1e-05	0.765151	0.057188	0.056363	0.040375	1e-05	0.080904
status_quo_rep030_2140_E_SK037_i3966	lunarc	status_quo	rep030	2140	E	SK037	1	133.0	63.0	4.0	20	107	3966	F	0	130.185	63.6879	2.897832191483832	SQ	status_quo	sq2140__p1:i3966	sq2140__p1:i3966	788	1e-05	0.687276	0.016412	1e-05	4e-05	0.296243	1e-05
status_quo_rep030_2140_E_SK037_i10666	lunarc	status_quo	rep030	2140	E	SK037	1	133.0	63.0	4.0	20	107	10666	M	0	136.317	64.0658	3.4840233409091907	SQ	status_quo	sq2140__p1:i10666	sq2140__p1:i10666	789	0.233961	0.303595	1e-05	1e-05	0.120091	0.121328	0.221005
status_quo_rep030_2140_E_SK037_i16315	lunarc	status_quo	rep030	2140	E	SK037	1	133.0	63.0	4.0	20	107	16315	M	0	130.444	60.5706	3.526346602363424	SQ	status_quo	sq2140__p1:i16315	sq2140__p1:i16315	790	0.042021	0.383509	0.077141	0.002573	0.186518	0.175928	0.13231
status_quo_rep030_2140_E_SK037_i580	lunarc	status_quo	rep030	2140	E	SK037	1	133.0	63.0	4.0	20	107	580	F	0	135.522	63.755	2.632585990998197	SQ	status_quo	sq2140__p1:i580	sq2140__p1:i580	791	0.245827	0.55397	0.092012	0.078743	0.029428	1e-05	1e-05
status_quo_rep030_2140_E_SK037_i12570	lunarc	status_quo	rep030	2140	E	SK037	1	133.0	63.0	4.0	20	107	12570	M	0	131.816	61.2662	2.099504331979337	SQ	status_quo	sq2140__p1:i12570	sq2140__p1:i12570	792	0.222167	0.591223	1e-05	0.174668	1e-05	1e-05	0.011912
status_quo_rep030_2140_E_SK037_i3548	lunarc	status_quo	rep030	2140	E	SK037	1	133.0	63.0	4.0	20	107	3548	F	0	136.614	64.0308	3.7581304713913313	SQ	status_quo	sq2140__p1:i3548	sq2140__p1:i3548	793	0.196588	0.539266	0.031867	0.079814	0.094328	1e-05	0.058126
status_quo_rep030_2140_E_SK037_i8441	lunarc	status_quo	rep030	2140	E	SK037	1	133.0	63.0	4.0	20	107	8441	F	0	130.755	62.4837	2.3036038483211523	SQ	status_quo	sq2140__p1:i8441	sq2140__p1:i8441	794	0.141659	0.525839	0.063439	0.044651	0.151651	1e-05	0.072752
status_quo_rep030_2140_E_SK037_i12436	lunarc	status_quo	rep030	2140	E	SK037	1	133.0	63.0	4.0	20	107	12436	M	0	135.633	65.9608	3.962199596183929	SQ	status_quo	sq2140__p1:i12436	sq2140__p1:i12436	795	0.175223	0.543622	1e-05	0.03434	0.096301	0.083694	0.06681
status_quo_rep030_2140_E_SK037_i3965	lunarc	status_quo	rep030	2140	E	SK037	1	133.0	63.0	4.0	20	107	3965	F	0	132.331	65.7689	2.848573012931216	SQ	status_quo	sq2140__p1:i3965	sq2140__p1:i3965	796	1e-05	0.777186	0.052559	1e-05	1e-05	0.170215	1e-05
status_quo_rep030_2140_E_SK037_i3347	lunarc	status_quo	rep030	2140	E	SK037	1	133.0	63.0	4.0	20	107	3347	F	0	133.243	60.8089	2.204533558374649	SQ	status_quo	sq2140__p1:i3347	sq2140__p1:i3347	797	0.038656	0.333111	0.114901	1e-05	0.300484	0.134166	0.078672
status_quo_rep030_2140_E_SK037_i2514	lunarc	status_quo	rep030	2140	E	SK037	1	133.0	63.0	4.0	20	107	2514	F	0	131.312	60.4658	3.044916031682968	SQ	status_quo	sq2140__p1:i2514	sq2140__p1:i2514	798	0.110014	0.56762	0.066925	0.150186	1e-05	0.105235	1e-05
status_quo_rep030_2140_E_SK037_i7721	lunarc	status_quo	rep030	2140	E	SK037	1	133.0	63.0	4.0	20	107	7721	F	0	131.059	62.4121	2.028079734625837	SQ	status_quo	sq2140__p1:i7721	sq2140__p1:i7721	799	0.051282	0.41903	1e-05	0.374669	0.075343	1e-05	0.079657
status_quo_rep030_2140_E_SK037_i17318	lunarc	status_quo	rep030	2140	E	SK037	1	133.0	63.0	4.0	20	107	17318	M	0	132.272	62.9587	0.7291705493230047	SQ	status_quo	sq2140__p1:i17318	sq2140__p1:i17318	800	0.265361	0.517312	0.114269	0.068398	0.03464	1e-05	1e-05
status_quo_rep030_2140_E_SK045_i3431	lunarc	status_quo	rep030	2140	E	SK045	2	119.0	77.0	4.0	20	69	3431	F	0	122.24	78.6047	3.61561365330976	SQ	status_quo	sq2140__p1:i3431	sq2140__p1:i3431	801	0.127756	0.492443	0.012305	1e-05	1e-05	0.330643	0.036833
status_quo_rep030_2140_E_SK045_i2156	lunarc	status_quo	rep030	2140	E	SK045	2	119.0	77.0	4.0	20	69	2156	F	0	117.657	77.807	1.5668114117531864	SQ	status_quo	sq2140__p1:i2156	sq2140__p1:i2156	802	0.126344	0.317796	1e-05	1e-05	0.316036	0.179008	0.060795
status_quo_rep030_2140_E_SK045_i528	lunarc	status_quo	rep030	2140	E	SK045	2	119.0	77.0	4.0	20	69	528	F	0	118.86	77.6469	0.6618758267228099	SQ	status_quo	sq2140__p1:i528	sq2140__p1:i528	803	1e-05	0.792699	0.201836	1e-05	1e-05	1e-05	0.005425
status_quo_rep030_2140_E_SK045_i15721	lunarc	status_quo	rep030	2140	E	SK045	2	119.0	77.0	4.0	20	69	15721	M	0	120.472	80.3241	3.635440112283517	SQ	status_quo	sq2140__p1:i15721	sq2140__p1:i15721	804	0.246393	0.261007	0.116125	0.129236	1e-05	0.114955	0.132276
status_quo_rep030_2140_E_SK045_i5111	lunarc	status_quo	rep030	2140	E	SK045	2	119.0	77.0	4.0	20	69	5111	F	0	118.512	79.5982	2.6436314493514463	SQ	status_quo	sq2140__p1:i5111	sq2140__p1:i5111	805	1e-05	0.750835	1e-05	0.113708	0.065829	1e-05	0.069598
status_quo_rep030_2140_E_SK045_i3474	lunarc	status_quo	rep030	2140	E	SK045	2	119.0	77.0	4.0	20	69	3474	F	0	118.532	80.4139	3.445828958320478	SQ	status_quo	sq2140__p1:i3474	sq2140__p1:i3474	806	0.027676	0.379521	0.41476	1e-05	0.027874	0.039214	0.110945
status_quo_rep030_2140_E_SK045_i16908	lunarc	status_quo	rep030	2140	E	SK045	2	119.0	77.0	4.0	20	69	16908	M	0	121.517	79.9986	3.9149573382094416	SQ	status_quo	sq2140__p1:i16908	sq2140__p1:i16908	807	0.028087	0.532161	0.012652	1e-05	0.249702	0.020411	0.156978
status_quo_rep030_2140_E_SK045_i7712	lunarc	status_quo	rep030	2140	E	SK045	2	119.0	77.0	4.0	20	69	7712	F	0	117.875	78.6556	2.0016584024253548	SQ	status_quo	sq2140__p1:i7712	sq2140__p1:i7712	808	0.124713	0.223118	0.088811	0.106663	1e-05	0.182628	0.274056
status_quo_rep030_2140_E_SK045_i8260	lunarc	status_quo	rep030	2140	E	SK045	2	119.0	77.0	4.0	20	69	8260	F	0	122.196	75.7066	3.4477963338921285	SQ	status_quo	sq2140__p1:i8260	sq2140__p1:i8260	809	1e-05	0.463618	0.064666	1e-05	0.175723	0.159594	0.136379
status_quo_rep030_2140_E_SK045_i16639	lunarc	status_quo	rep030	2140	E	SK045	2	119.0	77.0	4.0	20	69	16639	M	0	117.669	75.57	1.953576463822194	SQ	status_quo	sq2140__p1:i16639	sq2140__p1:i16639	810	0.076143	0.466889	1e-05	1e-05	0.281941	0.174997	1e-05
status_quo_rep030_2140_E_SK045_i3944	lunarc	status_quo	rep030	2140	E	SK045	2	119.0	77.0	4.0	20	69	3944	F	0	118.382	75.34	1.771305733068118	SQ	status_quo	sq2140__p1:i3944	sq2140__p1:i3944	811	0.112233	0.539343	0.032836	0.10459	0.127461	1e-05	0.083526
status_quo_rep030_2140_E_SK045_i12134	lunarc	status_quo	rep030	2140	E	SK045	2	119.0	77.0	4.0	20	69	12134	M	0	119.388	77.7015	0.8016522001466709	SQ	status_quo	sq2140__p1:i12134	sq2140__p1:i12134	812	0.145799	0.554539	0.035891	1e-05	1e-05	0.263742	1e-05
status_quo_rep030_2140_E_SK045_i12168	lunarc	status_quo	rep030	2140	E	SK045	2	119.0	77.0	4.0	20	69	12168	M	0	118.467	80.9109	3.9470530538618287	SQ	status_quo	sq2140__p1:i12168	sq2140__p1:i12168	813	1e-05	0.493742	0.47256	1e-05	1e-05	1e-05	0.033658
status_quo_rep030_2140_E_SK045_i11641	lunarc	status_quo	rep030	2140	E	SK045	2	119.0	77.0	4.0	20	69	11641	M	0	115.314	76.0576	3.8045648581671023	SQ	status_quo	sq2140__p1:i11641	sq2140__p1:i11641	814	0.118687	0.644342	1e-05	0.138165	0.098775	1e-05	1e-05
status_quo_rep030_2140_E_SK045_i1275	lunarc	status_quo	rep030	2140	E	SK045	2	119.0	77.0	4.0	20	69	1275	F	0	117.049	76.4738	2.0207145864767684	SQ	status_quo	sq2140__p1:i1275	sq2140__p1:i1275	815	0.021076	0.55715	0.089234	1e-05	0.092367	1e-05	0.240154
status_quo_rep030_2140_E_SK045_i14683	lunarc	status_quo	rep030	2140	E	SK045	2	119.0	77.0	4.0	20	69	14683	M	0	117.973	76.1014	1.364628506224315	SQ	status_quo	sq2140__p1:i14683	sq2140__p1:i14683	816	0.352286	0.321409	0.011298	0.129534	0.020493	0.074116	0.090864
status_quo_rep030_2140_E_SK045_i8934	lunarc	status_quo	rep030	2140	E	SK045	2	119.0	77.0	4.0	20	69	8934	M	0	121.706	75.4415	3.1227164856899834	SQ	status_quo	sq2140__p1:i8934	sq2140__p1:i8934	817	0.128826	0.5992	1e-05	0.084737	1e-05	0.101824	0.085393
status_quo_rep030_2140_E_SK045_i9754	lunarc	status_quo	rep030	2140	E	SK045	2	119.0	77.0	4.0	20	69	9754	M	0	118.554	74.3002	2.736391061233752	SQ	status_quo	sq2140__p1:i9754	sq2140__p1:i9754	818	0.093881	0.608928	0.10532	0.164449	1e-05	1e-05	0.027403
status_quo_rep030_2140_E_SK045_i12135	lunarc	status_quo	rep030	2140	E	SK045	2	119.0	77.0	4.0	20	69	12135	M	0	120.883	78.6088	2.4766764907835643	SQ	status_quo	sq2140__p1:i12135	sq2140__p1:i12135	819	0.118895	0.56969	0.075719	1e-05	1e-05	0.235666	1e-05
status_quo_rep030_2140_E_SK045_i8110	lunarc	status_quo	rep030	2140	E	SK045	2	119.0	77.0	4.0	20	69	8110	F	0	120.996	79.7575	3.4040890484827133	SQ	status_quo	sq2140__p1:i8110	sq2140__p1:i8110	820	0.1683	0.467094	1e-05	0.100278	0.248123	1e-05	0.016185
status_quo_rep030_2140_E_SK046_i14236	lunarc	status_quo	rep030	2140	E	SK046	3	133.0	77.0	4.0	20	145	14236	M	0	136.856	76.4162	3.899943389332716	SQ	status_quo	sq2140__p1:i14236	sq2140__p1:i14236	821	0.092549	0.51388	1e-05	1e-05	0.140546	1e-05	0.252995
status_quo_rep030_2140_E_SK046_i16431	lunarc	status_quo	rep030	2140	E	SK046	3	133.0	77.0	4.0	20	145	16431	M	0	131.455	75.4893	2.1608423103040075	SQ	status_quo	sq2140__p1:i16431	sq2140__p1:i16431	822	0.341964	0.400561	0.080877	1e-05	0.136296	0.040281	1e-05
status_quo_rep030_2140_E_SK046_i8614	lunarc	status_quo	rep030	2140	E	SK046	3	133.0	77.0	4.0	20	145	8614	F	0	130.677	77.0407	2.323356513753332	SQ	status_quo	sq2140__p1:i8614	sq2140__p1:i8614	823	0.016764	0.708605	1e-05	0.157904	0.016569	1e-05	0.100138
status_quo_rep030_2140_E_SK046_i16282	lunarc	status_quo	rep030	2140	E	SK046	3	133.0	77.0	4.0	20	145	16282	M	0	132.312	80.0705	3.1466353856142844	SQ	status_quo	sq2140__p1:i16282	sq2140__p1:i16282	824	1e-05	0.820872	0.001388	1e-05	1e-05	0.177701	1e-05
status_quo_rep030_2140_E_SK046_i15323	lunarc	status_quo	rep030	2140	E	SK046	3	133.0	77.0	4.0	20	145	15323	M	0	131.543	77.2586	1.4797712525927722	SQ	status_quo	sq2140__p1:i15323	sq2140__p1:i15323	825	0.22908	0.676546	1e-05	7.6e-05	1e-05	0.051019	0.043259
status_quo_rep030_2140_E_SK046_i17367	lunarc	status_quo	rep030	2140	E	SK046	3	133.0	77.0	4.0	20	145	17367	M	0	131.665	78.1511	1.7627411069127594	SQ	status_quo	sq2140__p1:i17367	sq2140__p1:i17367	826	0.016764	0.708605	1e-05	0.157904	0.016569	1e-05	0.100138
status_quo_rep030_2140_E_SK046_i14971	lunarc	status_quo	rep030	2140	E	SK046	3	133.0	77.0	4.0	20	145	14971	M	0	136.016	76.3637	3.082390904801004	SQ	status_quo	sq2140__p1:i14971	sq2140__p1:i14971	827	0.118709	0.326083	0.204261	0.062541	1e-05	0.170029	0.118366
status_quo_rep030_2140_E_SK046_i14429	lunarc	status_quo	rep030	2140	E	SK046	3	133.0	77.0	4.0	20	145	14429	M	0	133.822	80.5346	3.628922864983491	SQ	status_quo	sq2140__p1:i14429	sq2140__p1:i14429	828	0.094657	0.748263	1e-05	1e-05	1e-05	0.15704	1e-05
status_quo_rep030_2140_E_SK046_i3171	lunarc	status_quo	rep030	2140	E	SK046	3	133.0	77.0	4.0	20	145	3171	F	0	132.674	74.8593	2.1653804492513493	SQ	status_quo	sq2140__p1:i3171	sq2140__p1:i3171	829	1e-05	0.554885	0.17062	1e-05	0.078192	1e-05	0.196272
status_quo_rep030_2140_E_SK046_i13918	lunarc	status_quo	rep030	2140	E	SK046	3	133.0	77.0	4.0	20	145	13918	M	0	130.686	74.4126	3.471200766305513	SQ	status_quo	sq2140__p1:i13918	sq2140__p1:i13918	830	1e-05	0.808126	0.093228	1e-05	0.098606	1e-05	1e-05
status_quo_rep030_2140_E_SK046_i8602	lunarc	status_quo	rep030	2140	E	SK046	3	133.0	77.0	4.0	20	145	8602	F	0	130.2	79.1443	3.526758070806682	SQ	status_quo	sq2140__p1:i8602	sq2140__p1:i8602	831	0.198208	0.59031	0.124573	1e-05	1e-05	0.007463	0.079426
status_quo_rep030_2140_E_SK046_i6540	lunarc	status_quo	rep030	2140	E	SK046	3	133.0	77.0	4.0	20	145	6540	F	0	134.042	75.4483	1.8691005564174423	SQ	status_quo	sq2140__p1:i6540	sq2140__p1:i6540	832	0.237088	0.727617	1e-05	1e-05	1e-05	0.035255	1e-05
status_quo_rep030_2140_E_SK046_i15525	lunarc	status_quo	rep030	2140	E	SK046	3	133.0	77.0	4.0	20	145	15525	M	0	131.192	79.9785	3.484297095541647	SQ	status_quo	sq2140__p1:i15525	sq2140__p1:i15525	833	0.124972	0.539064	0.10555	0.060762	1e-05	0.169632	1e-05
status_quo_rep030_2140_E_SK046_i11663	lunarc	status_quo	rep030	2140	E	SK046	3	133.0	77.0	4.0	20	145	11663	M	0	134.993	73.5378	3.994856422951888	SQ	status_quo	sq2140__p1:i11663	sq2140__p1:i11663	834	0.12757	0.539274	0.208309	1e-05	0.124818	1e-05	1e-05
status_quo_rep030_2140_E_SK046_i17346	lunarc	status_quo	rep030	2140	E	SK046	3	133.0	77.0	4.0	20	145	17346	M	0	132.005	73.2873	3.843717769295763	SQ	status_quo	sq2140__p1:i17346	sq2140__p1:i17346	835	0.103082	0.515148	0.039354	0.063268	0.162818	0.006703	0.109627
status_quo_rep030_2140_E_SK046_i3422	lunarc	status_quo	rep030	2140	E	SK046	3	133.0	77.0	4.0	20	145	3422	F	0	130.602	78.3035	2.729380195209158	SQ	status_quo	sq2140__p1:i3422	sq2140__p1:i3422	836	0.068742	0.752579	0.059783	1e-05	1e-05	0.05251	0.066366
status_quo_rep030_2140_E_SK046_i16382	lunarc	status_quo	rep030	2140	E	SK046	3	133.0	77.0	4.0	20	145	16382	M	0	130.541	79.5934	3.5738501031800465	SQ	status_quo	sq2140__p1:i16382	sq2140__p1:i16382	837	0.121582	0.706778	0.1716	1e-05	1e-05	1e-05	1e-05
status_quo_rep030_2140_E_SK046_i8366	lunarc	status_quo	rep030	2140	E	SK046	3	133.0	77.0	4.0	20	145	8366	F	0	136.544	76.3813	3.5975999902713034	SQ	status_quo	sq2140__p1:i8366	sq2140__p1:i8366	838	0.197345	0.596682	1e-05	0.004692	1e-05	0.201251	1e-05
status_quo_rep030_2140_E_SK046_i1998	lunarc	status_quo	rep030	2140	E	SK046	3	133.0	77.0	4.0	20	145	1998	F	0	134.86	77.839	2.040470779011561	SQ	status_quo	sq2140__p1:i1998	sq2140__p1:i1998	839	0.027671	0.671652	0.114537	1e-05	1e-05	0.183433	0.002686
status_quo_rep030_2140_E_SK046_i9960	lunarc	status_quo	rep030	2140	E	SK046	3	133.0	77.0	4.0	20	145	9960	M	0	132.97	77.0137	0.032980145542433	SQ	status_quo	sq2140__p1:i9960	sq2140__p1:i9960	840	0.028448	0.737822	0.043466	0.043224	0.147019	1e-05	1e-05
status_quo_rep030_2140_SE_SK008_i15223	lunarc	status_quo	rep030	2140	SE	SK008	1	133.0	21.0	4.0	20	47	15223	M	0	135.187	22.979	2.9494762246880457	SQ	status_quo	sq2140__p1:i15223	sq2140__p1:i15223	841	0.113036	0.586586	0.068894	0.053687	0.078861	0.098926	1e-05
status_quo_rep030_2140_SE_SK008_i708	lunarc	status_quo	rep030	2140	SE	SK008	1	133.0	21.0	4.0	20	47	708	F	0	131.078	24.0406	3.5971283491140538	SQ	status_quo	sq2140__p1:i708	sq2140__p1:i708	842	1e-05	0.268089	0.029301	0.022787	0.167084	0.392186	0.120544
status_quo_rep030_2140_SE_SK008_i11968	lunarc	status_quo	rep030	2140	SE	SK008	1	133.0	21.0	4.0	20	47	11968	M	0	133.207	23.7789	2.78659904004864	SQ	status_quo	sq2140__p1:i11968	sq2140__p1:i11968	843	1e-05	0.440523	0.023047	0.095753	0.068034	0.207116	0.165517
status_quo_rep030_2140_SE_SK008_i803	lunarc	status_quo	rep030	2140	SE	SK008	1	133.0	21.0	4.0	20	47	803	F	0	133.358	23.995	3.0163204405367825	SQ	status_quo	sq2140__p1:i803	sq2140__p1:i803	844	0.107645	0.533278	0.026224	0.210155	1e-05	0.122677	1e-05
status_quo_rep030_2140_SE_SK008_i9792	lunarc	status_quo	rep030	2140	SE	SK008	1	133.0	21.0	4.0	20	47	9792	M	0	131.818	24.203	3.414137226298904	SQ	status_quo	sq2140__p1:i9792	sq2140__p1:i9792	845	1e-05	0.447743	1e-05	0.02723	0.161718	0.256656	0.106633
status_quo_rep030_2140_SE_SK008_i627	lunarc	status_quo	rep030	2140	SE	SK008	1	133.0	21.0	4.0	20	47	627	F	0	135.096	22.338	2.486656389612368	SQ	status_quo	sq2140__p1:i627	sq2140__p1:i627	846	0.125432	0.874518	1e-05	1e-05	1e-05	1e-05	1e-05
status_quo_rep030_2140_SE_SK008_i319	lunarc	status_quo	rep030	2140	SE	SK008	1	133.0	21.0	4.0	20	47	319	F	0	133.526	24.9167	3.9518622053406673	SQ	status_quo	sq2140__p1:i319	sq2140__p1:i319	847	1e-05	0.742161	0.083638	0.02551	1e-05	0.148662	1e-05
status_quo_rep030_2140_SE_SK008_i10946	lunarc	status_quo	rep030	2140	SE	SK008	1	133.0	21.0	4.0	20	47	10946	M	0	136.492	22.1184	3.666726409210256	SQ	status_quo	sq2140__p1:i10946	sq2140__p1:i10946	848	1e-05	0.862075	0.042892	1e-05	1e-05	0.094993	1e-05
status_quo_rep030_2140_SE_SK008_i15432	lunarc	status_quo	rep030	2140	SE	SK008	1	133.0	21.0	4.0	20	47	15432	M	0	136.046	21.2477	3.0560548571647	SQ	status_quo	sq2140__p1:i15432	sq2140__p1:i15432	849	1e-05	0.684458	1e-05	0.152146	1e-05	1e-05	0.163356
status_quo_rep030_2140_SE_SK008_i16814	lunarc	status_quo	rep030	2140	SE	SK008	1	133.0	21.0	4.0	20	47	16814	M	0	131.757	22.6147	2.037720562295033	SQ	status_quo	sq2140__p1:i16814	sq2140__p1:i16814	850	0.217498	0.716398	0.050567	1e-05	1e-05	0.015507	1e-05
status_quo_rep030_2140_SE_SK008_i13807	lunarc	status_quo	rep030	2140	SE	SK008	1	133.0	21.0	4.0	20	47	13807	M	0	132.496	24.706	3.7401139020088654	SQ	status_quo	sq2140__p1:i13807	sq2140__p1:i13807	851	0.074277	0.407487	0.081355	1e-05	0.079186	0.252042	0.105643
status_quo_rep030_2140_SE_SK008_i320	lunarc	status_quo	rep030	2140	SE	SK008	1	133.0	21.0	4.0	20	47	320	F	0	133.629	23.4297	2.5097974201118283	SQ	status_quo	sq2140__p1:i320	sq2140__p1:i320	852	1e-05	0.807152	0.146122	1e-05	1e-05	0.046686	1e-05
status_quo_rep030_2140_SE_SK008_i2988	lunarc	status_quo	rep030	2140	SE	SK008	1	133.0	21.0	4.0	20	47	2988	F	0	131.742	23.0418	2.398230856277189	SQ	status_quo	sq2140__p1:i2988	sq2140__p1:i2988	853	0.171997	0.490185	0.098649	0.119618	0.047384	1e-05	0.072158
status_quo_rep030_2140_SE_SK008_i2848	lunarc	status_quo	rep030	2140	SE	SK008	1	133.0	21.0	4.0	20	47	2848	F	0	133.458	24.7235	3.751561841420185	SQ	status_quo	sq2140__p1:i2848	sq2140__p1:i2848	854	0.133764	0.690198	1e-05	0.11504	1e-05	0.002683	0.058296
status_quo_rep030_2140_SE_SK008_i182	lunarc	status_quo	rep030	2140	SE	SK008	1	133.0	21.0	4.0	20	47	182	F	0	130.832	23.4576	3.2771972415465056	SQ	status_quo	sq2140__p1:i182	sq2140__p1:i182	855	1e-05	0.559198	0.114726	0.028922	0.085104	0.193749	0.018292
status_quo_rep030_2140_SE_SK008_i13483	lunarc	status_quo	rep030	2140	SE	SK008	1	133.0	21.0	4.0	20	47	13483	M	0	136.106	23.294	3.8613044428016767	SQ	status_quo	sq2140__p1:i13483	sq2140__p1:i13483	856	0.090424	0.909526	1e-05	1e-05	1e-05	1e-05	1e-05
status_quo_rep030_2140_SE_SK008_i5181	lunarc	status_quo	rep030	2140	SE	SK008	1	133.0	21.0	4.0	20	47	5181	F	0	135.178	24.1946	3.866413475043764	SQ	status_quo	sq2140__p1:i5181	sq2140__p1:i5181	857	1e-05	0.441204	0.020254	0.301065	0.237448	1e-05	1e-05
status_quo_rep030_2140_SE_SK008_i2570	lunarc	status_quo	rep030	2140	SE	SK008	1	133.0	21.0	4.0	20	47	2570	F	0	133.465	24.385	3.41678942868887	SQ	status_quo	sq2140__p1:i2570	sq2140__p1:i2570	858	0.071099	0.297446	0.144343	0.150617	1e-05	0.089728	0.246757
status_quo_rep030_2140_SE_SK008_i2171	lunarc	status_quo	rep030	2140	SE	SK008	1	133.0	21.0	4.0	20	47	2171	F	0	133.514	23.4169	2.4709515596223253	SQ	status_quo	sq2140__p1:i2171	sq2140__p1:i2171	859	1e-05	0.905099	0.041588	0.010578	0.029482	1e-05	0.013232
status_quo_rep030_2140_SE_SK008_i1066	lunarc	status_quo	rep030	2140	SE	SK008	1	133.0	21.0	4.0	20	47	1066	F	0	130.707	24.0735	3.8346122685351154	SQ	status_quo	sq2140__p1:i1066	sq2140__p1:i1066	860	0.063047	0.565423	0.032773	0.054447	0.113267	0.171033	1e-05
status_quo_rep030_2140_SE_SK018_i6274	lunarc	status_quo	rep030	2140	SE	SK018	2	133.0	35.0	4.0	20	159	6274	F	0	132.03	38.1525	3.298356598368348	SQ	status_quo	sq2140__p1:i6274	sq2140__p1:i6274	861	0.113731	0.409184	0.061726	0.285955	0.129385	1e-05	1e-05
status_quo_rep030_2140_SE_SK018_i4479	lunarc	status_quo	rep030	2140	SE	SK018	2	133.0	35.0	4.0	20	159	4479	F	0	131.097	35.4733	1.9609747295668984	SQ	status_quo	sq2140__p1:i4479	sq2140__p1:i4479	862	0.19024	0.432838	0.109791	0.075582	0.078791	0.078209	0.034548
status_quo_rep030_2140_SE_SK018_i16642	lunarc	status_quo	rep030	2140	SE	SK018	2	133.0	35.0	4.0	20	159	16642	M	0	133.209	31.6821	3.324476110607506	SQ	status_quo	sq2140__p1:i16642	sq2140__p1:i16642	863	0.137618	0.504166	0.003988	0.047518	0.203715	0.068174	0.034822
status_quo_rep030_2140_SE_SK018_i3861	lunarc	status_quo	rep030	2140	SE	SK018	2	133.0	35.0	4.0	20	159	3861	F	0	133.759	34.3824	0.9785247876267532	SQ	status_quo	sq2140__p1:i3861	sq2140__p1:i3861	864	0.042138	0.626299	0.24461	1e-05	0.086923	1e-05	1e-05
status_quo_rep030_2140_SE_SK018_i4587	lunarc	status_quo	rep030	2140	SE	SK018	2	133.0	35.0	4.0	20	159	4587	F	0	133.307	33.9186	1.1241329814572638	SQ	status_quo	sq2140__p1:i4587	sq2140__p1:i4587	865	1e-05	0.348385	0.116937	0.080213	0.217135	0.147368	0.089951
status_quo_rep030_2140_SE_SK018_i1100	lunarc	status_quo	rep030	2140	SE	SK018	2	133.0	35.0	4.0	20	159	1100	F	0	131.275	32.0547	3.4132707320105737	SQ	status_quo	sq2140__p1:i1100	sq2140__p1:i1100	866	1e-05	0.88172	1e-05	0.078188	1e-05	1e-05	0.040052
status_quo_rep030_2140_SE_SK018_i2598	lunarc	status_quo	rep030	2140	SE	SK018	2	133.0	35.0	4.0	20	159	2598	F	0	133.02	38.0776	3.077664985017047	SQ	status_quo	sq2140__p1:i2598	sq2140__p1:i2598	867	1e-05	0.792853	1e-05	1e-05	0.054328	0.15278	1e-05
status_quo_rep030_2140_SE_SK018_i11548	lunarc	status_quo	rep030	2140	SE	SK018	2	133.0	35.0	4.0	20	159	11548	M	0	132.243	37.6629	2.768408461553318	SQ	status_quo	sq2140__p1:i11548	sq2140__p1:i11548	868	0.247911	0.387569	1e-05	0.290222	0.074267	1e-05	1e-05
status_quo_rep030_2140_SE_SK018_i12002	lunarc	status_quo	rep030	2140	SE	SK018	2	133.0	35.0	4.0	20	159	12002	M	0	134.637	34.2882	1.7850569290641678	SQ	status_quo	sq2140__p1:i12002	sq2140__p1:i12002	869	1e-05	0.936248	1e-05	0.063702	1e-05	1e-05	1e-05
status_quo_rep030_2140_SE_SK018_i5365	lunarc	status_quo	rep030	2140	SE	SK018	2	133.0	35.0	4.0	20	159	5365	F	0	129.714	33.2019	3.745792253983128	SQ	status_quo	sq2140__p1:i5365	sq2140__p1:i5365	870	0.162971	0.504188	1e-05	0.188236	0.144574	1e-05	1e-05
status_quo_rep030_2140_SE_SK018_i2747	lunarc	status_quo	rep030	2140	SE	SK018	2	133.0	35.0	4.0	20	159	2747	F	0	134.515	34.9794	1.515140046332338	SQ	status_quo	sq2140__p1:i2747	sq2140__p1:i2747	871	0.13224	0.554558	0.027851	0.152412	1e-05	1e-05	0.132918
status_quo_rep030_2140_SE_SK018_i694	lunarc	status_quo	rep030	2140	SE	SK018	2	133.0	35.0	4.0	20	159	694	F	0	133.146	34.3137	0.7016578154627795	SQ	status_quo	sq2140__p1:i694	sq2140__p1:i694	872	0.14846	0.44099	0.095682	0.032867	1e-05	0.28198	1e-05
status_quo_rep030_2140_SE_SK018_i2456	lunarc	status_quo	rep030	2140	SE	SK018	2	133.0	35.0	4.0	20	159	2456	F	0	133.815	33.0035	2.1564408756096203	SQ	status_quo	sq2140__p1:i2456	sq2140__p1:i2456	873	0.301116	0.538273	0.025597	1e-05	0.123947	1e-05	0.011048
status_quo_rep030_2140_SE_SK018_i10091	lunarc	status_quo	rep030	2140	SE	SK018	2	133.0	35.0	4.0	20	159	10091	M	0	132.612	36.268	1.3260346903456206	SQ	status_quo	sq2140__p1:i10091	sq2140__p1:i10091	874	0.032875	0.47344	0.073375	0.190967	0.03587	0.006322	0.187151
status_quo_rep030_2140_SE_SK018_i5949	lunarc	status_quo	rep030	2140	SE	SK018	2	133.0	35.0	4.0	20	159	5949	F	0	134.233	32.2049	3.054975124284975	SQ	status_quo	sq2140__p1:i5949	sq2140__p1:i5949	875	0.047167	0.55237	0.270863	1e-05	1e-05	0.076718	0.052862
status_quo_rep030_2140_SE_SK018_i10390	lunarc	status_quo	rep030	2140	SE	SK018	2	133.0	35.0	4.0	20	159	10390	M	0	133.27	33.8204	1.2101058466101249	SQ	status_quo	sq2140__p1:i10390	sq2140__p1:i10390	876	0.154178	0.700947	0.059231	0.036942	1e-05	0.048682	1e-05
status_quo_rep030_2140_SE_SK018_i5806	lunarc	status_quo	rep030	2140	SE	SK018	2	133.0	35.0	4.0	20	159	5806	F	0	130.32	36.1547	2.9181727313509103	SQ	status_quo	sq2140__p1:i5806	sq2140__p1:i5806	877	0.083744	0.422738	0.291628	0.09345	0.02849	1e-05	0.079941
status_quo_rep030_2140_SE_SK018_i3021	lunarc	status_quo	rep030	2140	SE	SK018	2	133.0	35.0	4.0	20	159	3021	F	0	135.49	32.6163	3.447045936740622	SQ	status_quo	sq2140__p1:i3021	sq2140__p1:i3021	878	0.074951	0.588951	1e-05	1e-05	0.189711	0.118927	0.027439
status_quo_rep030_2140_SE_SK018_i292	lunarc	status_quo	rep030	2140	SE	SK018	2	133.0	35.0	4.0	20	159	292	F	0	129.238	34.3898	3.811166230958708	SQ	status_quo	sq2140__p1:i292	sq2140__p1:i292	879	0.056721	0.443487	0.149299	0.064274	0.286199	1e-05	1e-05
status_quo_rep030_2140_SE_SK018_i6892	lunarc	status_quo	rep030	2140	SE	SK018	2	133.0	35.0	4.0	20	159	6892	F	0	135.77	33.3983	3.199741066086452	SQ	status_quo	sq2140__p1:i6892	sq2140__p1:i6892	880	1e-05	0.483997	0.072334	0.117133	0.252038	1e-05	0.074477
status_quo_rep030_2140_SE_SK019_i17444	lunarc	status_quo	rep030	2140	SE	SK019	3	147.0	35.0	4.0	20	40	17444	M	0	143.635	34.3491	3.4273744776432093	SQ	status_quo	sq2140__p1:i17444	sq2140__p1:i17444	881	0.005997	0.910687	1e-05	0.083275	1e-05	1e-05	1e-05
status_quo_rep030_2140_SE_SK019_i8405	lunarc	status_quo	rep030	2140	SE	SK019	3	147.0	35.0	4.0	20	40	8405	F	0	144.166	33.3507	3.278985588562415	SQ	status_quo	sq2140__p1:i8405	sq2140__p1:i8405	882	0.204509	0.589718	0.044506	0.138768	1e-05	1e-05	0.02248
status_quo_rep030_2140_SE_SK019_i2600	lunarc	status_quo	rep030	2140	SE	SK019	3	147.0	35.0	4.0	20	40	2600	F	0	144.029	33.5398	3.3104418194555274	SQ	status_quo	sq2140__p1:i2600	sq2140__p1:i2600	883	1e-05	0.683253	0.148251	1e-05	1e-05	0.168456	1e-05
status_quo_rep030_2140_SE_SK019_i2056	lunarc	status_quo	rep030	2140	SE	SK019	3	147.0	35.0	4.0	20	40	2056	F	0	143.975	35.9051	3.1575039208210063	SQ	status_quo	sq2140__p1:i2056	sq2140__p1:i2056	884	0.066098	0.573028	0.071386	0.146561	0.043903	0.029323	0.069701
status_quo_rep030_2140_SE_SK019_i13787	lunarc	status_quo	rep030	2140	SE	SK019	3	147.0	35.0	4.0	20	40	13787	M	0	145.35	38.097	3.509117980347772	SQ	status_quo	sq2140__p1:i13787	sq2140__p1:i13787	885	1e-05	0.446123	1e-05	0.086449	0.082211	0.091412	0.293785
status_quo_rep030_2140_SE_SK019_i6102	lunarc	status_quo	rep030	2140	SE	SK019	3	147.0	35.0	4.0	20	40	6102	F	0	144.41	35.0299	2.5901725830531097	SQ	status_quo	sq2140__p1:i6102	sq2140__p1:i6102	886	1e-05	0.69477	0.099714	0.059866	0.145621	1e-05	1e-05
status_quo_rep030_2140_SE_SK019_i10576	lunarc	status_quo	rep030	2140	SE	SK019	3	147.0	35.0	4.0	20	40	10576	M	0	144.052	34.1242	3.075342198845527	SQ	status_quo	sq2140__p1:i10576	sq2140__p1:i10576	887	0.27214	0.496077	1e-05	0.110792	0.014199	1e-05	0.106772
status_quo_rep030_2140_SE_SK019_i4582	lunarc	status_quo	rep030	2140	SE	SK019	3	147.0	35.0	4.0	20	40	4582	F	0	144.689	33.9861	2.5236311556960995	SQ	status_quo	sq2140__p1:i4582	sq2140__p1:i4582	888	0.153427	0.722018	0.082276	1e-05	0.028281	1e-05	0.013978
status_quo_rep030_2140_SE_SK019_i5241	lunarc	status_quo	rep030	2140	SE	SK019	3	147.0	35.0	4.0	20	40	5241	F	0	145.496	38.0191	3.3729780328368557	SQ	status_quo	sq2140__p1:i5241	sq2140__p1:i5241	889	1e-05	0.97349	1e-05	0.02646	1e-05	1e-05	1e-05
status_quo_rep030_2140_SE_SK019_i10100	lunarc	status_quo	rep030	2140	SE	SK019	3	147.0	35.0	4.0	20	40	10100	M	0	144.711	34.9046	2.2909871584100907	SQ	status_quo	sq2140__p1:i10100	sq2140__p1:i10100	890	0.120003	0.879947	1e-05	1e-05	1e-05	1e-05	1e-05
status_quo_rep030_2140_SE_SK019_i6749	lunarc	status_quo	rep030	2140	SE	SK019	3	147.0	35.0	4.0	20	40	6749	F	0	146.349	35.4491	0.7908804018307792	SQ	status_quo	sq2140__p1:i6749	sq2140__p1:i6749	891	1e-05	0.853235	1e-05	0.142291	1e-05	1e-05	0.004434
status_quo_rep030_2140_SE_SK019_i11611	lunarc	status_quo	rep030	2140	SE	SK019	3	147.0	35.0	4.0	20	40	11611	M	0	145.576	32.5513	2.8326502943356826	SQ	status_quo	sq2140__p1:i11611	sq2140__p1:i11611	892	0.110146	0.175473	0.11607	0.249025	0.349265	1e-05	1e-05
status_quo_rep030_2140_SE_SK019_i11657	lunarc	status_quo	rep030	2140	SE	SK019	3	147.0	35.0	4.0	20	40	11657	M	0	144.656	32.451	3.462908748436777	SQ	status_quo	sq2140__p1:i11657	sq2140__p1:i11657	893	1e-05	0.99994	1e-05	1e-05	1e-05	1e-05	1e-05
status_quo_rep030_2140_SE_SK019_i11337	lunarc	status_quo	rep030	2140	SE	SK019	3	147.0	35.0	4.0	20	40	11337	M	0	145.668	37.7796	3.0822719153247973	SQ	status_quo	sq2140__p1:i11337	sq2140__p1:i11337	894	0.11117	0.524145	0.055701	0.242126	0.066838	1e-05	1e-05
status_quo_rep030_2140_SE_SK019_i8956	lunarc	status_quo	rep030	2140	SE	SK019	3	147.0	35.0	4.0	20	40	8956	M	0	143.509	34.5694	3.517456092121136	SQ	status_quo	sq2140__p1:i8956	sq2140__p1:i8956	895	0.050996	0.643364	0.121693	1e-05	0.004697	0.04514	0.134101
status_quo_rep030_2140_SE_SK019_i4583	lunarc	status_quo	rep030	2140	SE	SK019	3	147.0	35.0	4.0	20	40	4583	F	0	147.216	35.0843	0.2318673974494977	SQ	status_quo	sq2140__p1:i4583	sq2140__p1:i4583	896	0.18483	0.730635	0.03475	1e-05	0.049755	1e-05	1e-05
status_quo_rep030_2140_SE_SK019_i1274	lunarc	status_quo	rep030	2140	SE	SK019	3	147.0	35.0	4.0	20	40	1274	F	0	145.989	37.2493	2.466063967134669	SQ	status_quo	sq2140__p1:i1274	sq2140__p1:i1274	897	0.120003	0.879947	1e-05	1e-05	1e-05	1e-05	1e-05
status_quo_rep030_2140_SE_SK019_i9127	lunarc	status_quo	rep030	2140	SE	SK019	3	147.0	35.0	4.0	20	40	9127	M	0	143.471	34.1108	3.6393018066656655	SQ	status_quo	sq2140__p1:i9127	sq2140__p1:i9127	898	0.145978	0.450437	0.166521	0.033133	1e-05	0.129933	0.073988
status_quo_rep030_2140_SE_SK019_i15685	lunarc	status_quo	rep030	2140	SE	SK019	3	147.0	35.0	4.0	20	40	15685	M	0	144.256	32.8733	3.471655064951009	SQ	status_quo	sq2140__p1:i15685	sq2140__p1:i15685	899	1e-05	0.99994	1e-05	1e-05	1e-05	1e-05	1e-05
status_quo_rep030_2140_SE_SK019_i5391	lunarc	status_quo	rep030	2140	SE	SK019	3	147.0	35.0	4.0	20	40	5391	F	0	144.058	33.1386	3.4814040213683985	SQ	status_quo	sq2140__p1:i5391	sq2140__p1:i5391	900	0.182357	0.660126	1e-05	0.077427	0.08006	1e-05	1e-05
restore_2km_rep030_2140_NW_SK060_i1944	lunarc	restore_2km	rep030	2140	NW	SK060	1	77.0	105.0	4.0	20	103	1944	F	0	77.203	101.765	3.241362984918536	R2	restore_2km	r2_2140__p1:i1944	r2_2140__p1:i1944	901	0.448595	1e-05	0.175189	0.050798	1e-05	0.006896	0.318501
restore_2km_rep030_2140_NW_SK060_i14022	lunarc	restore_2km	rep030	2140	NW	SK060	1	77.0	105.0	4.0	20	103	14022	M	0	77.5665	101.529	3.516925255105663	R2	restore_2km	r2_2140__p1:i14022	r2_2140__p1:i14022	902	0.291178	0.060012	0.2279	0.015116	0.065526	0.025092	0.315177
restore_2km_rep030_2140_NW_SK060_i4648	lunarc	restore_2km	rep030	2140	NW	SK060	1	77.0	105.0	4.0	20	103	4648	F	0	76.5839	102.7	2.337335921514061	R2	restore_2km	r2_2140__p1:i4648	r2_2140__p1:i4648	903	0.261321	0.039747	0.04113	0.026276	1e-05	0.243056	0.388461
restore_2km_rep030_2140_NW_SK060_i13913	lunarc	restore_2km	rep030	2140	NW	SK060	1	77.0	105.0	4.0	20	103	13913	M	0	80.7518	105.164	3.7553827022022697	R2	restore_2km	r2_2140__p1:i13913	r2_2140__p1:i13913	904	0.399227	0.022461	0.095773	1e-05	1e-05	0.017406	0.465113
restore_2km_rep030_2140_NW_SK060_i11235	lunarc	restore_2km	rep030	2140	NW	SK060	1	77.0	105.0	4.0	20	103	11235	M	0	76.6972	107.246	2.2663194479154924	R2	restore_2km	r2_2140__p1:i11235	r2_2140__p1:i11235	905	0.071763	1e-05	0.001087	0.025596	0.06647	0.084109	0.750965
restore_2km_rep030_2140_NW_SK060_i666	lunarc	restore_2km	rep030	2140	NW	SK060	1	77.0	105.0	4.0	20	103	666	F	0	76.4813	101.846	3.196367577422843	R2	restore_2km	r2_2140__p1:i666	r2_2140__p1:i666	906	0.243093	0.165596	0.020424	0.066313	0.05469	0.080876	0.369008
restore_2km_rep030_2140_NW_SK060_i17819	lunarc	restore_2km	rep030	2140	NW	SK060	1	77.0	105.0	4.0	20	103	17819	M	0	77.4567	105.325	0.5605353601691868	R2	restore_2km	r2_2140__p1:i17819	r2_2140__p1:i17819	907	0.300658	0.045014	1e-05	0.139283	0.068479	0.184263	0.262294
restore_2km_rep030_2140_NW_SK060_i8107	lunarc	restore_2km	rep030	2140	NW	SK060	1	77.0	105.0	4.0	20	103	8107	F	0	75.0331	101.525	3.9930340106239934	R2	restore_2km	r2_2140__p1:i8107	r2_2140__p1:i8107	908	0.208971	0.142223	0.168753	0.094445	0.08794	0.008024	0.289644
restore_2km_rep030_2140_NW_SK060_i5076	lunarc	restore_2km	rep030	2140	NW	SK060	1	77.0	105.0	4.0	20	103	5076	F	0	75.3821	101.386	3.9596207406770727	R2	restore_2km	r2_2140__p1:i5076	r2_2140__p1:i5076	909	0.286673	1e-05	0.206787	0.054236	1e-05	1e-05	0.452274
restore_2km_rep030_2140_NW_SK060_i4481	lunarc	restore_2km	rep030	2140	NW	SK060	1	77.0	105.0	4.0	20	103	4481	F	0	74.442	107.228	3.392248222049797	R2	restore_2km	r2_2140__p1:i4481	r2_2140__p1:i4481	910	0.172746	0.004739	0.109985	1e-05	1e-05	1e-05	0.712499
restore_2km_rep030_2140_NW_SK060_i6535	lunarc	restore_2km	rep030	2140	NW	SK060	1	77.0	105.0	4.0	20	103	6535	F	0	73.5269	105.19	3.478293203569822	R2	restore_2km	r2_2140__p1:i6535	r2_2140__p1:i6535	911	0.23062	1e-05	0.049868	0.105875	0.14614	0.006524	0.460963
restore_2km_rep030_2140_NW_SK060_i6764	lunarc	restore_2km	rep030	2140	NW	SK060	1	77.0	105.0	4.0	20	103	6764	F	0	76.0923	102.453	2.7039098154339385	R2	restore_2km	r2_2140__p1:i6764	r2_2140__p1:i6764	912	0.495402	0.002216	1e-05	1e-05	1e-05	0.261552	0.240801
restore_2km_rep030_2140_NW_SK060_i17580	lunarc	restore_2km	rep030	2140	NW	SK060	1	77.0	105.0	4.0	20	103	17580	M	0	77.5504	105.965	1.1109298627726245	R2	restore_2km	r2_2140__p1:i17580	r2_2140__p1:i17580	913	0.11866	1e-05	1e-05	0.101748	0.003804	0.130527	0.645242
restore_2km_rep030_2140_NW_SK060_i974	lunarc	restore_2km	rep030	2140	NW	SK060	1	77.0	105.0	4.0	20	103	974	F	0	77.2799	103.133	1.887864669408275	R2	restore_2km	r2_2140__p1:i974	r2_2140__p1:i974	914	0.324597	0.010801	0.073492	0.061787	0.228898	1e-05	0.300415
restore_2km_rep030_2140_NW_SK060_i8325	lunarc	restore_2km	rep030	2140	NW	SK060	1	77.0	105.0	4.0	20	103	8325	F	0	79.2857	102.503	3.385178501940485	R2	restore_2km	r2_2140__p1:i8325	r2_2140__p1:i8325	915	0.36662	0.016733	0.004919	0.085698	0.199343	0.106194	0.220492
restore_2km_rep030_2140_NW_SK060_i4743	lunarc	restore_2km	rep030	2140	NW	SK060	1	77.0	105.0	4.0	20	103	4743	F	0	73.4196	106.121	3.7517869289180017	R2	restore_2km	r2_2140__p1:i4743	r2_2140__p1:i4743	916	0.036234	1e-05	0.058339	0.113795	0.130293	0.090308	0.571021
restore_2km_rep030_2140_NW_SK060_i16567	lunarc	restore_2km	rep030	2140	NW	SK060	1	77.0	105.0	4.0	20	103	16567	M	0	74.0067	103.673	3.2742592887552484	R2	restore_2km	r2_2140__p1:i16567	r2_2140__p1:i16567	917	0.147013	0.007403	0.073151	1e-05	0.134207	0.10156	0.536657
restore_2km_rep030_2140_NW_SK060_i15142	lunarc	restore_2km	rep030	2140	NW	SK060	1	77.0	105.0	4.0	20	103	15142	M	0	75.5918	101.745	3.546554981950788	R2	restore_2km	r2_2140__p1:i15142	r2_2140__p1:i15142	918	0.374844	1e-05	0.114789	1e-05	1e-05	1e-05	0.510327
restore_2km_rep030_2140_NW_SK060_i17269	lunarc	restore_2km	rep030	2140	NW	SK060	1	77.0	105.0	4.0	20	103	17269	M	0	73.4144	105.042	3.585845975498668	R2	restore_2km	r2_2140__p1:i17269	r2_2140__p1:i17269	919	0.247773	0.008398	0.070641	1e-05	0.371951	1e-05	0.301217
restore_2km_rep030_2140_NW_SK060_i2088	lunarc	restore_2km	rep030	2140	NW	SK060	1	77.0	105.0	4.0	20	103	2088	F	0	76.1353	105.084	0.8687704472413866	R2	restore_2km	r2_2140__p1:i2088	r2_2140__p1:i2088	920	1e-05	0.079577	0.101014	0.220345	0.155613	1e-05	0.443431
restore_2km_rep030_2140_NW_SK068_i15695	lunarc	restore_2km	rep030	2140	NW	SK068	2	63.0	119.0	4.0	20	75	15695	M	0	65.2381	117.011	2.994196488208486	R2	restore_2km	r2_2140__p1:i15695	r2_2140__p1:i15695	921	0.206689	1e-05	0.05346	0.146945	1e-05	0.02073	0.572156
restore_2km_rep030_2140_NW_SK068_i15674	lunarc	restore_2km	rep030	2140	NW	SK068	2	63.0	119.0	4.0	20	75	15674	M	0	66.211	120.867	3.714324972320005	R2	restore_2km	r2_2140__p1:i15674	r2_2140__p1:i15674	922	0.174785	1e-05	0.01363	0.198656	1e-05	1e-05	0.612899
restore_2km_rep030_2140_NW_SK068_i11513	lunarc	restore_2km	rep030	2140	NW	SK068	2	63.0	119.0	4.0	20	75	11513	M	0	63.0578	120.748	1.748955356777301	R2	restore_2km	r2_2140__p1:i11513	r2_2140__p1:i11513	923	0.152874	0.010011	0.050402	0.259318	1e-05	1e-05	0.527375
restore_2km_rep030_2140_NW_SK068_i2251	lunarc	restore_2km	rep030	2140	NW	SK068	2	63.0	119.0	4.0	20	75	2251	F	0	63.9724	119.954	1.3622326379880891	R2	restore_2km	r2_2140__p1:i2251	r2_2140__p1:i2251	924	0.203624	1e-05	0.038505	0.296055	0.121265	0.088871	0.25167
restore_2km_rep030_2140_NW_SK068_i10874	lunarc	restore_2km	rep030	2140	NW	SK068	2	63.0	119.0	4.0	20	75	10874	M	0	61.509	118.856	1.4979375821441965	R2	restore_2km	r2_2140__p1:i10874	r2_2140__p1:i10874	925	0.275819	0.076637	1e-05	0.134819	1e-05	0.04	0.472706
restore_2km_rep030_2140_NW_SK068_i16687	lunarc	restore_2km	rep030	2140	NW	SK068	2	63.0	119.0	4.0	20	75	16687	M	0	60.8339	117.411	2.6864307565987997	R2	restore_2km	r2_2140__p1:i16687	r2_2140__p1:i16687	926	0.23073	0.122296	0.04678	1e-05	1e-05	1e-05	0.600163
restore_2km_rep030_2140_NW_SK068_i5304	lunarc	restore_2km	rep030	2140	NW	SK068	2	63.0	119.0	4.0	20	75	5304	F	0	61.5157	116.072	3.282732168484048	R2	restore_2km	r2_2140__p1:i5304	r2_2140__p1:i5304	927	0.229965	0.112238	0.158268	0.183824	1e-05	1e-05	0.315686
restore_2km_rep030_2140_NW_SK068_i4768	lunarc	restore_2km	rep030	2140	NW	SK068	2	63.0	119.0	4.0	20	75	4768	F	0	65.0865	120.017	2.3211573083270327	R2	restore_2km	r2_2140__p1:i4768	r2_2140__p1:i4768	928	0.207105	0.173235	1e-05	0.185614	0.015857	0.055418	0.362762
restore_2km_rep030_2140_NW_SK068_i4879	lunarc	restore_2km	rep030	2140	NW	SK068	2	63.0	119.0	4.0	20	75	4879	F	0	64.5636	118.444	1.6595122656973578	R2	restore_2km	r2_2140__p1:i4879	r2_2140__p1:i4879	929	0.24149	1e-05	1e-05	0.093414	0.25567	0.016987	0.392419
restore_2km_rep030_2140_NW_SK068_i12230	lunarc	restore_2km	rep030	2140	NW	SK068	2	63.0	119.0	4.0	20	75	12230	M	0	65.4152	116.415	3.5377133914436825	R2	restore_2km	r2_2140__p1:i12230	r2_2140__p1:i12230	930	0.197587	0.175953	0.047506	0.16887	1e-05	1e-05	0.410064
restore_2km_rep030_2140_NW_SK068_i12010	lunarc	restore_2km	rep030	2140	NW	SK068	2	63.0	119.0	4.0	20	75	12010	M	0	61.7353	118.675	1.30579136541792	R2	restore_2km	r2_2140__p1:i12010	r2_2140__p1:i12010	931	0.063266	0.078864	1e-05	0.088284	1e-05	1e-05	0.769555
restore_2km_rep030_2140_NW_SK068_i5260	lunarc	restore_2km	rep030	2140	NW	SK068	2	63.0	119.0	4.0	20	75	5260	F	0	64.4383	121.339	2.7458382854785874	R2	restore_2km	r2_2140__p1:i5260	r2_2140__p1:i5260	932	0.091184	1e-05	1e-05	0.024225	1e-05	1e-05	0.884551
restore_2km_rep030_2140_NW_SK068_i2945	lunarc	restore_2km	rep030	2140	NW	SK068	2	63.0	119.0	4.0	20	75	2945	F	0	65.0916	119.109	2.094438244494212	R2	restore_2km	r2_2140__p1:i2945	r2_2140__p1:i2945	933	0.100991	1e-05	1e-05	1e-05	1e-05	1e-05	0.898959
restore_2km_rep030_2140_NW_SK068_i747	lunarc	restore_2km	rep030	2140	NW	SK068	2	63.0	119.0	4.0	20	75	747	F	0	61.6806	118.166	1.560888324000154	R2	restore_2km	r2_2140__p1:i747	r2_2140__p1:i747	934	0.06309	0.069877	0.082705	0.05032	0.026476	0.104532	0.603
restore_2km_rep030_2140_NW_SK068_i6813	lunarc	restore_2km	rep030	2140	NW	SK068	2	63.0	119.0	4.0	20	75	6813	F	0	61.0031	121.503	3.2019710507748176	R2	restore_2km	r2_2140__p1:i6813	r2_2140__p1:i6813	935	0.133701	1e-05	0.039983	0.168053	0.197189	0.036524	0.42454
restore_2km_rep030_2140_NW_SK068_i6143	lunarc	restore_2km	rep030	2140	NW	SK068	2	63.0	119.0	4.0	20	75	6143	F	0	61.067	119.848	2.110827562829327	R2	restore_2km	r2_2140__p1:i6143	r2_2140__p1:i6143	936	0.03447	0.083226	0.004038	1e-05	1e-05	0.131419	0.746827
restore_2km_rep030_2140_NW_SK068_i2093	lunarc	restore_2km	rep030	2140	NW	SK068	2	63.0	119.0	4.0	20	75	2093	F	0	64.7342	118.138	1.9366191262093837	R2	restore_2km	r2_2140__p1:i2093	r2_2140__p1:i2093	937	0.09379	1e-05	0.131513	1e-05	0.122578	1e-05	0.652089
restore_2km_rep030_2140_NW_SK068_i6397	lunarc	restore_2km	rep030	2140	NW	SK068	2	63.0	119.0	4.0	20	75	6397	F	0	63.3509	119.63	0.721131617667674	R2	restore_2km	r2_2140__p1:i6397	r2_2140__p1:i6397	938	0.15325	0.002515	0.059271	0.122824	0.049952	0.021291	0.590896
restore_2km_rep030_2140_NW_SK068_i17162	lunarc	restore_2km	rep030	2140	NW	SK068	2	63.0	119.0	4.0	20	75	17162	M	0	64.1645	122.607	3.790317829681306	R2	restore_2km	r2_2140__p1:i17162	r2_2140__p1:i17162	939	0.147081	1e-05	0.097046	0.077405	0.303467	0.071708	0.303284
restore_2km_rep030_2140_NW_SK068_i10014	lunarc	restore_2km	rep030	2140	NW	SK068	2	63.0	119.0	4.0	20	75	10014	M	0	62.7753	120.552	1.5681817783662773	R2	restore_2km	r2_2140__p1:i10014	r2_2140__p1:i10014	940	1e-05	1e-05	0.074938	1e-05	1e-05	0.104103	0.820919
restore_2km_rep030_2140_NW_SK069_i10473	lunarc	restore_2km	rep030	2140	NW	SK069	3	77.0	119.0	4.0	20	60	10473	M	0	77.4991	119.268	0.5665022594835778	R2	restore_2km	r2_2140__p1:i10473	r2_2140__p1:i10473	941	0.259548	1e-05	0.109501	1e-05	0.148422	0.259852	0.222657
restore_2km_rep030_2140_NW_SK069_i9767	lunarc	restore_2km	rep030	2140	NW	SK069	3	77.0	119.0	4.0	20	60	9767	M	0	78.6416	121.657	3.1232194223268994	R2	restore_2km	r2_2140__p1:i9767	r2_2140__p1:i9767	942	0.135424	1e-05	0.171651	1e-05	0.085705	0.152773	0.454427
restore_2km_rep030_2140_NW_SK069_i5487	lunarc	restore_2km	rep030	2140	NW	SK069	3	77.0	119.0	4.0	20	60	5487	F	0	80.3894	120.45	3.686533922263563	R2	restore_2km	r2_2140__p1:i5487	r2_2140__p1:i5487	943	0.207254	1e-05	0.058524	1e-05	0.074875	1e-05	0.659316
restore_2km_rep030_2140_NW_SK069_i17219	lunarc	restore_2km	rep030	2140	NW	SK069	3	77.0	119.0	4.0	20	60	17219	M	0	73.5522	117.908	3.616599070950498	R2	restore_2km	r2_2140__p1:i17219	r2_2140__p1:i17219	944	1e-05	1e-05	0.064227	1e-05	1e-05	1e-05	0.935723
restore_2km_rep030_2140_NW_SK069_i15317	lunarc	restore_2km	rep030	2140	NW	SK069	3	77.0	119.0	4.0	20	60	15317	M	0	77.4089	121.002	2.043331399944704	R2	restore_2km	r2_2140__p1:i15317	r2_2140__p1:i15317	945	0.240336	0.186113	0.097677	0.004017	0.042024	1e-05	0.429822
restore_2km_rep030_2140_NW_SK069_i9001	lunarc	restore_2km	rep030	2140	NW	SK069	3	77.0	119.0	4.0	20	60	9001	M	0	79.3302	121.609	3.4981013478743	R2	restore_2km	r2_2140__p1:i9001	r2_2140__p1:i9001	946	0.138491	0.16807	1e-05	1e-05	0.068905	0.062244	0.56227
restore_2km_rep030_2140_NW_SK069_i9335	lunarc	restore_2km	rep030	2140	NW	SK069	3	77.0	119.0	4.0	20	60	9335	M	0	73.5375	120.273	3.689096806807871	R2	restore_2km	r2_2140__p1:i9335	r2_2140__p1:i9335	947	0.032072	1e-05	0.124034	1e-05	0.007894	1e-05	0.835971
restore_2km_rep030_2140_NW_SK069_i1475	lunarc	restore_2km	rep030	2140	NW	SK069	3	77.0	119.0	4.0	20	60	1475	F	0	74.9794	122.146	3.7390025889266254	R2	restore_2km	r2_2140__p1:i1475	r2_2140__p1:i1475	948	0.266722	0.089182	0.10273	0.084056	1e-05	1e-05	0.45729
restore_2km_rep030_2140_NW_SK069_i11901	lunarc	restore_2km	rep030	2140	NW	SK069	3	77.0	119.0	4.0	20	60	11901	M	0	78.617	117.207	2.414443621209664	R2	restore_2km	r2_2140__p1:i11901	r2_2140__p1:i11901	949	0.313853	1e-05	0.01109	1e-05	0.279488	0.082413	0.313135
restore_2km_rep030_2140_NW_SK069_i14642	lunarc	restore_2km	rep030	2140	NW	SK069	3	77.0	119.0	4.0	20	60	14642	M	0	75.4517	115.727	3.620740516800392	R2	restore_2km	r2_2140__p1:i14642	r2_2140__p1:i14642	950	0.269477	0.124978	0.054725	1e-05	0.058504	0.245303	0.247003
restore_2km_rep030_2140_NW_SK069_i1222	lunarc	restore_2km	rep030	2140	NW	SK069	3	77.0	119.0	4.0	20	60	1222	F	0	73.731	120.499	3.596298374718096	R2	restore_2km	r2_2140__p1:i1222	r2_2140__p1:i1222	951	0.177508	0.095884	1e-05	0.127603	0.036525	0.047204	0.515265
restore_2km_rep030_2140_NW_SK069_i13463	lunarc	restore_2km	rep030	2140	NW	SK069	3	77.0	119.0	4.0	20	60	13463	M	0	78.3115	119.762	1.516798025447023	R2	restore_2km	r2_2140__p1:i13463	r2_2140__p1:i13463	952	0.351404	1e-05	0.171852	0.002748	0.078391	0.158886	0.23671
restore_2km_rep030_2140_NW_SK069_i10566	lunarc	restore_2km	rep030	2140	NW	SK069	3	77.0	119.0	4.0	20	60	10566	M	0	79.728	121.413	3.642053404331127	R2	restore_2km	r2_2140__p1:i10566	r2_2140__p1:i10566	953	0.170739	1e-05	1e-05	0.094469	0.069664	0.059119	0.60599
restore_2km_rep030_2140_NW_SK069_i8335	lunarc	restore_2km	rep030	2140	NW	SK069	3	77.0	119.0	4.0	20	60	8335	F	0	76.2472	120.923	2.06509971672072	R2	restore_2km	r2_2140__p1:i8335	r2_2140__p1:i8335	954	1e-05	1e-05	0.083345	1e-05	1e-05	1e-05	0.916605
restore_2km_rep030_2140_NW_SK069_i17688	lunarc	restore_2km	rep030	2140	NW	SK069	3	77.0	119.0	4.0	20	60	17688	M	0	74.027	116.64	3.795830475666688	R2	restore_2km	r2_2140__p1:i17688	r2_2140__p1:i17688	955	0.19805	0.04293	0.005566	1e-05	0.063565	0.293034	0.396846
restore_2km_rep030_2140_NW_SK069_i2217	lunarc	restore_2km	rep030	2140	NW	SK069	3	77.0	119.0	4.0	20	60	2217	F	0	76.6814	120.587	1.6186645606795784	R2	restore_2km	r2_2140__p1:i2217	r2_2140__p1:i2217	956	0.279402	0.007141	1e-05	0.005418	1e-05	1e-05	0.708009
restore_2km_rep030_2140_NW_SK069_i9336	lunarc	restore_2km	rep030	2140	NW	SK069	3	77.0	119.0	4.0	20	60	9336	M	0	75.3144	121.196	2.768332234396726	R2	restore_2km	r2_2140__p1:i9336	r2_2140__p1:i9336	957	0.153624	0.137558	0.0952	1e-05	0.174406	0.045747	0.393455
restore_2km_rep030_2140_NW_SK069_i13211	lunarc	restore_2km	rep030	2140	NW	SK069	3	77.0	119.0	4.0	20	60	13211	M	0	73.9736	119.698	3.1058494747814103	R2	restore_2km	r2_2140__p1:i13211	r2_2140__p1:i13211	958	0.069944	0.124355	1e-05	0.170801	0.071858	0.253524	0.309507
restore_2km_rep030_2140_NW_SK069_i3108	lunarc	restore_2km	rep030	2140	NW	SK069	3	77.0	119.0	4.0	20	60	3108	F	0	73.8908	116.895	3.7547502766495695	R2	restore_2km	r2_2140__p1:i3108	r2_2140__p1:i3108	959	0.266937	1e-05	0.083384	1e-05	1e-05	1e-05	0.649639
restore_2km_rep030_2140_NW_SK069_i3581	lunarc	restore_2km	rep030	2140	NW	SK069	3	77.0	119.0	4.0	20	60	3581	F	0	77.3274	118.265	0.8046215010798539	R2	restore_2km	r2_2140__p1:i3581	r2_2140__p1:i3581	960	0.298641	1e-05	1e-05	0.174413	1e-05	1e-05	0.526906
restore_2km_rep030_2140_NE_SK062_i1376	lunarc	restore_2km	rep030	2140	NE	SK062	1	105.0	105.0	4.0	20	49	1376	F	0	108.764	106.198	3.9500506325868727	R2	restore_2km	r2_2140__p1:i1376	r2_2140__p1:i1376	961	0.451619	0.123544	0.157344	1e-05	1e-05	0.179153	0.088319
restore_2km_rep030_2140_NE_SK062_i12296	lunarc	restore_2km	rep030	2140	NE	SK062	1	105.0	105.0	4.0	20	49	12296	M	0	103.962	107.744	2.933765498467795	R2	restore_2km	r2_2140__p1:i12296	r2_2140__p1:i12296	962	0.093524	0.103331	1e-05	0.188294	0.115252	0.338379	0.16121
restore_2km_rep030_2140_NE_SK062_i7008	lunarc	restore_2km	rep030	2140	NE	SK062	1	105.0	105.0	4.0	20	49	7008	F	0	107.693	107.836	3.910900791377861	R2	restore_2km	r2_2140__p1:i7008	r2_2140__p1:i7008	963	0.414557	1e-05	1e-05	0.109042	0.010936	1e-05	0.465435
restore_2km_rep030_2140_NE_SK062_i236	lunarc	restore_2km	rep030	2140	NE	SK062	1	105.0	105.0	4.0	20	49	236	F	0	104.778	103.875	1.1466948155459662	R2	restore_2km	r2_2140__p1:i236	r2_2140__p1:i236	964	0.503514	1e-05	0.054582	0.100191	0.062719	0.212085	0.066899
restore_2km_rep030_2140_NE_SK062_i14041	lunarc	restore_2km	rep030	2140	NE	SK062	1	105.0	105.0	4.0	20	49	14041	M	0	101.908	103.378	3.491611089454264	R2	restore_2km	r2_2140__p1:i14041	r2_2140__p1:i14041	965	0.121132	0.143321	0.029065	0.115313	0.097553	0.355864	0.137753
restore_2km_rep030_2140_NE_SK062_i8710	lunarc	restore_2km	rep030	2140	NE	SK062	1	105.0	105.0	4.0	20	49	8710	F	0	105.196	105.814	0.8372645937814328	R2	restore_2km	r2_2140__p1:i8710	r2_2140__p1:i8710	966	0.108344	0.174943	0.02605	0.077523	1e-05	0.043539	0.569592
restore_2km_rep030_2140_NE_SK062_i9163	lunarc	restore_2km	rep030	2140	NE	SK062	1	105.0	105.0	4.0	20	49	9163	M	0	106.9	108.157	3.684650458320301	R2	restore_2km	r2_2140__p1:i9163	r2_2140__p1:i9163	967	0.15482	0.152095	0.113191	0.166406	1e-05	0.192034	0.221444
restore_2km_rep030_2140_NE_SK062_i12226	lunarc	restore_2km	rep030	2140	NE	SK062	1	105.0	105.0	4.0	20	49	12226	M	0	106.677	101.623	3.77047185376048	R2	restore_2km	r2_2140__p1:i12226	r2_2140__p1:i12226	968	0.698017	0.009999	0.1119	0.001941	1e-05	0.046792	0.131342
restore_2km_rep030_2140_NE_SK062_i14684	lunarc	restore_2km	rep030	2140	NE	SK062	1	105.0	105.0	4.0	20	49	14684	M	0	104.227	104.038	1.2340879223134793	R2	restore_2km	r2_2140__p1:i14684	r2_2140__p1:i14684	969	0.364256	0.03492	0.006216	0.084566	1e-05	1e-05	0.510023
restore_2km_rep030_2140_NE_SK062_i8506	lunarc	restore_2km	rep030	2140	NE	SK062	1	105.0	105.0	4.0	20	49	8506	F	0	105.5	103.872	1.233849261457817	R2	restore_2km	r2_2140__p1:i8506	r2_2140__p1:i8506	970	0.261642	0.13492	0.021234	0.182982	1e-05	0.052137	0.347075
restore_2km_rep030_2140_NE_SK062_i758	lunarc	restore_2km	rep030	2140	NE	SK062	1	105.0	105.0	4.0	20	49	758	F	0	102.622	103.102	3.0425791690603528	R2	restore_2km	r2_2140__p1:i758	r2_2140__p1:i758	971	0.229205	0.123761	1e-05	0.154476	0.24447	1e-05	0.248067
restore_2km_rep030_2140_NE_SK062_i15834	lunarc	restore_2km	rep030	2140	NE	SK062	1	105.0	105.0	4.0	20	49	15834	M	0	103.185	105.631	1.92155822186058	R2	restore_2km	r2_2140__p1:i15834	r2_2140__p1:i15834	972	0.293504	0.002662	0.162694	0.286382	1e-05	0.254739	1e-05
restore_2km_rep030_2140_NE_SK062_i8259	lunarc	restore_2km	rep030	2140	NE	SK062	1	105.0	105.0	4.0	20	49	8259	F	0	106.406	108.361	3.643234414637637	R2	restore_2km	r2_2140__p1:i8259	r2_2140__p1:i8259	973	0.36906	0.06276	0.223454	1e-05	1e-05	0.154641	0.190065
restore_2km_rep030_2140_NE_SK062_i16253	lunarc	restore_2km	rep030	2140	NE	SK062	1	105.0	105.0	4.0	20	49	16253	M	0	107.166	103.377	2.7066002660163915	R2	restore_2km	r2_2140__p1:i16253	r2_2140__p1:i16253	974	0.133025	1e-05	1e-05	0.154435	1e-05	1e-05	0.7125
restore_2km_rep030_2140_NE_SK062_i3202	lunarc	restore_2km	rep030	2140	NE	SK062	1	105.0	105.0	4.0	20	49	3202	F	0	105.815	103.993	1.2954821496261562	R2	restore_2km	r2_2140__p1:i3202	r2_2140__p1:i3202	975	0.447011	1e-05	1e-05	0.137685	1e-05	0.060049	0.355225
restore_2km_rep030_2140_NE_SK062_i14865	lunarc	restore_2km	rep030	2140	NE	SK062	1	105.0	105.0	4.0	20	49	14865	M	0	101.759	106.405	3.532436269771898	R2	restore_2km	r2_2140__p1:i14865	r2_2140__p1:i14865	976	0.109386	0.062664	0.147499	0.221353	1e-05	0.122833	0.336255
restore_2km_rep030_2140_NE_SK062_i11854	lunarc	restore_2km	rep030	2140	NE	SK062	1	105.0	105.0	4.0	20	49	11854	M	0	105.129	103.179	1.825563474656522	R2	restore_2km	r2_2140__p1:i11854	r2_2140__p1:i11854	977	0.501936	1e-05	0.065063	0.191158	1e-05	0.089574	0.152249
restore_2km_rep030_2140_NE_SK062_i15128	lunarc	restore_2km	rep030	2140	NE	SK062	1	105.0	105.0	4.0	20	49	15128	M	0	106.824	105.121	1.8280090262359188	R2	restore_2km	r2_2140__p1:i15128	r2_2140__p1:i15128	978	0.347099	0.052659	1e-05	0.201382	1e-05	1e-05	0.39883
restore_2km_rep030_2140_NE_SK062_i10467	lunarc	restore_2km	rep030	2140	NE	SK062	1	105.0	105.0	4.0	20	49	10467	M	0	105.337	103.972	1.081828544640977	R2	restore_2km	r2_2140__p1:i10467	r2_2140__p1:i10467	979	0.268939	0.163886	0.098746	0.049813	0.188631	0.118729	0.111256
restore_2km_rep030_2140_NE_SK062_i12706	lunarc	restore_2km	rep030	2140	NE	SK062	1	105.0	105.0	4.0	20	49	12706	M	0	108.669	105.337	3.684444327167936	R2	restore_2km	r2_2140__p1:i12706	r2_2140__p1:i12706	980	0.063155	0.044424	0.181179	0.16788	0.105486	0.271249	0.166627
restore_2km_rep030_2140_NE_SK063_i10275	lunarc	restore_2km	rep030	2140	NE	SK063	2	119.0	105.0	4.0	20	43	10275	M	0	117.185	108.032	3.5337301821163383	R2	restore_2km	r2_2140__p1:i10275	r2_2140__p1:i10275	981	0.22151	1e-05	0.243478	0.092067	0.247032	1e-05	0.195892
restore_2km_rep030_2140_NE_SK063_i11377	lunarc	restore_2km	rep030	2140	NE	SK063	2	119.0	105.0	4.0	20	43	11377	M	0	117.021	102.659	3.065407313881789	R2	restore_2km	r2_2140__p1:i11377	r2_2140__p1:i11377	982	0.425447	0.020357	0.20045	1e-05	0.234245	0.062461	0.057029
restore_2km_rep030_2140_NE_SK063_i10289	lunarc	restore_2km	rep030	2140	NE	SK063	2	119.0	105.0	4.0	20	43	10289	M	0	115.716	104.933	3.284683394179725	R2	restore_2km	r2_2140__p1:i10289	r2_2140__p1:i10289	983	0.281238	0.05042	1e-05	0.297934	1e-05	0.052348	0.31804
restore_2km_rep030_2140_NE_SK063_i11161	lunarc	restore_2km	rep030	2140	NE	SK063	2	119.0	105.0	4.0	20	43	11161	M	0	121.008	102.809	2.9719597911142728	R2	restore_2km	r2_2140__p1:i11161	r2_2140__p1:i11161	984	0.202689	0.086296	0.10115	1e-05	0.192998	0.060344	0.356513
restore_2km_rep030_2140_NE_SK063_i10288	lunarc	restore_2km	rep030	2140	NE	SK063	2	119.0	105.0	4.0	20	43	10288	M	0	116.486	105.378	2.542258838120143	R2	restore_2km	r2_2140__p1:i10288	r2_2140__p1:i10288	985	0.37842	1e-05	0.041336	0.173264	1e-05	1e-05	0.40695
restore_2km_rep030_2140_NE_SK063_i9516	lunarc	restore_2km	rep030	2140	NE	SK063	2	119.0	105.0	4.0	20	43	9516	M	0	118.304	105.922	1.15520560940466	R2	restore_2km	r2_2140__p1:i9516	r2_2140__p1:i9516	986	0.463902	0.020477	1e-05	0.230119	1e-05	0.081792	0.20369
restore_2km_rep030_2140_NE_SK063_i17365	lunarc	restore_2km	rep030	2140	NE	SK063	2	119.0	105.0	4.0	20	43	17365	M	0	121.843	103.337	3.293663310054628	R2	restore_2km	r2_2140__p1:i17365	r2_2140__p1:i17365	987	0.786017	1e-05	0.075271	0.11901	0.019672	1e-05	1e-05
restore_2km_rep030_2140_NE_SK063_i16917	lunarc	restore_2km	rep030	2140	NE	SK063	2	119.0	105.0	4.0	20	43	16917	M	0	119.594	107.568	2.635803482811262	R2	restore_2km	r2_2140__p1:i16917	r2_2140__p1:i16917	988	0.38645	1e-05	0.151326	1e-05	1e-05	1e-05	0.462185
restore_2km_rep030_2140_NE_SK063_i11261	lunarc	restore_2km	rep030	2140	NE	SK063	2	119.0	105.0	4.0	20	43	11261	M	0	122.526	103.687	3.762531727440977	R2	restore_2km	r2_2140__p1:i11261	r2_2140__p1:i11261	989	0.178342	0.243429	1e-05	0.188749	0.162715	0.04076	0.185994
restore_2km_rep030_2140_NE_SK063_i10177	lunarc	restore_2km	rep030	2140	NE	SK063	2	119.0	105.0	4.0	20	43	10177	M	0	116.872	102.561	3.236835646121064	R2	restore_2km	r2_2140__p1:i10177	r2_2140__p1:i10177	990	0.228294	0.053963	0.04169	0.267631	0.013844	1e-05	0.394569
restore_2km_rep030_2140_NE_SK063_i10178	lunarc	restore_2km	rep030	2140	NE	SK063	2	119.0	105.0	4.0	20	43	10178	M	0	121.042	101.845	3.7581629820964406	R2	restore_2km	r2_2140__p1:i10178	r2_2140__p1:i10178	991	0.348321	0.031879	0.123873	0.062673	0.29701	0.03338	0.102863
restore_2km_rep030_2140_NE_SK063_i561	lunarc	restore_2km	rep030	2140	NE	SK063	2	119.0	105.0	4.0	20	43	561	F	0	117.07	108.382	3.8939470977402943	R2	restore_2km	r2_2140__p1:i561	r2_2140__p1:i561	992	0.411768	0.088749	0.184212	0.049209	1e-05	0.135113	0.130939
restore_2km_rep030_2140_NE_SK063_i10293	lunarc	restore_2km	rep030	2140	NE	SK063	2	119.0	105.0	4.0	20	43	10293	M	0	115.392	105.496	3.6419335523867034	R2	restore_2km	r2_2140__p1:i10293	r2_2140__p1:i10293	993	0.37842	1e-05	0.041336	0.173264	1e-05	1e-05	0.40695
restore_2km_rep030_2140_NE_SK063_i10290	lunarc	restore_2km	rep030	2140	NE	SK063	2	119.0	105.0	4.0	20	43	10290	M	0	116.378	104.787	2.6306373752381758	R2	restore_2km	r2_2140__p1:i10290	r2_2140__p1:i10290	994	0.389531	1e-05	1e-05	0.228331	1e-05	1e-05	0.382098
restore_2km_rep030_2140_NE_SK063_i17364	lunarc	restore_2km	rep030	2140	NE	SK063	2	119.0	105.0	4.0	20	43	17364	M	0	118.372	103.201	1.905461886262757	R2	restore_2km	r2_2140__p1:i17364	r2_2140__p1:i17364	995	0.800581	1e-05	0.066201	0.064303	0.068885	1e-05	1e-05
restore_2km_rep030_2140_NE_SK063_i11262	lunarc	restore_2km	rep030	2140	NE	SK063	2	119.0	105.0	4.0	20	43	11262	M	0	118.002	106.007	1.417763379411395	R2	restore_2km	r2_2140__p1:i11262	r2_2140__p1:i11262	996	0.25522	0.061146	0.122083	0.063875	1e-05	1e-05	0.497656
restore_2km_rep030_2140_NE_SK063_i4501	lunarc	restore_2km	rep030	2140	NE	SK063	2	119.0	105.0	4.0	20	43	4501	F	0	119.885	103.055	2.136878564635806	R2	restore_2km	r2_2140__p1:i4501	r2_2140__p1:i4501	997	0.325168	1e-05	0.252376	0.063842	0.282137	0.008314	0.068152
restore_2km_rep030_2140_NE_SK063_i8283	lunarc	restore_2km	rep030	2140	NE	SK063	2	119.0	105.0	4.0	20	43	8283	F	0	122.502	105.96	3.63119870015398	R2	restore_2km	r2_2140__p1:i8283	r2_2140__p1:i8283	998	0.344725	1e-05	0.242802	0.022234	0.093909	1e-05	0.296309
restore_2km_rep030_2140_NE_SK063_i17155	lunarc	restore_2km	rep030	2140	NE	SK063	2	119.0	105.0	4.0	20	43	17155	M	0	119.201	104.091	0.9309575715358936	R2	restore_2km	r2_2140__p1:i17155	r2_2140__p1:i17155	999	0.343351	1e-05	0.236756	1e-05	0.057293	1e-05	0.362569
restore_2km_rep030_2140_NE_SK063_i7700	lunarc	restore_2km	rep030	2140	NE	SK063	2	119.0	105.0	4.0	20	43	7700	F	0	122.727	104.268	3.798203917643184	R2	restore_2km	r2_2140__p1:i7700	r2_2140__p1:i7700	1000	0.272846	0.17753	0.076648	0.112865	0.103748	0.049883	0.206481
restore_2km_rep030_2140_NE_SK064_i12929	lunarc	restore_2km	rep030	2140	NE	SK064	3	133.0	105.0	4.0	20	79	12929	M	0	134.506	102.233	3.150289669220908	R2	restore_2km	r2_2140__p1:i12929	r2_2140__p1:i12929	1001	0.572918	1e-05	0.128405	1e-05	0.133704	1e-05	0.164943
restore_2km_rep030_2140_NE_SK064_i17123	lunarc	restore_2km	rep030	2140	NE	SK064	3	133.0	105.0	4.0	20	79	17123	M	0	132.272	105.433	0.8470377795588686	R2	restore_2km	r2_2140__p1:i17123	r2_2140__p1:i17123	1002	0.249054	1e-05	0.260058	0.045307	0.242045	0.032076	0.17145
restore_2km_rep030_2140_NE_SK064_i3994	lunarc	restore_2km	rep030	2140	NE	SK064	3	133.0	105.0	4.0	20	79	3994	F	0	135.134	106.059	2.38231756909106	R2	restore_2km	r2_2140__p1:i3994	r2_2140__p1:i3994	1003	0.437522	1e-05	0.075158	0.245783	0.047749	0.125089	0.068688
restore_2km_rep030_2140_NE_SK064_i12221	lunarc	restore_2km	rep030	2140	NE	SK064	3	133.0	105.0	4.0	20	79	12221	M	0	131.647	103.675	1.8937354619904097	R2	restore_2km	r2_2140__p1:i12221	r2_2140__p1:i12221	1004	0.196512	0.036551	0.216237	0.177774	0.128722	0.244194	1e-05
restore_2km_rep030_2140_NE_SK064_i17540	lunarc	restore_2km	rep030	2140	NE	SK064	3	133.0	105.0	4.0	20	79	17540	M	0	136.306	105.608	3.3614431424612974	R2	restore_2km	r2_2140__p1:i17540	r2_2140__p1:i17540	1005	0.504728	1e-05	0.22769	0.022804	0.138476	0.091524	0.014767
restore_2km_rep030_2140_NE_SK064_i7219	lunarc	restore_2km	rep030	2140	NE	SK064	3	133.0	105.0	4.0	20	79	7219	F	0	135.847	105.028	2.8471376854658867	R2	restore_2km	r2_2140__p1:i7219	r2_2140__p1:i7219	1006	0.256062	1e-05	0.129033	1e-05	0.005841	0.045661	0.563383
restore_2km_rep030_2140_NE_SK064_i8582	lunarc	restore_2km	rep030	2140	NE	SK064	3	133.0	105.0	4.0	20	79	8582	F	0	131.445	101.829	3.5317511237345225	R2	restore_2km	r2_2140__p1:i8582	r2_2140__p1:i8582	1007	0.3862	0.051057	0.107694	1e-05	0.119426	0.207821	0.127791
restore_2km_rep030_2140_NE_SK064_i6943	lunarc	restore_2km	rep030	2140	NE	SK064	3	133.0	105.0	4.0	20	79	6943	F	0	133.572	103.24	1.8506171943435576	R2	restore_2km	r2_2140__p1:i6943	r2_2140__p1:i6943	1008	0.567146	1e-05	0.069388	1e-05	0.129283	0.063718	0.170445
restore_2km_rep030_2140_NE_SK064_i9451	lunarc	restore_2km	rep030	2140	NE	SK064	3	133.0	105.0	4.0	20	79	9451	M	0	132.566	103.804	1.27230971072298	R2	restore_2km	r2_2140__p1:i9451	r2_2140__p1:i9451	1009	0.327699	1e-05	0.461428	1e-05	1e-05	1e-05	0.210833
restore_2km_rep030_2140_NE_SK064_i14638	lunarc	restore_2km	rep030	2140	NE	SK064	3	133.0	105.0	4.0	20	79	14638	M	0	131.524	108.209	3.5321745426861364	R2	restore_2km	r2_2140__p1:i14638	r2_2140__p1:i14638	1010	0.333912	0.045547	0.030412	0.034373	1e-05	0.065258	0.490488
restore_2km_rep030_2140_NE_SK064_i9452	lunarc	restore_2km	rep030	2140	NE	SK064	3	133.0	105.0	4.0	20	79	9452	M	0	133.725	104.155	1.11339570683562	R2	restore_2km	r2_2140__p1:i9452	r2_2140__p1:i9452	1011	0.358573	1e-05	0.484534	1e-05	0.001334	1e-05	0.155529
restore_2km_rep030_2140_NE_SK064_i11222	lunarc	restore_2km	rep030	2140	NE	SK064	3	133.0	105.0	4.0	20	79	11222	M	0	135.854	103.471	3.2377703748104287	R2	restore_2km	r2_2140__p1:i11222	r2_2140__p1:i11222	1012	0.46672	1e-05	0.0677	0.069732	0.112791	0.163393	0.119654
restore_2km_rep030_2140_NE_SK064_i3255	lunarc	restore_2km	rep030	2140	NE	SK064	3	133.0	105.0	4.0	20	79	3255	F	0	130.746	107.806	3.599187686131406	R2	restore_2km	r2_2140__p1:i3255	r2_2140__p1:i3255	1013	0.482359	0.038428	0.026359	1e-05	0.069259	0.134186	0.249398
restore_2km_rep030_2140_NE_SK064_i1354	lunarc	restore_2km	rep030	2140	NE	SK064	3	133.0	105.0	4.0	20	79	1354	F	0	130.922	107.287	3.0900571192131774	R2	restore_2km	r2_2140__p1:i1354	r2_2140__p1:i1354	1014	0.469413	1e-05	0.088975	1e-05	0.083061	0.101942	0.25659
restore_2km_rep030_2140_NE_SK064_i13152	lunarc	restore_2km	rep030	2140	NE	SK064	3	133.0	105.0	4.0	20	79	13152	M	0	131.406	104.463	1.6820240783056548	R2	restore_2km	r2_2140__p1:i13152	r2_2140__p1:i13152	1015	0.498639	1e-05	0.193181	0.010363	0.151485	0.146312	1e-05
restore_2km_rep030_2140_NE_SK064_i14961	lunarc	restore_2km	rep030	2140	NE	SK064	3	133.0	105.0	4.0	20	79	14961	M	0	135.019	102.166	3.4796432288382726	R2	restore_2km	r2_2140__p1:i14961	r2_2140__p1:i14961	1016	0.259604	1e-05	0.072441	0.181968	1e-05	0.291843	0.194124
restore_2km_rep030_2140_NE_SK064_i14931	lunarc	restore_2km	rep030	2140	NE	SK064	3	133.0	105.0	4.0	20	79	14931	M	0	135.668	103.015	3.325424634539179	R2	restore_2km	r2_2140__p1:i14931	r2_2140__p1:i14931	1017	0.553024	0.026568	0.117576	1e-05	0.114622	0.045666	0.142533
restore_2km_rep030_2140_NE_SK064_i3650	lunarc	restore_2km	rep030	2140	NE	SK064	3	133.0	105.0	4.0	20	79	3650	F	0	133.994	107.727	2.902510120568061	R2	restore_2km	r2_2140__p1:i3650	r2_2140__p1:i3650	1018	0.370554	0.182589	0.089444	1e-05	1e-05	0.174584	0.182809
restore_2km_rep030_2140_NE_SK064_i9612	lunarc	restore_2km	rep030	2140	NE	SK064	3	133.0	105.0	4.0	20	79	9612	M	0	129.78	107.101	3.8448148199880814	R2	restore_2km	r2_2140__p1:i9612	r2_2140__p1:i9612	1019	0.351602	1e-05	0.088857	0.172835	0.015385	0.044861	0.32645
restore_2km_rep030_2140_NE_SK064_i7314	lunarc	restore_2km	rep030	2140	NE	SK064	3	133.0	105.0	4.0	20	79	7314	F	0	132.906	103.146	1.8563814263238023	R2	restore_2km	r2_2140__p1:i7314	r2_2140__p1:i7314	1020	0.320463	0.048885	0.197232	0.038714	0.359759	0.034936	1e-05
restore_2km_rep030_2140_W_SK025_i14860	lunarc	restore_2km	rep030	2140	W	SK025	1	91.0	49.0	4.0	20	140	14860	M	0	92.1909	48.4265	1.3217961491848889	R2	restore_2km	r2_2140__p1:i14860	r2_2140__p1:i14860	1021	0.410272	0.013776	0.072379	1e-05	0.151397	0.240318	0.111848
restore_2km_rep030_2140_W_SK025_i4499	lunarc	restore_2km	rep030	2140	W	SK025	1	91.0	49.0	4.0	20	140	4499	F	0	90.2508	49.4436	0.8706788156375495	R2	restore_2km	r2_2140__p1:i4499	r2_2140__p1:i4499	1022	0.429768	0.105417	0.102144	1e-05	0.244979	0.016822	0.10086
restore_2km_rep030_2140_W_SK025_i1337	lunarc	restore_2km	rep030	2140	W	SK025	1	91.0	49.0	4.0	20	140	1337	F	0	94.1346	47.6416	3.4162798070415787	R2	restore_2km	r2_2140__p1:i1337	r2_2140__p1:i1337	1023	0.250412	0.064537	0.287346	1e-05	0.083924	0.22676	0.087011
restore_2km_rep030_2140_W_SK025_i6379	lunarc	restore_2km	rep030	2140	W	SK025	1	91.0	49.0	4.0	20	140	6379	F	0	91.0477	45.8692	3.1311633508969163	R2	restore_2km	r2_2140__p1:i6379	r2_2140__p1:i6379	1024	0.532518	1e-05	0.062337	1e-05	0.131413	0.273702	1e-05
restore_2km_rep030_2140_W_SK025_i6378	lunarc	restore_2km	rep030	2140	W	SK025	1	91.0	49.0	4.0	20	140	6378	F	0	92.4676	47.1789	2.33885762072	R2	restore_2km	r2_2140__p1:i6378	r2_2140__p1:i6378	1025	0.526476	1e-05	0.064045	1e-05	0.133012	0.276437	1e-05
restore_2km_rep030_2140_W_SK025_i17171	lunarc	restore_2km	rep030	2140	W	SK025	1	91.0	49.0	4.0	20	140	17171	M	0	93.2601	49.5995	2.3382583817876017	R2	restore_2km	r2_2140__p1:i17171	r2_2140__p1:i17171	1026	0.334989	1e-05	0.044088	0.201858	0.196774	0.033902	0.188378
restore_2km_rep030_2140_W_SK025_i13760	lunarc	restore_2km	rep030	2140	W	SK025	1	91.0	49.0	4.0	20	140	13760	M	0	93.9861	50.8485	3.5119432597922144	R2	restore_2km	r2_2140__p1:i13760	r2_2140__p1:i13760	1027	0.380944	0.16988	1e-05	0.005841	0.122616	0.259377	0.061331
restore_2km_rep030_2140_W_SK025_i5964	lunarc	restore_2km	rep030	2140	W	SK025	1	91.0	49.0	4.0	20	140	5964	F	0	92.0022	50.3441	1.6766065877241438	R2	restore_2km	r2_2140__p1:i5964	r2_2140__p1:i5964	1028	0.424389	0.147489	0.071797	0.073734	1e-05	0.14804	0.134541
restore_2km_rep030_2140_W_SK025_i824	lunarc	restore_2km	rep030	2140	W	SK025	1	91.0	49.0	4.0	20	140	824	F	0	93.6513	47.5736	3.010649207396975	R2	restore_2km	r2_2140__p1:i824	r2_2140__p1:i824	1029	0.261215	0.045478	0.001368	0.282845	1e-05	1e-05	0.409073
restore_2km_rep030_2140_W_SK025_i8194	lunarc	restore_2km	rep030	2140	W	SK025	1	91.0	49.0	4.0	20	140	8194	F	0	92.0675	46.6424	2.588017389817924	R2	restore_2km	r2_2140__p1:i8194	r2_2140__p1:i8194	1030	0.207198	1e-05	0.052011	0.179165	0.238495	0.220205	0.102916
restore_2km_rep030_2140_W_SK025_i10865	lunarc	restore_2km	rep030	2140	W	SK025	1	91.0	49.0	4.0	20	140	10865	M	0	91.3961	46.8872	2.1496090458499664	R2	restore_2km	r2_2140__p1:i10865	r2_2140__p1:i10865	1031	0.519729	1e-05	0.171828	1e-05	1e-05	0.27952	0.028893
restore_2km_rep030_2140_W_SK025_i17366	lunarc	restore_2km	rep030	2140	W	SK025	1	91.0	49.0	4.0	20	140	17366	M	0	94.4873	47.5522	3.7758954077145774	R2	restore_2km	r2_2140__p1:i17366	r2_2140__p1:i17366	1032	0.316186	1e-05	0.014431	1e-05	0.268151	0.293099	0.108114
restore_2km_rep030_2140_W_SK025_i3267	lunarc	restore_2km	rep030	2140	W	SK025	1	91.0	49.0	4.0	20	140	3267	F	0	89.9379	47.3002	2.0043394048913004	R2	restore_2km	r2_2140__p1:i3267	r2_2140__p1:i3267	1033	0.467043	0.034661	0.128973	0.205156	0.074038	0.090118	1e-05
restore_2km_rep030_2140_W_SK025_i8525	lunarc	restore_2km	rep030	2140	W	SK025	1	91.0	49.0	4.0	20	140	8525	F	0	90.9434	49.5773	0.5800679701552237	R2	restore_2km	r2_2140__p1:i8525	r2_2140__p1:i8525	1034	0.349975	0.131689	0.1873	0.037343	1e-05	1e-05	0.293672
restore_2km_rep030_2140_W_SK025_i17039	lunarc	restore_2km	rep030	2140	W	SK025	1	91.0	49.0	4.0	20	140	17039	M	0	93.4811	49.3555	2.506439199342364	R2	restore_2km	r2_2140__p1:i17039	r2_2140__p1:i17039	1035	0.620071	1e-05	0.14777	1e-05	0.077957	0.137405	0.016776
restore_2km_rep030_2140_W_SK025_i7911	lunarc	restore_2km	rep030	2140	W	SK025	1	91.0	49.0	4.0	20	140	7911	F	0	90.2915	48.4718	0.8837236502436716	R2	restore_2km	r2_2140__p1:i7911	r2_2140__p1:i7911	1036	0.605434	1e-05	0.036448	0.122	1e-05	0.084278	0.15182
restore_2km_rep030_2140_W_SK025_i8502	lunarc	restore_2km	rep030	2140	W	SK025	1	91.0	49.0	4.0	20	140	8502	F	0	93.1132	48.6549	2.1411931837179075	R2	restore_2km	r2_2140__p1:i8502	r2_2140__p1:i8502	1037	0.320889	1e-05	1e-05	1e-05	0.325057	0.230838	0.123185
restore_2km_rep030_2140_W_SK025_i13135	lunarc	restore_2km	rep030	2140	W	SK025	1	91.0	49.0	4.0	20	140	13135	M	0	94.3106	47.4437	3.658161020239536	R2	restore_2km	r2_2140__p1:i13135	r2_2140__p1:i13135	1038	0.480848	1e-05	0.061036	0.13336	0.10792	0.038361	0.178465
restore_2km_rep030_2140_W_SK025_i16920	lunarc	restore_2km	rep030	2140	W	SK025	1	91.0	49.0	4.0	20	140	16920	M	0	90.5075	47.6052	1.4791968395044648	R2	restore_2km	r2_2140__p1:i16920	r2_2140__p1:i16920	1039	0.423358	0.029378	0.155498	0.057553	0.123032	0.156346	0.054836
restore_2km_rep030_2140_W_SK025_i10027	lunarc	restore_2km	rep030	2140	W	SK025	1	91.0	49.0	4.0	20	140	10027	M	0	87.6487	46.8367	3.988869336039972	R2	restore_2km	r2_2140__p1:i10027	r2_2140__p1:i10027	1040	0.424292	0.192574	1e-05	0.107611	1e-05	1e-05	0.275492
restore_2km_rep030_2140_W_SK026_i14201	lunarc	restore_2km	rep030	2140	W	SK026	2	105.0	49.0	4.0	20	102	14201	M	0	101.317	49.3836	3.702922894147278	R2	restore_2km	r2_2140__p1:i14201	r2_2140__p1:i14201	1041	0.374425	0.140581	0.070807	1e-05	0.241809	0.075317	0.097051
restore_2km_rep030_2140_W_SK026_i16641	lunarc	restore_2km	rep030	2140	W	SK026	2	105.0	49.0	4.0	20	102	16641	M	0	106.828	46.8545	2.8186440445717875	R2	restore_2km	r2_2140__p1:i16641	r2_2140__p1:i16641	1042	0.258672	0.18647	0.270902	1e-05	0.268315	1e-05	0.015622
restore_2km_rep030_2140_W_SK026_i7702	lunarc	restore_2km	rep030	2140	W	SK026	2	105.0	49.0	4.0	20	102	7702	F	0	104.276	45.9409	3.143607610691896	R2	restore_2km	r2_2140__p1:i7702	r2_2140__p1:i7702	1043	0.36747	0.079146	0.279523	1e-05	0.27383	1e-05	1e-05
restore_2km_rep030_2140_W_SK026_i10598	lunarc	restore_2km	rep030	2140	W	SK026	2	105.0	49.0	4.0	20	102	10598	M	0	103.988	49.9226	1.369428625376294	R2	restore_2km	r2_2140__p1:i10598	r2_2140__p1:i10598	1044	0.491341	0.107722	0.056178	0.101309	0.01097	0.23247	1e-05
restore_2km_rep030_2140_W_SK026_i11657	lunarc	restore_2km	rep030	2140	W	SK026	2	105.0	49.0	4.0	20	102	11657	M	0	106.36	47.7514	1.8462399519022457	R2	restore_2km	r2_2140__p1:i11657	r2_2140__p1:i11657	1045	0.374576	0.10245	0.025604	0.159977	0.11072	0.084194	0.142478
restore_2km_rep030_2140_W_SK026_i6980	lunarc	restore_2km	rep030	2140	W	SK026	2	105.0	49.0	4.0	20	102	6980	F	0	106.193	51.914	3.148752927747746	R2	restore_2km	r2_2140__p1:i6980	r2_2140__p1:i6980	1046	0.328149	0.147375	0.141785	0.056787	0.103939	0.139286	0.082679
restore_2km_rep030_2140_W_SK026_i9535	lunarc	restore_2km	rep030	2140	W	SK026	2	105.0	49.0	4.0	20	102	9535	M	0	105.499	45.2716	3.76164426281912	R2	restore_2km	r2_2140__p1:i9535	r2_2140__p1:i9535	1047	0.267869	0.040624	0.049255	0.170553	0.262475	0.08211	0.127113
restore_2km_rep030_2140_W_SK026_i8011	lunarc	restore_2km	rep030	2140	W	SK026	2	105.0	49.0	4.0	20	102	8011	F	0	102.241	46.8321	3.5088276403950105	R2	restore_2km	r2_2140__p1:i8011	r2_2140__p1:i8011	1048	0.504458	0.142055	0.158717	0.167162	0.027588	1e-05	1e-05
restore_2km_rep030_2140_W_SK026_i7628	lunarc	restore_2km	rep030	2140	W	SK026	2	105.0	49.0	4.0	20	102	7628	F	0	107.451	50.0733	2.6757006353476798	R2	restore_2km	r2_2140__p1:i7628	r2_2140__p1:i7628	1049	0.190454	0.172646	0.0111	0.04849	0.078165	0.373489	0.125655
restore_2km_rep030_2140_W_SK026_i13453	lunarc	restore_2km	rep030	2140	W	SK026	2	105.0	49.0	4.0	20	102	13453	M	0	105.124	46.4874	2.515657917921273	R2	restore_2km	r2_2140__p1:i13453	r2_2140__p1:i13453	1050	0.503731	0.212846	0.0075	0.120053	1e-05	0.076144	0.079716
restore_2km_rep030_2140_W_SK026_i11952	lunarc	restore_2km	rep030	2140	W	SK026	2	105.0	49.0	4.0	20	102	11952	M	0	105.62	51.3884	2.467560447081285	R2	restore_2km	r2_2140__p1:i11952	r2_2140__p1:i11952	1051	0.446218	0.157947	0.125463	0.043772	0.12218	0.104409	1e-05
restore_2km_rep030_2140_W_SK026_i6005	lunarc	restore_2km	rep030	2140	W	SK026	2	105.0	49.0	4.0	20	102	6005	F	0	106.104	45.2942	3.866751820326723	R2	restore_2km	r2_2140__p1:i6005	r2_2140__p1:i6005	1052	0.443195	0.100503	1e-05	0.22278	1e-05	0.03093	0.202572
restore_2km_rep030_2140_W_SK026_i578	lunarc	restore_2km	rep030	2140	W	SK026	2	105.0	49.0	4.0	20	102	578	F	0	103.489	45.6682	3.6584166301830634	R2	restore_2km	r2_2140__p1:i578	r2_2140__p1:i578	1053	0.502116	0.166672	0.239971	0.009848	0.079636	1e-05	0.001748
restore_2km_rep030_2140_W_SK026_i11140	lunarc	restore_2km	rep030	2140	W	SK026	2	105.0	49.0	4.0	20	102	11140	M	0	103.892	46.2481	2.9665834911561157	R2	restore_2km	r2_2140__p1:i11140	r2_2140__p1:i11140	1054	0.625563	0.011868	1e-05	1e-05	1e-05	0.276263	0.086276
restore_2km_rep030_2140_W_SK026_i4020	lunarc	restore_2km	rep030	2140	W	SK026	2	105.0	49.0	4.0	20	102	4020	F	0	105.28	51.3941	2.41041797412814	R2	restore_2km	r2_2140__p1:i4020	r2_2140__p1:i4020	1055	0.350113	0.094533	0.314541	1e-05	0.240784	1e-05	1e-05
restore_2km_rep030_2140_W_SK026_i13452	lunarc	restore_2km	rep030	2140	W	SK026	2	105.0	49.0	4.0	20	102	13452	M	0	107.768	46.4482	3.76477187091064	R2	restore_2km	r2_2140__p1:i13452	r2_2140__p1:i13452	1056	0.414351	0.119572	0.016182	0.110925	0.030728	0.1477	0.160542
restore_2km_rep030_2140_W_SK026_i8080	lunarc	restore_2km	rep030	2140	W	SK026	2	105.0	49.0	4.0	20	102	8080	F	0	106.282	46.3045	2.984835715747184	R2	restore_2km	r2_2140__p1:i8080	r2_2140__p1:i8080	1057	0.309175	0.015924	0.113466	0.172575	0.010191	0.214464	0.164204
restore_2km_rep030_2140_W_SK026_i15402	lunarc	restore_2km	rep030	2140	W	SK026	2	105.0	49.0	4.0	20	102	15402	M	0	101.42	50.1507	3.760387013327217	R2	restore_2km	r2_2140__p1:i15402	r2_2140__p1:i15402	1058	0.281579	0.124913	0.121762	0.050238	0.02891	0.299943	0.092655
restore_2km_rep030_2140_W_SK026_i5360	lunarc	restore_2km	rep030	2140	W	SK026	2	105.0	49.0	4.0	20	102	5360	F	0	102.46	49.5573	2.6004198295659933	R2	restore_2km	r2_2140__p1:i5360	r2_2140__p1:i5360	1059	0.446113	1e-05	0.120536	0.071354	0.281627	0.052335	0.028025
restore_2km_rep030_2140_W_SK026_i4942	lunarc	restore_2km	rep030	2140	W	SK026	2	105.0	49.0	4.0	20	102	4942	F	0	108.516	48.179	3.610581255144389	R2	restore_2km	r2_2140__p1:i4942	r2_2140__p1:i4942	1060	0.660589	1e-05	0.07206	0.063525	0.148713	1e-05	0.055092
restore_2km_rep030_2140_W_SK034_i10232	lunarc	restore_2km	rep030	2140	W	SK034	3	91.0	63.0	4.0	20	164	10232	M	0	93.8502	63.1643	2.85493161564336	R2	restore_2km	r2_2140__p1:i10232	r2_2140__p1:i10232	1061	0.21764	0.114426	0.126966	0.025894	1e-05	0.2483	0.266765
restore_2km_rep030_2140_W_SK034_i16350	lunarc	restore_2km	rep030	2140	W	SK034	3	91.0	63.0	4.0	20	164	16350	M	0	94.056	61.0345	3.6335005504334217	R2	restore_2km	r2_2140__p1:i16350	r2_2140__p1:i16350	1062	0.352247	0.078211	1e-05	1e-05	0.320828	0.085977	0.162717
restore_2km_rep030_2140_W_SK034_i8603	lunarc	restore_2km	rep030	2140	W	SK034	3	91.0	63.0	4.0	20	164	8603	F	0	89.0918	61.4788	2.440343557780334	R2	restore_2km	r2_2140__p1:i8603	r2_2140__p1:i8603	1063	0.238714	0.049304	0.081224	0.051273	0.13364	0.27829	0.167555
restore_2km_rep030_2140_W_SK034_i2766	lunarc	restore_2km	rep030	2140	W	SK034	3	91.0	63.0	4.0	20	164	2766	F	0	90.8684	60.7982	2.205729312495075	R2	restore_2km	r2_2140__p1:i2766	r2_2140__p1:i2766	1064	0.592386	1e-05	1e-05	1e-05	1e-05	1e-05	0.407564
restore_2km_rep030_2140_W_SK034_i4669	lunarc	restore_2km	rep030	2140	W	SK034	3	91.0	63.0	4.0	20	164	4669	F	0	93.174	59.7265	3.9296409823290497	R2	restore_2km	r2_2140__p1:i4669	r2_2140__p1:i4669	1065	0.308808	0.028282	0.181917	0.06313	0.263139	1e-05	0.154714
restore_2km_rep030_2140_W_SK034_i16729	lunarc	restore_2km	rep030	2140	W	SK034	3	91.0	63.0	4.0	20	164	16729	M	0	87.8595	61.9478	3.312078666034371	R2	restore_2km	r2_2140__p1:i16729	r2_2140__p1:i16729	1066	0.31128	0.092164	0.17912	0.230099	0.112072	0.026862	0.048403
restore_2km_rep030_2140_W_SK034_i6602	lunarc	restore_2km	rep030	2140	W	SK034	3	91.0	63.0	4.0	20	164	6602	F	0	92.4235	65.037	2.485099847088651	R2	restore_2km	r2_2140__p1:i6602	r2_2140__p1:i6602	1067	0.369847	0.180055	0.111393	0.181023	0.157662	1e-05	1e-05
restore_2km_rep030_2140_W_SK034_i17470	lunarc	restore_2km	rep030	2140	W	SK034	3	91.0	63.0	4.0	20	164	17470	M	0	88.903	61.5248	2.563907962466668	R2	restore_2km	r2_2140__p1:i17470	r2_2140__p1:i17470	1068	0.100381	0.03635	0.060476	0.290331	1e-05	0.17899	0.333463
restore_2km_rep030_2140_W_SK034_i536	lunarc	restore_2km	rep030	2140	W	SK034	3	91.0	63.0	4.0	20	164	536	F	0	93.54	65.172	3.3420329142604235	R2	restore_2km	r2_2140__p1:i536	r2_2140__p1:i536	1069	0.422682	0.114814	0.080059	0.241462	0.132958	1e-05	0.008016
restore_2km_rep030_2140_W_SK034_i17041	lunarc	restore_2km	rep030	2140	W	SK034	3	91.0	63.0	4.0	20	164	17041	M	0	93.6607	63.2345	2.6710138037831306	R2	restore_2km	r2_2140__p1:i17041	r2_2140__p1:i17041	1070	0.358923	0.321787	0.093837	0.024249	0.117887	0.083307	1e-05
restore_2km_rep030_2140_W_SK034_i5215	lunarc	restore_2km	rep030	2140	W	SK034	3	91.0	63.0	4.0	20	164	5215	F	0	90.279	62.407	0.9335362874575416	R2	restore_2km	r2_2140__p1:i5215	r2_2140__p1:i5215	1071	0.42764	0.213842	0.111371	1e-05	0.069033	0.061661	0.116445
restore_2km_rep030_2140_W_SK034_i4221	lunarc	restore_2km	rep030	2140	W	SK034	3	91.0	63.0	4.0	20	164	4221	F	0	90.5719	59.3483	3.6767081064452185	R2	restore_2km	r2_2140__p1:i4221	r2_2140__p1:i4221	1072	0.433549	0.002124	0.141652	0.144809	0.172434	0.067178	0.038254
restore_2km_rep030_2140_W_SK034_i11632	lunarc	restore_2km	rep030	2140	W	SK034	3	91.0	63.0	4.0	20	164	11632	M	0	90.9221	61.0241	1.977435010310076	R2	restore_2km	r2_2140__p1:i11632	r2_2140__p1:i11632	1073	0.23791	0.139126	1e-05	0.236842	0.056958	0.232646	0.096508
restore_2km_rep030_2140_W_SK034_i3308	lunarc	restore_2km	rep030	2140	W	SK034	3	91.0	63.0	4.0	20	164	3308	F	0	93.1286	60.4519	3.320203543459349	R2	restore_2km	r2_2140__p1:i3308	r2_2140__p1:i3308	1074	0.363019	0.020504	0.126735	0.117407	0.056209	0.051154	0.264973
restore_2km_rep030_2140_W_SK034_i1527	lunarc	restore_2km	rep030	2140	W	SK034	3	91.0	63.0	4.0	20	164	1527	F	0	88.3038	60.6314	3.588838307865099	R2	restore_2km	r2_2140__p1:i1527	r2_2140__p1:i1527	1075	0.312764	0.065553	0.039901	0.00795	0.20568	0.368141	1e-05
restore_2km_rep030_2140_W_SK034_i4549	lunarc	restore_2km	rep030	2140	W	SK034	3	91.0	63.0	4.0	20	164	4549	F	0	91.1998	66.0421	3.048654203087	R2	restore_2km	r2_2140__p1:i4549	r2_2140__p1:i4549	1076	0.265713	1e-05	0.098173	0.037691	1e-05	0.179043	0.41936
restore_2km_rep030_2140_W_SK034_i15118	lunarc	restore_2km	rep030	2140	W	SK034	3	91.0	63.0	4.0	20	164	15118	M	0	94.936	62.5487	3.961788445891585	R2	restore_2km	r2_2140__p1:i15118	r2_2140__p1:i15118	1077	0.308209	0.023652	0.110097	1e-05	1e-05	0.233513	0.32451
restore_2km_rep030_2140_W_SK034_i5035	lunarc	restore_2km	rep030	2140	W	SK034	3	91.0	63.0	4.0	20	164	5035	F	0	91.8116	63.7445	1.101351356289173	R2	restore_2km	r2_2140__p1:i5035	r2_2140__p1:i5035	1078	0.387138	0.235358	0.111237	1e-05	0.220356	1e-05	0.045892
restore_2km_rep030_2140_W_SK034_i5181	lunarc	restore_2km	rep030	2140	W	SK034	3	91.0	63.0	4.0	20	164	5181	F	0	88.6582	63.858	2.494031122500284	R2	restore_2km	r2_2140__p1:i5181	r2_2140__p1:i5181	1079	0.432773	0.081732	0.139864	0.191766	0.05888	0.036984	0.058001
restore_2km_rep030_2140_W_SK034_i13013	lunarc	restore_2km	rep030	2140	W	SK034	3	91.0	63.0	4.0	20	164	13013	M	0	91.1773	64.5127	1.5230550154213034	R2	restore_2km	r2_2140__p1:i13013	r2_2140__p1:i13013	1080	0.219575	0.022914	0.132507	0.052266	0.302881	0.127522	0.142334
restore_2km_rep030_2140_E_SK037_i254	lunarc	restore_2km	rep030	2140	E	SK037	1	133.0	63.0	4.0	20	110	254	F	0	134.603	59.9407	3.45382765783124	R2	restore_2km	r2_2140__p1:i254	r2_2140__p1:i254	1081	0.544513	0.062969	0.081947	0.192719	1e-05	1e-05	0.117831
restore_2km_rep030_2140_E_SK037_i5929	lunarc	restore_2km	rep030	2140	E	SK037	1	133.0	63.0	4.0	20	110	5929	F	0	131.275	64.7252	2.439659820548755	R2	restore_2km	r2_2140__p1:i5929	r2_2140__p1:i5929	1082	0.431738	0.108818	0.061993	0.041086	0.051126	0.079339	0.2259
restore_2km_rep030_2140_E_SK037_i7063	lunarc	restore_2km	rep030	2140	E	SK037	1	133.0	63.0	4.0	20	110	7063	F	0	129.332	64.2863	3.88700291870228	R2	restore_2km	r2_2140__p1:i7063	r2_2140__p1:i7063	1083	0.403254	0.23543	0.129618	0.062172	0.049993	0.119522	1e-05
restore_2km_rep030_2140_E_SK037_i17534	lunarc	restore_2km	rep030	2140	E	SK037	1	133.0	63.0	4.0	20	110	17534	M	0	134.648	66.1323	3.5393795063541846	R2	restore_2km	r2_2140__p1:i17534	r2_2140__p1:i17534	1084	0.40778	0.117173	0.030699	1e-05	0.095126	0.245559	0.103654
restore_2km_rep030_2140_E_SK037_i1840	lunarc	restore_2km	rep030	2140	E	SK037	1	133.0	63.0	4.0	20	110	1840	F	0	132.897	61.5684	1.4353005120879776	R2	restore_2km	r2_2140__p1:i1840	r2_2140__p1:i1840	1085	0.417117	0.210949	0.037119	0.136695	0.182024	0.002383	0.013713
restore_2km_rep030_2140_E_SK037_i16373	lunarc	restore_2km	rep030	2140	E	SK037	1	133.0	63.0	4.0	20	110	16373	M	0	134.936	65.6413	3.274837658571801	R2	restore_2km	r2_2140__p1:i16373	r2_2140__p1:i16373	1086	0.343112	0.043874	0.185534	1e-05	0.321797	0.027831	0.077842
restore_2km_rep030_2140_E_SK037_i10746	lunarc	restore_2km	rep030	2140	E	SK037	1	133.0	63.0	4.0	20	110	10746	M	0	132.273	62.4599	0.9056693712387586	R2	restore_2km	r2_2140__p1:i10746	r2_2140__p1:i10746	1087	0.323467	1e-05	0.060686	0.096729	0.070701	0.383333	0.065073
restore_2km_rep030_2140_E_SK037_i661	lunarc	restore_2km	rep030	2140	E	SK037	1	133.0	63.0	4.0	20	110	661	F	0	131.026	66.2379	3.7921857035224336	R2	restore_2km	r2_2140__p1:i661	r2_2140__p1:i661	1088	0.51586	1e-05	1e-05	0.191376	0.072006	1e-05	0.220728
restore_2km_rep030_2140_E_SK037_i7064	lunarc	restore_2km	rep030	2140	E	SK037	1	133.0	63.0	4.0	20	110	7064	F	0	133.197	64.6914	1.7028338028122434	R2	restore_2km	r2_2140__p1:i7064	r2_2140__p1:i7064	1089	0.504555	0.02711	1e-05	0.172183	0.17478	1e-05	0.121351
restore_2km_rep030_2140_E_SK037_i9586	lunarc	restore_2km	rep030	2140	E	SK037	1	133.0	63.0	4.0	20	110	9586	M	0	131.657	65.6889	3.0056334124440376	R2	restore_2km	r2_2140__p1:i9586	r2_2140__p1:i9586	1090	0.895812	0.097283	1e-05	1e-05	1e-05	0.006865	1e-05
restore_2km_rep030_2140_E_SK037_i10263	lunarc	restore_2km	rep030	2140	E	SK037	1	133.0	63.0	4.0	20	110	10263	M	0	134.557	64.9587	2.502150013488387	R2	restore_2km	r2_2140__p1:i10263	r2_2140__p1:i10263	1091	0.18647	1.2e-05	0.192147	0.031744	0.354312	1e-05	0.235304
restore_2km_rep030_2140_E_SK037_i15438	lunarc	restore_2km	rep030	2140	E	SK037	1	133.0	63.0	4.0	20	110	15438	M	0	134.784	62.208	1.9519016368659496	R2	restore_2km	r2_2140__p1:i15438	r2_2140__p1:i15438	1092	0.786025	0.030457	0.091081	0.084578	1e-05	1e-05	0.00784
restore_2km_rep030_2140_E_SK037_i640	lunarc	restore_2km	rep030	2140	E	SK037	1	133.0	63.0	4.0	20	110	640	F	0	131.763	65.4086	2.7076785185837737	R2	restore_2km	r2_2140__p1:i640	r2_2140__p1:i640	1093	0.99994	1e-05	1e-05	1e-05	1e-05	1e-05	1e-05
restore_2km_rep030_2140_E_SK037_i9403	lunarc	restore_2km	rep030	2140	E	SK037	1	133.0	63.0	4.0	20	110	9403	M	0	134.271	62.0878	1.5644647135681786	R2	restore_2km	r2_2140__p1:i9403	r2_2140__p1:i9403	1094	0.681491	0.11236	0.014799	1e-05	0.12193	1e-05	0.0694
restore_2km_rep030_2140_E_SK037_i2091	lunarc	restore_2km	rep030	2140	E	SK037	1	133.0	63.0	4.0	20	110	2091	F	0	131.603	60.7864	2.6175625990604265	R2	restore_2km	r2_2140__p1:i2091	r2_2140__p1:i2091	1095	0.680308	0.049643	0.118609	0.009748	0.106218	0.035464	1e-05
restore_2km_rep030_2140_E_SK037_i388	lunarc	restore_2km	rep030	2140	E	SK037	1	133.0	63.0	4.0	20	110	388	F	0	133.413	64.3653	1.4263986434373883	R2	restore_2km	r2_2140__p1:i388	r2_2140__p1:i388	1096	0.534016	0.029413	0.128817	1e-05	0.257153	1e-05	0.05058
restore_2km_rep030_2140_E_SK037_i11362	lunarc	restore_2km	rep030	2140	E	SK037	1	133.0	63.0	4.0	20	110	11362	M	0	132.027	61.2397	2.011314269327404	R2	restore_2km	r2_2140__p1:i11362	r2_2140__p1:i11362	1097	0.155306	0.10723	0.001382	0.175021	0.048493	0.246911	0.265657
restore_2km_rep030_2140_E_SK037_i15182	lunarc	restore_2km	rep030	2140	E	SK037	1	133.0	63.0	4.0	20	110	15182	M	0	135.053	64.3374	2.4501934127737743	R2	restore_2km	r2_2140__p1:i15182	r2_2140__p1:i15182	1098	0.358936	0.176775	0.090171	0.187085	0.029234	1e-05	0.15779
restore_2km_rep030_2140_E_SK037_i16970	lunarc	restore_2km	rep030	2140	E	SK037	1	133.0	63.0	4.0	20	110	16970	M	0	133.904	66.3192	3.440102417080044	R2	restore_2km	r2_2140__p1:i16970	r2_2140__p1:i16970	1099	0.820552	0.128309	1e-05	1e-05	0.051099	1e-05	1e-05
restore_2km_rep030_2140_E_SK037_i17846	lunarc	restore_2km	rep030	2140	E	SK037	1	133.0	63.0	4.0	20	110	17846	M	0	129.838	64.5705	3.5305402207027785	R2	restore_2km	r2_2140__p1:i17846	r2_2140__p1:i17846	1100	0.432101	0.043258	0.206735	1e-05	0.164783	0.153102	1e-05
restore_2km_rep030_2140_E_SK045_i9456	lunarc	restore_2km	rep030	2140	E	SK045	2	119.0	77.0	4.0	20	96	9456	M	0	119.641	74.1788	2.893103945592006	R2	restore_2km	r2_2140__p1:i9456	r2_2140__p1:i9456	1101	0.368456	1e-05	0.146701	0.05589	0.365217	0.063717	1e-05
restore_2km_rep030_2140_E_SK045_i10277	lunarc	restore_2km	rep030	2140	E	SK045	2	119.0	77.0	4.0	20	96	10277	M	0	120.696	73.577	3.820123689096991	R2	restore_2km	r2_2140__p1:i10277	r2_2140__p1:i10277	1102	0.461947	1e-05	0.168845	1e-05	0.117304	0.016538	0.235346
restore_2km_rep030_2140_E_SK045_i10386	lunarc	restore_2km	rep030	2140	E	SK045	2	119.0	77.0	4.0	20	96	10386	M	0	116.575	76.7617	2.4366805063446426	R2	restore_2km	r2_2140__p1:i10386	r2_2140__p1:i10386	1103	0.411812	1e-05	0.139808	0.009925	0.034978	0.159384	0.244082
restore_2km_rep030_2140_E_SK045_i3531	lunarc	restore_2km	rep030	2140	E	SK045	2	119.0	77.0	4.0	20	96	3531	F	0	119.152	76.1521	0.8614165136564268	R2	restore_2km	r2_2140__p1:i3531	r2_2140__p1:i3531	1104	0.298285	0.08248	0.089313	0.100923	1e-05	0.237572	0.191416
restore_2km_rep030_2140_E_SK045_i17883	lunarc	restore_2km	rep030	2140	E	SK045	2	119.0	77.0	4.0	20	96	17883	M	0	115.814	75.0412	3.739985753983567	R2	restore_2km	r2_2140__p1:i17883	r2_2140__p1:i17883	1105	0.157876	0.203803	0.042284	0.200487	0.123414	1e-05	0.272127
restore_2km_rep030_2140_E_SK045_i5413	lunarc	restore_2km	rep030	2140	E	SK045	2	119.0	77.0	4.0	20	96	5413	F	0	116.667	73.8551	3.915773871152424	R2	restore_2km	r2_2140__p1:i5413	r2_2140__p1:i5413	1106	0.430373	0.024944	0.199402	0.017688	0.052119	0.168449	0.107026
restore_2km_rep030_2140_E_SK045_i6727	lunarc	restore_2km	rep030	2140	E	SK045	2	119.0	77.0	4.0	20	96	6727	F	0	119.766	77.3734	0.8521640452401233	R2	restore_2km	r2_2140__p1:i6727	r2_2140__p1:i6727	1107	0.384455	0.027263	1e-05	0.21552	0.195471	0.013813	0.163468
restore_2km_rep030_2140_E_SK045_i11624	lunarc	restore_2km	rep030	2140	E	SK045	2	119.0	77.0	4.0	20	96	11624	M	0	116.629	78.5106	2.8113259078235604	R2	restore_2km	r2_2140__p1:i11624	r2_2140__p1:i11624	1108	0.453153	1e-05	0.118219	0.051887	0.246277	0.091001	0.039454
restore_2km_rep030_2140_E_SK045_i12931	lunarc	restore_2km	rep030	2140	E	SK045	2	119.0	77.0	4.0	20	96	12931	M	0	118.462	74.7507	2.31274609285153	R2	restore_2km	r2_2140__p1:i12931	r2_2140__p1:i12931	1109	0.297747	0.053167	0.006957	0.011272	0.299401	0.025056	0.3064
restore_2km_rep030_2140_E_SK045_i16862	lunarc	restore_2km	rep030	2140	E	SK045	2	119.0	77.0	4.0	20	96	16862	M	0	120.409	77.9987	1.7270444956630433	R2	restore_2km	r2_2140__p1:i16862	r2_2140__p1:i16862	1110	0.487411	0.044628	0.070359	1e-05	0.147393	1e-05	0.250188
restore_2km_rep030_2140_E_SK045_i14249	lunarc	restore_2km	rep030	2140	E	SK045	2	119.0	77.0	4.0	20	96	14249	M	0	122.749	77.8581	3.845950677010816	R2	restore_2km	r2_2140__p1:i14249	r2_2140__p1:i14249	1111	0.229138	1e-05	0.108593	0.10834	0.235843	0.251569	0.066507
restore_2km_rep030_2140_E_SK045_i4453	lunarc	restore_2km	rep030	2140	E	SK045	2	119.0	77.0	4.0	20	96	4453	F	0	117.459	76.2036	1.734627902462081	R2	restore_2km	r2_2140__p1:i4453	r2_2140__p1:i4453	1112	0.458813	0.044143	0.091274	1e-05	0.114013	0.037352	0.254394
restore_2km_rep030_2140_E_SK045_i7068	lunarc	restore_2km	rep030	2140	E	SK045	2	119.0	77.0	4.0	20	96	7068	F	0	118.449	75.9607	1.176327118619645	R2	restore_2km	r2_2140__p1:i7068	r2_2140__p1:i7068	1113	0.628381	0.181421	0.04347	1e-05	1e-05	0.092175	0.054532
restore_2km_rep030_2140_E_SK045_i4387	lunarc	restore_2km	rep030	2140	E	SK045	2	119.0	77.0	4.0	20	96	4387	F	0	119.613	74.7873	2.2960423101502268	R2	restore_2km	r2_2140__p1:i4387	r2_2140__p1:i4387	1114	0.640956	1e-05	1e-05	1e-05	0.103176	1e-05	0.255828
restore_2km_rep030_2140_E_SK045_i8637	lunarc	restore_2km	rep030	2140	E	SK045	2	119.0	77.0	4.0	20	96	8637	F	0	118.489	78.4958	1.58067663992355	R2	restore_2km	r2_2140__p1:i8637	r2_2140__p1:i8637	1115	0.230865	0.165803	0.086743	0.005897	0.123383	0.186767	0.200541
restore_2km_rep030_2140_E_SK045_i15129	lunarc	restore_2km	rep030	2140	E	SK045	2	119.0	77.0	4.0	20	96	15129	M	0	119.51	80.422	3.459795369671447	R2	restore_2km	r2_2140__p1:i15129	r2_2140__p1:i15129	1116	0.41867	1e-05	0.117613	0.213766	0.038529	0.067637	0.143775
restore_2km_rep030_2140_E_SK045_i12150	lunarc	restore_2km	rep030	2140	E	SK045	2	119.0	77.0	4.0	20	96	12150	M	0	118.889	80.199	3.2009251787569157	R2	restore_2km	r2_2140__p1:i12150	r2_2140__p1:i12150	1117	0.419216	0.156265	0.137625	0.006357	0.203696	1e-05	0.076831
restore_2km_rep030_2140_E_SK045_i13412	lunarc	restore_2km	rep030	2140	E	SK045	2	119.0	77.0	4.0	20	96	13412	M	0	120.014	74.7637	2.4554497938259683	R2	restore_2km	r2_2140__p1:i13412	r2_2140__p1:i13412	1118	0.332077	0.065232	0.146404	1e-05	0.081744	0.248838	0.125695
restore_2km_rep030_2140_E_SK045_i8688	lunarc	restore_2km	rep030	2140	E	SK045	2	119.0	77.0	4.0	20	96	8688	F	0	120.094	76.7786	1.11617828325048	R2	restore_2km	r2_2140__p1:i8688	r2_2140__p1:i8688	1119	0.201825	0.188078	0.181311	0.116298	0.067804	0.244674	1e-05
restore_2km_rep030_2140_E_SK045_i3535	lunarc	restore_2km	rep030	2140	E	SK045	2	119.0	77.0	4.0	20	96	3535	F	0	121.66	76.3859	2.7299668148166147	R2	restore_2km	r2_2140__p1:i3535	r2_2140__p1:i3535	1120	0.535733	0.063489	0.140912	0.005695	0.022001	1e-05	0.232161
restore_2km_rep030_2140_E_SK046_i17249	lunarc	restore_2km	rep030	2140	E	SK046	3	133.0	77.0	4.0	20	123	17249	M	0	135.163	78.8896	2.8721345999099785	R2	restore_2km	r2_2140__p1:i17249	r2_2140__p1:i17249	1121	0.416256	0.065	0.109596	1e-05	0.100337	1e-05	0.30879
restore_2km_rep030_2140_E_SK046_i5664	lunarc	restore_2km	rep030	2140	E	SK046	3	133.0	77.0	4.0	20	123	5664	F	0	134.222	73.655	3.5612229640953417	R2	restore_2km	r2_2140__p1:i5664	r2_2140__p1:i5664	1122	0.443541	0.135046	0.105147	0.066514	0.049858	0.199884	1e-05
restore_2km_rep030_2140_E_SK046_i13447	lunarc	restore_2km	rep030	2140	E	SK046	3	133.0	77.0	4.0	20	123	13447	M	0	135.9	76.3513	2.971668166198917	R2	restore_2km	r2_2140__p1:i13447	r2_2140__p1:i13447	1123	0.543639	1e-05	0.042571	0.123267	0.072508	0.084451	0.133554
restore_2km_rep030_2140_E_SK046_i13758	lunarc	restore_2km	rep030	2140	E	SK046	3	133.0	77.0	4.0	20	123	13758	M	0	134.915	78.7628	2.602823244094759	R2	restore_2km	r2_2140__p1:i13758	r2_2140__p1:i13758	1124	0.479031	0.09647	0.201307	1e-05	0.160168	0.008133	0.05488
restore_2km_rep030_2140_E_SK046_i3046	lunarc	restore_2km	rep030	2140	E	SK046	3	133.0	77.0	4.0	20	123	3046	F	0	131.992	76.7239	1.0451292790846591	R2	restore_2km	r2_2140__p1:i3046	r2_2140__p1:i3046	1125	0.319448	1e-05	0.065207	0.105562	0.159158	0.130031	0.220582
restore_2km_rep030_2140_E_SK046_i12283	lunarc	restore_2km	rep030	2140	E	SK046	3	133.0	77.0	4.0	20	123	12283	M	0	134.158	78.509	1.9021159270664791	R2	restore_2km	r2_2140__p1:i12283	r2_2140__p1:i12283	1126	0.431771	0.056011	0.063999	0.007865	0.29041	0.100451	0.049494
restore_2km_rep030_2140_E_SK046_i4791	lunarc	restore_2km	rep030	2140	E	SK046	3	133.0	77.0	4.0	20	123	4791	F	0	135.031	76.8581	2.0359510333011515	R2	restore_2km	r2_2140__p1:i4791	r2_2140__p1:i4791	1127	0.449493	0.0229	0.17429	0.095787	0.092516	0.165005	1e-05
restore_2km_rep030_2140_E_SK046_i15372	lunarc	restore_2km	rep030	2140	E	SK046	3	133.0	77.0	4.0	20	123	15372	M	0	135.499	75.7843	2.779015561309431	R2	restore_2km	r2_2140__p1:i15372	r2_2140__p1:i15372	1128	0.344896	0.000284	0.16957	0.153255	0.099719	0.232266	1e-05
restore_2km_rep030_2140_E_SK046_i13718	lunarc	restore_2km	rep030	2140	E	SK046	3	133.0	77.0	4.0	20	123	13718	M	0	134.123	80.4668	3.644150276813516	R2	restore_2km	r2_2140__p1:i13718	r2_2140__p1:i13718	1129	0.371655	1e-05	0.032944	0.014359	0.352737	0.033186	0.195109
restore_2km_rep030_2140_E_SK046_i2682	lunarc	restore_2km	rep030	2140	E	SK046	3	133.0	77.0	4.0	20	123	2682	F	0	133.416	78.9414	1.9854697076510643	R2	restore_2km	r2_2140__p1:i2682	r2_2140__p1:i2682	1130	0.494223	1e-05	0.124745	1e-05	0.107589	1e-05	0.273414
restore_2km_rep030_2140_E_SK046_i16711	lunarc	restore_2km	rep030	2140	E	SK046	3	133.0	77.0	4.0	20	123	16711	M	0	129.82	74.7557	3.892207919677471	R2	restore_2km	r2_2140__p1:i16711	r2_2140__p1:i16711	1131	0.390193	1e-05	0.071723	0.072138	0.203677	0.050692	0.211567
restore_2km_rep030_2140_E_SK046_i10528	lunarc	restore_2km	rep030	2140	E	SK046	3	133.0	77.0	4.0	20	123	10528	M	0	131.619	78.6708	2.167656255036762	R2	restore_2km	r2_2140__p1:i10528	r2_2140__p1:i10528	1132	0.51076	0.054213	0.208198	0.057718	1e-05	0.087113	0.081988
restore_2km_rep030_2140_E_SK046_i5124	lunarc	restore_2km	rep030	2140	E	SK046	3	133.0	77.0	4.0	20	123	5124	F	0	132.673	79.8954	2.9138068158338792	R2	restore_2km	r2_2140__p1:i5124	r2_2140__p1:i5124	1133	0.354293	1e-05	0.232311	0.063428	0.283212	1e-05	0.066736
restore_2km_rep030_2140_E_SK046_i16018	lunarc	restore_2km	rep030	2140	E	SK046	3	133.0	77.0	4.0	20	123	16018	M	0	129.62	75.2798	3.792556926402027	R2	restore_2km	r2_2140__p1:i16018	r2_2140__p1:i16018	1134	0.548272	1e-05	0.213854	1e-05	0.04677	0.100166	0.090918
restore_2km_rep030_2140_E_SK046_i16814	lunarc	restore_2km	rep030	2140	E	SK046	3	133.0	77.0	4.0	20	123	16814	M	0	134.897	76.2262	2.0487497260524425	R2	restore_2km	r2_2140__p1:i16814	r2_2140__p1:i16814	1135	0.250032	1e-05	0.065798	0.312757	1e-05	0.371383	1e-05
restore_2km_rep030_2140_E_SK046_i7658	lunarc	restore_2km	rep030	2140	E	SK046	3	133.0	77.0	4.0	20	123	7658	F	0	134.573	79.7527	3.170439447458356	R2	restore_2km	r2_2140__p1:i7658	r2_2140__p1:i7658	1136	0.26037	0.077475	0.072712	0.164332	1e-05	0.126273	0.298828
restore_2km_rep030_2140_E_SK046_i10373	lunarc	restore_2km	rep030	2140	E	SK046	3	133.0	77.0	4.0	20	123	10373	M	0	131.438	80.4469	3.7843049044705728	R2	restore_2km	r2_2140__p1:i10373	r2_2140__p1:i10373	1137	0.303266	1e-05	0.105882	1e-05	0.14591	0.159075	0.285847
restore_2km_rep030_2140_E_SK046_i16631	lunarc	restore_2km	rep030	2140	E	SK046	3	133.0	77.0	4.0	20	123	16631	M	0	132.139	75.405	1.8125523440717453	R2	restore_2km	r2_2140__p1:i16631	r2_2140__p1:i16631	1138	0.687469	1e-05	0.048702	0.161015	1e-05	1e-05	0.102785
restore_2km_rep030_2140_E_SK046_i17128	lunarc	restore_2km	rep030	2140	E	SK046	3	133.0	77.0	4.0	20	123	17128	M	0	134.807	76.4561	1.8870813999401164	R2	restore_2km	r2_2140__p1:i17128	r2_2140__p1:i17128	1139	0.407107	1e-05	0.179044	1e-05	0.112806	1e-05	0.301013
restore_2km_rep030_2140_E_SK046_i16721	lunarc	restore_2km	rep030	2140	E	SK046	3	133.0	77.0	4.0	20	123	16721	M	0	134.566	79.7368	3.153161943192899	R2	restore_2km	r2_2140__p1:i16721	r2_2140__p1:i16721	1140	0.448244	0.16233	0.069616	1e-05	0.162485	0.046543	0.110771
restore_2km_rep030_2140_SE_SK008_i12424	lunarc	restore_2km	rep030	2140	SE	SK008	1	133.0	21.0	4.0	20	28	12424	M	0	131.126	22.2985	2.2799075090889067	R2	restore_2km	r2_2140__p1:i12424	r2_2140__p1:i12424	1141	0.487723	1e-05	0.045955	0.088484	0.125551	0.157824	0.094453
restore_2km_rep030_2140_SE_SK008_i12935	lunarc	restore_2km	rep030	2140	SE	SK008	1	133.0	21.0	4.0	20	28	12935	M	0	131.749	24.6419	3.850770911129356	R2	restore_2km	r2_2140__p1:i12935	r2_2140__p1:i12935	1142	0.666986	0.094176	0.141366	1e-05	0.080262	0.017189	1e-05
restore_2km_rep030_2140_SE_SK008_i16960	lunarc	restore_2km	rep030	2140	SE	SK008	1	133.0	21.0	4.0	20	28	16960	M	0	133.997	24.3708	3.5151531460236582	R2	restore_2km	r2_2140__p1:i16960	r2_2140__p1:i16960	1143	0.245422	0.22405	0.139121	0.038994	1e-05	0.196421	0.155982
restore_2km_rep030_2140_SE_SK008_i15667	lunarc	restore_2km	rep030	2140	SE	SK008	1	133.0	21.0	4.0	20	28	15667	M	0	130.053	23.5339	3.886574096810713	R2	restore_2km	r2_2140__p1:i15667	r2_2140__p1:i15667	1144	0.99994	1e-05	1e-05	1e-05	1e-05	1e-05	1e-05
restore_2km_rep030_2140_SE_SK008_i2585	lunarc	restore_2km	rep030	2140	SE	SK008	1	133.0	21.0	4.0	20	28	2585	F	0	136.704	21.4356	3.729525889439576	R2	restore_2km	r2_2140__p1:i2585	r2_2140__p1:i2585	1145	0.659416	0.063958	0.175998	0.06649	1e-05	0.033362	0.000765
restore_2km_rep030_2140_SE_SK008_i7444	lunarc	restore_2km	rep030	2140	SE	SK008	1	133.0	21.0	4.0	20	28	7444	F	0	134.554	24.4199	3.756412119296816	R2	restore_2km	r2_2140__p1:i7444	r2_2140__p1:i7444	1146	0.51083	0.023929	0.019942	0.010886	0.274715	0.110152	0.049546
restore_2km_rep030_2140_SE_SK008_i16422	lunarc	restore_2km	rep030	2140	SE	SK008	1	133.0	21.0	4.0	20	28	16422	M	0	134.891	23.1935	2.89608757636919	R2	restore_2km	r2_2140__p1:i16422	r2_2140__p1:i16422	1147	0.438482	1e-05	0.121748	1e-05	0.014478	0.024538	0.400735
restore_2km_rep030_2140_SE_SK008_i15774	lunarc	restore_2km	rep030	2140	SE	SK008	1	133.0	21.0	4.0	20	28	15774	M	0	135.455	23.4914	3.4977276852265176	R2	restore_2km	r2_2140__p1:i15774	r2_2140__p1:i15774	1148	0.435503	0.218593	0.00404	0.090373	0.134292	0.078391	0.038809
restore_2km_rep030_2140_SE_SK008_i6684	lunarc	restore_2km	rep030	2140	SE	SK008	1	133.0	21.0	4.0	20	28	6684	F	0	133.836	23.9107	3.0283775342582397	R2	restore_2km	r2_2140__p1:i6684	r2_2140__p1:i6684	1149	0.694888	0.038536	0.182553	0.083993	1e-05	1e-05	1e-05
restore_2km_rep030_2140_SE_SK008_i12684	lunarc	restore_2km	rep030	2140	SE	SK008	1	133.0	21.0	4.0	20	28	12684	M	0	130.719	23.101	3.1011549461450683	R2	restore_2km	r2_2140__p1:i12684	r2_2140__p1:i12684	1150	0.396345	0.166386	1e-05	1e-05	0.021124	0.273059	0.143065
restore_2km_rep030_2140_SE_SK008_i8911	lunarc	restore_2km	rep030	2140	SE	SK008	1	133.0	21.0	4.0	20	28	8911	F	0	132.5	22.9197	1.9837459741610053	R2	restore_2km	r2_2140__p1:i8911	r2_2140__p1:i8911	1151	0.674075	0.208191	0.003598	1e-05	1e-05	0.083238	0.030878
restore_2km_rep030_2140_SE_SK008_i12815	lunarc	restore_2km	rep030	2140	SE	SK008	1	133.0	21.0	4.0	20	28	12815	M	0	129.665	22.7304	3.757194320234189	R2	restore_2km	r2_2140__p1:i12815	r2_2140__p1:i12815	1152	0.516898	0.051001	0.144265	0.139232	0.064431	0.084163	1e-05
restore_2km_rep030_2140_SE_SK008_i11782	lunarc	restore_2km	rep030	2140	SE	SK008	1	133.0	21.0	4.0	20	28	11782	M	0	135.861	23.0977	3.547628262656608	R2	restore_2km	r2_2140__p1:i11782	r2_2140__p1:i11782	1153	0.387615	1e-05	0.205321	0.13096	0.096795	0.049029	0.13027
restore_2km_rep030_2140_SE_SK008_i6710	lunarc	restore_2km	rep030	2140	SE	SK008	1	133.0	21.0	4.0	20	28	6710	F	0	132.187	24.6424	3.7320298444680167	R2	restore_2km	r2_2140__p1:i6710	r2_2140__p1:i6710	1154	0.967134	1e-05	0.032816	1e-05	1e-05	1e-05	1e-05
restore_2km_rep030_2140_SE_SK008_i15669	lunarc	restore_2km	rep030	2140	SE	SK008	1	133.0	21.0	4.0	20	28	15669	M	0	131.274	22.7992	2.493230161858306	R2	restore_2km	r2_2140__p1:i15669	r2_2140__p1:i15669	1155	0.99994	1e-05	1e-05	1e-05	1e-05	1e-05	1e-05
restore_2km_rep030_2140_SE_SK008_i3753	lunarc	restore_2km	rep030	2140	SE	SK008	1	133.0	21.0	4.0	20	28	3753	F	0	133.307	22.9199	1.944290361545823	R2	restore_2km	r2_2140__p1:i3753	r2_2140__p1:i3753	1156	0.494128	0.119208	0.039279	0.1662	0.181165	1e-05	1e-05
restore_2km_rep030_2140_SE_SK008_i1066	lunarc	restore_2km	rep030	2140	SE	SK008	1	133.0	21.0	4.0	20	28	1066	F	0	131.126	22.9934	2.735967755657948	R2	restore_2km	r2_2140__p1:i1066	r2_2140__p1:i1066	1157	0.455246	0.105647	0.222557	1e-05	0.209292	0.007238	1e-05
restore_2km_rep030_2140_SE_SK008_i14043	lunarc	restore_2km	rep030	2140	SE	SK008	1	133.0	21.0	4.0	20	28	14043	M	0	133.765	23.0446	2.1830286667838275	R2	restore_2km	r2_2140__p1:i14043	r2_2140__p1:i14043	1158	0.654745	0.066708	0.043301	1e-05	1e-05	0.117746	0.11748
restore_2km_rep030_2140_SE_SK008_i13293	lunarc	restore_2km	rep030	2140	SE	SK008	1	133.0	21.0	4.0	20	28	13293	M	0	131.388	24.3381	3.70694693919403	R2	restore_2km	r2_2140__p1:i13293	r2_2140__p1:i13293	1159	0.537332	1e-05	0.166724	1e-05	0.017075	1e-05	0.278838
restore_2km_rep030_2140_SE_SK008_i7947	lunarc	restore_2km	rep030	2140	SE	SK008	1	133.0	21.0	4.0	20	28	7947	F	0	133.156	22.5579	1.565691032739219	R2	restore_2km	r2_2140__p1:i7947	r2_2140__p1:i7947	1160	0.567747	0.258407	0.172074	1e-05	0.001742	1e-05	1e-05
restore_2km_rep030_2140_SE_SK018_i16439	lunarc	restore_2km	rep030	2140	SE	SK018	2	133.0	35.0	4.0	20	169	16439	M	0	131.639	35.3824	1.413701085802784	R2	restore_2km	r2_2140__p1:i16439	r2_2140__p1:i16439	1161	0.913283	1e-05	1e-05	1e-05	0.086667	1e-05	1e-05
restore_2km_rep030_2140_SE_SK018_i197	lunarc	restore_2km	rep030	2140	SE	SK018	2	133.0	35.0	4.0	20	169	197	F	0	136.172	36.0592	3.3441723400566508	R2	restore_2km	r2_2140__p1:i197	r2_2140__p1:i197	1162	0.380114	0.239255	0.068167	0.11597	0.118715	0.077769	1e-05
restore_2km_rep030_2140_SE_SK018_i5444	lunarc	restore_2km	rep030	2140	SE	SK018	2	133.0	35.0	4.0	20	169	5444	F	0	135.025	37.9151	3.549427138285844	R2	restore_2km	r2_2140__p1:i5444	r2_2140__p1:i5444	1163	0.684571	1e-05	0.135844	1e-05	0.179545	1e-05	1e-05
restore_2km_rep030_2140_SE_SK018_i14384	lunarc	restore_2km	rep030	2140	SE	SK018	2	133.0	35.0	4.0	20	169	14384	M	0	131.408	36.6924	2.323506350324879	R2	restore_2km	r2_2140__p1:i14384	r2_2140__p1:i14384	1164	0.640427	1e-05	0.172888	1e-05	0.186646	1e-05	1e-05
restore_2km_rep030_2140_SE_SK018_i15794	lunarc	restore_2km	rep030	2140	SE	SK018	2	133.0	35.0	4.0	20	169	15794	M	0	129.853	37.2903	3.8921823043120622	R2	restore_2km	r2_2140__p1:i15794	r2_2140__p1:i15794	1165	0.481013	0.192911	0.074239	0.117475	0.119527	1e-05	0.014825
restore_2km_rep030_2140_SE_SK018_i15475	lunarc	restore_2km	rep030	2140	SE	SK018	2	133.0	35.0	4.0	20	169	15475	M	0	133.923	37.3978	2.569313885067371	R2	restore_2km	r2_2140__p1:i15475	r2_2140__p1:i15475	1166	0.410441	0.049486	1e-05	0.178256	0.204694	0.103379	0.053734
restore_2km_rep030_2140_SE_SK018_i5477	lunarc	restore_2km	rep030	2140	SE	SK018	2	133.0	35.0	4.0	20	169	5477	F	0	133.966	36.1015	1.4650796053457364	R2	restore_2km	r2_2140__p1:i5477	r2_2140__p1:i5477	1167	0.597931	1e-05	0.062038	0.098366	1e-05	0.211746	0.0299
restore_2km_rep030_2140_SE_SK018_i7500	lunarc	restore_2km	rep030	2140	SE	SK018	2	133.0	35.0	4.0	20	169	7500	F	0	134.558	35.5051	1.6378308856533317	R2	restore_2km	r2_2140__p1:i7500	r2_2140__p1:i7500	1168	0.867701	0.006944	0.004007	1e-05	0.097117	0.024211	1e-05
restore_2km_rep030_2140_SE_SK018_i7315	lunarc	restore_2km	rep030	2140	SE	SK018	2	133.0	35.0	4.0	20	169	7315	F	0	130.148	36.7133	3.327055889220981	R2	restore_2km	r2_2140__p1:i7315	r2_2140__p1:i7315	1169	0.608495	1e-05	0.11048	0.070278	0.197856	0.012871	1e-05
restore_2km_rep030_2140_SE_SK018_i14829	lunarc	restore_2km	rep030	2140	SE	SK018	2	133.0	35.0	4.0	20	169	14829	M	0	135.157	35.8269	2.31006766351119	R2	restore_2km	r2_2140__p1:i14829	r2_2140__p1:i14829	1170	0.662362	1e-05	0.036062	0.112313	0.139589	0.010615	0.039049
restore_2km_rep030_2140_SE_SK018_i3726	lunarc	restore_2km	rep030	2140	SE	SK018	2	133.0	35.0	4.0	20	169	3726	F	0	129.68	36.4162	3.6094351968140335	R2	restore_2km	r2_2140__p1:i3726	r2_2140__p1:i3726	1171	0.39563	0.160172	0.173562	0.086601	0.160492	1e-05	0.023533
restore_2km_rep030_2140_SE_SK018_i10450	lunarc	restore_2km	rep030	2140	SE	SK018	2	133.0	35.0	4.0	20	169	10450	M	0	131.247	36.8375	2.539569894686883	R2	restore_2km	r2_2140__p1:i10450	r2_2140__p1:i10450	1172	0.496567	0.214475	0.022016	1e-05	0.071064	0.046208	0.149659
restore_2km_rep030_2140_SE_SK018_i12293	lunarc	restore_2km	rep030	2140	SE	SK018	2	133.0	35.0	4.0	20	169	12293	M	0	133.441	33.161	1.8911377527826991	R2	restore_2km	r2_2140__p1:i12293	r2_2140__p1:i12293	1173	0.462124	0.072019	0.094496	0.003714	0.124568	0.243068	1e-05
restore_2km_rep030_2140_SE_SK018_i9692	lunarc	restore_2km	rep030	2140	SE	SK018	2	133.0	35.0	4.0	20	169	9692	M	0	133.344	34.2469	0.8279466226756415	R2	restore_2km	r2_2140__p1:i9692	r2_2140__p1:i9692	1174	0.491422	0.209078	1e-05	1e-05	0.156685	1e-05	0.142786
restore_2km_rep030_2140_SE_SK018_i17292	lunarc	restore_2km	rep030	2140	SE	SK018	2	133.0	35.0	4.0	20	169	17292	M	0	131.573	36.6481	2.180037295552528	R2	restore_2km	r2_2140__p1:i17292	r2_2140__p1:i17292	1175	0.828826	1e-05	1e-05	0.056662	0.060592	1e-05	0.05389
restore_2km_rep030_2140_SE_SK018_i8635	lunarc	restore_2km	rep030	2140	SE	SK018	2	133.0	35.0	4.0	20	169	8635	F	0	134.033	32.5469	2.6617266219504905	R2	restore_2km	r2_2140__p1:i8635	r2_2140__p1:i8635	1176	0.624288	0.181457	0.087872	0.013306	1e-05	0.093056	1e-05
restore_2km_rep030_2140_SE_SK018_i1702	lunarc	restore_2km	rep030	2140	SE	SK018	2	133.0	35.0	4.0	20	169	1702	F	0	132.08	37.5904	2.7489219996209404	R2	restore_2km	r2_2140__p1:i1702	r2_2140__p1:i1702	1177	0.433468	0.081529	0.034663	0.175458	0.051652	0.119311	0.10392
restore_2km_rep030_2140_SE_SK018_i1044	lunarc	restore_2km	rep030	2140	SE	SK018	2	133.0	35.0	4.0	20	169	1044	F	0	134.706	36.4553	2.2423947221664533	R2	restore_2km	r2_2140__p1:i1044	r2_2140__p1:i1044	1178	0.440621	1e-05	0.025708	0.131399	0.086713	0.09988	0.21567
restore_2km_rep030_2140_SE_SK018_i3315	lunarc	restore_2km	rep030	2140	SE	SK018	2	133.0	35.0	4.0	20	169	3315	F	0	133.98	38.1114	3.26208674930634	R2	restore_2km	r2_2140__p1:i3315	r2_2140__p1:i3315	1179	0.21773	1e-05	1e-05	0.045905	0.303486	0.290025	0.142834
restore_2km_rep030_2140_SE_SK018_i7260	lunarc	restore_2km	rep030	2140	SE	SK018	2	133.0	35.0	4.0	20	169	7260	F	0	132.296	38.0288	3.109541033657538	R2	restore_2km	r2_2140__p1:i7260	r2_2140__p1:i7260	1180	0.534156	0.077006	0.097856	0.029091	0.050937	0.210945	1e-05
restore_2km_rep030_2140_SE_SK019_i3091	lunarc	restore_2km	rep030	2140	SE	SK019	3	147.0	35.0	4.0	20	56	3091	F	0	144.447	32.7431	3.4075514097369086	R2	restore_2km	r2_2140__p1:i3091	r2_2140__p1:i3091	1181	0.99994	1e-05	1e-05	1e-05	1e-05	1e-05	1e-05
restore_2km_rep030_2140_SE_SK019_i14807	lunarc	restore_2km	rep030	2140	SE	SK019	3	147.0	35.0	4.0	20	56	14807	M	0	146.653	37.1664	2.1940141202827337	R2	restore_2km	r2_2140__p1:i14807	r2_2140__p1:i14807	1182	0.479831	0.013971	0.014955	0.087838	0.11749	0.121522	0.164394
restore_2km_rep030_2140_SE_SK019_i13735	lunarc	restore_2km	rep030	2140	SE	SK019	3	147.0	35.0	4.0	20	56	13735	M	0	143.479	33.5997	3.789232256011752	R2	restore_2km	r2_2140__p1:i13735	r2_2140__p1:i13735	1183	0.961633	1e-05	0.033977	0.00435	1e-05	1e-05	1e-05
restore_2km_rep030_2140_SE_SK019_i12560	lunarc	restore_2km	rep030	2140	SE	SK019	3	147.0	35.0	4.0	20	56	12560	M	0	144.656	35.1354	2.3479074002183244	R2	restore_2km	r2_2140__p1:i12560	r2_2140__p1:i12560	1184	0.312048	0.108505	0.089716	0.11495	0.232487	0.052408	0.089885
restore_2km_rep030_2140_SE_SK019_i14161	lunarc	restore_2km	rep030	2140	SE	SK019	3	147.0	35.0	4.0	20	56	14161	M	0	144.166	36.4521	3.1843602826941586	R2	restore_2km	r2_2140__p1:i14161	r2_2140__p1:i14161	1185	0.784912	0.050935	0.121348	1e-05	1e-05	1e-05	0.042775
restore_2km_rep030_2140_SE_SK019_i2256	lunarc	restore_2km	rep030	2140	SE	SK019	3	147.0	35.0	4.0	20	56	2256	F	0	143.694	35.5346	3.348945081663788	R2	restore_2km	r2_2140__p1:i2256	r2_2140__p1:i2256	1186	0.538055	0.204172	1e-05	0.141654	0.11609	1e-05	1e-05
restore_2km_rep030_2140_SE_SK019_i1189	lunarc	restore_2km	rep030	2140	SE	SK019	3	147.0	35.0	4.0	20	56	1189	F	0	143.773	35.6568	3.2931618909491864	R2	restore_2km	r2_2140__p1:i1189	r2_2140__p1:i1189	1187	0.495943	1e-05	0.228937	1e-05	0.059613	0.215477	1e-05
restore_2km_rep030_2140_SE_SK019_i1444	lunarc	restore_2km	rep030	2140	SE	SK019	3	147.0	35.0	4.0	20	56	1444	F	0	143.301	34.41	3.7457577337569625	R2	restore_2km	r2_2140__p1:i1444	r2_2140__p1:i1444	1188	0.80221	0.100612	0.097138	1e-05	1e-05	1e-05	1e-05
restore_2km_rep030_2140_SE_SK019_i3273	lunarc	restore_2km	rep030	2140	SE	SK019	3	147.0	35.0	4.0	20	56	3273	F	0	144.127	33.6038	3.194292322252293	R2	restore_2km	r2_2140__p1:i3273	r2_2140__p1:i3273	1189	0.717957	0.036863	0.055253	1e-05	0.141818	1e-05	0.048088
restore_2km_rep030_2140_SE_SK019_i3817	lunarc	restore_2km	rep030	2140	SE	SK019	3	147.0	35.0	4.0	20	56	3817	F	0	145.712	32.2368	3.048642032118565	R2	restore_2km	r2_2140__p1:i3817	r2_2140__p1:i3817	1190	0.770703	0.001309	1e-05	0.070734	1e-05	0.157225	1e-05
restore_2km_rep030_2140_SE_SK019_i13579	lunarc	restore_2km	rep030	2140	SE	SK019	3	147.0	35.0	4.0	20	56	13579	M	0	145.173	34.8032	1.8375688395268337	R2	restore_2km	r2_2140__p1:i13579	r2_2140__p1:i13579	1191	0.757774	1e-05	0.159809	0.082377	1e-05	1e-05	1e-05
restore_2km_rep030_2140_SE_SK019_i5030	lunarc	restore_2km	rep030	2140	SE	SK019	3	147.0	35.0	4.0	20	56	5030	F	0	144.175	37.7436	3.938015484987323	R2	restore_2km	r2_2140__p1:i5030	r2_2140__p1:i5030	1192	0.965705	1e-05	1e-05	1e-05	1e-05	0.021344	0.012911
restore_2km_rep030_2140_SE_SK019_i3625	lunarc	restore_2km	rep030	2140	SE	SK019	3	147.0	35.0	4.0	20	56	3625	F	0	144.994	37.4912	3.198454851955862	R2	restore_2km	r2_2140__p1:i3625	r2_2140__p1:i3625	1193	0.614688	1e-05	0.074465	0.146755	1e-05	0.164061	1e-05
restore_2km_rep030_2140_SE_SK019_i4532	lunarc	restore_2km	rep030	2140	SE	SK019	3	147.0	35.0	4.0	20	56	4532	F	0	147.906	35.9053	1.2807826084078455	R2	restore_2km	r2_2140__p1:i4532	r2_2140__p1:i4532	1194	0.499869	0.080281	0.125433	1e-05	0.146844	1e-05	0.147553
restore_2km_rep030_2140_SE_SK019_i13277	lunarc	restore_2km	rep030	2140	SE	SK019	3	147.0	35.0	4.0	20	56	13277	M	0	143.669	35.8518	3.438186184603725	R2	restore_2km	r2_2140__p1:i13277	r2_2140__p1:i13277	1195	0.436896	0.208375	1e-05	1e-05	0.116639	0.078673	0.159397
restore_2km_rep030_2140_SE_SK019_i4119	lunarc	restore_2km	rep030	2140	SE	SK019	3	147.0	35.0	4.0	20	56	4119	F	0	145.73	38.338	3.57143444570946	R2	restore_2km	r2_2140__p1:i4119	r2_2140__p1:i4119	1196	0.51648	0.064917	1e-05	0.143932	0.080963	0.058368	0.135329
restore_2km_rep030_2140_SE_SK019_i8569	lunarc	restore_2km	rep030	2140	SE	SK019	3	147.0	35.0	4.0	20	56	8569	F	0	145.415	34.8962	1.5883952404864556	R2	restore_2km	r2_2140__p1:i8569	r2_2140__p1:i8569	1197	0.419636	0.069479	1e-05	0.109297	0.164391	0.002067	0.23512
restore_2km_rep030_2140_SE_SK019_i11596	lunarc	restore_2km	rep030	2140	SE	SK019	3	147.0	35.0	4.0	20	56	11596	M	0	144.908	36.3095	2.4680466466418447	R2	restore_2km	r2_2140__p1:i11596	r2_2140__p1:i11596	1198	0.818008	1e-05	0.05567	0.094702	1e-05	1e-05	0.03159
restore_2km_rep030_2140_SE_SK019_i8821	lunarc	restore_2km	rep030	2140	SE	SK019	3	147.0	35.0	4.0	20	56	8821	F	0	144.648	37.6233	3.5232948911494795	R2	restore_2km	r2_2140__p1:i8821	r2_2140__p1:i8821	1199	0.543619	0.17495	0.03982	0.121475	1e-05	0.120116	1e-05
restore_2km_rep030_2140_SE_SK019_i10584	lunarc	restore_2km	rep030	2140	SE	SK019	3	147.0	35.0	4.0	20	56	10584	M	0	144.277	34.202	2.837522334713874	R2	restore_2km	r2_2140__p1:i10584	r2_2140__p1:i10584	1200	0.99994	1e-05	1e-05	1e-05	1e-05	1e-05	1e-05
restore_4km_rep030_2140_NW_SK060_i8783	lunarc	restore_4km	rep030	2140	NW	SK060	1	77.0	105.0	4.0	20	124	8783	F	0	73.3645	104.285	3.705143080907937	R4	restore_4km	r4_2140__p1:i8783	r4_2140__p1:i8783	1201	0.024449	0.091095	0.045209	0.119199	0.011995	0.231925	0.476128
restore_4km_rep030_2140_NW_SK060_i6658	lunarc	restore_4km	rep030	2140	NW	SK060	1	77.0	105.0	4.0	20	124	6658	F	0	75.5495	105.806	1.6593933379401071	R4	restore_4km	r4_2140__p1:i6658	r4_2140__p1:i6658	1202	0.192406	1e-05	0.088746	0.007012	0.059071	0.252902	0.399853
restore_4km_rep030_2140_NW_SK060_i15642	lunarc	restore_4km	rep030	2140	NW	SK060	1	77.0	105.0	4.0	20	124	15642	M	0	76.7443	107.381	2.394690687750717	R4	restore_4km	r4_2140__p1:i15642	r4_2140__p1:i15642	1203	0.029808	0.133584	0.086797	0.039712	0.054215	0.494636	0.161248
restore_4km_rep030_2140_NW_SK060_i15759	lunarc	restore_4km	rep030	2140	NW	SK060	1	77.0	105.0	4.0	20	124	15759	M	0	76.7489	102.432	2.580247121885806	R4	restore_4km	r4_2140__p1:i15759	r4_2140__p1:i15759	1204	1e-05	1e-05	0.062361	1e-05	0.012386	0.46105	0.464173
restore_4km_rep030_2140_NW_SK060_i13323	lunarc	restore_4km	rep030	2140	NW	SK060	1	77.0	105.0	4.0	20	124	13323	M	0	77.3742	107.638	2.6644079342322997	R4	restore_4km	r4_2140__p1:i13323	r4_2140__p1:i13323	1205	1e-05	0.052662	1e-05	1e-05	0.133126	0.414925	0.399257
restore_4km_rep030_2140_NW_SK060_i3956	lunarc	restore_4km	rep030	2140	NW	SK060	1	77.0	105.0	4.0	20	124	3956	F	0	76.0553	102.248	2.9096326383239464	R4	restore_4km	r4_2140__p1:i3956	r4_2140__p1:i3956	1206	1e-05	1e-05	1e-05	1e-05	1e-05	0.716799	0.283151
restore_4km_rep030_2140_NW_SK060_i5967	lunarc	restore_4km	rep030	2140	NW	SK060	1	77.0	105.0	4.0	20	124	5967	F	0	74.0041	106.362	3.290966546472331	R4	restore_4km	r4_2140__p1:i5967	r4_2140__p1:i5967	1207	0.132543	1e-05	0.011899	1e-05	1e-05	0.16948	0.686049
restore_4km_rep030_2140_NW_SK060_i9889	lunarc	restore_4km	rep030	2140	NW	SK060	1	77.0	105.0	4.0	20	124	9889	F	0	73.9883	102.958	3.638694943245454	R4	restore_4km	r4_2140__p1:i9889	r4_2140__p1:i9889	1208	1e-05	0.001881	0.027459	1e-05	0.120214	0.066652	0.783774
restore_4km_rep030_2140_NW_SK060_i16540	lunarc	restore_4km	rep030	2140	NW	SK060	1	77.0	105.0	4.0	20	124	16540	M	0	77.2328	106.6	1.6168475005392378	R4	restore_4km	r4_2140__p1:i16540	r4_2140__p1:i16540	1209	0.181077	0.008799	0.134339	0.129122	0.090351	1e-05	0.456303
restore_4km_rep030_2140_NW_SK060_i12389	lunarc	restore_4km	rep030	2140	NW	SK060	1	77.0	105.0	4.0	20	124	12389	M	0	77.7111	106.015	1.2393095698815544	R4	restore_4km	r4_2140__p1:i12389	r4_2140__p1:i12389	1210	0.11854	0.079454	0.009331	0.102976	0.092863	0.15459	0.442245
restore_4km_rep030_2140_NW_SK060_i7363	lunarc	restore_4km	rep030	2140	NW	SK060	1	77.0	105.0	4.0	20	124	7363	F	0	79.6139	104.285	2.709925867989752	R4	restore_4km	r4_2140__p1:i7363	r4_2140__p1:i7363	1211	0.229623	0.117838	3.6e-05	0.050686	1e-05	0.253056	0.348751
restore_4km_rep030_2140_NW_SK060_i562	lunarc	restore_4km	rep030	2140	NW	SK060	1	77.0	105.0	4.0	20	124	562	F	0	75.8243	105.26	1.2041056805779204	R4	restore_4km	r4_2140__p1:i562	r4_2140__p1:i562	1212	1e-05	0.10928	0.039995	0.055053	0.175083	0.170078	0.4505
restore_4km_rep030_2140_NW_SK060_i10460	lunarc	restore_4km	rep030	2140	NW	SK060	1	77.0	105.0	4.0	20	124	10460	M	0	74.2193	106.924	3.3814299475222023	R4	restore_4km	r4_2140__p1:i10460	r4_2140__p1:i10460	1213	0.121817	1e-05	1e-05	0.03309	0.071341	0.158368	0.615363
restore_4km_rep030_2140_NW_SK060_i13222	lunarc	restore_4km	rep030	2140	NW	SK060	1	77.0	105.0	4.0	20	124	13222	M	0	74.0012	107.566	3.946790777327832	R4	restore_4km	r4_2140__p1:i13222	r4_2140__p1:i13222	1214	0.015542	0.163115	0.034576	1e-05	0.174546	0.36491	0.247301
restore_4km_rep030_2140_NW_SK060_i13876	lunarc	restore_4km	rep030	2140	NW	SK060	1	77.0	105.0	4.0	20	124	13876	M	0	74.8826	101.85	3.795508234742753	R4	restore_4km	r4_2140__p1:i13876	r4_2140__p1:i13876	1215	1e-05	1e-05	1e-05	1e-05	1e-05	0.716799	0.283151
restore_4km_rep030_2140_NW_SK060_i14441	lunarc	restore_4km	rep030	2140	NW	SK060	1	77.0	105.0	4.0	20	124	14441	M	0	73.6081	103.385	3.756755330068759	R4	restore_4km	r4_2140__p1:i14441	r4_2140__p1:i14441	1216	0.24639	0.209652	0.149617	0.023331	0.001833	0.315318	0.05386
restore_4km_rep030_2140_NW_SK060_i2034	lunarc	restore_4km	rep030	2140	NW	SK060	1	77.0	105.0	4.0	20	124	2034	F	0	77.0478	103.329	1.671683534644049	R4	restore_4km	r4_2140__p1:i2034	r4_2140__p1:i2034	1217	1e-05	0.120286	1e-05	0.097184	0.11146	0.328494	0.342555
restore_4km_rep030_2140_NW_SK060_i15156	lunarc	restore_4km	rep030	2140	NW	SK060	1	77.0	105.0	4.0	20	124	15156	M	0	79.9829	104.573	3.013307387240806	R4	restore_4km	r4_2140__p1:i15156	r4_2140__p1:i15156	1218	0.022614	0.147222	0.024896	1e-05	0.057568	0.320164	0.427527
restore_4km_rep030_2140_NW_SK060_i7108	lunarc	restore_4km	rep030	2140	NW	SK060	1	77.0	105.0	4.0	20	124	7108	F	0	79.7767	104.351	2.8515371100513542	R4	restore_4km	r4_2140__p1:i7108	r4_2140__p1:i7108	1219	0.077428	0.082178	0.040538	1e-05	0.09466	0.107064	0.598121
restore_4km_rep030_2140_NW_SK060_i10743	lunarc	restore_4km	rep030	2140	NW	SK060	1	77.0	105.0	4.0	20	124	10743	M	0	77.7151	102.205	2.885029117704017	R4	restore_4km	r4_2140__p1:i10743	r4_2140__p1:i10743	1220	0.070941	1e-05	0.115785	1e-05	0.201955	0.316923	0.294375
restore_4km_rep030_2140_NW_SK068_i6901	lunarc	restore_4km	rep030	2140	NW	SK068	2	63.0	119.0	4.0	20	97	6901	F	0	65.7742	121.142	3.504903656307823	R4	restore_4km	r4_2140__p1:i6901	r4_2140__p1:i6901	1221	1e-05	1e-05	1e-05	1e-05	1e-05	0.248302	0.751648
restore_4km_rep030_2140_NW_SK068_i4147	lunarc	restore_4km	rep030	2140	NW	SK068	2	63.0	119.0	4.0	20	97	4147	F	0	66.2324	119.353	3.2516178680773646	R4	restore_4km	r4_2140__p1:i4147	r4_2140__p1:i4147	1222	1e-05	1e-05	0.177978	0.043838	1e-05	0.330529	0.447625
restore_4km_rep030_2140_NW_SK068_i13230	lunarc	restore_4km	rep030	2140	NW	SK068	2	63.0	119.0	4.0	20	97	13230	M	0	63.9633	121.34	2.5305230467237423	R4	restore_4km	r4_2140__p1:i13230	r4_2140__p1:i13230	1223	0.008592	1e-05	1e-05	0.166997	0.082103	0.163624	0.578663
restore_4km_rep030_2140_NW_SK068_i8216	lunarc	restore_4km	rep030	2140	NW	SK068	2	63.0	119.0	4.0	20	97	8216	F	0	66.4105	119.079	3.4114148457788	R4	restore_4km	r4_2140__p1:i8216	r4_2140__p1:i8216	1224	1e-05	0.176812	0.116895	0.160898	1e-05	0.094804	0.450571
restore_4km_rep030_2140_NW_SK068_i17743	lunarc	restore_4km	rep030	2140	NW	SK068	2	63.0	119.0	4.0	20	97	17743	M	0	62.0813	117.407	1.838928679965597	R4	restore_4km	r4_2140__p1:i17743	r4_2140__p1:i17743	1225	0.10866	1e-05	0.076493	0.124756	1e-05	0.360028	0.330043
restore_4km_rep030_2140_NW_SK068_i3055	lunarc	restore_4km	rep030	2140	NW	SK068	2	63.0	119.0	4.0	20	97	3055	F	0	66.2193	121.029	3.805355895313868	R4	restore_4km	r4_2140__p1:i3055	r4_2140__p1:i3055	1226	1e-05	0.110938	0.106329	0.144933	0.065718	0.2552	0.316871
restore_4km_rep030_2140_NW_SK068_i648	lunarc	restore_4km	rep030	2140	NW	SK068	2	63.0	119.0	4.0	20	97	648	F	0	63.1072	119.567	0.5770449202618388	R4	restore_4km	r4_2140__p1:i648	r4_2140__p1:i648	1227	0.22958	0.001088	0.103729	1e-05	0.04282	0.101898	0.520875
restore_4km_rep030_2140_NW_SK068_i10540	lunarc	restore_4km	rep030	2140	NW	SK068	2	63.0	119.0	4.0	20	97	10540	M	0	61.5215	120.452	2.0722611442576406	R4	restore_4km	r4_2140__p1:i10540	r4_2140__p1:i10540	1228	1e-05	0.037968	1e-05	1e-05	1e-05	0.18395	0.778043
restore_4km_rep030_2140_NW_SK068_i9495	lunarc	restore_4km	rep030	2140	NW	SK068	2	63.0	119.0	4.0	20	97	9495	F	0	61.553	121.219	2.6491073968414307	R4	restore_4km	r4_2140__p1:i9495	r4_2140__p1:i9495	1229	1e-05	1e-05	1e-05	1e-05	1e-05	0.261491	0.738459
restore_4km_rep030_2140_NW_SK068_i16433	lunarc	restore_4km	rep030	2140	NW	SK068	2	63.0	119.0	4.0	20	97	16433	M	0	63.7062	118.229	1.0455426533623604	R4	restore_4km	r4_2140__p1:i16433	r4_2140__p1:i16433	1230	0.040824	0.118796	1e-05	1e-05	0.174962	0.263507	0.401891
restore_4km_rep030_2140_NW_SK068_i6968	lunarc	restore_4km	rep030	2140	NW	SK068	2	63.0	119.0	4.0	20	97	6968	F	0	60.5129	118.57	2.5239981002370024	R4	restore_4km	r4_2140__p1:i6968	r4_2140__p1:i6968	1231	1e-05	0.058897	0.125035	0.104095	0.203539	0.075811	0.432613
restore_4km_rep030_2140_NW_SK068_i18312	lunarc	restore_4km	rep030	2140	NW	SK068	2	63.0	119.0	4.0	20	97	18312	M	0	63.4079	119.561	0.6936161834905571	R4	restore_4km	r4_2140__p1:i18312	r4_2140__p1:i18312	1232	0.093159	0.028784	1e-05	1e-05	1e-05	0.188311	0.689716
restore_4km_rep030_2140_NW_SK068_i9721	lunarc	restore_4km	rep030	2140	NW	SK068	2	63.0	119.0	4.0	20	97	9721	F	0	65.2112	122.065	3.779369053162182	R4	restore_4km	r4_2140__p1:i9721	r4_2140__p1:i9721	1233	1e-05	0.067789	0.139882	0.233663	1e-05	0.035193	0.523452
restore_4km_rep030_2140_NW_SK068_i193	lunarc	restore_4km	rep030	2140	NW	SK068	2	63.0	119.0	4.0	20	97	193	F	0	65.0871	121.179	3.0172880886650577	R4	restore_4km	r4_2140__p1:i193	r4_2140__p1:i193	1234	1e-05	0.000734	1e-05	0.175941	0.097064	0.194624	0.531618
restore_4km_rep030_2140_NW_SK068_i15121	lunarc	restore_4km	rep030	2140	NW	SK068	2	63.0	119.0	4.0	20	97	15121	M	0	61.988	117.411	1.8838962285646192	R4	restore_4km	r4_2140__p1:i15121	r4_2140__p1:i15121	1235	0.087702	0.098101	0.000471	1e-05	0.273163	0.142068	0.398484
restore_4km_rep030_2140_NW_SK068_i17714	lunarc	restore_4km	rep030	2140	NW	SK068	2	63.0	119.0	4.0	20	97	17714	M	0	62.1653	122.849	3.938467352917887	R4	restore_4km	r4_2140__p1:i17714	r4_2140__p1:i17714	1236	1e-05	1e-05	1e-05	0.026561	1e-05	0.058934	0.914465
restore_4km_rep030_2140_NW_SK068_i105	lunarc	restore_4km	rep030	2140	NW	SK068	2	63.0	119.0	4.0	20	97	105	F	0	66.2692	120.292	3.515242899146514	R4	restore_4km	r4_2140__p1:i105	r4_2140__p1:i105	1237	0.042205	1e-05	1e-05	0.041729	0.021519	0.423454	0.471073
restore_4km_rep030_2140_NW_SK068_i8961	lunarc	restore_4km	rep030	2140	NW	SK068	2	63.0	119.0	4.0	20	97	8961	F	0	64.0467	116.217	2.973326401524059	R4	restore_4km	r4_2140__p1:i8961	r4_2140__p1:i8961	1238	0.097271	1e-05	0.013477	0.090501	0.049066	0.221709	0.527966
restore_4km_rep030_2140_NW_SK068_i19172	lunarc	restore_4km	rep030	2140	NW	SK068	2	63.0	119.0	4.0	20	97	19172	M	0	63.7454	121.288	2.4063593164778987	R4	restore_4km	r4_2140__p1:i19172	r4_2140__p1:i19172	1239	0.082992	0.058411	1e-05	1e-05	0.155603	0.236643	0.466333
restore_4km_rep030_2140_NW_SK068_i7452	lunarc	restore_4km	rep030	2140	NW	SK068	2	63.0	119.0	4.0	20	97	7452	F	0	61.27	118.963	1.730395619504392	R4	restore_4km	r4_2140__p1:i7452	r4_2140__p1:i7452	1240	0.039746	1e-05	1e-05	1e-05	0.122328	0.276764	0.561131
restore_4km_rep030_2140_NW_SK069_i17149	lunarc	restore_4km	rep030	2140	NW	SK069	3	77.0	119.0	4.0	20	69	17149	M	0	80.7795	119.068	3.780111671630878	R4	restore_4km	r4_2140__p1:i17149	r4_2140__p1:i17149	1241	0.050892	0.094426	0.022141	1e-05	0.044145	1e-05	0.788376
restore_4km_rep030_2140_NW_SK069_i11330	lunarc	restore_4km	rep030	2140	NW	SK069	3	77.0	119.0	4.0	20	69	11330	M	0	76.1995	116.272	2.8430237863936294	R4	restore_4km	r4_2140__p1:i11330	r4_2140__p1:i11330	1242	0.011941	1e-05	0.030007	1e-05	0.077109	0.206823	0.674099
restore_4km_rep030_2140_NW_SK069_i8245	lunarc	restore_4km	rep030	2140	NW	SK069	3	77.0	119.0	4.0	20	69	8245	F	0	77.6554	120.691	1.8135683499664437	R4	restore_4km	r4_2140__p1:i8245	r4_2140__p1:i8245	1243	1e-05	1e-05	0.010599	1e-05	1e-05	0.179345	0.810016
restore_4km_rep030_2140_NW_SK069_i4913	lunarc	restore_4km	rep030	2140	NW	SK069	3	77.0	119.0	4.0	20	69	4913	F	0	77.4102	119.094	0.420832555774861	R4	restore_4km	r4_2140__p1:i4913	r4_2140__p1:i4913	1244	1e-05	0.124837	1e-05	1e-05	1e-05	0.172685	0.702437
restore_4km_rep030_2140_NW_SK069_i8266	lunarc	restore_4km	rep030	2140	NW	SK069	3	77.0	119.0	4.0	20	69	8266	F	0	76.0593	120.775	2.0088657222422888	R4	restore_4km	r4_2140__p1:i8266	r4_2140__p1:i8266	1245	1e-05	1e-05	1e-05	0.028825	1e-05	0.367284	0.603851
restore_4km_rep030_2140_NW_SK069_i1065	lunarc	restore_4km	rep030	2140	NW	SK069	3	77.0	119.0	4.0	20	69	1065	F	0	78.887	116.151	3.4172459671495736	R4	restore_4km	r4_2140__p1:i1065	r4_2140__p1:i1065	1246	0.112492	1e-05	1e-05	1e-05	0.20547	0.423741	0.258267
restore_4km_rep030_2140_NW_SK069_i16341	lunarc	restore_4km	rep030	2140	NW	SK069	3	77.0	119.0	4.0	20	69	16341	M	0	78.4975	122.572	3.873201550397297	R4	restore_4km	r4_2140__p1:i16341	r4_2140__p1:i16341	1247	1e-05	0.129247	1e-05	1e-05	1e-05	0.174398	0.696314
restore_4km_rep030_2140_NW_SK069_i5942	lunarc	restore_4km	rep030	2140	NW	SK069	3	77.0	119.0	4.0	20	69	5942	F	0	78.5591	115.659	3.686878599845669	R4	restore_4km	r4_2140__p1:i5942	r4_2140__p1:i5942	1248	0.03273	1e-05	0.044276	0.043088	0.146219	0.314774	0.418902
restore_4km_rep030_2140_NW_SK069_i4613	lunarc	restore_4km	rep030	2140	NW	SK069	3	77.0	119.0	4.0	20	69	4613	F	0	77.4437	121.388	2.4288708672961663	R4	restore_4km	r4_2140__p1:i4613	r4_2140__p1:i4613	1249	0.599279	0.021127	0.020816	0.027893	1e-05	0.219858	0.111018
restore_4km_rep030_2140_NW_SK069_i7255	lunarc	restore_4km	rep030	2140	NW	SK069	3	77.0	119.0	4.0	20	69	7255	F	0	80.2515	116.91	3.865275184252729	R4	restore_4km	r4_2140__p1:i7255	r4_2140__p1:i7255	1250	0.059594	0.087012	0.009282	0.128869	1e-05	0.133969	0.581265
restore_4km_rep030_2140_NW_SK069_i16239	lunarc	restore_4km	rep030	2140	NW	SK069	3	77.0	119.0	4.0	20	69	16239	M	0	75.9296	121.675	2.8812117520237903	R4	restore_4km	r4_2140__p1:i16239	r4_2140__p1:i16239	1251	0.099578	0.028007	0.195728	1e-05	0.001831	0.422186	0.25266
restore_4km_rep030_2140_NW_SK069_i8971	lunarc	restore_4km	rep030	2140	NW	SK069	3	77.0	119.0	4.0	20	69	8971	F	0	79.7128	116.216	3.8871506068070016	R4	restore_4km	r4_2140__p1:i8971	r4_2140__p1:i8971	1252	1e-05	1e-05	1e-05	1e-05	0.039334	0.432351	0.528275
restore_4km_rep030_2140_NW_SK069_i3819	lunarc	restore_4km	rep030	2140	NW	SK069	3	77.0	119.0	4.0	20	69	3819	F	0	77.2217	122.584	3.5908504410515376	R4	restore_4km	r4_2140__p1:i3819	r4_2140__p1:i3819	1253	1e-05	1e-05	1e-05	1e-05	1e-05	0.187146	0.812804
restore_4km_rep030_2140_NW_SK069_i14811	lunarc	restore_4km	rep030	2140	NW	SK069	3	77.0	119.0	4.0	20	69	14811	M	0	79.5996	119.914	2.755597241978584	R4	restore_4km	r4_2140__p1:i14811	r4_2140__p1:i14811	1254	0.234387	0.016199	0.01693	1e-05	0.104772	0.153404	0.474298
restore_4km_rep030_2140_NW_SK069_i15421	lunarc	restore_4km	rep030	2140	NW	SK069	3	77.0	119.0	4.0	20	69	15421	M	0	77.5254	121.68	2.7310154082318983	R4	restore_4km	r4_2140__p1:i15421	r4_2140__p1:i15421	1255	1e-05	0.084718	1e-05	1e-05	0.095708	0.291804	0.52774
restore_4km_rep030_2140_NW_SK069_i8101	lunarc	restore_4km	rep030	2140	NW	SK069	3	77.0	119.0	4.0	20	69	8101	F	0	74.0825	117.064	3.5014143213850097	R4	restore_4km	r4_2140__p1:i8101	r4_2140__p1:i8101	1256	1e-05	0.013091	1e-05	1e-05	0.108692	0.340907	0.53728
restore_4km_rep030_2140_NW_SK069_i6876	lunarc	restore_4km	rep030	2140	NW	SK069	3	77.0	119.0	4.0	20	69	6876	F	0	75.3434	122.596	3.959234718982952	R4	restore_4km	r4_2140__p1:i6876	r4_2140__p1:i6876	1257	1e-05	0.049333	0.045648	1e-05	0.172396	0.190328	0.542275
restore_4km_rep030_2140_NW_SK069_i19745	lunarc	restore_4km	rep030	2140	NW	SK069	3	77.0	119.0	4.0	20	69	19745	M	0	77.2918	122.365	3.3776281974190057	R4	restore_4km	r4_2140__p1:i19745	r4_2140__p1:i19745	1258	1e-05	1e-05	1e-05	1e-05	1e-05	0.338627	0.661323
restore_4km_rep030_2140_NW_SK069_i257	lunarc	restore_4km	rep030	2140	NW	SK069	3	77.0	119.0	4.0	20	69	257	F	0	78.6731	121.731	3.20275266138364	R4	restore_4km	r4_2140__p1:i257	r4_2140__p1:i257	1259	1e-05	0.011608	0.025155	1e-05	1e-05	0.423012	0.540196
restore_4km_rep030_2140_NW_SK069_i11648	lunarc	restore_4km	rep030	2140	NW	SK069	3	77.0	119.0	4.0	20	69	11648	M	0	76.7527	120.365	1.387221067458242	R4	restore_4km	r4_2140__p1:i11648	r4_2140__p1:i11648	1260	1e-05	0.08069	1e-05	1e-05	0.145023	0.131488	0.642769
restore_4km_rep030_2140_NE_SK062_i16950	lunarc	restore_4km	rep030	2140	NE	SK062	1	105.0	105.0	4.0	20	61	16950	M	0	102.504	107.133	3.2832461071323844	R4	restore_4km	r4_2140__p1:i16950	r4_2140__p1:i16950	1261	1e-05	0.081924	0.09202	0.114161	1e-05	0.435157	0.276718
restore_4km_rep030_2140_NE_SK062_i7701	lunarc	restore_4km	rep030	2140	NE	SK062	1	105.0	105.0	4.0	20	61	7701	F	0	103.421	104.463	1.6678159370865795	R4	restore_4km	r4_2140__p1:i7701	r4_2140__p1:i7701	1262	1e-05	0.048325	0.2651	1e-05	0.267046	0.37524	0.044269
restore_4km_rep030_2140_NE_SK062_i15452	lunarc	restore_4km	rep030	2140	NE	SK062	1	105.0	105.0	4.0	20	61	15452	M	0	103.104	103.797	2.245445390117517	R4	restore_4km	r4_2140__p1:i15452	r4_2140__p1:i15452	1263	1e-05	1e-05	0.013776	0.045657	0.188182	0.253142	0.499223
restore_4km_rep030_2140_NE_SK062_i7129	lunarc	restore_4km	rep030	2140	NE	SK062	1	105.0	105.0	4.0	20	61	7129	F	0	102.578	105.21	2.431086999677301	R4	restore_4km	r4_2140__p1:i7129	r4_2140__p1:i7129	1264	1e-05	1e-05	1e-05	1e-05	0.06744	0.240716	0.691804
restore_4km_rep030_2140_NE_SK062_i3787	lunarc	restore_4km	rep030	2140	NE	SK062	1	105.0	105.0	4.0	20	61	3787	F	0	105.417	104.042	1.044821994408616	R4	restore_4km	r4_2140__p1:i3787	r4_2140__p1:i3787	1265	0.20933	0.020066	0.063335	1e-05	0.122466	0.390027	0.194766
restore_4km_rep030_2140_NE_SK062_i18051	lunarc	restore_4km	rep030	2140	NE	SK062	1	105.0	105.0	4.0	20	61	18051	M	0	106.639	104.294	1.7845887481433895	R4	restore_4km	r4_2140__p1:i18051	r4_2140__p1:i18051	1266	0.246927	1e-05	0.042749	0.080104	0.022098	0.332655	0.275457
restore_4km_rep030_2140_NE_SK062_i17386	lunarc	restore_4km	rep030	2140	NE	SK062	1	105.0	105.0	4.0	20	61	17386	M	0	103.785	104.381	1.3635930477968887	R4	restore_4km	r4_2140__p1:i17386	r4_2140__p1:i17386	1267	0.177333	0.014802	0.040149	0.241203	0.045774	0.340972	0.139766
restore_4km_rep030_2140_NE_SK062_i14147	lunarc	restore_4km	rep030	2140	NE	SK062	1	105.0	105.0	4.0	20	61	14147	M	0	103.256	108.285	3.719241992664631	R4	restore_4km	r4_2140__p1:i14147	r4_2140__p1:i14147	1268	1e-05	1e-05	1e-05	1e-05	1e-05	0.469436	0.530514
restore_4km_rep030_2140_NE_SK062_i466	lunarc	restore_4km	rep030	2140	NE	SK062	1	105.0	105.0	4.0	20	61	466	F	0	102.269	105.646	2.806363661395289	R4	restore_4km	r4_2140__p1:i466	r4_2140__p1:i466	1269	1e-05	0.057887	1e-05	0.004397	1e-05	0.670378	0.267308
restore_4km_rep030_2140_NE_SK062_i17403	lunarc	restore_4km	rep030	2140	NE	SK062	1	105.0	105.0	4.0	20	61	17403	M	0	105.87	101.385	3.718215297693232	R4	restore_4km	r4_2140__p1:i17403	r4_2140__p1:i17403	1270	0.011633	1e-05	0.051533	0.043466	0.314046	0.361386	0.217926
restore_4km_rep030_2140_NE_SK062_i2849	lunarc	restore_4km	rep030	2140	NE	SK062	1	105.0	105.0	4.0	20	61	2849	F	0	107.247	106.501	2.70222315880832	R4	restore_4km	r4_2140__p1:i2849	r4_2140__p1:i2849	1271	1e-05	1e-05	0.079731	1e-05	1e-05	0.771976	0.148253
restore_4km_rep030_2140_NE_SK062_i7552	lunarc	restore_4km	rep030	2140	NE	SK062	1	105.0	105.0	4.0	20	61	7552	F	0	103.822	105.961	1.520264779569661	R4	restore_4km	r4_2140__p1:i7552	r4_2140__p1:i7552	1272	0.194192	1e-05	0.038015	0.408372	1e-05	0.151576	0.207826
restore_4km_rep030_2140_NE_SK062_i12662	lunarc	restore_4km	rep030	2140	NE	SK062	1	105.0	105.0	4.0	20	61	12662	M	0	104.683	105.89	0.944769284005358	R4	restore_4km	r4_2140__p1:i12662	r4_2140__p1:i12662	1273	0.0406	1e-05	0.029963	0.25626	0.12242	0.386175	0.164572
restore_4km_rep030_2140_NE_SK062_i7551	lunarc	restore_4km	rep030	2140	NE	SK062	1	105.0	105.0	4.0	20	61	7551	F	0	105.571	108.605	3.649940547461017	R4	restore_4km	r4_2140__p1:i7551	r4_2140__p1:i7551	1274	0.194192	1e-05	0.038015	0.408372	1e-05	0.151576	0.207826
restore_4km_rep030_2140_NE_SK062_i15449	lunarc	restore_4km	rep030	2140	NE	SK062	1	105.0	105.0	4.0	20	61	15449	M	0	101.575	105.31	3.4390005815643563	R4	restore_4km	r4_2140__p1:i15449	r4_2140__p1:i15449	1275	0.00634	1e-05	1e-05	1e-05	0.195124	0.319697	0.478809
restore_4km_rep030_2140_NE_SK062_i16082	lunarc	restore_4km	rep030	2140	NE	SK062	1	105.0	105.0	4.0	20	61	16082	M	0	106.05	108.814	3.955893830729023	R4	restore_4km	r4_2140__p1:i16082	r4_2140__p1:i16082	1276	0.066972	0.089029	0.006882	0.006151	0.05353	0.643837	0.133599
restore_4km_rep030_2140_NE_SK062_i8433	lunarc	restore_4km	rep030	2140	NE	SK062	1	105.0	105.0	4.0	20	61	8433	F	0	105.532	104.425	0.7833575173571767	R4	restore_4km	r4_2140__p1:i8433	r4_2140__p1:i8433	1277	0.270745	0.007537	1e-05	0.070971	1e-05	0.609527	0.041199
restore_4km_rep030_2140_NE_SK062_i16735	lunarc	restore_4km	rep030	2140	NE	SK062	1	105.0	105.0	4.0	20	61	16735	M	0	104.545	103.95	1.1443447906990238	R4	restore_4km	r4_2140__p1:i16735	r4_2140__p1:i16735	1278	0.120499	0.06115	1e-05	0.033339	0.232376	0.532279	0.020346
restore_4km_rep030_2140_NE_SK062_i3599	lunarc	restore_4km	rep030	2140	NE	SK062	1	105.0	105.0	4.0	20	61	3599	F	0	103.548	107.059	2.519481097369056	R4	restore_4km	r4_2140__p1:i3599	r4_2140__p1:i3599	1279	1e-05	0.163587	0.075734	0.018007	0.075443	0.551257	0.115961
restore_4km_rep030_2140_NE_SK062_i15397	lunarc	restore_4km	rep030	2140	NE	SK062	1	105.0	105.0	4.0	20	61	15397	M	0	103.341	103.692	2.112615677306225	R4	restore_4km	r4_2140__p1:i15397	r4_2140__p1:i15397	1280	0.145856	0.039922	1e-05	0.069973	0.135886	0.195975	0.412377
restore_4km_rep030_2140_NE_SK063_i5031	lunarc	restore_4km	rep030	2140	NE	SK063	2	119.0	105.0	4.0	20	58	5031	F	0	118.4	106.012	1.176496493832427	R4	restore_4km	r4_2140__p1:i5031	r4_2140__p1:i5031	1281	1e-05	0.138184	0.019484	0.055204	1e-05	0.787099	1e-05
restore_4km_rep030_2140_NE_SK063_i14904	lunarc	restore_4km	rep030	2140	NE	SK063	2	119.0	105.0	4.0	20	58	14904	M	0	119.999	108.733	3.864361525530449	R4	restore_4km	r4_2140__p1:i14904	r4_2140__p1:i14904	1282	1e-05	0.042528	0.105646	1e-05	1e-05	0.851786	1e-05
restore_4km_rep030_2140_NE_SK063_i9096	lunarc	restore_4km	rep030	2140	NE	SK063	2	119.0	105.0	4.0	20	58	9096	F	0	118.128	101.752	3.363017692489891	R4	restore_4km	r4_2140__p1:i9096	r4_2140__p1:i9096	1283	0.13449	0.020748	1e-05	0.05287	0.227025	0.513923	0.050935
restore_4km_rep030_2140_NE_SK063_i2450	lunarc	restore_4km	rep030	2140	NE	SK063	2	119.0	105.0	4.0	20	58	2450	F	0	119.308	105.177	0.3552365409132437	R4	restore_4km	r4_2140__p1:i2450	r4_2140__p1:i2450	1284	0.090634	0.082336	1e-05	0.050814	0.038988	0.547011	0.190207
restore_4km_rep030_2140_NE_SK063_i14597	lunarc	restore_4km	rep030	2140	NE	SK063	2	119.0	105.0	4.0	20	58	14597	M	0	122.121	104.53	3.1561909004367856	R4	restore_4km	r4_2140__p1:i14597	r4_2140__p1:i14597	1285	1e-05	1e-05	0.069748	1e-05	1e-05	0.930202	1e-05
restore_4km_rep030_2140_NE_SK063_i8429	lunarc	restore_4km	rep030	2140	NE	SK063	2	119.0	105.0	4.0	20	58	8429	F	0	122.343	103.378	3.715714332399629	R4	restore_4km	r4_2140__p1:i8429	r4_2140__p1:i8429	1286	0.054489	0.013806	1e-05	0.099284	1e-05	0.623349	0.209051
restore_4km_rep030_2140_NE_SK063_i2951	lunarc	restore_4km	rep030	2140	NE	SK063	2	119.0	105.0	4.0	20	58	2951	F	0	115.975	105.169	3.029717148514038	R4	restore_4km	r4_2140__p1:i2951	r4_2140__p1:i2951	1287	0.045463	0.053055	1e-05	1e-05	1e-05	0.575881	0.32557
restore_4km_rep030_2140_NE_SK063_i2590	lunarc	restore_4km	rep030	2140	NE	SK063	2	119.0	105.0	4.0	20	58	2590	F	0	121.953	107.594	3.93052731831239	R4	restore_4km	r4_2140__p1:i2590	r4_2140__p1:i2590	1288	0.100857	0.019205	1e-05	0.011606	1e-05	0.671387	0.196925
restore_4km_rep030_2140_NE_SK063_i6319	lunarc	restore_4km	rep030	2140	NE	SK063	2	119.0	105.0	4.0	20	58	6319	F	0	118.41	101.411	3.637172115806453	R4	restore_4km	r4_2140__p1:i6319	r4_2140__p1:i6319	1289	0.066552	0.044794	0.093652	0.002415	0.253598	0.332051	0.206937
restore_4km_rep030_2140_NE_SK063_i12807	lunarc	restore_4km	rep030	2140	NE	SK063	2	119.0	105.0	4.0	20	58	12807	M	0	117.276	108.078	3.527925736179835	R4	restore_4km	r4_2140__p1:i12807	r4_2140__p1:i12807	1290	1e-05	0.0918	1e-05	1e-05	1e-05	0.74539	0.16277
restore_4km_rep030_2140_NE_SK063_i13166	lunarc	restore_4km	rep030	2140	NE	SK063	2	119.0	105.0	4.0	20	58	13166	M	0	122.501	106.111	3.673053498112986	R4	restore_4km	r4_2140__p1:i13166	r4_2140__p1:i13166	1291	0.216878	1e-05	0.036309	0.096152	1e-05	0.342088	0.308554
restore_4km_rep030_2140_NE_SK063_i13534	lunarc	restore_4km	rep030	2140	NE	SK063	2	119.0	105.0	4.0	20	58	13534	M	0	118.957	108.149	3.149293571580777	R4	restore_4km	r4_2140__p1:i13534	r4_2140__p1:i13534	1292	0.086391	0.021015	0.03555	0.081413	0.161643	0.435512	0.178476
restore_4km_rep030_2140_NE_SK063_i10547	lunarc	restore_4km	rep030	2140	NE	SK063	2	119.0	105.0	4.0	20	58	10547	M	0	120.27	103.882	1.6919881796277356	R4	restore_4km	r4_2140__p1:i10547	r4_2140__p1:i10547	1293	0.230009	0.124964	0.058476	0.00459	0.024535	0.513275	0.044151
restore_4km_rep030_2140_NE_SK063_i458	lunarc	restore_4km	rep030	2140	NE	SK063	2	119.0	105.0	4.0	20	58	458	F	0	117.478	104.402	1.6352638930765933	R4	restore_4km	r4_2140__p1:i458	r4_2140__p1:i458	1294	1e-05	1e-05	0.019973	0.547303	1e-05	0.432684	1e-05
restore_4km_rep030_2140_NE_SK063_i13988	lunarc	restore_4km	rep030	2140	NE	SK063	2	119.0	105.0	4.0	20	58	13988	M	0	120.877	103.009	2.7362766672980974	R4	restore_4km	r4_2140__p1:i13988	r4_2140__p1:i13988	1295	0.002977	0.130323	1e-05	0.062357	0.170341	0.400368	0.233625
restore_4km_rep030_2140_NE_SK063_i7909	lunarc	restore_4km	rep030	2140	NE	SK063	2	119.0	105.0	4.0	20	58	7909	F	0	120.626	106.903	2.5030551332321944	R4	restore_4km	r4_2140__p1:i7909	r4_2140__p1:i7909	1296	1e-05	1e-05	0.00237	1e-05	1e-05	0.828494	0.169096
restore_4km_rep030_2140_NE_SK063_i10434	lunarc	restore_4km	rep030	2140	NE	SK063	2	119.0	105.0	4.0	20	58	10434	M	0	120.761	102.917	2.727638172485489	R4	restore_4km	r4_2140__p1:i10434	r4_2140__p1:i10434	1297	1e-05	1e-05	1e-05	0.582127	0.105602	0.31223	1e-05
restore_4km_rep030_2140_NE_SK063_i13664	lunarc	restore_4km	rep030	2140	NE	SK063	2	119.0	105.0	4.0	20	58	13664	M	0	117.239	108.214	3.664821550908035	R4	restore_4km	r4_2140__p1:i13664	r4_2140__p1:i13664	1298	1e-05	1e-05	1e-05	1e-05	1e-05	0.99994	1e-05
restore_4km_rep030_2140_NE_SK063_i17139	lunarc	restore_4km	rep030	2140	NE	SK063	2	119.0	105.0	4.0	20	58	17139	M	0	116.559	107.049	3.186986350770903	R4	restore_4km	r4_2140__p1:i17139	r4_2140__p1:i17139	1299	1e-05	1e-05	0.076483	0.117618	1e-05	0.631621	0.174247
restore_4km_rep030_2140_NE_SK063_i1573	lunarc	restore_4km	rep030	2140	NE	SK063	2	119.0	105.0	4.0	20	58	1573	F	0	118.131	106.461	1.6999064680152245	R4	restore_4km	r4_2140__p1:i1573	r4_2140__p1:i1573	1300	0.16692	1e-05	1e-05	0.011011	1e-05	0.673426	0.148613
restore_4km_rep030_2140_NE_SK064_i14126	lunarc	restore_4km	rep030	2140	NE	SK064	3	133.0	105.0	4.0	20	87	14126	M	0	133.41	103.871	1.2011415403689976	R4	restore_4km	r4_2140__p1:i14126	r4_2140__p1:i14126	1301	0.08889	1e-05	0.165636	1e-05	1e-05	0.745433	1e-05
restore_4km_rep030_2140_NE_SK064_i18549	lunarc	restore_4km	rep030	2140	NE	SK064	3	133.0	105.0	4.0	20	87	18549	M	0	129.745	107.089	3.867679666156437	R4	restore_4km	r4_2140__p1:i18549	r4_2140__p1:i18549	1302	0.008742	0.080151	0.048414	1e-05	1e-05	0.755876	0.106797
restore_4km_rep030_2140_NE_SK064_i17921	lunarc	restore_4km	rep030	2140	NE	SK064	3	133.0	105.0	4.0	20	87	17921	M	0	132.432	107.503	2.566638463048509	R4	restore_4km	r4_2140__p1:i17921	r4_2140__p1:i17921	1303	0.102982	1e-05	0.115853	0.053496	1e-05	0.727639	1e-05
restore_4km_rep030_2140_NE_SK064_i2674	lunarc	restore_4km	rep030	2140	NE	SK064	3	133.0	105.0	4.0	20	87	2674	F	0	130.603	107.288	3.3136917478848185	R4	restore_4km	r4_2140__p1:i2674	r4_2140__p1:i2674	1304	0.065661	0.022032	0.045564	0.031476	1e-05	0.665684	0.169573
restore_4km_rep030_2140_NE_SK064_i6814	lunarc	restore_4km	rep030	2140	NE	SK064	3	133.0	105.0	4.0	20	87	6814	F	0	130.287	106.332	3.0223489209553467	R4	restore_4km	r4_2140__p1:i6814	r4_2140__p1:i6814	1305	1e-05	0.22808	0.018497	1e-05	1e-05	0.652801	0.100592
restore_4km_rep030_2140_NE_SK064_i6815	lunarc	restore_4km	rep030	2140	NE	SK064	3	133.0	105.0	4.0	20	87	6815	F	0	129.729	104.171	3.3744158012906325	R4	restore_4km	r4_2140__p1:i6815	r4_2140__p1:i6815	1306	0.05961	0.124359	0.070098	1e-05	0.03467	0.574091	0.137163
restore_4km_rep030_2140_NE_SK064_i11909	lunarc	restore_4km	rep030	2140	NE	SK064	3	133.0	105.0	4.0	20	87	11909	M	0	130.583	104.771	2.4278241287210256	R4	restore_4km	r4_2140__p1:i11909	r4_2140__p1:i11909	1307	0.166795	1e-05	0.005381	0.210783	0.129999	0.487022	1e-05
restore_4km_rep030_2140_NE_SK064_i18212	lunarc	restore_4km	rep030	2140	NE	SK064	3	133.0	105.0	4.0	20	87	18212	M	0	130.789	102.809	3.1127161772317224	R4	restore_4km	r4_2140__p1:i18212	r4_2140__p1:i18212	1308	0.206083	1e-05	0.003659	0.099455	0.197531	0.493252	1e-05
restore_4km_rep030_2140_NE_SK064_i2014	lunarc	restore_4km	rep030	2140	NE	SK064	3	133.0	105.0	4.0	20	87	2014	F	0	133.01	107.032	2.032024606150227	R4	restore_4km	r4_2140__p1:i2014	r4_2140__p1:i2014	1309	1e-05	0.107883	0.132012	1e-05	0.000302	0.629076	0.130707
restore_4km_rep030_2140_NE_SK064_i17885	lunarc	restore_4km	rep030	2140	NE	SK064	3	133.0	105.0	4.0	20	87	17885	M	0	132.037	104.044	1.3569469407460242	R4	restore_4km	r4_2140__p1:i17885	r4_2140__p1:i17885	1310	0.079075	0.086578	0.153519	0.026039	0.026237	0.628542	1e-05
restore_4km_rep030_2140_NE_SK064_i192	lunarc	restore_4km	rep030	2140	NE	SK064	3	133.0	105.0	4.0	20	87	192	F	0	134.39	103.831	1.8162216274452727	R4	restore_4km	r4_2140__p1:i192	r4_2140__p1:i192	1311	0.157004	1e-05	0.032716	0.122779	0.185901	0.471925	0.029664
restore_4km_rep030_2140_NE_SK064_i11223	lunarc	restore_4km	rep030	2140	NE	SK064	3	133.0	105.0	4.0	20	87	11223	M	0	134.425	101.307	3.958392855692827	R4	restore_4km	r4_2140__p1:i11223	r4_2140__p1:i11223	1312	0.285397	0.076171	1e-05	0.069938	0.079196	0.489278	1e-05
restore_4km_rep030_2140_NE_SK064_i14114	lunarc	restore_4km	rep030	2140	NE	SK064	3	133.0	105.0	4.0	20	87	14114	M	0	133.795	104.894	0.8020355353723293	R4	restore_4km	r4_2140__p1:i14114	r4_2140__p1:i14114	1313	0.138879	0.162786	0.209247	1e-05	0.072887	0.216894	0.199296
restore_4km_rep030_2140_NE_SK064_i7716	lunarc	restore_4km	rep030	2140	NE	SK064	3	133.0	105.0	4.0	20	87	7716	F	0	132.065	103.284	1.954195742498684	R4	restore_4km	r4_2140__p1:i7716	r4_2140__p1:i7716	1314	0.253647	1e-05	0.00759	0.033985	0.138722	0.451919	0.114127
restore_4km_rep030_2140_NE_SK064_i9768	lunarc	restore_4km	rep030	2140	NE	SK064	3	133.0	105.0	4.0	20	87	9768	F	0	134.282	102.468	2.8380535583388853	R4	restore_4km	r4_2140__p1:i9768	r4_2140__p1:i9768	1315	0.148879	0.019601	1e-05	0.065965	0.005567	0.759968	1e-05
restore_4km_rep030_2140_NE_SK064_i14127	lunarc	restore_4km	rep030	2140	NE	SK064	3	133.0	105.0	4.0	20	87	14127	M	0	133.85	104.398	1.0415872503059909	R4	restore_4km	r4_2140__p1:i14127	r4_2140__p1:i14127	1316	0.118987	1e-05	0.170473	1e-05	1e-05	0.689806	0.020705
restore_4km_rep030_2140_NE_SK064_i17344	lunarc	restore_4km	rep030	2140	NE	SK064	3	133.0	105.0	4.0	20	87	17344	M	0	135.234	104.902	2.2361484744980684	R4	restore_4km	r4_2140__p1:i17344	r4_2140__p1:i17344	1317	0.206897	1e-05	0.05632	0.021725	0.301853	0.290177	0.123019
restore_4km_rep030_2140_NE_SK064_i8286	lunarc	restore_4km	rep030	2140	NE	SK064	3	133.0	105.0	4.0	20	87	8286	F	0	132.396	102.33	2.7374652509210096	R4	restore_4km	r4_2140__p1:i8286	r4_2140__p1:i8286	1318	0.11732	1e-05	0.098149	1e-05	0.113529	0.498706	0.172276
restore_4km_rep030_2140_NE_SK064_i14530	lunarc	restore_4km	rep030	2140	NE	SK064	3	133.0	105.0	4.0	20	87	14530	M	0	130.054	104.259	3.0377618405661737	R4	restore_4km	r4_2140__p1:i14530	r4_2140__p1:i14530	1319	1e-05	0.071158	0.039022	0.068145	0.32338	0.327903	0.170382
restore_4km_rep030_2140_NE_SK064_i2290	lunarc	restore_4km	rep030	2140	NE	SK064	3	133.0	105.0	4.0	20	87	2290	F	0	132.134	107.195	2.359656966594932	R4	restore_4km	r4_2140__p1:i2290	r4_2140__p1:i2290	1320	0.000913	1e-05	0.006591	1e-05	0.135188	0.685324	0.171964
restore_4km_rep030_2140_W_SK025_i6526	lunarc	restore_4km	rep030	2140	W	SK025	1	91.0	49.0	4.0	20	165	6526	F	0	91.3144	47.5321	1.5011921162862547	R4	restore_4km	r4_2140__p1:i6526	r4_2140__p1:i6526	1321	0.030425	0.079978	1e-05	0.039167	0.041325	0.760174	0.048922
restore_4km_rep030_2140_W_SK025_i16420	lunarc	restore_4km	rep030	2140	W	SK025	1	91.0	49.0	4.0	20	165	16420	M	0	92.1757	48.6248	1.2341173080384271	R4	restore_4km	r4_2140__p1:i16420	r4_2140__p1:i16420	1322	0.048101	1e-05	0.024657	0.122684	0.133204	0.671334	1e-05
restore_4km_rep030_2140_W_SK025_i19345	lunarc	restore_4km	rep030	2140	W	SK025	1	91.0	49.0	4.0	20	165	19345	M	0	88.0824	47.7308	3.181706837532326	R4	restore_4km	r4_2140__p1:i19345	r4_2140__p1:i19345	1323	0.057199	0.095735	1e-05	0.092945	0.112173	0.416478	0.22546
restore_4km_rep030_2140_W_SK025_i5743	lunarc	restore_4km	rep030	2140	W	SK025	1	91.0	49.0	4.0	20	165	5743	F	0	91.0447	45.932	3.0683256166841204	R4	restore_4km	r4_2140__p1:i5743	r4_2140__p1:i5743	1324	0.073396	0.027953	1e-05	0.097838	0.035838	0.59825	0.166715
restore_4km_rep030_2140_W_SK025_i15145	lunarc	restore_4km	rep030	2140	W	SK025	1	91.0	49.0	4.0	20	165	15145	M	0	94.4441	50.5286	3.768082107651057	R4	restore_4km	r4_2140__p1:i15145	r4_2140__p1:i15145	1325	0.127657	0.017517	1e-05	0.020582	0.182612	0.594318	0.057305
restore_4km_rep030_2140_W_SK025_i4153	lunarc	restore_4km	rep030	2140	W	SK025	1	91.0	49.0	4.0	20	165	4153	F	0	90.5389	48.4326	0.7311333462508743	R4	restore_4km	r4_2140__p1:i4153	r4_2140__p1:i4153	1326	0.054508	0.123036	0.11292	0.141167	0.104549	0.332511	0.131309
restore_4km_rep030_2140_W_SK025_i2777	lunarc	restore_4km	rep030	2140	W	SK025	1	91.0	49.0	4.0	20	165	2777	F	0	92.4682	50.0102	1.7821658957571778	R4	restore_4km	r4_2140__p1:i2777	r4_2140__p1:i2777	1327	1e-05	0.041769	1e-05	0.095011	0.280081	0.583108	1e-05
restore_4km_rep030_2140_W_SK025_i7568	lunarc	restore_4km	rep030	2140	W	SK025	1	91.0	49.0	4.0	20	165	7568	F	0	90.6896	46.4006	2.6178671700451144	R4	restore_4km	r4_2140__p1:i7568	r4_2140__p1:i7568	1328	0.148845	0.112603	1e-05	0.061945	0.053736	0.532739	0.090122
restore_4km_rep030_2140_W_SK025_i3218	lunarc	restore_4km	rep030	2140	W	SK025	1	91.0	49.0	4.0	20	165	3218	F	0	94.0204	51.4924	3.915976751718528	R4	restore_4km	r4_2140__p1:i3218	r4_2140__p1:i3218	1329	0.067933	0.102698	1e-05	0.023619	0.222637	0.365528	0.217575
restore_4km_rep030_2140_W_SK025_i4182	lunarc	restore_4km	rep030	2140	W	SK025	1	91.0	49.0	4.0	20	165	4182	F	0	90.6589	48.56	0.5567308236481937	R4	restore_4km	r4_2140__p1:i4182	r4_2140__p1:i4182	1330	0.280251	1e-05	0.002186	0.092496	1e-05	0.528576	0.096471
restore_4km_rep030_2140_W_SK025_i18829	lunarc	restore_4km	rep030	2140	W	SK025	1	91.0	49.0	4.0	20	165	18829	M	0	92.3528	52.6347	3.87828724181178	R4	restore_4km	r4_2140__p1:i18829	r4_2140__p1:i18829	1331	0.12861	0.156316	0.061596	0.11951	0.141971	0.391987	1e-05
restore_4km_rep030_2140_W_SK025_i14865	lunarc	restore_4km	rep030	2140	W	SK025	1	91.0	49.0	4.0	20	165	14865	M	0	93.4967	51.7275	3.697670501815976	R4	restore_4km	r4_2140__p1:i14865	r4_2140__p1:i14865	1332	0.111304	0.156215	0.083864	0.125101	1e-05	0.480572	0.042935
restore_4km_rep030_2140_W_SK025_i10283	lunarc	restore_4km	rep030	2140	W	SK025	1	91.0	49.0	4.0	20	165	10283	M	0	90.3668	46.1981	2.872557371054584	R4	restore_4km	r4_2140__p1:i10283	r4_2140__p1:i10283	1333	0.148189	0.006581	0.223875	0.091871	0.215009	0.314465	1e-05
restore_4km_rep030_2140_W_SK025_i18532	lunarc	restore_4km	rep030	2140	W	SK025	1	91.0	49.0	4.0	20	165	18532	M	0	93.4675	51.4442	3.473135455175916	R4	restore_4km	r4_2140__p1:i18532	r4_2140__p1:i18532	1334	0.074904	0.234547	1e-05	0.085112	0.299606	0.305811	1e-05
restore_4km_rep030_2140_W_SK025_i8813	lunarc	restore_4km	rep030	2140	W	SK025	1	91.0	49.0	4.0	20	165	8813	F	0	88.2845	48.2035	2.829903266898011	R4	restore_4km	r4_2140__p1:i8813	r4_2140__p1:i8813	1335	0.075759	0.073252	0.156156	0.118705	0.028198	0.446897	0.101034
restore_4km_rep030_2140_W_SK025_i2184	lunarc	restore_4km	rep030	2140	W	SK025	1	91.0	49.0	4.0	20	165	2184	F	0	88.4801	48.8756	2.522968761201778	R4	restore_4km	r4_2140__p1:i2184	r4_2140__p1:i2184	1336	0.37429	0.086332	1e-05	1e-05	1e-05	0.539337	1e-05
restore_4km_rep030_2140_W_SK025_i1861	lunarc	restore_4km	rep030	2140	W	SK025	1	91.0	49.0	4.0	20	165	1861	F	0	89.8328	46.8984	2.4039713808612566	R4	restore_4km	r4_2140__p1:i1861	r4_2140__p1:i1861	1337	0.322379	0.033275	1e-05	0.12779	1e-05	0.512921	0.003615
restore_4km_rep030_2140_W_SK025_i17167	lunarc	restore_4km	rep030	2140	W	SK025	1	91.0	49.0	4.0	20	165	17167	M	0	93.4466	51.3457	3.389418836614918	R4	restore_4km	r4_2140__p1:i17167	r4_2140__p1:i17167	1338	0.25585	0.057926	1e-05	0.142334	0.031948	0.456213	0.055719
restore_4km_rep030_2140_W_SK025_i6033	lunarc	restore_4km	rep030	2140	W	SK025	1	91.0	49.0	4.0	20	165	6033	F	0	89.5435	50.689	2.230272012558113	R4	restore_4km	r4_2140__p1:i6033	r4_2140__p1:i6033	1339	0.278603	0.032197	0.065917	0.084723	0.030575	0.507974	1e-05
restore_4km_rep030_2140_W_SK025_i18385	lunarc	restore_4km	rep030	2140	W	SK025	1	91.0	49.0	4.0	20	165	18385	M	0	88.5615	47.5176	2.85373299556914	R4	restore_4km	r4_2140__p1:i18385	r4_2140__p1:i18385	1340	1e-05	1e-05	0.067824	0.049259	0.283831	0.599056	1e-05
restore_4km_rep030_2140_W_SK026_i13018	lunarc	restore_4km	rep030	2140	W	SK026	2	105.0	49.0	4.0	20	146	13018	M	0	107.116	51.5077	3.2811606620219007	R4	restore_4km	r4_2140__p1:i13018	r4_2140__p1:i13018	1341	1e-05	1e-05	0.199138	1e-05	0.296117	0.211459	0.293257
restore_4km_rep030_2140_W_SK026_i17820	lunarc	restore_4km	rep030	2140	W	SK026	2	105.0	49.0	4.0	20	146	17820	M	0	106.448	49.0514	1.448911991806259	R4	restore_4km	r4_2140__p1:i17820	r4_2140__p1:i17820	1342	0.12431	0.046487	0.270306	0.037209	0.211181	0.267103	0.043404
restore_4km_rep030_2140_W_SK026_i14751	lunarc	restore_4km	rep030	2140	W	SK026	2	105.0	49.0	4.0	20	146	14751	M	0	106.727	48.9004	1.7298696945145935	R4	restore_4km	r4_2140__p1:i14751	r4_2140__p1:i14751	1343	0.154616	1e-05	0.056531	0.010479	0.030578	0.508472	0.239315
restore_4km_rep030_2140_W_SK026_i14665	lunarc	restore_4km	rep030	2140	W	SK026	2	105.0	49.0	4.0	20	146	14665	M	0	105.771	45.3882	3.693174818499663	R4	restore_4km	r4_2140__p1:i14665	r4_2140__p1:i14665	1344	0.09584	0.087085	0.003421	0.089001	0.272123	0.437176	0.015355
restore_4km_rep030_2140_W_SK026_i4920	lunarc	restore_4km	rep030	2140	W	SK026	2	105.0	49.0	4.0	20	146	4920	F	0	103.999	48.7004	1.0448737531395875	R4	restore_4km	r4_2140__p1:i4920	r4_2140__p1:i4920	1345	0.083031	0.209502	1e-05	0.042599	0.059079	0.553669	0.05211
restore_4km_rep030_2140_W_SK026_i1464	lunarc	restore_4km	rep030	2140	W	SK026	2	105.0	49.0	4.0	20	146	1464	F	0	102.922	46.3754	3.34762739264692	R4	restore_4km	r4_2140__p1:i1464	r4_2140__p1:i1464	1346	0.243592	0.007902	0.106091	0.06604	0.002569	0.240828	0.332977
restore_4km_rep030_2140_W_SK026_i7321	lunarc	restore_4km	rep030	2140	W	SK026	2	105.0	49.0	4.0	20	146	7321	F	0	105.731	50.25	1.4480542116923634	R4	restore_4km	r4_2140__p1:i7321	r4_2140__p1:i7321	1347	0.180472	0.099607	0.000753	0.020632	0.126902	0.477754	0.09388
restore_4km_rep030_2140_W_SK026_i12438	lunarc	restore_4km	rep030	2140	W	SK026	2	105.0	49.0	4.0	20	146	12438	M	0	105.583	45.7918	3.260741670233934	R4	restore_4km	r4_2140__p1:i12438	r4_2140__p1:i12438	1348	0.114567	0.121422	0.010242	0.032467	0.009986	0.408454	0.302862
restore_4km_rep030_2140_W_SK026_i5384	lunarc	restore_4km	rep030	2140	W	SK026	2	105.0	49.0	4.0	20	146	5384	F	0	106.781	46.0355	3.458355281054858	R4	restore_4km	r4_2140__p1:i5384	r4_2140__p1:i5384	1349	0.170273	0.151732	0.039247	1e-05	0.040327	0.510899	0.087512
restore_4km_rep030_2140_W_SK026_i15705	lunarc	restore_4km	rep030	2140	W	SK026	2	105.0	49.0	4.0	20	146	15705	M	0	108.335	50.9504	3.863455080624073	R4	restore_4km	r4_2140__p1:i15705	r4_2140__p1:i15705	1350	0.144845	0.05007	0.00672	0.178225	0.151387	0.192741	0.276012
restore_4km_rep030_2140_W_SK026_i10742	lunarc	restore_4km	rep030	2140	W	SK026	2	105.0	49.0	4.0	20	146	10742	M	0	103.939	50.0887	1.520193635692513	R4	restore_4km	r4_2140__p1:i10742	r4_2140__p1:i10742	1351	1e-05	0.158916	1e-05	0.118135	0.190981	0.379326	0.152621
restore_4km_rep030_2140_W_SK026_i16290	lunarc	restore_4km	rep030	2140	W	SK026	2	105.0	49.0	4.0	20	146	16290	M	0	106.784	52.0662	3.5474270168673003	R4	restore_4km	r4_2140__p1:i16290	r4_2140__p1:i16290	1352	0.039503	0.091597	0.002294	0.080567	0.084102	0.701928	1e-05
restore_4km_rep030_2140_W_SK026_i5249	lunarc	restore_4km	rep030	2140	W	SK026	2	105.0	49.0	4.0	20	146	5249	F	0	107.657	46.5446	3.617822295248893	R4	restore_4km	r4_2140__p1:i5249	r4_2140__p1:i5249	1353	0.108357	0.138846	0.095181	0.070161	0.128213	0.41669	0.042552
restore_4km_rep030_2140_W_SK026_i696	lunarc	restore_4km	rep030	2140	W	SK026	2	105.0	49.0	4.0	20	146	696	F	0	106.996	46.7335	3.0201056686811447	R4	restore_4km	r4_2140__p1:i696	r4_2140__p1:i696	1354	0.030964	1e-05	1e-05	0.03834	0.186686	0.547404	0.196586
restore_4km_rep030_2140_W_SK026_i14592	lunarc	restore_4km	rep030	2140	W	SK026	2	105.0	49.0	4.0	20	146	14592	M	0	103.652	47.9638	1.7002395243023845	R4	restore_4km	r4_2140__p1:i14592	r4_2140__p1:i14592	1355	0.174551	0.030681	0.007802	0.029241	0.200207	0.434137	0.123381
restore_4km_rep030_2140_W_SK026_i14138	lunarc	restore_4km	rep030	2140	W	SK026	2	105.0	49.0	4.0	20	146	14138	M	0	106.384	49.5916	1.505140046640179	R4	restore_4km	r4_2140__p1:i14138	r4_2140__p1:i14138	1356	0.153238	0.032567	0.07456	0.044622	0.315753	0.351254	0.028006
restore_4km_rep030_2140_W_SK026_i13	lunarc	restore_4km	rep030	2140	W	SK026	2	105.0	49.0	4.0	20	146	13	F	0	105.418	50.2857	1.3519424876820765	R4	restore_4km	r4_2140__p1:i13	r4_2140__p1:i13	1357	0.110426	1e-05	0.051048	0.171024	0.252888	0.296783	0.117821
restore_4km_rep030_2140_W_SK026_i17300	lunarc	restore_4km	rep030	2140	W	SK026	2	105.0	49.0	4.0	20	146	17300	M	0	107.471	51.4956	3.5119596182188704	R4	restore_4km	r4_2140__p1:i17300	r4_2140__p1:i17300	1358	0.252346	0.178696	0.04021	1e-05	0.038228	0.490501	1e-05
restore_4km_rep030_2140_W_SK026_i12946	lunarc	restore_4km	rep030	2140	W	SK026	2	105.0	49.0	4.0	20	146	12946	M	0	108.171	51.1279	3.818795544409261	R4	restore_4km	r4_2140__p1:i12946	r4_2140__p1:i12946	1359	0.207202	0.040113	0.040959	0.117187	0.134468	0.396742	0.063329
restore_4km_rep030_2140_W_SK026_i6400	lunarc	restore_4km	rep030	2140	W	SK026	2	105.0	49.0	4.0	20	146	6400	F	0	104.451	45.4868	3.5558367847807624	R4	restore_4km	r4_2140__p1:i6400	r4_2140__p1:i6400	1360	0.137348	0.128175	0.105945	0.079146	0.211329	0.252229	0.085828
restore_4km_rep030_2140_W_SK034_i8065	lunarc	restore_4km	rep030	2140	W	SK034	3	91.0	63.0	4.0	20	175	8065	F	0	92.5035	62.9465	1.5044515612009606	R4	restore_4km	r4_2140__p1:i8065	r4_2140__p1:i8065	1361	0.200018	1e-05	1e-05	0.025947	0.119131	0.309011	0.345872
restore_4km_rep030_2140_W_SK034_i5604	lunarc	restore_4km	rep030	2140	W	SK034	3	91.0	63.0	4.0	20	175	5604	F	0	90.5819	66.0695	3.097844066443633	R4	restore_4km	r4_2140__p1:i5604	r4_2140__p1:i5604	1362	0.001987	0.305938	1e-05	1e-05	0.349266	0.303255	0.039533
restore_4km_rep030_2140_W_SK034_i10846	lunarc	restore_4km	rep030	2140	W	SK034	3	91.0	63.0	4.0	20	175	10846	M	0	91.4791	66.1414	3.1777241494503623	R4	restore_4km	r4_2140__p1:i10846	r4_2140__p1:i10846	1363	0.142303	1e-05	0.048546	0.038603	1e-05	0.618165	0.152364
restore_4km_rep030_2140_W_SK034_i6246	lunarc	restore_4km	rep030	2140	W	SK034	3	91.0	63.0	4.0	20	175	6246	F	0	91.273	64.4012	1.4275470009775533	R4	restore_4km	r4_2140__p1:i6246	r4_2140__p1:i6246	1364	0.081864	0.081723	0.034403	0.063834	0.210102	0.372306	0.155768
restore_4km_rep030_2140_W_SK034_i5954	lunarc	restore_4km	rep030	2140	W	SK034	3	91.0	63.0	4.0	20	175	5954	F	0	91.7206	65.5685	2.66766875942273	R4	restore_4km	r4_2140__p1:i5954	r4_2140__p1:i5954	1365	0.152901	0.179678	0.07697	1e-05	1e-05	0.590422	1e-05
restore_4km_rep030_2140_W_SK034_i15365	lunarc	restore_4km	rep030	2140	W	SK034	3	91.0	63.0	4.0	20	175	15365	M	0	90.5534	64.5256	1.589624773334888	R4	restore_4km	r4_2140__p1:i15365	r4_2140__p1:i15365	1366	0.269845	1e-05	0.031264	0.088129	1e-05	0.533143	0.077599
restore_4km_rep030_2140_W_SK034_i15482	lunarc	restore_4km	rep030	2140	W	SK034	3	91.0	63.0	4.0	20	175	15482	M	0	87.9576	63.2061	3.049372881429886	R4	restore_4km	r4_2140__p1:i15482	r4_2140__p1:i15482	1367	0.03805	0.01933	0.150473	0.224079	0.26464	0.251985	0.051444
restore_4km_rep030_2140_W_SK034_i16538	lunarc	restore_4km	rep030	2140	W	SK034	3	91.0	63.0	4.0	20	175	16538	M	0	89.614	63.136	1.392656454406466	R4	restore_4km	r4_2140__p1:i16538	r4_2140__p1:i16538	1368	0.17315	1e-05	1e-05	0.138183	0.142218	0.48005	0.066379
restore_4km_rep030_2140_W_SK034_i5565	lunarc	restore_4km	rep030	2140	W	SK034	3	91.0	63.0	4.0	20	175	5565	F	0	89.0607	63.7728	2.087607321792105	R4	restore_4km	r4_2140__p1:i5565	r4_2140__p1:i5565	1369	0.198319	0.042292	0.010403	0.093259	0.112205	0.473391	0.070132
restore_4km_rep030_2140_W_SK034_i18470	lunarc	restore_4km	rep030	2140	W	SK034	3	91.0	63.0	4.0	20	175	18470	M	0	89.8983	60.5968	2.6436930854393776	R4	restore_4km	r4_2140__p1:i18470	r4_2140__p1:i18470	1370	0.132979	0.066714	0.000567	0.03358	0.135611	0.284461	0.346087
restore_4km_rep030_2140_W_SK034_i7198	lunarc	restore_4km	rep030	2140	W	SK034	3	91.0	63.0	4.0	20	175	7198	F	0	93.1388	62.7889	2.1491925576830044	R4	restore_4km	r4_2140__p1:i7198	r4_2140__p1:i7198	1371	0.158355	1e-05	0.144574	1e-05	0.167774	0.465733	0.063543
restore_4km_rep030_2140_W_SK034_i19681	lunarc	restore_4km	rep030	2140	W	SK034	3	91.0	63.0	4.0	20	175	19681	M	0	90.8016	65.9785	2.9851004689959737	R4	restore_4km	r4_2140__p1:i19681	r4_2140__p1:i19681	1372	0.121921	0.003961	0.08934	1e-05	0.065229	0.600734	0.118805
restore_4km_rep030_2140_W_SK034_i9934	lunarc	restore_4km	rep030	2140	W	SK034	3	91.0	63.0	4.0	20	175	9934	F	0	90.5665	62.2276	0.8857335999046169	R4	restore_4km	r4_2140__p1:i9934	r4_2140__p1:i9934	1373	0.094892	0.122939	0.104292	0.100861	0.089649	0.289907	0.19746
restore_4km_rep030_2140_W_SK034_i11882	lunarc	restore_4km	rep030	2140	W	SK034	3	91.0	63.0	4.0	20	175	11882	M	0	94.077	60.6952	3.844480724363173	R4	restore_4km	r4_2140__p1:i11882	r4_2140__p1:i11882	1374	0.021495	0.004554	1e-05	0.207214	0.066052	0.363498	0.337177
restore_4km_rep030_2140_W_SK034_i16344	lunarc	restore_4km	rep030	2140	W	SK034	3	91.0	63.0	4.0	20	175	16344	M	0	91.7136	60.6613	2.4451467542869514	R4	restore_4km	r4_2140__p1:i16344	r4_2140__p1:i16344	1375	0.216532	1e-05	1e-05	1e-05	0.0897	0.693728	1e-05
restore_4km_rep030_2140_W_SK034_i13068	lunarc	restore_4km	rep030	2140	W	SK034	3	91.0	63.0	4.0	20	175	13068	M	0	89.0606	59.6756	3.8487540477406457	R4	restore_4km	r4_2140__p1:i13068	r4_2140__p1:i13068	1376	1e-05	0.062053	0.010243	0.351792	0.059221	0.254677	0.262004
restore_4km_rep030_2140_W_SK034_i759	lunarc	restore_4km	rep030	2140	W	SK034	3	91.0	63.0	4.0	20	175	759	F	0	90.2864	60.6811	2.426215606659885	R4	restore_4km	r4_2140__p1:i759	r4_2140__p1:i759	1377	0.114663	0.067919	0.036163	1e-05	1e-05	0.607222	0.174013
restore_4km_rep030_2140_W_SK034_i13477	lunarc	restore_4km	rep030	2140	W	SK034	3	91.0	63.0	4.0	20	175	13477	M	0	89.3986	59.653	3.710376121096081	R4	restore_4km	r4_2140__p1:i13477	r4_2140__p1:i13477	1378	0.012613	1e-05	0.08594	0.208811	0.305167	0.387449	1e-05
restore_4km_rep030_2140_W_SK034_i9160	lunarc	restore_4km	rep030	2140	W	SK034	3	91.0	63.0	4.0	20	175	9160	F	0	87.4433	61.2456	3.9658585766514713	R4	restore_4km	r4_2140__p1:i9160	r4_2140__p1:i9160	1379	0.083702	1e-05	0.104715	0.157631	0.097539	0.556393	1e-05
restore_4km_rep030_2140_W_SK034_i1924	lunarc	restore_4km	rep030	2140	W	SK034	3	91.0	63.0	4.0	20	175	1924	F	0	88.6154	60.5264	3.435842563331448	R4	restore_4km	r4_2140__p1:i1924	r4_2140__p1:i1924	1380	0.118006	1e-05	0.076099	0.248437	0.107149	0.450289	1e-05
restore_4km_rep030_2140_E_SK037_i888	lunarc	restore_4km	rep030	2140	E	SK037	1	133.0	63.0	4.0	20	137	888	F	0	133.496	61.5876	1.4969601731509106	R4	restore_4km	r4_2140__p1:i888	r4_2140__p1:i888	1381	1e-05	0.063668	0.029416	0.115571	0.332233	0.459093	1e-05
restore_4km_rep030_2140_E_SK037_i15454	lunarc	restore_4km	rep030	2140	E	SK037	1	133.0	63.0	4.0	20	137	15454	M	0	131.924	64.8628	2.151232167851708	R4	restore_4km	r4_2140__p1:i15454	r4_2140__p1:i15454	1382	0.179872	0.178585	0.063314	0.12418	0.048232	0.319028	0.08679
restore_4km_rep030_2140_E_SK037_i793	lunarc	restore_4km	rep030	2140	E	SK037	1	133.0	63.0	4.0	20	137	793	F	0	130.033	65.259	3.729097746104288	R4	restore_4km	r4_2140__p1:i793	r4_2140__p1:i793	1383	0.046497	1e-05	0.062748	0.184739	0.17985	0.414251	0.111906
restore_4km_rep030_2140_E_SK037_i19035	lunarc	restore_4km	rep030	2140	E	SK037	1	133.0	63.0	4.0	20	137	19035	M	0	133.189	64.5744	1.585703742822091	R4	restore_4km	r4_2140__p1:i19035	r4_2140__p1:i19035	1384	0.05302	0.109844	0.020733	0.006966	0.16629	0.546803	0.096343
restore_4km_rep030_2140_E_SK037_i7140	lunarc	restore_4km	rep030	2140	E	SK037	1	133.0	63.0	4.0	20	137	7140	F	0	133.575	63.8091	0.9926065736231996	R4	restore_4km	r4_2140__p1:i7140	r4_2140__p1:i7140	1385	0.097221	1e-05	0.031403	0.027932	0.244892	0.534616	0.063925
restore_4km_rep030_2140_E_SK037_i6234	lunarc	restore_4km	rep030	2140	E	SK037	1	133.0	63.0	4.0	20	137	6234	F	0	134.391	63.6024	1.515838632572735	R4	restore_4km	r4_2140__p1:i6234	r4_2140__p1:i6234	1386	0.301646	1e-05	0.084915	0.051515	1e-05	0.561894	1e-05
restore_4km_rep030_2140_E_SK037_i19062	lunarc	restore_4km	rep030	2140	E	SK037	1	133.0	63.0	4.0	20	137	19062	M	0	133.131	64.7534	1.7582868252933015	R4	restore_4km	r4_2140__p1:i19062	r4_2140__p1:i19062	1387	1e-05	0.000827	0.06282	0.165873	0.24734	0.475734	0.047395
restore_4km_rep030_2140_E_SK037_i1878	lunarc	restore_4km	rep030	2140	E	SK037	1	133.0	63.0	4.0	20	137	1878	F	0	136.92	62.5978	3.9405792518359406	R4	restore_4km	r4_2140__p1:i1878	r4_2140__p1:i1878	1388	1e-05	0.266813	0.082752	0.14027	1e-05	0.42068	0.089464
restore_4km_rep030_2140_E_SK037_i930	lunarc	restore_4km	rep030	2140	E	SK037	1	133.0	63.0	4.0	20	137	930	F	0	130.713	62.3027	2.3909404614084444	R4	restore_4km	r4_2140__p1:i930	r4_2140__p1:i930	1389	0.121688	0.066703	0.091793	0.129707	1e-05	0.569945	0.020153
restore_4km_rep030_2140_E_SK037_i14166	lunarc	restore_4km	rep030	2140	E	SK037	1	133.0	63.0	4.0	20	137	14166	M	0	134.711	63.8833	1.9255492437224349	R4	restore_4km	r4_2140__p1:i14166	r4_2140__p1:i14166	1390	0.168759	1e-05	1e-05	0.017598	0.147131	0.470211	0.196282
restore_4km_rep030_2140_E_SK037_i7626	lunarc	restore_4km	rep030	2140	E	SK037	1	133.0	63.0	4.0	20	137	7626	F	0	131.686	63.8567	1.5686079465564284	R4	restore_4km	r4_2140__p1:i7626	r4_2140__p1:i7626	1391	0.046638	0.244525	1e-05	1e-05	0.290173	0.418634	1e-05
restore_4km_rep030_2140_E_SK037_i17377	lunarc	restore_4km	rep030	2140	E	SK037	1	133.0	63.0	4.0	20	137	17377	M	0	135.924	62.3108	3.004125936108544	R4	restore_4km	r4_2140__p1:i17377	r4_2140__p1:i17377	1392	0.085397	0.036602	0.070233	0.107413	0.154278	0.456259	0.089818
restore_4km_rep030_2140_E_SK037_i3343	lunarc	restore_4km	rep030	2140	E	SK037	1	133.0	63.0	4.0	20	137	3343	F	0	133.525	59.6737	3.367476308751114	R4	restore_4km	r4_2140__p1:i3343	r4_2140__p1:i3343	1393	0.065492	1e-05	0.082487	0.198489	0.1343	0.519212	1e-05
restore_4km_rep030_2140_E_SK037_i10247	lunarc	restore_4km	rep030	2140	E	SK037	1	133.0	63.0	4.0	20	137	10247	M	0	135.038	60.7023	3.0712976557149325	R4	restore_4km	r4_2140__p1:i10247	r4_2140__p1:i10247	1394	0.11863	0.238643	1e-05	0.063872	0.15439	0.315685	0.108771
restore_4km_rep030_2140_E_SK037_i7721	lunarc	restore_4km	rep030	2140	E	SK037	1	133.0	63.0	4.0	20	137	7721	F	0	132.617	62.8623	0.4070015847635094	R4	restore_4km	r4_2140__p1:i7721	r4_2140__p1:i7721	1395	0.174043	0.14886	1e-05	0.12396	0.140903	0.400263	0.01196
restore_4km_rep030_2140_E_SK037_i3058	lunarc	restore_4km	rep030	2140	E	SK037	1	133.0	63.0	4.0	20	137	3058	F	0	130.988	66.2675	3.837277713431749	R4	restore_4km	r4_2140__p1:i3058	r4_2140__p1:i3058	1396	0.313343	1e-05	0.087465	0.045069	1e-05	0.538443	0.01566
restore_4km_rep030_2140_E_SK037_i293	lunarc	restore_4km	rep030	2140	E	SK037	1	133.0	63.0	4.0	20	137	293	F	0	134.54	62.2823	1.69902715987708	R4	restore_4km	r4_2140__p1:i293	r4_2140__p1:i293	1397	0.179494	0.079722	0.115385	0.020094	0.148684	0.411217	0.045404
restore_4km_rep030_2140_E_SK037_i3869	lunarc	restore_4km	rep030	2140	E	SK037	1	133.0	63.0	4.0	20	137	3869	F	0	131.346	61.6129	2.1586482830697498	R4	restore_4km	r4_2140__p1:i3869	r4_2140__p1:i3869	1398	0.193631	1e-05	0.081505	0.04916	1e-05	0.675675	1e-05
restore_4km_rep030_2140_E_SK037_i18271	lunarc	restore_4km	rep030	2140	E	SK037	1	133.0	63.0	4.0	20	137	18271	M	0	133.124	65.5861	2.5890711094908165	R4	restore_4km	r4_2140__p1:i18271	r4_2140__p1:i18271	1399	0.086417	0.216299	1e-05	0.020084	0.194769	0.482412	1e-05
restore_4km_rep030_2140_E_SK037_i1610	lunarc	restore_4km	rep030	2140	E	SK037	1	133.0	63.0	4.0	20	137	1610	F	0	136.489	61.8347	3.678456889784089	R4	restore_4km	r4_2140__p1:i1610	r4_2140__p1:i1610	1400	1e-05	0.107721	1e-05	0.015045	0.140408	0.736796	1e-05
restore_4km_rep030_2140_E_SK045_i3697	lunarc	restore_4km	rep030	2140	E	SK045	2	119.0	77.0	4.0	20	188	3697	F	0	118.64	76.7336	0.447849260354421	R4	restore_4km	r4_2140__p1:i3697	r4_2140__p1:i3697	1401	0.123713	0.052573	0.016944	0.110481	0.057719	0.523554	0.115016
restore_4km_rep030_2140_E_SK045_i17871	lunarc	restore_4km	rep030	2140	E	SK045	2	119.0	77.0	4.0	20	188	17871	M	0	118.313	76.692	0.7528831250599266	R4	restore_4km	r4_2140__p1:i17871	r4_2140__p1:i17871	1402	0.074387	0.088961	1e-05	0.264539	0.044243	0.235529	0.292332
restore_4km_rep030_2140_E_SK045_i938	lunarc	restore_4km	rep030	2140	E	SK045	2	119.0	77.0	4.0	20	188	938	F	0	117.17	73.9706	3.539232170965896	R4	restore_4km	r4_2140__p1:i938	r4_2140__p1:i938	1403	0.289542	0.040658	0.005134	0.078621	1e-05	0.421508	0.164527
restore_4km_rep030_2140_E_SK045_i9926	lunarc	restore_4km	rep030	2140	E	SK045	2	119.0	77.0	4.0	20	188	9926	F	0	121.085	74.5462	3.219993701857192	R4	restore_4km	r4_2140__p1:i9926	r4_2140__p1:i9926	1404	1e-05	0.102101	0.094302	0.185679	0.132462	0.485436	1e-05
restore_4km_rep030_2140_E_SK045_i8976	lunarc	restore_4km	rep030	2140	E	SK045	2	119.0	77.0	4.0	20	188	8976	F	0	118.089	80.13	3.259880519282873	R4	restore_4km	r4_2140__p1:i8976	r4_2140__p1:i8976	1405	1e-05	0.065005	0.0724	0.167051	0.099569	0.595955	1e-05
restore_4km_rep030_2140_E_SK045_i4826	lunarc	restore_4km	rep030	2140	E	SK045	2	119.0	77.0	4.0	20	188	4826	F	0	119.559	74.8161	2.25430703543239	R4	restore_4km	r4_2140__p1:i4826	r4_2140__p1:i4826	1406	1e-05	0.158646	0.087899	1e-05	0.162849	0.493045	0.097541
restore_4km_rep030_2140_E_SK045_i18160	lunarc	restore_4km	rep030	2140	E	SK045	2	119.0	77.0	4.0	20	188	18160	M	0	117.776	75.2701	2.1191342595503504	R4	restore_4km	r4_2140__p1:i18160	r4_2140__p1:i18160	1407	0.191817	0.059876	0.057852	0.130267	0.02101	0.395135	0.144043
restore_4km_rep030_2140_E_SK045_i7694	lunarc	restore_4km	rep030	2140	E	SK045	2	119.0	77.0	4.0	20	188	7694	F	0	121.234	74.5786	3.29453091653425	R4	restore_4km	r4_2140__p1:i7694	r4_2140__p1:i7694	1408	0.128785	0.011475	0.087888	1e-05	0.30688	0.464951	1e-05
restore_4km_rep030_2140_E_SK045_i1215	lunarc	restore_4km	rep030	2140	E	SK045	2	119.0	77.0	4.0	20	188	1215	F	0	119.939	75.0516	2.1628646652067745	R4	restore_4km	r4_2140__p1:i1215	r4_2140__p1:i1215	1409	0.142928	0.010375	1e-05	1e-05	1e-05	0.729441	0.117226
restore_4km_rep030_2140_E_SK045_i11087	lunarc	restore_4km	rep030	2140	E	SK045	2	119.0	77.0	4.0	20	188	11087	M	0	121.061	74.3509	3.3564045956946327	R4	restore_4km	r4_2140__p1:i11087	r4_2140__p1:i11087	1410	0.207487	0.076876	0.06332	0.063837	0.28658	0.30189	1e-05
restore_4km_rep030_2140_E_SK045_i5648	lunarc	restore_4km	rep030	2140	E	SK045	2	119.0	77.0	4.0	20	188	5648	F	0	120.537	75.842	1.9244045832412744	R4	restore_4km	r4_2140__p1:i5648	r4_2140__p1:i5648	1411	0.105553	0.092109	0.02636	1e-05	0.084561	0.569547	0.121861
restore_4km_rep030_2140_E_SK045_i3086	lunarc	restore_4km	rep030	2140	E	SK045	2	119.0	77.0	4.0	20	188	3086	F	0	118.566	77.6937	0.8182760475536403	R4	restore_4km	r4_2140__p1:i3086	r4_2140__p1:i3086	1412	0.193147	0.070313	1e-05	1e-05	0.194597	0.438317	0.103606
restore_4km_rep030_2140_E_SK045_i16015	lunarc	restore_4km	rep030	2140	E	SK045	2	119.0	77.0	4.0	20	188	16015	M	0	118.812	74.5901	2.417221961260481	R4	restore_4km	r4_2140__p1:i16015	r4_2140__p1:i16015	1413	0.192357	0.030752	0.141157	0.152356	0.019521	0.445594	0.018263
restore_4km_rep030_2140_E_SK045_i10791	lunarc	restore_4km	rep030	2140	E	SK045	2	119.0	77.0	4.0	20	188	10791	M	0	118.02	73.2851	3.841989329761342	R4	restore_4km	r4_2140__p1:i10791	r4_2140__p1:i10791	1414	0.272879	0.098365	0.104743	1e-05	1e-05	0.423148	0.100846
restore_4km_rep030_2140_E_SK045_i6672	lunarc	restore_4km	rep030	2140	E	SK045	2	119.0	77.0	4.0	20	188	6672	F	0	116.809	73.6631	3.991914654648821	R4	restore_4km	r4_2140__p1:i6672	r4_2140__p1:i6672	1415	0.319087	1e-05	1e-05	1e-05	1e-05	0.54309	0.137784
restore_4km_rep030_2140_E_SK045_i908	lunarc	restore_4km	rep030	2140	E	SK045	2	119.0	77.0	4.0	20	188	908	F	0	119.248	76.3413	0.7038392501132608	R4	restore_4km	r4_2140__p1:i908	r4_2140__p1:i908	1416	0.115674	0.094459	1e-05	0.110671	0.056013	0.457514	0.16566
restore_4km_rep030_2140_E_SK045_i15720	lunarc	restore_4km	rep030	2140	E	SK045	2	119.0	77.0	4.0	20	188	15720	M	0	117.449	73.5288	3.801950872907221	R4	restore_4km	r4_2140__p1:i15720	r4_2140__p1:i15720	1417	0.122174	0.156449	0.090795	0.132569	0.013156	0.281117	0.20374
restore_4km_rep030_2140_E_SK045_i17632	lunarc	restore_4km	rep030	2140	E	SK045	2	119.0	77.0	4.0	20	188	17632	M	0	117.731	75.6433	1.8576856273331133	R4	restore_4km	r4_2140__p1:i17632	r4_2140__p1:i17632	1418	0.130279	0.156453	0.06192	1e-05	0.21138	0.292463	0.147495
restore_4km_rep030_2140_E_SK045_i8203	lunarc	restore_4km	rep030	2140	E	SK045	2	119.0	77.0	4.0	20	188	8203	F	0	119.03	74.6859	2.3142944518794453	R4	restore_4km	r4_2140__p1:i8203	r4_2140__p1:i8203	1419	0.023829	0.009726	1e-05	0.016432	0.269929	0.565913	0.11416
restore_4km_rep030_2140_E_SK045_i11161	lunarc	restore_4km	rep030	2140	E	SK045	2	119.0	77.0	4.0	20	188	11161	M	0	117.935	75.3121	1.99580344974148	R4	restore_4km	r4_2140__p1:i11161	r4_2140__p1:i11161	1420	0.134239	0.117846	0.062187	0.082048	0.076477	0.527193	1e-05
restore_4km_rep030_2140_E_SK046_i13577	lunarc	restore_4km	rep030	2140	E	SK046	3	133.0	77.0	4.0	20	137	13577	M	0	136.023	79.4812	3.91086722351961	R4	restore_4km	r4_2140__p1:i13577	r4_2140__p1:i13577	1421	0.203772	0.22917	0.09345	0.233343	1e-05	0.240245	1e-05
restore_4km_rep030_2140_E_SK046_i16263	lunarc	restore_4km	rep030	2140	E	SK046	3	133.0	77.0	4.0	20	137	16263	M	0	134.691	79.1955	2.7712273905257194	R4	restore_4km	r4_2140__p1:i16263	r4_2140__p1:i16263	1422	0.076193	0.275866	1e-05	0.090516	0.142884	0.41452	1e-05
restore_4km_rep030_2140_E_SK046_i13464	lunarc	restore_4km	rep030	2140	E	SK046	3	133.0	77.0	4.0	20	137	13464	M	0	130.593	79.2424	3.289681863037833	R4	restore_4km	r4_2140__p1:i13464	r4_2140__p1:i13464	1423	1e-05	0.133095	1e-05	1e-05	0.154771	0.543354	0.16875
restore_4km_rep030_2140_E_SK046_i187	lunarc	restore_4km	rep030	2140	E	SK046	3	133.0	77.0	4.0	20	137	187	F	0	130.641	76.1105	2.5211289633812943	R4	restore_4km	r4_2140__p1:i187	r4_2140__p1:i187	1424	0.150767	0.144974	0.040721	0.183503	0.119563	0.31867	0.041801
restore_4km_rep030_2140_E_SK046_i3519	lunarc	restore_4km	rep030	2140	E	SK046	3	133.0	77.0	4.0	20	137	3519	F	0	133.6	79.6506	2.71766082504789	R4	restore_4km	r4_2140__p1:i3519	r4_2140__p1:i3519	1425	1e-05	0.20775	1e-05	1e-05	0.022034	0.568953	0.201233
restore_4km_rep030_2140_E_SK046_i11400	lunarc	restore_4km	rep030	2140	E	SK046	3	133.0	77.0	4.0	20	137	11400	M	0	136.53	78.2484	3.7442492652065806	R4	restore_4km	r4_2140__p1:i11400	r4_2140__p1:i11400	1426	0.075046	0.09819	0.171762	0.062745	1e-05	0.562876	0.02937
restore_4km_rep030_2140_E_SK046_i10878	lunarc	restore_4km	rep030	2140	E	SK046	3	133.0	77.0	4.0	20	137	10878	M	0	135.815	76.2733	2.907287032613048	R4	restore_4km	r4_2140__p1:i10878	r4_2140__p1:i10878	1427	1e-05	0.004128	0.138952	0.000628	0.10853	0.537049	0.210704
restore_4km_rep030_2140_E_SK046_i4410	lunarc	restore_4km	rep030	2140	E	SK046	3	133.0	77.0	4.0	20	137	4410	F	0	134.28	79.5755	2.876038986175262	R4	restore_4km	r4_2140__p1:i4410	r4_2140__p1:i4410	1428	0.101733	0.238353	0.110529	1e-05	0.076663	0.472701	1e-05
restore_4km_rep030_2140_E_SK046_i362	lunarc	restore_4km	rep030	2140	E	SK046	3	133.0	77.0	4.0	20	137	362	F	0	132.973	78.9816	1.9817839337324337	R4	restore_4km	r4_2140__p1:i362	r4_2140__p1:i362	1429	0.055972	0.258161	1e-05	0.030634	1e-05	0.586922	0.06829
restore_4km_rep030_2140_E_SK046_i8718	lunarc	restore_4km	rep030	2140	E	SK046	3	133.0	77.0	4.0	20	137	8718	F	0	129.691	78.3849	3.5871198767256147	R4	restore_4km	r4_2140__p1:i8718	r4_2140__p1:i8718	1430	0.09807	0.08553	1e-05	0.087339	0.136412	0.592629	1e-05
restore_4km_rep030_2140_E_SK046_i5762	lunarc	restore_4km	rep030	2140	E	SK046	3	133.0	77.0	4.0	20	137	5762	F	0	132.05	79.9023	3.0538246986361157	R4	restore_4km	r4_2140__p1:i5762	r4_2140__p1:i5762	1431	0.15069	0.123085	0.029955	0.173639	0.045744	0.403572	0.073316
restore_4km_rep030_2140_E_SK046_i16314	lunarc	restore_4km	rep030	2140	E	SK046	3	133.0	77.0	4.0	20	137	16314	M	0	129.839	77.4379	3.191187460805148	R4	restore_4km	r4_2140__p1:i16314	r4_2140__p1:i16314	1432	0.040704	0.077251	0.096973	0.03376	0.080181	0.560596	0.110536
restore_4km_rep030_2140_E_SK046_i16041	lunarc	restore_4km	rep030	2140	E	SK046	3	133.0	77.0	4.0	20	137	16041	M	0	134.99	79.3166	3.053970458272314	R4	restore_4km	r4_2140__p1:i16041	r4_2140__p1:i16041	1433	1e-05	0.087722	1e-05	0.046263	1e-05	0.57132	0.294666
restore_4km_rep030_2140_E_SK046_i16275	lunarc	restore_4km	rep030	2140	E	SK046	3	133.0	77.0	4.0	20	137	16275	M	0	129.894	75.1687	3.605675483179256	R4	restore_4km	r4_2140__p1:i16275	r4_2140__p1:i16275	1434	0.13628	1e-05	1e-05	0.192656	0.207662	0.37989	0.083492
restore_4km_rep030_2140_E_SK046_i4367	lunarc	restore_4km	rep030	2140	E	SK046	3	133.0	77.0	4.0	20	137	4367	F	0	135.87	79.2395	3.6403654006157207	R4	restore_4km	r4_2140__p1:i4367	r4_2140__p1:i4367	1435	0.218428	0.037128	0.130402	0.104771	0.058411	0.439754	0.011105
restore_4km_rep030_2140_E_SK046_i3696	lunarc	restore_4km	rep030	2140	E	SK046	3	133.0	77.0	4.0	20	137	3696	F	0	132.405	74.7021	2.373682668344695	R4	restore_4km	r4_2140__p1:i3696	r4_2140__p1:i3696	1436	1e-05	0.034175	1e-05	0.048789	1e-05	0.867057	0.049949
restore_4km_rep030_2140_E_SK046_i13830	lunarc	restore_4km	rep030	2140	E	SK046	3	133.0	77.0	4.0	20	137	13830	M	0	133.36	74.111	2.911343504294879	R4	restore_4km	r4_2140__p1:i13830	r4_2140__p1:i13830	1437	0.133551	0.032165	0.026778	0.218499	0.172323	0.339501	0.077184
restore_4km_rep030_2140_E_SK046_i10270	lunarc	restore_4km	rep030	2140	E	SK046	3	133.0	77.0	4.0	20	137	10270	M	0	129.511	78.1963	3.688394595213481	R4	restore_4km	r4_2140__p1:i10270	r4_2140__p1:i10270	1438	0.030191	1e-05	0.056753	0.15532	0.194706	0.462378	0.100641
restore_4km_rep030_2140_E_SK046_i12054	lunarc	restore_4km	rep030	2140	E	SK046	3	133.0	77.0	4.0	20	137	12054	M	0	130.732	75.1279	2.940847226565844	R4	restore_4km	r4_2140__p1:i12054	r4_2140__p1:i12054	1439	0.217547	0.190272	0.039429	0.035191	0.044954	0.472598	1e-05
restore_4km_rep030_2140_E_SK046_i15431	lunarc	restore_4km	rep030	2140	E	SK046	3	133.0	77.0	4.0	20	137	15431	M	0	133.664	76.9106	0.6699913133765114	R4	restore_4km	r4_2140__p1:i15431	r4_2140__p1:i15431	1440	0.012643	0.074364	0.042699	0.001186	1e-05	0.700181	0.168917
restore_4km_rep030_2140_SE_SK008_i14854	lunarc	restore_4km	rep030	2140	SE	SK008	1	133.0	21.0	4.0	20	31	14854	M	0	131.964	24.2124	3.375323652629477	R4	restore_4km	r4_2140__p1:i14854	r4_2140__p1:i14854	1441	0.160203	0.080007	0.135622	1e-05	0.129328	0.494819	1e-05
restore_4km_rep030_2140_SE_SK008_i16927	lunarc	restore_4km	rep030	2140	SE	SK008	1	133.0	21.0	4.0	20	31	16927	M	0	132.798	23.8431	2.8502669366219013	R4	restore_4km	r4_2140__p1:i16927	r4_2140__p1:i16927	1442	0.050446	0.041298	0.06988	1e-05	0.11669	0.721667	1e-05
restore_4km_rep030_2140_SE_SK008_i14169	lunarc	restore_4km	rep030	2140	SE	SK008	1	133.0	21.0	4.0	20	31	14169	M	0	134.014	23.8227	2.9993051345270003	R4	restore_4km	r4_2140__p1:i14169	r4_2140__p1:i14169	1443	0.217346	0.012257	0.061278	0.067349	0.201179	0.341717	0.098874
restore_4km_rep030_2140_SE_SK008_i6267	lunarc	restore_4km	rep030	2140	SE	SK008	1	133.0	21.0	4.0	20	31	6267	F	0	133.151	22.6036	1.6106936269818677	R4	restore_4km	r4_2140__p1:i6267	r4_2140__p1:i6267	1444	0.167661	0.230931	0.062931	0.039482	0.025079	0.458434	0.015482
restore_4km_rep030_2140_SE_SK008_i10535	lunarc	restore_4km	rep030	2140	SE	SK008	1	133.0	21.0	4.0	20	31	10535	M	0	134.401	23.9896	3.3015919130019724	R4	restore_4km	r4_2140__p1:i10535	r4_2140__p1:i10535	1445	0.082577	0.112784	1e-05	0.134239	0.084975	0.507242	0.078172
restore_4km_rep030_2140_SE_SK008_i230	lunarc	restore_4km	rep030	2140	SE	SK008	1	133.0	21.0	4.0	20	31	230	F	0	133.847	22.7208	1.9179576741940931	R4	restore_4km	r4_2140__p1:i230	r4_2140__p1:i230	1446	0.133286	0.138308	0.053033	1e-05	0.087585	0.503873	0.083904
restore_4km_rep030_2140_SE_SK008_i965	lunarc	restore_4km	rep030	2140	SE	SK008	1	133.0	21.0	4.0	20	31	965	F	0	131.308	23.1675	2.7497127577258005	R4	restore_4km	r4_2140__p1:i965	r4_2140__p1:i965	1447	0.121763	0.128204	0.004307	1e-05	0.20962	0.449509	0.086586
restore_4km_rep030_2140_SE_SK008_i229	lunarc	restore_4km	rep030	2140	SE	SK008	1	133.0	21.0	4.0	20	31	229	F	0	134.763	23.7941	3.303810498500182	R4	restore_4km	r4_2140__p1:i229	r4_2140__p1:i229	1448	0.353012	0.108287	0.021287	0.122223	0.023224	0.371956	1e-05
restore_4km_rep030_2140_SE_SK008_i326	lunarc	restore_4km	rep030	2140	SE	SK008	1	133.0	21.0	4.0	20	31	326	F	0	131.797	22.5278	1.944577547952255	R4	restore_4km	r4_2140__p1:i326	r4_2140__p1:i326	1449	0.450012	0.072412	0.037027	0.00869	0.17737	0.25448	1e-05
restore_4km_rep030_2140_SE_SK008_i1802	lunarc	restore_4km	rep030	2140	SE	SK008	1	133.0	21.0	4.0	20	31	1802	F	0	131.312	22.7264	2.4144980762054806	R4	restore_4km	r4_2140__p1:i1802	r4_2140__p1:i1802	1450	1e-05	1e-05	0.064304	0.054963	0.174026	0.706677	1e-05
restore_4km_rep030_2140_SE_SK008_i17651	lunarc	restore_4km	rep030	2140	SE	SK008	1	133.0	21.0	4.0	20	31	17651	M	0	135.547	22.8209	3.1309560536679517	R4	restore_4km	r4_2140__p1:i17651	r4_2140__p1:i17651	1451	0.129882	0.073291	0.038606	1e-05	0.15616	0.602041	1e-05
restore_4km_rep030_2140_SE_SK008_i14538	lunarc	restore_4km	rep030	2140	SE	SK008	1	133.0	21.0	4.0	20	31	14538	M	0	134.087	24.4895	3.654884300494337	R4	restore_4km	r4_2140__p1:i14538	r4_2140__p1:i14538	1452	0.171026	1e-05	0.108073	1e-05	0.208889	0.511983	1e-05
restore_4km_rep030_2140_SE_SK008_i8739	lunarc	restore_4km	rep030	2140	SE	SK008	1	133.0	21.0	4.0	20	31	8739	F	0	130.722	24.0322	3.7925612506589736	R4	restore_4km	r4_2140__p1:i8739	r4_2140__p1:i8739	1453	0.145769	0.08689	0.061705	0.239746	1e-05	0.463503	0.002378
restore_4km_rep030_2140_SE_SK008_i15810	lunarc	restore_4km	rep030	2140	SE	SK008	1	133.0	21.0	4.0	20	31	15810	M	0	131.57	22.6258	2.16520799000928	R4	restore_4km	r4_2140__p1:i15810	r4_2140__p1:i15810	1454	0.058801	0.034443	0.061449	0.117923	0.033162	0.694212	1e-05
restore_4km_rep030_2140_SE_SK008_i19170	lunarc	restore_4km	rep030	2140	SE	SK008	1	133.0	21.0	4.0	20	31	19170	M	0	132.458	23.8941	2.944414850186708	R4	restore_4km	r4_2140__p1:i19170	r4_2140__p1:i19170	1455	0.120438	0.061914	0.018641	0.119077	0.109183	0.509344	0.061403
restore_4km_rep030_2140_SE_SK008_i1413	lunarc	restore_4km	rep030	2140	SE	SK008	1	133.0	21.0	4.0	20	31	1413	F	0	134.099	23.2322	2.488075127483085	R4	restore_4km	r4_2140__p1:i1413	r4_2140__p1:i1413	1456	0.086955	0.310772	1e-05	0.194523	1e-05	0.317106	0.090623
restore_4km_rep030_2140_SE_SK008_i14983	lunarc	restore_4km	rep030	2140	SE	SK008	1	133.0	21.0	4.0	20	31	14983	M	0	134.551	22.9952	2.5271375190123635	R4	restore_4km	r4_2140__p1:i14983	r4_2140__p1:i14983	1457	0.024391	0.001557	1e-05	0.122469	0.129583	0.684145	0.037846
restore_4km_rep030_2140_SE_SK008_i10899	lunarc	restore_4km	rep030	2140	SE	SK008	1	133.0	21.0	4.0	20	31	10899	M	0	132.316	24.9109	3.970263821208864	R4	restore_4km	r4_2140__p1:i10899	r4_2140__p1:i10899	1458	0.055274	1e-05	0.07881	0.254276	0.133063	0.478556	1e-05
restore_4km_rep030_2140_SE_SK008_i15699	lunarc	restore_4km	rep030	2140	SE	SK008	1	133.0	21.0	4.0	20	31	15699	M	0	132.937	24.8405	3.841016694834844	R4	restore_4km	r4_2140__p1:i15699	r4_2140__p1:i15699	1459	1e-05	0.044045	0.151242	0.216018	0.140741	0.447934	1e-05
restore_4km_rep030_2140_SE_SK008_i10132	lunarc	restore_4km	rep030	2140	SE	SK008	1	133.0	21.0	4.0	20	31	10132	M	0	131.04	23.2552	2.987896758591237	R4	restore_4km	r4_2140__p1:i10132	r4_2140__p1:i10132	1460	0.097323	0.171699	0.016898	1e-05	0.014204	0.560691	0.139176
restore_4km_rep030_2140_SE_SK018_i10624	lunarc	restore_4km	rep030	2140	SE	SK018	2	133.0	35.0	4.0	20	186	10624	M	0	135.889	33.3083	3.347860494405352	R4	restore_4km	r4_2140__p1:i10624	r4_2140__p1:i10624	1461	0.148703	0.208303	0.04689	1e-05	1e-05	0.532423	0.063661
restore_4km_rep030_2140_SE_SK018_i16576	lunarc	restore_4km	rep030	2140	SE	SK018	2	133.0	35.0	4.0	20	186	16576	M	0	133.868	34.0733	1.2697231548648646	R4	restore_4km	r4_2140__p1:i16576	r4_2140__p1:i16576	1462	0.200664	0.107382	0.031761	0.041506	0.126901	0.41419	0.077597
restore_4km_rep030_2140_SE_SK018_i12844	lunarc	restore_4km	rep030	2140	SE	SK018	2	133.0	35.0	4.0	20	186	12844	M	0	132.057	35.1292	0.9518096658471282	R4	restore_4km	r4_2140__p1:i12844	r4_2140__p1:i12844	1463	0.264979	0.173242	0.072161	0.064389	0.05883	0.366389	1e-05
restore_4km_rep030_2140_SE_SK018_i292	lunarc	restore_4km	rep030	2140	SE	SK018	2	133.0	35.0	4.0	20	186	292	F	0	131.962	37.3784	2.595039606634168	R4	restore_4km	r4_2140__p1:i292	r4_2140__p1:i292	1464	0.006382	1e-05	0.113513	0.06487	0.136177	0.553223	0.125825
restore_4km_rep030_2140_SE_SK018_i10244	lunarc	restore_4km	rep030	2140	SE	SK018	2	133.0	35.0	4.0	20	186	10244	M	0	131.762	33.9208	1.6423509490970556	R4	restore_4km	r4_2140__p1:i10244	r4_2140__p1:i10244	1465	0.072931	1e-05	0.14009	1e-05	0.0232	0.763749	1e-05
restore_4km_rep030_2140_SE_SK018_i17488	lunarc	restore_4km	rep030	2140	SE	SK018	2	133.0	35.0	4.0	20	186	17488	M	0	133.873	36.0996	1.4040118090671418	R4	restore_4km	r4_2140__p1:i17488	r4_2140__p1:i17488	1466	0.164263	0.148168	0.076003	1e-05	1e-05	0.611535	1e-05
restore_4km_rep030_2140_SE_SK018_i9530	lunarc	restore_4km	rep030	2140	SE	SK018	2	133.0	35.0	4.0	20	186	9530	F	0	133.002	36.3301	1.3301015036454942	R4	restore_4km	r4_2140__p1:i9530	r4_2140__p1:i9530	1467	0.033917	0.132242	0.040582	0.104241	0.023108	0.665899	1e-05
restore_4km_rep030_2140_SE_SK018_i7107	lunarc	restore_4km	rep030	2140	SE	SK018	2	133.0	35.0	4.0	20	186	7107	F	0	133.116	34.7149	0.3077954028246737	R4	restore_4km	r4_2140__p1:i7107	r4_2140__p1:i7107	1468	0.119618	0.049049	1e-05	0.113865	0.27392	0.443528	1e-05
restore_4km_rep030_2140_SE_SK018_i11019	lunarc	restore_4km	rep030	2140	SE	SK018	2	133.0	35.0	4.0	20	186	11019	M	0	130.171	36.5202	3.211580458279078	R4	restore_4km	r4_2140__p1:i11019	r4_2140__p1:i11019	1469	0.427751	0.025221	0.117718	1e-05	0.145908	0.271743	0.01165
restore_4km_rep030_2140_SE_SK018_i19340	lunarc	restore_4km	rep030	2140	SE	SK018	2	133.0	35.0	4.0	20	186	19340	M	0	132.841	37.3858	2.3910923528797485	R4	restore_4km	r4_2140__p1:i19340	r4_2140__p1:i19340	1470	0.084205	0.061459	0.017873	0.14778	0.110064	0.500696	0.077924
restore_4km_rep030_2140_SE_SK018_i3157	lunarc	restore_4km	rep030	2140	SE	SK018	2	133.0	35.0	4.0	20	186	3157	F	0	131.633	31.9764	3.318259477497196	R4	restore_4km	r4_2140__p1:i3157	r4_2140__p1:i3157	1471	0.172046	0.145727	0.073816	0.181844	0.032904	0.311681	0.081983
restore_4km_rep030_2140_SE_SK018_i11327	lunarc	restore_4km	rep030	2140	SE	SK018	2	133.0	35.0	4.0	20	186	11327	M	0	132.9	37.5894	2.5913302298240546	R4	restore_4km	r4_2140__p1:i11327	r4_2140__p1:i11327	1472	0.000729	0.145652	1e-05	0.181972	0.025529	0.646098	1e-05
restore_4km_rep030_2140_SE_SK018_i7842	lunarc	restore_4km	rep030	2140	SE	SK018	2	133.0	35.0	4.0	20	186	7842	F	0	136.835	34.8776	3.836952796165215	R4	restore_4km	r4_2140__p1:i7842	r4_2140__p1:i7842	1473	0.085467	1e-05	1e-05	0.107233	1e-05	0.723314	0.083956
restore_4km_rep030_2140_SE_SK018_i16092	lunarc	restore_4km	rep030	2140	SE	SK018	2	133.0	35.0	4.0	20	186	16092	M	0	130.545	35.9415	2.6293435017129387	R4	restore_4km	r4_2140__p1:i16092	r4_2140__p1:i16092	1474	0.122585	0.127653	0.079915	0.055946	0.069797	0.51214	0.031965
restore_4km_rep030_2140_SE_SK018_i16760	lunarc	restore_4km	rep030	2140	SE	SK018	2	133.0	35.0	4.0	20	186	16760	M	0	133.529	31.0922	3.943442891687416	R4	restore_4km	r4_2140__p1:i16760	r4_2140__p1:i16760	1475	0.119035	0.045437	0.113033	0.031664	0.153218	0.537603	1e-05
restore_4km_rep030_2140_SE_SK018_i7104	lunarc	restore_4km	rep030	2140	SE	SK018	2	133.0	35.0	4.0	20	186	7104	F	0	133.161	37.2209	2.2267280503016083	R4	restore_4km	r4_2140__p1:i7104	r4_2140__p1:i7104	1476	0.07596	0.087575	1e-05	0.085768	0.277192	0.473485	1e-05
restore_4km_rep030_2140_SE_SK018_i17623	lunarc	restore_4km	rep030	2140	SE	SK018	2	133.0	35.0	4.0	20	186	17623	M	0	136.013	34.1665	3.126162383818223	R4	restore_4km	r4_2140__p1:i17623	r4_2140__p1:i17623	1477	0.491559	1e-05	0.015764	0.035828	1e-05	0.333091	0.123738
restore_4km_rep030_2140_SE_SK018_i2461	lunarc	restore_4km	rep030	2140	SE	SK018	2	133.0	35.0	4.0	20	186	2461	F	0	134.805	34.9561	1.80553377426179	R4	restore_4km	r4_2140__p1:i2461	r4_2140__p1:i2461	1478	0.065012	0.238233	0.057328	0.148388	0.135371	0.319136	0.036532
restore_4km_rep030_2140_SE_SK018_i3030	lunarc	restore_4km	rep030	2140	SE	SK018	2	133.0	35.0	4.0	20	186	3030	F	0	130.808	33.5274	2.640722393588548	R4	restore_4km	r4_2140__p1:i3030	r4_2140__p1:i3030	1479	0.095302	1e-05	1e-05	0.205697	0.104535	0.556765	0.037681
restore_4km_rep030_2140_SE_SK018_i5551	lunarc	restore_4km	rep030	2140	SE	SK018	2	133.0	35.0	4.0	20	186	5551	F	0	130.216	36.2118	3.0362995965483948	R4	restore_4km	r4_2140__p1:i5551	r4_2140__p1:i5551	1480	0.052099	0.017476	0.246752	1e-05	0.181354	0.502299	1e-05
restore_4km_rep030_2140_SE_SK019_i74	lunarc	restore_4km	rep030	2140	SE	SK019	3	147.0	35.0	4.0	20	74	74	F	0	145.656	36.4419	1.971144746080301	R4	restore_4km	r4_2140__p1:i74	r4_2140__p1:i74	1481	0.200282	0.065026	1e-05	0.061286	1e-05	0.673376	1e-05
restore_4km_rep030_2140_SE_SK019_i13679	lunarc	restore_4km	rep030	2140	SE	SK019	3	147.0	35.0	4.0	20	74	13679	M	0	144.781	36.1626	2.505114719928005	R4	restore_4km	r4_2140__p1:i13679	r4_2140__p1:i13679	1482	0.051607	0.146769	0.024302	0.109455	1e-05	0.586221	0.081635
restore_4km_rep030_2140_SE_SK019_i11304	lunarc	restore_4km	rep030	2140	SE	SK019	3	147.0	35.0	4.0	20	74	11304	M	0	145.134	33.607	2.3286058060565025	R4	restore_4km	r4_2140__p1:i11304	r4_2140__p1:i11304	1483	1e-05	1e-05	0.030614	1e-05	0.182157	0.787189	1e-05
restore_4km_rep030_2140_SE_SK019_i7655	lunarc	restore_4km	rep030	2140	SE	SK019	3	147.0	35.0	4.0	20	74	7655	F	0	146.362	37.8955	2.964956028341735	R4	restore_4km	r4_2140__p1:i7655	r4_2140__p1:i7655	1484	0.167803	0.079417	1e-05	0.088003	1e-05	0.664747	1e-05
restore_4km_rep030_2140_SE_SK019_i9264	lunarc	restore_4km	rep030	2140	SE	SK019	3	147.0	35.0	4.0	20	74	9264	F	0	145.268	37.1284	2.744068249880093	R4	restore_4km	r4_2140__p1:i9264	r4_2140__p1:i9264	1485	0.19745	0.097725	0.015694	0.067844	1e-05	0.621267	1e-05
restore_4km_rep030_2140_SE_SK019_i13946	lunarc	restore_4km	rep030	2140	SE	SK019	3	147.0	35.0	4.0	20	74	13946	M	0	147.919	38.204	3.3331932137216445	R4	restore_4km	r4_2140__p1:i13946	r4_2140__p1:i13946	1486	1e-05	1e-05	1e-05	0.03288	0.189238	0.630314	0.147538
restore_4km_rep030_2140_SE_SK019_i1372	lunarc	restore_4km	rep030	2140	SE	SK019	3	147.0	35.0	4.0	20	74	1372	F	0	146.336	37.4772	2.56464731298477	R4	restore_4km	r4_2140__p1:i1372	r4_2140__p1:i1372	1487	1e-05	0.003134	0.011919	1e-05	0.196496	0.727308	0.061123
restore_4km_rep030_2140_SE_SK019_i13308	lunarc	restore_4km	rep030	2140	SE	SK019	3	147.0	35.0	4.0	20	74	13308	M	0	146.374	38.7351	3.78719526958936	R4	restore_4km	r4_2140__p1:i13308	r4_2140__p1:i13308	1488	1e-05	0.114957	1e-05	1e-05	1e-05	0.721075	0.163928
restore_4km_rep030_2140_SE_SK019_i710	lunarc	restore_4km	rep030	2140	SE	SK019	3	147.0	35.0	4.0	20	74	710	F	0	145.782	37.9295	3.1726163099246585	R4	restore_4km	r4_2140__p1:i710	r4_2140__p1:i710	1489	0.088291	0.044468	0.154457	0.027505	0.184278	0.500992	1e-05
restore_4km_rep030_2140_SE_SK019_i15551	lunarc	restore_4km	rep030	2140	SE	SK019	3	147.0	35.0	4.0	20	74	15551	M	0	145.031	33.8904	2.2601268017524987	R4	restore_4km	r4_2140__p1:i15551	r4_2140__p1:i15551	1490	0.132299	0.136092	0.175283	1e-05	0.283512	0.272793	1e-05
restore_4km_rep030_2140_SE_SK019_i3360	lunarc	restore_4km	rep030	2140	SE	SK019	3	147.0	35.0	4.0	20	74	3360	F	0	145.157	34.8345	1.850415966749088	R4	restore_4km	r4_2140__p1:i3360	r4_2140__p1:i3360	1491	0.217932	0.062412	0.018226	0.059621	0.11341	0.528389	1e-05
restore_4km_rep030_2140_SE_SK019_i17472	lunarc	restore_4km	rep030	2140	SE	SK019	3	147.0	35.0	4.0	20	74	17472	M	0	146.828	37.2949	2.301336570343415	R4	restore_4km	r4_2140__p1:i17472	r4_2140__p1:i17472	1492	0.018487	0.179082	0.072781	0.222418	0.024987	0.407898	0.074347
restore_4km_rep030_2140_SE_SK019_i17498	lunarc	restore_4km	rep030	2140	SE	SK019	3	147.0	35.0	4.0	20	74	17498	M	0	144.69	36.1717	2.5901700504020995	R4	restore_4km	r4_2140__p1:i17498	r4_2140__p1:i17498	1493	0.164967	0.219099	0.040537	0.071632	0.010117	0.458808	0.034841
restore_4km_rep030_2140_SE_SK019_i8025	lunarc	restore_4km	rep030	2140	SE	SK019	3	147.0	35.0	4.0	20	74	8025	F	0	146.545	37.0394	2.089539987652788	R4	restore_4km	r4_2140__p1:i8025	r4_2140__p1:i8025	1494	0.127459	0.103346	0.004235	1e-05	1e-05	0.73593	0.029009
restore_4km_rep030_2140_SE_SK019_i13649	lunarc	restore_4km	rep030	2140	SE	SK019	3	147.0	35.0	4.0	20	74	13649	M	0	145.434	32.8372	2.6702171896682856	R4	restore_4km	r4_2140__p1:i13649	r4_2140__p1:i13649	1495	0.018669	0.154393	0.042487	1e-05	0.237303	0.51939	0.027746
restore_4km_rep030_2140_SE_SK019_i9481	lunarc	restore_4km	rep030	2140	SE	SK019	3	147.0	35.0	4.0	20	74	9481	F	0	144.145	32.7523	3.633618071564477	R4	restore_4km	r4_2140__p1:i9481	r4_2140__p1:i9481	1496	0.165927	0.175307	0.039623	1e-05	0.052679	0.566443	1e-05
restore_4km_rep030_2140_SE_SK019_i6331	lunarc	restore_4km	rep030	2140	SE	SK019	3	147.0	35.0	4.0	20	74	6331	F	0	144.917	35.3244	2.108109190720441	R4	restore_4km	r4_2140__p1:i6331	r4_2140__p1:i6331	1497	0.027601	1e-05	0.075926	0.052493	0.221186	0.622773	1e-05
restore_4km_rep030_2140_SE_SK019_i15803	lunarc	restore_4km	rep030	2140	SE	SK019	3	147.0	35.0	4.0	20	74	15803	M	0	144.573	37.7653	3.679295189299166	R4	restore_4km	r4_2140__p1:i15803	r4_2140__p1:i15803	1498	0.245318	0.047012	0.064534	1e-05	0.00623	0.636885	1e-05
restore_4km_rep030_2140_SE_SK019_i2338	lunarc	restore_4km	rep030	2140	SE	SK019	3	147.0	35.0	4.0	20	74	2338	F	0	145.538	36.2319	1.9118110811479192	R4	restore_4km	r4_2140__p1:i2338	r4_2140__p1:i2338	1499	0.143731	0.261058	1e-05	0.061205	0.019421	0.446996	0.06758
restore_4km_rep030_2140_SE_SK019_i9154	lunarc	restore_4km	rep030	2140	SE	SK019	3	147.0	35.0	4.0	20	74	9154	F	0	145.442	33.0303	2.51139046944118	R4	restore_4km	r4_2140__p1:i9154	r4_2140__p1:i9154	1500	0.106188	0.173775	1e-05	0.028662	1e-05	0.691345	1e-05
restore_6km_rep030_2140_NW_SK060_i19889	lunarc	restore_6km	rep030	2140	NW	SK060	1	77.0	105.0	4.0	20	119	19889	M	0	78.9655	102.166	3.448876085045683	R6	restore_6km	r6_2140__p1:i19889	r6_2140__p1:i19889	1501	1e-05	0.156818	0.080892	0.290922	0.036868	0.049989	0.384501
restore_6km_rep030_2140_NW_SK060_i12223	lunarc	restore_6km	rep030	2140	NW	SK060	1	77.0	105.0	4.0	20	119	12223	M	0	74.3396	107.788	3.853656985254391	R6	restore_6km	r6_2140__p1:i12223	r6_2140__p1:i12223	1502	0.082057	0.261009	0.062097	1e-05	0.140235	1e-05	0.454581
restore_6km_rep030_2140_NW_SK060_i20636	lunarc	restore_6km	rep030	2140	NW	SK060	1	77.0	105.0	4.0	20	119	20636	M	0	73.5315	106.165	3.658922963113607	R6	restore_6km	r6_2140__p1:i20636	r6_2140__p1:i20636	1503	0.275072	0.002815	0.156499	0.048295	0.326133	1e-05	0.191176
restore_6km_rep030_2140_NW_SK060_i1157	lunarc	restore_6km	rep030	2140	NW	SK060	1	77.0	105.0	4.0	20	119	1157	F	0	77.0515	101.448	3.55237332638337	R6	restore_6km	r6_2140__p1:i1157	r6_2140__p1:i1157	1504	0.25671	0.206957	0.000353	0.0094	0.138907	0.019168	0.368504
restore_6km_rep030_2140_NW_SK060_i20822	lunarc	restore_6km	rep030	2140	NW	SK060	1	77.0	105.0	4.0	20	119	20822	M	0	74.3887	104.969	2.611484001482682	R6	restore_6km	r6_2140__p1:i20822	r6_2140__p1:i20822	1505	0.029315	0.196527	1e-05	0.117583	0.276648	0.011014	0.368903
restore_6km_rep030_2140_NW_SK060_i20081	lunarc	restore_6km	rep030	2140	NW	SK060	1	77.0	105.0	4.0	20	119	20081	M	0	77.7295	101.97	3.116579896296581	R6	restore_6km	r6_2140__p1:i20081	r6_2140__p1:i20081	1506	1e-05	0.111893	1e-05	1e-05	0.436996	0.001325	0.449757
restore_6km_rep030_2140_NW_SK060_i14941	lunarc	restore_6km	rep030	2140	NW	SK060	1	77.0	105.0	4.0	20	119	14941	M	0	77.3434	106.636	1.6716517460284566	R6	restore_6km	r6_2140__p1:i14941	r6_2140__p1:i14941	1507	1e-05	0.164196	0.035716	0.226074	0.162338	0.018125	0.393541
restore_6km_rep030_2140_NW_SK060_i23012	lunarc	restore_6km	rep030	2140	NW	SK060	1	77.0	105.0	4.0	20	119	23012	M	0	79.1674	104.764	2.1802107145870107	R6	restore_6km	r6_2140__p1:i23012	r6_2140__p1:i23012	1508	0.017705	1e-05	0.045732	0.091807	0.24546	0.085213	0.514073
restore_6km_rep030_2140_NW_SK060_i6587	lunarc	restore_6km	rep030	2140	NW	SK060	1	77.0	105.0	4.0	20	119	6587	F	0	79.5204	106.718	3.050236082666387	R6	restore_6km	r6_2140__p1:i6587	r6_2140__p1:i6587	1509	0.000864	1e-05	0.113863	1e-05	0.499096	0.053664	0.332493
restore_6km_rep030_2140_NW_SK060_i21777	lunarc	restore_6km	rep030	2140	NW	SK060	1	77.0	105.0	4.0	20	119	21777	M	0	77.65	104.499	0.8206710668715037	R6	restore_6km	r6_2140__p1:i21777	r6_2140__p1:i21777	1510	1e-05	0.091936	0.049629	0.125324	1e-05	0.196092	0.536998
restore_6km_rep030_2140_NW_SK060_i21476	lunarc	restore_6km	rep030	2140	NW	SK060	1	77.0	105.0	4.0	20	119	21476	M	0	75.7469	108.709	3.914963679269583	R6	restore_6km	r6_2140__p1:i21476	r6_2140__p1:i21476	1511	0.117298	0.109927	1e-05	0.041041	0.282191	1e-05	0.449523
restore_6km_rep030_2140_NW_SK060_i20139	lunarc	restore_6km	rep030	2140	NW	SK060	1	77.0	105.0	4.0	20	119	20139	M	0	74.3648	105.806	2.7557059059340827	R6	restore_6km	r6_2140__p1:i20139	r6_2140__p1:i20139	1512	8.7e-05	0.075537	0.108364	1e-05	0.277342	1e-05	0.538651
restore_6km_rep030_2140_NW_SK060_i7379	lunarc	restore_6km	rep030	2140	NW	SK060	1	77.0	105.0	4.0	20	119	7379	F	0	77.598	101.688	3.365553149186621	R6	restore_6km	r6_2140__p1:i7379	r6_2140__p1:i7379	1513	1e-05	0.078967	0.064042	0.17838	0.382131	0.057973	0.238496
restore_6km_rep030_2140_NW_SK060_i17830	lunarc	restore_6km	rep030	2140	NW	SK060	1	77.0	105.0	4.0	20	119	17830	M	0	74.7954	103.72	2.5492471751479884	R6	restore_6km	r6_2140__p1:i17830	r6_2140__p1:i17830	1514	0.120411	0.049712	1e-05	0.072254	0.355953	0.086046	0.315614
restore_6km_rep030_2140_NW_SK060_i17794	lunarc	restore_6km	rep030	2140	NW	SK060	1	77.0	105.0	4.0	20	119	17794	M	0	77.0536	104.74	0.265467436797817	R6	restore_6km	r6_2140__p1:i17794	r6_2140__p1:i17794	1515	0.032151	0.014956	0.062658	0.247261	0.204304	0.019371	0.4193
restore_6km_rep030_2140_NW_SK060_i7423	lunarc	restore_6km	rep030	2140	NW	SK060	1	77.0	105.0	4.0	20	119	7423	F	0	73.1846	106.17	3.9907614762097694	R6	restore_6km	r6_2140__p1:i7423	r6_2140__p1:i7423	1516	0.113968	0.145838	1e-05	0.047305	0.233047	0.056279	0.403553
restore_6km_rep030_2140_NW_SK060_i13249	lunarc	restore_6km	rep030	2140	NW	SK060	1	77.0	105.0	4.0	20	119	13249	M	0	78.126	101.962	3.23995678983532	R6	restore_6km	r6_2140__p1:i13249	r6_2140__p1:i13249	1517	0.150686	0.102972	0.043422	1e-05	0.221295	1e-05	0.481605
restore_6km_rep030_2140_NW_SK060_i12738	lunarc	restore_6km	rep030	2140	NW	SK060	1	77.0	105.0	4.0	20	119	12738	M	0	78.185	102.966	2.3540138062466904	R6	restore_6km	r6_2140__p1:i12738	r6_2140__p1:i12738	1518	1e-05	0.194475	0.030045	0.049252	0.196562	0.164373	0.365282
restore_6km_rep030_2140_NW_SK060_i6589	lunarc	restore_6km	rep030	2140	NW	SK060	1	77.0	105.0	4.0	20	119	6589	F	0	77.545	105.566	0.7857359607399961	R6	restore_6km	r6_2140__p1:i6589	r6_2140__p1:i6589	1519	0.16123	0.081126	0.096764	1e-05	0.41772	0.030206	0.212945
restore_6km_rep030_2140_NW_SK060_i15270	lunarc	restore_6km	rep030	2140	NW	SK060	1	77.0	105.0	4.0	20	119	15270	M	0	76.8784	103.277	1.727285604640992	R6	restore_6km	r6_2140__p1:i15270	r6_2140__p1:i15270	1520	1e-05	0.164903	0.097449	0.099173	0.27193	0.005973	0.360561
restore_6km_rep030_2140_NW_SK068_i18613	lunarc	restore_6km	rep030	2140	NW	SK068	2	63.0	119.0	4.0	20	158	18613	M	0	65.5338	121.12	3.303716458777904	R6	restore_6km	r6_2140__p1:i18613	r6_2140__p1:i18613	1521	1e-05	0.148738	0.166903	0.111105	0.146848	1e-05	0.426386
restore_6km_rep030_2140_NW_SK068_i2784	lunarc	restore_6km	rep030	2140	NW	SK068	2	63.0	119.0	4.0	20	158	2784	F	0	62.0334	119.872	1.301806268228879	R6	restore_6km	r6_2140__p1:i2784	r6_2140__p1:i2784	1522	0.005711	0.037487	0.091655	0.060645	1e-05	0.216807	0.587685
restore_6km_rep030_2140_NW_SK068_i2260	lunarc	restore_6km	rep030	2140	NW	SK068	2	63.0	119.0	4.0	20	158	2260	F	0	66.8747	119.66	3.9305088843558194	R6	restore_6km	r6_2140__p1:i2260	r6_2140__p1:i2260	1523	0.152531	0.059943	0.058935	0.070139	0.142189	1e-05	0.516253
restore_6km_rep030_2140_NW_SK068_i3047	lunarc	restore_6km	rep030	2140	NW	SK068	2	63.0	119.0	4.0	20	158	3047	F	0	62.7989	122.582	3.58764061884687	R6	restore_6km	r6_2140__p1:i3047	r6_2140__p1:i3047	1524	1e-05	0.15145	0.017164	0.082928	0.259105	0.012309	0.477034
restore_6km_rep030_2140_NW_SK068_i16303	lunarc	restore_6km	rep030	2140	NW	SK068	2	63.0	119.0	4.0	20	158	16303	M	0	61.7337	119.489	1.3574375455246577	R6	restore_6km	r6_2140__p1:i16303	r6_2140__p1:i16303	1525	1e-05	1e-05	0.158826	0.145427	0.298912	1e-05	0.396805
restore_6km_rep030_2140_NW_SK068_i3725	lunarc	restore_6km	rep030	2140	NW	SK068	2	63.0	119.0	4.0	20	158	3725	F	0	63.9368	120.53	1.7940162318106267	R6	restore_6km	r6_2140__p1:i3725	r6_2140__p1:i3725	1526	1e-05	0.029783	0.014075	0.10913	0.064257	1e-05	0.782735
restore_6km_rep030_2140_NW_SK068_i2545	lunarc	restore_6km	rep030	2140	NW	SK068	2	63.0	119.0	4.0	20	158	2545	F	0	64.7353	121.275	2.861274382159112	R6	restore_6km	r6_2140__p1:i2545	r6_2140__p1:i2545	1527	1e-05	0.085582	0.012038	1e-05	0.280387	0.087487	0.534486
restore_6km_rep030_2140_NW_SK068_i14553	lunarc	restore_6km	rep030	2140	NW	SK068	2	63.0	119.0	4.0	20	158	14553	M	0	62.6722	117.078	1.949753020256666	R6	restore_6km	r6_2140__p1:i14553	r6_2140__p1:i14553	1528	1e-05	1e-05	0.080165	0.169154	1e-05	0.024871	0.72578
restore_6km_rep030_2140_NW_SK068_i3424	lunarc	restore_6km	rep030	2140	NW	SK068	2	63.0	119.0	4.0	20	158	3424	F	0	64.9575	117.366	2.549855339033959	R6	restore_6km	r6_2140__p1:i3424	r6_2140__p1:i3424	1529	1e-05	0.043194	0.051074	1e-05	0.020596	0.210439	0.674676
restore_6km_rep030_2140_NW_SK068_i14847	lunarc	restore_6km	rep030	2140	NW	SK068	2	63.0	119.0	4.0	20	158	14847	M	0	65.7021	116.501	3.6805360221033	R6	restore_6km	r6_2140__p1:i14847	r6_2140__p1:i14847	1530	1e-05	1e-05	0.069702	1e-05	1e-05	0.222369	0.70789
restore_6km_rep030_2140_NW_SK068_i3477	lunarc	restore_6km	rep030	2140	NW	SK068	2	63.0	119.0	4.0	20	158	3477	F	0	60.7336	121.957	3.725643294788157	R6	restore_6km	r6_2140__p1:i3477	r6_2140__p1:i3477	1531	1e-05	0.055111	1e-05	0.036084	0.352542	0.176797	0.379445
restore_6km_rep030_2140_NW_SK068_i4330	lunarc	restore_6km	rep030	2140	NW	SK068	2	63.0	119.0	4.0	20	158	4330	F	0	62.9456	119.196	0.2034093409851163	R6	restore_6km	r6_2140__p1:i4330	r6_2140__p1:i4330	1532	0.055084	0.026875	0.081302	1e-05	0.208613	1e-05	0.628106
restore_6km_rep030_2140_NW_SK068_i21805	lunarc	restore_6km	rep030	2140	NW	SK068	2	63.0	119.0	4.0	20	158	21805	M	0	60.2147	120.762	3.295836781456266	R6	restore_6km	r6_2140__p1:i21805	r6_2140__p1:i21805	1533	1e-05	0.119145	0.110621	1e-05	0.317173	0.080505	0.372535
restore_6km_rep030_2140_NW_SK068_i12684	lunarc	restore_6km	rep030	2140	NW	SK068	2	63.0	119.0	4.0	20	158	12684	M	0	61.0961	121.895	3.464947360350511	R6	restore_6km	r6_2140__p1:i12684	r6_2140__p1:i12684	1534	0.005794	1e-05	0.088922	0.132724	0.089181	0.20311	0.480259
restore_6km_rep030_2140_NW_SK068_i5165	lunarc	restore_6km	rep030	2140	NW	SK068	2	63.0	119.0	4.0	20	158	5165	F	0	64.3881	118.195	1.604632858319932	R6	restore_6km	r6_2140__p1:i5165	r6_2140__p1:i5165	1535	1e-05	1e-05	1e-05	0.063433	0.203549	0.211203	0.521785
restore_6km_rep030_2140_NW_SK068_i18161	lunarc	restore_6km	rep030	2140	NW	SK068	2	63.0	119.0	4.0	20	158	18161	M	0	64.0404	118.935	1.0424284915523034	R6	restore_6km	r6_2140__p1:i18161	r6_2140__p1:i18161	1536	0.030858	1e-05	0.100413	0.17098	0.080793	0.074315	0.542631
restore_6km_rep030_2140_NW_SK068_i22277	lunarc	restore_6km	rep030	2140	NW	SK068	2	63.0	119.0	4.0	20	158	22277	M	0	60.2105	118.883	2.791952587348142	R6	restore_6km	r6_2140__p1:i22277	r6_2140__p1:i22277	1537	1e-05	1e-05	0.043081	0.131314	0.181395	1e-05	0.644179
restore_6km_rep030_2140_NW_SK068_i17232	lunarc	restore_6km	rep030	2140	NW	SK068	2	63.0	119.0	4.0	20	158	17232	M	0	65.874	119.976	3.035202134949165	R6	restore_6km	r6_2140__p1:i17232	r6_2140__p1:i17232	1538	0.145257	1e-05	1e-05	1e-05	0.51643	0.023338	0.314945
restore_6km_rep030_2140_NW_SK068_i13770	lunarc	restore_6km	rep030	2140	NW	SK068	2	63.0	119.0	4.0	20	158	13770	M	0	64.428	121.888	3.2217585260227093	R6	restore_6km	r6_2140__p1:i13770	r6_2140__p1:i13770	1539	0.156807	0.07122	0.016374	0.151776	0.100478	1e-05	0.503335
restore_6km_rep030_2140_NW_SK068_i15643	lunarc	restore_6km	rep030	2140	NW	SK068	2	63.0	119.0	4.0	20	158	15643	M	0	60.9823	119.551	2.091581767466908	R6	restore_6km	r6_2140__p1:i15643	r6_2140__p1:i15643	1540	0.156667	0.180972	0.044235	0.096807	0.075555	1e-05	0.445755
restore_6km_rep030_2140_NW_SK069_i11912	lunarc	restore_6km	rep030	2140	NW	SK069	3	77.0	119.0	4.0	20	47	11912	M	0	75.5605	121.072	2.5229633865753973	R6	restore_6km	r6_2140__p1:i11912	r6_2140__p1:i11912	1541	0.031921	0.21596	0.03866	0.170183	1e-05	0.055203	0.488064
restore_6km_rep030_2140_NW_SK069_i14102	lunarc	restore_6km	rep030	2140	NW	SK069	3	77.0	119.0	4.0	20	47	14102	M	0	79.0021	120.412	2.4499282458880325	R6	restore_6km	r6_2140__p1:i14102	r6_2140__p1:i14102	1542	0.066863	1e-05	0.05801	0.019432	0.128705	0.058818	0.668162
restore_6km_rep030_2140_NW_SK069_i12275	lunarc	restore_6km	rep030	2140	NW	SK069	3	77.0	119.0	4.0	20	47	12275	M	0	73.4593	119.701	3.609426199550283	R6	restore_6km	r6_2140__p1:i12275	r6_2140__p1:i12275	1543	0.07838	1e-05	0.089789	0.087711	1e-05	0.060845	0.683255
restore_6km_rep030_2140_NW_SK069_i17087	lunarc	restore_6km	rep030	2140	NW	SK069	3	77.0	119.0	4.0	20	47	17087	M	0	78.268	119.303	1.3036997353685396	R6	restore_6km	r6_2140__p1:i17087	r6_2140__p1:i17087	1544	0.111309	0.018097	1e-05	1e-05	0.029405	0.027077	0.814092
restore_6km_rep030_2140_NW_SK069_i21959	lunarc	restore_6km	rep030	2140	NW	SK069	3	77.0	119.0	4.0	20	47	21959	M	0	76.104	122.082	3.209601221335754	R6	restore_6km	r6_2140__p1:i21959	r6_2140__p1:i21959	1545	0.032826	0.052965	0.136713	0.071202	0.256279	0.060532	0.389483
restore_6km_rep030_2140_NW_SK069_i6797	lunarc	restore_6km	rep030	2140	NW	SK069	3	77.0	119.0	4.0	20	47	6797	F	0	73.6482	119.281	3.363558270641373	R6	restore_6km	r6_2140__p1:i6797	r6_2140__p1:i6797	1546	1e-05	0.224867	0.053594	0.053984	0.223229	0.18899	0.255327
restore_6km_rep030_2140_NW_SK069_i11752	lunarc	restore_6km	rep030	2140	NW	SK069	3	77.0	119.0	4.0	20	47	11752	M	0	75.3111	121.074	2.674669925430053	R6	restore_6km	r6_2140__p1:i11752	r6_2140__p1:i11752	1547	1e-05	0.056689	0.04845	0.206861	0.138664	1e-05	0.549315
restore_6km_rep030_2140_NW_SK069_i10846	lunarc	restore_6km	rep030	2140	NW	SK069	3	77.0	119.0	4.0	20	47	10846	F	0	77.209	121.311	2.320431425403481	R6	restore_6km	r6_2140__p1:i10846	r6_2140__p1:i10846	1548	0.211862	0.002325	0.037708	1e-05	0.28925	1e-05	0.458834
restore_6km_rep030_2140_NW_SK069_i525	lunarc	restore_6km	rep030	2140	NW	SK069	3	77.0	119.0	4.0	20	47	525	F	0	74.3014	120.325	3.0063377987179023	R6	restore_6km	r6_2140__p1:i525	r6_2140__p1:i525	1549	0.064906	0.269226	0.021649	0.122091	1e-05	0.058423	0.463695
restore_6km_rep030_2140_NW_SK069_i18865	lunarc	restore_6km	rep030	2140	NW	SK069	3	77.0	119.0	4.0	20	47	18865	M	0	75.9593	115.503	3.648570335076467	R6	restore_6km	r6_2140__p1:i18865	r6_2140__p1:i18865	1550	0.007397	0.12945	0.086243	0.162916	0.424572	0.00969	0.179732
restore_6km_rep030_2140_NW_SK069_i13244	lunarc	restore_6km	rep030	2140	NW	SK069	3	77.0	119.0	4.0	20	47	13244	M	0	77.2678	118.265	0.7822671155046695	R6	restore_6km	r6_2140__p1:i13244	r6_2140__p1:i13244	1551	0.018991	0.048322	0.168036	0.087154	0.174343	0.129337	0.373816
restore_6km_rep030_2140_NW_SK069_i7557	lunarc	restore_6km	rep030	2140	NW	SK069	3	77.0	119.0	4.0	20	47	7557	F	0	75.6733	121.934	3.2200138027654464	R6	restore_6km	r6_2140__p1:i7557	r6_2140__p1:i7557	1552	0.019497	0.098112	0.186118	0.166409	0.121926	0.086453	0.321485
restore_6km_rep030_2140_NW_SK069_i5925	lunarc	restore_6km	rep030	2140	NW	SK069	3	77.0	119.0	4.0	20	47	5925	F	0	80.3144	120.135	3.503351589549649	R6	restore_6km	r6_2140__p1:i5925	r6_2140__p1:i5925	1553	0.127593	0.064785	0.008847	0.063159	0.301484	0.037932	0.396199
restore_6km_rep030_2140_NW_SK069_i14531	lunarc	restore_6km	rep030	2140	NW	SK069	3	77.0	119.0	4.0	20	47	14531	M	0	79.5212	118.936	2.5220121807794595	R6	restore_6km	r6_2140__p1:i14531	r6_2140__p1:i14531	1554	1e-05	0.052062	0.091712	0.249725	0.175815	1e-05	0.430665
restore_6km_rep030_2140_NW_SK069_i5377	lunarc	restore_6km	rep030	2140	NW	SK069	3	77.0	119.0	4.0	20	47	5377	F	0	80.0756	119.486	3.1137616093721707	R6	restore_6km	r6_2140__p1:i5377	r6_2140__p1:i5377	1555	0.002917	1e-05	0.000428	0.072455	0.048753	1e-05	0.875426
restore_6km_rep030_2140_NW_SK069_i17015	lunarc	restore_6km	rep030	2140	NW	SK069	3	77.0	119.0	4.0	20	47	17015	M	0	73.5897	118.655	3.427706389117954	R6	restore_6km	r6_2140__p1:i17015	r6_2140__p1:i17015	1556	0.077201	0.190152	0.011899	0.006299	0.214221	0.128961	0.371267
restore_6km_rep030_2140_NW_SK069_i17016	lunarc	restore_6km	rep030	2140	NW	SK069	3	77.0	119.0	4.0	20	47	17016	M	0	79.2319	119.455	2.2778065348049163	R6	restore_6km	r6_2140__p1:i17016	r6_2140__p1:i17016	1557	0.03544	0.174358	0.064422	0.088609	0.106353	0.213852	0.316966
restore_6km_rep030_2140_NW_SK069_i14103	lunarc	restore_6km	rep030	2140	NW	SK069	3	77.0	119.0	4.0	20	47	14103	M	0	80.3236	118.11	3.4407000683000537	R6	restore_6km	r6_2140__p1:i14103	r6_2140__p1:i14103	1558	0.08566	1e-05	0.00276	0.087193	0.19201	0.07927	0.553096
restore_6km_rep030_2140_NW_SK069_i7928	lunarc	restore_6km	rep030	2140	NW	SK069	3	77.0	119.0	4.0	20	47	7928	F	0	80.4804	119.289	3.4923781524915114	R6	restore_6km	r6_2140__p1:i7928	r6_2140__p1:i7928	1559	1e-05	0.192089	0.040534	0.100377	0.337087	0.043923	0.285979
restore_6km_rep030_2140_NW_SK069_i21694	lunarc	restore_6km	rep030	2140	NW	SK069	3	77.0	119.0	4.0	20	47	21694	M	0	80.1214	120.016	3.2825895204853093	R6	restore_6km	r6_2140__p1:i21694	r6_2140__p1:i21694	1560	0.12113	0.055733	0.126716	0.124342	1e-05	1e-05	0.572059
restore_6km_rep030_2140_NE_SK062_i17197	lunarc	restore_6km	rep030	2140	NE	SK062	1	105.0	105.0	4.0	20	49	17197	M	0	105.078	106.448	1.4500993069441763	R6	restore_6km	r6_2140__p1:i17197	r6_2140__p1:i17197	1561	0.167739	0.102002	0.0447	0.116117	0.240682	0.018733	0.310026
restore_6km_rep030_2140_NE_SK062_i748	lunarc	restore_6km	rep030	2140	NE	SK062	1	105.0	105.0	4.0	20	49	748	F	0	108.754	104.965	3.7541631557512303	R6	restore_6km	r6_2140__p1:i748	r6_2140__p1:i748	1562	1e-05	0.086432	0.131547	0.169584	0.333908	1e-05	0.278509
restore_6km_rep030_2140_NE_SK062_i6937	lunarc	restore_6km	rep030	2140	NE	SK062	1	105.0	105.0	4.0	20	49	6937	F	0	105.897	106.65	1.878059903197986	R6	restore_6km	r6_2140__p1:i6937	r6_2140__p1:i6937	1563	1e-05	0.125378	0.009727	0.174975	0.412689	1e-05	0.277211
restore_6km_rep030_2140_NE_SK062_i8795	lunarc	restore_6km	rep030	2140	NE	SK062	1	105.0	105.0	4.0	20	49	8795	F	0	103.25	104.397	1.8509751484015105	R6	restore_6km	r6_2140__p1:i8795	r6_2140__p1:i8795	1564	0.138329	0.08193	0.235796	0.058535	0.178581	0.040975	0.265854
restore_6km_rep030_2140_NE_SK062_i2304	lunarc	restore_6km	rep030	2140	NE	SK062	1	105.0	105.0	4.0	20	49	2304	F	0	101.156	105.766	3.9195780385138352	R6	restore_6km	r6_2140__p1:i2304	r6_2140__p1:i2304	1565	0.131507	0.113916	0.103345	0.060914	0.408297	0.029029	0.152992
restore_6km_rep030_2140_NE_SK062_i8585	lunarc	restore_6km	rep030	2140	NE	SK062	1	105.0	105.0	4.0	20	49	8585	F	0	102.69	101.776	3.966141197688256	R6	restore_6km	r6_2140__p1:i8585	r6_2140__p1:i8585	1566	0.023215	0.252191	0.055565	0.144633	0.425069	0.00947	0.089857
restore_6km_rep030_2140_NE_SK062_i20566	lunarc	restore_6km	rep030	2140	NE	SK062	1	105.0	105.0	4.0	20	49	20566	M	0	104.688	101.584	3.430218651922932	R6	restore_6km	r6_2140__p1:i20566	r6_2140__p1:i20566	1567	1e-05	0.123354	0.062347	0.197273	0.408885	0.031129	0.177001
restore_6km_rep030_2140_NE_SK062_i4970	lunarc	restore_6km	rep030	2140	NE	SK062	1	105.0	105.0	4.0	20	49	4970	F	0	102.954	106.402	2.4802661147546305	R6	restore_6km	r6_2140__p1:i4970	r6_2140__p1:i4970	1568	0.07038	0.166997	0.299429	0.048417	0.109778	0.058733	0.246267
restore_6km_rep030_2140_NE_SK062_i15494	lunarc	restore_6km	rep030	2140	NE	SK062	1	105.0	105.0	4.0	20	49	15494	M	0	108.59	106.32	3.824983660095819	R6	restore_6km	r6_2140__p1:i15494	r6_2140__p1:i15494	1569	0.151524	0.212106	0.026127	0.056539	0.4646	0.089094	1e-05
restore_6km_rep030_2140_NE_SK062_i6486	lunarc	restore_6km	rep030	2140	NE	SK062	1	105.0	105.0	4.0	20	49	6486	F	0	101.252	105.402	3.7694970486790456	R6	restore_6km	r6_2140__p1:i6486	r6_2140__p1:i6486	1570	0.234673	0.093019	0.019666	0.11702	0.210774	0.143394	0.181455
restore_6km_rep030_2140_NE_SK062_i215	lunarc	restore_6km	rep030	2140	NE	SK062	1	105.0	105.0	4.0	20	49	215	F	0	108.563	106.768	3.9775360463482943	R6	restore_6km	r6_2140__p1:i215	r6_2140__p1:i215	1571	1e-05	0.315369	1e-05	0.037538	0.44561	0.03628	0.165184
restore_6km_rep030_2140_NE_SK062_i5852	lunarc	restore_6km	rep030	2140	NE	SK062	1	105.0	105.0	4.0	20	49	5852	F	0	108.339	103.124	3.829921278564353	R6	restore_6km	r6_2140__p1:i5852	r6_2140__p1:i5852	1572	0.000195	1e-05	0.055862	0.015382	0.663612	0.114602	0.150337
restore_6km_rep030_2140_NE_SK062_i13673	lunarc	restore_6km	rep030	2140	NE	SK062	1	105.0	105.0	4.0	20	49	13673	M	0	105.191	105.954	0.9729321661863116	R6	restore_6km	r6_2140__p1:i13673	r6_2140__p1:i13673	1573	0.05015	0.021838	0.02018	0.002642	0.545573	0.125573	0.234043
restore_6km_rep030_2140_NE_SK062_i4041	lunarc	restore_6km	rep030	2140	NE	SK062	1	105.0	105.0	4.0	20	49	4041	F	0	105.662	106.37	1.5215597260705938	R6	restore_6km	r6_2140__p1:i4041	r6_2140__p1:i4041	1574	0.13782	0.113794	0.113606	0.089377	0.545384	1e-05	1e-05
restore_6km_rep030_2140_NE_SK062_i14559	lunarc	restore_6km	rep030	2140	NE	SK062	1	105.0	105.0	4.0	20	49	14559	M	0	105.681	102.391	2.6964128022244607	R6	restore_6km	r6_2140__p1:i14559	r6_2140__p1:i14559	1575	0.025493	0.167488	0.156145	1e-05	0.55847	1e-05	0.092385
restore_6km_rep030_2140_NE_SK062_i18366	lunarc	restore_6km	rep030	2140	NE	SK062	1	105.0	105.0	4.0	20	49	18366	M	0	106.284	102.011	3.253118042739925	R6	restore_6km	r6_2140__p1:i18366	r6_2140__p1:i18366	1576	0.147871	0.162055	1e-05	0.158364	0.294879	0.15049	0.086331
restore_6km_rep030_2140_NE_SK062_i6048	lunarc	restore_6km	rep030	2140	NE	SK062	1	105.0	105.0	4.0	20	49	6048	F	0	108.463	106.064	3.622770348780053	R6	restore_6km	r6_2140__p1:i6048	r6_2140__p1:i6048	1577	0.034695	0.043139	0.103825	0.065788	0.390634	0.151936	0.209983
restore_6km_rep030_2140_NE_SK062_i875	lunarc	restore_6km	rep030	2140	NE	SK062	1	105.0	105.0	4.0	20	49	875	F	0	107.014	103.816	2.3362474184041333	R6	restore_6km	r6_2140__p1:i875	r6_2140__p1:i875	1578	0.031027	0.099361	1e-05	1e-05	0.328722	0.136062	0.404808
restore_6km_rep030_2140_NE_SK062_i17316	lunarc	restore_6km	rep030	2140	NE	SK062	1	105.0	105.0	4.0	20	49	17316	M	0	107.182	107.915	3.641201587388433	R6	restore_6km	r6_2140__p1:i17316	r6_2140__p1:i17316	1579	0.014546	0.043395	0.101819	1e-05	0.716208	1e-05	0.124011
restore_6km_rep030_2140_NE_SK062_i5851	lunarc	restore_6km	rep030	2140	NE	SK062	1	105.0	105.0	4.0	20	49	5851	F	0	108.68	103.439	3.997389273013084	R6	restore_6km	r6_2140__p1:i5851	r6_2140__p1:i5851	1580	1e-05	0.175296	0.109453	0.030866	0.524604	1e-05	0.159761
restore_6km_rep030_2140_NE_SK063_i10454	lunarc	restore_6km	rep030	2140	NE	SK063	2	119.0	105.0	4.0	20	68	10454	F	0	118.707	103.647	1.3843619468910535	R6	restore_6km	r6_2140__p1:i10454	r6_2140__p1:i10454	1581	1e-05	1e-05	0.018292	1e-05	0.981658	1e-05	1e-05
restore_6km_rep030_2140_NE_SK063_i1005	lunarc	restore_6km	rep030	2140	NE	SK063	2	119.0	105.0	4.0	20	68	1005	F	0	122.601	103.574	3.8730707455454514	R6	restore_6km	r6_2140__p1:i1005	r6_2140__p1:i1005	1582	0.046267	0.059402	0.044531	1e-05	0.84977	1e-05	1e-05
restore_6km_rep030_2140_NE_SK063_i3183	lunarc	restore_6km	rep030	2140	NE	SK063	2	119.0	105.0	4.0	20	68	3183	F	0	120.128	102.585	2.665447242021502	R6	restore_6km	r6_2140__p1:i3183	r6_2140__p1:i3183	1583	0.103302	0.031565	0.012457	0.090111	0.602531	1e-05	0.160023
restore_6km_rep030_2140_NE_SK063_i8057	lunarc	restore_6km	rep030	2140	NE	SK063	2	119.0	105.0	4.0	20	68	8057	F	0	119.842	101.282	3.812150049512745	R6	restore_6km	r6_2140__p1:i8057	r6_2140__p1:i8057	1584	1e-05	0.104727	0.119946	0.244428	0.012301	0.050792	0.467797
restore_6km_rep030_2140_NE_SK063_i2632	lunarc	restore_6km	rep030	2140	NE	SK063	2	119.0	105.0	4.0	20	68	2632	F	0	120.916	105.455	1.9692843877916637	R6	restore_6km	r6_2140__p1:i2632	r6_2140__p1:i2632	1585	0.063875	0.046551	0.135148	0.281679	0.449947	1e-05	0.022791
restore_6km_rep030_2140_NE_SK063_i518	lunarc	restore_6km	rep030	2140	NE	SK063	2	119.0	105.0	4.0	20	68	518	F	0	118.754	101.935	3.074856256802907	R6	restore_6km	r6_2140__p1:i518	r6_2140__p1:i518	1586	0.027572	1e-05	0.022982	0.061052	0.418861	0.028877	0.440646
restore_6km_rep030_2140_NE_SK063_i22093	lunarc	restore_6km	rep030	2140	NE	SK063	2	119.0	105.0	4.0	20	68	22093	M	0	120.154	105.207	1.1724184406601548	R6	restore_6km	r6_2140__p1:i22093	r6_2140__p1:i22093	1587	1e-05	1e-05	1e-05	0.198089	0.673061	1e-05	0.128809
restore_6km_rep030_2140_NE_SK063_i8140	lunarc	restore_6km	rep030	2140	NE	SK063	2	119.0	105.0	4.0	20	68	8140	F	0	119.411	105.434	0.5977265260970095	R6	restore_6km	r6_2140__p1:i8140	r6_2140__p1:i8140	1588	0.046363	1e-05	0.156002	0.091905	0.592804	0.013786	0.09913
restore_6km_rep030_2140_NE_SK063_i3182	lunarc	restore_6km	rep030	2140	NE	SK063	2	119.0	105.0	4.0	20	68	3182	F	0	121.598	107.058	3.3143578563577023	R6	restore_6km	r6_2140__p1:i3182	r6_2140__p1:i3182	1589	0.170207	0.01068	0.018523	0.220913	0.467898	1e-05	0.111769
restore_6km_rep030_2140_NE_SK063_i6133	lunarc	restore_6km	rep030	2140	NE	SK063	2	119.0	105.0	4.0	20	68	6133	F	0	116.043	105.478	2.9953852840661344	R6	restore_6km	r6_2140__p1:i6133	r6_2140__p1:i6133	1590	0.00316	0.190351	0.051192	0.199244	0.189978	1e-05	0.366065
restore_6km_rep030_2140_NE_SK063_i10835	lunarc	restore_6km	rep030	2140	NE	SK063	2	119.0	105.0	4.0	20	68	10835	F	0	122.374	104.417	3.423998393691207	R6	restore_6km	r6_2140__p1:i10835	r6_2140__p1:i10835	1591	0.061156	0.167097	1e-05	1e-05	0.580063	0.057174	0.134491
restore_6km_rep030_2140_NE_SK063_i22854	lunarc	restore_6km	rep030	2140	NE	SK063	2	119.0	105.0	4.0	20	68	22854	M	0	119.719	104.244	1.043310596131369	R6	restore_6km	r6_2140__p1:i22854	r6_2140__p1:i22854	1592	0.072344	0.071243	0.217064	0.13355	0.212411	0.151667	0.141721
restore_6km_rep030_2140_NE_SK063_i13382	lunarc	restore_6km	rep030	2140	NE	SK063	2	119.0	105.0	4.0	20	68	13382	M	0	118.749	106.784	1.801570703580635	R6	restore_6km	r6_2140__p1:i13382	r6_2140__p1:i13382	1593	0.018259	1e-05	0.110652	0.1261	0.435567	0.04932	0.260092
restore_6km_rep030_2140_NE_SK063_i6262	lunarc	restore_6km	rep030	2140	NE	SK063	2	119.0	105.0	4.0	20	68	6262	F	0	117.714	105.403	1.3476665017726042	R6	restore_6km	r6_2140__p1:i6262	r6_2140__p1:i6262	1594	0.123939	0.022646	0.156377	1e-05	0.288934	1e-05	0.408085
restore_6km_rep030_2140_NE_SK063_i14525	lunarc	restore_6km	rep030	2140	NE	SK063	2	119.0	105.0	4.0	20	68	14525	M	0	115.28	104.287	3.787712898306837	R6	restore_6km	r6_2140__p1:i14525	r6_2140__p1:i14525	1595	0.081205	0.174688	0.050725	0.002393	0.429844	0.261135	1e-05
restore_6km_rep030_2140_NE_SK063_i11901	lunarc	restore_6km	rep030	2140	NE	SK063	2	119.0	105.0	4.0	20	68	11901	M	0	119.975	101.553	3.582238685514968	R6	restore_6km	r6_2140__p1:i11901	r6_2140__p1:i11901	1596	1e-05	0.033175	1e-05	0.061673	0.349453	0.104691	0.450987
restore_6km_rep030_2140_NE_SK063_i13156	lunarc	restore_6km	rep030	2140	NE	SK063	2	119.0	105.0	4.0	20	68	13156	M	0	121.679	102.554	3.6276655027717206	R6	restore_6km	r6_2140__p1:i13156	r6_2140__p1:i13156	1597	1e-05	0.120236	0.149766	0.169305	0.387502	0.173171	1e-05
restore_6km_rep030_2140_NE_SK063_i18056	lunarc	restore_6km	rep030	2140	NE	SK063	2	119.0	105.0	4.0	20	68	18056	M	0	120.471	101.286	3.994701115227521	R6	restore_6km	r6_2140__p1:i18056	r6_2140__p1:i18056	1598	1e-05	1e-05	0.10111	0.010793	0.888057	1e-05	1e-05
restore_6km_rep030_2140_NE_SK063_i5983	lunarc	restore_6km	rep030	2140	NE	SK063	2	119.0	105.0	4.0	20	68	5983	F	0	119.879	104.936	0.8813268406215753	R6	restore_6km	r6_2140__p1:i5983	r6_2140__p1:i5983	1599	0.002647	1e-05	0.098427	1e-05	0.427729	0.093874	0.377302
restore_6km_rep030_2140_NE_SK063_i16695	lunarc	restore_6km	rep030	2140	NE	SK063	2	119.0	105.0	4.0	20	68	16695	M	0	118.285	108.192	3.271099050777882	R6	restore_6km	r6_2140__p1:i16695	r6_2140__p1:i16695	1600	0.094466	0.06835	0.170254	0.04181	0.410642	0.138596	0.075883
restore_6km_rep030_2140_NE_SK064_i17802	lunarc	restore_6km	rep030	2140	NE	SK064	3	133.0	105.0	4.0	20	98	17802	M	0	131.424	103.31	2.3108171714785164	R6	restore_6km	r6_2140__p1:i17802	r6_2140__p1:i17802	1601	1e-05	0.066858	0.10732	0.137556	0.688235	1e-05	1e-05
restore_6km_rep030_2140_NE_SK064_i9099	lunarc	restore_6km	rep030	2140	NE	SK064	3	133.0	105.0	4.0	20	98	9099	F	0	135.876	105.561	2.9302042590918527	R6	restore_6km	r6_2140__p1:i9099	r6_2140__p1:i9099	1602	1e-05	0.102621	1e-05	0.047769	0.480922	0.240792	0.127876
restore_6km_rep030_2140_NE_SK064_i12288	lunarc	restore_6km	rep030	2140	NE	SK064	3	133.0	105.0	4.0	20	98	12288	M	0	131.336	103.313	2.3695706362123814	R6	restore_6km	r6_2140__p1:i12288	r6_2140__p1:i12288	1603	0.127639	1e-05	0.061364	0.051664	0.736522	1e-05	0.022791
restore_6km_rep030_2140_NE_SK064_i2006	lunarc	restore_6km	rep030	2140	NE	SK064	3	133.0	105.0	4.0	20	98	2006	F	0	132.278	107.477	2.5800800375182225	R6	restore_6km	r6_2140__p1:i2006	r6_2140__p1:i2006	1604	0.026857	0.106166	0.093952	0.090106	0.520194	0.013713	0.149011
restore_6km_rep030_2140_NE_SK064_i5880	lunarc	restore_6km	rep030	2140	NE	SK064	3	133.0	105.0	4.0	20	98	5880	F	0	130.857	107.486	3.282170775569124	R6	restore_6km	r6_2140__p1:i5880	r6_2140__p1:i5880	1605	0.045108	0.263553	1e-05	0.220233	0.25193	0.165509	0.053657
restore_6km_rep030_2140_NE_SK064_i11595	lunarc	restore_6km	rep030	2140	NE	SK064	3	133.0	105.0	4.0	20	98	11595	M	0	135.137	105.761	2.268455421647072	R6	restore_6km	r6_2140__p1:i11595	r6_2140__p1:i11595	1606	0.159725	1e-05	0.095711	0.077369	0.667165	1e-05	1e-05
restore_6km_rep030_2140_NE_SK064_i11259	lunarc	restore_6km	rep030	2140	NE	SK064	3	133.0	105.0	4.0	20	98	11259	F	0	134.551	106.393	2.084718206377054	R6	restore_6km	r6_2140__p1:i11259	r6_2140__p1:i11259	1607	1e-05	0.083782	0.009262	0.239826	0.622702	0.044407	1e-05
restore_6km_rep030_2140_NE_SK064_i14401	lunarc	restore_6km	rep030	2140	NE	SK064	3	133.0	105.0	4.0	20	98	14401	M	0	131.716	103.884	1.7012089818714156	R6	restore_6km	r6_2140__p1:i14401	r6_2140__p1:i14401	1608	0.050943	1e-05	0.065303	0.16212	0.721604	1e-05	1e-05
restore_6km_rep030_2140_NE_SK064_i13479	lunarc	restore_6km	rep030	2140	NE	SK064	3	133.0	105.0	4.0	20	98	13479	M	0	134.149	102.986	2.318705889068293	R6	restore_6km	r6_2140__p1:i13479	r6_2140__p1:i13479	1609	0.184391	0.087414	1e-05	0.0946	0.559156	1e-05	0.074419
restore_6km_rep030_2140_NE_SK064_i22264	lunarc	restore_6km	rep030	2140	NE	SK064	3	133.0	105.0	4.0	20	98	22264	M	0	133.976	105.968	1.3746272221951683	R6	restore_6km	r6_2140__p1:i22264	r6_2140__p1:i22264	1610	0.030722	0.047224	0.109764	0.196003	0.616267	1e-05	1e-05
restore_6km_rep030_2140_NE_SK064_i16169	lunarc	restore_6km	rep030	2140	NE	SK064	3	133.0	105.0	4.0	20	98	16169	M	0	131.893	104.93	1.1092109808327708	R6	restore_6km	r6_2140__p1:i16169	r6_2140__p1:i16169	1611	0.053355	0.153877	0.130663	0.175712	0.414353	0.072029	1e-05
restore_6km_rep030_2140_NE_SK064_i21554	lunarc	restore_6km	rep030	2140	NE	SK064	3	133.0	105.0	4.0	20	98	21554	M	0	135.431	104.339	2.5192621935797117	R6	restore_6km	r6_2140__p1:i21554	r6_2140__p1:i21554	1612	0.032176	1e-05	0.021512	0.21463	0.637158	0.094504	1e-05
restore_6km_rep030_2140_NE_SK064_i16378	lunarc	restore_6km	rep030	2140	NE	SK064	3	133.0	105.0	4.0	20	98	16378	M	0	130.979	102.731	3.038552615967012	R6	restore_6km	r6_2140__p1:i16378	r6_2140__p1:i16378	1613	1e-05	0.001819	0.113555	0.180997	0.229671	0.156781	0.317167
restore_6km_rep030_2140_NE_SK064_i21027	lunarc	restore_6km	rep030	2140	NE	SK064	3	133.0	105.0	4.0	20	98	21027	M	0	132.841	104.403	0.6178106506042045	R6	restore_6km	r6_2140__p1:i21027	r6_2140__p1:i21027	1614	0.005334	0.085351	0.106949	0.361669	0.312772	0.008597	0.119327
restore_6km_rep030_2140_NE_SK064_i824	lunarc	restore_6km	rep030	2140	NE	SK064	3	133.0	105.0	4.0	20	98	824	F	0	134.508	101.789	3.547475863201893	R6	restore_6km	r6_2140__p1:i824	r6_2140__p1:i824	1615	0.115514	0.185337	0.053757	0.134261	0.449697	0.024669	0.036764
restore_6km_rep030_2140_NE_SK064_i14775	lunarc	restore_6km	rep030	2140	NE	SK064	3	133.0	105.0	4.0	20	98	14775	M	0	131.751	102.163	3.09976934625788	R6	restore_6km	r6_2140__p1:i14775	r6_2140__p1:i14775	1616	1e-05	1e-05	1e-05	0.041844	0.45166	0.173148	0.333318
restore_6km_rep030_2140_NE_SK064_i22622	lunarc	restore_6km	rep030	2140	NE	SK064	3	133.0	105.0	4.0	20	98	22622	M	0	132.315	104.689	0.7522938255761558	R6	restore_6km	r6_2140__p1:i22622	r6_2140__p1:i22622	1617	0.062998	0.068118	0.143006	0.229505	0.345664	0.150699	1e-05
restore_6km_rep030_2140_NE_SK064_i10851	lunarc	restore_6km	rep030	2140	NE	SK064	3	133.0	105.0	4.0	20	98	10851	F	0	135.006	105.047	2.00655052266321	R6	restore_6km	r6_2140__p1:i10851	r6_2140__p1:i10851	1618	0.128991	0.036618	0.014308	0.110053	0.38514	0.17313	0.15176
restore_6km_rep030_2140_NE_SK064_i13366	lunarc	restore_6km	rep030	2140	NE	SK064	3	133.0	105.0	4.0	20	98	13366	M	0	130.983	103.891	2.301775401727973	R6	restore_6km	r6_2140__p1:i13366	r6_2140__p1:i13366	1619	1e-05	1e-05	0.054347	1e-05	0.943175	0.002438	1e-05
restore_6km_rep030_2140_NE_SK064_i1070	lunarc	restore_6km	rep030	2140	NE	SK064	3	133.0	105.0	4.0	20	98	1070	F	0	129.51	104.196	3.581412570481104	R6	restore_6km	r6_2140__p1:i1070	r6_2140__p1:i1070	1620	0.135271	0.115297	0.188541	0.173387	0.295624	0.021608	0.070272
restore_6km_rep030_2140_W_SK025_i4442	lunarc	restore_6km	rep030	2140	W	SK025	1	91.0	49.0	4.0	20	159	4442	F	0	91.1955	48.9017	0.2188221652392614	R6	restore_6km	r6_2140__p1:i4442	r6_2140__p1:i4442	1621	0.029939	0.189232	0.071545	0.166787	0.478786	0.044327	0.019383
restore_6km_rep030_2140_W_SK025_i16161	lunarc	restore_6km	rep030	2140	W	SK025	1	91.0	49.0	4.0	20	159	16161	M	0	88.0398	46.6277	3.793493288513901	R6	restore_6km	r6_2140__p1:i16161	r6_2140__p1:i16161	1622	0.052355	0.019667	0.094309	0.133266	0.464214	0.204694	0.031494
restore_6km_rep030_2140_W_SK025_i5208	lunarc	restore_6km	rep030	2140	W	SK025	1	91.0	49.0	4.0	20	159	5208	F	0	91.0768	48.785	0.228305146678743	R6	restore_6km	r6_2140__p1:i5208	r6_2140__p1:i5208	1623	0.027582	1e-05	0.035512	0.057532	0.73173	0.10558	0.042053
restore_6km_rep030_2140_W_SK025_i18171	lunarc	restore_6km	rep030	2140	W	SK025	1	91.0	49.0	4.0	20	159	18171	M	0	89.7765	46.6461	2.652884743067444	R6	restore_6km	r6_2140__p1:i18171	r6_2140__p1:i18171	1624	1e-05	0.231126	1e-05	1e-05	0.272618	0.056915	0.439311
restore_6km_rep030_2140_W_SK025_i11680	lunarc	restore_6km	rep030	2140	W	SK025	1	91.0	49.0	4.0	20	159	11680	M	0	87.1889	49.4576	3.8384737813354897	R6	restore_6km	r6_2140__p1:i11680	r6_2140__p1:i11680	1625	0.120856	1e-05	0.109155	0.035758	0.485472	0.121036	0.127713
restore_6km_rep030_2140_W_SK025_i1901	lunarc	restore_6km	rep030	2140	W	SK025	1	91.0	49.0	4.0	20	159	1901	F	0	87.9751	48.819	3.0303103817926003	R6	restore_6km	r6_2140__p1:i1901	r6_2140__p1:i1901	1626	0.078333	0.19852	1e-05	0.108742	0.523971	0.090414	1e-05
restore_6km_rep030_2140_W_SK025_i21428	lunarc	restore_6km	rep030	2140	W	SK025	1	91.0	49.0	4.0	20	159	21428	M	0	91.8911	47.7469	1.5376341632521042	R6	restore_6km	r6_2140__p1:i21428	r6_2140__p1:i21428	1627	0.042433	0.063373	1e-05	0.194194	0.506799	1e-05	0.19318
restore_6km_rep030_2140_W_SK025_i4856	lunarc	restore_6km	rep030	2140	W	SK025	1	91.0	49.0	4.0	20	159	4856	F	0	89.7598	47.1669	2.213222006487377	R6	restore_6km	r6_2140__p1:i4856	r6_2140__p1:i4856	1628	0.215397	0.0791	0.021344	1e-05	0.368131	0.106208	0.209811
restore_6km_rep030_2140_W_SK025_i12021	lunarc	restore_6km	rep030	2140	W	SK025	1	91.0	49.0	4.0	20	159	12021	M	0	87.3957	49.159	3.6078053564459327	R6	restore_6km	r6_2140__p1:i12021	r6_2140__p1:i12021	1629	0.060369	0.184952	0.178214	1e-05	0.405699	1e-05	0.170745
restore_6km_rep030_2140_W_SK025_i20947	lunarc	restore_6km	rep030	2140	W	SK025	1	91.0	49.0	4.0	20	159	20947	M	0	89.6527	50.0141	1.6863024936232551	R6	restore_6km	r6_2140__p1:i20947	r6_2140__p1:i20947	1630	0.10034	0.068409	0.047703	1e-05	0.36737	0.266557	0.149611
restore_6km_rep030_2140_W_SK025_i4595	lunarc	restore_6km	rep030	2140	W	SK025	1	91.0	49.0	4.0	20	159	4595	F	0	91.4499	48.3589	0.7832108400679868	R6	restore_6km	r6_2140__p1:i4595	r6_2140__p1:i4595	1631	0.154344	1e-05	0.127611	0.049706	0.323222	0.208274	0.136834
restore_6km_rep030_2140_W_SK025_i635	lunarc	restore_6km	rep030	2140	W	SK025	1	91.0	49.0	4.0	20	159	635	F	0	91.5727	52.2808	3.3304104747012784	R6	restore_6km	r6_2140__p1:i635	r6_2140__p1:i635	1632	0.060369	0.184952	0.178214	1e-05	0.405699	1e-05	0.170745
restore_6km_rep030_2140_W_SK025_i7540	lunarc	restore_6km	rep030	2140	W	SK025	1	91.0	49.0	4.0	20	159	7540	F	0	91.5274	51.743	2.7932418012051894	R6	restore_6km	r6_2140__p1:i7540	r6_2140__p1:i7540	1633	0.164436	0.172384	0.004584	0.049521	0.426498	0.155591	0.026985
restore_6km_rep030_2140_W_SK025_i12027	lunarc	restore_6km	rep030	2140	W	SK025	1	91.0	49.0	4.0	20	159	12027	M	0	90.8351	47.823	1.1884952713410348	R6	restore_6km	r6_2140__p1:i12027	r6_2140__p1:i12027	1634	1e-05	0.232691	0.16875	0.012766	0.386298	0.199475	1e-05
restore_6km_rep030_2140_W_SK025_i22911	lunarc	restore_6km	rep030	2140	W	SK025	1	91.0	49.0	4.0	20	159	22911	M	0	92.7473	46.958	2.6875307049408743	R6	restore_6km	r6_2140__p1:i22911	r6_2140__p1:i22911	1635	1e-05	0.072198	1e-05	0.159678	0.600362	0.125048	0.042694
restore_6km_rep030_2140_W_SK025_i4348	lunarc	restore_6km	rep030	2140	W	SK025	1	91.0	49.0	4.0	20	159	4348	F	0	88.3734	46.4845	3.636862357857388	R6	restore_6km	r6_2140__p1:i4348	r6_2140__p1:i4348	1636	0.002957	0.15457	0.002234	0.165835	0.629617	0.044777	1e-05
restore_6km_rep030_2140_W_SK025_i20457	lunarc	restore_6km	rep030	2140	W	SK025	1	91.0	49.0	4.0	20	159	20457	M	0	91.3536	46.3405	2.6829038763996014	R6	restore_6km	r6_2140__p1:i20457	r6_2140__p1:i20457	1637	0.093967	0.311145	0.106223	0.021496	0.296303	0.170534	0.000332
restore_6km_rep030_2140_W_SK025_i11655	lunarc	restore_6km	rep030	2140	W	SK025	1	91.0	49.0	4.0	20	159	11655	M	0	91.4935	52.7788	3.810888569612076	R6	restore_6km	r6_2140__p1:i11655	r6_2140__p1:i11655	1638	0.209969	0.083296	0.138125	0.121409	0.321974	1e-05	0.125216
restore_6km_rep030_2140_W_SK025_i4633	lunarc	restore_6km	rep030	2140	W	SK025	1	91.0	49.0	4.0	20	159	4633	F	0	93.8254	50.4424	3.1722867020494867	R6	restore_6km	r6_2140__p1:i4633	r6_2140__p1:i4633	1639	1e-05	0.292221	0.035422	1e-05	0.363173	0.202827	0.106336
restore_6km_rep030_2140_W_SK025_i19574	lunarc	restore_6km	rep030	2140	W	SK025	1	91.0	49.0	4.0	20	159	19574	M	0	91.1949	49.7746	0.7987434944961999	R6	restore_6km	r6_2140__p1:i19574	r6_2140__p1:i19574	1640	0.054962	0.004503	0.13275	0.057801	0.62561	1e-05	0.124364
restore_6km_rep030_2140_W_SK026_i4244	lunarc	restore_6km	rep030	2140	W	SK026	2	105.0	49.0	4.0	20	173	4244	F	0	106.228	45.2669	3.929887989497918	R6	restore_6km	r6_2140__p1:i4244	r6_2140__p1:i4244	1641	0.205005	1e-05	0.125603	1e-05	0.504622	0.006523	0.158227
restore_6km_rep030_2140_W_SK026_i20461	lunarc	restore_6km	rep030	2140	W	SK026	2	105.0	49.0	4.0	20	173	20461	M	0	107.69	46.647	3.573892695647142	R6	restore_6km	r6_2140__p1:i20461	r6_2140__p1:i20461	1642	0.103417	0.246022	1e-05	0.08142	0.465492	0.077793	0.025846
restore_6km_rep030_2140_W_SK026_i3998	lunarc	restore_6km	rep030	2140	W	SK026	2	105.0	49.0	4.0	20	173	3998	F	0	101.982	50.3702	3.314479150635888	R6	restore_6km	r6_2140__p1:i3998	r6_2140__p1:i3998	1643	0.053683	1e-05	0.028467	0.14489	0.644745	1e-05	0.128195
restore_6km_rep030_2140_W_SK026_i20175	lunarc	restore_6km	rep030	2140	W	SK026	2	105.0	49.0	4.0	20	173	20175	M	0	107.889	50.763	3.3844482563632097	R6	restore_6km	r6_2140__p1:i20175	r6_2140__p1:i20175	1644	0.110637	0.037704	0.027598	0.082831	0.476421	0.060468	0.204341
restore_6km_rep030_2140_W_SK026_i22588	lunarc	restore_6km	rep030	2140	W	SK026	2	105.0	49.0	4.0	20	173	22588	M	0	105.443	45.0915	3.9335252954569855	R6	restore_6km	r6_2140__p1:i22588	r6_2140__p1:i22588	1645	0.028406	0.050728	0.06004	0.132966	0.548958	0.178892	1e-05
restore_6km_rep030_2140_W_SK026_i21708	lunarc	restore_6km	rep030	2140	W	SK026	2	105.0	49.0	4.0	20	173	21708	M	0	104.988	49.3077	0.3079339052459117	R6	restore_6km	r6_2140__p1:i21708	r6_2140__p1:i21708	1646	0.17616	0.115684	1e-05	0.105679	0.602448	1e-05	1e-05
restore_6km_rep030_2140_W_SK026_i5023	lunarc	restore_6km	rep030	2140	W	SK026	2	105.0	49.0	4.0	20	173	5023	F	0	104.267	45.1914	3.878494934894204	R6	restore_6km	r6_2140__p1:i5023	r6_2140__p1:i5023	1647	0.068443	0.044282	1e-05	1e-05	0.887234	1e-05	1e-05
restore_6km_rep030_2140_W_SK026_i15480	lunarc	restore_6km	rep030	2140	W	SK026	2	105.0	49.0	4.0	20	173	15480	M	0	107.192	48.5818	2.231536519978996	R6	restore_6km	r6_2140__p1:i15480	r6_2140__p1:i15480	1648	1e-05	1e-05	0.065872	0.007546	0.926543	1e-05	1e-05
restore_6km_rep030_2140_W_SK026_i8541	lunarc	restore_6km	rep030	2140	W	SK026	2	105.0	49.0	4.0	20	173	8541	F	0	105.124	45.3825	3.619624600701017	R6	restore_6km	r6_2140__p1:i8541	r6_2140__p1:i8541	1649	0.12373	0.219406	0.050376	0.094842	0.456304	0.055214	0.000128
restore_6km_rep030_2140_W_SK026_i13813	lunarc	restore_6km	rep030	2140	W	SK026	2	105.0	49.0	4.0	20	173	13813	M	0	108.16	47.6788	3.4250794793697814	R6	restore_6km	r6_2140__p1:i13813	r6_2140__p1:i13813	1650	1e-05	1e-05	0.122891	1e-05	0.510209	0.237639	0.129232
restore_6km_rep030_2140_W_SK026_i5024	lunarc	restore_6km	rep030	2140	W	SK026	2	105.0	49.0	4.0	20	173	5024	F	0	102.248	47.6324	3.07308212711603	R6	restore_6km	r6_2140__p1:i5024	r6_2140__p1:i5024	1651	0.086133	1e-05	0.202571	1e-05	0.579716	0.058378	0.073182
restore_6km_rep030_2140_W_SK026_i10095	lunarc	restore_6km	rep030	2140	W	SK026	2	105.0	49.0	4.0	20	173	10095	F	0	105.411	51.2267	2.2643131165984984	R6	restore_6km	r6_2140__p1:i10095	r6_2140__p1:i10095	1652	0.047664	0.187585	0.173808	1e-05	0.400614	0.190308	1e-05
restore_6km_rep030_2140_W_SK026_i15571	lunarc	restore_6km	rep030	2140	W	SK026	2	105.0	49.0	4.0	20	173	15571	M	0	107.533	46.8824	3.301563078300946	R6	restore_6km	r6_2140__p1:i15571	r6_2140__p1:i15571	1653	0.089702	0.128792	0.165433	0.013138	0.326187	0.149831	0.126917
restore_6km_rep030_2140_W_SK026_i3687	lunarc	restore_6km	rep030	2140	W	SK026	2	105.0	49.0	4.0	20	173	3687	F	0	105.342	48.063	0.9974632825322416	R6	restore_6km	r6_2140__p1:i3687	r6_2140__p1:i3687	1654	1e-05	0.096185	0.071728	1e-05	0.65961	0.061953	0.110504
restore_6km_rep030_2140_W_SK026_i4017	lunarc	restore_6km	rep030	2140	W	SK026	2	105.0	49.0	4.0	20	173	4017	F	0	106.367	49.0183	1.3671224853684516	R6	restore_6km	r6_2140__p1:i4017	r6_2140__p1:i4017	1655	0.068576	0.035285	0.10658	0.0118	0.772813	1e-05	0.004936
restore_6km_rep030_2140_W_SK026_i2264	lunarc	restore_6km	rep030	2140	W	SK026	2	105.0	49.0	4.0	20	173	2264	F	0	103.665	48.3262	1.4954034372034803	R6	restore_6km	r6_2140__p1:i2264	r6_2140__p1:i2264	1656	0.340722	1e-05	0.154801	0.140458	0.265781	0.098217	1e-05
restore_6km_rep030_2140_W_SK026_i19077	lunarc	restore_6km	rep030	2140	W	SK026	2	105.0	49.0	4.0	20	173	19077	M	0	107.129	51.825	3.537409504142832	R6	restore_6km	r6_2140__p1:i19077	r6_2140__p1:i19077	1657	1e-05	0.170018	0.110044	0.135613	0.350512	0.160103	0.0737
restore_6km_rep030_2140_W_SK026_i3981	lunarc	restore_6km	rep030	2140	W	SK026	2	105.0	49.0	4.0	20	173	3981	F	0	105.678	48.7793	0.7130164724604872	R6	restore_6km	r6_2140__p1:i3981	r6_2140__p1:i3981	1658	0.110368	1e-05	1e-05	0.260711	0.500678	0.001291	0.126932
restore_6km_rep030_2140_W_SK026_i6075	lunarc	restore_6km	rep030	2140	W	SK026	2	105.0	49.0	4.0	20	173	6075	F	0	104.871	47.5815	1.4243536253332618	R6	restore_6km	r6_2140__p1:i6075	r6_2140__p1:i6075	1659	1e-05	0.048307	0.273238	1e-05	0.487082	0.167753	0.023601
restore_6km_rep030_2140_W_SK026_i18227	lunarc	restore_6km	rep030	2140	W	SK026	2	105.0	49.0	4.0	20	173	18227	M	0	107.631	51.7091	3.776424739088547	R6	restore_6km	r6_2140__p1:i18227	r6_2140__p1:i18227	1660	0.074	1e-05	0.073834	0.134854	0.708939	0.008352	1e-05
restore_6km_rep030_2140_W_SK034_i2980	lunarc	restore_6km	rep030	2140	W	SK034	3	91.0	63.0	4.0	20	176	2980	F	0	91.0756	61.0408	1.960658052797583	R6	restore_6km	r6_2140__p1:i2980	r6_2140__p1:i2980	1661	0.144589	0.112828	0.059059	0.040285	0.284914	0.157172	0.201151
restore_6km_rep030_2140_W_SK034_i10369	lunarc	restore_6km	rep030	2140	W	SK034	3	91.0	63.0	4.0	20	176	10369	F	0	93.6846	60.7447	3.5062023971813163	R6	restore_6km	r6_2140__p1:i10369	r6_2140__p1:i10369	1662	0.084728	0.110289	0.141507	0.185187	0.292116	0.050017	0.136157
restore_6km_rep030_2140_W_SK034_i14599	lunarc	restore_6km	rep030	2140	W	SK034	3	91.0	63.0	4.0	20	176	14599	M	0	88.5477	62.5699	2.4897311702270133	R6	restore_6km	r6_2140__p1:i14599	r6_2140__p1:i14599	1663	1e-05	0.178336	0.039896	0.073564	0.497787	0.119482	0.090925
restore_6km_rep030_2140_W_SK034_i20882	lunarc	restore_6km	rep030	2140	W	SK034	3	91.0	63.0	4.0	20	176	20882	M	0	90.0744	65.5447	2.7078097145109803	R6	restore_6km	r6_2140__p1:i20882	r6_2140__p1:i20882	1664	0.150497	0.097616	0.070966	0.110509	0.528142	0.04226	1e-05
restore_6km_rep030_2140_W_SK034_i2685	lunarc	restore_6km	rep030	2140	W	SK034	3	91.0	63.0	4.0	20	176	2685	F	0	89.2922	60.4618	3.0592548242995443	R6	restore_6km	r6_2140__p1:i2685	r6_2140__p1:i2685	1665	0.01221	0.144961	0.061474	0.132143	0.268178	1e-05	0.381023
restore_6km_rep030_2140_W_SK034_i16294	lunarc	restore_6km	rep030	2140	W	SK034	3	91.0	63.0	4.0	20	176	16294	M	0	91.1198	65.0357	2.039222040386976	R6	restore_6km	r6_2140__p1:i16294	r6_2140__p1:i16294	1666	0.080138	1e-05	0.00871	0.041522	0.692043	0.070627	0.106951
restore_6km_rep030_2140_W_SK034_i14177	lunarc	restore_6km	rep030	2140	W	SK034	3	91.0	63.0	4.0	20	176	14177	M	0	89.2651	66.2057	3.645050136829388	R6	restore_6km	r6_2140__p1:i14177	r6_2140__p1:i14177	1667	0.057649	1e-05	0.009126	0.075754	0.658498	0.194546	0.004418
restore_6km_rep030_2140_W_SK034_i6915	lunarc	restore_6km	rep030	2140	W	SK034	3	91.0	63.0	4.0	20	176	6915	F	0	94.2005	64.0901	3.3810528330684284	R6	restore_6km	r6_2140__p1:i6915	r6_2140__p1:i6915	1668	1e-05	0.139162	0.093627	0.120351	0.232522	0.179699	0.234629
restore_6km_rep030_2140_W_SK034_i5207	lunarc	restore_6km	rep030	2140	W	SK034	3	91.0	63.0	4.0	20	176	5207	F	0	93.5154	64.0651	2.731606701192542	R6	restore_6km	r6_2140__p1:i5207	r6_2140__p1:i5207	1669	0.083327	0.038809	1e-05	0.28505	0.358362	0.060395	0.174046
restore_6km_rep030_2140_W_SK034_i11046	lunarc	restore_6km	rep030	2140	W	SK034	3	91.0	63.0	4.0	20	176	11046	F	0	89.7637	64.2602	1.7653729719240616	R6	restore_6km	r6_2140__p1:i11046	r6_2140__p1:i11046	1670	0.07228	0.103178	0.009957	0.038972	0.500066	0.045738	0.229809
restore_6km_rep030_2140_W_SK034_i23052	lunarc	restore_6km	rep030	2140	W	SK034	3	91.0	63.0	4.0	20	176	23052	M	0	87.1268	62.2788	3.939772541657701	R6	restore_6km	r6_2140__p1:i23052	r6_2140__p1:i23052	1671	0.106489	0.021024	0.199034	0.13618	0.360737	0.080661	0.095876
restore_6km_rep030_2140_W_SK034_i11589	lunarc	restore_6km	rep030	2140	W	SK034	3	91.0	63.0	4.0	20	176	11589	M	0	92.0449	61.4286	1.88709140478144	R6	restore_6km	r6_2140__p1:i11589	r6_2140__p1:i11589	1672	1e-05	1e-05	0.061706	1e-05	0.754053	0.057659	0.126552
restore_6km_rep030_2140_W_SK034_i14273	lunarc	restore_6km	rep030	2140	W	SK034	3	91.0	63.0	4.0	20	176	14273	M	0	93.1045	60.9855	2.9132680103279203	R6	restore_6km	r6_2140__p1:i14273	r6_2140__p1:i14273	1673	0.236092	0.127949	0.22543	0.074957	0.324074	0.011488	1e-05
restore_6km_rep030_2140_W_SK034_i11711	lunarc	restore_6km	rep030	2140	W	SK034	3	91.0	63.0	4.0	20	176	11711	M	0	93.2956	60.6068	3.3162004764489086	R6	restore_6km	r6_2140__p1:i11711	r6_2140__p1:i11711	1674	0.067865	0.05704	0.123822	0.108225	0.443778	1e-05	0.199259
restore_6km_rep030_2140_W_SK034_i5235	lunarc	restore_6km	rep030	2140	W	SK034	3	91.0	63.0	4.0	20	176	5235	F	0	94.109	63.8809	3.2313875982308224	R6	restore_6km	r6_2140__p1:i5235	r6_2140__p1:i5235	1675	1e-05	0.026239	0.189944	0.107895	0.423723	0.047509	0.20468
restore_6km_rep030_2140_W_SK034_i562	lunarc	restore_6km	rep030	2140	W	SK034	3	91.0	63.0	4.0	20	176	562	F	0	90.2224	63.3848	0.8676017519576648	R6	restore_6km	r6_2140__p1:i562	r6_2140__p1:i562	1676	0.151764	0.228248	0.194851	1e-05	0.425106	1e-05	1e-05
restore_6km_rep030_2140_W_SK034_i17114	lunarc	restore_6km	rep030	2140	W	SK034	3	91.0	63.0	4.0	20	176	17114	M	0	91.3459	59.657	3.3608474838945046	R6	restore_6km	r6_2140__p1:i17114	r6_2140__p1:i17114	1677	0.16543	0.160064	0.238338	0.005099	0.301761	1e-05	0.129298
restore_6km_rep030_2140_W_SK034_i1088	lunarc	restore_6km	rep030	2140	W	SK034	3	91.0	63.0	4.0	20	176	1088	F	0	90.1644	63.4574	0.9525975645570374	R6	restore_6km	r6_2140__p1:i1088	r6_2140__p1:i1088	1678	1e-05	1e-05	0.104653	0.116731	0.516668	0.020773	0.241155
restore_6km_rep030_2140_W_SK034_i14823	lunarc	restore_6km	rep030	2140	W	SK034	3	91.0	63.0	4.0	20	176	14823	M	0	87.6798	63.4111	3.345553952636244	R6	restore_6km	r6_2140__p1:i14823	r6_2140__p1:i14823	1679	1e-05	0.053629	0.110992	0.174285	0.514096	0.118314	0.028675
restore_6km_rep030_2140_W_SK034_i22808	lunarc	restore_6km	rep030	2140	W	SK034	3	91.0	63.0	4.0	20	176	22808	M	0	93.9865	63.8738	3.1117051097428954	R6	restore_6km	r6_2140__p1:i22808	r6_2140__p1:i22808	1680	0.149579	0.082237	1e-05	0.042086	0.607462	1e-05	0.118615
restore_6km_rep030_2140_E_SK037_i16902	lunarc	restore_6km	rep030	2140	E	SK037	1	133.0	63.0	4.0	20	200	16902	M	0	133.696	61.9396	1.2684100914136562	R6	restore_6km	r6_2140__p1:i16902	r6_2140__p1:i16902	1681	0.189699	0.069406	0.091254	0.040989	0.441249	0.11255	0.054853
restore_6km_rep030_2140_E_SK037_i4	lunarc	restore_6km	rep030	2140	E	SK037	1	133.0	63.0	4.0	20	200	4	F	0	134.045	65.9903	3.167636199123883	R6	restore_6km	r6_2140__p1:i4	r6_2140__p1:i4	1682	0.118777	0.055197	1e-05	0.128635	0.579104	0.081446	0.036832
restore_6km_rep030_2140_E_SK037_i12311	lunarc	restore_6km	rep030	2140	E	SK037	1	133.0	63.0	4.0	20	200	12311	M	0	130.646	63.4119	2.3897651788408134	R6	restore_6km	r6_2140__p1:i12311	r6_2140__p1:i12311	1683	0.10086	0.076653	0.00217	1e-05	0.820286	1e-05	1e-05
restore_6km_rep030_2140_E_SK037_i10074	lunarc	restore_6km	rep030	2140	E	SK037	1	133.0	63.0	4.0	20	200	10074	F	0	136.255	62.1548	3.362943359618173	R6	restore_6km	r6_2140__p1:i10074	r6_2140__p1:i10074	1684	1e-05	0.111767	0.046944	1e-05	0.76844	0.072818	1e-05
restore_6km_rep030_2140_E_SK037_i10318	lunarc	restore_6km	rep030	2140	E	SK037	1	133.0	63.0	4.0	20	200	10318	F	0	132.037	66.2038	3.345400340766408	R6	restore_6km	r6_2140__p1:i10318	r6_2140__p1:i10318	1685	0.074065	0.150543	0.071746	0.104888	0.415361	0.060667	0.122731
restore_6km_rep030_2140_E_SK037_i13617	lunarc	restore_6km	rep030	2140	E	SK037	1	133.0	63.0	4.0	20	200	13617	M	0	135.573	63.0868	2.5744636800700915	R6	restore_6km	r6_2140__p1:i13617	r6_2140__p1:i13617	1686	0.058273	0.017528	0.135324	0.016422	0.572892	0.19921	0.00035
restore_6km_rep030_2140_E_SK037_i7139	lunarc	restore_6km	rep030	2140	E	SK037	1	133.0	63.0	4.0	20	200	7139	F	0	135.266	63.8054	2.404875289905894	R6	restore_6km	r6_2140__p1:i7139	r6_2140__p1:i7139	1687	0.118845	1e-05	0.118193	0.080911	0.387597	0.18921	0.105234
restore_6km_rep030_2140_E_SK037_i6832	lunarc	restore_6km	rep030	2140	E	SK037	1	133.0	63.0	4.0	20	200	6832	F	0	130.531	63.5028	2.519676336357504	R6	restore_6km	r6_2140__p1:i6832	r6_2140__p1:i6832	1688	0.271196	0.183788	1e-05	0.030251	0.498194	0.016551	1e-05
restore_6km_rep030_2140_E_SK037_i6986	lunarc	restore_6km	rep030	2140	E	SK037	1	133.0	63.0	4.0	20	200	6986	F	0	132.783	64.9528	1.964819798353017	R6	restore_6km	r6_2140__p1:i6986	r6_2140__p1:i6986	1689	0.058231	0.188758	1e-05	0.046271	0.44224	1e-05	0.26448
restore_6km_rep030_2140_E_SK037_i1741	lunarc	restore_6km	rep030	2140	E	SK037	1	133.0	63.0	4.0	20	200	1741	F	0	133.817	61.2702	1.9130334654678685	R6	restore_6km	r6_2140__p1:i1741	r6_2140__p1:i1741	1690	0.035348	1e-05	0.180311	1e-05	0.770714	0.013597	1e-05
restore_6km_rep030_2140_E_SK037_i16807	lunarc	restore_6km	rep030	2140	E	SK037	1	133.0	63.0	4.0	20	200	16807	M	0	133.841	60.594	2.548748124079743	R6	restore_6km	r6_2140__p1:i16807	r6_2140__p1:i16807	1691	0.057723	1e-05	0.047983	0.212367	0.479887	0.073847	0.128185
restore_6km_rep030_2140_E_SK037_i22638	lunarc	restore_6km	rep030	2140	E	SK037	1	133.0	63.0	4.0	20	200	22638	M	0	133.312	60.8665	2.1561925354661624	R6	restore_6km	r6_2140__p1:i22638	r6_2140__p1:i22638	1692	0.063832	0.130287	1e-05	0.094354	0.71128	1e-05	0.000227
restore_6km_rep030_2140_E_SK037_i15886	lunarc	restore_6km	rep030	2140	E	SK037	1	133.0	63.0	4.0	20	200	15886	M	0	136.946	62.837	3.949365138854596	R6	restore_6km	r6_2140__p1:i15886	r6_2140__p1:i15886	1693	1e-05	0.073455	0.093452	0.060382	0.41676	0.243798	0.112144
restore_6km_rep030_2140_E_SK037_i18134	lunarc	restore_6km	rep030	2140	E	SK037	1	133.0	63.0	4.0	20	200	18134	M	0	133.626	59.5966	3.460492386929928	R6	restore_6km	r6_2140__p1:i18134	r6_2140__p1:i18134	1694	0.063941	1e-05	1e-05	0.041855	0.76795	1e-05	0.126224
restore_6km_rep030_2140_E_SK037_i12325	lunarc	restore_6km	rep030	2140	E	SK037	1	133.0	63.0	4.0	20	200	12325	M	0	134.418	66.4353	3.716451276419483	R6	restore_6km	r6_2140__p1:i12325	r6_2140__p1:i12325	1695	1e-05	1e-05	1e-05	0.220478	0.708902	0.070579	1e-05
restore_6km_rep030_2140_E_SK037_i21430	lunarc	restore_6km	rep030	2140	E	SK037	1	133.0	63.0	4.0	20	200	21430	M	0	133.19	59.3487	3.656240102892587	R6	restore_6km	r6_2140__p1:i21430	r6_2140__p1:i21430	1696	0.249618	1e-05	1e-05	0.14112	0.430611	0.178621	1e-05
restore_6km_rep030_2140_E_SK037_i20210	lunarc	restore_6km	rep030	2140	E	SK037	1	133.0	63.0	4.0	20	200	20210	M	0	130.214	65.1746	3.5342157772269647	R6	restore_6km	r6_2140__p1:i20210	r6_2140__p1:i20210	1697	0.090785	0.199354	0.093547	0.079631	0.392425	0.083216	0.061043
restore_6km_rep030_2140_E_SK037_i13160	lunarc	restore_6km	rep030	2140	E	SK037	1	133.0	63.0	4.0	20	200	13160	M	0	132.965	59.4524	3.547772647732661	R6	restore_6km	r6_2140__p1:i13160	r6_2140__p1:i13160	1698	0.130092	0.156439	0.077178	0.092917	0.250609	0.081549	0.211216
restore_6km_rep030_2140_E_SK037_i14799	lunarc	restore_6km	rep030	2140	E	SK037	1	133.0	63.0	4.0	20	200	14799	M	0	130.649	65.765	3.629383694237907	R6	restore_6km	r6_2140__p1:i14799	r6_2140__p1:i14799	1699	0.323685	0.078631	0.111871	0.082463	0.358249	1e-05	0.045091
restore_6km_rep030_2140_E_SK037_i13519	lunarc	restore_6km	rep030	2140	E	SK037	1	133.0	63.0	4.0	20	200	13519	M	0	131.694	63.2595	1.3315315429985246	R6	restore_6km	r6_2140__p1:i13519	r6_2140__p1:i13519	1700	0.08176	0.110985	0.01191	0.048638	0.746686	1e-05	1e-05
restore_6km_rep030_2140_E_SK045_i4431	lunarc	restore_6km	rep030	2140	E	SK045	2	119.0	77.0	4.0	20	251	4431	F	0	116.212	78.4794	3.156195234772396	R6	restore_6km	r6_2140__p1:i4431	r6_2140__p1:i4431	1701	0.029554	1e-05	0.079066	1e-05	0.757371	0.010701	0.123288
restore_6km_rep030_2140_E_SK045_i10777	lunarc	restore_6km	rep030	2140	E	SK045	2	119.0	77.0	4.0	20	251	10777	F	0	115.955	75.6133	3.3458873098178343	R6	restore_6km	r6_2140__p1:i10777	r6_2140__p1:i10777	1702	0.071606	1e-05	1.4e-05	0.103305	0.632757	0.192299	1e-05
restore_6km_rep030_2140_E_SK045_i4233	lunarc	restore_6km	rep030	2140	E	SK045	2	119.0	77.0	4.0	20	251	4233	F	0	118.037	76.0093	1.3816133648745572	R6	restore_6km	r6_2140__p1:i4233	r6_2140__p1:i4233	1703	0.02842	1e-05	0.170533	0.025627	0.618588	1e-05	0.156812
restore_6km_rep030_2140_E_SK045_i17001	lunarc	restore_6km	rep030	2140	E	SK045	2	119.0	77.0	4.0	20	251	17001	M	0	118.409	73.3621	3.685593223620861	R6	restore_6km	r6_2140__p1:i17001	r6_2140__p1:i17001	1704	0.164451	0.019522	0.009315	0.129941	0.499131	1e-05	0.17763
restore_6km_rep030_2140_E_SK045_i5329	lunarc	restore_6km	rep030	2140	E	SK045	2	119.0	77.0	4.0	20	251	5329	F	0	117.298	74.8663	2.7293734977096875	R6	restore_6km	r6_2140__p1:i5329	r6_2140__p1:i5329	1705	0.135338	0.155234	0.116521	0.08877	0.479641	0.024487	1e-05
restore_6km_rep030_2140_E_SK045_i1535	lunarc	restore_6km	rep030	2140	E	SK045	2	119.0	77.0	4.0	20	251	1535	F	0	120.789	74.0645	3.4376854495430544	R6	restore_6km	r6_2140__p1:i1535	r6_2140__p1:i1535	1706	0.102169	0.027973	1e-05	0.215547	0.65428	1e-05	1e-05
restore_6km_rep030_2140_E_SK045_i14236	lunarc	restore_6km	rep030	2140	E	SK045	2	119.0	77.0	4.0	20	251	14236	M	0	117.454	79.7899	3.189617219981112	R6	restore_6km	r6_2140__p1:i14236	r6_2140__p1:i14236	1707	0.175469	0.220048	0.144006	1e-05	0.325218	0.135238	1e-05
restore_6km_rep030_2140_E_SK045_i2608	lunarc	restore_6km	rep030	2140	E	SK045	2	119.0	77.0	4.0	20	251	2608	F	0	120.647	74.0148	3.40940288613711	R6	restore_6km	r6_2140__p1:i2608	r6_2140__p1:i2608	1708	0.157573	0.009125	0.029971	0.160257	0.41806	0.077568	0.147446
restore_6km_rep030_2140_E_SK045_i14452	lunarc	restore_6km	rep030	2140	E	SK045	2	119.0	77.0	4.0	20	251	14452	M	0	117.984	76.6627	1.0705266414246823	R6	restore_6km	r6_2140__p1:i14452	r6_2140__p1:i14452	1709	0.004714	0.193178	0.006078	0.186408	0.609602	1e-05	1e-05
restore_6km_rep030_2140_E_SK045_i12020	lunarc	restore_6km	rep030	2140	E	SK045	2	119.0	77.0	4.0	20	251	12020	M	0	115.786	75.8489	3.413916696406049	R6	restore_6km	r6_2140__p1:i12020	r6_2140__p1:i12020	1710	0.080342	0.19145	0.042657	0.123506	0.254792	0.022939	0.284313
restore_6km_rep030_2140_E_SK045_i22384	lunarc	restore_6km	rep030	2140	E	SK045	2	119.0	77.0	4.0	20	251	22384	M	0	116.59	73.9982	3.849532859971454	R6	restore_6km	r6_2140__p1:i22384	r6_2140__p1:i22384	1711	1e-05	0.038823	1e-05	0.158956	0.693723	1e-05	0.108468
restore_6km_rep030_2140_E_SK045_i8210	lunarc	restore_6km	rep030	2140	E	SK045	2	119.0	77.0	4.0	20	251	8210	F	0	118.7	73.6896	3.3239657278618275	R6	restore_6km	r6_2140__p1:i8210	r6_2140__p1:i8210	1712	1e-05	0.134065	0.20291	0.116878	0.41961	0.10839	0.018138
restore_6km_rep030_2140_E_SK045_i13782	lunarc	restore_6km	rep030	2140	E	SK045	2	119.0	77.0	4.0	20	251	13782	M	0	120.244	77.885	1.526683005734985	R6	restore_6km	r6_2140__p1:i13782	r6_2140__p1:i13782	1713	1e-05	0.170958	0.017914	0.06662	0.361062	0.100252	0.283184
restore_6km_rep030_2140_E_SK045_i18787	lunarc	restore_6km	rep030	2140	E	SK045	2	119.0	77.0	4.0	20	251	18787	M	0	116.624	74.173	3.6928721884192	R6	restore_6km	r6_2140__p1:i18787	r6_2140__p1:i18787	1714	1e-05	0.01919	0.195706	1e-05	0.592159	0.101443	0.091483
restore_6km_rep030_2140_E_SK045_i15324	lunarc	restore_6km	rep030	2140	E	SK045	2	119.0	77.0	4.0	20	251	15324	M	0	119.748	74.3502	2.7533514196338977	R6	restore_6km	r6_2140__p1:i15324	r6_2140__p1:i15324	1715	1e-05	0.043817	0.094137	0.158795	0.393533	1e-05	0.309698
restore_6km_rep030_2140_E_SK045_i5045	lunarc	restore_6km	rep030	2140	E	SK045	2	119.0	77.0	4.0	20	251	5045	F	0	119.255	74.9529	2.0629210867117527	R6	restore_6km	r6_2140__p1:i5045	r6_2140__p1:i5045	1716	0.013827	1e-05	0.100127	0.177031	0.643914	0.02197	0.043121
restore_6km_rep030_2140_E_SK045_i11661	lunarc	restore_6km	rep030	2140	E	SK045	2	119.0	77.0	4.0	20	251	11661	M	0	121.262	73.8377	3.88803102996877	R6	restore_6km	r6_2140__p1:i11661	r6_2140__p1:i11661	1717	0.04418	0.159712	1e-05	1e-05	0.577813	0.100289	0.117986
restore_6km_rep030_2140_E_SK045_i12613	lunarc	restore_6km	rep030	2140	E	SK045	2	119.0	77.0	4.0	20	251	12613	M	0	120.877	79.1598	2.861444572239693	R6	restore_6km	r6_2140__p1:i12613	r6_2140__p1:i12613	1718	0.026456	0.162552	0.248752	1e-05	0.442718	0.011763	0.107748
restore_6km_rep030_2140_E_SK045_i10495	lunarc	restore_6km	rep030	2140	E	SK045	2	119.0	77.0	4.0	20	251	10495	F	0	119.433	73.9463	3.0842458867606592	R6	restore_6km	r6_2140__p1:i10495	r6_2140__p1:i10495	1719	0.100254	0.112352	0.00286	0.080114	0.389004	0.145259	0.170157
restore_6km_rep030_2140_E_SK045_i14544	lunarc	restore_6km	rep030	2140	E	SK045	2	119.0	77.0	4.0	20	251	14544	M	0	119.922	73.7315	3.3960530399273825	R6	restore_6km	r6_2140__p1:i14544	r6_2140__p1:i14544	1720	1e-05	1e-05	0.072059	1e-05	0.886608	1e-05	0.041293
restore_6km_rep030_2140_E_SK046_i686	lunarc	restore_6km	rep030	2140	E	SK046	3	133.0	77.0	4.0	20	164	686	F	0	132.938	73.6708	3.3297772658242475	R6	restore_6km	r6_2140__p1:i686	r6_2140__p1:i686	1721	0.068789	1e-05	0.18075	1e-05	0.479078	0.143522	0.127841
restore_6km_rep030_2140_E_SK046_i7661	lunarc	restore_6km	rep030	2140	E	SK046	3	133.0	77.0	4.0	20	164	7661	F	0	134.034	79.9697	3.1445626230049863	R6	restore_6km	r6_2140__p1:i7661	r6_2140__p1:i7661	1722	1e-05	0.112107	0.092761	0.155586	0.46126	0.105765	0.072512
restore_6km_rep030_2140_E_SK046_i19631	lunarc	restore_6km	rep030	2140	E	SK046	3	133.0	77.0	4.0	20	164	19631	M	0	129.971	76.5569	3.0612380845011025	R6	restore_6km	r6_2140__p1:i19631	r6_2140__p1:i19631	1723	0.093807	0.053652	0.099894	0.156174	0.388819	0.207645	1e-05
restore_6km_rep030_2140_E_SK046_i8711	lunarc	restore_6km	rep030	2140	E	SK046	3	133.0	77.0	4.0	20	164	8711	F	0	132.011	77.0099	0.989049548809365	R6	restore_6km	r6_2140__p1:i8711	r6_2140__p1:i8711	1724	1e-05	0.111191	1e-05	0.068641	0.610655	1e-05	0.209483
restore_6km_rep030_2140_E_SK046_i21852	lunarc	restore_6km	rep030	2140	E	SK046	3	133.0	77.0	4.0	20	164	21852	M	0	133.98	78.9902	2.218399432023004	R6	restore_6km	r6_2140__p1:i21852	r6_2140__p1:i21852	1725	0.007687	0.189636	0.034079	0.050981	0.582286	1e-05	0.13532
restore_6km_rep030_2140_E_SK046_i20833	lunarc	restore_6km	rep030	2140	E	SK046	3	133.0	77.0	4.0	20	164	20833	M	0	132.97	78.2778	1.278152119272193	R6	restore_6km	r6_2140__p1:i20833	r6_2140__p1:i20833	1726	1e-05	0.187648	1e-05	0.132909	0.475795	0.167748	0.03588
restore_6km_rep030_2140_E_SK046_i1341	lunarc	restore_6km	rep030	2140	E	SK046	3	133.0	77.0	4.0	20	164	1341	F	0	134.241	73.552	3.664530665719689	R6	restore_6km	r6_2140__p1:i1341	r6_2140__p1:i1341	1727	0.121779	1e-05	0.106519	0.0983	0.400803	0.27258	1e-05
restore_6km_rep030_2140_E_SK046_i2291	lunarc	restore_6km	rep030	2140	E	SK046	3	133.0	77.0	4.0	20	164	2291	F	0	135.238	74.6377	3.2540905472958217	R6	restore_6km	r6_2140__p1:i2291	r6_2140__p1:i2291	1728	1e-05	0.049571	1e-05	0.049575	0.659032	0.169004	0.072797
restore_6km_rep030_2140_E_SK046_i8988	lunarc	restore_6km	rep030	2140	E	SK046	3	133.0	77.0	4.0	20	164	8988	F	0	132.909	76.5071	0.5012298973525096	R6	restore_6km	r6_2140__p1:i8988	r6_2140__p1:i8988	1729	0.299052	1e-05	0.021887	1e-05	0.529101	1e-05	0.149931
restore_6km_rep030_2140_E_SK046_i19298	lunarc	restore_6km	rep030	2140	E	SK046	3	133.0	77.0	4.0	20	164	19298	M	0	129.831	77.1944	3.174957064276629	R6	restore_6km	r6_2140__p1:i19298	r6_2140__p1:i19298	1730	1e-05	0.091044	1e-05	0.019394	0.661012	1e-05	0.22852
restore_6km_rep030_2140_E_SK046_i14314	lunarc	restore_6km	rep030	2140	E	SK046	3	133.0	77.0	4.0	20	164	14314	M	0	135.085	78.533	2.587916922932426	R6	restore_6km	r6_2140__p1:i14314	r6_2140__p1:i14314	1731	1e-05	0.006182	0.048517	0.250615	0.451842	0.242825	1e-05
restore_6km_rep030_2140_E_SK046_i22408	lunarc	restore_6km	rep030	2140	E	SK046	3	133.0	77.0	4.0	20	164	22408	M	0	136.642	77.7448	3.7173769031401656	R6	restore_6km	r6_2140__p1:i22408	r6_2140__p1:i22408	1732	0.177064	0.032297	0.008313	1e-05	0.417837	0.191322	0.173158
restore_6km_rep030_2140_E_SK046_i1531	lunarc	restore_6km	rep030	2140	E	SK046	3	133.0	77.0	4.0	20	164	1531	F	0	129.962	75.029	3.621365074112258	R6	restore_6km	r6_2140__p1:i1531	r6_2140__p1:i1531	1733	0.348288	0.076997	0.046294	0.167155	0.312057	0.049199	1e-05
restore_6km_rep030_2140_E_SK046_i5011	lunarc	restore_6km	rep030	2140	E	SK046	3	133.0	77.0	4.0	20	164	5011	F	0	135.408	74.9362	3.1713931386694934	R6	restore_6km	r6_2140__p1:i5011	r6_2140__p1:i5011	1734	1e-05	0.081915	0.000553	0.209802	0.526861	1e-05	0.180849
restore_6km_rep030_2140_E_SK046_i7906	lunarc	restore_6km	rep030	2140	E	SK046	3	133.0	77.0	4.0	20	164	7906	F	0	131.504	80.3333	3.653615317736665	R6	restore_6km	r6_2140__p1:i7906	r6_2140__p1:i7906	1735	0.062249	0.225206	1e-05	0.048377	0.5896	1e-05	0.074549
restore_6km_rep030_2140_E_SK046_i819	lunarc	restore_6km	rep030	2140	E	SK046	3	133.0	77.0	4.0	20	164	819	F	0	130.343	75.4137	3.0945107351566965	R6	restore_6km	r6_2140__p1:i819	r6_2140__p1:i819	1736	0.20434	0.00851	1e-05	0.134409	0.481399	1e-05	0.171321
restore_6km_rep030_2140_E_SK046_i10416	lunarc	restore_6km	rep030	2140	E	SK046	3	133.0	77.0	4.0	20	164	10416	F	0	135.556	78.5611	2.995024075028454	R6	restore_6km	r6_2140__p1:i10416	r6_2140__p1:i10416	1737	0.123677	0.097875	1e-05	1e-05	0.558368	1e-05	0.22005
restore_6km_rep030_2140_E_SK046_i4587	lunarc	restore_6km	rep030	2140	E	SK046	3	133.0	77.0	4.0	20	164	4587	F	0	133.475	76.7761	0.5251249470364122	R6	restore_6km	r6_2140__p1:i4587	r6_2140__p1:i4587	1738	0.196605	0.014946	0.036904	0.068886	0.490234	0.13549	0.056935
restore_6km_rep030_2140_E_SK046_i12123	lunarc	restore_6km	rep030	2140	E	SK046	3	133.0	77.0	4.0	20	164	12123	M	0	131.112	74.268	3.320898673552088	R6	restore_6km	r6_2140__p1:i12123	r6_2140__p1:i12123	1739	0.05225	0.067321	1e-05	0.212832	0.484959	0.168818	0.01381
restore_6km_rep030_2140_E_SK046_i14185	lunarc	restore_6km	rep030	2140	E	SK046	3	133.0	77.0	4.0	20	164	14185	M	0	132.743	74.1533	2.858277434050095	R6	restore_6km	r6_2140__p1:i14185	r6_2140__p1:i14185	1740	0.037458	0.008005	0.067862	1e-05	0.778041	0.108613	1e-05
restore_6km_rep030_2140_SE_SK008_i5559	lunarc	restore_6km	rep030	2140	SE	SK008	1	133.0	21.0	4.0	20	29	5559	F	0	133.927	23.0294	2.2310968961477182	R6	restore_6km	r6_2140__p1:i5559	r6_2140__p1:i5559	1741	1e-05	0.03215	0.250104	1e-05	0.656348	0.061368	1e-05
restore_6km_rep030_2140_SE_SK008_i6818	lunarc	restore_6km	rep030	2140	SE	SK008	1	133.0	21.0	4.0	20	29	6818	F	0	133.72	24.6683	3.738291707451412	R6	restore_6km	r6_2140__p1:i6818	r6_2140__p1:i6818	1742	1e-05	0.13219	0.052453	0.073848	0.652933	0.04458	0.043985
restore_6km_rep030_2140_SE_SK008_i19389	lunarc	restore_6km	rep030	2140	SE	SK008	1	133.0	21.0	4.0	20	29	19389	M	0	129.848	23.3951	3.958738184068241	R6	restore_6km	r6_2140__p1:i19389	r6_2140__p1:i19389	1743	0.192878	0.058803	0.041443	0.026887	0.632448	0.003974	0.043567
restore_6km_rep030_2140_SE_SK008_i8539	lunarc	restore_6km	rep030	2140	SE	SK008	1	133.0	21.0	4.0	20	29	8539	F	0	133.036	23.5739	2.574151745721295	R6	restore_6km	r6_2140__p1:i8539	r6_2140__p1:i8539	1744	0.197444	1e-05	0.076104	0.061423	0.611308	0.053701	1e-05
restore_6km_rep030_2140_SE_SK008_i2620	lunarc	restore_6km	rep030	2140	SE	SK008	1	133.0	21.0	4.0	20	29	2620	F	0	130.049	22.6235	3.368108259839633	R6	restore_6km	r6_2140__p1:i2620	r6_2140__p1:i2620	1745	0.010454	0.061091	0.099479	0.106727	0.669767	0.007842	0.044639
restore_6km_rep030_2140_SE_SK008_i6904	lunarc	restore_6km	rep030	2140	SE	SK008	1	133.0	21.0	4.0	20	29	6904	F	0	131.347	23.1841	2.7391060238698275	R6	restore_6km	r6_2140__p1:i6904	r6_2140__p1:i6904	1746	0.041433	0.097484	0.008857	0.128195	0.596003	0.128019	1e-05
restore_6km_rep030_2140_SE_SK008_i18356	lunarc	restore_6km	rep030	2140	SE	SK008	1	133.0	21.0	4.0	20	29	18356	M	0	135.946	22.3104	3.2242928154868307	R6	restore_6km	r6_2140__p1:i18356	r6_2140__p1:i18356	1747	1e-05	1e-05	1e-05	0.051422	0.674749	0.273789	1e-05
restore_6km_rep030_2140_SE_SK008_i17128	lunarc	restore_6km	rep030	2140	SE	SK008	1	133.0	21.0	4.0	20	29	17128	M	0	134.556	24.5335	3.860927123114348	R6	restore_6km	r6_2140__p1:i17128	r6_2140__p1:i17128	1748	1e-05	0.139108	0.090685	1e-05	0.695391	0.074786	1e-05
restore_6km_rep030_2140_SE_SK008_i21233	lunarc	restore_6km	rep030	2140	SE	SK008	1	133.0	21.0	4.0	20	29	21233	M	0	132.256	24.8577	3.928789290608496	R6	restore_6km	r6_2140__p1:i21233	r6_2140__p1:i21233	1749	0.031655	0.058969	1e-05	0.206405	0.626981	1e-05	0.07597
restore_6km_rep030_2140_SE_SK008_i17601	lunarc	restore_6km	rep030	2140	SE	SK008	1	133.0	21.0	4.0	20	29	17601	M	0	135.976	23.5032	3.8887769594051034	R6	restore_6km	r6_2140__p1:i17601	r6_2140__p1:i17601	1750	1e-05	0.084975	0.053972	0.113479	0.714002	0.033552	1e-05
restore_6km_rep030_2140_SE_SK008_i20840	lunarc	restore_6km	rep030	2140	SE	SK008	1	133.0	21.0	4.0	20	29	20840	M	0	134.911	23.8631	3.442275789357965	R6	restore_6km	r6_2140__p1:i20840	r6_2140__p1:i20840	1751	0.08514	0.064289	0.219205	1e-05	0.416321	0.139755	0.07528
restore_6km_rep030_2140_SE_SK008_i2466	lunarc	restore_6km	rep030	2140	SE	SK008	1	133.0	21.0	4.0	20	29	2466	F	0	131.983	23.5349	2.7313013400209054	R6	restore_6km	r6_2140__p1:i2466	r6_2140__p1:i2466	1752	0.094857	0.025056	0.027021	0.016352	0.595823	0.084278	0.156613
restore_6km_rep030_2140_SE_SK008_i10860	lunarc	restore_6km	rep030	2140	SE	SK008	1	133.0	21.0	4.0	20	29	10860	F	0	131.787	23.9738	3.211674865237761	R6	restore_6km	r6_2140__p1:i10860	r6_2140__p1:i10860	1753	1e-05	1e-05	0.020219	0.06116	0.809165	0.053681	0.055754
restore_6km_rep030_2140_SE_SK008_i13573	lunarc	restore_6km	rep030	2140	SE	SK008	1	133.0	21.0	4.0	20	29	13573	M	0	133.058	23.2783	2.279038150185294	R6	restore_6km	r6_2140__p1:i13573	r6_2140__p1:i13573	1754	1e-05	1e-05	0.090624	1e-05	0.791667	0.112995	0.004684
restore_6km_rep030_2140_SE_SK008_i4245	lunarc	restore_6km	rep030	2140	SE	SK008	1	133.0	21.0	4.0	20	29	4245	F	0	134.619	23.7834	3.2200118881768125	R6	restore_6km	r6_2140__p1:i4245	r6_2140__p1:i4245	1755	1e-05	0.07889	1e-05	0.092987	0.679699	0.148393	1e-05
restore_6km_rep030_2140_SE_SK008_i16022	lunarc	restore_6km	rep030	2140	SE	SK008	1	133.0	21.0	4.0	20	29	16022	M	0	134.253	23.718	2.9929137976226388	R6	restore_6km	r6_2140__p1:i16022	r6_2140__p1:i16022	1756	1e-05	0.23288	0.068019	0.044351	0.595408	0.059322	1e-05
restore_6km_rep030_2140_SE_SK008_i8612	lunarc	restore_6km	rep030	2140	SE	SK008	1	133.0	21.0	4.0	20	29	8612	F	0	130.549	22.7313	3.000800008331107	R6	restore_6km	r6_2140__p1:i8612	r6_2140__p1:i8612	1757	0.126139	0.02492	0.170833	1e-05	0.534026	0.144063	1e-05
restore_6km_rep030_2140_SE_SK008_i17666	lunarc	restore_6km	rep030	2140	SE	SK008	1	133.0	21.0	4.0	20	29	17666	M	0	133.481	23.9778	3.016397493700057	R6	restore_6km	r6_2140__p1:i17666	r6_2140__p1:i17666	1758	0.005253	0.108045	0.133607	0.151484	0.497983	0.081494	0.022135
restore_6km_rep030_2140_SE_SK008_i20863	lunarc	restore_6km	rep030	2140	SE	SK008	1	133.0	21.0	4.0	20	29	20863	M	0	130.957	24.0916	3.7056496812300033	R6	restore_6km	r6_2140__p1:i20863	r6_2140__p1:i20863	1759	0.073594	1e-05	0.050994	0.152854	0.685976	1e-05	0.036562
restore_6km_rep030_2140_SE_SK008_i17032	lunarc	restore_6km	rep030	2140	SE	SK008	1	133.0	21.0	4.0	20	29	17032	M	0	132.407	24.1128	3.1687809706573264	R6	restore_6km	r6_2140__p1:i17032	r6_2140__p1:i17032	1760	1e-05	1e-05	1e-05	0.066151	0.908606	0.025203	1e-05
restore_6km_rep030_2140_SE_SK018_i9819	lunarc	restore_6km	rep030	2140	SE	SK018	2	133.0	35.0	4.0	20	226	9819	F	0	132.559	36.4717	1.536353439153894	R6	restore_6km	r6_2140__p1:i9819	r6_2140__p1:i9819	1761	0.094708	0.172003	1e-05	1e-05	0.669882	0.063377	1e-05
restore_6km_rep030_2140_SE_SK018_i3353	lunarc	restore_6km	rep030	2140	SE	SK018	2	133.0	35.0	4.0	20	226	3353	F	0	132.806	32.7108	2.297405632447174	R6	restore_6km	r6_2140__p1:i3353	r6_2140__p1:i3353	1762	1e-05	0.117406	0.017964	1e-05	0.783022	0.057918	0.023669
restore_6km_rep030_2140_SE_SK018_i4283	lunarc	restore_6km	rep030	2140	SE	SK018	2	133.0	35.0	4.0	20	226	4283	F	0	133.951	34.2363	1.2196879477964793	R6	restore_6km	r6_2140__p1:i4283	r6_2140__p1:i4283	1763	0.000871	0.044898	0.227608	1e-05	0.726592	1e-05	1e-05
restore_6km_rep030_2140_SE_SK018_i1862	lunarc	restore_6km	rep030	2140	SE	SK018	2	133.0	35.0	4.0	20	226	1862	F	0	129.826	36.0611	3.346671362712516	R6	restore_6km	r6_2140__p1:i1862	r6_2140__p1:i1862	1764	0.215219	0.084879	0.103515	0.019575	0.452446	0.124357	1e-05
restore_6km_rep030_2140_SE_SK018_i12171	lunarc	restore_6km	rep030	2140	SE	SK018	2	133.0	35.0	4.0	20	226	12171	M	0	131.465	33.011	2.5124382579478404	R6	restore_6km	r6_2140__p1:i12171	r6_2140__p1:i12171	1765	0.071388	0.228193	1e-05	0.021281	0.493179	0.089912	0.096036
restore_6km_rep030_2140_SE_SK018_i2047	lunarc	restore_6km	rep030	2140	SE	SK018	2	133.0	35.0	4.0	20	226	2047	F	0	129.761	33.206	3.7026418946476607	R6	restore_6km	r6_2140__p1:i2047	r6_2140__p1:i2047	1766	0.086018	0.037936	0.109133	0.04304	0.547247	0.000989	0.175636
restore_6km_rep030_2140_SE_SK018_i7171	lunarc	restore_6km	rep030	2140	SE	SK018	2	133.0	35.0	4.0	20	226	7171	F	0	133.247	34.405	0.6442313249136568	R6	restore_6km	r6_2140__p1:i7171	r6_2140__p1:i7171	1767	1e-05	1e-05	1e-05	1e-05	0.99994	1e-05	1e-05
restore_6km_rep030_2140_SE_SK018_i17406	lunarc	restore_6km	rep030	2140	SE	SK018	2	133.0	35.0	4.0	20	226	17406	M	0	130.013	32.6598	3.79456256240426	R6	restore_6km	r6_2140__p1:i17406	r6_2140__p1:i17406	1768	0.212401	0.060855	0.01605	1e-05	0.650412	0.060262	1e-05
restore_6km_rep030_2140_SE_SK018_i7838	lunarc	restore_6km	rep030	2140	SE	SK018	2	133.0	35.0	4.0	20	226	7838	F	0	130.004	36.1651	3.2145721348260428	R6	restore_6km	r6_2140__p1:i7838	r6_2140__p1:i7838	1769	0.104838	0.021515	0.122713	0.171511	0.307246	0.075493	0.196684
restore_6km_rep030_2140_SE_SK018_i7518	lunarc	restore_6km	rep030	2140	SE	SK018	2	133.0	35.0	4.0	20	226	7518	F	0	130.58	37.4448	3.439977767370008	R6	restore_6km	r6_2140__p1:i7518	r6_2140__p1:i7518	1770	0.135932	0.042184	0.045735	0.169433	0.547736	0.012722	0.046258
restore_6km_rep030_2140_SE_SK018_i8681	lunarc	restore_6km	rep030	2140	SE	SK018	2	133.0	35.0	4.0	20	226	8681	F	0	131.054	35.955	2.1677040849710068	R6	restore_6km	r6_2140__p1:i8681	r6_2140__p1:i8681	1771	0.105296	0.08038	1e-05	0.090968	0.39957	0.142111	0.181665
restore_6km_rep030_2140_SE_SK018_i9002	lunarc	restore_6km	rep030	2140	SE	SK018	2	133.0	35.0	4.0	20	226	9002	F	0	132.323	32.7526	2.347154822332772	R6	restore_6km	r6_2140__p1:i9002	r6_2140__p1:i9002	1772	1e-05	0.114281	0.232519	1e-05	0.653159	1e-05	1e-05
restore_6km_rep030_2140_SE_SK018_i1111	lunarc	restore_6km	rep030	2140	SE	SK018	2	133.0	35.0	4.0	20	226	1111	F	0	134.89	36.1996	2.2385576070318005	R6	restore_6km	r6_2140__p1:i1111	r6_2140__p1:i1111	1773	0.071021	1e-05	0.019179	1e-05	0.643752	0.092557	0.173472
restore_6km_rep030_2140_SE_SK018_i21628	lunarc	restore_6km	rep030	2140	SE	SK018	2	133.0	35.0	4.0	20	226	21628	M	0	132.953	35.531	0.5330759795751432	R6	restore_6km	r6_2140__p1:i21628	r6_2140__p1:i21628	1774	0.028975	0.072329	0.261651	1e-05	0.587961	0.046566	0.002509
restore_6km_rep030_2140_SE_SK018_i12764	lunarc	restore_6km	rep030	2140	SE	SK018	2	133.0	35.0	4.0	20	226	12764	M	0	132.999	31.0792	3.9208001275249926	R6	restore_6km	r6_2140__p1:i12764	r6_2140__p1:i12764	1775	1e-05	0.242756	1e-05	0.003759	0.666265	0.07954	0.007661
restore_6km_rep030_2140_SE_SK018_i5652	lunarc	restore_6km	rep030	2140	SE	SK018	2	133.0	35.0	4.0	20	226	5652	F	0	130.258	36.1808	2.9854401082587376	R6	restore_6km	r6_2140__p1:i5652	r6_2140__p1:i5652	1776	1e-05	1e-05	0.062486	0.140192	0.718109	0.079183	1e-05
restore_6km_rep030_2140_SE_SK018_i12663	lunarc	restore_6km	rep030	2140	SE	SK018	2	133.0	35.0	4.0	20	226	12663	M	0	132.43	36.9247	2.007329093596762	R6	restore_6km	r6_2140__p1:i12663	r6_2140__p1:i12663	1777	0.004932	0.19503	0.011198	0.037385	0.60507	0.146376	1e-05
restore_6km_rep030_2140_SE_SK018_i21179	lunarc	restore_6km	rep030	2140	SE	SK018	2	133.0	35.0	4.0	20	226	21179	M	0	135.938	32.3797	3.936726570388136	R6	restore_6km	r6_2140__p1:i21179	r6_2140__p1:i21179	1778	0.083246	1e-05	0.113648	0.074864	0.728212	1e-05	1e-05
restore_6km_rep030_2140_SE_SK018_i5061	lunarc	restore_6km	rep030	2140	SE	SK018	2	133.0	35.0	4.0	20	226	5061	F	0	130.668	36.4798	2.761889215736207	R6	restore_6km	r6_2140__p1:i5061	r6_2140__p1:i5061	1779	0.005221	0.299151	0.051591	0.162701	0.280637	0.136122	0.064577
restore_6km_rep030_2140_SE_SK018_i16987	lunarc	restore_6km	rep030	2140	SE	SK018	2	133.0	35.0	4.0	20	226	16987	M	0	129.31	35.4328	3.71529485236367	R6	restore_6km	r6_2140__p1:i16987	r6_2140__p1:i16987	1780	0.140692	1e-05	0.246014	1e-05	0.613254	1e-05	1e-05
restore_6km_rep030_2140_SE_SK019_i21176	lunarc	restore_6km	rep030	2140	SE	SK019	3	147.0	35.0	4.0	20	68	21176	M	0	143.402	34.329	3.660033469792332	R6	restore_6km	r6_2140__p1:i21176	r6_2140__p1:i21176	1781	0.137594	1e-05	0.135094	1e-05	0.727272	1e-05	1e-05
restore_6km_rep030_2140_SE_SK019_i15487	lunarc	restore_6km	rep030	2140	SE	SK019	3	147.0	35.0	4.0	20	68	15487	M	0	144.768	37.4307	3.300019165095864	R6	restore_6km	r6_2140__p1:i15487	r6_2140__p1:i15487	1782	1e-05	1e-05	0.008092	1e-05	0.972062	1e-05	0.019806
restore_6km_rep030_2140_SE_SK019_i1608	lunarc	restore_6km	rep030	2140	SE	SK019	3	147.0	35.0	4.0	20	68	1608	F	0	145.217	35.1302	1.7877474765749088	R6	restore_6km	r6_2140__p1:i1608	r6_2140__p1:i1608	1783	1e-05	0.108159	0.099344	1e-05	0.786745	0.005722	1e-05
restore_6km_rep030_2140_SE_SK019_i16994	lunarc	restore_6km	rep030	2140	SE	SK019	3	147.0	35.0	4.0	20	68	16994	M	0	145.967	38.5617	3.708476222116031	R6	restore_6km	r6_2140__p1:i16994	r6_2140__p1:i16994	1784	0.143125	0.255668	0.0116	0.065549	0.309891	1e-05	0.214157
restore_6km_rep030_2140_SE_SK019_i4215	lunarc	restore_6km	rep030	2140	SE	SK019	3	147.0	35.0	4.0	20	68	4215	F	0	144.9	33.7604	2.438566825001928	R6	restore_6km	r6_2140__p1:i4215	r6_2140__p1:i4215	1785	0.001186	0.084708	1e-05	1e-05	0.820739	0.026392	0.066956
restore_6km_rep030_2140_SE_SK019_i16512	lunarc	restore_6km	rep030	2140	SE	SK019	3	147.0	35.0	4.0	20	68	16512	M	0	144.495	37.3306	3.421508638013349	R6	restore_6km	r6_2140__p1:i16512	r6_2140__p1:i16512	1786	0.153996	0.15938	0.076143	0.019264	0.485313	0.097361	0.008544
restore_6km_rep030_2140_SE_SK019_i18640	lunarc	restore_6km	rep030	2140	SE	SK019	3	147.0	35.0	4.0	20	68	18640	M	0	144.085	34.1367	3.040149978208305	R6	restore_6km	r6_2140__p1:i18640	r6_2140__p1:i18640	1787	0.037217	0.188714	0.016972	0.039806	0.575153	0.101017	0.04112
restore_6km_rep030_2140_SE_SK019_i679	lunarc	restore_6km	rep030	2140	SE	SK019	3	147.0	35.0	4.0	20	68	679	F	0	144.687	36.9682	3.0370677042173355	R6	restore_6km	r6_2140__p1:i679	r6_2140__p1:i679	1788	1e-05	0.023714	0.021248	0.197963	0.675116	0.08194	1e-05
restore_6km_rep030_2140_SE_SK019_i22813	lunarc	restore_6km	rep030	2140	SE	SK019	3	147.0	35.0	4.0	20	68	22813	M	0	144.35	34.0363	2.819790362775225	R6	restore_6km	r6_2140__p1:i22813	r6_2140__p1:i22813	1789	0.02229	1e-05	0.049035	1e-05	0.892021	0.036624	1e-05
restore_6km_rep030_2140_SE_SK019_i499	lunarc	restore_6km	rep030	2140	SE	SK019	3	147.0	35.0	4.0	20	68	499	F	0	145.704	37.7794	3.066705130918197	R6	restore_6km	r6_2140__p1:i499	r6_2140__p1:i499	1790	0.157455	1e-05	0.101205	0.108534	0.476772	0.122505	0.033519
restore_6km_rep030_2140_SE_SK019_i13224	lunarc	restore_6km	rep030	2140	SE	SK019	3	147.0	35.0	4.0	20	68	13224	M	0	143.412	35.7241	3.660336707189648	R6	restore_6km	r6_2140__p1:i13224	r6_2140__p1:i13224	1791	1e-05	0.10502	0.086033	1e-05	0.740123	0.030083	0.038721
restore_6km_rep030_2140_SE_SK019_i11426	lunarc	restore_6km	rep030	2140	SE	SK019	3	147.0	35.0	4.0	20	68	11426	F	0	144.018	36.9439	3.559644815146589	R6	restore_6km	r6_2140__p1:i11426	r6_2140__p1:i11426	1792	0.239497	0.013713	0.03189	0.119913	0.497134	0.097842	1e-05
restore_6km_rep030_2140_SE_SK019_i20861	lunarc	restore_6km	rep030	2140	SE	SK019	3	147.0	35.0	4.0	20	68	20861	M	0	143.61	33.5785	3.675970926163578	R6	restore_6km	r6_2140__p1:i20861	r6_2140__p1:i20861	1793	1e-05	0.021435	0.099189	1e-05	0.805835	0.07351	1e-05
restore_6km_rep030_2140_SE_SK019_i22278	lunarc	restore_6km	rep030	2140	SE	SK019	3	147.0	35.0	4.0	20	68	22278	M	0	143.707	34.0933	3.4155459139060103	R6	restore_6km	r6_2140__p1:i22278	r6_2140__p1:i22278	1794	1e-05	0.108939	0.060127	0.13488	0.459379	0.188296	0.048369
restore_6km_rep030_2140_SE_SK019_i7768	lunarc	restore_6km	rep030	2140	SE	SK019	3	147.0	35.0	4.0	20	68	7768	F	0	143.92	34.0664	3.2183860800096804	R6	restore_6km	r6_2140__p1:i7768	r6_2140__p1:i7768	1795	1e-05	1e-05	0.080725	0.058282	0.672487	0.147366	0.04112
restore_6km_rep030_2140_SE_SK019_i22816	lunarc	restore_6km	rep030	2140	SE	SK019	3	147.0	35.0	4.0	20	68	22816	M	0	144.564	34.7521	2.448581305572685	R6	restore_6km	r6_2140__p1:i22816	r6_2140__p1:i22816	1796	0.011281	1e-05	0.064134	1e-05	0.924545	1e-05	1e-05
restore_6km_rep030_2140_SE_SK019_i12341	lunarc	restore_6km	rep030	2140	SE	SK019	3	147.0	35.0	4.0	20	68	12341	M	0	143.421	33.7766	3.782320525814814	R6	restore_6km	r6_2140__p1:i12341	r6_2140__p1:i12341	1797	1e-05	1e-05	0.186549	1e-05	0.813401	1e-05	1e-05
restore_6km_rep030_2140_SE_SK019_i22818	lunarc	restore_6km	rep030	2140	SE	SK019	3	147.0	35.0	4.0	20	68	22818	M	0	144.611	37.9367	3.7857004490582793	R6	restore_6km	r6_2140__p1:i22818	r6_2140__p1:i22818	1798	0.074172	1e-05	0.023902	1e-05	0.858238	0.043657	1e-05
restore_6km_rep030_2140_SE_SK019_i16247	lunarc	restore_6km	rep030	2140	SE	SK019	3	147.0	35.0	4.0	20	68	16247	M	0	144.082	36.1779	3.1467717441848304	R6	restore_6km	r6_2140__p1:i16247	r6_2140__p1:i16247	1799	1e-05	1e-05	0.075942	1e-05	0.800946	0.123072	1e-05
restore_6km_rep030_2140_SE_SK019_i20796	lunarc	restore_6km	rep030	2140	SE	SK019	3	147.0	35.0	4.0	20	68	20796	M	0	145.628	38.1674	3.4517831276023183	R6	restore_6km	r6_2140__p1:i20796	r6_2140__p1:i20796	1800	0.107149	1e-05	1e-05	0.174004	0.647038	0.071779	1e-05
