method	sit_uid	sit_name	year	count	count_per_1000m	observed_density_km2
Whole transect	6	Rökepipan	2011	3	1.9238896999501	384.77793999002
Whole transect	6	Rökepipan	2014	1	0.641296566650032	128.2593133300064
Whole transect	17	NV Krankesjön	2012	3	1.78351869211022	356.703738422044
Whole transect	17	NV Krankesjön	2013	2	1.18901246140681	237.80249228136202
Whole transect	17	NV Krankesjön	2013	2	1.18901246140681	237.80249228136202
Whole transect	19	Vankiva skola	2014	1	0.39112074201698	78.224148403396
Whole transect	32	Gamla Mörtforsvägen	2012	1	0.520158788555933	104.0317577111866
Whole transect	32	Gamla Mörtforsvägen	2013	2	1.04031757711187	208.063515422374
Whole transect	32	Gamla Mörtforsvägen	2014	1	0.520158788555933	104.0317577111866
Whole transect	32	Gamla Mörtforsvägen	2015	1	0.520158788555933	104.0317577111866
Whole transect	37	Lammakulla Mellangård	2010	3	0.986404207869197	197.2808415738394
Whole transect	37	Lammakulla Mellangård	2011	2	0.657602805246131	131.52056104922622
Whole transect	37	Lammakulla Mellangård	2011	1	0.328801402623066	65.76028052461321
Whole transect	37	Lammakulla Mellangård	2012	1	0.328801402623066	65.76028052461321
Whole transect	37	Lammakulla Mellangård	2012	2	0.657602805246131	131.52056104922622
Whole transect	37	Lammakulla Mellangård	2013	2	0.657602805246131	131.52056104922622
Whole transect	37	Lammakulla Mellangård	2013	2	0.657602805246131	131.52056104922622
Whole transect	37	Lammakulla Mellangård	2013	6	1.97280841573839	394.561683147678
Whole transect	37	Lammakulla Mellangård	2014	22	7.23363085770745	1446.72617154149
Whole transect	37	Lammakulla Mellangård	2014	7	2.30160981836146	460.321963672292
Whole transect	37	Lammakulla Mellangård	2014	2	0.657602805246131	131.52056104922622
Whole transect	37	Lammakulla Mellangård	2015	5	1.64400701311533	328.801402623066
Whole transect	37	Lammakulla Mellangård	2015	7	2.30160981836146	460.321963672292
Whole transect	37	Lammakulla Mellangård	2016	26	8.54883646819971	1709.767293639942
Whole transect	37	Lammakulla Mellangård	2017	6	1.97280841573839	394.561683147678
Whole transect	37	Lammakulla Mellangård	2017	5	1.64400701311533	328.801402623066
Whole transect	37	Lammakulla Mellangård	2018	11	3.61681542885372	723.363085770744
Whole transect	37	Lammakulla Mellangård	2018	17	5.58962384459212	1117.924768918424
Whole transect	37	Lammakulla Mellangård	2019	7	2.30160981836146	460.321963672292
Whole transect	37	Lammakulla Mellangård	2019	4	1.31520561049226	263.041122098452
Whole transect	37	Lammakulla Mellangård	2021	1	0.328801402623066	65.76028052461321
Whole transect	37	Lammakulla Mellangård	2022	3	0.986404207869197	197.2808415738394
Whole transect	37	Lammakulla Mellangård	2024	1	0.328801402623066	65.76028052461321
Whole transect	45	Rone Domerarve	2012	1	0.675233412529146	135.0466825058292
Whole transect	45	Rone Domerarve	2012	2	1.35046682505829	270.093365011658
Whole transect	45	Rone Domerarve	2013	1	0.675233412529146	135.0466825058292
Whole transect	45	Rone Domerarve	2015	1	0.675233412529146	135.0466825058292
Whole transect	51	Bildstenar, Ängegård Buttle	2018	1	0.978527262706759	195.7054525413518
Whole transect	51	Bildstenar, Ängegård Buttle	2021	1	0.978527262706759	195.7054525413518
Whole transect	56	Mallgårds Klint	2010	1	0.467563505363903	93.5127010727806
Whole transect	56	Mallgårds Klint	2014	1	0.467563505363903	93.5127010727806
Whole transect	56	Mallgårds Klint	2016	1	0.467563505363903	93.5127010727806
Whole transect	57	Russparkens vinterhage	2022	10	3.79047125337472	758.094250674944
Whole transect	61	Svalsjö	2010	9	2.70139383068869	540.278766137738
Whole transect	61	Svalsjö	2011	5	1.50077435038261	300.154870076522
Whole transect	61	Svalsjö	2011	6	1.80092922045913	360.185844091826
Whole transect	61	Svalsjö	2012	2	0.600309740153043	120.06194803060859
Whole transect	61	Svalsjö	2012	5	1.50077435038261	300.154870076522
Whole transect	61	Svalsjö	2013	6	1.80092922045913	360.185844091826
Whole transect	61	Svalsjö	2013	1	0.300154870076521	60.030974015304196
Whole transect	61	Svalsjö	2014	5	1.50077435038261	300.154870076522
Whole transect	63	Trunelän, Maglehem	2010	7	4.04742182187678	809.484364375356
Whole transect	63	Trunelän, Maglehem	2010	3	1.73460935223291	346.921870446582
Whole transect	63	Trunelän, Maglehem	2011	5	2.89101558705485	578.20311741097
Whole transect	63	Trunelän, Maglehem	2012	1	0.578203117410969	115.64062348219379
Whole transect	63	Trunelän, Maglehem	2012	1	0.578203117410969	115.64062348219379
Whole transect	63	Trunelän, Maglehem	2013	6	3.46921870446581	693.843740893162
Whole transect	63	Trunelän, Maglehem	2013	6	3.46921870446581	693.843740893162
Whole transect	63	Trunelän, Maglehem	2013	1	0.578203117410969	115.64062348219379
Whole transect	63	Trunelän, Maglehem	2014	12	6.93843740893163	1387.687481786326
Whole transect	63	Trunelän, Maglehem	2014	1	0.578203117410969	115.64062348219379
Whole transect	63	Trunelän, Maglehem	2015	5	2.89101558705485	578.20311741097
Whole transect	63	Trunelän, Maglehem	2015	2	1.15640623482194	231.28124696438798
Whole transect	63	Trunelän, Maglehem	2015	4	2.31281246964388	462.56249392877595
Whole transect	63	Trunelän, Maglehem	2016	3	1.73460935223291	346.921870446582
Whole transect	63	Trunelän, Maglehem	2016	1	0.578203117410969	115.64062348219379
Whole transect	63	Trunelän, Maglehem	2017	11	6.36023429152066	1272.046858304132
Whole transect	63	Trunelän, Maglehem	2017	13	7.5166405263426	1503.3281052685202
Whole transect	63	Trunelän, Maglehem	2017	1	0.578203117410969	115.64062348219379
Whole transect	63	Trunelän, Maglehem	2017	2	1.15640623482194	231.28124696438798
Whole transect	63	Trunelän, Maglehem	2018	10	5.78203117410969	1156.4062348219381
Whole transect	63	Trunelän, Maglehem	2020	2	1.15640623482194	231.28124696438798
Whole transect	63	Trunelän, Maglehem	2022	2	1.15640623482194	231.28124696438798
Whole transect	63	Trunelän, Maglehem	2022	6	3.46921870446581	693.843740893162
Whole transect	63	Trunelän, Maglehem	2023	18	10.4076561133974	2081.53122267948
Whole transect	74	Snogehall	2018	1	0.541952266288702	108.39045325774039
Whole transect	76	Linjevägen pkt 13 - slinga	2011	1	1.38976264830915	277.95252966183
Whole transect	76	Linjevägen pkt 13 - slinga	2012	1	1.38976264830915	277.95252966183
Whole transect	76	Linjevägen pkt 13 - slinga	2013	1	1.38976264830915	277.95252966183
Whole transect	76	Linjevägen pkt 13 - slinga	2014	1	1.38976264830915	277.95252966183
Whole transect	107	Hällen, Angelbos	2013	5	2.8137287880037	562.7457576007399
Whole transect	107	Hällen, Angelbos	2013	2	1.12549151520148	225.098303040296
Whole transect	107	Hällen, Angelbos	2013	2	1.12549151520148	225.098303040296
Whole transect	110	Nymans Fröjel - slinga	2010	2	1.38663954099241	277.32790819848196
Whole transect	110	Nymans Fröjel - slinga	2011	6	4.15991862297724	831.9837245954479
Whole transect	110	Nymans Fröjel - slinga	2011	3	2.07995931148862	415.99186229772397
Whole transect	110	Nymans Fröjel - slinga	2013	1	0.693319770496206	138.66395409924118
Whole transect	110	Nymans Fröjel - slinga	2016	1	0.693319770496206	138.66395409924118
Whole transect	111	Slite motionsslinga	2010	3	2.013137589202	402.6275178404
Whole transect	111	Slite motionsslinga	2010	5	3.35522931533666	671.045863067332
Whole transect	111	Slite motionsslinga	2011	1	0.671045863067332	134.20917261346642
Whole transect	111	Slite motionsslinga	2011	1	0.671045863067332	134.20917261346642
Whole transect	111	Slite motionsslinga	2012	1	0.671045863067332	134.20917261346642
Whole transect	111	Slite motionsslinga	2013	1	0.671045863067332	134.20917261346642
Whole transect	111	Slite motionsslinga	2013	2	1.34209172613466	268.41834522693205
Whole transect	111	Slite motionsslinga	2014	2	1.34209172613466	268.41834522693205
Whole transect	111	Slite motionsslinga	2015	4	2.68418345226933	536.836690453866
Whole transect	111	Slite motionsslinga	2015	2	1.34209172613466	268.41834522693205
Whole transect	111	Slite motionsslinga	2016	1	0.671045863067332	134.20917261346642
Whole transect	111	Slite motionsslinga	2016	1	0.671045863067332	134.20917261346642
Whole transect	111	Slite motionsslinga	2016	4	2.68418345226933	536.836690453866
Whole transect	111	Slite motionsslinga	2017	1	0.671045863067332	134.20917261346642
Whole transect	111	Slite motionsslinga	2019	1	0.671045863067332	134.20917261346642
Whole transect	113	Grostädeviken	2010	1	0.641471530866612	128.2943061733224
Whole transect	123	Nyckleby Övergård 3	2010	4	1.65055731365588	330.111462731176
Whole transect	123	Nyckleby Övergård 3	2011	14	5.77695059779558	1155.390119559116
Whole transect	123	Nyckleby Övergård 3	2011	5	2.06319664206985	412.63932841397
Whole transect	123	Nyckleby Övergård 3	2014	12	4.95167194096764	990.334388193528
Whole transect	123	Nyckleby Övergård 3	2019	1	0.41263932841397	82.527865682794
Whole transect	124	Öventorp, Kvarnängen	2011	2	1.25329507302721	250.65901460544202
Whole transect	124	Öventorp, Kvarnängen	2015	1	0.626647536513603	125.32950730272061
Whole transect	124	Öventorp, Kvarnängen	2016	1	0.626647536513603	125.32950730272061
Whole transect	132	Åsnatorp, Närke	2011	1	0.881229519041322	176.2459038082644
Whole transect	132	Åsnatorp, Närke	2011	1	0.881229519041322	176.2459038082644
Whole transect	132	Åsnatorp, Närke	2022	1	0.881229519041322	176.2459038082644
Whole transect	132	Åsnatorp, Närke	2023	2	1.76245903808264	352.491807616528
Whole transect	138	Almsjöslingan 2	2011	1	0.226674118009216	45.3348236018432
Whole transect	140	Nackareservatet	2020	1	0.485813954623835	97.162790924767
Whole transect	140	Nackareservatet	2021	1	0.485813954623835	97.162790924767
Whole transect	140	Nackareservatet	2023	1	0.485813954623835	97.162790924767
Whole transect	140	Nackareservatet	2023	2	0.971627909247671	194.3255818495342
Whole transect	141	Lillängen	2010	1	0.531681259066182	106.3362518132364
Whole transect	141	Lillängen	2014	3	1.59504377719855	319.00875543971
Whole transect	143	Tumstocksfabriken/Mellösaverken	2010	2	1.87820004914163	375.640009828326
Whole transect	144	Nåsten - Fjärilsstigen	2010	11	8.13250424728089	1626.500849456178
Whole transect	144	Nåsten - Fjärilsstigen	2010	1	0.739318567934626	147.8637135869252
Whole transect	144	Nåsten - Fjärilsstigen	2011	18	13.3077342228233	2661.5468445646598
Whole transect	144	Nåsten - Fjärilsstigen	2011	1	0.739318567934626	147.8637135869252
Whole transect	144	Nåsten - Fjärilsstigen	2016	5	3.69659283967313	739.318567934626
Whole transect	144	Nåsten - Fjärilsstigen	2017	1	0.739318567934626	147.8637135869252
Whole transect	144	Nåsten - Fjärilsstigen	2017	1	0.739318567934626	147.8637135869252
Whole transect	144	Nåsten - Fjärilsstigen	2017	2	1.47863713586925	295.72742717385
Whole transect	144	Nåsten - Fjärilsstigen	2017	5	3.69659283967313	739.318567934626
Whole transect	144	Nåsten - Fjärilsstigen	2017	1	0.739318567934626	147.8637135869252
Whole transect	144	Nåsten - Fjärilsstigen	2018	3	2.21795570380388	443.591140760776
Whole transect	144	Nåsten - Fjärilsstigen	2018	8	5.91454854347701	1182.909708695402
Whole transect	144	Nåsten - Fjärilsstigen	2019	2	1.47863713586925	295.72742717385
Whole transect	144	Nåsten - Fjärilsstigen	2020	2	1.47863713586925	295.72742717385
Whole transect	144	Nåsten - Fjärilsstigen	2020	1	0.739318567934626	147.8637135869252
Whole transect	144	Nåsten - Fjärilsstigen	2021	4	2.95727427173851	591.4548543477019
Whole transect	144	Nåsten - Fjärilsstigen	2022	2	1.47863713586925	295.72742717385
Whole transect	144	Nåsten - Fjärilsstigen	2023	2	1.47863713586925	295.72742717385
Whole transect	145	Syd Rävsjön, Norrtälje	2010	3	1.54534662039348	309.069324078696
Whole transect	145	Syd Rävsjön, Norrtälje	2010	2	1.03023108026232	206.046216052464
Whole transect	145	Syd Rävsjön, Norrtälje	2011	1	0.51511554013116	103.023108026232
Whole transect	148	Snäcktorp- Mellingeholm	2011	1	0.637664158530233	127.5328317060466
Whole transect	148	Snäcktorp- Mellingeholm	2013	1	0.637664158530233	127.5328317060466
Whole transect	148	Snäcktorp- Mellingeholm	2014	1	0.637664158530233	127.5328317060466
Whole transect	148	Snäcktorp- Mellingeholm	2014	1	0.637664158530233	127.5328317060466
Whole transect	148	Snäcktorp- Mellingeholm	2016	1	0.637664158530233	127.5328317060466
Whole transect	148	Snäcktorp- Mellingeholm	2017	3	1.9129924755907	382.59849511813997
Whole transect	148	Snäcktorp- Mellingeholm	2018	2	1.27532831706047	255.06566341209398
Whole transect	148	Snäcktorp- Mellingeholm	2018	1	0.637664158530233	127.5328317060466
Whole transect	148	Snäcktorp- Mellingeholm	2019	1	0.637664158530233	127.5328317060466
Whole transect	148	Snäcktorp- Mellingeholm	2019	1	0.637664158530233	127.5328317060466
Whole transect	149	Bullandö	2011	1	1.07363277968563	214.726555937126
Whole transect	150	Upnäs tomtområde	2011	2	1.94945279227013	389.890558454026
Whole transect	150	Upnäs tomtområde	2012	3	2.92417918840519	584.835837681038
Whole transect	150	Upnäs tomtområde	2013	3	2.92417918840519	584.835837681038
Whole transect	150	Upnäs tomtområde	2014	1	0.974726396135064	194.9452792270128
Whole transect	151	Röcklinge 2:7	2012	2	4.47079712117881	894.159424235762
Whole transect	153	Skogsmuren, Ramnäs	2011	1	0.920182535248995	184.03650704979898
Whole transect	153	Skogsmuren, Ramnäs	2013	1	0.920182535248995	184.03650704979898
Whole transect	153	Skogsmuren, Ramnäs	2013	3	2.76054760574698	552.109521149396
Whole transect	153	Skogsmuren, Ramnäs	2014	3	2.76054760574698	552.109521149396
Whole transect	153	Skogsmuren, Ramnäs	2014	3	2.76054760574698	552.109521149396
Whole transect	154	Hemdalsvägen	2011	1	0.70218769533197	140.437539066394
Whole transect	154	Hemdalsvägen	2011	1	0.70218769533197	140.437539066394
Whole transect	154	Hemdalsvägen	2014	1	0.70218769533197	140.437539066394
Whole transect	154	Hemdalsvägen	2014	1	0.70218769533197	140.437539066394
Whole transect	154	Hemdalsvägen	2016	1	0.70218769533197	140.437539066394
Whole transect	154	Hemdalsvägen	2020	1	0.70218769533197	140.437539066394
Whole transect	158	Erlanderslingan	2013	2	0.926616610726224	185.32332214524482
Whole transect	178	Djäknabygd, Stenbrohult socken	2012	1	0.159925696464556	31.985139292911203
Whole transect	178	Djäknabygd, Stenbrohult socken	2012	1	0.159925696464556	31.985139292911203
Whole transect	178	Djäknabygd, Stenbrohult socken	2012	1	0.159925696464556	31.985139292911203
Whole transect	178	Djäknabygd, Stenbrohult socken	2013	2	0.319851392929111	63.97027858582221
Whole transect	178	Djäknabygd, Stenbrohult socken	2013	1	0.159925696464556	31.985139292911203
Whole transect	178	Djäknabygd, Stenbrohult socken	2013	1	0.159925696464556	31.985139292911203
Whole transect	178	Djäknabygd, Stenbrohult socken	2016	3	0.479777089393667	95.9554178787334
Whole transect	178	Djäknabygd, Stenbrohult socken	2016	2	0.319851392929111	63.97027858582221
Whole transect	178	Djäknabygd, Stenbrohult socken	2016	2	0.319851392929111	63.97027858582221
Whole transect	178	Djäknabygd, Stenbrohult socken	2016	2	0.319851392929111	63.97027858582221
Whole transect	178	Djäknabygd, Stenbrohult socken	2016	3	0.479777089393667	95.9554178787334
Whole transect	178	Djäknabygd, Stenbrohult socken	2016	2	0.319851392929111	63.97027858582221
Whole transect	178	Djäknabygd, Stenbrohult socken	2016	5	0.799628482322778	159.92569646455559
Whole transect	178	Djäknabygd, Stenbrohult socken	2016	1	0.159925696464556	31.985139292911203
Whole transect	178	Djäknabygd, Stenbrohult socken	2017	2	0.319851392929111	63.97027858582221
Whole transect	178	Djäknabygd, Stenbrohult socken	2017	1	0.159925696464556	31.985139292911203
Whole transect	178	Djäknabygd, Stenbrohult socken	2017	3	0.479777089393667	95.9554178787334
Whole transect	178	Djäknabygd, Stenbrohult socken	2017	1	0.159925696464556	31.985139292911203
Whole transect	178	Djäknabygd, Stenbrohult socken	2017	4	0.639702785858223	127.94055717164461
Whole transect	178	Djäknabygd, Stenbrohult socken	2018	2	0.319851392929111	63.97027858582221
Whole transect	178	Djäknabygd, Stenbrohult socken	2019	1	0.159925696464556	31.985139292911203
Whole transect	178	Djäknabygd, Stenbrohult socken	2019	1	0.159925696464556	31.985139292911203
Whole transect	178	Djäknabygd, Stenbrohult socken	2019	1	0.159925696464556	31.985139292911203
Whole transect	178	Djäknabygd, Stenbrohult socken	2020	1	0.159925696464556	31.985139292911203
Whole transect	185	Visby Kungsladugårdshällarna	2013	1	0.473119187269963	94.62383745399259
Whole transect	192	Stora Karsbo	2011	1	0.543220134626014	108.64402692520281
Whole transect	192	Stora Karsbo	2011	1	0.543220134626014	108.64402692520281
Whole transect	192	Stora Karsbo	2011	1	0.543220134626014	108.64402692520281
Whole transect	192	Stora Karsbo	2011	1	0.543220134626014	108.64402692520281
Whole transect	192	Stora Karsbo	2011	1	0.543220134626014	108.64402692520281
Whole transect	192	Stora Karsbo	2012	1	0.543220134626014	108.64402692520281
Whole transect	192	Stora Karsbo	2012	1	0.543220134626014	108.64402692520281
Whole transect	192	Stora Karsbo	2012	2	1.08644026925203	217.28805385040602
Whole transect	192	Stora Karsbo	2014	1	0.543220134626014	108.64402692520281
Whole transect	192	Stora Karsbo	2014	3	1.62966040387804	325.93208077560803
Whole transect	192	Stora Karsbo	2014	2	1.08644026925203	217.28805385040602
Whole transect	192	Stora Karsbo	2014	2	1.08644026925203	217.28805385040602
Whole transect	192	Stora Karsbo	2014	2	1.08644026925203	217.28805385040602
Whole transect	192	Stora Karsbo	2015	1	0.543220134626014	108.64402692520281
Whole transect	192	Stora Karsbo	2016	1	0.543220134626014	108.64402692520281
Whole transect	192	Stora Karsbo	2019	1	0.543220134626014	108.64402692520281
Whole transect	192	Stora Karsbo	2022	1	0.543220134626014	108.64402692520281
Whole transect	192	Stora Karsbo	2023	1	0.543220134626014	108.64402692520281
Whole transect	192	Stora Karsbo	2023	1	0.543220134626014	108.64402692520281
Whole transect	192	Stora Karsbo	2023	5	2.71610067313007	543.220134626014
Whole transect	192	Stora Karsbo	2023	2	1.08644026925203	217.28805385040602
Whole transect	192	Stora Karsbo	2023	1	0.543220134626014	108.64402692520281
Whole transect	192	Stora Karsbo	2024	3	1.62966040387804	325.93208077560803
Whole transect	192	Stora Karsbo	2024	3	1.62966040387804	325.93208077560803
Whole transect	192	Stora Karsbo	2024	1	0.543220134626014	108.64402692520281
Whole transect	192	Stora Karsbo	2025	2	1.08644026925203	217.28805385040602
Whole transect	192	Stora Karsbo	2025	2	1.08644026925203	217.28805385040602
Whole transect	202	Kungsborg	2011	10	2.93665639663501	587.331279327002
Whole transect	202	Kungsborg	2011	7	2.0556594776445	411.1318955289
Whole transect	203	St Vika kalkstensbrott	2011	20	5.435396419645	1087.079283929
Whole transect	203	St Vika kalkstensbrott	2011	2	0.5435396419645	108.7079283929
Whole transect	207	Månsabola	2018	2	0.954761236859103	190.9522473718206
Whole transect	207	Månsabola	2018	2	0.954761236859103	190.9522473718206
Whole transect	214	Tomtahagar	2014	2	1.48986395922364	297.972791844728
Whole transect	214	Tomtahagar	2015	2	1.48986395922364	297.972791844728
Whole transect	214	Tomtahagar	2017	2	1.48986395922364	297.972791844728
Whole transect	214	Tomtahagar	2018	1	0.744931979611818	148.9863959223636
Whole transect	214	Tomtahagar	2018	1	0.744931979611818	148.9863959223636
Whole transect	214	Tomtahagar	2021	1	0.744931979611818	148.9863959223636
Whole transect	215	Tripphult	2011	4	3.47045407516161	694.090815032322
Whole transect	215	Tripphult	2011	1	0.867613518790403	173.5227037580806
Whole transect	215	Tripphult	2013	3	2.60284055637121	520.568111274242
Whole transect	215	Tripphult	2014	2	1.73522703758081	347.045407516162
Whole transect	240	Ulvered	2016	2	0.766138911507738	153.22778230154762
Whole transect	240	Ulvered	2016	1	0.383069455753869	76.61389115077381
Whole transect	240	Ulvered	2021	1	0.383069455753869	76.61389115077381
Whole transect	242	Prästabonnens gård	2014	2	6.48167079166593	1296.334158333186
Whole transect	255	Wij, Lindhagen	2011	8	2.86601107485512	573.2022149710241
Whole transect	255	Wij, Lindhagen	2011	4	1.43300553742756	286.60110748551205
Whole transect	255	Wij, Lindhagen	2011	1	0.35825138435689	71.65027687137801
Whole transect	255	Wij, Lindhagen	2014	2	0.716502768713779	143.30055374275582
Whole transect	255	Wij, Lindhagen	2015	3	1.07475415307067	214.950830614134
Whole transect	255	Wij, Lindhagen	2016	2	0.716502768713779	143.30055374275582
Whole transect	255	Wij, Lindhagen	2018	2	0.716502768713779	143.30055374275582
Whole transect	255	Wij, Lindhagen	2024	1	0.35825138435689	71.65027687137801
Whole transect	256	Liseberg	2018	1	1.08974047662639	217.94809532527802
Whole transect	269	Enebba	2011	2	1.33195528756622	266.391057513244
Whole transect	274	Fjäle ängar	2012	1	0.554873083997681	110.9746167995362
Whole transect	274	Fjäle ängar	2013	1	0.554873083997681	110.9746167995362
Whole transect	274	Fjäle ängar	2014	1	0.554873083997681	110.9746167995362
Whole transect	274	Fjäle ängar	2022	1	0.554873083997681	110.9746167995362
Whole transect	300	Lilla Silpinge - slinga	2014	2	1.20831611444939	241.66322288987797
Whole transect	317	Kocktorp, Ängsö	2011	6	2.15513841694513	431.027683389026
Whole transect	317	Kocktorp, Ängsö	2012	1	0.359189736157522	71.8379472315044
Whole transect	317	Kocktorp, Ängsö	2013	5	1.79594868078761	359.18973615752196
Whole transect	319	Kättilstad Berghamra	2011	1	0.857391050661826	171.4782101323652
Whole transect	330	Ransäter Arboga	2011	2	0.685877099779086	137.17541995581718
Whole transect	330	Ransäter Arboga	2011	1	0.342938549889543	68.58770997790859
Whole transect	330	Ransäter Arboga	2013	1	0.342938549889543	68.58770997790859
Whole transect	330	Ransäter Arboga	2014	4	1.37175419955817	274.35083991163395
Whole transect	330	Ransäter Arboga	2014	1	0.342938549889543	68.58770997790859
Whole transect	330	Ransäter Arboga	2015	2	0.685877099779086	137.17541995581718
Whole transect	330	Ransäter Arboga	2015	1	0.342938549889543	68.58770997790859
Whole transect	330	Ransäter Arboga	2016	3	1.02881564966863	205.76312993372602
Whole transect	330	Ransäter Arboga	2016	1	0.342938549889543	68.58770997790859
Whole transect	330	Ransäter Arboga	2020	1	0.342938549889543	68.58770997790859
Whole transect	330	Ransäter Arboga	2021	1	0.342938549889543	68.58770997790859
Whole transect	330	Ransäter Arboga	2022	2	0.685877099779086	137.17541995581718
Whole transect	330	Ransäter Arboga	2023	1	0.342938549889543	68.58770997790859
Whole transect	362	Lötaholmen	2011	1	0.812140673162524	162.4281346325048
Whole transect	364	Axsjöfallet S	2014	2	0.74763418067431	149.526836134862
Whole transect	387	Klören	2012	1	0.592302919484922	118.46058389698439
Whole transect	387	Klören	2016	2	1.18460583896984	236.92116779396798
Whole transect	390	Broknäs slinga 1, Bogesund	2012	1	0.32160547114121	64.321094228242
Whole transect	390	Broknäs slinga 1, Bogesund	2013	2	0.643210942282421	128.6421884564842
Whole transect	390	Broknäs slinga 1, Bogesund	2013	1	0.32160547114121	64.321094228242
Whole transect	390	Broknäs slinga 1, Bogesund	2014	6	1.92963282684726	385.926565369452
Whole transect	390	Broknäs slinga 1, Bogesund	2014	2	0.643210942282421	128.6421884564842
Whole transect	390	Broknäs slinga 1, Bogesund	2015	1	0.32160547114121	64.321094228242
Whole transect	390	Broknäs slinga 1, Bogesund	2015	1	0.32160547114121	64.321094228242
Whole transect	390	Broknäs slinga 1, Bogesund	2016	2	0.643210942282421	128.6421884564842
Whole transect	390	Broknäs slinga 1, Bogesund	2017	1	0.32160547114121	64.321094228242
Whole transect	390	Broknäs slinga 1, Bogesund	2018	2	0.643210942282421	128.6421884564842
Whole transect	390	Broknäs slinga 1, Bogesund	2022	2	0.643210942282421	128.6421884564842
Whole transect	390	Broknäs slinga 1, Bogesund	2025	1	0.32160547114121	64.321094228242
Whole transect	411	Längs Nordre älv, Kungälv	2020	1	0.368263164059776	73.6526328119552
Whole transect	412	Remmene skjutfält	2012	2	0.915292457952385	183.058491590477
Whole transect	412	Remmene skjutfält	2012	2	0.915292457952385	183.058491590477
Whole transect	412	Remmene skjutfält	2013	1	0.457646228976192	91.5292457952384
Whole transect	412	Remmene skjutfält	2014	3	1.37293868692858	274.587737385716
Whole transect	412	Remmene skjutfält	2014	1	0.457646228976192	91.5292457952384
Whole transect	412	Remmene skjutfält	2015	1	0.457646228976192	91.5292457952384
Whole transect	412	Remmene skjutfält	2016	2	0.915292457952385	183.058491590477
Whole transect	412	Remmene skjutfält	2016	2	0.915292457952385	183.058491590477
Whole transect	412	Remmene skjutfält	2021	1	0.457646228976192	91.5292457952384
Whole transect	412	Remmene skjutfält	2023	5	2.28823114488096	457.64622897619194
Whole transect	412	Remmene skjutfält	2025	2	0.915292457952385	183.058491590477
Whole transect	412	Remmene skjutfält	2025	2	0.915292457952385	183.058491590477
Whole transect	420	Västra Ringstad, slinga 2	2013	5	4.71422019243444	942.844038486888
Whole transect	420	Västra Ringstad, slinga 2	2014	2	1.88568807697378	377.137615394756
Whole transect	420	Västra Ringstad, slinga 2	2017	1	0.942844038486888	188.5688076973776
Whole transect	420	Västra Ringstad, slinga 2	2018	1	0.942844038486888	188.5688076973776
Whole transect	420	Västra Ringstad, slinga 2	2018	1	0.942844038486888	188.5688076973776
Whole transect	426	Lövåsen, Billingsfors	2012	1	0.279719452204399	55.9438904408798
Whole transect	426	Lövåsen, Billingsfors	2014	1	0.279719452204399	55.9438904408798
Whole transect	441	Åsenslingan	2012	1	0.664597821968396	132.9195643936792
Whole transect	441	Åsenslingan	2012	2	1.32919564393679	265.839128787358
Whole transect	441	Åsenslingan	2013	3	1.99379346590519	398.758693181038
Whole transect	441	Åsenslingan	2016	2	1.32919564393679	265.839128787358
Whole transect	446	Sandliden, Bohus	2012	5	4.80350161864855	960.70032372971
Whole transect	446	Sandliden, Bohus	2013	1	0.960700323729709	192.1400647459418
Whole transect	446	Sandliden, Bohus	2013	10	9.60700323729709	1921.4006474594178
Whole transect	446	Sandliden, Bohus	2013	4	3.84280129491884	768.560258983768
Whole transect	446	Sandliden, Bohus	2014	1	0.960700323729709	192.1400647459418
Whole transect	446	Sandliden, Bohus	2014	2	1.92140064745942	384.280129491884
Whole transect	459	Gamla Finntorpet	2018	2	1.48094150193989	296.18830038797796
Whole transect	459	Gamla Finntorpet	2022	1	0.740470750969946	148.0941501939892
Whole transect	477	Mariedal - Östra Vram slinga 2	2012	2	1.3326935130121	266.53870260242
Whole transect	535	Stormossen-Listrevägen	2013	2	0.787031294911463	157.4062589822926
Whole transect	535	Stormossen-Listrevägen	2013	3	1.18054694236719	236.10938847343797
Whole transect	535	Stormossen-Listrevägen	2014	1	0.393515647455731	78.7031294911462
Whole transect	535	Stormossen-Listrevägen	2014	8	3.14812517964585	629.62503592917
Whole transect	535	Stormossen-Listrevägen	2015	1	0.393515647455731	78.7031294911462
Whole transect	535	Stormossen-Listrevägen	2018	1	0.393515647455731	78.7031294911462
Whole transect	535	Stormossen-Listrevägen	2018	6	2.36109388473439	472.218776946878
Whole transect	535	Stormossen-Listrevägen	2018	2	0.787031294911463	157.4062589822926
Whole transect	535	Stormossen-Listrevägen	2019	1	0.393515647455731	78.7031294911462
Whole transect	535	Stormossen-Listrevägen	2020	2	0.787031294911463	157.4062589822926
Whole transect	535	Stormossen-Listrevägen	2022	1	0.393515647455731	78.7031294911462
Whole transect	535	Stormossen-Listrevägen	2023	2	0.787031294911463	157.4062589822926
Whole transect	535	Stormossen-Listrevägen	2023	7	2.75460953219012	550.9219064380239
Whole transect	535	Stormossen-Listrevägen	2023	1	0.393515647455731	78.7031294911462
Whole transect	535	Stormossen-Listrevägen	2025	3	1.18054694236719	236.10938847343797
Whole transect	535	Stormossen-Listrevägen	2025	2	0.787031294911463	157.4062589822926
Whole transect	543	Södra Rörum S slinga	2013	1	0.498031975673435	99.60639513468699
Whole transect	549	Kjugekull transekter	2013	2	2.65946452913988	531.892905827976
Whole transect	550	Kjugekull slinga	2013	1	0.858934319731728	171.7868639463456
Whole transect	565	Södra Rörum N transekter	2013	2	2.03294853120367	406.589706240734
Whole transect	569	L. Harsjön	2013	4	1.07710092266986	215.420184533972
Whole transect	569	L. Harsjön	2013	1	0.269275230667465	53.855046133493
Whole transect	569	L. Harsjön	2013	12	3.23130276800958	646.260553601916
Whole transect	569	L. Harsjön	2014	1	0.269275230667465	53.855046133493
Whole transect	569	L. Harsjön	2014	4	1.07710092266986	215.420184533972
Whole transect	569	L. Harsjön	2015	3	0.807825692002396	161.56513840047919
Whole transect	569	L. Harsjön	2016	3	0.807825692002396	161.56513840047919
Whole transect	569	L. Harsjön	2017	1	0.269275230667465	53.855046133493
Whole transect	569	L. Harsjön	2018	18	4.84695415201438	969.390830402876
Whole transect	569	L. Harsjön	2018	77	20.7341927613948	4146.83855227896
Whole transect	569	L. Harsjön	2019	11	2.96202753734212	592.405507468424
Whole transect	569	L. Harsjön	2019	19	5.11622938268184	1023.245876536368
Whole transect	569	L. Harsjön	2020	2	0.538550461334931	107.71009226698621
Whole transect	569	L. Harsjön	2021	2	0.538550461334931	107.71009226698621
Whole transect	569	L. Harsjön	2022	3	0.807825692002396	161.56513840047919
Whole transect	569	L. Harsjön	2022	1	0.269275230667465	53.855046133493
Whole transect	569	L. Harsjön	2022	1	0.269275230667465	53.855046133493
Whole transect	569	L. Harsjön	2023	3	0.807825692002396	161.56513840047919
Whole transect	569	L. Harsjön	2023	1	0.269275230667465	53.855046133493
Whole transect	569	L. Harsjön	2024	1	0.269275230667465	53.855046133493
Whole transect	569	L. Harsjön	2025	2	0.538550461334931	107.71009226698621
Whole transect	585	Flintabacken slinga	2016	1	1.43380544781458	286.761089562916
Whole transect	603	Horsakärr	2014	2	0.494254069249425	98.850813849885
Whole transect	603	Horsakärr	2014	4	0.98850813849885	197.70162769977
Whole transect	603	Horsakärr	2016	2	0.494254069249425	98.850813849885
Whole transect	603	Horsakärr	2017	3	0.741381103874138	148.2762207748276
Whole transect	620	Rosendalen	2014	1	0.193670930558236	38.7341861116472
Whole transect	620	Rosendalen	2015	1	0.193670930558236	38.7341861116472
Whole transect	620	Rosendalen	2016	1	0.193670930558236	38.7341861116472
Whole transect	620	Rosendalen	2016	4	0.774683722232943	154.9367444465886
Whole transect	620	Rosendalen	2018	2	0.387341861116472	77.4683722232944
Whole transect	630	Bölets ängar	2019	2	4.21906757277336	843.813514554672
Whole transect	643	Vitemölla strandbackar transekter	2014	1	0.585495136642911	117.0990273285822
Whole transect	643	Vitemölla strandbackar transekter	2014	1	0.585495136642911	117.0990273285822
Whole transect	659	Näsby fält - Norra transekter	2014	6	3.86044562565306	772.0891251306119
Whole transect	660	Näsby fält - Norra slinga	2014	1	0.257954707637454	51.5909415274908
Whole transect	660	Näsby fält - Norra slinga	2014	1	0.257954707637454	51.5909415274908
Whole transect	660	Näsby fält - Norra slinga	2018	6	1.54772824582472	309.545649164944
Whole transect	661	Näsby fält - Södra transekter	2018	2	0.623900259976097	124.7800519952194
Whole transect	662	Näsby fält - Södra slinga	2014	4	1.00824949495073	201.64989899014597
Whole transect	662	Näsby fält - Södra slinga	2014	3	0.756187121213047	151.2374242426094
Whole transect	662	Näsby fält - Södra slinga	2018	2	0.504124747475365	100.82494949507299
Whole transect	663	Norra Mosslunda transekter	2014	6	3.75219599196996	750.439198393992
Whole transect	664	Norra Mosslunda slinga	2014	6	2.01648603437947	403.297206875894
Whole transect	664	Norra Mosslunda slinga	2014	1	0.336081005729912	67.2162011459824
Whole transect	664	Norra Mosslunda slinga	2018	4	1.34432402291965	268.86480458393
Whole transect	668	Ry transekter	2014	1	0.968317004828748	193.66340096574962
Whole transect	678	Källsbäck, Södra Ny	2015	2	0.819764993402487	163.9529986804974
Whole transect	678	Källsbäck, Södra Ny	2016	1	0.409882496701244	81.9764993402488
Whole transect	678	Källsbäck, Södra Ny	2019	1	0.409882496701244	81.9764993402488
Whole transect	678	Källsbäck, Södra Ny	2021	1	0.409882496701244	81.9764993402488
Whole transect	679	Ekelund-Bogesund	2015	1	0.356431912017461	71.2863824034922
Whole transect	708	Nasumemyr, Tofta skjutfält	2017	1	0.234587952908665	46.917590581733
Whole transect	708	Nasumemyr, Tofta skjutfält	2017	2	0.46917590581733	93.835181163466
Whole transect	726	Årby ängar	2015	1	0.393680731552139	78.7361463104278
Whole transect	726	Årby ängar	2015	1	0.393680731552139	78.7361463104278
Whole transect	735	Heden Stenshuvud	2023	1	0.38626811762563	77.253623525126
Whole transect	738	Danskens äng	2016	7	30.501719271729	6100.3438543458005
Whole transect	738	Danskens äng	2017	8	34.8591077391188	6971.82154782376
Whole transect	738	Danskens äng	2018	3	13.0721654021696	2614.43308043392
Whole transect	738	Danskens äng	2019	2	8.7147769347797	1742.95538695594
Whole transect	738	Danskens äng	2020	2	8.7147769347797	1742.95538695594
Whole transect	738	Danskens äng	2020	1	4.35738846738985	871.47769347797
Whole transect	756	Bjärkefall slinga	2015	3	0.96955792895741	193.911585791482
Whole transect	756	Bjärkefall slinga	2016	1	0.323185976319137	64.6371952638274
Whole transect	756	Bjärkefall slinga	2017	4	1.29274390527655	258.54878105531
Whole transect	756	Bjärkefall slinga	2018	1	0.323185976319137	64.6371952638274
Whole transect	756	Bjärkefall slinga	2019	1	0.323185976319137	64.6371952638274
Whole transect	757	Ryr	2015	1	0.586136912267265	117.227382453453
Whole transect	799	Fårö, St. Hoburga	2024	1	0.923755909760441	184.7511819520882
Whole transect	835	Tosteberga ängar transekter	2015	1	0.57686153370305	115.37230674061001
Whole transect	839	Ekebo transekter	2011	1	0.854781122368502	170.9562244737004
Whole transect	842	Sånnarna slinga	2020	1	0.749659778601322	149.9319557202644
Whole transect	852	Lyckan, skogsäng	2017	1	2.68935142849212	537.8702856984239
Whole transect	852	Lyckan, skogsäng	2019	1	2.68935142849212	537.8702856984239
Whole transect	853	Torsked	2004	1	1.54488653805196	308.977307610392
Whole transect	853	Torsked	2004	2	3.08977307610392	617.954615220784
Whole transect	853	Torsked	2005	2	3.08977307610392	617.954615220784
Whole transect	853	Torsked	2005	1	1.54488653805196	308.977307610392
Whole transect	853	Torsked	2005	2	3.08977307610392	617.954615220784
Whole transect	853	Torsked	2007	2	3.08977307610392	617.954615220784
Whole transect	853	Torsked	2007	1	1.54488653805196	308.977307610392
Whole transect	853	Torsked	2007	4	6.17954615220783	1235.909230441566
Whole transect	853	Torsked	2008	2	3.08977307610392	617.954615220784
Whole transect	853	Torsked	2008	1	1.54488653805196	308.977307610392
Whole transect	853	Torsked	2008	2	3.08977307610392	617.954615220784
Whole transect	853	Torsked	2008	3	4.63465961415587	926.931922831174
Whole transect	853	Torsked	2009	1	1.54488653805196	308.977307610392
Whole transect	853	Torsked	2010	4	6.17954615220783	1235.909230441566
Whole transect	853	Torsked	2010	3	4.63465961415587	926.931922831174
Whole transect	853	Torsked	2010	4	6.17954615220783	1235.909230441566
Whole transect	853	Torsked	2011	2	3.08977307610392	617.954615220784
Whole transect	853	Torsked	2012	2	3.08977307610392	617.954615220784
Whole transect	853	Torsked	2015	1	1.54488653805196	308.977307610392
Whole transect	853	Torsked	2018	5	7.72443269025979	1544.886538051958
Whole transect	853	Torsked	2023	1	1.54488653805196	308.977307610392
Whole transect	853	Torsked	2023	2	3.08977307610392	617.954615220784
Whole transect	854	Torsberget	2004	1	2.8040032572277	560.80065144554
Whole transect	854	Torsberget	2007	1	2.8040032572277	560.80065144554
Whole transect	854	Torsberget	2007	1	2.8040032572277	560.80065144554
Whole transect	854	Torsberget	2008	2	5.6080065144554	1121.60130289108
Whole transect	854	Torsberget	2008	1	2.8040032572277	560.80065144554
Whole transect	854	Torsberget	2009	1	2.8040032572277	560.80065144554
Whole transect	854	Torsberget	2009	2	5.6080065144554	1121.60130289108
Whole transect	854	Torsberget	2009	1	2.8040032572277	560.80065144554
Whole transect	854	Torsberget	2010	1	2.8040032572277	560.80065144554
Whole transect	854	Torsberget	2011	1	2.8040032572277	560.80065144554
Whole transect	854	Torsberget	2017	1	2.8040032572277	560.80065144554
Whole transect	855	Fördarvern	2008	1	1.21538575879683	243.077151759366
Whole transect	855	Fördarvern	2009	1	1.21538575879683	243.077151759366
Whole transect	855	Fördarvern	2009	2	2.43077151759365	486.15430351873005
Whole transect	855	Fördarvern	2011	3	3.64615727639048	729.231455278096
Whole transect	856	Fensbol, Ektäppan	2005	1	2.0452649800634	409.05299601268
Whole transect	856	Fensbol, Ektäppan	2008	1	2.0452649800634	409.05299601268
Whole transect	856	Fensbol, Ektäppan	2008	1	2.0452649800634	409.05299601268
Whole transect	856	Fensbol, Ektäppan	2010	1	2.0452649800634	409.05299601268
Whole transect	856	Fensbol, Ektäppan	2015	4	8.18105992025359	1636.211984050718
Whole transect	856	Fensbol, Ektäppan	2016	6	12.2715898803804	2454.31797607608
Whole transect	856	Fensbol, Ektäppan	2020	2	4.0905299601268	818.10599202536
Whole transect	856	Fensbol, Ektäppan	2022	3	6.13579494019019	1227.1589880380382
Whole transect	856	Fensbol, Ektäppan	2023	1	2.0452649800634	409.05299601268
Whole transect	888	Båstorp, Ale	2015	2	3.79212975819907	758.425951639814
Whole transect	903	Stråslingan	2016	5	1.51796660846666	303.59332169333203
Whole transect	903	Stråslingan	2016	2	0.607186643386665	121.43732867733299
Whole transect	903	Stråslingan	2017	1	0.303593321693333	60.71866433866659
Whole transect	903	Stråslingan	2017	3	0.910779965079998	182.1559930159996
Whole transect	903	Stråslingan	2017	3	0.910779965079998	182.1559930159996
Whole transect	905	Skeppsvik	2016	1	0.37626310251037	75.252620502074
Whole transect	905	Skeppsvik	2016	1	0.37626310251037	75.252620502074
Whole transect	905	Skeppsvik	2016	1	0.37626310251037	75.252620502074
Whole transect	905	Skeppsvik	2017	1	0.37626310251037	75.252620502074
Whole transect	905	Skeppsvik	2018	1	0.37626310251037	75.252620502074
Whole transect	905	Skeppsvik	2023	7	2.63384171757259	526.768343514518
Whole transect	905	Skeppsvik	2024	2	0.752526205020739	150.5052410041478
Whole transect	915	Knutserud	2017	1	1.95555038513799	391.11007702759804
Whole transect	915	Knutserud	2024	1	1.95555038513799	391.11007702759804
Whole transect	916	Råbäcksängen	2024	2	9.50544358482098	1901.088716964196
Whole transect	917	Mickelstorp	2017	5	12.3736635781779	2474.73271563558
Whole transect	917	Mickelstorp	2020	1	2.47473271563558	494.946543127116
Whole transect	917	Mickelstorp	2024	1	2.47473271563558	494.946543127116
Whole transect	917	Mickelstorp	2024	5	12.3736635781779	2474.73271563558
Whole transect	918	Alstrumsängen	2017	6	4.69625469246229	939.250938492458
Whole transect	918	Alstrumsängen	2020	1	0.782709115410381	156.5418230820762
Whole transect	918	Alstrumsängen	2022	1	0.782709115410381	156.5418230820762
Whole transect	918	Alstrumsängen	2023	3	2.34812734623114	469.625469246228
Whole transect	918	Alstrumsängen	2024	4	3.13083646164152	626.167292328304
Whole transect	919	Almarskogen	2017	3	3.8957667966862	779.1533593372401
Whole transect	919	Almarskogen	2021	1	1.29858893222873	259.717786445746
Whole transect	958	Hågadalen Södra Norby	2016	2	1.17935701826469	235.871403652938
Whole transect	958	Hågadalen Södra Norby	2017	10	5.89678509132343	1179.357018264686
Whole transect	958	Hågadalen Södra Norby	2017	1	0.589678509132343	117.9357018264686
Whole transect	958	Hågadalen Södra Norby	2018	1	0.589678509132343	117.9357018264686
Whole transect	958	Hågadalen Södra Norby	2020	2	1.17935701826469	235.871403652938
Whole transect	958	Hågadalen Södra Norby	2021	1	0.589678509132343	117.9357018264686
Whole transect	958	Hågadalen Södra Norby	2021	1	0.589678509132343	117.9357018264686
Whole transect	958	Hågadalen Södra Norby	2021	1	0.589678509132343	117.9357018264686
Whole transect	958	Hågadalen Södra Norby	2021	2	1.17935701826469	235.871403652938
Whole transect	958	Hågadalen Södra Norby	2022	1	0.589678509132343	117.9357018264686
Whole transect	958	Hågadalen Södra Norby	2022	1	0.589678509132343	117.9357018264686
Whole transect	958	Hågadalen Södra Norby	2022	2	1.17935701826469	235.871403652938
Whole transect	958	Hågadalen Södra Norby	2023	1	0.589678509132343	117.9357018264686
Whole transect	958	Hågadalen Södra Norby	2023	1	0.589678509132343	117.9357018264686
Whole transect	958	Hågadalen Södra Norby	2023	2	1.17935701826469	235.871403652938
Whole transect	958	Hågadalen Södra Norby	2023	3	1.76903552739703	353.807105479406
Whole transect	958	Hågadalen Södra Norby	2023	2	1.17935701826469	235.871403652938
Whole transect	958	Hågadalen Södra Norby	2024	2	1.17935701826469	235.871403652938
Whole transect	958	Hågadalen Södra Norby	2024	1	0.589678509132343	117.9357018264686
Whole transect	958	Hågadalen Södra Norby	2025	1	0.589678509132343	117.9357018264686
Whole transect	958	Hågadalen Södra Norby	2025	1	0.589678509132343	117.9357018264686
Whole transect	958	Hågadalen Södra Norby	2025	1	0.589678509132343	117.9357018264686
Whole transect	958	Hågadalen Södra Norby	2025	1	0.589678509132343	117.9357018264686
Whole transect	958	Hågadalen Södra Norby	2025	1	0.589678509132343	117.9357018264686
Whole transect	963	Hälle	2024	5	2.62241073994999	524.482147989998
Whole transect	963	Hälle	2025	3	1.57344644397	314.689288794
Whole transect	976	Igelbäcken naturreservat	2017	2	0.593629500612339	118.72590012246779
Whole transect	976	Igelbäcken naturreservat	2017	3	0.890444250918508	178.0888501837016
Whole transect	976	Igelbäcken naturreservat	2017	3	0.890444250918508	178.0888501837016
Whole transect	976	Igelbäcken naturreservat	2018	1	0.296814750306169	59.362950061233796
Whole transect	976	Igelbäcken naturreservat	2018	5	1.48407375153085	296.81475030616997
Whole transect	976	Igelbäcken naturreservat	2018	2	0.593629500612339	118.72590012246779
Whole transect	976	Igelbäcken naturreservat	2018	1	0.296814750306169	59.362950061233796
Whole transect	1007	Boåsen 6378	2015	1	2.89220613143922	578.441226287844
Whole transect	1008	Boåsen 6603	2015	1	2.17810954069685	435.62190813937
Whole transect	1009	Boåsen 7563	2015	1	4.24961804798569	849.923609597138
Whole transect	1036	Långsered A	2015	1	2.70735716010459	541.471432020918
Whole transect	1037	Långsered B	2015	1	10.2900830302192	2058.01660604384
Whole transect	1057	Åsabacken	2015	1	2.91027905964097	582.055811928194
Whole transect	1068	Älleköpinge slinga	2017	3	1.75659397336016	351.318794672032
Whole transect	1068	Älleköpinge slinga	2017	1	0.585531324453388	117.1062648906776
Whole transect	1069	Betesmark öster om Dalby, transekter	2017	1	1.02805206195231	205.610412390462
Whole transect	1085	Kaninlandet	2021	1	0.786424544876373	157.28490897527462
Whole transect	1098	Medevi	2019	2	0.5028500621329	100.57001242657999
Whole transect	1098	Medevi	2020	1	0.25142503106645	50.285006213289996
Whole transect	1098	Medevi	2022	1	0.25142503106645	50.285006213289996
Whole transect	1098	Medevi	2023	1	0.25142503106645	50.285006213289996
Whole transect	1098	Medevi	2023	1	0.25142503106645	50.285006213289996
Whole transect	1102	Ignaberga flygplats slinga 1	2009	1	0.549044829571318	109.8089659142636
Whole transect	2648	Loppängarna, Muskö	2019	2	1.06776727832516	213.55345566503198
Whole transect	2683	Sundsbron Lelångebanan	2019	6	2.29350658559551	458.70131711910204
Whole transect	2683	Sundsbron Lelångebanan	2019	8	3.05800878079401	611.601756158802
Whole transect	2683	Sundsbron Lelångebanan	2019	11	4.20476207359177	840.9524147183539
Whole transect	2683	Sundsbron Lelångebanan	2019	10	3.82251097599251	764.502195198502
Whole transect	2707	Berthåga kyrkogård	2019	1	0.483871107995489	96.7742215990978
Whole transect	2707	Berthåga kyrkogård	2020	11	5.32258218795038	1064.516437590076
Whole transect	2707	Berthåga kyrkogård	2020	2	0.967742215990979	193.5484431981958
Whole transect	2707	Berthåga kyrkogård	2021	1	0.483871107995489	96.7742215990978
Whole transect	2707	Berthåga kyrkogård	2022	2	0.967742215990979	193.5484431981958
Whole transect	2707	Berthåga kyrkogård	2023	21	10.1612932679053	2032.2586535810601
Whole transect	2707	Berthåga kyrkogård	2023	2	0.967742215990979	193.5484431981958
Whole transect	2707	Berthåga kyrkogård	2024	3	1.45161332398647	290.322664797294
Whole transect	2707	Berthåga kyrkogård	2024	1	0.483871107995489	96.7742215990978
Whole transect	2711	Böneruds fornåkrar	2019	2	1.80000400677512	360.000801355024
Whole transect	2712	Derbol	2022	2	1.06931474836203	213.862949672406
Whole transect	2740	Svensvik, Åbyfjorden	2025	1	1.31305472545962	262.610945091924
Whole transect	2758	Soldatängen Motala	2020	1	0.94207320411619	188.414640823238
Whole transect	2758	Soldatängen Motala	2023	1	0.94207320411619	188.414640823238
Whole transect	2768	Kocktorp 2, Ängsö	2017	3	1.44268819943991	288.537639887982
Whole transect	2768	Kocktorp 2, Ängsö	2017	1	0.480896066479969	96.1792132959938
Whole transect	2768	Kocktorp 2, Ängsö	2018	1	0.480896066479969	96.1792132959938
Whole transect	2799	Edeby naturreservat	2022	1	0.984252431054244	196.8504862108488
Whole transect	2801	Prästgårdsön, Pannkakan	2018	1	0.925534787195657	185.1069574391314
Whole transect	2801	Prästgårdsön, Pannkakan	2019	1	0.925534787195657	185.1069574391314
Whole transect	2803	Gårdsviksmossen	2023	1	1.10150259677994	220.30051935598797
Whole transect	2804	Lafallhöjden	2017	2	2.29438688031746	458.877376063492
Whole transect	2804	Lafallhöjden	2018	4	4.58877376063493	917.754752126986
Whole transect	2804	Lafallhöjden	2020	3	3.4415803204762	688.31606409524
Whole transect	2804	Lafallhöjden	2021	2	2.29438688031746	458.877376063492
Whole transect	2804	Lafallhöjden	2021	2	2.29438688031746	458.877376063492
Whole transect	2804	Lafallhöjden	2023	3	3.4415803204762	688.31606409524
Whole transect	2804	Lafallhöjden	2024	1	1.14719344015873	229.438688031746
Whole transect	2805	Genbäcken	2017	6	8.66201875975546	1732.403751951092
Whole transect	2805	Genbäcken	2022	3	4.33100937987773	866.201875975546
Whole transect	2805	Genbäcken	2023	3	4.33100937987773	866.201875975546
Whole transect	2819	Åsa gravfält	2022	1	0.3979876935049	79.59753870098
Whole transect	2859	Pelarbo slinga	2018	1	0.468822119636116	93.76442392722319
Whole transect	2859	Pelarbo slinga	2018	2	0.937644239272232	187.52884785444638
Whole transect	2859	Pelarbo slinga	2019	1	0.468822119636116	93.76442392722319
Whole transect	2859	Pelarbo slinga	2020	1	0.468822119636116	93.76442392722319
Whole transect	2884	Dösjebro-ån-gamla tippen	2021	1	0.314995306920925	62.999061384185
Whole transect	2884	Dösjebro-ån-gamla tippen	2021	1	0.314995306920925	62.999061384185
Whole transect	2885	Dyestad	2020	2	0.89042396606322	178.084793212644
Whole transect	2885	Dyestad	2020	6	2.67127189818966	534.254379637932
Whole transect	2885	Dyestad	2020	1	0.44521198303161	89.042396606322
Whole transect	2890	Simängsvägen	2024	1	1.10421933515587	220.843867031174
Whole transect	2908	Kleva strand	2021	1	0.490139973510149	98.0279947020298
Whole transect	2908	Kleva strand	2021	1	0.490139973510149	98.0279947020298
Whole transect	2908	Kleva strand	2022	1	0.490139973510149	98.0279947020298
Whole transect	2908	Kleva strand	2024	1	0.490139973510149	98.0279947020298
Whole transect	2911	Styggtjärn	2020	3	0.839277303315117	167.8554606630234
Whole transect	2911	Styggtjärn	2021	1	0.279759101105039	55.9518202210078
Whole transect	2911	Styggtjärn	2022	1	0.279759101105039	55.9518202210078
Whole transect	2911	Styggtjärn	2024	1	0.279759101105039	55.9518202210078
Whole transect	2924	Knösen, slinga	2023	1	0.480431835282848	96.0863670565696
Whole transect	2949	Klammersbäck transekter	2010	1	0.998998340212966	199.7996680425932
Whole transect	2949	Klammersbäck transekter	2010	1	0.998998340212966	199.7996680425932
Whole transect	2956	Kung Björns hög - Högbyhatt	2022	3	1.04908888013259	209.81777602651798
Whole transect	2956	Kung Björns hög - Högbyhatt	2025	1	0.349696293377529	69.9392586755058
Whole transect	3115	Norrskog	2023	6	3.12247162241423	624.494324482846
Whole transect	3136	Gilsåsen	2021	2	0.993839790346468	198.7679580692936
Whole transect	3136	Gilsåsen	2021	2	0.993839790346468	198.7679580692936
Whole transect	3136	Gilsåsen	2022	6	2.9815193710394	596.30387420788
Whole transect	3136	Gilsåsen	2022	1	0.496919895173234	99.3839790346468
Whole transect	3136	Gilsåsen	2023	6	2.9815193710394	596.30387420788
Whole transect	3136	Gilsåsen	2023	10	4.96919895173234	993.8397903464679
Whole transect	3136	Gilsåsen	2024	4	1.98767958069294	397.535916138588
Whole transect	3137	Lövnäset, Frösvidal	2023	5	2.23325948869806	446.651897739612
Whole transect	3137	Lövnäset, Frösvidal	2023	2	0.893303795479225	178.660759095845
Whole transect	3137	Lövnäset, Frösvidal	2024	4	1.78660759095845	357.32151819169
Whole transect	3137	Lövnäset, Frösvidal	2024	1	0.446651897739612	89.3303795479224
Whole transect	3137	Lövnäset, Frösvidal	2025	3	1.33995569321884	267.99113864376795
Whole transect	3196	Stadsnära lantgård, Lidköping	2023	4	4.68691632378546	937.383264757092
Whole transect	3196	Stadsnära lantgård, Lidköping	2023	3	3.5151872428391	703.03744856782
Whole transect	3226	Sötåsens naturbruksskola	2018	2	1.10023857129244	220.047714258488
Whole transect	3244	Fensbol, Petteråsen	2021	2	2.48088806444052	496.17761288810397
Whole transect	3244	Fensbol, Petteråsen	2024	2	2.48088806444052	496.17761288810397
Whole transect	3278	Dalby fälad no 5	2023	1	0.563550603415756	112.7101206831512
Whole transect	3278	Dalby fälad no 5	2023	1	0.563550603415756	112.7101206831512
Whole transect	3285	Moen	2022	1	0.443011130669798	88.6022261339596
Whole transect	3286	Fagerhults naturreservat	2022	1	0.527455535637522	105.4911071275044
Whole transect	3575	Nybrofältet	2023	1	0.747538121711034	149.50762434220678
Whole transect	3575	Nybrofältet	2025	1	0.747538121711034	149.50762434220678
Whole transect	3575	Nybrofältet	2025	2	1.49507624342207	299.01524868441396
Whole transect	3617	Vårdsätra skog	2024	2	0.755109131574257	151.02182631485138
Whole transect	3765	Strömsmarkssätern	2025	1	0.759831347127954	151.96626942559078
Whole transect	3769	Grunneröd	2023	2	1.93918843645185	387.83768729036996
Whole transect	3789	Uddevik	2023	1	0.284143573890897	56.8287147781794
Whole transect	3789	Uddevik	2024	5	1.42071786945449	284.143573890898
Whole transect	3789	Uddevik	2024	1	0.284143573890897	56.8287147781794
Whole transect	3789	Uddevik	2025	6	1.70486144334538	340.97228866907597
Whole transect	3893	Granbacken, Berg	2023	3	3.68928804720147	737.857609440294
Whole transect	3893	Granbacken, Berg	2023	1	1.22976268240049	245.952536480098
Whole transect	3893	Granbacken, Berg	2023	1	1.22976268240049	245.952536480098
Whole transect	3893	Granbacken, Berg	2024	1	1.22976268240049	245.952536480098
Whole transect	3893	Granbacken, Berg	2024	1	1.22976268240049	245.952536480098
Whole transect	3894	Cronberget-Vallvägen, Berg	2023	1	0.61095368956986	122.19073791397199
Whole transect	3918	naturum Stenshuvud, fjärilsslinga	2025	4	3.09670470861764	619.340941723528
Whole transect	3946	Kumlan	2025	1	0.682196976129727	136.4393952259454
Whole transect	3950	Rinkaby skjutfält	2024	1	0.774270049410838	154.8540098821676
Whole transect	4071	Ishult slinga	2024	3	9.34830526697959	1869.661053395918
Whole transect	4201	Vitemölla	2024	2	0.174310788435525	34.862157687105
Whole transect	4201	Vitemölla	2025	4	0.348621576871051	69.72431537421019
Whole transect	4262	Pommerndalen	2025	2	1.40458684554067	280.917369108134
Transect segment	6	Rökepipan	2011	3	16.1769520234332	3235.3904046866396
Transect segment	6	Rökepipan	2014	1	5.39231734114441	1078.463468228882
Transect segment	17	NV Krankesjön	2012	1	3.47492651003533	694.985302007066
Transect segment	17	NV Krankesjön	2012	1	5.82439044413059	1164.878088826118
Transect segment	17	NV Krankesjön	2013	2	7.25132035203621	1450.264070407242
Transect segment	17	NV Krankesjön	2013	2	7.25132035203621	1450.264070407242
Transect segment	17	NV Krankesjön	2012	1	3.24208196605807	648.416393211614
Transect segment	19	Vankiva skola	2014	1	5.4265435521059	1085.30871042118
Transect segment	32	Gamla Mörtforsvägen	2014	1	1.92612109534044	385.224219068088
Transect segment	32	Gamla Mörtforsvägen	2015	1	1.92612109534044	385.224219068088
Transect segment	32	Gamla Mörtforsvägen	2012	1	1.7805178532978	356.10357065956003
Transect segment	32	Gamla Mörtforsvägen	2013	2	2.37620745506532	475.24149101306404
Transect segment	37	Lammakulla Mellangård	2014	1	2.52630000031621	505.26000006324205
Transect segment	37	Lammakulla Mellangård	2015	1	2.52630000031621	505.26000006324205
Transect segment	37	Lammakulla Mellangård	2018	1	2.52630000031621	505.26000006324205
Transect segment	37	Lammakulla Mellangård	2010	1	2.57452918276321	514.905836552642
Transect segment	37	Lammakulla Mellangård	2011	2	5.14905836552643	1029.811673105286
Transect segment	37	Lammakulla Mellangård	2011	1	2.57452918276321	514.905836552642
Transect segment	37	Lammakulla Mellangård	2012	1	2.57452918276321	514.905836552642
Transect segment	37	Lammakulla Mellangård	2012	1	2.57452918276321	514.905836552642
Transect segment	37	Lammakulla Mellangård	2014	9	23.1707626448689	4634.15252897378
Transect segment	37	Lammakulla Mellangård	2014	3	7.72358754828964	1544.7175096579278
Transect segment	37	Lammakulla Mellangård	2014	1	2.57452918276321	514.905836552642
Transect segment	37	Lammakulla Mellangård	2015	1	2.57452918276321	514.905836552642
Transect segment	37	Lammakulla Mellangård	2015	3	7.72358754828964	1544.7175096579278
Transect segment	37	Lammakulla Mellangård	2016	6	15.4471750965793	3089.4350193158602
Transect segment	37	Lammakulla Mellangård	2017	1	2.57452918276321	514.905836552642
Transect segment	37	Lammakulla Mellangård	2018	7	18.0217042793425	3604.3408558685
Transect segment	37	Lammakulla Mellangård	2019	4	10.2981167310529	2059.62334621058
Transect segment	37	Lammakulla Mellangård	2019	1	2.57452918276321	514.905836552642
Transect segment	37	Lammakulla Mellangård	2024	1	2.57452918276321	514.905836552642
Transect segment	37	Lammakulla Mellangård	2012	1	3.6585178715578	731.70357431156
Transect segment	37	Lammakulla Mellangård	2013	2	7.31703574311559	1463.407148623118
Transect segment	37	Lammakulla Mellangård	2014	2	7.31703574311559	1463.407148623118
Transect segment	37	Lammakulla Mellangård	2014	4	14.6340714862312	2926.81429724624
Transect segment	37	Lammakulla Mellangård	2015	1	3.6585178715578	731.70357431156
Transect segment	37	Lammakulla Mellangård	2016	4	14.6340714862312	2926.81429724624
Transect segment	37	Lammakulla Mellangård	2017	1	3.6585178715578	731.70357431156
Transect segment	37	Lammakulla Mellangård	2018	2	7.31703574311559	1463.407148623118
Transect segment	37	Lammakulla Mellangård	2019	1	3.6585178715578	731.70357431156
Transect segment	37	Lammakulla Mellangård	2019	2	7.31703574311559	1463.407148623118
Transect segment	37	Lammakulla Mellangård	2013	1	2.007142319854	401.4284639708
Transect segment	37	Lammakulla Mellangård	2014	3	6.021426959562	1204.2853919124
Transect segment	37	Lammakulla Mellangård	2014	1	2.007142319854	401.4284639708
Transect segment	37	Lammakulla Mellangård	2015	1	2.007142319854	401.4284639708
Transect segment	37	Lammakulla Mellangård	2016	1	2.007142319854	401.4284639708
Transect segment	37	Lammakulla Mellangård	2017	1	2.007142319854	401.4284639708
Transect segment	37	Lammakulla Mellangård	2018	5	10.03571159927	2007.1423198539999
Transect segment	37	Lammakulla Mellangård	2010	1	7.30478704508721	1460.957409017442
Transect segment	37	Lammakulla Mellangård	2014	2	14.6095740901744	2921.9148180348798
Transect segment	37	Lammakulla Mellangård	2015	1	7.30478704508721	1460.957409017442
Transect segment	37	Lammakulla Mellangård	2016	1	7.30478704508721	1460.957409017442
Transect segment	37	Lammakulla Mellangård	2018	1	7.30478704508721	1460.957409017442
Transect segment	37	Lammakulla Mellangård	2022	1	7.30478704508721	1460.957409017442
Transect segment	37	Lammakulla Mellangård	2013	1	5.90679669025258	1181.359338050516
Transect segment	37	Lammakulla Mellangård	2016	3	17.7203900707578	3544.07801415156
Transect segment	37	Lammakulla Mellangård	2010	1	3.47693105249117	695.386210498234
Transect segment	37	Lammakulla Mellangård	2014	1	3.47693105249117	695.386210498234
Transect segment	37	Lammakulla Mellangård	2015	1	3.47693105249117	695.386210498234
Transect segment	37	Lammakulla Mellangård	2016	1	3.47693105249117	695.386210498234
Transect segment	37	Lammakulla Mellangård	2017	2	6.95386210498233	1390.772420996466
Transect segment	37	Lammakulla Mellangård	2019	1	3.47693105249117	695.386210498234
Transect segment	37	Lammakulla Mellangård	2015	1	10.9270357938471	2185.40715876942
Transect segment	37	Lammakulla Mellangård	2016	2	21.8540715876942	4370.81431753884
Transect segment	37	Lammakulla Mellangård	2017	2	21.8540715876942	4370.81431753884
Transect segment	37	Lammakulla Mellangård	2017	2	21.8540715876942	4370.81431753884
Transect segment	37	Lammakulla Mellangård	2018	5	54.6351789692355	10927.035793847099
Transect segment	37	Lammakulla Mellangård	2018	1	10.9270357938471	2185.40715876942
Transect segment	37	Lammakulla Mellangård	2014	2	14.9191550227114	2983.83100454228
Transect segment	37	Lammakulla Mellangård	2016	3	22.3787325340671	4475.746506813421
Transect segment	37	Lammakulla Mellangård	2017	1	7.45957751135568	1491.915502271136
Transect segment	37	Lammakulla Mellangård	2018	2	14.9191550227114	2983.83100454228
Transect segment	37	Lammakulla Mellangård	2013	1	4.31493520519574	862.9870410391479
Transect segment	37	Lammakulla Mellangård	2013	2	8.62987041039148	1725.9740820782959
Transect segment	37	Lammakulla Mellangård	2013	2	8.62987041039148	1725.9740820782959
Transect segment	37	Lammakulla Mellangård	2014	2	8.62987041039148	1725.9740820782959
Transect segment	37	Lammakulla Mellangård	2015	1	4.31493520519574	862.9870410391479
Transect segment	37	Lammakulla Mellangård	2016	3	12.9448056155872	2588.96112311744
Transect segment	37	Lammakulla Mellangård	2017	1	4.31493520519574	862.9870410391479
Transect segment	37	Lammakulla Mellangård	2018	2	8.62987041039148	1725.9740820782959
Transect segment	37	Lammakulla Mellangård	2018	2	8.62987041039148	1725.9740820782959
Transect segment	37	Lammakulla Mellangård	2019	1	4.31493520519574	862.9870410391479
Transect segment	37	Lammakulla Mellangård	2021	1	4.31493520519574	862.9870410391479
Transect segment	37	Lammakulla Mellangård	2022	1	4.31493520519574	862.9870410391479
Transect segment	37	Lammakulla Mellangård	2013	1	5.31452497551955	1062.90499510391
Transect segment	37	Lammakulla Mellangård	2016	1	5.31452497551955	1062.90499510391
Transect segment	37	Lammakulla Mellangård	2019	1	5.31452497551955	1062.90499510391
Transect segment	37	Lammakulla Mellangård	2022	1	5.31452497551955	1062.90499510391
Transect segment	37	Lammakulla Mellangård	2015	1	4.06097996619287	812.195993238574
Transect segment	37	Lammakulla Mellangård	2016	1	4.06097996619287	812.195993238574
Transect segment	45	Rone Domerarve	2012	1	2.11684767437604	423.369534875208
Transect segment	45	Rone Domerarve	2012	2	4.23369534875208	846.739069750416
Transect segment	45	Rone Domerarve	2013	1	3.79559081299536	759.118162599072
Transect segment	45	Rone Domerarve	2015	1	3.79559081299536	759.118162599072
Transect segment	51	Bildstenar, Ängegård Buttle	2018	1	5.8238964099175	1164.7792819835001
Transect segment	51	Bildstenar, Ängegård Buttle	2021	1	8.0456156650189	1609.12313300378
Transect segment	56	Mallgårds Klint	2016	1	4.11205390024037	822.410780048074
Transect segment	56	Mallgårds Klint	2010	1	4.82439273941306	964.878547882612
Transect segment	56	Mallgårds Klint	2014	1	4.82439273941306	964.878547882612
Transect segment	57	Russparkens vinterhage	2022	1	3.96802626924354	793.605253848708
Transect segment	57	Russparkens vinterhage	2022	3	13.8226274721505	2764.5254944301
Transect segment	57	Russparkens vinterhage	2022	1	2.82527576739574	565.055153479148
Transect segment	57	Russparkens vinterhage	2022	1	3.26687118282572	653.374236565144
Transect segment	57	Russparkens vinterhage	2022	1	3.70444274973898	740.888549947796
Transect segment	57	Russparkens vinterhage	2022	1	7.36385400203513	1472.770800407026
Transect segment	57	Russparkens vinterhage	2022	2	11.8704811593835	2374.0962318767
Transect segment	61	Svalsjö	2010	1	3.69540185174732	739.080370349464
Transect segment	61	Svalsjö	2013	2	7.39080370349464	1478.160740698928
Transect segment	61	Svalsjö	2010	3	5.51772784806379	1103.5455696127578
Transect segment	61	Svalsjö	2012	1	1.83924261602126	367.848523204252
Transect segment	61	Svalsjö	2010	1	1.69238841632116	338.477683264232
Transect segment	61	Svalsjö	2012	1	1.69238841632116	338.477683264232
Transect segment	61	Svalsjö	2014	2	3.38477683264231	676.955366528462
Transect segment	61	Svalsjö	2011	2	5.52208657980274	1104.417315960548
Transect segment	61	Svalsjö	2012	1	2.76104328990137	552.208657980274
Transect segment	61	Svalsjö	2013	1	2.76104328990137	552.208657980274
Transect segment	61	Svalsjö	2013	1	2.76104328990137	552.208657980274
Transect segment	61	Svalsjö	2010	3	15.2212147720052	3044.2429544010397
Transect segment	61	Svalsjö	2011	2	10.1474765146701	2029.49530293402
Transect segment	61	Svalsjö	2011	2	10.1474765146701	2029.49530293402
Transect segment	61	Svalsjö	2012	1	5.07373825733506	1014.7476514670119
Transect segment	61	Svalsjö	2014	2	10.1474765146701	2029.49530293402
Transect segment	61	Svalsjö	2011	1	4.54000717884445	908.0014357688899
Transect segment	61	Svalsjö	2011	1	4.54000717884445	908.0014357688899
Transect segment	61	Svalsjö	2012	2	9.08001435768889	1816.002871537778
Transect segment	61	Svalsjö	2014	1	4.54000717884445	908.0014357688899
Transect segment	61	Svalsjö	2010	1	3.79862580136597	759.725160273194
Transect segment	61	Svalsjö	2011	2	7.59725160273193	1519.4503205463861
Transect segment	61	Svalsjö	2012	1	3.79862580136597	759.725160273194
Transect segment	61	Svalsjö	2013	3	11.3958774040979	2279.17548081958
Transect segment	61	Svalsjö	2011	1	1.40004256926451	280.008513852902
Transect segment	63	Trunelän, Maglehem	2010	1	3.39989621204137	679.979242408274
Transect segment	63	Trunelän, Maglehem	2011	2	6.79979242408274	1359.958484816548
Transect segment	63	Trunelän, Maglehem	2012	1	3.39989621204137	679.979242408274
Transect segment	63	Trunelän, Maglehem	2012	1	3.39989621204137	679.979242408274
Transect segment	63	Trunelän, Maglehem	2013	1	3.39989621204137	679.979242408274
Transect segment	63	Trunelän, Maglehem	2014	4	13.5995848481655	2719.9169696331
Transect segment	63	Trunelän, Maglehem	2015	2	6.79979242408274	1359.958484816548
Transect segment	63	Trunelän, Maglehem	2016	3	10.1996886361241	2039.9377272248198
Transect segment	63	Trunelän, Maglehem	2016	1	3.39989621204137	679.979242408274
Transect segment	63	Trunelän, Maglehem	2017	4	13.5995848481655	2719.9169696331
Transect segment	63	Trunelän, Maglehem	2017	3	10.1996886361241	2039.9377272248198
Transect segment	63	Trunelän, Maglehem	2018	4	13.5995848481655	2719.9169696331
Transect segment	63	Trunelän, Maglehem	2022	1	3.39989621204137	679.979242408274
Transect segment	63	Trunelän, Maglehem	2023	4	13.5995848481655	2719.9169696331
Transect segment	63	Trunelän, Maglehem	2010	1	5.1521088571276	1030.42177142552
Transect segment	63	Trunelän, Maglehem	2010	2	10.3042177142552	2060.84354285104
Transect segment	63	Trunelän, Maglehem	2013	1	5.1521088571276	1030.42177142552
Transect segment	63	Trunelän, Maglehem	2013	2	10.3042177142552	2060.84354285104
Transect segment	63	Trunelän, Maglehem	2013	1	5.1521088571276	1030.42177142552
Transect segment	63	Trunelän, Maglehem	2015	1	5.1521088571276	1030.42177142552
Transect segment	63	Trunelän, Maglehem	2017	4	20.6084354285104	4121.68708570208
Transect segment	63	Trunelän, Maglehem	2017	1	5.1521088571276	1030.42177142552
Transect segment	63	Trunelän, Maglehem	2022	1	5.1521088571276	1030.42177142552
Transect segment	63	Trunelän, Maglehem	2023	4	20.6084354285104	4121.68708570208
Transect segment	63	Trunelän, Maglehem	2010	3	16.2244916592852	3244.89833185704
Transect segment	63	Trunelän, Maglehem	2013	1	5.4081638864284	1081.63277728568
Transect segment	63	Trunelän, Maglehem	2013	1	5.4081638864284	1081.63277728568
Transect segment	63	Trunelän, Maglehem	2014	2	10.8163277728568	2163.26555457136
Transect segment	63	Trunelän, Maglehem	2014	1	5.4081638864284	1081.63277728568
Transect segment	63	Trunelän, Maglehem	2015	1	5.4081638864284	1081.63277728568
Transect segment	63	Trunelän, Maglehem	2017	3	16.2244916592852	3244.89833185704
Transect segment	63	Trunelän, Maglehem	2018	1	5.4081638864284	1081.63277728568
Transect segment	63	Trunelän, Maglehem	2022	1	5.4081638864284	1081.63277728568
Transect segment	63	Trunelän, Maglehem	2022	1	5.4081638864284	1081.63277728568
Transect segment	63	Trunelän, Maglehem	2023	3	16.2244916592852	3244.89833185704
Transect segment	63	Trunelän, Maglehem	2010	1	2.57687035304652	515.374070609304
Transect segment	63	Trunelän, Maglehem	2011	3	7.73061105913956	1546.122211827912
Transect segment	63	Trunelän, Maglehem	2013	4	10.3074814121861	2061.49628243722
Transect segment	63	Trunelän, Maglehem	2014	5	12.8843517652326	2576.87035304652
Transect segment	63	Trunelän, Maglehem	2015	1	2.57687035304652	515.374070609304
Transect segment	63	Trunelän, Maglehem	2015	1	2.57687035304652	515.374070609304
Transect segment	63	Trunelän, Maglehem	2015	3	7.73061105913956	1546.122211827912
Transect segment	63	Trunelän, Maglehem	2017	2	5.15374070609304	1030.748141218608
Transect segment	63	Trunelän, Maglehem	2017	3	7.73061105913956	1546.122211827912
Transect segment	63	Trunelän, Maglehem	2017	1	2.57687035304652	515.374070609304
Transect segment	63	Trunelän, Maglehem	2018	4	10.3074814121861	2061.49628243722
Transect segment	63	Trunelän, Maglehem	2020	1	2.57687035304652	515.374070609304
Transect segment	63	Trunelän, Maglehem	2022	1	2.57687035304652	515.374070609304
Transect segment	63	Trunelän, Maglehem	2022	2	5.15374070609304	1030.748141218608
Transect segment	63	Trunelän, Maglehem	2023	6	15.4612221182791	3092.24442365582
Transect segment	63	Trunelän, Maglehem	2010	1	3.6791571312032	735.83142624064
Transect segment	63	Trunelän, Maglehem	2017	1	3.6791571312032	735.83142624064
Transect segment	63	Trunelän, Maglehem	2023	1	3.6791571312032	735.83142624064
Transect segment	63	Trunelän, Maglehem	2010	1	2.52207147372904	504.414294745808
Transect segment	63	Trunelän, Maglehem	2013	2	5.04414294745809	1008.8285894916179
Transect segment	63	Trunelän, Maglehem	2014	1	2.52207147372904	504.414294745808
Transect segment	63	Trunelän, Maglehem	2015	1	2.52207147372904	504.414294745808
Transect segment	63	Trunelän, Maglehem	2015	1	2.52207147372904	504.414294745808
Transect segment	63	Trunelän, Maglehem	2017	3	7.56621442118714	1513.242884237428
Transect segment	63	Trunelän, Maglehem	2017	2	5.04414294745809	1008.8285894916179
Transect segment	63	Trunelän, Maglehem	2018	1	2.52207147372904	504.414294745808
Transect segment	63	Trunelän, Maglehem	2020	1	2.52207147372904	504.414294745808
Transect segment	63	Trunelän, Maglehem	2022	1	2.52207147372904	504.414294745808
Transect segment	74	Snogehall	2018	1	6.46624700927	1293.249401854
Transect segment	76	Linjevägen pkt 13 - slinga	2011	1	4.63069896925114	926.1397938502281
Transect segment	76	Linjevägen pkt 13 - slinga	2012	1	4.63069896925114	926.1397938502281
Transect segment	76	Linjevägen pkt 13 - slinga	2013	1	4.63069896925114	926.1397938502281
Transect segment	76	Linjevägen pkt 13 - slinga	2014	1	5.10276257958549	1020.552515917098
Transect segment	107	Hällen, Angelbos	2013	1	4.8747749221503	974.9549844300599
Transect segment	107	Hällen, Angelbos	2013	1	3.74308667952823	748.617335905646
Transect segment	107	Hällen, Angelbos	2013	5	10.6624394617441	2132.48789234882
Transect segment	107	Hällen, Angelbos	2013	2	5.88140803599521	1176.281607199042
Transect segment	110	Nymans Fröjel - slinga	2011	2	4.89778366585018	979.556733170036
Transect segment	110	Nymans Fröjel - slinga	2011	1	2.44889183292509	489.778366585018
Transect segment	110	Nymans Fröjel - slinga	2013	1	2.44889183292509	489.778366585018
Transect segment	110	Nymans Fröjel - slinga	2011	2	8.94353857058434	1788.7077141168681
Transect segment	110	Nymans Fröjel - slinga	2010	2	12.5899649699402	2517.99299398804
Transect segment	110	Nymans Fröjel - slinga	2011	4	25.1799299398805	5035.9859879761
Transect segment	110	Nymans Fröjel - slinga	2016	1	6.29498248497012	1258.996496994024
Transect segment	111	Slite motionsslinga	2011	1	7.01819658540204	1403.639317080408
Transect segment	111	Slite motionsslinga	2013	1	4.76925943938417	953.851887876834
Transect segment	111	Slite motionsslinga	2016	2	9.53851887876833	1907.7037757536662
Transect segment	111	Slite motionsslinga	2017	1	4.76925943938417	953.851887876834
Transect segment	111	Slite motionsslinga	2010	1	4.32864271416873	865.7285428337459
Transect segment	111	Slite motionsslinga	2013	1	4.32864271416873	865.7285428337459
Transect segment	111	Slite motionsslinga	2014	1	4.32864271416873	865.7285428337459
Transect segment	111	Slite motionsslinga	2015	2	8.65728542833745	1731.4570856674902
Transect segment	111	Slite motionsslinga	2015	2	8.65728542833745	1731.4570856674902
Transect segment	111	Slite motionsslinga	2016	1	4.32864271416873	865.7285428337459
Transect segment	111	Slite motionsslinga	2019	1	4.32864271416873	865.7285428337459
Transect segment	111	Slite motionsslinga	2010	3	5.36529879910002	1073.059759820004
Transect segment	111	Slite motionsslinga	2011	1	1.78843293303334	357.686586606668
Transect segment	111	Slite motionsslinga	2013	1	1.78843293303334	357.686586606668
Transect segment	111	Slite motionsslinga	2014	1	1.78843293303334	357.686586606668
Transect segment	111	Slite motionsslinga	2016	1	1.78843293303334	357.686586606668
Transect segment	111	Slite motionsslinga	2016	2	3.57686586606668	715.373173213336
Transect segment	111	Slite motionsslinga	2010	2	10.382938140465	2076.587628093
Transect segment	111	Slite motionsslinga	2010	2	10.382938140465	2076.587628093
Transect segment	111	Slite motionsslinga	2012	1	5.19146907023248	1038.293814046496
Transect segment	111	Slite motionsslinga	2015	2	10.382938140465	2076.587628093
Transect segment	113	Grostädeviken	2010	1	10.3498921428498	2069.97842856996
Transect segment	123	Nyckleby Övergård 3	2011	3	5.40743118330178	1081.4862366603559
Transect segment	123	Nyckleby Övergård 3	2010	3	10.0865054666223	2017.3010933244602
Transect segment	123	Nyckleby Övergård 3	2011	4	13.4486739554964	2689.73479109928
Transect segment	123	Nyckleby Övergård 3	2011	2	6.7243369777482	1344.86739554964
Transect segment	123	Nyckleby Övergård 3	2014	5	16.8108424443705	3362.1684888741
Transect segment	123	Nyckleby Övergård 3	2011	5	12.8427434021134	2568.5486804226803
Transect segment	123	Nyckleby Övergård 3	2014	4	10.2741947216908	2054.8389443381598
Transect segment	123	Nyckleby Övergård 3	2010	1	4.17563583390997	835.127166781994
Transect segment	123	Nyckleby Övergård 3	2019	1	4.17563583390997	835.127166781994
Transect segment	123	Nyckleby Övergård 3	2011	1	3.63166079645742	726.332159291484
Transect segment	123	Nyckleby Övergård 3	2011	1	3.63166079645742	726.332159291484
Transect segment	123	Nyckleby Övergård 3	2014	3	10.8949823893723	2178.99647787446
Transect segment	123	Nyckleby Övergård 3	2011	1	2.17308378310081	434.616756620162
Transect segment	123	Nyckleby Övergård 3	2011	2	4.34616756620161	869.233513240322
Transect segment	124	Öventorp, Kvarnängen	2015	1	4.01623161476119	803.246322952238
Transect segment	124	Öventorp, Kvarnängen	2011	2	5.20750585385501	1041.501170771002
Transect segment	124	Öventorp, Kvarnängen	2016	1	13.6337689828708	2726.75379657416
Transect segment	132	Åsnatorp, Närke	2023	1	12.1791581779677	2435.83163559354
Transect segment	132	Åsnatorp, Närke	2022	1	6.46846045859363	1293.692091718726
Transect segment	132	Åsnatorp, Närke	2023	1	2.60026005561788	520.052011123576
Transect segment	132	Åsnatorp, Närke	2011	1	22.7470106749474	4549.40213498948
Transect segment	132	Åsnatorp, Närke	2011	1	22.7470106749474	4549.40213498948
Transect segment	138	Almsjöslingan 2	2011	1	0.503892021999111	100.7784043998222
Transect segment	140	Nackareservatet	2020	1	1.58306125631804	316.612251263608
Transect segment	140	Nackareservatet	2021	1	1.58306125631804	316.612251263608
Transect segment	140	Nackareservatet	2023	1	1.58306125631804	316.612251263608
Transect segment	140	Nackareservatet	2023	2	3.16612251263607	633.224502527214
Transect segment	141	Lillängen	2014	2	18.808801914316	3761.7603828632
Transect segment	141	Lillängen	2014	1	3.79607859814057	759.215719628114
Transect segment	141	Lillängen	2010	1	4.53080235743308	906.160471486616
Transect segment	143	Tumstocksfabriken/Mellösaverken	2010	1	3.44439449172268	688.878898344536
Transect segment	143	Tumstocksfabriken/Mellösaverken	2010	1	2.32217761393165	464.43552278632995
Transect segment	144	Nåsten - Fjärilsstigen	2010	1	5.03900219183246	1007.800438366492
Transect segment	144	Nåsten - Fjärilsstigen	2010	1	5.03900219183246	1007.800438366492
Transect segment	144	Nåsten - Fjärilsstigen	2011	1	5.03900219183246	1007.800438366492
Transect segment	144	Nåsten - Fjärilsstigen	2016	2	10.0780043836649	2015.6008767329802
Transect segment	144	Nåsten - Fjärilsstigen	2017	1	5.03900219183246	1007.800438366492
Transect segment	144	Nåsten - Fjärilsstigen	2018	1	5.03900219183246	1007.800438366492
Transect segment	144	Nåsten - Fjärilsstigen	2019	1	5.03900219183246	1007.800438366492
Transect segment	144	Nåsten - Fjärilsstigen	2020	1	5.03900219183246	1007.800438366492
Transect segment	144	Nåsten - Fjärilsstigen	2020	1	5.03900219183246	1007.800438366492
Transect segment	144	Nåsten - Fjärilsstigen	2021	1	5.03900219183246	1007.800438366492
Transect segment	144	Nåsten - Fjärilsstigen	2022	1	5.03900219183246	1007.800438366492
Transect segment	144	Nåsten - Fjärilsstigen	2023	1	5.03900219183246	1007.800438366492
Transect segment	144	Nåsten - Fjärilsstigen	2010	1	3.07642450266117	615.284900532234
Transect segment	144	Nåsten - Fjärilsstigen	2011	3	9.2292735079835	1845.8547015967
Transect segment	144	Nåsten - Fjärilsstigen	2017	3	9.2292735079835	1845.8547015967
Transect segment	144	Nåsten - Fjärilsstigen	2018	1	3.07642450266117	615.284900532234
Transect segment	144	Nåsten - Fjärilsstigen	2018	5	15.3821225133058	3076.42450266116
Transect segment	144	Nåsten - Fjärilsstigen	2010	5	13.7718136977222	2754.36273954444
Transect segment	144	Nåsten - Fjärilsstigen	2011	1	2.75436273954443	550.8725479088861
Transect segment	144	Nåsten - Fjärilsstigen	2016	2	5.50872547908886	1101.7450958177722
Transect segment	144	Nåsten - Fjärilsstigen	2017	1	2.75436273954443	550.8725479088861
Transect segment	144	Nåsten - Fjärilsstigen	2017	1	2.75436273954443	550.8725479088861
Transect segment	144	Nåsten - Fjärilsstigen	2018	1	2.75436273954443	550.8725479088861
Transect segment	144	Nåsten - Fjärilsstigen	2018	1	2.75436273954443	550.8725479088861
Transect segment	144	Nåsten - Fjärilsstigen	2020	1	2.75436273954443	550.8725479088861
Transect segment	144	Nåsten - Fjärilsstigen	2021	1	2.75436273954443	550.8725479088861
Transect segment	144	Nåsten - Fjärilsstigen	2010	2	8.34845210278954	1669.690420557908
Transect segment	144	Nåsten - Fjärilsstigen	2011	7	29.2195823597634	5843.91647195268
Transect segment	144	Nåsten - Fjärilsstigen	2017	1	4.17422605139477	834.845210278954
Transect segment	144	Nåsten - Fjärilsstigen	2017	1	4.17422605139477	834.845210278954
Transect segment	144	Nåsten - Fjärilsstigen	2017	1	4.17422605139477	834.845210278954
Transect segment	144	Nåsten - Fjärilsstigen	2018	1	4.17422605139477	834.845210278954
Transect segment	144	Nåsten - Fjärilsstigen	2018	1	4.17422605139477	834.845210278954
Transect segment	144	Nåsten - Fjärilsstigen	2019	1	4.17422605139477	834.845210278954
Transect segment	144	Nåsten - Fjärilsstigen	2021	1	4.17422605139477	834.845210278954
Transect segment	144	Nåsten - Fjärilsstigen	2023	1	4.17422605139477	834.845210278954
Transect segment	144	Nåsten - Fjärilsstigen	2010	2	8.83132889051724	1766.265778103448
Transect segment	144	Nåsten - Fjärilsstigen	2011	7	30.9096511168103	6181.93022336206
Transect segment	144	Nåsten - Fjärilsstigen	2016	1	4.41566444525862	883.132889051724
Transect segment	144	Nåsten - Fjärilsstigen	2017	1	4.41566444525862	883.132889051724
Transect segment	144	Nåsten - Fjärilsstigen	2021	1	4.41566444525862	883.132889051724
Transect segment	144	Nåsten - Fjärilsstigen	2022	1	4.41566444525862	883.132889051724
Transect segment	145	Syd Rävsjön, Norrtälje	2010	1	4.98205190639738	996.4103812794759
Transect segment	145	Syd Rävsjön, Norrtälje	2010	1	3.66934060188577	733.868120377154
Transect segment	145	Syd Rävsjön, Norrtälje	2011	1	3.66934060188577	733.868120377154
Transect segment	145	Syd Rävsjön, Norrtälje	2010	1	6.32222806952243	1264.445613904486
Transect segment	145	Syd Rävsjön, Norrtälje	2010	1	7.32314067944168	1464.6281358883361
Transect segment	145	Syd Rävsjön, Norrtälje	2010	1	6.28791937310117	1257.583874620234
Transect segment	148	Snäcktorp- Mellingeholm	2018	1	7.64974560402118	1529.949120804236
Transect segment	148	Snäcktorp- Mellingeholm	2016	1	7.26897884458705	1453.79576891741
Transect segment	148	Snäcktorp- Mellingeholm	2017	1	7.26897884458705	1453.79576891741
Transect segment	148	Snäcktorp- Mellingeholm	2018	1	7.26897884458705	1453.79576891741
Transect segment	148	Snäcktorp- Mellingeholm	2019	1	4.37278972461565	874.55794492313
Transect segment	148	Snäcktorp- Mellingeholm	2014	1	3.44515076170611	689.030152341222
Transect segment	148	Snäcktorp- Mellingeholm	2017	1	3.44515076170611	689.030152341222
Transect segment	148	Snäcktorp- Mellingeholm	2019	1	3.44515076170611	689.030152341222
Transect segment	148	Snäcktorp- Mellingeholm	2014	1	2.8836175037407	576.7235007481399
Transect segment	148	Snäcktorp- Mellingeholm	2011	1	23.4599976959625	4691.9995391925
Transect segment	148	Snäcktorp- Mellingeholm	2013	1	23.4599976959625	4691.9995391925
Transect segment	148	Snäcktorp- Mellingeholm	2017	1	23.4599976959625	4691.9995391925
Transect segment	148	Snäcktorp- Mellingeholm	2018	1	12.7325152313924	2546.50304627848
Transect segment	149	Bullandö	2011	1	12.5437345153275	2508.7469030655
Transect segment	150	Upnäs tomtområde	2011	2	9.33307854899633	1866.615709799266
Transect segment	150	Upnäs tomtområde	2012	3	13.9996178234945	2799.9235646989
Transect segment	150	Upnäs tomtområde	2013	2	9.33307854899633	1866.615709799266
Transect segment	150	Upnäs tomtområde	2014	1	4.66653927449817	933.3078548996341
Transect segment	150	Upnäs tomtområde	2013	1	2.31522508784351	463.045017568702
Transect segment	151	Röcklinge 2:7	2012	2	55.4463535344769	11089.27070689538
Transect segment	153	Skogsmuren, Ramnäs	2011	1	0.920182535248995	184.03650704979898
Transect segment	153	Skogsmuren, Ramnäs	2013	1	0.920182535248995	184.03650704979898
Transect segment	153	Skogsmuren, Ramnäs	2013	3	2.76054760574698	552.109521149396
Transect segment	153	Skogsmuren, Ramnäs	2014	3	2.76054760574698	552.109521149396
Transect segment	153	Skogsmuren, Ramnäs	2014	3	2.76054760574698	552.109521149396
Transect segment	154	Hemdalsvägen	2014	1	4.41243659370178	882.4873187403559
Transect segment	154	Hemdalsvägen	2011	1	2.25078578480556	450.15715696111204
Transect segment	154	Hemdalsvägen	2011	1	2.25078578480556	450.15715696111204
Transect segment	154	Hemdalsvägen	2014	1	2.25078578480556	450.15715696111204
Transect segment	154	Hemdalsvägen	2016	1	2.25078578480556	450.15715696111204
Transect segment	154	Hemdalsvägen	2020	1	2.25078578480556	450.15715696111204
Transect segment	158	Erlanderslingan	2013	1	11.2736285074459	2254.72570148918
Transect segment	158	Erlanderslingan	2013	1	5.30273423475554	1060.5468469511081
Transect segment	178	Djäknabygd, Stenbrohult socken	2012	1	0.159925696464556	31.985139292911203
Transect segment	178	Djäknabygd, Stenbrohult socken	2012	1	0.159925696464556	31.985139292911203
Transect segment	178	Djäknabygd, Stenbrohult socken	2012	1	0.159925696464556	31.985139292911203
Transect segment	178	Djäknabygd, Stenbrohult socken	2013	2	0.319851392929111	63.97027858582221
Transect segment	178	Djäknabygd, Stenbrohult socken	2013	1	0.159925696464556	31.985139292911203
Transect segment	178	Djäknabygd, Stenbrohult socken	2013	1	0.159925696464556	31.985139292911203
Transect segment	178	Djäknabygd, Stenbrohult socken	2016	3	0.479777089393667	95.9554178787334
Transect segment	178	Djäknabygd, Stenbrohult socken	2016	2	0.319851392929111	63.97027858582221
Transect segment	178	Djäknabygd, Stenbrohult socken	2016	2	0.319851392929111	63.97027858582221
Transect segment	178	Djäknabygd, Stenbrohult socken	2016	2	0.319851392929111	63.97027858582221
Transect segment	178	Djäknabygd, Stenbrohult socken	2016	3	0.479777089393667	95.9554178787334
Transect segment	178	Djäknabygd, Stenbrohult socken	2016	2	0.319851392929111	63.97027858582221
Transect segment	178	Djäknabygd, Stenbrohult socken	2016	5	0.799628482322778	159.92569646455559
Transect segment	178	Djäknabygd, Stenbrohult socken	2016	1	0.159925696464556	31.985139292911203
Transect segment	178	Djäknabygd, Stenbrohult socken	2017	2	0.319851392929111	63.97027858582221
Transect segment	178	Djäknabygd, Stenbrohult socken	2017	1	0.159925696464556	31.985139292911203
Transect segment	178	Djäknabygd, Stenbrohult socken	2017	3	0.479777089393667	95.9554178787334
Transect segment	178	Djäknabygd, Stenbrohult socken	2017	1	0.159925696464556	31.985139292911203
Transect segment	178	Djäknabygd, Stenbrohult socken	2017	4	0.639702785858223	127.94055717164461
Transect segment	178	Djäknabygd, Stenbrohult socken	2018	2	0.319851392929111	63.97027858582221
Transect segment	178	Djäknabygd, Stenbrohult socken	2019	1	0.159925696464556	31.985139292911203
Transect segment	178	Djäknabygd, Stenbrohult socken	2019	1	0.159925696464556	31.985139292911203
Transect segment	178	Djäknabygd, Stenbrohult socken	2019	1	0.159925696464556	31.985139292911203
Transect segment	178	Djäknabygd, Stenbrohult socken	2020	1	0.159925696464556	31.985139292911203
Transect segment	185	Visby Kungsladugårdshällarna	2013	1	3.1387976133458	627.75952266916
Transect segment	192	Stora Karsbo	2012	1	8.18067953622874	1636.1359072457478
Transect segment	192	Stora Karsbo	2023	1	8.18067953622874	1636.1359072457478
Transect segment	192	Stora Karsbo	2025	1	8.18067953622874	1636.1359072457478
Transect segment	192	Stora Karsbo	2011	1	5.19706369667801	1039.412739335602
Transect segment	192	Stora Karsbo	2012	1	5.19706369667801	1039.412739335602
Transect segment	192	Stora Karsbo	2016	1	5.19706369667801	1039.412739335602
Transect segment	192	Stora Karsbo	2025	1	5.19706369667801	1039.412739335602
Transect segment	192	Stora Karsbo	2011	1	1.84081765099295	368.16353019858997
Transect segment	192	Stora Karsbo	2011	1	1.84081765099295	368.16353019858997
Transect segment	192	Stora Karsbo	2014	1	1.84081765099295	368.16353019858997
Transect segment	192	Stora Karsbo	2014	2	3.68163530198591	736.327060397182
Transect segment	192	Stora Karsbo	2019	1	1.84081765099295	368.16353019858997
Transect segment	192	Stora Karsbo	2022	1	1.84081765099295	368.16353019858997
Transect segment	192	Stora Karsbo	2023	1	1.84081765099295	368.16353019858997
Transect segment	192	Stora Karsbo	2023	2	3.68163530198591	736.327060397182
Transect segment	192	Stora Karsbo	2023	2	3.68163530198591	736.327060397182
Transect segment	192	Stora Karsbo	2023	1	1.84081765099295	368.16353019858997
Transect segment	192	Stora Karsbo	2024	3	5.52245295297886	1104.490590595772
Transect segment	192	Stora Karsbo	2024	3	5.52245295297886	1104.490590595772
Transect segment	192	Stora Karsbo	2024	1	1.84081765099295	368.16353019858997
Transect segment	192	Stora Karsbo	2025	2	3.68163530198591	736.327060397182
Transect segment	192	Stora Karsbo	2011	1	1.49374044716504	298.748089433008
Transect segment	192	Stora Karsbo	2012	1	1.49374044716504	298.748089433008
Transect segment	192	Stora Karsbo	2012	1	1.49374044716504	298.748089433008
Transect segment	192	Stora Karsbo	2014	1	1.49374044716504	298.748089433008
Transect segment	192	Stora Karsbo	2015	1	1.49374044716504	298.748089433008
Transect segment	192	Stora Karsbo	2023	1	1.49374044716504	298.748089433008
Transect segment	192	Stora Karsbo	2011	1	3.18957350620638	637.914701241276
Transect segment	192	Stora Karsbo	2014	2	6.37914701241276	1275.829402482552
Transect segment	192	Stora Karsbo	2014	2	6.37914701241276	1275.829402482552
Transect segment	192	Stora Karsbo	2014	2	6.37914701241276	1275.829402482552
Transect segment	192	Stora Karsbo	2023	2	6.37914701241276	1275.829402482552
Transect segment	202	Kungsborg	2011	10	2.93665639663501	587.331279327002
Transect segment	202	Kungsborg	2011	7	2.0556594776445	411.1318955289
Transect segment	203	St Vika kalkstensbrott	2011	10	35.2443673388646	7048.87346777292
Transect segment	203	St Vika kalkstensbrott	2011	2	7.04887346777292	1409.774693554584
Transect segment	203	St Vika kalkstensbrott	2011	5	2.3558183711553	471.16367423106
Transect segment	203	St Vika kalkstensbrott	2011	5	10.7652964512188	2153.05929024376
Transect segment	207	Månsabola	2018	1	3.91704354535147	783.408709070294
Transect segment	207	Månsabola	2018	1	3.08746509048614	617.493018097228
Transect segment	207	Månsabola	2018	1	5.31106693338476	1062.213386676952
Transect segment	207	Månsabola	2018	1	9.86343279795016	1972.6865595900322
Transect segment	214	Tomtahagar	2014	2	10.3354921327017	2067.09842654034
Transect segment	214	Tomtahagar	2015	2	6.38192383674011	1276.384767348022
Transect segment	214	Tomtahagar	2017	2	6.38192383674011	1276.384767348022
Transect segment	214	Tomtahagar	2018	1	3.19096191837006	638.192383674012
Transect segment	214	Tomtahagar	2021	1	3.19096191837006	638.192383674012
Transect segment	214	Tomtahagar	2018	1	6.38148769692501	1276.297539385002
Transect segment	215	Tripphult	2011	1	4.12593105876048	825.1862117520959
Transect segment	215	Tripphult	2014	1	4.12593105876048	825.1862117520959
Transect segment	215	Tripphult	2011	1	4.86684744469175	973.3694889383501
Transect segment	215	Tripphult	2013	2	9.7336948893835	1946.7389778767001
Transect segment	215	Tripphult	2014	1	4.86684744469175	973.3694889383501
Transect segment	215	Tripphult	2011	1	5.09092036487704	1018.1840729754081
Transect segment	215	Tripphult	2011	2	9.07487485297019	1814.974970594038
Transect segment	215	Tripphult	2013	1	4.53743742648509	907.4874852970179
Transect segment	240	Ulvered	2021	1	1.26568521616871	253.137043233742
Transect segment	240	Ulvered	2016	2	2.18848543950749	437.697087901498
Transect segment	240	Ulvered	2016	1	1.09424271975375	218.84854395075
Transect segment	242	Prästabonnens gård	2014	2	43.258815762425	8651.763152485
Transect segment	255	Wij, Lindhagen	2011	3	11.117394922657	2223.4789845314003
Transect segment	255	Wij, Lindhagen	2011	3	11.117394922657	2223.4789845314003
Transect segment	255	Wij, Lindhagen	2011	1	3.70579830755232	741.159661510464
Transect segment	255	Wij, Lindhagen	2011	2	15.6473018814042	3129.46037628084
Transect segment	255	Wij, Lindhagen	2011	1	7.8236509407021	1564.73018814042
Transect segment	255	Wij, Lindhagen	2015	3	23.4709528221063	4694.19056442126
Transect segment	255	Wij, Lindhagen	2016	2	15.6473018814042	3129.46037628084
Transect segment	255	Wij, Lindhagen	2018	2	15.6473018814042	3129.46037628084
Transect segment	255	Wij, Lindhagen	2024	1	7.8236509407021	1564.73018814042
Transect segment	255	Wij, Lindhagen	2011	3	13.2252812903974	2645.05625807948
Transect segment	255	Wij, Lindhagen	2014	1	2.36020935571956	472.041871143912
Transect segment	255	Wij, Lindhagen	2014	1	4.14955644510417	829.911289020834
Transect segment	256	Liseberg	2018	1	12.1967299080873	2439.34598161746
Transect segment	269	Enebba	2011	2	13.962106852389	2792.4213704778003
Transect segment	274	Fjäle ängar	2013	1	37.0145335195352	7402.90670390704
Transect segment	274	Fjäle ängar	2014	1	5.5155445149781	1103.1089029956202
Transect segment	274	Fjäle ängar	2022	1	3.562022506191	712.4045012382
Transect segment	274	Fjäle ängar	2012	1	21.6448494573652	4328.96989147304
Transect segment	300	Lilla Silpinge - slinga	2014	2	30.2887578374631	6057.75156749262
Transect segment	317	Kocktorp, Ängsö	2011	1	4.77381084190099	954.762168380198
Transect segment	317	Kocktorp, Ängsö	2011	1	2.56965838063637	513.931676127274
Transect segment	317	Kocktorp, Ängsö	2011	2	4.98928058741732	997.856117483464
Transect segment	317	Kocktorp, Ängsö	2013	1	1.85561726255771	371.12345251154204
Transect segment	317	Kocktorp, Ängsö	2011	1	2.674604269214	534.9208538427999
Transect segment	317	Kocktorp, Ängsö	2013	1	2.674604269214	534.9208538427999
Transect segment	317	Kocktorp, Ängsö	2013	2	4.76901473823591	953.802947647182
Transect segment	317	Kocktorp, Ängsö	2012	1	4.18191781012462	836.383562024924
Transect segment	317	Kocktorp, Ängsö	2013	1	4.18191781012462	836.383562024924
Transect segment	317	Kocktorp, Ängsö	2011	1	4.68907695828236	937.815391656472
Transect segment	319	Kättilstad Berghamra	2011	1	9.53761695553018	1907.523391106036
Transect segment	330	Ransäter Arboga	2011	2	3.35557738094574	671.115476189148
Transect segment	330	Ransäter Arboga	2011	1	1.67778869047287	335.557738094574
Transect segment	330	Ransäter Arboga	2013	1	1.67778869047287	335.557738094574
Transect segment	330	Ransäter Arboga	2014	3	5.03336607141861	1006.6732142837219
Transect segment	330	Ransäter Arboga	2015	1	1.67778869047287	335.557738094574
Transect segment	330	Ransäter Arboga	2016	2	3.35557738094574	671.115476189148
Transect segment	330	Ransäter Arboga	2016	1	2.53546174713607	507.092349427214
Transect segment	330	Ransäter Arboga	2022	1	2.53546174713607	507.092349427214
Transect segment	330	Ransäter Arboga	2014	1	2.6648249893667	532.96499787334
Transect segment	330	Ransäter Arboga	2023	1	2.6648249893667	532.96499787334
Transect segment	330	Ransäter Arboga	2015	2	3.96206512159586	792.413024319172
Transect segment	330	Ransäter Arboga	2016	1	1.98103256079793	396.206512159586
Transect segment	330	Ransäter Arboga	2020	1	1.98103256079793	396.206512159586
Transect segment	330	Ransäter Arboga	2021	1	1.98103256079793	396.206512159586
Transect segment	330	Ransäter Arboga	2022	1	1.98103256079793	396.206512159586
Transect segment	330	Ransäter Arboga	2014	1	2.90868408484085	581.7368169681699
Transect segment	362	Lötaholmen	2011	1	2.63141391801098	526.282783602196
Transect segment	364	Axsjöfallet S	2014	2	15.9495376830258	3189.90753660516
Transect segment	387	Klören	2016	2	6.34671931035589	1269.343862071178
Transect segment	387	Klören	2012	1	29.7724558090314	5954.49116180628
Transect segment	390	Broknäs slinga 1, Bogesund	2014	2	2.60093015095286	520.186030190572
Transect segment	390	Broknäs slinga 1, Bogesund	2017	1	1.30046507547643	260.093015095286
Transect segment	390	Broknäs slinga 1, Bogesund	2018	2	2.60093015095286	520.186030190572
Transect segment	390	Broknäs slinga 1, Bogesund	2022	2	2.60093015095286	520.186030190572
Transect segment	390	Broknäs slinga 1, Bogesund	2012	1	1.6049437402526	320.98874805052
Transect segment	390	Broknäs slinga 1, Bogesund	2013	2	3.20988748050521	641.977496101042
Transect segment	390	Broknäs slinga 1, Bogesund	2013	1	1.6049437402526	320.98874805052
Transect segment	390	Broknäs slinga 1, Bogesund	2014	6	9.62966244151561	1925.932488303122
Transect segment	390	Broknäs slinga 1, Bogesund	2015	1	1.6049437402526	320.98874805052
Transect segment	390	Broknäs slinga 1, Bogesund	2015	1	1.6049437402526	320.98874805052
Transect segment	390	Broknäs slinga 1, Bogesund	2016	2	3.20988748050521	641.977496101042
Transect segment	390	Broknäs slinga 1, Bogesund	2025	1	1.6049437402526	320.98874805052
Transect segment	411	Längs Nordre älv, Kungälv	2020	1	1.12361529247236	224.72305849447199
Transect segment	412	Remmene skjutfält	2012	1	2.36189151081208	472.37830216241605
Transect segment	412	Remmene skjutfält	2013	1	2.36189151081208	472.37830216241605
Transect segment	412	Remmene skjutfält	2016	1	2.36189151081208	472.37830216241605
Transect segment	412	Remmene skjutfält	2021	1	2.36189151081208	472.37830216241605
Transect segment	412	Remmene skjutfält	2025	2	4.72378302162416	944.7566043248321
Transect segment	412	Remmene skjutfält	2025	2	4.72378302162416	944.7566043248321
Transect segment	412	Remmene skjutfält	2014	1	7.36097807109638	1472.195614219276
Transect segment	412	Remmene skjutfält	2015	1	7.36097807109638	1472.195614219276
Transect segment	412	Remmene skjutfält	2016	1	7.36097807109638	1472.195614219276
Transect segment	412	Remmene skjutfält	2023	1	4.61799467836032	923.598935672064
Transect segment	412	Remmene skjutfält	2014	3	11.0795798512805	2215.9159702561
Transect segment	412	Remmene skjutfält	2016	2	7.38638656752037	1477.277313504074
Transect segment	412	Remmene skjutfält	2023	4	14.7727731350407	2954.55462700814
Transect segment	412	Remmene skjutfält	2012	2	10.482324307614	2096.4648615228
Transect segment	412	Remmene skjutfält	2012	1	5.241162153807	1048.2324307614
Transect segment	420	Västra Ringstad, slinga 2	2013	3	56.8188014399546	11363.76028799092
Transect segment	420	Västra Ringstad, slinga 2	2014	2	37.8792009599697	7575.840191993941
Transect segment	420	Västra Ringstad, slinga 2	2018	1	18.9396004799849	3787.92009599698
Transect segment	420	Västra Ringstad, slinga 2	2013	1	3.81397268668249	762.794537336498
Transect segment	420	Västra Ringstad, slinga 2	2013	1	2.679298809737	535.8597619474
Transect segment	420	Västra Ringstad, slinga 2	2018	1	2.679298809737	535.8597619474
Transect segment	420	Västra Ringstad, slinga 2	2017	1	2.68531640184175	537.06328036835
Transect segment	426	Lövåsen, Billingsfors	2014	1	1.4421416970239	288.42833940478
Transect segment	426	Lövåsen, Billingsfors	2012	1	2.6979568582973	539.59137165946
Transect segment	441	Åsenslingan	2012	1	3.33977970562692	667.955941125384
Transect segment	441	Åsenslingan	2013	1	3.33977970562692	667.955941125384
Transect segment	441	Åsenslingan	2016	2	6.67955941125383	1335.911882250766
Transect segment	441	Åsenslingan	2013	1	3.01244892425624	602.489784851248
Transect segment	441	Åsenslingan	2012	2	6.75359458817147	1350.718917634294
Transect segment	441	Åsenslingan	2013	1	3.37679729408574	675.359458817148
Transect segment	446	Sandliden, Bohus	2012	5	60.1156158989048	12023.12317978096
Transect segment	446	Sandliden, Bohus	2013	1	12.023123179781	2404.6246359562
Transect segment	446	Sandliden, Bohus	2013	4	48.0924927191238	9618.498543824759
Transect segment	446	Sandliden, Bohus	2014	2	24.0462463595619	4809.249271912379
Transect segment	446	Sandliden, Bohus	2013	2	23.1520318065635	4630.4063613127
Transect segment	446	Sandliden, Bohus	2013	2	23.1520318065635	4630.4063613127
Transect segment	446	Sandliden, Bohus	2014	1	11.5760159032818	2315.20318065636
Transect segment	446	Sandliden, Bohus	2013	2	15.0111351305776	3002.22702611552
Transect segment	446	Sandliden, Bohus	2013	4	10.9741437326363	2194.82874652726
Transect segment	459	Gamla Finntorpet	2018	2	22.1433609435233	4428.672188704661
Transect segment	459	Gamla Finntorpet	2022	1	12.8852380361589	2577.0476072317797
Transect segment	477	Mariedal - Östra Vram slinga 2	2012	2	10.4612310997884	2092.24621995768
Transect segment	535	Stormossen-Listrevägen	2015	1	9.83092793941749	1966.185587883498
Transect segment	535	Stormossen-Listrevägen	2014	3	20.6296961358776	4125.9392271755205
Transect segment	535	Stormossen-Listrevägen	2025	1	3.32544461946517	665.088923893034
Transect segment	535	Stormossen-Listrevägen	2013	1	4.4654829148642	893.09658297284
Transect segment	535	Stormossen-Listrevägen	2014	1	4.4654829148642	893.09658297284
Transect segment	535	Stormossen-Listrevägen	2018	2	8.9309658297284	1786.19316594568
Transect segment	535	Stormossen-Listrevägen	2019	1	4.4654829148642	893.09658297284
Transect segment	535	Stormossen-Listrevägen	2022	1	4.4654829148642	893.09658297284
Transect segment	535	Stormossen-Listrevägen	2014	1	8.08720944860972	1617.4418897219439
Transect segment	535	Stormossen-Listrevägen	2018	1	8.08720944860972	1617.4418897219439
Transect segment	535	Stormossen-Listrevägen	2023	2	16.1744188972194	3234.88377944388
Transect segment	535	Stormossen-Listrevägen	2023	1	8.08720944860972	1617.4418897219439
Transect segment	535	Stormossen-Listrevägen	2025	1	8.08720944860972	1617.4418897219439
Transect segment	535	Stormossen-Listrevägen	2013	1	4.04287952681697	808.575905363394
Transect segment	535	Stormossen-Listrevägen	2013	1	4.04287952681697	808.575905363394
Transect segment	535	Stormossen-Listrevägen	2014	3	12.1286385804509	2425.72771609018
Transect segment	535	Stormossen-Listrevägen	2018	2	8.08575905363393	1617.1518107267862
Transect segment	535	Stormossen-Listrevägen	2020	2	8.08575905363393	1617.1518107267862
Transect segment	535	Stormossen-Listrevägen	2023	5	20.2143976340848	4042.87952681696
Transect segment	535	Stormossen-Listrevägen	2023	1	4.04287952681697	808.575905363394
Transect segment	535	Stormossen-Listrevägen	2025	1	4.04287952681697	808.575905363394
Transect segment	535	Stormossen-Listrevägen	2013	1	4.51737711057416	903.4754221148321
Transect segment	535	Stormossen-Listrevägen	2013	1	4.51737711057416	903.4754221148321
Transect segment	535	Stormossen-Listrevägen	2014	1	4.51737711057416	903.4754221148321
Transect segment	535	Stormossen-Listrevägen	2018	2	9.03475422114833	1806.9508442296658
Transect segment	535	Stormossen-Listrevägen	2023	1	4.51737711057416	903.4754221148321
Transect segment	535	Stormossen-Listrevägen	2025	2	9.03475422114833	1806.9508442296658
Transect segment	535	Stormossen-Listrevägen	2018	1	7.22306017264897	1444.612034529794
Transect segment	535	Stormossen-Listrevägen	2018	1	6.73501822800292	1347.003645600584
Transect segment	543	Södra Rörum S slinga	2013	1	12.3045529097602	2460.91058195204
Transect segment	549	Kjugekull transekter	2013	2	7.30000067902715	1460.00013580543
Transect segment	550	Kjugekull slinga	2013	1	4.67272285733777	934.544571467554
Transect segment	565	Södra Rörum N transekter	2013	2	23.8993548966462	4779.87097932924
Transect segment	569	L. Harsjön	2018	2	10.5707268015731	2114.14536031462
Transect segment	569	L. Harsjön	2019	1	5.28536340078655	1057.07268015731
Transect segment	569	L. Harsjön	2013	2	5.29558037103735	1059.11607420747
Transect segment	569	L. Harsjön	2014	2	5.29558037103735	1059.11607420747
Transect segment	569	L. Harsjön	2018	5	13.2389509275934	2647.79018551868
Transect segment	569	L. Harsjön	2019	1	2.64779018551868	529.5580371037361
Transect segment	569	L. Harsjön	2019	8	21.1823214841494	4236.46429682988
Transect segment	569	L. Harsjön	2021	2	5.29558037103735	1059.11607420747
Transect segment	569	L. Harsjön	2013	2	19.9857027113044	3997.1405422608796
Transect segment	569	L. Harsjön	2018	2	19.9857027113044	3997.1405422608796
Transect segment	569	L. Harsjön	2018	4	39.9714054226087	7994.281084521739
Transect segment	569	L. Harsjön	2013	1	2.16326449362577	432.652898725154
Transect segment	569	L. Harsjön	2013	1	2.16326449362577	432.652898725154
Transect segment	569	L. Harsjön	2014	1	2.16326449362577	432.652898725154
Transect segment	569	L. Harsjön	2015	1	2.16326449362577	432.652898725154
Transect segment	569	L. Harsjön	2016	1	2.16326449362577	432.652898725154
Transect segment	569	L. Harsjön	2019	3	6.48979348087732	1297.958696175464
Transect segment	569	L. Harsjön	2019	9	19.469380442632	3893.8760885264
Transect segment	569	L. Harsjön	2022	2	4.32652898725154	865.305797450308
Transect segment	569	L. Harsjön	2022	1	2.16326449362577	432.652898725154
Transect segment	569	L. Harsjön	2022	1	2.16326449362577	432.652898725154
Transect segment	569	L. Harsjön	2023	3	6.48979348087732	1297.958696175464
Transect segment	569	L. Harsjön	2015	2	2.10478499895182	420.95699979036397
Transect segment	569	L. Harsjön	2016	1	1.05239249947591	210.47849989518198
Transect segment	569	L. Harsjön	2018	9	9.47153249528321	1894.306499056642
Transect segment	569	L. Harsjön	2018	13	13.6811024931869	2736.22049863738
Transect segment	569	L. Harsjön	2019	3	3.15717749842774	631.4354996855479
Transect segment	569	L. Harsjön	2020	2	2.10478499895182	420.95699979036397
Transect segment	569	L. Harsjön	2023	1	1.05239249947591	210.47849989518198
Transect segment	569	L. Harsjön	2013	11	42.4527852777086	8490.55705554172
Transect segment	569	L. Harsjön	2014	2	7.71868823231065	1543.73764646213
Transect segment	569	L. Harsjön	2016	1	3.85934411615533	771.868823231066
Transect segment	569	L. Harsjön	2018	2	7.71868823231065	1543.73764646213
Transect segment	569	L. Harsjön	2018	23	88.7649146715725	17752.9829343145
Transect segment	569	L. Harsjön	2019	3	11.578032348466	2315.6064696932
Transect segment	569	L. Harsjön	2019	2	7.71868823231065	1543.73764646213
Transect segment	569	L. Harsjön	2022	1	3.85934411615533	771.868823231066
Transect segment	569	L. Harsjön	2017	1	1.03442644699497	206.885289398994
Transect segment	569	L. Harsjön	2018	5	5.17213223497485	1034.4264469949699
Transect segment	569	L. Harsjön	2018	16	16.5508231519195	3310.1646303838997
Transect segment	569	L. Harsjön	2024	1	1.03442644699497	206.885289398994
Transect segment	569	L. Harsjön	2025	2	2.06885289398994	413.770578797988
Transect segment	569	L. Harsjön	2018	14	34.2788672949875	6855.7734589975
Transect segment	585	Flintabacken slinga	2016	1	6.33457971729482	1266.915943458964
Transect segment	603	Horsakärr	2016	1	4.09351264296988	818.7025285939759
Transect segment	603	Horsakärr	2014	1	3.82197303562029	764.394607124058
Transect segment	603	Horsakärr	2014	3	3.71487799520156	742.975599040312
Transect segment	603	Horsakärr	2016	1	1.23829266506719	247.658533013438
Transect segment	603	Horsakärr	2017	3	3.71487799520156	742.975599040312
Transect segment	603	Horsakärr	2014	2	2.02801013947646	405.60202789529194
Transect segment	620	Rosendalen	2016	1	2.22763705519701	445.527411039402
Transect segment	620	Rosendalen	2018	1	1.12831875354695	225.66375070939003
Transect segment	620	Rosendalen	2014	1	1.28020280265973	256.040560531946
Transect segment	620	Rosendalen	2015	1	1.28020280265973	256.040560531946
Transect segment	620	Rosendalen	2016	3	3.8406084079792	768.12168159584
Transect segment	620	Rosendalen	2018	1	1.28020280265973	256.040560531946
Transect segment	620	Rosendalen	2016	1	1.03433671512252	206.867343024504
Transect segment	630	Bölets ängar	2019	2	36.3267659807806	7265.35319615612
Transect segment	643	Vitemölla strandbackar transekter	2014	1	0.585495136642911	117.0990273285822
Transect segment	643	Vitemölla strandbackar transekter	2014	1	0.585495136642911	117.0990273285822
Transect segment	659	Näsby fält - Norra transekter	2014	2	14.5287999803039	2905.75999606078
Transect segment	659	Näsby fält - Norra transekter	2014	1	12.2778591382818	2455.57182765636
Transect segment	659	Näsby fält - Norra transekter	2014	2	11.7801080921345	2356.0216184268997
Transect segment	659	Näsby fält - Norra transekter	2014	1	4.11192452272647	822.384904545294
Transect segment	660	Näsby fält - Norra slinga	2014	1	0.465686580943969	93.13731618879379
Transect segment	660	Näsby fält - Norra slinga	2014	1	0.465686580943969	93.13731618879379
Transect segment	660	Näsby fält - Norra slinga	2018	6	2.79411948566382	558.823897132764
Transect segment	661	Näsby fält - Södra transekter	2018	1	4.16895820350337	833.791640700674
Transect segment	661	Näsby fält - Södra transekter	2018	1	2.32474793398233	464.949586796466
Transect segment	662	Näsby fält - Södra slinga	2014	1	1.59430328156205	318.86065631240996
Transect segment	662	Näsby fält - Södra slinga	2014	1	1.59430328156205	318.86065631240996
Transect segment	662	Näsby fält - Södra slinga	2014	2	3.18621489124262	637.242978248524
Transect segment	662	Näsby fält - Södra slinga	2018	1	1.59310744562131	318.621489124262
Transect segment	662	Näsby fält - Södra slinga	2014	1	1.66406614404426	332.813228808852
Transect segment	662	Näsby fält - Södra slinga	2014	2	1.10662755599205	221.32551119841
Transect segment	662	Näsby fält - Södra slinga	2018	1	0.553313777996025	110.662755599205
Transect segment	663	Norra Mosslunda transekter	2014	6	6.0473616802519	1209.47233605038
Transect segment	664	Norra Mosslunda slinga	2014	6	7.27182154205509	1454.3643084110179
Transect segment	664	Norra Mosslunda slinga	2014	1	2.40420891332614	480.84178266522804
Transect segment	664	Norra Mosslunda slinga	2018	1	2.40420891332614	480.84178266522804
Transect segment	664	Norra Mosslunda slinga	2018	2	4.48070858237926	896.141716475852
Transect segment	664	Norra Mosslunda slinga	2018	1	1.67605024265581	335.210048531162
Transect segment	668	Ry transekter	2014	1	10.2560429692953	2051.2085938590603
Transect segment	678	Källsbäck, Södra Ny	2015	2	4.12448870556864	824.8977411137281
Transect segment	678	Källsbäck, Södra Ny	2019	1	2.06224435278432	412.44887055686405
Transect segment	678	Källsbäck, Södra Ny	2021	1	2.06224435278432	412.44887055686405
Transect segment	678	Källsbäck, Södra Ny	2016	1	3.34421231032304	668.842462064608
Transect segment	679	Ekelund-Bogesund	2015	1	1.37759311010566	275.518622021132
Transect segment	708	Nasumemyr, Tofta skjutfält	2017	1	0.234587952908665	46.917590581733
Transect segment	708	Nasumemyr, Tofta skjutfält	2017	2	0.46917590581733	93.835181163466
Transect segment	726	Årby ängar	2015	1	2.55444465322738	510.88893064547597
Transect segment	726	Årby ängar	2015	1	2.55444465322738	510.88893064547597
Transect segment	735	Heden Stenshuvud	2023	1	3.33798836329451	667.5976726589021
Transect segment	738	Danskens äng	2016	7	30.501719271729	6100.3438543458005
Transect segment	738	Danskens äng	2017	8	34.8591077391188	6971.82154782376
Transect segment	738	Danskens äng	2018	3	13.0721654021696	2614.43308043392
Transect segment	738	Danskens äng	2019	2	8.7147769347797	1742.95538695594
Transect segment	738	Danskens äng	2020	2	8.7147769347797	1742.95538695594
Transect segment	738	Danskens äng	2020	1	4.35738846738985	871.47769347797
Transect segment	756	Bjärkefall slinga	2016	1	11.801943043619	2360.3886087237997
Transect segment	756	Bjärkefall slinga	2015	1	3.5303798618415	706.0759723683
Transect segment	756	Bjärkefall slinga	2017	1	4.6760310503096	935.20621006192
Transect segment	756	Bjärkefall slinga	2015	2	9.63495484826634	1926.990969653268
Transect segment	756	Bjärkefall slinga	2018	1	4.81747742413317	963.495484826634
Transect segment	756	Bjärkefall slinga	2017	3	6.97988333245392	1395.9766664907838
Transect segment	756	Bjärkefall slinga	2019	1	2.32662777748464	465.325555496928
Transect segment	757	Ryr	2015	1	11.2728131726039	2254.56263452078
Transect segment	799	Fårö, St. Hoburga	2024	1	1.38871703270035	277.74340654007
Transect segment	835	Tosteberga ängar transekter	2015	1	2.10872794761659	421.745589523318
Transect segment	839	Ekebo transekter	2011	1	3.53560894052509	707.121788105018
Transect segment	842	Sånnarna slinga	2020	1	1.04794054775243	209.588109550486
Transect segment	852	Lyckan, skogsäng	2017	1	2.68935142849212	537.8702856984239
Transect segment	852	Lyckan, skogsäng	2019	1	2.68935142849212	537.8702856984239
Transect segment	853	Torsked	2004	1	1.54488653805196	308.977307610392
Transect segment	853	Torsked	2004	2	3.08977307610392	617.954615220784
Transect segment	853	Torsked	2005	2	3.08977307610392	617.954615220784
Transect segment	853	Torsked	2005	1	1.54488653805196	308.977307610392
Transect segment	853	Torsked	2005	2	3.08977307610392	617.954615220784
Transect segment	853	Torsked	2007	2	3.08977307610392	617.954615220784
Transect segment	853	Torsked	2007	1	1.54488653805196	308.977307610392
Transect segment	853	Torsked	2007	4	6.17954615220783	1235.909230441566
Transect segment	853	Torsked	2008	2	3.08977307610392	617.954615220784
Transect segment	853	Torsked	2008	1	1.54488653805196	308.977307610392
Transect segment	853	Torsked	2008	2	3.08977307610392	617.954615220784
Transect segment	853	Torsked	2008	3	4.63465961415587	926.931922831174
Transect segment	853	Torsked	2009	1	1.54488653805196	308.977307610392
Transect segment	853	Torsked	2010	4	6.17954615220783	1235.909230441566
Transect segment	853	Torsked	2010	3	4.63465961415587	926.931922831174
Transect segment	853	Torsked	2010	4	6.17954615220783	1235.909230441566
Transect segment	853	Torsked	2011	2	3.08977307610392	617.954615220784
Transect segment	853	Torsked	2012	2	3.08977307610392	617.954615220784
Transect segment	853	Torsked	2015	1	1.54488653805196	308.977307610392
Transect segment	853	Torsked	2018	5	7.72443269025979	1544.886538051958
Transect segment	853	Torsked	2023	1	1.54488653805196	308.977307610392
Transect segment	853	Torsked	2023	2	3.08977307610392	617.954615220784
Transect segment	854	Torsberget	2004	1	2.8040032572277	560.80065144554
Transect segment	854	Torsberget	2007	1	2.8040032572277	560.80065144554
Transect segment	854	Torsberget	2007	1	2.8040032572277	560.80065144554
Transect segment	854	Torsberget	2008	2	5.6080065144554	1121.60130289108
Transect segment	854	Torsberget	2008	1	2.8040032572277	560.80065144554
Transect segment	854	Torsberget	2009	1	2.8040032572277	560.80065144554
Transect segment	854	Torsberget	2009	2	5.6080065144554	1121.60130289108
Transect segment	854	Torsberget	2009	1	2.8040032572277	560.80065144554
Transect segment	854	Torsberget	2010	1	2.8040032572277	560.80065144554
Transect segment	854	Torsberget	2011	1	2.8040032572277	560.80065144554
Transect segment	854	Torsberget	2017	1	2.8040032572277	560.80065144554
Transect segment	855	Fördarvern	2008	1	1.21538575879683	243.077151759366
Transect segment	855	Fördarvern	2009	1	1.21538575879683	243.077151759366
Transect segment	855	Fördarvern	2009	2	2.43077151759365	486.15430351873005
Transect segment	855	Fördarvern	2011	3	3.64615727639048	729.231455278096
Transect segment	856	Fensbol, Ektäppan	2005	1	2.0452649800634	409.05299601268
Transect segment	856	Fensbol, Ektäppan	2008	1	2.0452649800634	409.05299601268
Transect segment	856	Fensbol, Ektäppan	2008	1	2.0452649800634	409.05299601268
Transect segment	856	Fensbol, Ektäppan	2010	1	2.0452649800634	409.05299601268
Transect segment	856	Fensbol, Ektäppan	2015	4	8.18105992025359	1636.211984050718
Transect segment	856	Fensbol, Ektäppan	2016	6	12.2715898803804	2454.31797607608
Transect segment	856	Fensbol, Ektäppan	2020	2	4.0905299601268	818.10599202536
Transect segment	856	Fensbol, Ektäppan	2022	3	6.13579494019019	1227.1589880380382
Transect segment	856	Fensbol, Ektäppan	2023	1	2.0452649800634	409.05299601268
Transect segment	888	Båstorp, Ale	2015	2	9.57807145928103	1915.6142918562061
Transect segment	903	Stråslingan	2017	1	3.5733918341299	714.67836682598
Transect segment	903	Stråslingan	2016	1	1.84737050179461	369.474100358922
Transect segment	903	Stråslingan	2017	1	1.84737050179461	369.474100358922
Transect segment	903	Stråslingan	2017	3	5.54211150538382	1108.4223010767641
Transect segment	903	Stråslingan	2016	1	3.20747432847143	641.494865694286
Transect segment	903	Stråslingan	2017	1	3.20747432847143	641.494865694286
Transect segment	903	Stråslingan	2016	1	7.14177071560915	1428.35414312183
Transect segment	903	Stråslingan	2016	1	2.03094582881843	406.189165763686
Transect segment	903	Stråslingan	2017	1	2.03094582881843	406.189165763686
Transect segment	903	Stråslingan	2016	2	8.67679553889425	1735.35910777885
Transect segment	903	Stråslingan	2016	1	4.71716198340793	943.432396681586
Transect segment	905	Skeppsvik	2017	1	19.0579955737294	3811.59911474588
Transect segment	905	Skeppsvik	2023	2	9.6244410509664	1924.88821019328
Transect segment	905	Skeppsvik	2024	1	4.8122205254832	962.44410509664
Transect segment	905	Skeppsvik	2016	1	1.45611057602878	291.222115205756
Transect segment	905	Skeppsvik	2016	1	1.45611057602878	291.222115205756
Transect segment	905	Skeppsvik	2016	1	1.45611057602878	291.222115205756
Transect segment	905	Skeppsvik	2023	5	7.2805528801439	1456.11057602878
Transect segment	905	Skeppsvik	2018	1	1.2499532537337	249.99065074674
Transect segment	905	Skeppsvik	2024	1	1.2499532537337	249.99065074674
Transect segment	915	Knutserud	2017	1	1.95555038513799	391.11007702759804
Transect segment	915	Knutserud	2024	1	1.95555038513799	391.11007702759804
Transect segment	916	Råbäcksängen	2024	2	9.50544358482098	1901.088716964196
Transect segment	917	Mickelstorp	2017	5	12.3736635781779	2474.73271563558
Transect segment	917	Mickelstorp	2020	1	2.47473271563558	494.946543127116
Transect segment	917	Mickelstorp	2024	1	2.47473271563558	494.946543127116
Transect segment	917	Mickelstorp	2024	5	12.3736635781779	2474.73271563558
Transect segment	918	Alstrumsängen	2017	6	4.69625469246229	939.250938492458
Transect segment	918	Alstrumsängen	2020	1	0.782709115410381	156.5418230820762
Transect segment	918	Alstrumsängen	2022	1	0.782709115410381	156.5418230820762
Transect segment	918	Alstrumsängen	2023	3	2.34812734623114	469.625469246228
Transect segment	918	Alstrumsängen	2024	4	3.13083646164152	626.167292328304
Transect segment	919	Almarskogen	2017	3	3.8957667966862	779.1533593372401
Transect segment	919	Almarskogen	2021	1	1.29858893222873	259.717786445746
Transect segment	958	Hågadalen Södra Norby	2016	1	2.47101607161978	494.203214323956
Transect segment	958	Hågadalen Södra Norby	2021	1	2.47101607161978	494.203214323956
Transect segment	958	Hågadalen Södra Norby	2023	1	2.47101607161978	494.203214323956
Transect segment	958	Hågadalen Södra Norby	2023	1	2.47101607161978	494.203214323956
Transect segment	958	Hågadalen Södra Norby	2023	1	2.47101607161978	494.203214323956
Transect segment	958	Hågadalen Södra Norby	2023	1	2.47101607161978	494.203214323956
Transect segment	958	Hågadalen Södra Norby	2024	1	2.47101607161978	494.203214323956
Transect segment	958	Hågadalen Södra Norby	2016	1	4.16734684162478	833.469368324956
Transect segment	958	Hågadalen Södra Norby	2017	1	4.16734684162478	833.469368324956
Transect segment	958	Hågadalen Södra Norby	2018	1	4.16734684162478	833.469368324956
Transect segment	958	Hågadalen Södra Norby	2020	1	4.16734684162478	833.469368324956
Transect segment	958	Hågadalen Södra Norby	2021	1	4.16734684162478	833.469368324956
Transect segment	958	Hågadalen Södra Norby	2022	1	4.16734684162478	833.469368324956
Transect segment	958	Hågadalen Södra Norby	2022	2	8.33469368324955	1666.9387366499102
Transect segment	958	Hågadalen Södra Norby	2023	2	8.33469368324955	1666.9387366499102
Transect segment	958	Hågadalen Södra Norby	2023	2	8.33469368324955	1666.9387366499102
Transect segment	958	Hågadalen Södra Norby	2023	1	4.16734684162478	833.469368324956
Transect segment	958	Hågadalen Södra Norby	2024	1	4.16734684162478	833.469368324956
Transect segment	958	Hågadalen Södra Norby	2025	1	4.16734684162478	833.469368324956
Transect segment	958	Hågadalen Södra Norby	2025	1	4.16734684162478	833.469368324956
Transect segment	958	Hågadalen Södra Norby	2017	3	17.8450983627735	3569.0196725547
Transect segment	958	Hågadalen Södra Norby	2020	1	5.94836612092449	1189.6732241848981
Transect segment	958	Hågadalen Södra Norby	2021	2	11.896732241849	2379.3464483698
Transect segment	958	Hågadalen Södra Norby	2022	1	5.94836612092449	1189.6732241848981
Transect segment	958	Hågadalen Södra Norby	2025	1	5.94836612092449	1189.6732241848981
Transect segment	958	Hågadalen Södra Norby	2025	1	5.94836612092449	1189.6732241848981
Transect segment	958	Hågadalen Södra Norby	2017	1	6.2005594660126	1240.1118932025202
Transect segment	958	Hågadalen Södra Norby	2017	1	6.2005594660126	1240.1118932025202
Transect segment	958	Hågadalen Södra Norby	2024	1	6.2005594660126	1240.1118932025202
Transect segment	958	Hågadalen Södra Norby	2025	1	6.2005594660126	1240.1118932025202
Transect segment	958	Hågadalen Södra Norby	2017	5	11.3077307389681	2261.54614779362
Transect segment	958	Hågadalen Södra Norby	2021	1	2.26154614779363	452.309229558726
Transect segment	963	Hälle	2025	1	0.835982303030009	167.1964606060018
Transect segment	963	Hälle	2024	4	24.1290983341321	4825.81966682642
Transect segment	963	Hälle	2025	2	12.064549167066	2412.9098334132
Transect segment	963	Hälle	2024	1	4.69877397726208	939.754795452416
Transect segment	976	Igelbäcken naturreservat	2018	1	9.22192064258387	1844.384128516774
Transect segment	976	Igelbäcken naturreservat	2017	1	6.44603225874787	1289.206451749574
Transect segment	976	Igelbäcken naturreservat	2017	2	12.8920645174957	2578.4129034991397
Transect segment	976	Igelbäcken naturreservat	2018	1	6.44603225874787	1289.206451749574
Transect segment	976	Igelbäcken naturreservat	2018	1	6.44603225874787	1289.206451749574
Transect segment	976	Igelbäcken naturreservat	2018	1	2.50541759934213	501.08351986842604
Transect segment	976	Igelbäcken naturreservat	2017	1	2.55145749753555	510.29149950711
Transect segment	976	Igelbäcken naturreservat	2017	1	2.55145749753555	510.29149950711
Transect segment	976	Igelbäcken naturreservat	2017	1	2.13464013301996	426.928026603992
Transect segment	976	Igelbäcken naturreservat	2018	1	2.13464013301996	426.928026603992
Transect segment	976	Igelbäcken naturreservat	2018	2	5.68913838540508	1137.827677081016
Transect segment	976	Igelbäcken naturreservat	2017	1	6.70743237770594	1341.486475541188
Transect segment	976	Igelbäcken naturreservat	2017	1	4.20079783962492	840.1595679249841
Transect segment	976	Igelbäcken naturreservat	2018	1	4.20079783962492	840.1595679249841
Transect segment	976	Igelbäcken naturreservat	2018	1	4.20079783962492	840.1595679249841
Transect segment	1007	Boåsen 6378	2015	1	2.89220613143922	578.441226287844
Transect segment	1008	Boåsen 6603	2015	1	2.17810954069685	435.62190813937
Transect segment	1009	Boåsen 7563	2015	1	4.24961804798569	849.923609597138
Transect segment	1036	Långsered A	2015	1	2.70735716010459	541.471432020918
Transect segment	1037	Långsered B	2015	1	10.2900830302192	2058.01660604384
Transect segment	1057	Åsabacken	2015	1	2.91027905964097	582.055811928194
Transect segment	1068	Älleköpinge slinga	2017	3	17.2026681193778	3440.5336238755604
Transect segment	1068	Älleköpinge slinga	2017	1	6.08642309782518	1217.2846195650359
Transect segment	1069	Betesmark öster om Dalby, transekter	2017	1	4.59616381754806	919.232763509612
Transect segment	1085	Kaninlandet	2021	1	4.33390439399338	866.780878798676
Transect segment	1098	Medevi	2023	1	1.25053574052393	250.10714810478598
Transect segment	1098	Medevi	2020	1	2.6881363317218	537.62726634436
Transect segment	1098	Medevi	2022	1	2.6881363317218	537.62726634436
Transect segment	1098	Medevi	2023	1	2.6881363317218	537.62726634436
Transect segment	1098	Medevi	2019	2	4.76568740261842	953.1374805236841
Transect segment	1102	Ignaberga flygplats slinga 1	2009	1	0.549044829571318	109.8089659142636
Transect segment	2648	Loppängarna, Muskö	2019	2	1.06776727832516	213.55345566503198
Transect segment	2683	Sundsbron Lelångebanan	2019	6	2.29350658559551	458.70131711910204
Transect segment	2683	Sundsbron Lelångebanan	2019	8	3.05800878079401	611.601756158802
Transect segment	2683	Sundsbron Lelångebanan	2019	11	4.20476207359177	840.9524147183539
Transect segment	2683	Sundsbron Lelångebanan	2019	10	3.82251097599251	764.502195198502
Transect segment	2707	Berthåga kyrkogård	2020	1	2.97305301328462	594.6106026569239
Transect segment	2707	Berthåga kyrkogård	2020	1	4.81264081319604	962.5281626392081
Transect segment	2707	Berthåga kyrkogård	2021	1	4.81264081319604	962.5281626392081
Transect segment	2707	Berthåga kyrkogård	2023	2	9.62528162639207	1925.056325278414
Transect segment	2707	Berthåga kyrkogård	2023	6	28.971009005189	5794.2018010378
Transect segment	2707	Berthåga kyrkogård	2020	2	4.45122331980822	890.2446639616439
Transect segment	2707	Berthåga kyrkogård	2020	1	2.22561165990411	445.12233198082197
Transect segment	2707	Berthåga kyrkogård	2022	1	2.22561165990411	445.12233198082197
Transect segment	2707	Berthåga kyrkogård	2023	8	17.8048932792329	3560.97865584658
Transect segment	2707	Berthåga kyrkogård	2024	2	4.45122331980822	890.2446639616439
Transect segment	2707	Berthåga kyrkogård	2020	1	3.24996691758835	649.9933835176699
Transect segment	2707	Berthåga kyrkogård	2023	3	9.74990075276505	1949.9801505530102
Transect segment	2707	Berthåga kyrkogård	2023	2	6.4999338351767	1299.9867670353399
Transect segment	2707	Berthåga kyrkogård	2024	1	3.24996691758835	649.9933835176699
Transect segment	2707	Berthåga kyrkogård	2020	4	26.4697887407837	5293.957748156739
Transect segment	2707	Berthåga kyrkogård	2023	2	13.2348943703919	2646.97887407838
Transect segment	2707	Berthåga kyrkogård	2019	1	4.68223956403769	936.447912807538
Transect segment	2707	Berthåga kyrkogård	2020	2	9.36447912807539	1872.895825615078
Transect segment	2707	Berthåga kyrkogård	2024	1	4.68223956403769	936.447912807538
Transect segment	2707	Berthåga kyrkogård	2020	1	7.4374875225255	1487.4975045051
Transect segment	2707	Berthåga kyrkogård	2022	1	7.4374875225255	1487.4975045051
Transect segment	2711	Böneruds fornåkrar	2019	2	2.17813331850609	435.626663701218
Transect segment	2712	Derbol	2022	2	17.5243877154732	3504.87754309464
Transect segment	2740	Svensvik, Åbyfjorden	2025	1	5.99067331562683	1198.134663125366
Transect segment	2758	Soldatängen Motala	2020	1	4.42522763344986	885.045526689972
Transect segment	2758	Soldatängen Motala	2023	1	4.42522763344986	885.045526689972
Transect segment	2768	Kocktorp 2, Ängsö	2017	1	1.24622240585352	249.244481170704
Transect segment	2768	Kocktorp 2, Ängsö	2018	1	1.24622240585352	249.244481170704
Transect segment	2768	Kocktorp 2, Ängsö	2017	2	9.67278057692185	1934.55611538437
Transect segment	2768	Kocktorp 2, Ängsö	2017	1	2.39434452747302	478.86890549460406
Transect segment	2799	Edeby naturreservat	2022	1	4.11845062134607	823.6901242692139
Transect segment	2801	Prästgårdsön, Pannkakan	2018	1	0.925534787195657	185.1069574391314
Transect segment	2801	Prästgårdsön, Pannkakan	2019	1	0.925534787195657	185.1069574391314
Transect segment	2803	Gårdsviksmossen	2023	1	7.1851949208437	1437.03898416874
Transect segment	2804	Lafallhöjden	2017	2	2.29438688031746	458.877376063492
Transect segment	2804	Lafallhöjden	2018	4	4.58877376063493	917.754752126986
Transect segment	2804	Lafallhöjden	2020	3	3.4415803204762	688.31606409524
Transect segment	2804	Lafallhöjden	2021	2	2.29438688031746	458.877376063492
Transect segment	2804	Lafallhöjden	2021	2	2.29438688031746	458.877376063492
Transect segment	2804	Lafallhöjden	2023	3	3.4415803204762	688.31606409524
Transect segment	2804	Lafallhöjden	2024	1	1.14719344015873	229.438688031746
Transect segment	2805	Genbäcken	2017	6	8.66201875975546	1732.403751951092
Transect segment	2805	Genbäcken	2022	3	4.33100937987773	866.201875975546
Transect segment	2805	Genbäcken	2023	3	4.33100937987773	866.201875975546
Transect segment	2819	Åsa gravfält	2022	1	0.3979876935049	79.59753870098
Transect segment	2859	Pelarbo slinga	2018	1	1.81942043386585	363.88408677317
Transect segment	2859	Pelarbo slinga	2019	1	2.70029085640396	540.0581712807921
Transect segment	2859	Pelarbo slinga	2018	1	4.08506888708332	817.0137774166641
Transect segment	2859	Pelarbo slinga	2020	1	4.08506888708332	817.0137774166641
Transect segment	2859	Pelarbo slinga	2018	1	4.09266720579445	818.5334411588901
Transect segment	2884	Dösjebro-ån-gamla tippen	2021	1	8.60802125934028	1721.604251868056
Transect segment	2884	Dösjebro-ån-gamla tippen	2021	1	3.52643187578864	705.286375157728
Transect segment	2885	Dyestad	2020	1	2.74578385388105	549.15677077621
Transect segment	2885	Dyestad	2020	1	2.74578385388105	549.15677077621
Transect segment	2885	Dyestad	2020	4	7.95284890965126	1590.569781930252
Transect segment	2885	Dyestad	2020	1	1.98821222741281	397.642445482562
Transect segment	2885	Dyestad	2020	1	1.99037181470608	398.074362941216
Transect segment	2885	Dyestad	2020	1	1.99037181470608	398.074362941216
Transect segment	2890	Simängsvägen	2024	1	14.1988767288159	2839.77534576318
Transect segment	2908	Kleva strand	2021	1	3.78128532155423	756.257064310846
Transect segment	2908	Kleva strand	2022	1	5.06706380731094	1013.412761462188
Transect segment	2908	Kleva strand	2024	1	5.06706380731094	1013.412761462188
Transect segment	2908	Kleva strand	2021	1	4.23298323382	846.596646764
Transect segment	2911	Styggtjärn	2024	1	9.14625451703651	1829.250903407302
Transect segment	2911	Styggtjärn	2022	1	4.35189554604798	870.379109209596
Transect segment	2911	Styggtjärn	2020	2	9.55709057019157	1911.418114038314
Transect segment	2911	Styggtjärn	2021	1	4.74577870127057	949.155740254114
Transect segment	2911	Styggtjärn	2020	1	1.01189612701233	202.37922540246598
Transect segment	2924	Knösen, slinga	2023	1	3.08924639618386	617.849279236772
Transect segment	2949	Klammersbäck transekter	2010	1	6.61947943613414	1323.8958872268279
Transect segment	2949	Klammersbäck transekter	2010	1	4.38473854220913	876.947708441826
Transect segment	2956	Kung Björns hög - Högbyhatt	2022	2	5.4335151594638	1086.70303189276
Transect segment	2956	Kung Björns hög - Högbyhatt	2025	1	2.7167575797319	543.35151594638
Transect segment	2956	Kung Björns hög - Högbyhatt	2022	1	0.771334572422866	154.2669144845732
Transect segment	3115	Norrskog	2023	1	4.1447401794364	828.94803588728
Transect segment	3115	Norrskog	2023	2	16.8136388953227	3362.7277790645403
Transect segment	3115	Norrskog	2023	2	17.3925325443225	3478.5065088644997
Transect segment	3115	Norrskog	2023	1	5.78490608793713	1156.981217587426
Transect segment	3136	Gilsåsen	2024	2	9.85244002457907	1970.4880049158141
Transect segment	3136	Gilsåsen	2022	1	3.21446253074814	642.8925061496279
Transect segment	3136	Gilsåsen	2021	1	6.07875361209606	1215.750722419212
Transect segment	3136	Gilsåsen	2023	1	6.07875361209606	1215.750722419212
Transect segment	3136	Gilsåsen	2021	1	1.56708842292629	313.41768458525803
Transect segment	3136	Gilsåsen	2021	1	1.56708842292629	313.41768458525803
Transect segment	3136	Gilsåsen	2022	6	9.40253053755776	1880.506107511552
Transect segment	3136	Gilsåsen	2023	4	6.26835369170517	1253.670738341034
Transect segment	3136	Gilsåsen	2023	8	12.5367073834103	2507.34147668206
Transect segment	3136	Gilsåsen	2023	1	2.90490607593138	580.981215186276
Transect segment	3136	Gilsåsen	2021	1	2.84552752379889	569.105504759778
Transect segment	3136	Gilsåsen	2023	1	2.84552752379889	569.105504759778
Transect segment	3136	Gilsåsen	2023	1	2.84552752379889	569.105504759778
Transect segment	3136	Gilsåsen	2024	2	5.69105504759778	1138.211009519556
Transect segment	3137	Lövnäset, Frösvidal	2023	4	6.87649764559213	1375.2995291184259
Transect segment	3137	Lövnäset, Frösvidal	2023	2	3.43824882279607	687.6497645592141
Transect segment	3137	Lövnäset, Frösvidal	2024	4	6.87649764559213	1375.2995291184259
Transect segment	3137	Lövnäset, Frösvidal	2024	1	1.71912441139803	343.824882279606
Transect segment	3137	Lövnäset, Frösvidal	2025	3	5.1573732341941	1031.47464683882
Transect segment	3137	Lövnäset, Frösvidal	2023	1	2.39380684154795	478.76136830959
Transect segment	3196	Stadsnära lantgård, Lidköping	2023	4	25.0103297408178	5002.065948163559
Transect segment	3196	Stadsnära lantgård, Lidköping	2023	3	18.7577473056134	3751.54946112268
Transect segment	3226	Sötåsens naturbruksskola	2018	2	7.61470540253659	1522.941080507318
Transect segment	3244	Fensbol, Petteråsen	2021	1	1.24044403221835	248.08880644367002
Transect segment	3244	Fensbol, Petteråsen	2021	1	1.24044403222026	248.08880644405198
Transect segment	3244	Fensbol, Petteråsen	2024	1	1.24044403222026	248.08880644405198
Transect segment	3244	Fensbol, Petteråsen	2024	1	1.24044403221835	248.08880644367002
Transect segment	3278	Dalby fälad no 5	2023	1	2.16683609940282	433.36721988056405
Transect segment	3278	Dalby fälad no 5	2023	1	2.16683609940282	433.36721988056405
Transect segment	3285	Moen	2022	1	6.33949213377956	1267.898426755912
Transect segment	3286	Fagerhults naturreservat	2022	1	4.87677695059991	975.3553901199821
Transect segment	3575	Nybrofältet	2025	1	5.20940789335308	1041.881578670616
Transect segment	3575	Nybrofältet	2025	1	3.29342787618883	658.685575237766
Transect segment	3575	Nybrofältet	2023	1	3.3288907351474	665.77814702948
Transect segment	3575	Nybrofältet	2025	1	3.3288907351474	665.77814702948
Transect segment	3617	Vårdsätra skog	2024	2	9.91412367210523	1982.824734421046
Transect segment	3765	Strömsmarkssätern	2025	1	2.90188520491633	580.377040983266
Transect segment	3769	Grunneröd	2023	2	7.65548918116911	1531.0978362338221
Transect segment	3789	Uddevik	2024	2	6.10578747295551	1221.157494591102
Transect segment	3789	Uddevik	2024	1	3.05289373647776	610.578747295552
Transect segment	3789	Uddevik	2025	2	6.10578747295551	1221.157494591102
Transect segment	3789	Uddevik	2024	3	9.66044266568683	1932.088533137366
Transect segment	3789	Uddevik	2025	1	3.22014755522894	644.029511045788
Transect segment	3789	Uddevik	2023	1	1.28541941688896	257.083883377792
Transect segment	3789	Uddevik	2025	3	3.85625825066689	771.251650133378
Transect segment	3893	Granbacken, Berg	2023	2	8.79861093755498	1759.7221875109958
Transect segment	3893	Granbacken, Berg	2023	1	4.39930546877749	879.8610937554979
Transect segment	3893	Granbacken, Berg	2023	1	4.39930546877749	879.8610937554979
Transect segment	3893	Granbacken, Berg	2023	1	4.35431610180459	870.863220360918
Transect segment	3893	Granbacken, Berg	2024	1	4.35431610180459	870.863220360918
Transect segment	3893	Granbacken, Berg	2024	1	7.2258709547488	1445.17419094976
Transect segment	3894	Cronberget-Vallvägen, Berg	2023	1	3.08538520517216	617.077041034432
Transect segment	3918	naturum Stenshuvud, fjärilsslinga	2025	1	13.0062615690369	2601.25231380738
Transect segment	3918	naturum Stenshuvud, fjärilsslinga	2025	3	7.57069320463977	1514.1386409279542
Transect segment	3946	Kumlan	2025	1	0.682196976129727	136.4393952259454
Transect segment	3950	Rinkaby skjutfält	2024	1	0.774270049410838	154.8540098821676
Transect segment	4071	Ishult slinga	2024	1	11.4080256875555	2281.6051375111
Transect segment	4071	Ishult slinga	2024	2	36.5324424071936	7306.48848143872
Transect segment	4201	Vitemölla	2024	2	0.174310788435525	34.862157687105
Transect segment	4201	Vitemölla	2025	4	0.348621576871051	69.72431537421019
Transect segment	4262	Pommerndalen	2025	1	2.88850213510148	577.700427020296
Transect segment	4262	Pommerndalen	2025	1	4.1733302048321	834.6660409664199
Point site	14	Lyngby skola 182	2011	1	2.5464731347084286	509.29462694168575
Point site	38	Strandvägen	2011	1	2.5464731347084286	509.29462694168575
Point site	44	Ljugarns föräldrakooperativ Bikupan	2011	2	5.092946269416857	1018.5892538833715
Point site	48	Blomstervägen 23	2014	1	2.5464731347084286	509.29462694168575
Point site	48	Blomstervägen 23	2018	1	2.5464731347084286	509.29462694168575
Point site	50	När Graunänge	2010	1	2.5464731347084286	509.29462694168575
Point site	50	När Graunänge	2015	1	2.5464731347084286	509.29462694168575
Point site	50	När Graunänge	2015	1	2.5464731347084286	509.29462694168575
Point site	50	När Graunänge	2018	1	2.5464731347084286	509.29462694168575
Point site	55	Kodings 2:1	2010	1	2.5464731347084286	509.29462694168575
Point site	77	Bårabygd altanen	2013	1	2.5464731347084286	509.29462694168575
Point site	77	Bårabygd altanen	2014	1	2.5464731347084286	509.29462694168575
Point site	77	Bårabygd altanen	2016	2	5.092946269416857	1018.5892538833715
Point site	78	Bårabygd kfukslok	2011	1	2.5464731347084286	509.29462694168575
Point site	79	Bårabygd klyvningen	2013	4	10.185892538833716	2037.1785077667432
Point site	79	Bårabygd klyvningen	2013	2	5.092946269416857	1018.5892538833715
Point site	79	Bårabygd klyvningen	2013	1	2.5464731347084286	509.29462694168575
Point site	79	Bårabygd klyvningen	2014	1	2.5464731347084286	509.29462694168575
Point site	79	Bårabygd klyvningen	2015	3	7.639419404125286	1527.8838808250573
Point site	79	Bårabygd klyvningen	2017	1	2.5464731347084286	509.29462694168575
Point site	79	Bårabygd klyvningen	2021	2	5.092946269416857	1018.5892538833715
Point site	79	Bårabygd klyvningen	2021	3	7.639419404125286	1527.8838808250573
Point site	80	Bårabygd ängen	2013	1	2.5464731347084286	509.29462694168575
Point site	80	Bårabygd ängen	2013	2	5.092946269416857	1018.5892538833715
Point site	80	Bårabygd ängen	2015	1	2.5464731347084286	509.29462694168575
Point site	80	Bårabygd ängen	2017	1	2.5464731347084286	509.29462694168575
Point site	80	Bårabygd ängen	2020	1	2.5464731347084286	509.29462694168575
Point site	80	Bårabygd ängen	2021	1	2.5464731347084286	509.29462694168575
Point site	81	Bårabygd tåtelhörnet	2013	1	2.5464731347084286	509.29462694168575
Point site	81	Bårabygd tåtelhörnet	2016	1	2.5464731347084286	509.29462694168575
Point site	100	Dörby Malm	2010	1	2.5464731347084286	509.29462694168575
Point site	100	Dörby Malm	2010	9	22.918258212375857	4583.651642475172
Point site	100	Dörby Malm	2010	5	12.732365673542144	2546.473134708429
Point site	114	Gotlands Veteranbilsmuseum	2021	1	2.5464731347084286	509.29462694168575
Point site	126	Gullmarsberg 511	2011	1	2.5464731347084286	509.29462694168575
Point site	126	Gullmarsberg 511	2021	1	2.5464731347084286	509.29462694168575
Point site	126	Gullmarsberg 511	2021	1	2.5464731347084286	509.29462694168575
Point site	126	Gullmarsberg 511	2022	1	2.5464731347084286	509.29462694168575
Point site	128	Morkullen, Kåröd, Stillingsön, Orust	2010	2	5.092946269416857	1018.5892538833715
Point site	128	Morkullen, Kåröd, Stillingsön, Orust	2011	1	2.5464731347084286	509.29462694168575
Point site	128	Morkullen, Kåröd, Stillingsön, Orust	2011	1	2.5464731347084286	509.29462694168575
Point site	128	Morkullen, Kåröd, Stillingsön, Orust	2011	2	5.092946269416857	1018.5892538833715
Point site	128	Morkullen, Kåröd, Stillingsön, Orust	2017	2	5.092946269416857	1018.5892538833715
Point site	139	Eldarevägen 21	2011	1	2.5464731347084286	509.29462694168575
Point site	139	Eldarevägen 21	2023	1	2.5464731347084286	509.29462694168575
Point site	146	Bastbolvägen 15, Husby-Långhundra, Knvista	2011	2	5.092946269416857	1018.5892538833715
Point site	146	Bastbolvägen 15, Husby-Långhundra, Knvista	2011	1	2.5464731347084286	509.29462694168575
Point site	146	Bastbolvägen 15, Husby-Långhundra, Knvista	2011	1	2.5464731347084286	509.29462694168575
Point site	146	Bastbolvägen 15, Husby-Långhundra, Knvista	2013	1	2.5464731347084286	509.29462694168575
Point site	146	Bastbolvägen 15, Husby-Långhundra, Knvista	2015	1	2.5464731347084286	509.29462694168575
Point site	147	Snäcktorp	2011	1	2.5464731347084286	509.29462694168575
Point site	147	Snäcktorp	2012	1	2.5464731347084286	509.29462694168575
Point site	147	Snäcktorp	2013	1	2.5464731347084286	509.29462694168575
Point site	147	Snäcktorp	2014	1	2.5464731347084286	509.29462694168575
Point site	147	Snäcktorp	2016	1	2.5464731347084286	509.29462694168575
Point site	147	Snäcktorp	2019	1	2.5464731347084286	509.29462694168575
Point site	147	Snäcktorp	2019	2	5.092946269416857	1018.5892538833715
Point site	147	Snäcktorp	2020	1	2.5464731347084286	509.29462694168575
Point site	159	Lappugglan 9	2015	1	2.5464731347084286	509.29462694168575
Point site	169	Borsbäcken	2011	2	5.092946269416857	1018.5892538833715
Point site	169	Borsbäcken	2011	1	2.5464731347084286	509.29462694168575
Point site	169	Borsbäcken	2011	4	10.185892538833716	2037.1785077667432
Point site	169	Borsbäcken	2011	5	12.732365673542144	2546.473134708429
Point site	169	Borsbäcken	2011	1	2.5464731347084286	509.29462694168575
Point site	173	Buttle Kalkbrott	2015	3	7.639419404125286	1527.8838808250573
Point site	173	Buttle Kalkbrott	2017	2	5.092946269416857	1018.5892538833715
Point site	174	Buttlegårde 130	2011	2	5.092946269416857	1018.5892538833715
Point site	174	Buttlegårde 130	2014	1	2.5464731347084286	509.29462694168575
Point site	174	Buttlegårde 130	2024	1	2.5464731347084286	509.29462694168575
Point site	183	Silvåkratornet	2013	1	2.5464731347084286	509.29462694168575
Point site	193	Gripenbergsgatan, Norrängen	2011	1	2.5464731347084286	509.29462694168575
Point site	193	Gripenbergsgatan, Norrängen	2014	1	2.5464731347084286	509.29462694168575
Point site	193	Gripenbergsgatan, Norrängen	2023	1	2.5464731347084286	509.29462694168575
Point site	198	Hultsjö 1-8, Gränna	2011	1	2.5464731347084286	509.29462694168575
Point site	198	Hultsjö 1-8, Gränna	2012	2	5.092946269416857	1018.5892538833715
Point site	198	Hultsjö 1-8, Gränna	2013	1	2.5464731347084286	509.29462694168575
Point site	198	Hultsjö 1-8, Gränna	2013	1	2.5464731347084286	509.29462694168575
Point site	198	Hultsjö 1-8, Gränna	2017	1	2.5464731347084286	509.29462694168575
Point site	199	Berghamra	2011	1	2.5464731347084286	509.29462694168575
Point site	199	Berghamra	2013	1	2.5464731347084286	509.29462694168575
Point site	199	Berghamra	2016	1	2.5464731347084286	509.29462694168575
Point site	199	Berghamra	2022	1	2.5464731347084286	509.29462694168575
Point site	199	Berghamra	2023	1	2.5464731347084286	509.29462694168575
Point site	200	Tyrvalds 105	2012	1	2.5464731347084286	509.29462694168575
Point site	206	Pelarbo punkt	2011	4	10.185892538833716	2037.1785077667432
Point site	206	Pelarbo punkt	2011	3	7.639419404125286	1527.8838808250573
Point site	206	Pelarbo punkt	2014	1	2.5464731347084286	509.29462694168575
Point site	206	Pelarbo punkt	2014	1	2.5464731347084286	509.29462694168575
Point site	206	Pelarbo punkt	2014	1	2.5464731347084286	509.29462694168575
Point site	206	Pelarbo punkt	2016	1	2.5464731347084286	509.29462694168575
Point site	206	Pelarbo punkt	2017	1	2.5464731347084286	509.29462694168575
Point site	206	Pelarbo punkt	2017	1	2.5464731347084286	509.29462694168575
Point site	206	Pelarbo punkt	2017	1	2.5464731347084286	509.29462694168575
Point site	206	Pelarbo punkt	2018	1	2.5464731347084286	509.29462694168575
Point site	206	Pelarbo punkt	2018	1	2.5464731347084286	509.29462694168575
Point site	217	Kullängsstugan	2011	1	2.5464731347084286	509.29462694168575
Point site	218	Alviken	2016	2	5.092946269416857	1018.5892538833715
Point site	219	Domerarve punkt	2013	1	2.5464731347084286	509.29462694168575
Point site	221	Sulvik Lunden	2011	1	2.5464731347084286	509.29462694168575
Point site	221	Sulvik Lunden	2013	1	2.5464731347084286	509.29462694168575
Point site	221	Sulvik Lunden	2013	1	2.5464731347084286	509.29462694168575
Point site	221	Sulvik Lunden	2014	1	2.5464731347084286	509.29462694168575
Point site	221	Sulvik Lunden	2014	1	2.5464731347084286	509.29462694168575
Point site	221	Sulvik Lunden	2015	1	2.5464731347084286	509.29462694168575
Point site	221	Sulvik Lunden	2015	1	2.5464731347084286	509.29462694168575
Point site	221	Sulvik Lunden	2015	2	5.092946269416857	1018.5892538833715
Point site	221	Sulvik Lunden	2016	2	5.092946269416857	1018.5892538833715
Point site	221	Sulvik Lunden	2017	1	2.5464731347084286	509.29462694168575
Point site	221	Sulvik Lunden	2018	2	5.092946269416857	1018.5892538833715
Point site	221	Sulvik Lunden	2019	1	2.5464731347084286	509.29462694168575
Point site	221	Sulvik Lunden	2019	3	7.639419404125286	1527.8838808250573
Point site	221	Sulvik Lunden	2019	1	2.5464731347084286	509.29462694168575
Point site	221	Sulvik Lunden	2020	1	2.5464731347084286	509.29462694168575
Point site	221	Sulvik Lunden	2020	2	5.092946269416857	1018.5892538833715
Point site	221	Sulvik Lunden	2021	1	2.5464731347084286	509.29462694168575
Point site	221	Sulvik Lunden	2021	2	5.092946269416857	1018.5892538833715
Point site	221	Sulvik Lunden	2022	2	5.092946269416857	1018.5892538833715
Point site	221	Sulvik Lunden	2023	1	2.5464731347084286	509.29462694168575
Point site	221	Sulvik Lunden	2024	2	5.092946269416857	1018.5892538833715
Point site	221	Sulvik Lunden	2024	2	5.092946269416857	1018.5892538833715
Point site	221	Sulvik Lunden	2024	2	5.092946269416857	1018.5892538833715
Point site	234	Gruvbyhagen	2011	2	5.092946269416857	1018.5892538833715
Point site	234	Gruvbyhagen	2011	3	7.639419404125286	1527.8838808250573
Point site	234	Gruvbyhagen	2012	1	2.5464731347084286	509.29462694168575
Point site	234	Gruvbyhagen	2013	1	2.5464731347084286	509.29462694168575
Point site	235	Grindtorpet	2011	2	5.092946269416857	1018.5892538833715
Point site	235	Grindtorpet	2011	2	5.092946269416857	1018.5892538833715
Point site	235	Grindtorpet	2011	4	10.185892538833716	2037.1785077667432
Point site	235	Grindtorpet	2011	3	7.639419404125286	1527.8838808250573
Point site	235	Grindtorpet	2011	3	7.639419404125286	1527.8838808250573
Point site	235	Grindtorpet	2013	3	7.639419404125286	1527.8838808250573
Point site	235	Grindtorpet	2014	1	2.5464731347084286	509.29462694168575
Point site	235	Grindtorpet	2018	3	7.639419404125286	1527.8838808250573
Point site	235	Grindtorpet	2022	1	2.5464731347084286	509.29462694168575
Point site	236	Dyuddens sydspets	2016	2	5.092946269416857	1018.5892538833715
Point site	239	Västra Blentarp	2011	1	2.5464731347084286	509.29462694168575
Point site	249	Norrgården	2013	1	2.5464731347084286	509.29462694168575
Point site	250	Sångkärrsbacken	2012	1	2.5464731347084286	509.29462694168575
Point site	250	Sångkärrsbacken	2013	1	2.5464731347084286	509.29462694168575
Point site	250	Sångkärrsbacken	2016	1	2.5464731347084286	509.29462694168575
Point site	250	Sångkärrsbacken	2024	1	2.5464731347084286	509.29462694168575
Point site	253	Sjögården	2019	1	2.5464731347084286	509.29462694168575
Point site	254	Sandtorpet, Askö	2014	3	7.639419404125286	1527.8838808250573
Point site	258	Åskärr	2011	1	2.5464731347084286	509.29462694168575
Point site	270	Granvik	2011	1	2.5464731347084286	509.29462694168575
Point site	270	Granvik	2011	1	2.5464731347084286	509.29462694168575
Point site	270	Granvik	2013	1	2.5464731347084286	509.29462694168575
Point site	270	Granvik	2013	1	2.5464731347084286	509.29462694168575
Point site	287	Fru Hammars väg 6	2013	1	2.5464731347084286	509.29462694168575
Point site	287	Fru Hammars väg 6	2021	1	2.5464731347084286	509.29462694168575
Point site	287	Fru Hammars väg 6	2021	1	2.5464731347084286	509.29462694168575
Point site	303	Höglunda, Hacksjön	2022	1	2.5464731347084286	509.29462694168575
Point site	307	Tjelderstrand	2015	1	2.5464731347084286	509.29462694168575
Point site	307	Tjelderstrand	2015	1	2.5464731347084286	509.29462694168575
Point site	307	Tjelderstrand	2021	1	2.5464731347084286	509.29462694168575
Point site	307	Tjelderstrand	2021	1	2.5464731347084286	509.29462694168575
Point site	311	Surklev	2011	1	2.5464731347084286	509.29462694168575
Point site	321	Stensund	2011	2	5.092946269416857	1018.5892538833715
Point site	322	Norra Askö	2014	2	5.092946269416857	1018.5892538833715
Point site	326	Järbo Berg 6	2024	1	2.5464731347084286	509.29462694168575
Point site	331	Kalkvägen Ö Jonstorpsmossen Ringvägen Hunneberg	2014	1	2.5464731347084286	509.29462694168575
Point site	331	Kalkvägen Ö Jonstorpsmossen Ringvägen Hunneberg	2015	1	2.5464731347084286	509.29462694168575
Point site	331	Kalkvägen Ö Jonstorpsmossen Ringvägen Hunneberg	2015	1	2.5464731347084286	509.29462694168575
Point site	331	Kalkvägen Ö Jonstorpsmossen Ringvägen Hunneberg	2017	1	2.5464731347084286	509.29462694168575
Point site	332	Mötesplats virkesupplag Hunneberg	2011	2	5.092946269416857	1018.5892538833715
Point site	332	Mötesplats virkesupplag Hunneberg	2011	1	2.5464731347084286	509.29462694168575
Point site	332	Mötesplats virkesupplag Hunneberg	2013	1	2.5464731347084286	509.29462694168575
Point site	349	Furnäs	2011	1	2.5464731347084286	509.29462694168575
Point site	349	Furnäs	2013	1	2.5464731347084286	509.29462694168575
Point site	349	Furnäs	2013	1	2.5464731347084286	509.29462694168575
Point site	349	Furnäs	2014	1	2.5464731347084286	509.29462694168575
Point site	349	Furnäs	2015	1	2.5464731347084286	509.29462694168575
Point site	349	Furnäs	2015	1	2.5464731347084286	509.29462694168575
Point site	349	Furnäs	2016	1	2.5464731347084286	509.29462694168575
Point site	349	Furnäs	2017	1	2.5464731347084286	509.29462694168575
Point site	349	Furnäs	2020	1	2.5464731347084286	509.29462694168575
Point site	349	Furnäs	2020	1	2.5464731347084286	509.29462694168575
Point site	351	Trädgård Urby	2018	1	2.5464731347084286	509.29462694168575
Point site	352	Bäcktorpet, Torphyttan	2015	1	2.5464731347084286	509.29462694168575
Point site	352	Bäcktorpet, Torphyttan	2017	1	2.5464731347084286	509.29462694168575
Point site	352	Bäcktorpet, Torphyttan	2017	1	2.5464731347084286	509.29462694168575
Point site	352	Bäcktorpet, Torphyttan	2018	1	2.5464731347084286	509.29462694168575
Point site	352	Bäcktorpet, Torphyttan	2020	1	2.5464731347084286	509.29462694168575
Point site	352	Bäcktorpet, Torphyttan	2023	1	2.5464731347084286	509.29462694168575
Point site	354	Slättingebygd	2012	1	2.5464731347084286	509.29462694168575
Point site	357	Norrby	2011	2	5.092946269416857	1018.5892538833715
Point site	357	Norrby	2023	2	5.092946269416857	1018.5892538833715
Point site	363	Västra Röllingen	2011	1	2.5464731347084286	509.29462694168575
Point site	365	Axsjöfallet P	2012	1	2.5464731347084286	509.29462694168575
Point site	365	Axsjöfallet P	2013	1	2.5464731347084286	509.29462694168575
Point site	365	Axsjöfallet P	2015	1	2.5464731347084286	509.29462694168575
Point site	367	Utterbäcksvägen 9	2011	3	7.639419404125286	1527.8838808250573
Point site	367	Utterbäcksvägen 9	2011	1	2.5464731347084286	509.29462694168575
Point site	367	Utterbäcksvägen 9	2011	1	2.5464731347084286	509.29462694168575
Point site	367	Utterbäcksvägen 9	2013	1	2.5464731347084286	509.29462694168575
Point site	367	Utterbäcksvägen 9	2013	1	2.5464731347084286	509.29462694168575
Point site	367	Utterbäcksvägen 9	2014	1	2.5464731347084286	509.29462694168575
Point site	367	Utterbäcksvägen 9	2016	1	2.5464731347084286	509.29462694168575
Point site	367	Utterbäcksvägen 9	2017	2	5.092946269416857	1018.5892538833715
Point site	367	Utterbäcksvägen 9	2018	1	2.5464731347084286	509.29462694168575
Point site	367	Utterbäcksvägen 9	2018	2	5.092946269416857	1018.5892538833715
Point site	367	Utterbäcksvägen 9	2018	1	2.5464731347084286	509.29462694168575
Point site	367	Utterbäcksvägen 9	2020	1	2.5464731347084286	509.29462694168575
Point site	367	Utterbäcksvägen 9	2020	1	2.5464731347084286	509.29462694168575
Point site	367	Utterbäcksvägen 9	2021	1	2.5464731347084286	509.29462694168575
Point site	367	Utterbäcksvägen 9	2022	2	5.092946269416857	1018.5892538833715
Point site	367	Utterbäcksvägen 9	2023	1	2.5464731347084286	509.29462694168575
Point site	367	Utterbäcksvägen 9	2023	1	2.5464731347084286	509.29462694168575
Point site	368	Karintorp	2012	1	2.5464731347084286	509.29462694168575
Point site	368	Karintorp	2013	3	7.639419404125286	1527.8838808250573
Point site	368	Karintorp	2013	1	2.5464731347084286	509.29462694168575
Point site	368	Karintorp	2014	2	5.092946269416857	1018.5892538833715
Point site	368	Karintorp	2014	1	2.5464731347084286	509.29462694168575
Point site	368	Karintorp	2020	2	5.092946269416857	1018.5892538833715
Point site	395	Alvered 1:14	2014	2	5.092946269416857	1018.5892538833715
Point site	422	Barum 2:12	2015	2	5.092946269416857	1018.5892538833715
Point site	428	Viggbyholm	2018	1	2.5464731347084286	509.29462694168575
Point site	428	Viggbyholm	2019	1	2.5464731347084286	509.29462694168575
Point site	428	Viggbyholm	2019	1	2.5464731347084286	509.29462694168575
Point site	428	Viggbyholm	2019	1	2.5464731347084286	509.29462694168575
Point site	428	Viggbyholm	2023	1	2.5464731347084286	509.29462694168575
Point site	439	Johannelunds koloniträdgårdar	2016	1	2.5464731347084286	509.29462694168575
Point site	439	Johannelunds koloniträdgårdar	2018	1	2.5464731347084286	509.29462694168575
Point site	439	Johannelunds koloniträdgårdar	2018	1	2.5464731347084286	509.29462694168575
Point site	439	Johannelunds koloniträdgårdar	2023	1	2.5464731347084286	509.29462694168575
Point site	439	Johannelunds koloniträdgårdar	2023	1	2.5464731347084286	509.29462694168575
Point site	439	Johannelunds koloniträdgårdar	2023	1	2.5464731347084286	509.29462694168575
Point site	445	Vreten	2014	1	2.5464731347084286	509.29462694168575
Point site	445	Vreten	2018	4	10.185892538833716	2037.1785077667432
Point site	445	Vreten	2019	1	2.5464731347084286	509.29462694168575
Point site	453	Viksberget	2012	2	5.092946269416857	1018.5892538833715
Point site	453	Viksberget	2012	2	5.092946269416857	1018.5892538833715
Point site	453	Viksberget	2013	1	2.5464731347084286	509.29462694168575
Point site	458	Bangårdsområdet	2012	2	5.092946269416857	1018.5892538833715
Point site	463	Läkärret	2014	2	5.092946269416857	1018.5892538833715
Point site	463	Läkärret	2016	1	2.5464731347084286	509.29462694168575
Point site	463	Läkärret	2022	2	5.092946269416857	1018.5892538833715
Point site	464	Lönnbromossen	2016	1	2.5464731347084286	509.29462694168575
Point site	485	Stibbetorp 106	2012	1	2.5464731347084286	509.29462694168575
Point site	485	Stibbetorp 106	2012	1	2.5464731347084286	509.29462694168575
Point site	486	Virsbo, Skräddartorp	2013	3	7.639419404125286	1527.8838808250573
Point site	490	Ängsö Nationalpark	2012	1	2.5464731347084286	509.29462694168575
Point site	490	Ängsö Nationalpark	2013	1	2.5464731347084286	509.29462694168575
Point site	524	Gamla grustaget, Norrhult	2015	2	5.092946269416857	1018.5892538833715
Point site	524	Gamla grustaget, Norrhult	2015	2	5.092946269416857	1018.5892538833715
Point site	524	Gamla grustaget, Norrhult	2015	1	2.5464731347084286	509.29462694168575
Point site	524	Gamla grustaget, Norrhult	2016	1	2.5464731347084286	509.29462694168575
Point site	529	Enehusa	2015	1	2.5464731347084286	509.29462694168575
Point site	536	Listrehagen	2013	10	25.46473134708429	5092.946269416858
Point site	536	Listrehagen	2013	2	5.092946269416857	1018.5892538833715
Point site	536	Listrehagen	2013	1	2.5464731347084286	509.29462694168575
Point site	536	Listrehagen	2014	2	5.092946269416857	1018.5892538833715
Point site	536	Listrehagen	2014	3	7.639419404125286	1527.8838808250573
Point site	536	Listrehagen	2016	3	7.639419404125286	1527.8838808250573
Point site	536	Listrehagen	2018	5	12.732365673542144	2546.473134708429
Point site	536	Listrehagen	2018	3	7.639419404125286	1527.8838808250573
Point site	536	Listrehagen	2023	4	10.185892538833716	2037.1785077667432
Point site	536	Listrehagen	2024	1	2.5464731347084286	509.29462694168575
Point site	536	Listrehagen	2025	1	2.5464731347084286	509.29462694168575
Point site	571	Risatorpet	2016	1	2.5464731347084286	509.29462694168575
Point site	571	Risatorpet	2016	2	5.092946269416857	1018.5892538833715
Point site	571	Risatorpet	2017	1	2.5464731347084286	509.29462694168575
Point site	571	Risatorpet	2017	1	2.5464731347084286	509.29462694168575
Point site	571	Risatorpet	2017	1	2.5464731347084286	509.29462694168575
Point site	571	Risatorpet	2018	1	2.5464731347084286	509.29462694168575
Point site	575	Sörby Tall	2013	1	2.5464731347084286	509.29462694168575
Point site	576	Källbo	2017	1	2.5464731347084286	509.29462694168575
Point site	576	Källbo	2023	1	2.5464731347084286	509.29462694168575
Point site	592	Bjärkefall, Hästhagen	2014	1	2.5464731347084286	509.29462694168575
Point site	593	Listregården	2018	6	15.278838808250573	3055.7677616501146
Point site	593	Listregården	2023	1	2.5464731347084286	509.29462694168575
Point site	618	Gullaskruv	2017	1	2.5464731347084286	509.29462694168575
Point site	618	Gullaskruv	2021	1	2.5464731347084286	509.29462694168575
Point site	624	Ersdalens naturreservat	2014	1	2.5464731347084286	509.29462694168575
Point site	626	Högbergets gamla slalombacke	2014	1	2.5464731347084286	509.29462694168575
Point site	626	Högbergets gamla slalombacke	2014	2	5.092946269416857	1018.5892538833715
Point site	626	Högbergets gamla slalombacke	2015	1	2.5464731347084286	509.29462694168575
Point site	626	Högbergets gamla slalombacke	2016	5	12.732365673542144	2546.473134708429
Point site	626	Högbergets gamla slalombacke	2016	3	7.639419404125286	1527.8838808250573
Point site	626	Högbergets gamla slalombacke	2018	1	2.5464731347084286	509.29462694168575
Point site	626	Högbergets gamla slalombacke	2019	2	5.092946269416857	1018.5892538833715
Point site	626	Högbergets gamla slalombacke	2020	1	2.5464731347084286	509.29462694168575
Point site	626	Högbergets gamla slalombacke	2021	1	2.5464731347084286	509.29462694168575
Point site	626	Högbergets gamla slalombacke	2022	2	5.092946269416857	1018.5892538833715
Point site	626	Högbergets gamla slalombacke	2023	1	2.5464731347084286	509.29462694168575
Point site	626	Högbergets gamla slalombacke	2024	1	2.5464731347084286	509.29462694168575
Point site	634	Äppleskogen	2016	2	5.092946269416857	1018.5892538833715
Point site	635	Holma ängar	2016	1	2.5464731347084286	509.29462694168575
Point site	686	Jordberg, östra infarten	2014	1	2.5464731347084286	509.29462694168575
Point site	686	Jordberg, östra infarten	2014	3	7.639419404125286	1527.8838808250573
Point site	686	Jordberg, östra infarten	2014	1	2.5464731347084286	509.29462694168575
Point site	686	Jordberg, östra infarten	2014	1	2.5464731347084286	509.29462694168575
Point site	687	Jordberg	2014	1	2.5464731347084286	509.29462694168575
Point site	688	Jordberg, västra infarten	2014	1	2.5464731347084286	509.29462694168575
Point site	688	Jordberg, västra infarten	2014	1	2.5464731347084286	509.29462694168575
Point site	689	Åsen, Sunne	2014	1	2.5464731347084286	509.29462694168575
Point site	689	Åsen, Sunne	2014	1	2.5464731347084286	509.29462694168575
Point site	689	Åsen, Sunne	2014	2	5.092946269416857	1018.5892538833715
Point site	690	Höglunda, östra infarten	2014	1	2.5464731347084286	509.29462694168575
Point site	690	Höglunda, östra infarten	2014	1	2.5464731347084286	509.29462694168575
Point site	690	Höglunda, östra infarten	2014	2	5.092946269416857	1018.5892538833715
Point site	691	Höglunda, västra infarten	2014	1	2.5464731347084286	509.29462694168575
Point site	704	Granstorp	2015	1	2.5464731347084286	509.29462694168575
Point site	704	Granstorp	2024	1	2.5464731347084286	509.29462694168575
Point site	722	Syntorp 1:17	2020	1	2.5464731347084286	509.29462694168575
Point site	755	Söderö skola 600 m SO	2016	1	2.5464731347084286	509.29462694168575
Point site	766	Bredgården Holsljunga	2021	1	2.5464731347084286	509.29462694168575
Point site	767	Grustäkt Holsljunga	2017	1	2.5464731347084286	509.29462694168575
Point site	768	Skjutbana Holsljunga	2016	1	2.5464731347084286	509.29462694168575
Point site	768	Skjutbana Holsljunga	2017	1	2.5464731347084286	509.29462694168575
Point site	792	Sinnerum	2016	1	2.5464731347084286	509.29462694168575
Point site	792	Sinnerum	2016	1	2.5464731347084286	509.29462694168575
Point site	792	Sinnerum	2016	1	2.5464731347084286	509.29462694168575
Point site	792	Sinnerum	2017	1	2.5464731347084286	509.29462694168575
Point site	800	Ässkogstorp	2017	1	2.5464731347084286	509.29462694168575
Point site	800	Ässkogstorp	2017	1	2.5464731347084286	509.29462694168575
Point site	846	Österås, N Byasjön	2015	1	2.5464731347084286	509.29462694168575
Point site	847	Linneberg, Tidersrum	2015	1	2.5464731347084286	509.29462694168575
Point site	862	Brandområdet N3	2017	2	5.092946269416857	1018.5892538833715
Point site	862	Brandområdet N3	2017	4	10.185892538833716	2037.1785077667432
Point site	884	Länsmansbärby, fjärilsrabatten	2019	1	2.5464731347084286	509.29462694168575
Point site	884	Länsmansbärby, fjärilsrabatten	2019	1	2.5464731347084286	509.29462694168575
Point site	899	Nedre Malsjö	2016	2	5.092946269416857	1018.5892538833715
Point site	899	Nedre Malsjö	2021	1	2.5464731347084286	509.29462694168575
Point site	900	Hammarbacken	2018	1	2.5464731347084286	509.29462694168575
Point site	900	Hammarbacken	2019	4	10.185892538833716	2037.1785077667432
Point site	900	Hammarbacken	2019	1	2.5464731347084286	509.29462694168575
Point site	900	Hammarbacken	2020	2	5.092946269416857	1018.5892538833715
Point site	900	Hammarbacken	2020	2	5.092946269416857	1018.5892538833715
Point site	900	Hammarbacken	2021	1	2.5464731347084286	509.29462694168575
Point site	900	Hammarbacken	2022	2	5.092946269416857	1018.5892538833715
Point site	900	Hammarbacken	2022	2	5.092946269416857	1018.5892538833715
Point site	950	Postgården 2, Timmersdala	2019	2	5.092946269416857	1018.5892538833715
Point site	974	Begravningsplats Sundbyberg	2017	1	2.5464731347084286	509.29462694168575
Point site	974	Begravningsplats Sundbyberg	2018	3	7.639419404125286	1527.8838808250573
Point site	1090	Timmerkajen	2018	1	2.5464731347084286	509.29462694168575
Point site	1094	Råby Karlberg	2023	1	2.5464731347084286	509.29462694168575
Point site	1094	Råby Karlberg	2023	2	5.092946269416857	1018.5892538833715
Point site	1094	Råby Karlberg	2023	2	5.092946269416857	1018.5892538833715
Point site	1095	Naverstads-Amunderöd	2019	1	2.5464731347084286	509.29462694168575
Point site	1095	Naverstads-Amunderöd	2019	1	2.5464731347084286	509.29462694168575
Point site	2638	Toratorpet Mjöbäck	2014	1	2.5464731347084286	509.29462694168575
Point site	2676	Lairu	2020	1	2.5464731347084286	509.29462694168575
Point site	2676	Lairu	2020	1	2.5464731347084286	509.29462694168575
Point site	2676	Lairu	2020	1	2.5464731347084286	509.29462694168575
Point site	2676	Lairu	2021	1	2.5464731347084286	509.29462694168575
Point site	2684	Svenshögen	2019	1	2.5464731347084286	509.29462694168575
Point site	2688	Stora Källmora norra	2019	1	2.5464731347084286	509.29462694168575
Point site	2689	Stora Källmora södra	2023	1	2.5464731347084286	509.29462694168575
Point site	2708	Utsiktsgatan 5, Lysekil	2024	1	2.5464731347084286	509.29462694168575
Point site	2750	Eriksborg	2020	1	2.5464731347084286	509.29462694168575
Point site	2750	Eriksborg	2021	1	2.5464731347084286	509.29462694168575
Point site	2750	Eriksborg	2022	2	5.092946269416857	1018.5892538833715
Point site	2750	Eriksborg	2023	2	5.092946269416857	1018.5892538833715
Point site	2750	Eriksborg	2023	2	5.092946269416857	1018.5892538833715
Point site	2750	Eriksborg	2023	2	5.092946269416857	1018.5892538833715
Point site	2750	Eriksborg	2023	2	5.092946269416857	1018.5892538833715
Point site	2750	Eriksborg	2024	2	5.092946269416857	1018.5892538833715
Point site	2750	Eriksborg	2024	1	2.5464731347084286	509.29462694168575
Point site	2750	Eriksborg	2025	3	7.639419404125286	1527.8838808250573
Point site	2750	Eriksborg	2025	2	5.092946269416857	1018.5892538833715
Point site	2753	Sörbyfallet Grythyttan	2022	2	5.092946269416857	1018.5892538833715
Point site	2753	Sörbyfallet Grythyttan	2024	4	10.185892538833716	2037.1785077667432
Point site	2764	Logen, Olshammar	2020	1	2.5464731347084286	509.29462694168575
Point site	2778	Västra ringvägen, norra delen	2019	1	2.5464731347084286	509.29462694168575
Point site	2778	Västra ringvägen, norra delen	2020	2	5.092946269416857	1018.5892538833715
Point site	2778	Västra ringvägen, norra delen	2022	1	2.5464731347084286	509.29462694168575
Point site	2780	Kårtorp, Norrköping	2019	1	2.5464731347084286	509.29462694168575
Point site	2780	Kårtorp, Norrköping	2020	1	2.5464731347084286	509.29462694168575
Point site	2780	Kårtorp, Norrköping	2021	2	5.092946269416857	1018.5892538833715
Point site	2780	Kårtorp, Norrköping	2021	1	2.5464731347084286	509.29462694168575
Point site	2816	Station Lunda	2020	2	5.092946269416857	1018.5892538833715
Point site	2816	Station Lunda	2022	1	2.5464731347084286	509.29462694168575
Point site	2816	Station Lunda	2024	2	5.092946269416857	1018.5892538833715
Point site	2816	Station Lunda	2024	2	5.092946269416857	1018.5892538833715
Point site	2816	Station Lunda	2024	2	5.092946269416857	1018.5892538833715
Point site	2816	Station Lunda	2024	2	5.092946269416857	1018.5892538833715
Point site	2816	Station Lunda	2024	2	5.092946269416857	1018.5892538833715
Point site	2834	Fågeltäppa	2022	1	2.5464731347084286	509.29462694168575
Point site	2880	Stora Frö	2022	1	2.5464731347084286	509.29462694168575
Point site	3183	Rönnåsen	2022	1	2.5464731347084286	509.29462694168575
Point site	3184	Nolskogen	2022	1	2.5464731347084286	509.29462694168575
Point site	3184	Nolskogen	2023	2	5.092946269416857	1018.5892538833715
Point site	3193	Fotbollsplanen, Brunnsåker	2021	2	5.092946269416857	1018.5892538833715
Point site	3193	Fotbollsplanen, Brunnsåker	2025	2	5.092946269416857	1018.5892538833715
Point site	3271	Västerviks gård	2022	1	2.5464731347084286	509.29462694168575
Point site	3277	Barkspadevägen 7, Valsätra	2022	1	2.5464731347084286	509.29462694168575
Point site	3295	Torpa Egebo	2022	1	2.5464731347084286	509.29462694168575
Point site	3304	Betesvallen Barkeryd	2022	2	5.092946269416857	1018.5892538833715
Point site	3568	Knippels	2024	1	2.5464731347084286	509.29462694168575
Point site	3568	Knippels	2024	1	2.5464731347084286	509.29462694168575
Point site	3766	Prästakullens koloniområde	2023	1	2.5464731347084286	509.29462694168575
Point site	3766	Prästakullens koloniområde	2023	1	2.5464731347084286	509.29462694168575
Point site	3766	Prästakullens koloniområde	2023	1	2.5464731347084286	509.29462694168575
Point site	3883	Soldattorpet Wärnersborg	2024	3	7.639419404125286	1527.8838808250573
Point site	3890	Berg 2:12, Västerfärnebo	2023	1	2.5464731347084286	509.29462694168575
Point site	3890	Berg 2:12, Västerfärnebo	2023	2	5.092946269416857	1018.5892538833715
Point site	3891	Kalkugnsbacken, Berg	2023	1	2.5464731347084286	509.29462694168575
Point site	3891	Kalkugnsbacken, Berg	2023	1	2.5464731347084286	509.29462694168575
Point site	3891	Kalkugnsbacken, Berg	2023	1	2.5464731347084286	509.29462694168575
Point site	3891	Kalkugnsbacken, Berg	2024	5	12.732365673542144	2546.473134708429
Point site	3891	Kalkugnsbacken, Berg	2024	1	2.5464731347084286	509.29462694168575
Point site	3892	Kloberget, Islingsby	2023	2	5.092946269416857	1018.5892538833715
Point site	3892	Kloberget, Islingsby	2024	1	2.5464731347084286	509.29462694168575
Point site	3892	Kloberget, Islingsby	2024	1	2.5464731347084286	509.29462694168575
Point site	3898	Åhsbergska hagen, Visby	2023	1	2.5464731347084286	509.29462694168575
Point site	3961	Lekatorp	2025	4	10.185892538833716	2037.1785077667432
Point site	4060	Rönnstigen 15	2024	1	2.5464731347084286	509.29462694168575
Point site	4060	Rönnstigen 15	2024	3	7.639419404125286	1527.8838808250573
Point site	4070	Ishult Ängsbacka punkt	2024	3	7.639419404125286	1527.8838808250573
Point site	4070	Ishult Ängsbacka punkt	2024	3	7.639419404125286	1527.8838808250573
Point site	4094	Bergs skogar 1, Partystugan	2024	1	2.5464731347084286	509.29462694168575
Point site	4094	Bergs skogar 1, Partystugan	2024	2	5.092946269416857	1018.5892538833715
Point site	4095	Bergs skogar 2	2024	1	2.5464731347084286	509.29462694168575
Point site	4096	Bergs skogar 3	2024	3	7.639419404125286	1527.8838808250573
Point site	4097	Bergs skogar 4, Soldattorpet	2024	1	2.5464731347084286	509.29462694168575
