sit_uid	sit_name	segment_number	seg_uid	reg_code	geo_uid	sum	count_per_1000m	date	year	week	day_of_year	segment_length	corine_1
6	Rökepipan	9	137	SGot	583	3	16.1769520234332	2011-06-28	2011	26	179	185.449026222884	12.0
6	Rökepipan	9	137	SGot	583	1	5.39231734114441	2014-06-07	2014	23	158	185.449026222884	12.0
17	NV Krankesjön	1	23	SGot	585	1	3.47492651003533	2012-07-08	2012	27	190	287.775870111806	18.0
17	NV Krankesjön	2	22	SGot	586	1	5.82439044413059	2012-07-08	2012	27	190	171.691786392468	18.0
17	NV Krankesjön	3	21	SGot	587	2	7.25132035203621	2013-06-10	2013	24	161	275.811838796832	18.0
17	NV Krankesjön	3	21	SGot	587	2	7.25132035203621	2013-07-12	2013	28	193	275.811838796832	18.0
17	NV Krankesjön	4	20	SGot	588	1	3.24208196605807	2012-07-08	2012	27	190	308.443774854917	18.0
19	Vankiva skola	5	30	SGot	600	1	5.4265435521059	2014-06-08	2014	23	159	184.279365013467	24.0
32	Gamla Mörtforsvägen	1	54	OGot	2502	1	1.92612109534044	2014-07-20	2014	29	201	519.178156772772	24.0
32	Gamla Mörtforsvägen	1	54	OGot	2502	1	1.92612109534044	2015-08-01	2015	31	213	519.178156772772	24.0
32	Gamla Mörtforsvägen	2	53	OGot	2503	1	1.7805178532978	2012-07-03	2012	27	185	561.634357188748	24.0
32	Gamla Mörtforsvägen	3	52	OGot	2501	2	2.37620745506532	2013-06-17	2013	25	168	841.677352596735	41.0
37	Lammakulla Mellangård	1	70	OGot	2504	1	2.52630000031621	2014-06-08	2014	23	159	395.835807257583	18.0
37	Lammakulla Mellangård	1	70	OGot	2504	1	2.52630000031621	2015-07-01	2015	27	182	395.835807257583	18.0
37	Lammakulla Mellangård	1	70	OGot	2504	1	2.52630000031621	2018-06-16	2018	24	167	395.835807257583	18.0
37	Lammakulla Mellangård	2	69	OGot	2506	1	2.57452918276321	2010-07-04	2010	26	185	388.420534012635	18.0
37	Lammakulla Mellangård	2	69	OGot	2506	2	5.14905836552643	2011-06-03	2011	22	154	388.420534012635	18.0
37	Lammakulla Mellangård	2	69	OGot	2506	1	2.57452918276321	2011-06-26	2011	25	177	388.420534012635	18.0
37	Lammakulla Mellangård	2	69	OGot	2506	1	2.57452918276321	2012-06-20	2012	25	172	388.420534012635	18.0
37	Lammakulla Mellangård	2	69	OGot	2506	1	2.57452918276321	2012-06-26	2012	26	178	388.420534012635	18.0
37	Lammakulla Mellangård	2	69	OGot	2506	9	23.1707626448689	2014-06-08	2014	23	159	388.420534012635	18.0
37	Lammakulla Mellangård	2	69	OGot	2506	3	7.72358754828964	2014-06-25	2014	26	176	388.420534012635	18.0
37	Lammakulla Mellangård	2	69	OGot	2506	1	2.57452918276321	2014-07-05	2014	27	186	388.420534012635	18.0
37	Lammakulla Mellangård	2	69	OGot	2506	1	2.57452918276321	2015-07-01	2015	27	182	388.420534012635	18.0
37	Lammakulla Mellangård	2	69	OGot	2506	3	7.72358754828964	2015-07-16	2015	29	197	388.420534012635	18.0
37	Lammakulla Mellangård	2	69	OGot	2506	6	15.4471750965793	2016-06-20	2016	25	172	388.420534012635	18.0
37	Lammakulla Mellangård	2	69	OGot	2506	1	2.57452918276321	2017-07-06	2017	27	187	388.420534012635	18.0
37	Lammakulla Mellangård	2	69	OGot	2506	7	18.0217042793425	2018-06-16	2018	24	167	388.420534012635	18.0
37	Lammakulla Mellangård	2	69	OGot	2506	4	10.2981167310529	2019-05-31	2019	22	151	388.420534012635	18.0
37	Lammakulla Mellangård	2	69	OGot	2506	1	2.57452918276321	2019-06-25	2019	26	176	388.420534012635	18.0
37	Lammakulla Mellangård	2	69	OGot	2506	1	2.57452918276321	2024-06-24	2024	26	176	388.420534012635	18.0
37	Lammakulla Mellangård	3	68	OGot	2507	1	3.6585178715578	2012-06-26	2012	26	178	273.334731469878	25.0
37	Lammakulla Mellangård	3	68	OGot	2507	2	7.31703574311559	2013-06-24	2013	26	175	273.334731469878	25.0
37	Lammakulla Mellangård	3	68	OGot	2507	2	7.31703574311559	2014-06-08	2014	23	159	273.334731469878	25.0
37	Lammakulla Mellangård	3	68	OGot	2507	4	14.6340714862312	2014-06-25	2014	26	176	273.334731469878	25.0
37	Lammakulla Mellangård	3	68	OGot	2507	1	3.6585178715578	2015-07-16	2015	29	197	273.334731469878	25.0
37	Lammakulla Mellangård	3	68	OGot	2507	4	14.6340714862312	2016-06-20	2016	25	172	273.334731469878	25.0
37	Lammakulla Mellangård	3	68	OGot	2507	1	3.6585178715578	2017-07-06	2017	27	187	273.334731469878	25.0
37	Lammakulla Mellangård	3	68	OGot	2507	2	7.31703574311559	2018-06-03	2018	22	154	273.334731469878	25.0
37	Lammakulla Mellangård	3	68	OGot	2507	1	3.6585178715578	2019-05-31	2019	22	151	273.334731469878	25.0
37	Lammakulla Mellangård	3	68	OGot	2507	2	7.31703574311559	2019-06-25	2019	26	176	273.334731469878	25.0
37	Lammakulla Mellangård	4	67	OGot	2508	1	2.007142319854	2013-06-24	2013	26	175	498.220773937316	25.0
37	Lammakulla Mellangård	4	67	OGot	2508	3	6.021426959562	2014-06-08	2014	23	159	498.220773937316	25.0
37	Lammakulla Mellangård	4	67	OGot	2508	1	2.007142319854	2014-07-05	2014	27	186	498.220773937316	25.0
37	Lammakulla Mellangård	4	67	OGot	2508	1	2.007142319854	2015-07-16	2015	29	197	498.220773937316	25.0
37	Lammakulla Mellangård	4	67	OGot	2508	1	2.007142319854	2016-06-20	2016	25	172	498.220773937316	25.0
37	Lammakulla Mellangård	4	67	OGot	2508	1	2.007142319854	2017-06-28	2017	26	179	498.220773937316	25.0
37	Lammakulla Mellangård	4	67	OGot	2508	5	10.03571159927	2018-06-16	2018	24	167	498.220773937316	25.0
37	Lammakulla Mellangård	5	66	OGot	2505	1	7.30478704508721	2010-07-04	2010	26	185	136.896530155871	18.0
37	Lammakulla Mellangård	5	66	OGot	2505	2	14.6095740901744	2014-06-08	2014	23	159	136.896530155871	18.0
37	Lammakulla Mellangård	5	66	OGot	2505	1	7.30478704508721	2015-07-16	2015	29	197	136.896530155871	18.0
37	Lammakulla Mellangård	5	66	OGot	2505	1	7.30478704508721	2016-06-20	2016	25	172	136.896530155871	18.0
37	Lammakulla Mellangård	5	66	OGot	2505	1	7.30478704508721	2018-06-16	2018	24	167	136.896530155871	18.0
37	Lammakulla Mellangård	5	66	OGot	2505	1	7.30478704508721	2022-06-22	2022	25	173	136.896530155871	18.0
37	Lammakulla Mellangård	6	65	OGot	2509	1	5.90679669025258	2013-06-24	2013	26	175	169.296499006002	18.0
37	Lammakulla Mellangård	6	65	OGot	2509	3	17.7203900707578	2016-06-20	2016	25	172	169.296499006002	18.0
37	Lammakulla Mellangård	7	64	OGot	2510	1	3.47693105249117	2010-07-04	2010	26	185	287.609959732597	18.0
37	Lammakulla Mellangård	7	64	OGot	2510	1	3.47693105249117	2014-06-08	2014	23	159	287.609959732597	18.0
37	Lammakulla Mellangård	7	64	OGot	2510	1	3.47693105249117	2015-07-01	2015	27	182	287.609959732597	18.0
37	Lammakulla Mellangård	7	64	OGot	2510	1	3.47693105249117	2016-06-20	2016	25	172	287.609959732597	18.0
37	Lammakulla Mellangård	7	64	OGot	2510	2	6.95386210498233	2017-06-28	2017	26	179	287.609959732597	18.0
37	Lammakulla Mellangård	7	64	OGot	2510	1	3.47693105249117	2019-05-31	2019	22	151	287.609959732597	18.0
37	Lammakulla Mellangård	8	63	OGot	2511	1	10.9270357938471	2015-07-01	2015	27	182	91.5161274170154	18.0
37	Lammakulla Mellangård	8	63	OGot	2511	2	21.8540715876942	2016-06-20	2016	25	172	91.5161274170154	18.0
37	Lammakulla Mellangård	8	63	OGot	2511	2	21.8540715876942	2017-06-28	2017	26	179	91.5161274170154	18.0
37	Lammakulla Mellangård	8	63	OGot	2511	2	21.8540715876942	2017-07-06	2017	27	187	91.5161274170154	18.0
37	Lammakulla Mellangård	8	63	OGot	2511	5	54.6351789692355	2018-06-03	2018	22	154	91.5161274170154	18.0
37	Lammakulla Mellangård	8	63	OGot	2511	1	10.9270357938471	2018-06-16	2018	24	167	91.5161274170154	18.0
37	Lammakulla Mellangård	9	62	OGot	2512	2	14.9191550227114	2014-06-08	2014	23	159	134.055849473741	24.0
37	Lammakulla Mellangård	9	62	OGot	2512	3	22.3787325340671	2016-06-20	2016	25	172	134.055849473741	24.0
37	Lammakulla Mellangård	9	62	OGot	2512	1	7.45957751135568	2017-07-06	2017	27	187	134.055849473741	24.0
37	Lammakulla Mellangård	9	62	OGot	2512	2	14.9191550227114	2018-06-03	2018	22	154	134.055849473741	24.0
37	Lammakulla Mellangård	10	61	OGot	2513	1	4.31493520519574	2013-06-11	2013	24	162	231.753190359816	24.0
37	Lammakulla Mellangård	10	61	OGot	2513	2	8.62987041039148	2013-06-15	2013	24	166	231.753190359816	24.0
37	Lammakulla Mellangård	10	61	OGot	2513	2	8.62987041039148	2013-06-24	2013	26	175	231.753190359816	24.0
37	Lammakulla Mellangård	10	61	OGot	2513	2	8.62987041039148	2014-06-08	2014	23	159	231.753190359816	24.0
37	Lammakulla Mellangård	10	61	OGot	2513	1	4.31493520519574	2015-07-16	2015	29	197	231.753190359816	24.0
37	Lammakulla Mellangård	10	61	OGot	2513	3	12.9448056155872	2016-06-20	2016	25	172	231.753190359816	24.0
37	Lammakulla Mellangård	10	61	OGot	2513	1	4.31493520519574	2017-06-28	2017	26	179	231.753190359816	24.0
37	Lammakulla Mellangård	10	61	OGot	2513	2	8.62987041039148	2018-06-03	2018	22	154	231.753190359816	24.0
37	Lammakulla Mellangård	10	61	OGot	2513	2	8.62987041039148	2018-06-16	2018	24	167	231.753190359816	24.0
37	Lammakulla Mellangård	10	61	OGot	2513	1	4.31493520519574	2019-06-25	2019	26	176	231.753190359816	24.0
37	Lammakulla Mellangård	10	61	OGot	2513	1	4.31493520519574	2021-06-05	2021	22	156	231.753190359816	24.0
37	Lammakulla Mellangård	10	61	OGot	2513	1	4.31493520519574	2022-06-22	2022	25	173	231.753190359816	24.0
37	Lammakulla Mellangård	11	60	OGot	2514	1	5.31452497551955	2013-06-11	2013	24	162	188.163571458659	24.0
37	Lammakulla Mellangård	11	60	OGot	2514	1	5.31452497551955	2016-06-20	2016	25	172	188.163571458659	24.0
37	Lammakulla Mellangård	11	60	OGot	2514	1	5.31452497551955	2019-05-31	2019	22	151	188.163571458659	24.0
37	Lammakulla Mellangård	11	60	OGot	2514	1	5.31452497551955	2022-06-22	2022	25	173	188.163571458659	24.0
37	Lammakulla Mellangård	12	59	OGot	2515	1	4.06097996619287	2015-07-01	2015	27	182	246.245982084342	18.0
37	Lammakulla Mellangård	12	59	OGot	2515	1	4.06097996619287	2016-06-20	2016	25	172	246.245982084342	18.0
45	Rone Domerarve	1	86	OGot	605	1	2.11684767437604	2012-06-11	2012	24	163	472.40054733497	12.0
45	Rone Domerarve	1	86	OGot	605	2	4.23369534875208	2012-06-20	2012	25	172	472.40054733497	12.0
45	Rone Domerarve	5	82	OGot	604	1	3.79559081299536	2013-07-03	2013	27	184	263.463594804845	12.0
45	Rone Domerarve	5	82	OGot	604	1	3.79559081299536	2015-07-02	2015	27	183	263.463594804845	12.0
51	Bildstenar, Ängegård Buttle	5	104	OGot	2525	1	5.8238964099175	2018-07-08	2018	27	189	171.706350802721	21.0
51	Bildstenar, Ängegård Buttle	6	103	OGot	2526	1	8.0456156650189	2021-06-20	2021	24	171	124.291296233282	21.0
56	Mallgårds Klint	1	133	OGot	610	1	4.11205390024037	2016-06-20	2016	25	172	243.187473768655	24.0
56	Mallgårds Klint	3	131	OGot	612	1	4.82439273941306	2010-07-08	2010	27	189	207.27997367015	24.0
56	Mallgårds Klint	3	131	OGot	612	1	4.82439273941306	2014-06-27	2014	26	178	207.27997367015	24.0
57	Russparkens vinterhage	1	160	OGot	619	1	3.96802626924354	2022-06-04	2022	22	155	252.014460627711	24.0
57	Russparkens vinterhage	6	155	OGot	629	3	13.8226274721505	2022-06-04	2022	22	155	217.035437440843	24.0
57	Russparkens vinterhage	7	154	OGot	628	1	2.82527576739574	2022-06-04	2022	22	155	353.947749646319	24.0
57	Russparkens vinterhage	8	153	OGot	627	1	3.26687118282572	2022-06-04	2022	22	155	306.103284775079	24.0
57	Russparkens vinterhage	9	152	OGot	626	1	3.70444274973898	2022-06-04	2022	22	155	269.946134292523	24.0
57	Russparkens vinterhage	13	148	OGot	622	1	7.36385400203513	2022-06-04	2022	22	155	135.798455499475	24.0
57	Russparkens vinterhage	14	147	OGot	621	2	11.8704811593835	2022-06-04	2022	22	155	168.485166957114	24.0
61	Svalsjö	1	172	OGot	2537	1	3.69540185174732	2010-06-24	2010	25	175	270.606564622238	12.0
61	Svalsjö	1	172	OGot	2537	2	7.39080370349464	2013-06-20	2013	25	171	270.606564622238	12.0
61	Svalsjö	2	171	OGot	2539	3	5.51772784806379	2010-06-24	2010	25	175	543.702060450974	12.0
61	Svalsjö	2	171	OGot	2539	1	1.83924261602126	2012-07-24	2012	30	206	543.702060450974	12.0
61	Svalsjö	3	170	OGot	2540	1	1.69238841632116	2010-06-24	2010	25	175	590.880905562896	24.0
61	Svalsjö	3	170	OGot	2540	1	1.69238841632116	2012-06-13	2012	24	165	590.880905562896	24.0
61	Svalsjö	3	170	OGot	2540	2	3.38477683264231	2014-07-17	2014	29	198	590.880905562896	24.0
61	Svalsjö	4	169	OGot	2541	2	5.52208657980274	2011-07-09	2011	27	190	362.181934509155	12.0
61	Svalsjö	4	169	OGot	2541	1	2.76104328990137	2012-06-13	2012	24	165	362.181934509155	12.0
61	Svalsjö	4	169	OGot	2541	1	2.76104328990137	2013-06-20	2013	25	171	362.181934509155	12.0
61	Svalsjö	4	169	OGot	2541	1	2.76104328990137	2013-07-13	2013	28	194	362.181934509155	12.0
61	Svalsjö	5	168	OGot	2543	3	15.2212147720052	2010-06-24	2010	25	175	197.09333617167	12.0
61	Svalsjö	5	168	OGot	2543	2	10.1474765146701	2011-06-26	2011	25	177	197.09333617167	12.0
61	Svalsjö	5	168	OGot	2543	2	10.1474765146701	2011-07-09	2011	27	190	197.09333617167	12.0
61	Svalsjö	5	168	OGot	2543	1	5.07373825733506	2012-07-24	2012	30	206	197.09333617167	12.0
61	Svalsjö	5	168	OGot	2543	2	10.1474765146701	2014-07-17	2014	29	198	197.09333617167	12.0
61	Svalsjö	6	167	OGot	2544	1	4.54000717884445	2011-06-26	2011	25	177	220.263968889698	24.0
61	Svalsjö	6	167	OGot	2544	1	4.54000717884445	2011-07-09	2011	27	190	220.263968889698	24.0
61	Svalsjö	6	167	OGot	2544	2	9.08001435768889	2012-07-24	2012	30	206	220.263968889698	24.0
61	Svalsjö	6	167	OGot	2544	1	4.54000717884445	2014-07-17	2014	29	198	220.263968889698	24.0
61	Svalsjö	7	166	OGot	2545	1	3.79862580136597	2010-06-24	2010	25	175	263.253095274719	12.0
61	Svalsjö	7	166	OGot	2545	2	7.59725160273193	2011-06-26	2011	25	177	263.253095274719	12.0
61	Svalsjö	7	166	OGot	2545	1	3.79862580136597	2012-07-24	2012	30	206	263.253095274719	12.0
61	Svalsjö	7	166	OGot	2545	3	11.3958774040979	2013-06-20	2013	25	171	263.253095274719	12.0
61	Svalsjö	8	165	OGot	2538	1	1.40004256926451	2011-07-09	2011	27	190	714.263995933589	12.0
63	Trunelän, Maglehem	1	179	SGot	675	1	3.39989621204137	2010-07-14	2010	28	195	294.126625530012	18.0
63	Trunelän, Maglehem	1	179	SGot	675	2	6.79979242408274	2011-06-27	2011	26	178	294.126625530012	18.0
63	Trunelän, Maglehem	1	179	SGot	675	1	3.39989621204137	2012-07-24	2012	30	206	294.126625530012	18.0
63	Trunelän, Maglehem	1	179	SGot	675	1	3.39989621204137	2012-08-03	2012	31	216	294.126625530012	18.0
63	Trunelän, Maglehem	1	179	SGot	675	1	3.39989621204137	2013-07-07	2013	27	188	294.126625530012	18.0
63	Trunelän, Maglehem	1	179	SGot	675	4	13.5995848481655	2014-07-04	2014	27	185	294.126625530012	18.0
63	Trunelän, Maglehem	1	179	SGot	675	2	6.79979242408274	2015-06-29	2015	27	180	294.126625530012	18.0
63	Trunelän, Maglehem	1	179	SGot	675	3	10.1996886361241	2016-07-01	2016	26	183	294.126625530012	18.0
63	Trunelän, Maglehem	1	179	SGot	675	1	3.39989621204137	2016-07-07	2016	27	189	294.126625530012	18.0
63	Trunelän, Maglehem	1	179	SGot	675	4	13.5995848481655	2017-06-27	2017	26	178	294.126625530012	18.0
63	Trunelän, Maglehem	1	179	SGot	675	3	10.1996886361241	2017-07-06	2017	27	187	294.126625530012	18.0
63	Trunelän, Maglehem	1	179	SGot	675	4	13.5995848481655	2018-06-08	2018	23	159	294.126625530012	18.0
63	Trunelän, Maglehem	1	179	SGot	675	1	3.39989621204137	2022-07-12	2022	28	193	294.126625530012	18.0
63	Trunelän, Maglehem	1	179	SGot	675	4	13.5995848481655	2023-06-08	2023	23	159	294.126625530012	18.0
63	Trunelän, Maglehem	2	178	SGot	676	1	5.1521088571276	2010-07-03	2010	26	184	194.095277823287	23.0
63	Trunelän, Maglehem	2	178	SGot	676	2	10.3042177142552	2010-07-14	2010	28	195	194.095277823287	23.0
63	Trunelän, Maglehem	2	178	SGot	676	1	5.1521088571276	2013-06-07	2013	23	158	194.095277823287	23.0
63	Trunelän, Maglehem	2	178	SGot	676	2	10.3042177142552	2013-07-07	2013	27	188	194.095277823287	23.0
63	Trunelän, Maglehem	2	178	SGot	676	1	5.1521088571276	2013-07-15	2013	29	196	194.095277823287	23.0
63	Trunelän, Maglehem	2	178	SGot	676	1	5.1521088571276	2015-07-07	2015	28	188	194.095277823287	23.0
63	Trunelän, Maglehem	2	178	SGot	676	4	20.6084354285104	2017-06-27	2017	26	178	194.095277823287	23.0
63	Trunelän, Maglehem	2	178	SGot	676	1	5.1521088571276	2017-07-06	2017	27	187	194.095277823287	23.0
63	Trunelän, Maglehem	2	178	SGot	676	1	5.1521088571276	2022-07-12	2022	28	193	194.095277823287	23.0
63	Trunelän, Maglehem	2	178	SGot	676	4	20.6084354285104	2023-06-08	2023	23	159	194.095277823287	23.0
63	Trunelän, Maglehem	3	177	SGot	677	3	16.2244916592852	2010-07-03	2010	26	184	184.905639141126	18.0
63	Trunelän, Maglehem	3	177	SGot	677	1	5.4081638864284	2013-06-07	2013	23	158	184.905639141126	18.0
63	Trunelän, Maglehem	3	177	SGot	677	1	5.4081638864284	2013-07-07	2013	27	188	184.905639141126	18.0
63	Trunelän, Maglehem	3	177	SGot	677	2	10.8163277728568	2014-07-04	2014	27	185	184.905639141126	18.0
63	Trunelän, Maglehem	3	177	SGot	677	1	5.4081638864284	2014-07-19	2014	29	200	184.905639141126	18.0
63	Trunelän, Maglehem	3	177	SGot	677	1	5.4081638864284	2015-06-29	2015	27	180	184.905639141126	18.0
63	Trunelän, Maglehem	3	177	SGot	677	3	16.2244916592852	2017-07-06	2017	27	187	184.905639141126	18.0
63	Trunelän, Maglehem	3	177	SGot	677	1	5.4081638864284	2018-06-08	2018	23	159	184.905639141126	18.0
63	Trunelän, Maglehem	3	177	SGot	677	1	5.4081638864284	2022-06-21	2022	25	172	184.905639141126	18.0
63	Trunelän, Maglehem	3	177	SGot	677	1	5.4081638864284	2022-07-12	2022	28	193	184.905639141126	18.0
63	Trunelän, Maglehem	3	177	SGot	677	3	16.2244916592852	2023-06-08	2023	23	159	184.905639141126	18.0
63	Trunelän, Maglehem	4	176	SGot	678	1	2.57687035304652	2010-07-03	2010	26	184	388.067641361058	18.0
63	Trunelän, Maglehem	4	176	SGot	678	3	7.73061105913956	2011-06-27	2011	26	178	388.067641361058	18.0
63	Trunelän, Maglehem	4	176	SGot	678	4	10.3074814121861	2013-06-07	2013	23	158	388.067641361058	18.0
63	Trunelän, Maglehem	4	176	SGot	678	5	12.8843517652326	2014-07-04	2014	27	185	388.067641361058	18.0
63	Trunelän, Maglehem	4	176	SGot	678	1	2.57687035304652	2015-06-29	2015	27	180	388.067641361058	18.0
63	Trunelän, Maglehem	4	176	SGot	678	1	2.57687035304652	2015-07-07	2015	28	188	388.067641361058	18.0
63	Trunelän, Maglehem	4	176	SGot	678	3	7.73061105913956	2015-07-14	2015	29	195	388.067641361058	18.0
63	Trunelän, Maglehem	4	176	SGot	678	2	5.15374070609304	2017-06-27	2017	26	178	388.067641361058	18.0
63	Trunelän, Maglehem	4	176	SGot	678	3	7.73061105913956	2017-07-06	2017	27	187	388.067641361058	18.0
63	Trunelän, Maglehem	4	176	SGot	678	1	2.57687035304652	2017-07-19	2017	29	200	388.067641361058	18.0
63	Trunelän, Maglehem	4	176	SGot	678	4	10.3074814121861	2018-06-08	2018	23	159	388.067641361058	18.0
63	Trunelän, Maglehem	4	176	SGot	678	1	2.57687035304652	2020-06-25	2020	26	177	388.067641361058	18.0
63	Trunelän, Maglehem	4	176	SGot	678	1	2.57687035304652	2022-06-21	2022	25	172	388.067641361058	18.0
63	Trunelän, Maglehem	4	176	SGot	678	2	5.15374070609304	2022-07-12	2022	28	193	388.067641361058	18.0
63	Trunelän, Maglehem	4	176	SGot	678	6	15.4612221182791	2023-06-08	2023	23	159	388.067641361058	18.0
63	Trunelän, Maglehem	5	175	SGot	679	1	3.6791571312032	2010-07-03	2010	26	184	271.801383941699	18.0
63	Trunelän, Maglehem	5	175	SGot	679	1	3.6791571312032	2017-06-27	2017	26	178	271.801383941699	18.0
63	Trunelän, Maglehem	5	175	SGot	679	1	3.6791571312032	2023-06-08	2023	23	159	271.801383941699	18.0
63	Trunelän, Maglehem	6	174	SGot	680	1	2.52207147372904	2010-07-03	2010	26	184	396.499468954952	24.0
63	Trunelän, Maglehem	6	174	SGot	680	2	5.04414294745809	2013-07-07	2013	27	188	396.499468954952	24.0
63	Trunelän, Maglehem	6	174	SGot	680	1	2.52207147372904	2014-07-04	2014	27	185	396.499468954952	24.0
63	Trunelän, Maglehem	6	174	SGot	680	1	2.52207147372904	2015-06-29	2015	27	180	396.499468954952	24.0
63	Trunelän, Maglehem	6	174	SGot	680	1	2.52207147372904	2015-07-14	2015	29	195	396.499468954952	24.0
63	Trunelän, Maglehem	6	174	SGot	680	3	7.56621442118714	2017-07-06	2017	27	187	396.499468954952	24.0
63	Trunelän, Maglehem	6	174	SGot	680	2	5.04414294745809	2017-07-31	2017	31	212	396.499468954952	24.0
63	Trunelän, Maglehem	6	174	SGot	680	1	2.52207147372904	2018-06-08	2018	23	159	396.499468954952	24.0
63	Trunelän, Maglehem	6	174	SGot	680	1	2.52207147372904	2020-06-25	2020	26	177	396.499468954952	24.0
63	Trunelän, Maglehem	6	174	SGot	680	1	2.52207147372904	2022-07-12	2022	28	193	396.499468954952	24.0
74	Snogehall	3	203	SGot	641	1	6.46624700927	2018-06-15	2018	24	166	154.649211291558	21.0
76	Linjevägen pkt 13 - slinga	1	213	SGot	2554	1	4.63069896925114	2011-06-28	2011	26	179	215.950120411674	24.0
76	Linjevägen pkt 13 - slinga	1	213	SGot	2554	1	4.63069896925114	2012-06-21	2012	25	173	215.950120411674	24.0
76	Linjevägen pkt 13 - slinga	1	213	SGot	2554	1	4.63069896925114	2013-07-07	2013	27	188	215.950120411674	24.0
76	Linjevägen pkt 13 - slinga	2	212	SGot	2555	1	5.10276257958549	2014-07-22	2014	30	203	195.972276664542	24.0
107	Hällen, Angelbos	1	265	OGot	3948	1	4.8747749221503	2013-07-21	2013	29	202	205.137676296836	24.0
107	Hällen, Angelbos	2	264	OGot	3944	1	3.74308667952823	2013-07-21	2013	29	202	267.159188556659	24.0
107	Hällen, Angelbos	3	263	OGot	3945	5	10.6624394617441	2013-06-21	2013	25	172	468.935839489599	24.0
107	Hällen, Angelbos	4	262	OGot	3946	2	5.88140803599521	2013-07-20	2013	29	201	340.054624293989	24.0
110	Nymans Fröjel - slinga	1	279	OGot	3956	2	4.89778366585018	2011-06-05	2011	22	156	408.347966437352	21.0
110	Nymans Fröjel - slinga	1	279	OGot	3956	1	2.44889183292509	2011-06-29	2011	26	180	408.347966437352	21.0
110	Nymans Fröjel - slinga	1	279	OGot	3956	1	2.44889183292509	2013-07-18	2013	29	199	408.347966437352	21.0
110	Nymans Fröjel - slinga	2	278	OGot	3957	2	8.94353857058434	2011-06-29	2011	26	180	223.625132738632	18.0
110	Nymans Fröjel - slinga	3	277	OGot	3958	2	12.5899649699402	2010-06-25	2010	25	176	158.856677105551	18.0
110	Nymans Fröjel - slinga	3	277	OGot	3958	4	25.1799299398805	2011-06-05	2011	22	156	158.856677105551	18.0
110	Nymans Fröjel - slinga	3	277	OGot	3958	1	6.29498248497012	2016-06-02	2016	22	154	158.856677105551	18.0
111	Slite motionsslinga	1	285	OGot	3861	1	7.01819658540204	2011-07-30	2011	30	211	142.486746820403	2.0
111	Slite motionsslinga	2	284	OGot	3862	1	4.76925943938417	2013-07-07	2013	27	188	209.676158890011	2.0
111	Slite motionsslinga	2	284	OGot	3862	2	9.53851887876833	2016-07-17	2016	28	199	209.676158890011	2.0
111	Slite motionsslinga	2	284	OGot	3862	1	4.76925943938417	2017-07-14	2017	28	195	209.676158890011	2.0
111	Slite motionsslinga	3	283	OGot	3863	1	4.32864271416873	2010-06-21	2010	25	172	231.019297741241	2.0
111	Slite motionsslinga	3	283	OGot	3863	1	4.32864271416873	2013-06-21	2013	25	172	231.019297741241	2.0
111	Slite motionsslinga	3	283	OGot	3863	1	4.32864271416873	2014-07-08	2014	28	189	231.019297741241	2.0
111	Slite motionsslinga	3	283	OGot	3863	2	8.65728542833745	2015-06-21	2015	25	172	231.019297741241	2.0
111	Slite motionsslinga	3	283	OGot	3863	2	8.65728542833745	2015-07-12	2015	28	193	231.019297741241	2.0
111	Slite motionsslinga	3	283	OGot	3863	1	4.32864271416873	2016-07-07	2016	27	189	231.019297741241	2.0
111	Slite motionsslinga	3	283	OGot	3863	1	4.32864271416873	2019-07-13	2019	28	194	231.019297741241	2.0
111	Slite motionsslinga	5	281	OGot	3865	3	5.36529879910002	2010-07-02	2010	26	183	559.148728213091	21.0
111	Slite motionsslinga	5	281	OGot	3865	1	1.78843293303334	2011-07-07	2011	27	188	559.148728213091	21.0
111	Slite motionsslinga	5	281	OGot	3865	1	1.78843293303334	2013-07-07	2013	27	188	559.148728213091	21.0
111	Slite motionsslinga	5	281	OGot	3865	1	1.78843293303334	2014-07-08	2014	28	189	559.148728213091	21.0
111	Slite motionsslinga	5	281	OGot	3865	1	1.78843293303334	2016-07-01	2016	26	183	559.148728213091	21.0
111	Slite motionsslinga	5	281	OGot	3865	2	3.57686586606668	2016-07-17	2016	28	199	559.148728213091	21.0
111	Slite motionsslinga	6	280	OGot	3866	2	10.382938140465	2010-06-21	2010	25	172	192.623703709212	21.0
111	Slite motionsslinga	6	280	OGot	3866	2	10.382938140465	2010-07-02	2010	26	183	192.623703709212	21.0
111	Slite motionsslinga	6	280	OGot	3866	1	5.19146907023248	2012-07-04	2012	27	186	192.623703709212	21.0
111	Slite motionsslinga	6	280	OGot	3866	2	10.382938140465	2015-06-21	2015	25	172	192.623703709212	21.0
113	Grostädeviken	1	294	OGot	3867	1	10.3498921428498	2010-07-11	2010	27	192	96.6193643564535	24.0
123	Nyckleby Övergård 3	1	320	VGotSve	8308	3	5.40743118330178	2011-06-16	2011	24	167	554.792081176001	12.0
123	Nyckleby Övergård 3	2	319	VGotSve	8309	3	10.0865054666223	2010-07-01	2010	26	182	297.427093052934	12.0
123	Nyckleby Övergård 3	2	319	VGotSve	8309	4	13.4486739554964	2011-06-16	2011	24	167	297.427093052934	12.0
123	Nyckleby Övergård 3	2	319	VGotSve	8309	2	6.7243369777482	2011-07-01	2011	26	182	297.427093052934	12.0
123	Nyckleby Övergård 3	2	319	VGotSve	8309	5	16.8108424443705	2014-07-07	2014	28	188	297.427093052934	12.0
123	Nyckleby Övergård 3	3	318	VGotSve	8310	5	12.8427434021134	2011-06-16	2011	24	167	389.324916292977	12.0
123	Nyckleby Övergård 3	3	318	VGotSve	8310	4	10.2741947216908	2014-07-07	2014	28	188	389.324916292977	12.0
123	Nyckleby Övergård 3	4	317	VGotSve	8311	1	4.17563583390997	2010-07-01	2010	26	182	239.484485663019	12.0
123	Nyckleby Övergård 3	4	317	VGotSve	8311	1	4.17563583390997	2019-06-15	2019	24	166	239.484485663019	12.0
123	Nyckleby Övergård 3	5	316	VGotSve	8312	1	3.63166079645742	2011-06-16	2011	24	167	275.356112821845	12.0
123	Nyckleby Övergård 3	5	316	VGotSve	8312	1	3.63166079645742	2011-07-01	2011	26	182	275.356112821845	12.0
123	Nyckleby Övergård 3	5	316	VGotSve	8312	3	10.8949823893723	2014-07-07	2014	28	188	275.356112821845	12.0
123	Nyckleby Övergård 3	7	314	VGotSve	8314	1	2.17308378310081	2011-06-16	2011	24	167	460.17553845673	12.0
123	Nyckleby Övergård 3	7	314	VGotSve	8314	2	4.34616756620161	2011-07-01	2011	26	182	460.17553845673	12.0
124	Öventorp, Kvarnängen	2	329	VGotSve	8299	1	4.01623161476119	2015-06-20	2015	25	171	248.989624085577	12.0
124	Öventorp, Kvarnängen	7	324	VGotSve	8305	2	5.20750585385501	2011-07-05	2011	27	186	384.061018101294	12.0
124	Öventorp, Kvarnängen	8	323	VGotSve	8306	1	13.6337689828708	2016-06-25	2016	25	177	73.3472894587242	12.0
132	Åsnatorp, Närke	1	354	OSve	3886	1	12.1791581779677	2023-06-11	2023	23	162	82.1074811072753	24.0
132	Åsnatorp, Närke	2	353	OSve	3887	1	6.46846045859363	2022-07-06	2022	27	187	154.596291714431	24.0
132	Åsnatorp, Närke	6	349	OSve	3891	1	2.60026005561788	2023-06-11	2023	23	162	384.576918696841	21.0
132	Åsnatorp, Närke	8	347	OSve	3893	1	22.7470106749474	2011-06-30	2011	26	181	43.9618204910485	24.0
132	Åsnatorp, Närke	8	347	OSve	3893	1	22.7470106749474	2011-08-03	2011	31	215	43.9618204910485	24.0
138	Almsjöslingan 2	1	423	OSve	3908	1	0.503892021999111	2011-06-09	2011	23	160	1984.55215868007	24.0
140	Nackareservatet	2	376	OSve	3913	1	1.58306125631804	2020-06-22	2020	26	174	631.687495356844	24.0
140	Nackareservatet	2	376	OSve	3913	1	1.58306125631804	2021-06-21	2021	25	172	631.687495356844	24.0
140	Nackareservatet	2	376	OSve	3913	1	1.58306125631804	2023-06-12	2023	24	163	631.687495356844	24.0
140	Nackareservatet	2	376	OSve	3913	2	3.16612251263607	2023-06-28	2023	26	179	631.687495356844	24.0
141	Lillängen	4	383	OSve	3855	2	18.808801914316	2014-07-06	2014	27	187	106.333194911141	25.0
141	Lillängen	5	382	OSve	3856	1	3.79607859814057	2014-07-06	2014	27	187	263.42974049321	18.0
141	Lillängen	6	381	OSve	3857	1	4.53080235743308	2010-06-17	2010	24	168	220.711459275957	18.0
143	Tumstocksfabriken/Mellösaverken	2	389	OSve	3919	1	3.44439449172268	2010-06-13	2010	23	164	290.326791081315	2.0
143	Tumstocksfabriken/Mellösaverken	3	388	OSve	3920	1	2.32217761393165	2010-06-13	2010	23	164	430.630281680698	20.0
144	Nåsten - Fjärilsstigen	1	395	OSve	3781	1	5.03900219183246	2010-06-27	2010	25	178	198.451987502777	24.0
144	Nåsten - Fjärilsstigen	1	395	OSve	3781	1	5.03900219183246	2010-07-13	2010	28	194	198.451987502777	24.0
144	Nåsten - Fjärilsstigen	1	395	OSve	3781	1	5.03900219183246	2011-07-09	2011	27	190	198.451987502777	24.0
144	Nåsten - Fjärilsstigen	1	395	OSve	3781	2	10.0780043836649	2016-06-29	2016	26	181	198.451987502777	24.0
144	Nåsten - Fjärilsstigen	1	395	OSve	3781	1	5.03900219183246	2017-07-01	2017	26	182	198.451987502777	24.0
144	Nåsten - Fjärilsstigen	1	395	OSve	3781	1	5.03900219183246	2018-06-30	2018	26	181	198.451987502777	24.0
144	Nåsten - Fjärilsstigen	1	395	OSve	3781	1	5.03900219183246	2019-07-24	2019	30	205	198.451987502777	24.0
144	Nåsten - Fjärilsstigen	1	395	OSve	3781	1	5.03900219183246	2020-06-28	2020	26	180	198.451987502777	24.0
144	Nåsten - Fjärilsstigen	1	395	OSve	3781	1	5.03900219183246	2020-07-09	2020	28	191	198.451987502777	24.0
144	Nåsten - Fjärilsstigen	1	395	OSve	3781	1	5.03900219183246	2021-06-29	2021	26	180	198.451987502777	24.0
144	Nåsten - Fjärilsstigen	1	395	OSve	3781	1	5.03900219183246	2022-06-30	2022	26	181	198.451987502777	24.0
144	Nåsten - Fjärilsstigen	1	395	OSve	3781	1	5.03900219183246	2023-08-15	2023	33	227	198.451987502777	24.0
144	Nåsten - Fjärilsstigen	2	394	OSve	3782	1	3.07642450266117	2010-06-27	2010	25	178	325.052670440955	24.0
144	Nåsten - Fjärilsstigen	2	394	OSve	3782	3	9.2292735079835	2011-06-27	2011	26	178	325.052670440955	24.0
144	Nåsten - Fjärilsstigen	2	394	OSve	3782	3	9.2292735079835	2017-07-01	2017	26	182	325.052670440955	24.0
144	Nåsten - Fjärilsstigen	2	394	OSve	3782	1	3.07642450266117	2018-06-09	2018	23	160	325.052670440955	24.0
144	Nåsten - Fjärilsstigen	2	394	OSve	3782	5	15.3821225133058	2018-06-30	2018	26	181	325.052670440955	24.0
144	Nåsten - Fjärilsstigen	3	393	OSve	3783	5	13.7718136977222	2010-06-27	2010	25	178	363.06038621674	24.0
144	Nåsten - Fjärilsstigen	3	393	OSve	3783	1	2.75436273954443	2011-06-27	2011	26	178	363.06038621674	24.0
144	Nåsten - Fjärilsstigen	3	393	OSve	3783	2	5.50872547908886	2016-06-29	2016	26	181	363.06038621674	24.0
144	Nåsten - Fjärilsstigen	3	393	OSve	3783	1	2.75436273954443	2017-07-01	2017	26	182	363.06038621674	24.0
144	Nåsten - Fjärilsstigen	3	393	OSve	3783	1	2.75436273954443	2017-07-15	2017	28	196	363.06038621674	24.0
144	Nåsten - Fjärilsstigen	3	393	OSve	3783	1	2.75436273954443	2018-06-09	2018	23	160	363.06038621674	24.0
144	Nåsten - Fjärilsstigen	3	393	OSve	3783	1	2.75436273954443	2018-06-30	2018	26	181	363.06038621674	24.0
144	Nåsten - Fjärilsstigen	3	393	OSve	3783	1	2.75436273954443	2020-06-28	2020	26	180	363.06038621674	24.0
144	Nåsten - Fjärilsstigen	3	393	OSve	3783	1	2.75436273954443	2021-06-29	2021	26	180	363.06038621674	24.0
144	Nåsten - Fjärilsstigen	4	392	OSve	3784	2	8.34845210278954	2010-06-27	2010	25	178	239.565367971833	24.0
144	Nåsten - Fjärilsstigen	4	392	OSve	3784	7	29.2195823597634	2011-06-27	2011	26	178	239.565367971833	24.0
144	Nåsten - Fjärilsstigen	4	392	OSve	3784	1	4.17422605139477	2017-06-23	2017	25	174	239.565367971833	24.0
144	Nåsten - Fjärilsstigen	4	392	OSve	3784	1	4.17422605139477	2017-06-23	2017	25	174	239.565367971833	24.0
144	Nåsten - Fjärilsstigen	4	392	OSve	3784	1	4.17422605139477	2017-07-01	2017	26	182	239.565367971833	24.0
144	Nåsten - Fjärilsstigen	4	392	OSve	3784	1	4.17422605139477	2018-06-09	2018	23	160	239.565367971833	24.0
144	Nåsten - Fjärilsstigen	4	392	OSve	3784	1	4.17422605139477	2018-06-30	2018	26	181	239.565367971833	24.0
144	Nåsten - Fjärilsstigen	4	392	OSve	3784	1	4.17422605139477	2019-07-24	2019	30	205	239.565367971833	24.0
144	Nåsten - Fjärilsstigen	4	392	OSve	3784	1	4.17422605139477	2021-06-29	2021	26	180	239.565367971833	24.0
144	Nåsten - Fjärilsstigen	4	392	OSve	3784	1	4.17422605139477	2023-08-15	2023	33	227	239.565367971833	24.0
144	Nåsten - Fjärilsstigen	5	391	OSve	3785	2	8.83132889051724	2010-06-27	2010	25	178	226.466483673542	25.0
144	Nåsten - Fjärilsstigen	5	391	OSve	3785	7	30.9096511168103	2011-06-27	2011	26	178	226.466483673542	25.0
144	Nåsten - Fjärilsstigen	5	391	OSve	3785	1	4.41566444525862	2016-06-29	2016	26	181	226.466483673542	25.0
144	Nåsten - Fjärilsstigen	5	391	OSve	3785	1	4.41566444525862	2017-07-01	2017	26	182	226.466483673542	25.0
144	Nåsten - Fjärilsstigen	5	391	OSve	3785	1	4.41566444525862	2021-06-29	2021	26	180	226.466483673542	25.0
144	Nåsten - Fjärilsstigen	5	391	OSve	3785	1	4.41566444525862	2022-06-30	2022	26	181	226.466483673542	25.0
145	Syd Rävsjön, Norrtälje	1	405	OSve	3786	1	4.98205190639738	2010-06-23	2010	25	174	200.72051010065	21.0
145	Syd Rävsjön, Norrtälje	2	404	OSve	3787	1	3.66934060188577	2010-07-07	2010	27	188	272.528529917902	21.0
145	Syd Rävsjön, Norrtälje	2	404	OSve	3787	1	3.66934060188577	2011-07-07	2011	27	188	272.528529917902	21.0
145	Syd Rävsjön, Norrtälje	4	402	OSve	3789	1	6.32222806952243	2010-06-23	2010	25	174	158.172085695659	21.0
145	Syd Rävsjön, Norrtälje	7	399	OSve	3792	1	7.32314067944168	2010-07-07	2010	27	188	136.553432983653	21.0
145	Syd Rävsjön, Norrtälje	10	396	OSve	3795	1	6.28791937310117	2010-06-23	2010	25	174	159.035118083393	25.0
148	Snäcktorp- Mellingeholm	2	416	OSve	3797	1	7.64974560402118	2018-06-25	2018	26	176	130.723301370223	2.0
148	Snäcktorp- Mellingeholm	3	415	OSve	3798	1	7.26897884458705	2016-06-21	2016	25	173	137.570905264728	2.0
148	Snäcktorp- Mellingeholm	3	415	OSve	3798	1	7.26897884458705	2017-07-10	2017	28	191	137.570905264728	2.0
148	Snäcktorp- Mellingeholm	3	415	OSve	3798	1	7.26897884458705	2018-07-07	2018	27	188	137.570905264728	2.0
148	Snäcktorp- Mellingeholm	4	414	OSve	3799	1	4.37278972461565	2019-06-24	2019	26	175	228.686962551783	21.0
148	Snäcktorp- Mellingeholm	5	413	OSve	3800	1	3.44515076170611	2014-07-23	2014	30	204	290.263059345705	21.0
148	Snäcktorp- Mellingeholm	5	413	OSve	3800	1	3.44515076170611	2017-07-10	2017	28	191	290.263059345705	21.0
148	Snäcktorp- Mellingeholm	5	413	OSve	3800	1	3.44515076170611	2019-07-20	2019	29	201	290.263059345705	21.0
148	Snäcktorp- Mellingeholm	6	412	OSve	3801	1	2.8836175037407	2014-06-26	2014	26	177	346.786631272273	21.0
148	Snäcktorp- Mellingeholm	7	411	OSve	3802	1	23.4599976959625	2011-06-28	2011	26	179	42.6257501368853	21.0
148	Snäcktorp- Mellingeholm	7	411	OSve	3802	1	23.4599976959625	2013-06-24	2013	26	175	42.6257501368853	21.0
148	Snäcktorp- Mellingeholm	7	411	OSve	3802	1	23.4599976959625	2017-07-10	2017	28	191	42.6257501368853	21.0
148	Snäcktorp- Mellingeholm	9	409	OSve	3804	1	12.7325152313924	2018-06-25	2018	26	176	78.5390774585108	2.0
149	Bullandö	6	436	OSve	4676	1	12.5437345153275	2011-06-28	2011	26	179	79.7210749939006	2.0
150	Upnäs tomtområde	1	444	OSve	3806	2	9.33307854899633	2011-07-12	2011	28	193	214.291564085794	
150	Upnäs tomtområde	1	444	OSve	3806	3	13.9996178234945	2012-07-04	2012	27	186	214.291564085794	
150	Upnäs tomtområde	1	444	OSve	3806	2	9.33307854899633	2013-06-29	2013	26	180	214.291564085794	
150	Upnäs tomtområde	1	444	OSve	3806	1	4.66653927449817	2014-07-04	2014	27	185	214.291564085794	
150	Upnäs tomtområde	3	442	OSve	3808	1	2.31522508784351	2013-06-29	2013	26	180	431.923446774429	2.0
151	Röcklinge 2:7	1	449	OSve	3809	2	55.4463535344769	2012-07-26	2012	30	208	36.0709022777555	24.0
153	Skogsmuren, Ramnäs	1	454	OSve	3851	1	0.920182535248995	2011-06-13	2011	24	164	1086.74090378102	24.0
153	Skogsmuren, Ramnäs	1	454	OSve	3851	1	0.920182535248995	2013-06-15	2013	24	166	1086.74090378102	24.0
153	Skogsmuren, Ramnäs	1	454	OSve	3851	3	2.76054760574698	2013-07-11	2013	28	192	1086.74090378102	24.0
153	Skogsmuren, Ramnäs	1	454	OSve	3851	3	2.76054760574698	2014-06-14	2014	24	165	1086.74090378102	24.0
153	Skogsmuren, Ramnäs	1	454	OSve	3851	3	2.76054760574698	2014-07-06	2014	27	187	1086.74090378102	24.0
154	Hemdalsvägen	1	459	OSve	3814	1	4.41243659370178	2014-07-10	2014	28	191	226.632151820013	24.0
154	Hemdalsvägen	5	455	OSve	3818	1	2.25078578480556	2011-06-28	2011	26	179	444.289281881345	21.0
154	Hemdalsvägen	5	455	OSve	3818	1	2.25078578480556	2011-07-06	2011	27	187	444.289281881345	21.0
154	Hemdalsvägen	5	455	OSve	3818	1	2.25078578480556	2014-06-11	2014	24	162	444.289281881345	21.0
154	Hemdalsvägen	5	455	OSve	3818	1	2.25078578480556	2016-06-28	2016	26	180	444.289281881345	21.0
154	Hemdalsvägen	5	455	OSve	3818	1	2.25078578480556	2020-06-28	2020	26	180	444.289281881345	21.0
158	Erlanderslingan	12	483	VGotSve	3839	1	11.2736285074459	2013-07-01	2013	27	182	88.7025858036327	18.0
158	Erlanderslingan	15	480	VGotSve	3842	1	5.30273423475554	2013-07-01	2013	27	182	188.581957105399	21.0
178	Djäknabygd, Stenbrohult socken	1	531	OGot	5473	1	0.159925696464556	2012-06-13	2012	24	165	6252.90383038369	25.0
178	Djäknabygd, Stenbrohult socken	1	531	OGot	5473	1	0.159925696464556	2012-06-20	2012	25	172	6252.90383038369	25.0
178	Djäknabygd, Stenbrohult socken	1	531	OGot	5473	1	0.159925696464556	2012-06-26	2012	26	178	6252.90383038369	25.0
178	Djäknabygd, Stenbrohult socken	1	531	OGot	5473	2	0.319851392929111	2013-06-18	2013	25	169	6252.90383038369	25.0
178	Djäknabygd, Stenbrohult socken	1	531	OGot	5473	1	0.159925696464556	2013-06-20	2013	25	171	6252.90383038369	25.0
178	Djäknabygd, Stenbrohult socken	1	531	OGot	5473	1	0.159925696464556	2013-06-25	2013	26	176	6252.90383038369	25.0
178	Djäknabygd, Stenbrohult socken	1	531	OGot	5473	3	0.479777089393667	2016-05-31	2016	22	152	6252.90383038369	25.0
178	Djäknabygd, Stenbrohult socken	1	531	OGot	5473	2	0.319851392929111	2016-06-03	2016	22	155	6252.90383038369	25.0
178	Djäknabygd, Stenbrohult socken	1	531	OGot	5473	2	0.319851392929111	2016-06-05	2016	22	157	6252.90383038369	25.0
178	Djäknabygd, Stenbrohult socken	1	531	OGot	5473	2	0.319851392929111	2016-06-06	2016	23	158	6252.90383038369	25.0
178	Djäknabygd, Stenbrohult socken	1	531	OGot	5473	3	0.479777089393667	2016-06-07	2016	23	159	6252.90383038369	25.0
178	Djäknabygd, Stenbrohult socken	1	531	OGot	5473	2	0.319851392929111	2016-06-13	2016	24	165	6252.90383038369	25.0
178	Djäknabygd, Stenbrohult socken	1	531	OGot	5473	5	0.799628482322778	2016-06-20	2016	25	172	6252.90383038369	25.0
178	Djäknabygd, Stenbrohult socken	1	531	OGot	5473	1	0.159925696464556	2016-06-28	2016	26	180	6252.90383038369	25.0
178	Djäknabygd, Stenbrohult socken	1	531	OGot	5473	2	0.319851392929111	2017-06-09	2017	23	160	6252.90383038369	25.0
178	Djäknabygd, Stenbrohult socken	1	531	OGot	5473	1	0.159925696464556	2017-06-19	2017	25	170	6252.90383038369	25.0
178	Djäknabygd, Stenbrohult socken	1	531	OGot	5473	3	0.479777089393667	2017-06-21	2017	25	172	6252.90383038369	25.0
178	Djäknabygd, Stenbrohult socken	1	531	OGot	5473	1	0.159925696464556	2017-06-28	2017	26	179	6252.90383038369	25.0
178	Djäknabygd, Stenbrohult socken	1	531	OGot	5473	4	0.639702785858223	2017-07-06	2017	27	187	6252.90383038369	25.0
178	Djäknabygd, Stenbrohult socken	1	531	OGot	5473	2	0.319851392929111	2018-06-11	2018	24	162	6252.90383038369	25.0
178	Djäknabygd, Stenbrohult socken	1	531	OGot	5473	1	0.159925696464556	2019-06-25	2019	26	176	6252.90383038369	25.0
178	Djäknabygd, Stenbrohult socken	1	531	OGot	5473	1	0.159925696464556	2019-06-29	2019	26	180	6252.90383038369	25.0
178	Djäknabygd, Stenbrohult socken	1	531	OGot	5473	1	0.159925696464556	2019-07-11	2019	28	192	6252.90383038369	25.0
178	Djäknabygd, Stenbrohult socken	1	531	OGot	5473	1	0.159925696464556	2020-06-16	2020	25	168	6252.90383038369	25.0
185	Visby Kungsladugårdshällarna	2	541	OGot	4728	1	3.1387976133458	2013-07-16	2013	29	197	318.593335151051	18.0
192	Stora Karsbo	1	570	OSve	4710	1	8.18067953622874	2012-07-15	2012	28	197	122.239233986789	20.0
192	Stora Karsbo	1	570	OSve	4710	1	8.18067953622874	2023-06-05	2023	23	156	122.239233986789	20.0
192	Stora Karsbo	1	570	OSve	4710	1	8.18067953622874	2025-07-10	2025	28	191	122.239233986789	20.0
192	Stora Karsbo	2	569	OSve	4711	1	5.19706369667801	2011-07-06	2011	27	187	192.416344760062	20.0
192	Stora Karsbo	2	569	OSve	4711	1	5.19706369667801	2012-07-26	2012	30	208	192.416344760062	20.0
192	Stora Karsbo	2	569	OSve	4711	1	5.19706369667801	2016-07-04	2016	27	186	192.416344760062	20.0
192	Stora Karsbo	2	569	OSve	4711	1	5.19706369667801	2025-07-10	2025	28	191	192.416344760062	20.0
192	Stora Karsbo	3	568	OSve	4712	1	1.84081765099295	2011-06-06	2011	23	157	543.23685969688	20.0
192	Stora Karsbo	3	568	OSve	4712	1	1.84081765099295	2011-07-14	2011	28	195	543.23685969688	20.0
192	Stora Karsbo	3	568	OSve	4712	1	1.84081765099295	2014-07-05	2014	27	186	543.23685969688	20.0
192	Stora Karsbo	3	568	OSve	4712	2	3.68163530198591	2014-07-16	2014	29	197	543.23685969688	20.0
192	Stora Karsbo	3	568	OSve	4712	1	1.84081765099295	2019-07-13	2019	28	194	543.23685969688	20.0
192	Stora Karsbo	3	568	OSve	4712	1	1.84081765099295	2022-06-26	2022	25	177	543.23685969688	20.0
192	Stora Karsbo	3	568	OSve	4712	1	1.84081765099295	2023-06-09	2023	23	160	543.23685969688	20.0
192	Stora Karsbo	3	568	OSve	4712	2	3.68163530198591	2023-06-16	2023	24	167	543.23685969688	20.0
192	Stora Karsbo	3	568	OSve	4712	2	3.68163530198591	2023-06-23	2023	25	174	543.23685969688	20.0
192	Stora Karsbo	3	568	OSve	4712	1	1.84081765099295	2023-06-29	2023	26	180	543.23685969688	20.0
192	Stora Karsbo	3	568	OSve	4712	3	5.52245295297886	2024-06-17	2024	25	169	543.23685969688	20.0
192	Stora Karsbo	3	568	OSve	4712	3	5.52245295297886	2024-06-24	2024	26	176	543.23685969688	20.0
192	Stora Karsbo	3	568	OSve	4712	1	1.84081765099295	2024-07-03	2024	27	185	543.23685969688	20.0
192	Stora Karsbo	3	568	OSve	4712	2	3.68163530198591	2025-06-22	2025	25	173	543.23685969688	20.0
192	Stora Karsbo	4	567	OSve	4713	1	1.49374044716504	2011-06-12	2011	23	163	669.460348280649	24.0
192	Stora Karsbo	4	567	OSve	4713	1	1.49374044716504	2012-07-21	2012	29	203	669.460348280649	24.0
192	Stora Karsbo	4	567	OSve	4713	1	1.49374044716504	2012-07-26	2012	30	208	669.460348280649	24.0
192	Stora Karsbo	4	567	OSve	4713	1	1.49374044716504	2014-07-04	2014	27	185	669.460348280649	24.0
192	Stora Karsbo	4	567	OSve	4713	1	1.49374044716504	2015-07-01	2015	27	182	669.460348280649	24.0
192	Stora Karsbo	4	567	OSve	4713	1	1.49374044716504	2023-06-16	2023	24	167	669.460348280649	24.0
192	Stora Karsbo	5	566	OSve	4714	1	3.18957350620638	2011-07-19	2011	29	200	313.521540749622	20.0
192	Stora Karsbo	5	566	OSve	4714	2	6.37914701241276	2014-07-05	2014	27	186	313.521540749622	20.0
192	Stora Karsbo	5	566	OSve	4714	2	6.37914701241276	2014-07-09	2014	28	190	313.521540749622	20.0
192	Stora Karsbo	5	566	OSve	4714	2	6.37914701241276	2014-07-19	2014	29	200	313.521540749622	20.0
192	Stora Karsbo	5	566	OSve	4714	2	6.37914701241276	2023-06-16	2023	24	167	313.521540749622	20.0
202	Kungsborg	1	419	SGot	692	10	2.93665639663501	2011-06-12	2011	23	163	3405.23324807716	7.0
202	Kungsborg	1	419	SGot	692	7	2.0556594776445	2011-06-26	2011	25	177	3405.23324807716	7.0
203	St Vika kalkstensbrott	2	428	OSve	3990	10	35.2443673388646	2011-06-12	2011	23	163	283.733281515677	24.0
203	St Vika kalkstensbrott	2	428	OSve	3990	2	7.04887346777292	2011-06-28	2011	26	179	283.733281515677	24.0
203	St Vika kalkstensbrott	3	427	OSve	3991	5	2.3558183711553	2011-06-12	2011	23	163	2122.40470709462	24.0
203	St Vika kalkstensbrott	5	425	OSve	3993	5	10.7652964512188	2011-06-12	2011	23	163	464.455393556202	24.0
207	Månsabola	2	15687	OGot	4381	1	3.91704354535147	2018-06-08	2018	23	159	255.294583382088	21.0
207	Månsabola	10	15695	OGot	4389	1	3.08746509048614	2018-06-08	2018	23	159	323.89030181473	24.0
207	Månsabola	11	15696	OGot	4390	1	5.31106693338476	2018-06-27	2018	26	178	188.286084988708	21.0
207	Månsabola	15	15700	OGot	4393	1	9.86343279795016	2018-06-27	2018	26	178	101.38458085382	21.0
214	Tomtahagar	1	585	OSve	3994	2	10.3354921327017	2014-07-04	2014	27	185	193.507960174625	12.0
214	Tomtahagar	4	582	OSve	3997	2	6.38192383674011	2015-07-01	2015	27	182	313.385125106977	24.0
214	Tomtahagar	4	582	OSve	3997	2	6.38192383674011	2017-06-28	2017	26	179	313.385125106977	24.0
214	Tomtahagar	4	582	OSve	3997	1	3.19096191837006	2018-06-24	2018	25	175	313.385125106977	24.0
214	Tomtahagar	4	582	OSve	3997	1	3.19096191837006	2021-07-12	2021	28	193	313.385125106977	24.0
214	Tomtahagar	5	581	OSve	3998	1	6.38148769692501	2018-05-29	2018	22	149	156.703271633958	24.0
215	Tripphult	2	589	OSve	4001	1	4.12593105876048	2011-06-27	2011	26	178	242.369536901672	24.0
215	Tripphult	2	589	OSve	4001	1	4.12593105876048	2014-07-04	2014	27	185	242.369536901672	24.0
215	Tripphult	3	588	OSve	4002	1	4.86684744469175	2011-07-31	2011	30	212	205.47181956375	24.0
215	Tripphult	3	588	OSve	4002	2	9.7336948893835	2013-07-06	2013	27	187	205.47181956375	24.0
215	Tripphult	3	588	OSve	4002	1	4.86684744469175	2014-07-04	2014	27	185	205.47181956375	24.0
215	Tripphult	4	587	OSve	4003	1	5.09092036487704	2011-06-27	2011	26	178	196.428136432684	24.0
215	Tripphult	5	586	OSve	4004	2	9.07487485297019	2011-06-27	2011	26	178	220.388714159006	24.0
215	Tripphult	5	586	OSve	4004	1	4.53743742648509	2013-07-06	2013	27	187	220.388714159006	24.0
240	Ulvered	2	615	SGot	5746	1	1.26568521616871	2021-07-06	2021	27	187	790.085865920949	24.0
240	Ulvered	3	614	SGot	5745	2	2.18848543950749	2016-07-02	2016	26	184	913.874026253559	24.0
240	Ulvered	3	614	SGot	5745	1	1.09424271975375	2016-07-06	2016	27	188	913.874026253559	24.0
242	Prästabonnens gård	2	630	SGot	4706	2	43.258815762425	2014-07-06	2014	27	187	46.2333506997484	2.0
255	Wij, Lindhagen	1	664	OSve	4677	3	11.117394922657	2011-06-26	2011	25	177	269.847389687136	24.0
255	Wij, Lindhagen	1	664	OSve	4677	3	11.117394922657	2011-07-08	2011	27	189	269.847389687136	24.0
255	Wij, Lindhagen	1	664	OSve	4677	1	3.70579830755232	2011-07-20	2011	29	201	269.847389687136	24.0
255	Wij, Lindhagen	4	661	OSve	4680	2	15.6473018814042	2011-06-26	2011	25	177	127.817563383044	25.0
255	Wij, Lindhagen	4	661	OSve	4680	1	7.8236509407021	2011-07-08	2011	27	189	127.817563383044	25.0
255	Wij, Lindhagen	4	661	OSve	4680	3	23.4709528221063	2015-06-23	2015	26	174	127.817563383044	25.0
255	Wij, Lindhagen	4	661	OSve	4680	2	15.6473018814042	2016-06-25	2016	25	177	127.817563383044	25.0
255	Wij, Lindhagen	4	661	OSve	4680	2	15.6473018814042	2018-06-10	2018	23	161	127.817563383044	25.0
255	Wij, Lindhagen	4	661	OSve	4680	1	7.8236509407021	2024-06-27	2024	26	179	127.817563383044	25.0
255	Wij, Lindhagen	5	660	OSve	4681	3	13.2252812903974	2011-06-26	2011	25	177	226.838275430727	25.0
255	Wij, Lindhagen	10	655	OSve	4686	1	2.36020935571956	2014-07-05	2014	27	186	423.691227889031	12.0
255	Wij, Lindhagen	11	654	OSve	4687	1	4.14955644510417	2014-07-05	2014	27	186	240.989612559637	12.0
256	Liseberg	2	15161	OSve	5103	1	12.1967299080873	2018-07-20	2018	29	201	81.9891895234088	10.0
269	Enebba	6	682	OSve	4006	2	13.962106852389	2011-06-27	2011	26	178	143.244857036586	2.0
274	Fjäle ängar	2	716	OGot	4013	1	37.0145335195352	2013-06-25	2013	26	176	27.0164150379534	24.0
274	Fjäle ängar	5	713	OGot	4016	1	5.5155445149781	2014-07-15	2014	29	196	181.305761794576	24.0
274	Fjäle ängar	6	712	OGot	4017	1	3.562022506191	2022-07-06	2022	27	187	280.739382825893	24.0
274	Fjäle ängar	13	705	OGot	4024	1	21.6448494573652	2012-07-26	2012	30	208	46.2003675271451	24.0
300	Lilla Silpinge - slinga	5	646	SGot	4849	2	30.2887578374631	2014-07-29	2014	31	210	66.0311000778734	24.0
317	Kocktorp, Ängsö	1	785	OSve	8877	1	4.77381084190099	2011-06-29	2011	26	180	209.476251388668	12.0
317	Kocktorp, Ängsö	2	784	OSve	8878	1	2.56965838063637	2011-06-29	2011	26	180	389.156787351769	29.0
317	Kocktorp, Ängsö	3	783	OSve	8879	2	4.98928058741732	2011-06-29	2011	26	180	400.859395449494	29.0
317	Kocktorp, Ängsö	4	782	OSve	8880	1	1.85561726255771	2013-06-28	2013	26	179	538.904234282474	12.0
317	Kocktorp, Ängsö	5	786	OSve	8881	1	2.674604269214	2011-06-29	2011	26	180	373.887087338672	12.0
317	Kocktorp, Ängsö	5	786	OSve	8881	1	2.674604269214	2013-06-28	2013	26	179	373.887087338672	12.0
317	Kocktorp, Ängsö	6	781	OSve	8882	2	4.76901473823591	2013-06-28	2013	26	179	419.373835011425	12.0
317	Kocktorp, Ängsö	7	780	OSve	8883	1	4.18191781012462	2012-07-14	2012	28	196	239.124737836538	12.0
317	Kocktorp, Ängsö	7	780	OSve	8883	1	4.18191781012462	2013-06-28	2013	26	179	239.124737836538	12.0
317	Kocktorp, Ängsö	8	779	OSve	8884	1	4.68907695828236	2011-06-29	2011	26	180	213.261588346015	12.0
319	Kättilstad Berghamra	4	795	OGot	8888	1	9.53761695553018	2011-08-23	2011	34	235	104.847993441399	21.0
330	Ransäter Arboga	1	823	OSve	8908	2	3.35557738094574	2011-07-05	2011	27	186	596.022613382951	25.0
330	Ransäter Arboga	1	823	OSve	8908	1	1.67778869047287	2011-07-19	2011	29	200	596.022613382951	25.0
330	Ransäter Arboga	1	823	OSve	8908	1	1.67778869047287	2013-06-29	2013	26	180	596.022613382951	25.0
330	Ransäter Arboga	1	823	OSve	8908	3	5.03336607141861	2014-07-05	2014	27	186	596.022613382951	25.0
330	Ransäter Arboga	1	823	OSve	8908	1	1.67778869047287	2015-08-01	2015	31	213	596.022613382951	25.0
330	Ransäter Arboga	1	823	OSve	8908	2	3.35557738094574	2016-07-03	2016	26	185	596.022613382951	25.0
330	Ransäter Arboga	2	822	OSve	8914	1	2.53546174713607	2016-07-17	2016	28	199	394.405477081068	25.0
330	Ransäter Arboga	2	822	OSve	8914	1	2.53546174713607	2022-07-13	2022	28	194	394.405477081068	25.0
330	Ransäter Arboga	3	821	OSve	8909	1	2.6648249893667	2014-07-17	2014	29	198	375.259164857071	24.0
330	Ransäter Arboga	3	821	OSve	8909	1	2.6648249893667	2023-07-08	2023	27	189	375.259164857071	24.0
330	Ransäter Arboga	4	820	OSve	8910	2	3.96206512159586	2015-07-04	2015	27	185	504.787260839981	24.0
330	Ransäter Arboga	4	820	OSve	8910	1	1.98103256079793	2016-07-03	2016	26	185	504.787260839981	24.0
330	Ransäter Arboga	4	820	OSve	8910	1	1.98103256079793	2020-07-19	2020	29	201	504.787260839981	24.0
330	Ransäter Arboga	4	820	OSve	8910	1	1.98103256079793	2021-06-29	2021	26	180	504.787260839981	24.0
330	Ransäter Arboga	4	820	OSve	8910	1	1.98103256079793	2022-07-13	2022	28	194	504.787260839981	24.0
330	Ransäter Arboga	7	817	OSve	8913	1	2.90868408484085	2014-07-05	2014	27	186	343.798078729721	25.0
362	Lötaholmen	1	865	OSve	9031	1	2.63141391801098	2011-06-24	2011	25	175	380.023831733729	21.0
364	Axsjöfallet S	9	867	OSve	8925	2	15.9495376830258	2014-06-15	2014	24	166	125.395484166823	29.0
387	Klören	1	925	SGot	709	2	6.34671931035589	2016-07-08	2016	27	190	315.123436566135	25.0
387	Klören	2	924	SGot	710	1	29.7724558090314	2012-08-09	2012	32	222	33.5880925112214	24.0
390	Broknäs slinga 1, Bogesund	1	937	OSve	8952	2	2.60093015095286	2014-07-17	2014	29	198	768.955675056207	12.0
390	Broknäs slinga 1, Bogesund	1	937	OSve	8952	1	1.30046507547643	2017-06-18	2017	24	169	768.955675056207	12.0
390	Broknäs slinga 1, Bogesund	1	937	OSve	8952	2	2.60093015095286	2018-05-25	2018	21	145	768.955675056207	12.0
390	Broknäs slinga 1, Bogesund	1	937	OSve	8952	2	2.60093015095286	2022-06-23	2022	25	174	768.955675056207	12.0
390	Broknäs slinga 1, Bogesund	3	935	OSve	8954	1	1.6049437402526	2012-07-16	2012	29	198	623.074800019227	24.0
390	Broknäs slinga 1, Bogesund	3	935	OSve	8954	2	3.20988748050521	2013-06-15	2013	24	166	623.074800019227	24.0
390	Broknäs slinga 1, Bogesund	3	935	OSve	8954	1	1.6049437402526	2013-06-29	2013	26	180	623.074800019227	24.0
390	Broknäs slinga 1, Bogesund	3	935	OSve	8954	6	9.62966244151561	2014-06-18	2014	25	169	623.074800019227	24.0
390	Broknäs slinga 1, Bogesund	3	935	OSve	8954	1	1.6049437402526	2015-06-29	2015	27	180	623.074800019227	24.0
390	Broknäs slinga 1, Bogesund	3	935	OSve	8954	1	1.6049437402526	2015-07-16	2015	29	197	623.074800019227	24.0
390	Broknäs slinga 1, Bogesund	3	935	OSve	8954	2	3.20988748050521	2016-06-25	2016	25	177	623.074800019227	24.0
390	Broknäs slinga 1, Bogesund	3	935	OSve	8954	1	1.6049437402526	2025-06-03	2025	23	154	623.074800019227	24.0
411	Längs Nordre älv, Kungälv	4	993	VGotSve	9060	1	1.12361529247236	2020-06-15	2020	25	167	889.984327108646	12.0
412	Remmene skjutfält	1	1003	VGotSve	9017	1	2.36189151081208	2012-07-22	2012	29	204	423.389472133787	18.0
412	Remmene skjutfält	1	1003	VGotSve	9017	1	2.36189151081208	2013-07-07	2013	27	188	423.389472133787	18.0
412	Remmene skjutfält	1	1003	VGotSve	9017	1	2.36189151081208	2016-07-07	2016	27	189	423.389472133787	18.0
412	Remmene skjutfält	1	1003	VGotSve	9017	1	2.36189151081208	2021-07-25	2021	29	206	423.389472133787	18.0
412	Remmene skjutfält	1	1003	VGotSve	9017	2	4.72378302162416	2025-06-27	2025	26	178	423.389472133787	18.0
412	Remmene skjutfält	1	1003	VGotSve	9017	2	4.72378302162416	2025-06-28	2025	26	179	423.389472133787	18.0
412	Remmene skjutfält	2	1002	VGotSve	9020	1	7.36097807109638	2014-07-20	2014	29	201	135.851511897121	36.0
412	Remmene skjutfält	2	1002	VGotSve	9020	1	7.36097807109638	2015-06-11	2015	24	162	135.851511897121	36.0
412	Remmene skjutfält	2	1002	VGotSve	9020	1	7.36097807109638	2016-07-07	2016	27	189	135.851511897121	36.0
412	Remmene skjutfält	4	1000	VGotSve	9019	1	4.61799467836032	2023-06-20	2023	25	171	216.544207962375	36.0
412	Remmene skjutfält	5	999	VGotSve	9021	3	11.0795798512805	2014-06-18	2014	25	169	270.768390161768	24.0
412	Remmene skjutfält	5	999	VGotSve	9021	2	7.38638656752037	2016-06-12	2016	23	164	270.768390161768	24.0
412	Remmene skjutfält	5	999	VGotSve	9021	4	14.7727731350407	2023-06-20	2023	25	171	270.768390161768	24.0
412	Remmene skjutfält	7	997	VGotSve	9016	2	10.482324307614	2012-07-03	2012	27	185	190.797378645046	18.0
412	Remmene skjutfält	7	997	VGotSve	9016	1	5.241162153807	2012-07-22	2012	29	204	190.797378645046	18.0
420	Västra Ringstad, slinga 2	1	2039	VGotSve	9066	3	56.8188014399546	2013-07-11	2013	28	192	52.7994242041582	12.0
420	Västra Ringstad, slinga 2	1	2039	VGotSve	9066	2	37.8792009599697	2014-06-10	2014	24	161	52.7994242041582	12.0
420	Västra Ringstad, slinga 2	1	2039	VGotSve	9066	1	18.9396004799849	2018-05-30	2018	22	150	52.7994242041582	12.0
420	Västra Ringstad, slinga 2	2	2038	VGotSve	9065	1	3.81397268668249	2013-07-11	2013	28	192	262.193802145403	12.0
420	Västra Ringstad, slinga 2	3	2037	VGotSve	9064	1	2.679298809737	2013-07-11	2013	28	192	373.231980085924	12.0
420	Västra Ringstad, slinga 2	3	2037	VGotSve	9064	1	2.679298809737	2018-06-24	2018	25	175	373.231980085924	12.0
420	Västra Ringstad, slinga 2	4	2448	VGotSve	9067	1	2.68531640184175	2017-06-28	2017	26	179	372.395595287818	12.0
426	Lövåsen, Billingsfors	1	1045	VGotSve	9000	1	1.4421416970239	2014-06-14	2014	24	165	693.413138295401	23.0
426	Lövåsen, Billingsfors	5	1041	VGotSve	8995	1	2.6979568582973	2012-07-08	2012	27	190	370.650848965431	29.0
441	Åsenslingan	1	1082	OGot	9038	1	3.33977970562692	2012-06-22	2012	25	174	299.420946332234	18.0
441	Åsenslingan	1	1082	OGot	9038	1	3.33977970562692	2013-07-04	2013	27	185	299.420946332234	18.0
441	Åsenslingan	1	1082	OGot	9038	2	6.67955941125383	2016-07-14	2016	28	196	299.420946332234	18.0
441	Åsenslingan	3	1080	OGot	9040	1	3.01244892425624	2013-07-04	2013	27	185	331.955835648531	18.0
441	Åsenslingan	4	1079	OGot	9041	2	6.75359458817147	2012-07-12	2012	28	194	296.138593143107	18.0
441	Åsenslingan	4	1079	OGot	9041	1	3.37679729408574	2013-07-04	2013	27	185	296.138593143107	18.0
446	Sandliden, Bohus	1	1196	VGotSve	9068	5	60.1156158989048	2012-07-05	2012	27	187	83.1730645230085	2.0
446	Sandliden, Bohus	1	1196	VGotSve	9068	1	12.023123179781	2013-05-30	2013	22	150	83.1730645230085	2.0
446	Sandliden, Bohus	1	1196	VGotSve	9068	4	48.0924927191238	2013-06-15	2013	24	166	83.1730645230085	2.0
446	Sandliden, Bohus	1	1196	VGotSve	9068	2	24.0462463595619	2014-06-09	2014	24	160	83.1730645230085	2.0
446	Sandliden, Bohus	2	1195	VGotSve	9069	2	23.1520318065635	2013-06-15	2013	24	166	86.3855067542283	2.0
446	Sandliden, Bohus	2	1195	VGotSve	9069	2	23.1520318065635	2013-07-07	2013	27	188	86.3855067542283	2.0
446	Sandliden, Bohus	2	1195	VGotSve	9069	1	11.5760159032818	2014-05-29	2014	22	149	86.3855067542283	2.0
446	Sandliden, Bohus	3	1194	VGotSve	9070	2	15.0111351305776	2013-07-07	2013	27	188	133.234427816589	2.0
446	Sandliden, Bohus	4	1193	VGotSve	9072	4	10.9741437326363	2013-06-15	2013	24	166	364.493130165981	24.0
459	Gamla Finntorpet	1	1129	NSveSNor	9099	2	22.1433609435233	2018-06-12	2018	24	163	90.3205256465359	24.0
459	Gamla Finntorpet	3	1127	NSveSNor	9101	1	12.8852380361589	2022-06-14	2022	24	165	77.6081898676434	24.0
477	Mariedal - Östra Vram slinga 2	2	1242	SGot	1174	2	10.4612310997884	2012-07-02	2012	27	184	191.182087549949	18.0
535	Stormossen-Listrevägen	1	1387	OSve	9221	1	9.83092793941749	2015-07-01	2015	27	182	101.719797577852	24.0
535	Stormossen-Listrevägen	6	1382	OSve	9226	3	20.6296961358776	2014-07-04	2014	27	185	145.421434239287	24.0
535	Stormossen-Listrevägen	7	1381	OSve	9227	1	3.32544461946517	2025-07-10	2025	28	191	300.711668492867	24.0
535	Stormossen-Listrevägen	8	1380	OSve	9228	1	4.4654829148642	2013-07-03	2013	27	184	223.9399453688	12.0
535	Stormossen-Listrevägen	8	1380	OSve	9228	1	4.4654829148642	2014-07-04	2014	27	185	223.9399453688	12.0
535	Stormossen-Listrevägen	8	1380	OSve	9228	2	8.9309658297284	2018-06-12	2018	24	163	223.9399453688	12.0
535	Stormossen-Listrevägen	8	1380	OSve	9228	1	4.4654829148642	2019-07-18	2019	29	199	223.9399453688	12.0
535	Stormossen-Listrevägen	8	1380	OSve	9228	1	4.4654829148642	2022-07-06	2022	27	187	223.9399453688	12.0
535	Stormossen-Listrevägen	9	1379	OSve	9229	1	8.08720944860972	2014-07-04	2014	27	185	123.652046649034	12.0
535	Stormossen-Listrevägen	9	1379	OSve	9229	1	8.08720944860972	2018-06-12	2018	24	163	123.652046649034	12.0
535	Stormossen-Listrevägen	9	1379	OSve	9229	2	16.1744188972194	2023-06-06	2023	23	157	123.652046649034	12.0
535	Stormossen-Listrevägen	9	1379	OSve	9229	1	8.08720944860972	2023-06-20	2023	25	171	123.652046649034	12.0
535	Stormossen-Listrevägen	9	1379	OSve	9229	1	8.08720944860972	2025-07-10	2025	28	191	123.652046649034	12.0
535	Stormossen-Listrevägen	10	1378	OSve	9230	1	4.04287952681697	2013-06-17	2013	25	168	247.34845383516	12.0
535	Stormossen-Listrevägen	10	1378	OSve	9230	1	4.04287952681697	2013-07-03	2013	27	184	247.34845383516	12.0
535	Stormossen-Listrevägen	10	1378	OSve	9230	3	12.1286385804509	2014-07-04	2014	27	185	247.34845383516	12.0
535	Stormossen-Listrevägen	10	1378	OSve	9230	2	8.08575905363393	2018-06-12	2018	24	163	247.34845383516	12.0
535	Stormossen-Listrevägen	10	1378	OSve	9230	2	8.08575905363393	2020-06-23	2020	26	175	247.34845383516	12.0
535	Stormossen-Listrevägen	10	1378	OSve	9230	5	20.2143976340848	2023-06-20	2023	25	171	247.34845383516	12.0
535	Stormossen-Listrevägen	10	1378	OSve	9230	1	4.04287952681697	2023-06-26	2023	26	177	247.34845383516	12.0
535	Stormossen-Listrevägen	10	1378	OSve	9230	1	4.04287952681697	2025-07-01	2025	27	182	247.34845383516	12.0
535	Stormossen-Listrevägen	11	1377	OSve	9231	1	4.51737711057416	2013-06-17	2013	25	168	221.367394291529	12.0
535	Stormossen-Listrevägen	11	1377	OSve	9231	1	4.51737711057416	2013-07-03	2013	27	184	221.367394291529	12.0
535	Stormossen-Listrevägen	11	1377	OSve	9231	1	4.51737711057416	2014-06-01	2014	22	152	221.367394291529	12.0
535	Stormossen-Listrevägen	11	1377	OSve	9231	2	9.03475422114833	2018-06-26	2018	26	177	221.367394291529	12.0
535	Stormossen-Listrevägen	11	1377	OSve	9231	1	4.51737711057416	2023-06-20	2023	25	171	221.367394291529	12.0
535	Stormossen-Listrevägen	11	1377	OSve	9231	2	9.03475422114833	2025-07-01	2025	27	182	221.367394291529	12.0
535	Stormossen-Listrevägen	12	1376	OSve	9232	1	7.22306017264897	2018-06-12	2018	24	163	138.445475476811	24.0
535	Stormossen-Listrevägen	13	1375	OSve	9233	1	6.73501822800292	2018-06-07	2018	23	158	148.477697631491	24.0
543	Södra Rörum S slinga	11	1413	SGot	784	1	12.3045529097602	2013-06-17	2013	25	168	81.2707302194444	12.0
549	Kjugekull transekter	1	1453	SGot	2078	2	7.30000067902715	2013-07-07	2013	27	188	273.972577255504	23.0
550	Kjugekull slinga	7	1456	SGot	2086	1	4.67272285733777	2013-07-07	2013	27	188	214.007984323243	12.0
565	Södra Rörum N transekter	5	1544	SGot	789	2	23.8993548966462	2013-06-18	2013	25	169	83.6842671548705	18.0
569	L. Harsjön	1	1579	OSve	9213	2	10.5707268015731	2018-06-28	2018	26	179	189.201749089038	24.0
569	L. Harsjön	1	1579	OSve	9213	1	5.28536340078655	2019-06-22	2019	25	173	189.201749089038	24.0
569	L. Harsjön	2	1578	OSve	9214	2	5.29558037103735	2013-06-21	2013	25	172	377.673429514624	24.0
569	L. Harsjön	2	1578	OSve	9214	2	5.29558037103735	2014-07-07	2014	28	188	377.673429514624	24.0
569	L. Harsjön	2	1578	OSve	9214	5	13.2389509275934	2018-06-28	2018	26	179	377.673429514624	24.0
569	L. Harsjön	2	1578	OSve	9214	1	2.64779018551868	2019-06-22	2019	25	173	377.673429514624	24.0
569	L. Harsjön	2	1578	OSve	9214	8	21.1823214841494	2019-07-18	2019	29	199	377.673429514624	24.0
569	L. Harsjön	2	1578	OSve	9214	2	5.29558037103735	2021-06-11	2021	23	162	377.673429514624	24.0
569	L. Harsjön	3	1577	OSve	9215	2	19.9857027113044	2013-06-21	2013	25	172	100.071537583152	24.0
569	L. Harsjön	3	1577	OSve	9215	2	19.9857027113044	2018-06-09	2018	23	160	100.071537583152	24.0
569	L. Harsjön	3	1577	OSve	9215	4	39.9714054226087	2018-06-28	2018	26	179	100.071537583152	24.0
569	L. Harsjön	4	1576	OSve	9216	1	2.16326449362577	2013-07-05	2013	27	186	462.264324564369	24.0
569	L. Harsjön	4	1576	OSve	9216	1	2.16326449362577	2013-07-17	2013	29	198	462.264324564369	24.0
569	L. Harsjön	4	1576	OSve	9216	1	2.16326449362577	2014-06-27	2014	26	178	462.264324564369	24.0
569	L. Harsjön	4	1576	OSve	9216	1	2.16326449362577	2015-07-24	2015	30	205	462.264324564369	24.0
569	L. Harsjön	4	1576	OSve	9216	1	2.16326449362577	2016-07-05	2016	27	187	462.264324564369	24.0
569	L. Harsjön	4	1576	OSve	9216	3	6.48979348087732	2019-06-22	2019	25	173	462.264324564369	24.0
569	L. Harsjön	4	1576	OSve	9216	9	19.469380442632	2019-07-18	2019	29	199	462.264324564369	24.0
569	L. Harsjön	4	1576	OSve	9216	2	4.32652898725154	2022-06-21	2022	25	172	462.264324564369	24.0
569	L. Harsjön	4	1576	OSve	9216	1	2.16326449362577	2022-06-26	2022	25	177	462.264324564369	24.0
569	L. Harsjön	4	1576	OSve	9216	1	2.16326449362577	2022-07-09	2022	27	190	462.264324564369	24.0
569	L. Harsjön	4	1576	OSve	9216	3	6.48979348087732	2023-07-08	2023	27	189	462.264324564369	24.0
569	L. Harsjön	5	1575	OSve	9217	2	2.10478499895182	2015-07-24	2015	30	205	950.215818240815	25.0
569	L. Harsjön	5	1575	OSve	9217	1	1.05239249947591	2016-07-05	2016	27	187	950.215818240815	25.0
569	L. Harsjön	5	1575	OSve	9217	9	9.47153249528321	2018-06-09	2018	23	160	950.215818240815	25.0
569	L. Harsjön	5	1575	OSve	9217	13	13.6811024931869	2018-06-28	2018	26	179	950.215818240815	25.0
569	L. Harsjön	5	1575	OSve	9217	3	3.15717749842774	2019-06-22	2019	25	173	950.215818240815	25.0
569	L. Harsjön	5	1575	OSve	9217	2	2.10478499895182	2020-06-15	2020	25	167	950.215818240815	25.0
569	L. Harsjön	5	1575	OSve	9217	1	1.05239249947591	2023-07-24	2023	30	205	950.215818240815	25.0
569	L. Harsjön	6	1574	OSve	9218	11	42.4527852777086	2013-07-17	2013	29	198	259.111385225788	24.0
569	L. Harsjön	6	1574	OSve	9218	2	7.71868823231065	2014-07-07	2014	28	188	259.111385225788	24.0
569	L. Harsjön	6	1574	OSve	9218	1	3.85934411615533	2016-07-05	2016	27	187	259.111385225788	24.0
569	L. Harsjön	6	1574	OSve	9218	2	7.71868823231065	2018-06-09	2018	23	160	259.111385225788	24.0
569	L. Harsjön	6	1574	OSve	9218	23	88.7649146715725	2018-06-28	2018	26	179	259.111385225788	24.0
569	L. Harsjön	6	1574	OSve	9218	3	11.578032348466	2019-06-22	2019	25	173	259.111385225788	24.0
569	L. Harsjön	6	1574	OSve	9218	2	7.71868823231065	2019-07-18	2019	29	199	259.111385225788	24.0
569	L. Harsjön	6	1574	OSve	9218	1	3.85934411615533	2022-06-21	2022	25	172	259.111385225788	24.0
569	L. Harsjön	7	1573	OSve	9219	1	1.03442644699497	2017-06-06	2017	23	157	966.719289616986	24.0
569	L. Harsjön	7	1573	OSve	9219	5	5.17213223497485	2018-06-09	2018	23	160	966.719289616986	24.0
569	L. Harsjön	7	1573	OSve	9219	16	16.5508231519195	2018-06-28	2018	26	179	966.719289616986	24.0
569	L. Harsjön	7	1573	OSve	9219	1	1.03442644699497	2024-06-29	2024	26	181	966.719289616986	24.0
569	L. Harsjön	7	1573	OSve	9219	2	2.06885289398994	2025-06-22	2025	25	173	966.719289616986	24.0
569	L. Harsjön	8	1572	OSve	9220	14	34.2788672949875	2018-06-28	2018	26	179	408.414895379205	24.0
585	Flintabacken slinga	1	1623	SGot	949	1	6.33457971729482	2016-06-22	2016	25	174	157.863669671687	24.0
603	Horsakärr	1	1707	SGot	9195	1	4.09351264296988	2016-07-13	2016	28	195	244.288973118815	24.0
603	Horsakärr	3	1705	SGot	9199	1	3.82197303562029	2014-07-05	2014	27	186	261.64496470282	18.0
603	Horsakärr	5	1703	SGot	9201	3	3.71487799520156	2014-07-05	2014	27	186	807.563533412145	23.0
603	Horsakärr	5	1703	SGot	9201	1	1.23829266506719	2016-07-13	2016	28	195	807.563533412145	23.0
603	Horsakärr	5	1703	SGot	9201	3	3.71487799520156	2017-07-10	2017	28	191	807.563533412145	23.0
603	Horsakärr	6	1702	SGot	9202	2	2.02801013947646	2014-06-07	2014	23	158	986.188363198374	21.0
620	Rosendalen	3	1508	VGotSve	9191	1	2.22763705519701	2016-06-28	2016	26	180	448.906161650987	12.0
620	Rosendalen	4	1507	VGotSve	9192	1	1.12831875354695	2018-06-25	2018	26	176	886.27437668339	12.0
620	Rosendalen	5	1506	VGotSve	9188	1	1.28020280265973	2014-06-09	2014	24	160	781.126238688442	12.0
620	Rosendalen	5	1506	VGotSve	9188	1	1.28020280265973	2015-07-01	2015	27	182	781.126238688442	12.0
620	Rosendalen	5	1506	VGotSve	9188	3	3.8406084079792	2016-07-17	2016	28	199	781.126238688442	12.0
620	Rosendalen	5	1506	VGotSve	9188	1	1.28020280265973	2018-06-25	2018	26	176	781.126238688442	12.0
620	Rosendalen	6	1505	VGotSve	9189	1	1.03433671512252	2016-07-17	2016	28	199	966.803155471038	24.0
630	Bölets ängar	3	1742	VGotSve	9181	2	36.3267659807806	2019-07-13	2019	28	194	55.0558230550482	25.0
643	Vitemölla strandbackar transekter	1	1772	SGot	2163	1	0.585495136642911	2014-05-31	2014	22	151	1707.95611682406	18.0
643	Vitemölla strandbackar transekter	1	1772	SGot	2163	1	0.585495136642911	2014-07-07	2014	28	188	1707.95611682406	18.0
659	Näsby fält - Norra transekter	4	1826	SGot	2224	2	14.5287999803039	2014-06-15	2014	24	166	137.657618159195	18.0
659	Näsby fält - Norra transekter	6	1824	SGot	2222	1	12.2778591382818	2014-06-15	2014	24	166	81.4474240775453	18.0
659	Näsby fält - Norra transekter	8	1822	SGot	2221	2	11.7801080921345	2014-06-15	2014	24	166	169.777729063062	18.0
659	Näsby fält - Norra transekter	9	1821	SGot	2220	1	4.11192452272647	2014-06-15	2014	24	166	243.195125414641	18.0
660	Näsby fält - Norra slinga	2	1830	SGot	2230	1	0.465686580943969	2014-06-15	2014	24	166	2147.36700802705	18.0
660	Näsby fält - Norra slinga	2	1830	SGot	2230	1	0.465686580943969	2014-07-21	2014	30	202	2147.36700802705	18.0
660	Näsby fält - Norra slinga	2	1830	SGot	2230	6	2.79411948566382	2018-06-15	2018	24	166	2147.36700802705	18.0
661	Näsby fält - Södra transekter	1	1839	SGot	2231	1	4.16895820350337	2018-06-15	2018	24	166	239.868080030079	23.0
661	Näsby fält - Södra transekter	8	1832	SGot	2238	1	2.32474793398233	2018-06-15	2018	24	166	430.154162256629	23.0
662	Näsby fält - Södra slinga	1	1845	SGot	2242	1	1.59430328156205	2014-06-15	2014	24	166	627.233231948334	11.0
662	Näsby fält - Södra slinga	1	1845	SGot	2242	1	1.59430328156205	2014-07-21	2014	30	202	627.233231948334	11.0
662	Näsby fält - Södra slinga	2	1844	SGot	2243	2	3.18621489124262	2014-06-15	2014	24	166	627.704052698092	11.0
662	Näsby fält - Södra slinga	2	1844	SGot	2243	1	1.59310744562131	2018-06-15	2018	24	166	627.704052698092	11.0
662	Näsby fält - Södra slinga	3	1843	SGot	2244	1	1.66406614404426	2014-06-15	2014	24	166	600.937651173919	18.0
662	Näsby fält - Södra slinga	4	1842	SGot	2239	2	1.10662755599205	2014-07-21	2014	30	202	1807.2927871447	18.0
662	Näsby fält - Södra slinga	4	1842	SGot	2239	1	0.553313777996025	2018-06-15	2018	24	166	1807.2927871447	18.0
663	Norra Mosslunda transekter	2	1847	SGot	2245	6	6.0473616802519	2014-06-15	2014	24	166	992.168207764626	18.0
664	Norra Mosslunda slinga	2	1854	SGot	2249	6	7.27182154205509	2014-06-15	2014	24	166	825.102756620226	18.0
664	Norra Mosslunda slinga	5	1851	SGot	2251	1	2.40420891332614	2014-07-18	2014	29	199	415.937231767656	18.0
664	Norra Mosslunda slinga	5	1851	SGot	2251	1	2.40420891332614	2018-07-06	2018	27	187	415.937231767656	18.0
664	Norra Mosslunda slinga	6	1850	SGot	2250	2	4.48070858237926	2018-07-06	2018	27	187	446.357972903026	18.0
664	Norra Mosslunda slinga	7	1849	SGot	2248	1	1.67605024265581	2018-07-06	2018	27	187	596.640825286619	25.0
668	Ry transekter	7	1920	SGot	2282	1	10.2560429692953	2014-06-27	2014	26	178	97.5034916481744	23.0
678	Källsbäck, Södra Ny	5	1878	VGotSve	9173	2	4.12448870556864	2015-07-19	2015	29	200	484.908589348231	12.0
678	Källsbäck, Södra Ny	5	1878	VGotSve	9173	1	2.06224435278432	2019-06-22	2019	25	173	484.908589348231	12.0
678	Källsbäck, Södra Ny	5	1878	VGotSve	9173	1	2.06224435278432	2021-06-26	2021	25	177	484.908589348231	12.0
678	Källsbäck, Södra Ny	6	1877	VGotSve	9175	1	3.34421231032304	2016-06-27	2016	26	179	299.024077183485	24.0
679	Ekelund-Bogesund	5	2464	OSve	9706	1	1.37759311010566	2015-07-22	2015	30	203	725.903746660942	24.0
708	Nasumemyr, Tofta skjutfält	1	1942	OGot	9166	1	0.234587952908665	2017-07-02	2017	26	183	4262.79349643049	36.0
708	Nasumemyr, Tofta skjutfält	1	1942	OGot	9166	2	0.46917590581733	2017-07-19	2017	29	200	4262.79349643049	36.0
726	Årby ängar	1	1967	OSve	9161	1	2.55444465322738	2015-07-02	2015	27	183	391.474522157511	18.0
726	Årby ängar	1	1967	OSve	9161	1	2.55444465322738	2015-07-11	2015	28	192	391.474522157511	18.0
735	Heden Stenshuvud	5	1984	SGot	858	1	3.33798836329451	2023-06-17	2023	24	168	299.581631558783	18.0
738	Danskens äng	1	1990	SGot	9256	7	30.501719271729	2016-06-12	2016	23	164	229.495260173353	23.0
738	Danskens äng	1	1990	SGot	9256	8	34.8591077391188	2017-07-06	2017	27	187	229.495260173353	23.0
738	Danskens äng	1	1990	SGot	9256	3	13.0721654021696	2018-06-18	2018	25	169	229.495260173353	23.0
738	Danskens äng	1	1990	SGot	9256	2	8.7147769347797	2019-06-29	2019	26	180	229.495260173353	23.0
738	Danskens äng	1	1990	SGot	9256	2	8.7147769347797	2020-07-17	2020	29	199	229.495260173353	23.0
738	Danskens äng	1	1990	SGot	9256	1	4.35738846738985	2020-08-01	2020	31	214	229.495260173353	23.0
756	Bjärkefall slinga	1	2153	OGot	9139	1	11.801943043619	2016-06-22	2016	25	174	84.7318103725873	24.0
756	Bjärkefall slinga	2	2154	OGot	9140	1	3.5303798618415	2015-07-01	2015	27	182	283.255637958003	24.0
756	Bjärkefall slinga	3	2155	OGot	9141	1	4.6760310503096	2017-07-03	2017	27	184	213.856578205098	24.0
756	Bjärkefall slinga	6	2158	OGot	9144	2	9.63495484826634	2015-07-01	2015	27	182	207.57751660454	24.0
756	Bjärkefall slinga	6	2158	OGot	9144	1	4.81747742413317	2018-06-09	2018	23	160	207.57751660454	24.0
756	Bjärkefall slinga	7	2159	OGot	9145	3	6.97988333245392	2017-07-03	2017	27	184	429.806610957391	21.0
756	Bjärkefall slinga	7	2159	OGot	9145	1	2.32662777748464	2019-06-25	2019	26	176	429.806610957391	21.0
757	Ryr	6	2168	VGotSve	9715	1	11.2728131726039	2015-07-11	2015	28	192	88.709001443427	25.0
799	Fårö, St. Hoburga	1	2232	OGot	9270	1	1.38871703270035	2024-07-20	2024	29	202	720.089101273216	32.0
835	Tosteberga ängar transekter	1	2311	SGot	2406	1	2.10872794761659	2015-06-30	2015	27	181	474.219541278551	18.0
839	Ekebo transekter	3	2328	SGot	2058	1	3.53560894052509	2011-06-25	2011	25	176	282.836709834624	12.0
842	Sånnarna slinga	1	2339	SGot	957	1	1.04794054775243	2020-06-27	2020	26	179	954.252607311316	18.0
852	Lyckan, skogsäng	1	2369	VGotSve	9892	1	2.68935142849212	2017-06-14	2017	24	165	371.836863492654	24.0
852	Lyckan, skogsäng	1	2369	VGotSve	9892	1	2.68935142849212	2019-06-23	2019	25	174	371.836863492654	24.0
853	Torsked	1	2370	VGotSve	9891	1	1.54488653805196	2004-06-03	2004	23	155	647.296727215295	21.0
853	Torsked	1	2370	VGotSve	9891	2	3.08977307610392	2004-06-28	2004	27	180	647.296727215295	21.0
853	Torsked	1	2370	VGotSve	9891	2	3.08977307610392	2005-06-13	2005	24	164	647.296727215295	21.0
853	Torsked	1	2370	VGotSve	9891	1	1.54488653805196	2005-07-06	2005	27	187	647.296727215295	21.0
853	Torsked	1	2370	VGotSve	9891	2	3.08977307610392	2005-07-13	2005	28	194	647.296727215295	21.0
853	Torsked	1	2370	VGotSve	9891	2	3.08977307610392	2007-06-15	2007	24	166	647.296727215295	21.0
853	Torsked	1	2370	VGotSve	9891	1	1.54488653805196	2007-06-23	2007	25	174	647.296727215295	21.0
853	Torsked	1	2370	VGotSve	9891	4	6.17954615220783	2007-06-24	2007	25	175	647.296727215295	21.0
853	Torsked	1	2370	VGotSve	9891	2	3.08977307610392	2008-06-10	2008	24	162	647.296727215295	21.0
853	Torsked	1	2370	VGotSve	9891	1	1.54488653805196	2008-06-17	2008	25	169	647.296727215295	21.0
853	Torsked	1	2370	VGotSve	9891	2	3.08977307610392	2008-06-25	2008	26	177	647.296727215295	21.0
853	Torsked	1	2370	VGotSve	9891	3	4.63465961415587	2008-07-02	2008	27	184	647.296727215295	21.0
853	Torsked	1	2370	VGotSve	9891	1	1.54488653805196	2009-06-16	2009	25	167	647.296727215295	21.0
853	Torsked	1	2370	VGotSve	9891	4	6.17954615220783	2010-06-24	2010	25	175	647.296727215295	21.0
853	Torsked	1	2370	VGotSve	9891	3	4.63465961415587	2010-07-02	2010	26	183	647.296727215295	21.0
853	Torsked	1	2370	VGotSve	9891	4	6.17954615220783	2010-07-09	2010	27	190	647.296727215295	21.0
853	Torsked	1	2370	VGotSve	9891	2	3.08977307610392	2011-06-19	2011	24	170	647.296727215295	21.0
853	Torsked	1	2370	VGotSve	9891	2	3.08977307610392	2012-07-10	2012	28	192	647.296727215295	21.0
853	Torsked	1	2370	VGotSve	9891	1	1.54488653805196	2015-06-29	2015	27	180	647.296727215295	21.0
853	Torsked	1	2370	VGotSve	9891	5	7.72443269025979	2018-06-12	2018	24	163	647.296727215295	21.0
853	Torsked	1	2370	VGotSve	9891	1	1.54488653805196	2023-06-05	2023	23	156	647.296727215295	21.0
853	Torsked	1	2370	VGotSve	9891	2	3.08977307610392	2023-06-16	2023	24	167	647.296727215295	21.0
854	Torsberget	1	2371	VGotSve	9889	1	2.8040032572277	2004-06-11	2004	24	163	356.632966606713	24.0
854	Torsberget	1	2371	VGotSve	9889	1	2.8040032572277	2007-06-15	2007	24	166	356.632966606713	24.0
854	Torsberget	1	2371	VGotSve	9889	1	2.8040032572277	2007-06-24	2007	25	175	356.632966606713	24.0
854	Torsberget	1	2371	VGotSve	9889	2	5.6080065144554	2008-06-20	2008	25	172	356.632966606713	24.0
854	Torsberget	1	2371	VGotSve	9889	1	2.8040032572277	2008-06-25	2008	26	177	356.632966606713	24.0
854	Torsberget	1	2371	VGotSve	9889	1	2.8040032572277	2009-06-21	2009	25	172	356.632966606713	24.0
854	Torsberget	1	2371	VGotSve	9889	2	5.6080065144554	2009-06-29	2009	27	180	356.632966606713	24.0
854	Torsberget	1	2371	VGotSve	9889	1	2.8040032572277	2009-07-08	2009	28	189	356.632966606713	24.0
854	Torsberget	1	2371	VGotSve	9889	1	2.8040032572277	2010-06-23	2010	25	174	356.632966606713	24.0
854	Torsberget	1	2371	VGotSve	9889	1	2.8040032572277	2011-07-06	2011	27	187	356.632966606713	24.0
854	Torsberget	1	2371	VGotSve	9889	1	2.8040032572277	2017-06-14	2017	24	165	356.632966606713	24.0
855	Fördarvern	1	2372	VGotSve	9890	1	1.21538575879683	2008-07-13	2008	28	195	822.784036066008	24.0
855	Fördarvern	1	2372	VGotSve	9890	1	1.21538575879683	2009-06-29	2009	27	180	822.784036066008	24.0
855	Fördarvern	1	2372	VGotSve	9890	2	2.43077151759365	2009-07-08	2009	28	189	822.784036066008	24.0
855	Fördarvern	1	2372	VGotSve	9890	3	3.64615727639048	2011-06-14	2011	24	165	822.784036066008	24.0
856	Fensbol, Ektäppan	1	2373	VGotSve	9886	1	2.0452649800634	2005-07-14	2005	28	195	488.934201557102	24.0
856	Fensbol, Ektäppan	1	2373	VGotSve	9886	1	2.0452649800634	2008-06-17	2008	25	169	488.934201557102	24.0
856	Fensbol, Ektäppan	1	2373	VGotSve	9886	1	2.0452649800634	2008-07-01	2008	27	183	488.934201557102	24.0
856	Fensbol, Ektäppan	1	2373	VGotSve	9886	1	2.0452649800634	2010-07-02	2010	26	183	488.934201557102	24.0
856	Fensbol, Ektäppan	1	2373	VGotSve	9886	4	8.18105992025359	2015-07-01	2015	27	182	488.934201557102	24.0
856	Fensbol, Ektäppan	1	2373	VGotSve	9886	6	12.2715898803804	2016-06-25	2016	25	177	488.934201557102	24.0
856	Fensbol, Ektäppan	1	2373	VGotSve	9886	2	4.0905299601268	2020-06-23	2020	26	175	488.934201557102	24.0
856	Fensbol, Ektäppan	1	2373	VGotSve	9886	3	6.13579494019019	2022-06-29	2022	26	180	488.934201557102	24.0
856	Fensbol, Ektäppan	1	2373	VGotSve	9886	1	2.0452649800634	2023-06-24	2023	25	175	488.934201557102	24.0
888	Båstorp, Ale	1	2407	VGotSve	9285	2	9.57807145928103	2015-07-11	2015	28	192	208.81030262747	40.0
903	Stråslingan	1	2526	OSve	11337	1	3.5733918341299	2017-06-28	2017	26	179	279.846164769528	21.0
903	Stråslingan	3	2528	OSve	11339	1	1.84737050179461	2016-06-14	2016	24	166	541.309931618244	21.0
903	Stråslingan	3	2528	OSve	11339	1	1.84737050179461	2017-07-06	2017	27	187	541.309931618244	21.0
903	Stråslingan	3	2528	OSve	11339	3	5.54211150538382	2017-07-19	2017	29	200	541.309931618244	21.0
903	Stråslingan	5	2530	OSve	11341	1	3.20747432847143	2016-07-03	2016	26	185	311.771786019739	21.0
903	Stråslingan	5	2530	OSve	11341	1	3.20747432847143	2017-07-06	2017	27	187	311.771786019739	21.0
903	Stråslingan	8	2533	OSve	11344	1	7.14177071560915	2016-07-03	2016	26	185	140.021297213363	3.0
903	Stråslingan	9	2534	OSve	11345	1	2.03094582881843	2016-06-14	2016	24	166	492.381424364127	21.0
903	Stråslingan	9	2534	OSve	11345	1	2.03094582881843	2017-07-06	2017	27	187	492.381424364127	21.0
903	Stråslingan	10	2535	OSve	11346	2	8.67679553889425	2016-06-14	2016	24	166	230.49984190994	3.0
903	Stråslingan	11	2536	OSve	11347	1	4.71716198340793	2016-06-14	2016	24	166	211.991872129341	3.0
905	Skeppsvik	2	2539	OSve	9327	1	19.0579955737294	2017-06-06	2017	23	157	52.4714152719427	2.0
905	Skeppsvik	8	2545	OSve	9333	2	9.6244410509664	2023-06-23	2023	25	174	207.804275532362	25.0
905	Skeppsvik	8	2545	OSve	9333	1	4.8122205254832	2024-07-21	2024	29	203	207.804275532362	25.0
905	Skeppsvik	9	2546	OSve	9334	1	1.45611057602878	2016-06-09	2016	23	161	686.761030695401	25.0
905	Skeppsvik	9	2546	OSve	9334	1	1.45611057602878	2016-06-25	2016	25	177	686.761030695401	25.0
905	Skeppsvik	9	2546	OSve	9334	1	1.45611057602878	2016-07-08	2016	27	190	686.761030695401	25.0
905	Skeppsvik	9	2546	OSve	9334	5	7.2805528801439	2023-06-23	2023	25	174	686.761030695401	25.0
905	Skeppsvik	10	2547	OSve	9335	1	1.2499532537337	2018-06-18	2018	25	169	800.029918729306	2.0
905	Skeppsvik	10	2547	OSve	9335	1	1.2499532537337	2024-07-21	2024	29	203	800.029918729306	2.0
915	Knutserud	1	2577	VGotSve	9868	1	1.95555038513799	2017-06-21	2017	25	172	511.364988394015	21.0
915	Knutserud	1	2577	VGotSve	9868	1	1.95555038513799	2024-06-15	2024	24	167	511.364988394015	21.0
916	Råbäcksängen	1	2578	VGotSve	11574	2	9.50544358482098	2024-06-15	2024	24	167	210.4057514153	24.0
917	Mickelstorp	1	2579	VGotSve	11575	5	12.3736635781779	2017-06-21	2017	25	172	404.084042564238	25.0
917	Mickelstorp	1	2579	VGotSve	11575	1	2.47473271563558	2020-06-20	2020	25	172	404.084042564238	25.0
917	Mickelstorp	1	2579	VGotSve	11575	1	2.47473271563558	2024-06-01	2024	22	153	404.084042564238	25.0
917	Mickelstorp	1	2579	VGotSve	11575	5	12.3736635781779	2024-06-15	2024	24	167	404.084042564238	25.0
918	Alstrumsängen	1	2580	VGotSve	11576	6	4.69625469246229	2017-06-27	2017	26	178	1277.61384186217	18.0
918	Alstrumsängen	1	2580	VGotSve	11576	1	0.782709115410381	2020-06-09	2020	24	161	1277.61384186217	18.0
918	Alstrumsängen	1	2580	VGotSve	11576	1	0.782709115410381	2022-06-19	2022	24	170	1277.61384186217	18.0
918	Alstrumsängen	1	2580	VGotSve	11576	3	2.34812734623114	2023-06-20	2023	25	171	1277.61384186217	18.0
918	Alstrumsängen	1	2580	VGotSve	11576	4	3.13083646164152	2024-06-17	2024	25	169	1277.61384186217	18.0
919	Almarskogen	1	2581	VGotSve	11577	3	3.8957667966862	2017-06-27	2017	26	178	770.06662784637	
919	Almarskogen	1	2581	VGotSve	11577	1	1.29858893222873	2021-06-24	2021	25	175	770.06662784637	
958	Hågadalen Södra Norby	1	2609	OSve	9339	1	2.47101607161978	2016-06-30	2016	26	182	404.691823531721	12.0
958	Hågadalen Södra Norby	1	2609	OSve	9339	1	2.47101607161978	2021-06-24	2021	25	175	404.691823531721	12.0
958	Hågadalen Södra Norby	1	2609	OSve	9339	1	2.47101607161978	2023-06-10	2023	23	161	404.691823531721	12.0
958	Hågadalen Södra Norby	1	2609	OSve	9339	1	2.47101607161978	2023-06-20	2023	25	171	404.691823531721	12.0
958	Hågadalen Södra Norby	1	2609	OSve	9339	1	2.47101607161978	2023-07-08	2023	27	189	404.691823531721	12.0
958	Hågadalen Södra Norby	1	2609	OSve	9339	1	2.47101607161978	2023-07-19	2023	29	200	404.691823531721	12.0
958	Hågadalen Södra Norby	1	2609	OSve	9339	1	2.47101607161978	2024-07-20	2024	29	202	404.691823531721	12.0
958	Hågadalen Södra Norby	2	2610	OSve	9340	1	4.16734684162478	2016-06-30	2016	26	182	239.960828316876	12.0
958	Hågadalen Södra Norby	2	2610	OSve	9340	1	4.16734684162478	2017-06-28	2017	26	179	239.960828316876	12.0
958	Hågadalen Södra Norby	2	2610	OSve	9340	1	4.16734684162478	2018-06-26	2018	26	177	239.960828316876	12.0
958	Hågadalen Södra Norby	2	2610	OSve	9340	1	4.16734684162478	2020-06-29	2020	27	181	239.960828316876	12.0
958	Hågadalen Södra Norby	2	2610	OSve	9340	1	4.16734684162478	2021-07-02	2021	26	183	239.960828316876	12.0
958	Hågadalen Södra Norby	2	2610	OSve	9340	1	4.16734684162478	2022-06-30	2022	26	181	239.960828316876	12.0
958	Hågadalen Södra Norby	2	2610	OSve	9340	2	8.33469368324955	2022-07-19	2022	29	200	239.960828316876	12.0
958	Hågadalen Södra Norby	2	2610	OSve	9340	2	8.33469368324955	2023-06-27	2023	26	178	239.960828316876	12.0
958	Hågadalen Södra Norby	2	2610	OSve	9340	2	8.33469368324955	2023-07-08	2023	27	189	239.960828316876	12.0
958	Hågadalen Södra Norby	2	2610	OSve	9340	1	4.16734684162478	2023-07-19	2023	29	200	239.960828316876	12.0
958	Hågadalen Södra Norby	2	2610	OSve	9340	1	4.16734684162478	2024-07-09	2024	28	191	239.960828316876	12.0
958	Hågadalen Södra Norby	2	2610	OSve	9340	1	4.16734684162478	2025-06-26	2025	26	177	239.960828316876	12.0
958	Hågadalen Södra Norby	2	2610	OSve	9340	1	4.16734684162478	2025-07-01	2025	27	182	239.960828316876	12.0
958	Hågadalen Södra Norby	3	2611	OSve	9341	3	17.8450983627735	2017-06-28	2017	26	179	168.113391084371	25.0
958	Hågadalen Södra Norby	3	2611	OSve	9341	1	5.94836612092449	2020-06-29	2020	27	181	168.113391084371	25.0
958	Hågadalen Södra Norby	3	2611	OSve	9341	2	11.896732241849	2021-07-18	2021	28	199	168.113391084371	25.0
958	Hågadalen Södra Norby	3	2611	OSve	9341	1	5.94836612092449	2022-06-21	2022	25	172	168.113391084371	25.0
958	Hågadalen Södra Norby	3	2611	OSve	9341	1	5.94836612092449	2025-07-09	2025	28	190	168.113391084371	25.0
958	Hågadalen Södra Norby	3	2611	OSve	9341	1	5.94836612092449	2025-07-28	2025	31	209	168.113391084371	25.0
958	Hågadalen Södra Norby	4	2612	OSve	9342	1	6.2005594660126	2017-06-28	2017	26	179	161.275769627135	12.0
958	Hågadalen Södra Norby	4	2612	OSve	9342	1	6.2005594660126	2017-07-24	2017	30	205	161.275769627135	12.0
958	Hågadalen Södra Norby	4	2612	OSve	9342	1	6.2005594660126	2024-07-09	2024	28	191	161.275769627135	12.0
958	Hågadalen Södra Norby	4	2612	OSve	9342	1	6.2005594660126	2025-07-16	2025	29	197	161.275769627135	12.0
958	Hågadalen Södra Norby	5	2613	OSve	9343	5	11.3077307389681	2017-06-28	2017	26	179	442.175367933837	12.0
958	Hågadalen Södra Norby	5	2613	OSve	9343	1	2.26154614779363	2021-07-10	2021	27	191	442.175367933837	12.0
963	Hälle	2	2629	VGotSve	9352	1	0.835982303030009	2025-06-13	2025	24	164	1196.1975706609	24.0
963	Hälle	3	2630	VGotSve	9353	4	24.1290983341321	2024-06-02	2024	22	154	165.77494710367	24.0
963	Hälle	3	2630	VGotSve	9353	2	12.064549167066	2025-06-13	2025	24	164	165.77494710367	24.0
963	Hälle	4	2631	VGotSve	9354	1	4.69877397726208	2024-06-02	2024	22	154	212.821473184094	24.0
976	Igelbäcken naturreservat	1	15263	OSve	11321	1	9.22192064258387	2018-06-16	2018	24	167	108.437280991372	18.0
976	Igelbäcken naturreservat	2	15264	OSve	11322	1	6.44603225874787	2017-07-06	2017	27	187	155.134191058834	25.0
976	Igelbäcken naturreservat	2	15264	OSve	11322	2	12.8920645174957	2017-07-20	2017	29	201	155.134191058834	25.0
976	Igelbäcken naturreservat	2	15264	OSve	11322	1	6.44603225874787	2018-06-16	2018	24	167	155.134191058834	25.0
976	Igelbäcken naturreservat	2	15264	OSve	11322	1	6.44603225874787	2018-07-08	2018	27	189	155.134191058834	25.0
976	Igelbäcken naturreservat	5	15267	OSve	11324	1	2.50541759934213	2018-06-16	2018	24	167	399.135058467929	25.0
976	Igelbäcken naturreservat	7	15269	OSve	11326	1	2.55145749753555	2017-06-17	2017	24	168	391.932846604695	18.0
976	Igelbäcken naturreservat	7	15269	OSve	11326	1	2.55145749753555	2017-07-06	2017	27	187	391.932846604695	18.0
976	Igelbäcken naturreservat	8	15270	OSve	11327	1	2.13464013301996	2017-06-17	2017	24	168	468.463037179603	18.0
976	Igelbäcken naturreservat	8	15270	OSve	11327	1	2.13464013301996	2018-06-08	2018	23	159	468.463037179603	18.0
976	Igelbäcken naturreservat	9	15271	OSve	11328	2	5.68913838540508	2018-06-16	2018	24	167	351.547082266587	18.0
976	Igelbäcken naturreservat	10	15272	OSve	11329	1	6.70743237770594	2017-07-06	2017	27	187	149.088346134325	18.0
976	Igelbäcken naturreservat	12	15274	OSve	11330	1	4.20079783962492	2017-07-20	2017	29	201	238.05001768171	18.0
976	Igelbäcken naturreservat	12	15274	OSve	11330	1	4.20079783962492	2018-07-08	2018	27	189	238.05001768171	18.0
976	Igelbäcken naturreservat	12	15274	OSve	11330	1	4.20079783962492	2018-07-22	2018	29	203	238.05001768171	18.0
1007	Boåsen 6378	1	2696	VGotSve	11050	1	2.89220613143922	2015-08-02	2015	31	214	345.756821801073	12.0
1008	Boåsen 6603	1	2700	VGotSve	11051	1	2.17810954069685	2015-08-02	2015	31	214	459.113732030239	12.0
1009	Boåsen 7563	1	2703	VGotSve	11052	1	4.24961804798569	2015-08-02	2015	31	214	235.315265679935	12.0
1036	Långsered A	1	2838	VGotSve	11079	1	2.70735716010459	2015-06-16	2015	25	167	369.363900240398	21.0
1037	Långsered B	1	2841	VGotSve	11080	1	10.2900830302192	2015-08-06	2015	32	218	97.180945679765	21.0
1057	Åsabacken	1	2944	VGotSve	11100	1	2.91027905964097	2015-08-02	2015	31	214	343.609660622499	12.0
1068	Älleköpinge slinga	2	2989	SGot	925	3	17.2026681193778	2017-07-04	2017	27	185	174.391552472066	23.0
1068	Älleköpinge slinga	6	2993	SGot	921	1	6.08642309782518	2017-08-08	2017	32	220	164.300112550066	12.0
1069	Betesmark öster om Dalby, transekter	2	2996	SGot	2420	1	4.59616381754806	2017-07-08	2017	27	189	217.572749731422	18.0
1085	Kaninlandet	1	3068	SGot	9367	1	4.33390439399338	2021-06-05	2021	22	156	230.73882326199	12.0
1098	Medevi	2	3101	OGot	11404	1	1.25053574052393	2023-06-20	2023	25	171	799.657272954896	25.0
1098	Medevi	3	3102	OGot	11405	1	2.6881363317218	2020-06-01	2020	23	153	372.004941936662	18.0
1098	Medevi	3	3102	OGot	11405	1	2.6881363317218	2022-07-19	2022	29	200	372.004941936662	18.0
1098	Medevi	3	3102	OGot	11405	1	2.6881363317218	2023-06-25	2023	25	176	372.004941936662	18.0
1098	Medevi	4	3103	OGot	11406	2	4.76568740261842	2019-06-23	2019	25	174	419.666635898347	18.0
1102	Ignaberga flygplats slinga 1	1	3127	SGot	883	1	0.549044829571318	2009-06-26	2009	26	177	1821.34489961553	12.0
2648	Loppängarna, Muskö	1	15507	OSve	9435	2	1.06776727832516	2019-07-22	2019	30	203	1873.06732524815	12.0
2683	Sundsbron Lelångebanan	1	15626	VGotSve	3850	6	2.29350658559551	2019-05-19	2019	20	139	2616.08143516279	24.0
2683	Sundsbron Lelångebanan	1	15626	VGotSve	3850	8	3.05800878079401	2019-06-10	2019	24	161	2616.08143516279	24.0
2683	Sundsbron Lelångebanan	1	15626	VGotSve	3850	11	4.20476207359177	2019-06-30	2019	26	181	2616.08143516279	24.0
2683	Sundsbron Lelångebanan	1	15626	VGotSve	3850	10	3.82251097599251	2019-07-17	2019	29	198	2616.08143516279	24.0
2707	Berthåga kyrkogård	1	15627	OSve	9445	1	2.97305301328462	2020-06-27	2020	26	179	336.354580806887	24.0
2707	Berthåga kyrkogård	2	15628	OSve	9446	1	4.81264081319604	2020-06-14	2020	24	166	207.786127994021	11.0
2707	Berthåga kyrkogård	2	15628	OSve	9446	1	4.81264081319604	2021-07-12	2021	28	193	207.786127994021	11.0
2707	Berthåga kyrkogård	2	15628	OSve	9446	2	9.62528162639207	2023-06-17	2023	24	168	207.786127994021	11.0
2707	Berthåga kyrkogård	3	15629	OSve	9447	6	28.971009005189	2023-06-17	2023	24	168	207.103591004557	11.0
2707	Berthåga kyrkogård	4	15630	OSve	9448	2	4.45122331980822	2020-06-14	2020	24	166	449.314684145339	11.0
2707	Berthåga kyrkogård	4	15630	OSve	9448	1	2.22561165990411	2020-06-27	2020	26	179	449.314684145339	11.0
2707	Berthåga kyrkogård	4	15630	OSve	9448	1	2.22561165990411	2022-06-30	2022	26	181	449.314684145339	11.0
2707	Berthåga kyrkogård	4	15630	OSve	9448	8	17.8048932792329	2023-06-17	2023	24	168	449.314684145339	11.0
2707	Berthåga kyrkogård	4	15630	OSve	9448	2	4.45122331980822	2024-06-21	2024	25	173	449.314684145339	11.0
2707	Berthåga kyrkogård	5	15631	OSve	9449	1	3.24996691758835	2020-06-14	2020	24	166	307.695439786831	11.0
2707	Berthåga kyrkogård	5	15631	OSve	9449	3	9.74990075276505	2023-06-17	2023	24	168	307.695439786831	11.0
2707	Berthåga kyrkogård	5	15631	OSve	9449	2	6.4999338351767	2023-07-17	2023	29	198	307.695439786831	11.0
2707	Berthåga kyrkogård	5	15631	OSve	9449	1	3.24996691758835	2024-07-16	2024	29	198	307.695439786831	11.0
2707	Berthåga kyrkogård	6	15632	OSve	9450	4	26.4697887407837	2020-06-14	2020	24	166	151.115675276884	11.0
2707	Berthåga kyrkogård	6	15632	OSve	9450	2	13.2348943703919	2023-06-17	2023	24	168	151.115675276884	11.0
2707	Berthåga kyrkogård	7	15633	OSve	9451	1	4.68223956403769	2019-06-30	2019	26	181	213.573010591038	11.0
2707	Berthåga kyrkogård	7	15633	OSve	9451	2	9.36447912807539	2020-06-14	2020	24	166	213.573010591038	11.0
2707	Berthåga kyrkogård	7	15633	OSve	9451	1	4.68223956403769	2024-06-21	2024	25	173	213.573010591038	11.0
2707	Berthåga kyrkogård	8	15634	OSve	9452	1	7.4374875225255	2020-06-14	2020	24	166	134.454007078514	11.0
2707	Berthåga kyrkogård	8	15634	OSve	9452	1	7.4374875225255	2022-06-30	2022	26	181	134.454007078514	11.0
2711	Böneruds fornåkrar	1	15510	OSve	9454	2	2.17813331850609	2019-07-25	2019	30	206	918.217440138941	29.0
2712	Derbol	7	15520	OSve	9464	2	17.5243877154732	2022-06-17	2022	24	168	114.126669215044	21.0
2740	Svensvik, Åbyfjorden	1	15526	VGotSve	9497	1	5.99067331562683	2025-07-29	2025	31	210	166.926144577351	32.0
2758	Soldatängen Motala	2	15339	OGot	9522	1	4.42522763344986	2020-07-09	2020	28	191	225.977075719472	23.0
2758	Soldatängen Motala	2	15339	OGot	9522	1	4.42522763344986	2023-06-26	2023	26	177	225.977075719472	23.0
2768	Kocktorp 2, Ängsö	1	15241	OSve	9790	1	1.24622240585352	2017-06-18	2017	24	169	802.4249887524	12.0
2768	Kocktorp 2, Ängsö	1	15241	OSve	9790	1	1.24622240585352	2018-07-10	2018	28	191	802.4249887524	12.0
2768	Kocktorp 2, Ängsö	2	15242	OSve	9791	2	9.67278057692185	2017-06-18	2017	24	169	206.765777854175	12.0
2768	Kocktorp 2, Ängsö	4	15244	OSve	9793	1	2.39434452747302	2017-07-15	2017	28	196	417.650838685023	12.0
2799	Edeby naturreservat	1	15435	VGotSve	9877	1	4.11845062134607	2022-06-21	2022	25	172	242.809758314684	20.0
2801	Prästgårdsön, Pannkakan	1	15439	VGotSve	9884	1	0.925534787195657	2018-06-05	2018	23	156	1080.45641701915	29.0
2801	Prästgårdsön, Pannkakan	1	15439	VGotSve	9884	1	0.925534787195657	2019-06-22	2019	25	173	1080.45641701915	29.0
2803	Gårdsviksmossen	2	15445	VGotSve	9883	1	7.1851949208437	2023-06-12	2023	24	163	139.17506915492	12.0
2804	Lafallhöjden	1	15448	VGotSve	9885	2	2.29438688031746	2017-06-27	2017	26	178	871.692571622127	24.0
2804	Lafallhöjden	1	15448	VGotSve	9885	4	4.58877376063493	2018-06-28	2018	26	179	871.692571622127	24.0
2804	Lafallhöjden	1	15448	VGotSve	9885	3	3.4415803204762	2020-06-24	2020	26	176	871.692571622127	24.0
2804	Lafallhöjden	1	15448	VGotSve	9885	2	2.29438688031746	2021-06-15	2021	24	166	871.692571622127	24.0
2804	Lafallhöjden	1	15448	VGotSve	9885	2	2.29438688031746	2021-06-24	2021	25	175	871.692571622127	24.0
2804	Lafallhöjden	1	15448	VGotSve	9885	3	3.4415803204762	2023-06-12	2023	24	163	871.692571622127	24.0
2804	Lafallhöjden	1	15448	VGotSve	9885	1	1.14719344015873	2024-06-20	2024	25	172	871.692571622127	24.0
2805	Genbäcken	1	15449	VGotSve	9876	6	8.66201875975546	2017-06-28	2017	26	179	692.679174036953	24.0
2805	Genbäcken	1	15449	VGotSve	9876	3	4.33100937987773	2022-06-21	2022	25	172	692.679174036953	24.0
2805	Genbäcken	1	15449	VGotSve	9876	3	4.33100937987773	2023-06-16	2023	24	167	692.679174036953	24.0
2819	Åsa gravfält	1	15575	OSve	11678	1	0.3979876935049	2022-07-13	2022	28	194	2512.64050703037	23.0
2859	Pelarbo slinga	2	15702	OGot	9614	1	1.81942043386585	2018-06-08	2018	23	159	549.625573829152	24.0
2859	Pelarbo slinga	3	15703	OGot	9615	1	2.70029085640396	2019-06-14	2019	24	165	370.330476670103	24.0
2859	Pelarbo slinga	5	15705	OGot	9617	1	4.08506888708332	2018-07-01	2018	26	182	244.793913552333	24.0
2859	Pelarbo slinga	5	15705	OGot	9617	1	4.08506888708332	2020-07-18	2020	29	200	244.793913552333	24.0
2859	Pelarbo slinga	6	15706	OGot	9618	1	4.09266720579445	2018-07-01	2018	26	182	244.339436782005	24.0
2884	Dösjebro-ån-gamla tippen	11	15763	SGot	9648	1	8.60802125934028	2021-07-15	2021	28	196	116.170716808457	20.0
2884	Dösjebro-ån-gamla tippen	13	15765	SGot	9638	1	3.52643187578864	2021-08-21	2021	33	233	283.572754337233	12.0
2885	Dyestad	2	15767	OGot	10830	1	2.74578385388105	2020-07-02	2020	27	184	364.194726612054	23.0
2885	Dyestad	2	15767	OGot	10830	1	2.74578385388105	2020-07-21	2020	30	203	364.194726612054	23.0
2885	Dyestad	3	15768	OGot	10829	4	7.95284890965126	2020-07-21	2020	30	203	502.964415072159	23.0
2885	Dyestad	3	15768	OGot	10829	1	1.98821222741281	2020-08-10	2020	33	223	502.964415072159	23.0
2885	Dyestad	5	15770	OGot	10827	1	1.99037181470608	2020-07-02	2020	27	184	502.41869012181	23.0
2885	Dyestad	5	15770	OGot	10827	1	1.99037181470608	2020-07-21	2020	30	203	502.41869012181	23.0
2890	Simängsvägen	6	15819	OSve	9663	1	14.1988767288159	2024-07-12	2024	28	194	70.4281063283375	24.0
2908	Kleva strand	1	15780	OGot	11379	1	3.78128532155423	2021-07-18	2021	28	199	264.460339530519	12.0
2908	Kleva strand	7	15786	OGot	11384	1	5.06706380731094	2022-07-20	2022	29	201	197.352951931879	21.0
2908	Kleva strand	7	15786	OGot	11384	1	5.06706380731094	2024-07-20	2024	29	202	197.352951931879	21.0
2908	Kleva strand	8	15787	OGot	11383	1	4.23298323382	2021-06-14	2021	24	165	236.2400096486	21.0
2911	Styggtjärn	2	15832	NSveSNor	9666	1	9.14625451703651	2024-06-04	2024	23	156	109.334372680896	24.0
2911	Styggtjärn	6	15836	NSveSNor	9670	1	4.35189554604798	2022-07-07	2022	27	188	229.784926917217	24.0
2911	Styggtjärn	8	15838	NSveSNor	9672	2	9.55709057019157	2020-06-28	2020	26	180	209.268708432875	24.0
2911	Styggtjärn	9	15839	NSveSNor	9673	1	4.74577870127057	2021-06-02	2021	22	153	210.713575778886	24.0
2911	Styggtjärn	10	15840	NSveSNor	9674	1	1.01189612701233	2020-06-28	2020	26	180	988.243727103244	24.0
2924	Knösen, slinga	2	15865	SGot	10835	1	3.08924639618386	2023-06-20	2023	25	171	323.703541820198	18.0
2949	Klammersbäck transekter	1	15878	SGot	874	1	6.61947943613414	2010-07-16	2010	28	197	151.069281149397	18.0
2949	Klammersbäck transekter	2	15879	SGot	875	1	4.38473854220913	2010-07-04	2010	26	185	228.063769452529	18.0
2956	Kung Björns hög - Högbyhatt	1	15932	OSve	1082	2	5.4335151594638	2022-07-09	2022	27	190	368.08584154155	12.0
2956	Kung Björns hög - Högbyhatt	1	15932	OSve	1082	1	2.7167575797319	2025-07-19	2025	29	200	368.08584154155	12.0
2956	Kung Björns hög - Högbyhatt	3	15934	OSve	1084	1	0.771334572422866	2022-07-09	2022	27	190	1296.45426997893	24.0
3115	Norrskog	3	17914	OGot	10817	1	4.1447401794364	2023-06-23	2023	25	174	241.26964700016	24.0
3115	Norrskog	5	17916	OGot	10819	2	16.8136388953227	2023-06-23	2023	25	174	118.951049945314	24.0
3115	Norrskog	6	17917	OGot	10820	2	17.3925325443225	2023-06-23	2023	25	174	114.991879124174	24.0
3115	Norrskog	7	17918	OGot	10818	1	5.78490608793713	2023-06-23	2023	25	174	172.863653238076	24.0
3136	Gilsåsen	1	17862	OSve	9766	2	9.85244002457907	2024-06-25	2024	26	177	202.995399617817	24.0
3136	Gilsåsen	2	17863	OSve	9767	1	3.21446253074814	2022-07-14	2022	28	195	311.093997965271	24.0
3136	Gilsåsen	3	17864	OSve	9768	1	6.07875361209606	2021-06-24	2021	25	175	164.507407901862	24.0
3136	Gilsåsen	3	17864	OSve	9768	1	6.07875361209606	2023-06-25	2023	25	176	164.507407901862	24.0
3136	Gilsåsen	4	17865	OSve	9769	1	1.56708842292629	2021-06-15	2021	24	166	638.126084891021	24.0
3136	Gilsåsen	4	17865	OSve	9769	1	1.56708842292629	2021-06-24	2021	25	175	638.126084891021	24.0
3136	Gilsåsen	4	17865	OSve	9769	6	9.40253053755776	2022-06-25	2022	25	176	638.126084891021	24.0
3136	Gilsåsen	4	17865	OSve	9769	4	6.26835369170517	2023-06-10	2023	23	161	638.126084891021	24.0
3136	Gilsåsen	4	17865	OSve	9769	8	12.5367073834103	2023-06-25	2023	25	176	638.126084891021	24.0
3136	Gilsåsen	5	17866	OSve	9770	1	2.90490607593138	2023-06-10	2023	23	161	344.245209263565	24.0
3136	Gilsåsen	6	17867	OSve	9771	1	2.84552752379889	2021-06-15	2021	24	166	351.428686468989	24.0
3136	Gilsåsen	6	17867	OSve	9771	1	2.84552752379889	2023-06-10	2023	23	161	351.428686468989	24.0
3136	Gilsåsen	6	17867	OSve	9771	1	2.84552752379889	2023-06-25	2023	25	176	351.428686468989	24.0
3136	Gilsåsen	6	17867	OSve	9771	2	5.69105504759778	2024-06-25	2024	26	177	351.428686468989	24.0
3137	Lövnäset, Frösvidal	3	17858	OSve	9774	4	6.87649764559213	2023-06-12	2023	24	163	581.691466522063	24.0
3137	Lövnäset, Frösvidal	3	17858	OSve	9774	2	3.43824882279607	2023-06-29	2023	26	180	581.691466522063	24.0
3137	Lövnäset, Frösvidal	3	17858	OSve	9774	4	6.87649764559213	2024-06-19	2024	25	171	581.691466522063	24.0
3137	Lövnäset, Frösvidal	3	17858	OSve	9774	1	1.71912441139803	2024-07-11	2024	28	193	581.691466522063	24.0
3137	Lövnäset, Frösvidal	3	17858	OSve	9774	3	5.1573732341941	2025-07-16	2025	29	197	581.691466522063	24.0
3137	Lövnäset, Frösvidal	4	17859	OSve	9775	1	2.39380684154795	2023-06-12	2023	24	163	417.744649502862	24.0
3196	Stadsnära lantgård, Lidköping	1	17380	VGotSve	4690	4	25.0103297408178	2023-06-14	2023	24	165	159.933916963592	12.0
3196	Stadsnära lantgård, Lidköping	1	17380	VGotSve	4690	3	18.7577473056134	2023-06-22	2023	25	173	159.933916963592	12.0
3226	Sötåsens naturbruksskola	2	17718	VGotSve	8698	2	7.61470540253659	2018-06-09	2018	23	160	262.649688237941	12.0
3244	Fensbol, Petteråsen	1	18019	VGotSve	11545	1	1.24044403221835	2021-06-11	2021	23	162	806.16293361632	12.0
3244	Fensbol, Petteråsen	1	18019	VGotSve	9875	1	1.24044403222026	2021-06-11	2021	23	162	806.162933615078	12.0
3244	Fensbol, Petteråsen	1	18019	VGotSve	9875	1	1.24044403222026	2024-06-23	2024	25	175	806.162933615078	12.0
3244	Fensbol, Petteråsen	1	18019	VGotSve	11545	1	1.24044403221835	2024-06-23	2024	25	175	806.16293361632	12.0
3278	Dalby fälad no 5	1	18040	SGot	9894	1	2.16683609940282	2023-06-14	2023	24	165	461.502372180157	18.0
3278	Dalby fälad no 5	1	18040	SGot	9894	1	2.16683609940282	2023-06-25	2023	25	176	461.502372180157	18.0
3285	Moen	3	18046	OGot	9900	1	6.33949213377956	2022-07-17	2022	28	198	157.741342507796	25.0
3286	Fagerhults naturreservat	1	18049	OGot	9904	1	4.87677695059991	2022-06-27	2022	26	178	205.053462590079	24.0
3575	Nybrofältet	3	18676	SGot	11131	1	5.20940789335308	2025-06-22	2025	25	173	191.960395590437	18.0
3575	Nybrofältet	5	18678	SGot	11128	1	3.29342787618883	2025-06-26	2025	26	177	303.635008141488	18.0
3575	Nybrofältet	6	18679	SGot	11133	1	3.3288907351474	2023-06-25	2023	25	176	300.400367438231	18.0
3575	Nybrofältet	6	18679	SGot	11133	1	3.3288907351474	2025-06-26	2025	26	177	300.400367438231	18.0
3617	Vårdsätra skog	3	18294	OSve	10358	2	9.91412367210523	2024-06-06	2024	23	158	201.732403805621	23.0
3765	Strömsmarkssätern	1	19152	VGotSve	10724	1	2.90188520491633	2025-07-11	2025	28	192	344.603569536732	41.0
3769	Grunneröd	4	18980	VGotSve	11108	2	7.65548918116911	2023-06-11	2023	23	162	261.250450842459	24.0
3789	Uddevik	1	19094	VGotSve	11135	2	6.10578747295551	2024-06-15	2024	24	167	327.558076473942	25.0
3789	Uddevik	1	19094	VGotSve	11135	1	3.05289373647776	2024-07-08	2024	28	190	327.558076473942	25.0
3789	Uddevik	1	19094	VGotSve	11135	2	6.10578747295551	2025-07-09	2025	28	190	327.558076473942	25.0
3789	Uddevik	5	19098	VGotSve	11139	3	9.66044266568683	2024-06-15	2024	24	167	310.544775619421	12.0
3789	Uddevik	5	19098	VGotSve	11139	1	3.22014755522894	2025-07-09	2025	28	190	310.544775619421	12.0
3789	Uddevik	7	19100	VGotSve	11134	1	1.28541941688896	2023-06-03	2023	22	154	777.956196134216	21.0
3789	Uddevik	7	19100	VGotSve	11134	3	3.85625825066689	2025-07-09	2025	28	190	777.956196134216	21.0
3893	Granbacken, Berg	1	19222	OSve	11294	2	8.79861093755498	2023-06-15	2023	24	166	227.308607482964	2.0
3893	Granbacken, Berg	1	19222	OSve	11294	1	4.39930546877749	2023-06-28	2023	26	179	227.308607482964	2.0
3893	Granbacken, Berg	1	19222	OSve	11294	1	4.39930546877749	2023-08-23	2023	34	235	227.308607482964	2.0
3893	Granbacken, Berg	2	19223	OSve	11295	1	4.35431610180459	2023-06-15	2023	24	166	229.657189928302	12.0
3893	Granbacken, Berg	2	19223	OSve	11295	1	4.35431610180459	2024-07-22	2024	30	204	229.657189928302	12.0
3893	Granbacken, Berg	4	19225	OSve	11293	1	7.2258709547488	2024-06-11	2024	24	163	138.391621752227	12.0
3894	Cronberget-Vallvägen, Berg	5	19232	OSve	11289	1	3.08538520517216	2023-06-29	2023	26	180	324.108639116976	24.0
3918	naturum Stenshuvud, fjärilsslinga	1	20063	SGot	10789	1	13.0062615690369	2025-06-24	2025	26	175	76.886044055936	18.0
3918	naturum Stenshuvud, fjärilsslinga	4	20066	SGot	10792	3	7.57069320463977	2025-06-24	2025	26	175	396.264901893187	18.0
3946	Kumlan	1	19281	SGot	11688	1	0.682196976129727	2025-07-10	2025	28	191	1465.85229045319	18.0
3950	Rinkaby skjutfält	1	19285	SGot	11692	1	0.774270049410838	2024-07-08	2024	28	190	1291.53904475696	24.0
4071	Ishult slinga	1	19902	NSveSNor	11176	1	11.4080256875555	2024-06-16	2024	24	168	87.6575866313883	24.0
4071	Ishult slinga	3	19904	NSveSNor	11178	2	36.5324424071936	2024-06-16	2024	24	168	54.7458606163759	24.0
4201	Vitemölla	1	19968	SGot	11694	2	0.174310788435525	2024-07-15	2024	29	197	11473.7591284533	12.0
4201	Vitemölla	1	19968	SGot	11694	4	0.348621576871051	2025-07-07	2025	28	188	11473.7591284533	12.0
4262	Pommerndalen	2	20117	OSve	11241	1	2.88850213510148	2025-06-30	2025	27	181	346.200194158717	2.0
4262	Pommerndalen	4	20119	OSve	11242	1	4.1733302048321	2025-06-30	2025	27	181	239.616793045072	21.0
