sit_uid	site	site_category	total_sum	lat	lon	county	datasource	clc_code	clc_name	habitat_hilda	presence	in_study_region	clc_index_extracted	hilda_code	hilda_class	clc_code_extracted	clc_name_extracted
3787	Lisselfäbod	T	12	6703904.15462051	612599.289921502	Gävleborgs län	Svensk Dagfjärilsövervakning, LU	312	Coniferous forest	Forest	1	FALSE	24	44	forest	312	Coniferous forest
3788	Bäck	T	6	6697781.78915382	612126.369989019	Gävleborgs län	Svensk Dagfjärilsövervakning, LU	211	Non-irrigated arable land	Cropland	1	FALSE	12	22	cropland	211	Non-irrigated arable land
3786	Ullanda	T	1	6695809.83097565	612010.535436566	Gävleborgs län	Svensk Dagfjärilsövervakning, LU	411	Inland marshes	Other	1	FALSE	35	44	forest	411	Inland marshes
445	Vreten	P	6	6690051.84654503	644516.99207053	Uppsala län	Svensk Dagfjärilsövervakning, LU	312	Coniferous forest	Forest	1	FALSE	24	44	forest	312	Coniferous forest
3568	Knippels	P	2	6685130.86980785	546877.683306293	Dalarnas län	Svensk Dagfjärilsövervakning, LU	211	Non-irrigated arable land	Cropland	1	FALSE	12	22	cropland	211	Non-irrigated arable land
856	Fensbol, Ektäppan	T	16	6679067.31956827	390593.752212073	Värmlands län	Biogeografisk uppföljning av fjärilar, LU	312	Coniferous forest	Forest	1	FALSE	24	44	forest	312	Coniferous forest
3244	Fensbol, Petteråsen	T	2	6678374.92717915	390289.362853416	Värmlands län	Biogeografisk uppföljning av fjärilar, LU	211	Non-irrigated arable land	Cropland	1	FALSE	12	44	forest	211	Non-irrigated arable land
899	Nedre Malsjö	P	3	6677844.06636292	512998.70102837	Dalarnas län	Svensk Dagfjärilsövervakning, LU	312	Coniferous forest	Forest	1	FALSE	24	44	forest	312	Coniferous forest
2667	Runt Gimodammen	T	16	6677551.75419402	675075.309692829	Uppsala län	Svensk Dagfjärilsövervakning, LU	411	Inland marshes	Other	1	FALSE	35	77	water	411	Inland marshes
459	Gamla Finntorpet	T	3	6676079.20890703	503549.543827945	Dalarnas län	Svensk Dagfjärilsövervakning, LU	312	Coniferous forest	Forest	1	FALSE	24	44	forest	312	Coniferous forest
169	Borsbäcken	P	13	6674506.52435176	576625.967495405	Dalarnas län	Svensk Dagfjärilsövervakning, LU	312	Coniferous forest	Forest	1	FALSE	24	44	forest	312	Coniferous forest
3718	Ritamäki	T	3	6670644.70796159	363454.021917732	Värmlands län	Biogeografisk uppföljning av fjärilar, LU	324	Transitional woodland-shrub	Unmanaged grass/shrubland	1	FALSE	29	44	forest	324	Transitional woodland-shrub
900	Hammarbacken	P	15	6669318.95226078	510703.633108846	Dalarnas län	Svensk Dagfjärilsövervakning, LU	112	Discontinuous urban fabric	Urban	1	FALSE	2	11	urban	112	Discontinuous urban fabric
2911	Styggtjärn	T	8	6668724.25025239	502767.661666387	Dalarnas län	Svensk Dagfjärilsövervakning, LU	312	Coniferous forest	Forest	1	FALSE	24	44	forest	312	Coniferous forest
458	Bangårdsområdet	P	2	6668439.45377837	510228.536469462	Dalarnas län	Svensk Dagfjärilsövervakning, LU	121	Industrial or commercial units	Urban	1	FALSE	3	11	urban	121	Industrial or commercial units
626	Högbergets gamla slalombacke	P	21	6666677.78145677	510942.799967442	Dalarnas län	Svensk Dagfjärilsövervakning, LU	141	Green urban areas	Urban	1	FALSE	10	11	urban	141	Green urban areas
2769	Karsbo	T	2	6666367.13007815	550526.835077545	Västmanlands län	Länsstyrelsen i Västmanlands län	242	Complex cultivation patterns	Cropland	1	FALSE	20	44	forest	242	Complex cultivation patterns
159	Lappugglan 9	P	1	6665881.98624012	511838.207642151	Dalarnas län	Svensk Dagfjärilsövervakning, LU	313	Mixed forest	Forest	1	FALSE	25	44	forest	313	Mixed forest
3905	Hummelsvedjans fjärilsstig 1	T	10	6660599.39993645	691454.793904177	Stockholms län	Svensk Dagfjärilsövervakning, LU	324	Transitional woodland-shrub	Unmanaged grass/shrubland	1	FALSE	29	44	forest	324	Transitional woodland-shrub
873	Ransbysätter, Kåråsen	T	2	6656065.24516762	400999.813080355	Värmlands län	Biogeografisk uppföljning av fjärilar, LU	242	Complex cultivation patterns	Cropland	1	FALSE	20	44	forest	242	Complex cultivation patterns
875	Ransbysätter, Lillängen	T	6	6655453.30396749	400817.364384048	Värmlands län	Biogeografisk uppföljning av fjärilar, LU	242	Complex cultivation patterns	Cropland	1	FALSE	20	44	forest	242	Complex cultivation patterns
3703	Kammesmakk	T	6	6655374.26295031	371962.223742889	Värmlands län	Biogeografisk uppföljning av fjärilar, LU	312	Coniferous forest	Forest	1	FALSE	24	44	forest	312	Coniferous forest
3906	Storängen, Väddö	T	2	6654793.5085896	713613.674250658	Stockholms län	Svensk Dagfjärilsövervakning, LU	243	Land principally occupied by agriculture with significant areas of natural vegetation	Cropland	1	FALSE	21	22	cropland	243	Land principally occupied by agriculture with significant areas of natural vegetation
862	Brandområdet N3	P	6	6650449.30889815	558926.528385035	Västmanlands län	Svensk Dagfjärilsövervakning, LU	334	Burnt areas	Sparse/no vegetation	1	FALSE	33	55	unmanaged grass / shrubland	334	Burnt areas
685	Smyre	T	4	6648910.37116334	399506.781432705	Värmlands län	Svensk Dagfjärilsövervakning, LU	312	Coniferous forest	Forest	1	FALSE	24	44	forest	312	Coniferous forest
687	Jordberg	P	1	6648803.70799418	399120.262805855	Värmlands län	Svensk Dagfjärilsövervakning, LU	312	Coniferous forest	Forest	1	FALSE	24	44	forest	312	Coniferous forest
686	Jordberg, östra infarten	P	6	6648763.80452173	399290.669653897	Värmlands län	Svensk Dagfjärilsövervakning, LU	312	Coniferous forest	Forest	1	FALSE	24	44	forest	312	Coniferous forest
688	Jordberg, västra infarten	P	2	6648672.3885831	398842.993822813	Värmlands län	Svensk Dagfjärilsövervakning, LU	312	Coniferous forest	Forest	1	FALSE	24	44	forest	312	Coniferous forest
636	Ivarsbjörke	T	20	6648619.47424909	398273.905658443	Värmlands län	Trafikverket	412	Peat bogs	Other	1	FALSE	36	44	forest	412	Peat bogs
689	Åsen, Sunne	P	4	6648510.9483979	397652.520495646	Värmlands län	Svensk Dagfjärilsövervakning, LU	211	Non-irrigated arable land	Cropland	1	FALSE	12	44	forest	211	Non-irrigated arable land
690	Höglunda, östra infarten	P	4	6648383.46004173	396869.443013551	Värmlands län	Svensk Dagfjärilsövervakning, LU	211	Non-irrigated arable land	Cropland	1	FALSE	12	44	forest	211	Non-irrigated arable land
3894	Cronberget-Vallvägen, Berg	T	1	6648109.27808492	570929.631420633	Västmanlands län	Svensk Dagfjärilsövervakning, LU	312	Coniferous forest	Forest	1	FALSE	24	44	forest	312	Coniferous forest
691	Höglunda, västra infarten	P	1	6648008.46061885	396855.022170055	Värmlands län	Svensk Dagfjärilsövervakning, LU	312	Coniferous forest	Forest	1	FALSE	24	44	forest	312	Coniferous forest
4094	Bergs skogar 1, Partystugan	P	3	6647927.57400292	571031.817478188	Västmanlands län	Svensk Dagfjärilsövervakning, LU	313	Mixed forest	Forest	1	FALSE	25	44	forest	313	Mixed forest
4095	Bergs skogar 2	P	1	6647684.71415818	571037.775570148	Västmanlands län	Svensk Dagfjärilsövervakning, LU	313	Mixed forest	Forest	1	FALSE	25	44	forest	313	Mixed forest
4096	Bergs skogar 3	P	3	6647408.71006642	571031.141016273	Västmanlands län	Svensk Dagfjärilsövervakning, LU	211	Non-irrigated arable land	Cropland	1	FALSE	12	44	forest	211	Non-irrigated arable land
4097	Bergs skogar 4, Soldattorpet	P	1	6647301.47461661	571091.431082805	Västmanlands län	Svensk Dagfjärilsövervakning, LU	211	Non-irrigated arable land	Cropland	1	FALSE	12	44	forest	211	Non-irrigated arable land
3893	Granbacken, Berg	T	7	6646820.19053464	571221.260037573	Västmanlands län	Svensk Dagfjärilsövervakning, LU	211	Non-irrigated arable land	Cropland	1	FALSE	12	44	forest	211	Non-irrigated arable land
3891	Kalkugnsbacken, Berg	P	9	6646768.38730701	570907.978426524	Västmanlands län	Svensk Dagfjärilsövervakning, LU	112	Discontinuous urban fabric	Urban	1	FALSE	2	44	forest	112	Discontinuous urban fabric
3890	Berg 2:12, Västerfärnebo	P	3	6646715.04044809	571206.545477295	Västmanlands län	Svensk Dagfjärilsövervakning, LU	211	Non-irrigated arable land	Cropland	1	FALSE	12	44	forest	211	Non-irrigated arable land
3698	Humsjön Nergården	T	2	6646591.70692898	375084.800338175	Värmlands län	Biogeografisk uppföljning av fjärilar, LU	312	Coniferous forest	Forest	1	FALSE	24	44	forest	312	Coniferous forest
3892	Kloberget, Islingsby	P	4	6646503.04929563	571858.947662996	Västmanlands län	Svensk Dagfjärilsövervakning, LU	211	Non-irrigated arable land	Cropland	1	FALSE	12	22	cropland	211	Non-irrigated arable land
2804	Lafallhöjden	T	17	6646096.63450701	365544.605252439	Värmlands län	Biogeografisk uppföljning av fjärilar, LU	312	Coniferous forest	Forest	1	FALSE	24	44	forest	312	Coniferous forest
903	Stråslingan	T	14	6645239.21997171	589161.716257533	Västmanlands län	Svensk Dagfjärilsövervakning, LU	243	Land principally occupied by agriculture with significant areas of natural vegetation	Cropland	1	FALSE	21	11	urban	243	Land principally occupied by agriculture with significant areas of natural vegetation
3741	Tiskaretjärn	T	11	6644594.70160262	374839.268265479	Värmlands län	Biogeografisk uppföljning av fjärilar, LU	324	Transitional woodland-shrub	Unmanaged grass/shrubland	1	FALSE	29	44	forest	324	Transitional woodland-shrub
3702	Kalvhöjden	T	2	6643690.92904047	376954.240655037	Värmlands län	Biogeografisk uppföljning av fjärilar, LU	243	Land principally occupied by agriculture with significant areas of natural vegetation	Cropland	1	FALSE	21	44	forest	243	Land principally occupied by agriculture with significant areas of natural vegetation
1094	Råby Karlberg	P	5	6643583.76202707	649421.340796848	Uppsala län	Svensk Dagfjärilsövervakning, LU	313	Mixed forest	Forest	1	FALSE	25	22	cropland	313	Mixed forest
151	Röcklinge 2:7	T	2	6642449.65280136	600959.732616286	Uppsala län	Svensk Dagfjärilsövervakning, LU	312	Coniferous forest	Forest	1	FALSE	24	44	forest	312	Coniferous forest
270	Granvik	P	4	6642256.32879981	713228.550622429	Uppsala län	Svensk Dagfjärilsövervakning, LU	211	Non-irrigated arable land	Cropland	1	FALSE	12	77	water	211	Non-irrigated arable land
234	Gruvbyhagen	P	7	6641596.95100847	588159.346239073	Västmanlands län	Svensk Dagfjärilsövervakning, LU	211	Non-irrigated arable land	Cropland	1	FALSE	12	22	cropland	211	Non-irrigated arable land
2816	Station Lunda	P	13	6639411.36902533	653593.374232067	Uppsala län	Svensk Dagfjärilsövervakning, LU	312	Coniferous forest	Forest	1	FALSE	24	22	cropland	312	Coniferous forest
486	Virsbo, Skräddartorp	P	3	6638667.78384569	561311.377163208	Västmanlands län	Svensk Dagfjärilsövervakning, LU	312	Coniferous forest	Forest	1	FALSE	24	44	forest	312	Coniferous forest
2707	Berthåga kyrkogård	T	88	6638460.45070111	644223.752555142	Uppsala län	Svensk Dagfjärilsövervakning, LU	142	Sport and leisure facilities	Urban	1	FALSE	11	22	cropland	142	Sport and leisure facilities
269	Enebba	T	2	6638062.78055516	559654.22442223	Västmanlands län	Svensk Dagfjärilsövervakning, LU	112	Discontinuous urban fabric	Urban	1	FALSE	2	11	urban	112	Discontinuous urban fabric
4280	Holmbro Norrgården 31	P	2	6637119.77160992	628048.410058764	Uppsala län	Svensk Dagfjärilsövervakning, LU	211	Non-irrigated arable land	Cropland	1	FALSE	12	44	forest	211	Non-irrigated arable land
522	Hågadalen	T	3	6636126.08434851	645387.946751673	Uppsala län	Svensk Dagfjärilsövervakning, LU	211	Non-irrigated arable land	Cropland	1	FALSE	12	11	urban	211	Non-irrigated arable land
803	Fjärilsstigen, Uppsala	T	3	6635445.10138906	643242.659694734	Uppsala län	Svensk Dagfjärilsövervakning, LU	312	Coniferous forest	Forest	1	FALSE	24	44	forest	312	Coniferous forest
2956	Kung Björns hög - Högbyhatt	T	4	6635224.02870524	644383.125704021	Uppsala län	Svensk Dagfjärilsövervakning, LU	312	Coniferous forest	Forest	1	FALSE	24	44	forest	312	Coniferous forest
958	Hågadalen Södra Norby	T	56	6635131.02333135	645941.95235627	Uppsala län	Svensk Dagfjärilsövervakning, LU	211	Non-irrigated arable land	Cropland	1	FALSE	12	22	cropland	211	Non-irrigated arable land
144	Nåsten - Fjärilsstigen	T	70	6634990.34981292	642516.339827994	Uppsala län	Svensk Dagfjärilsövervakning, LU	312	Coniferous forest	Forest	1	FALSE	24	44	forest	312	Coniferous forest
145	Syd Rävsjön, Norrtälje	T	6	6634810.38230337	697717.238257543	Stockholms län	Svensk Dagfjärilsövervakning, LU	313	Mixed forest	Forest	1	FALSE	25	44	forest	313	Mixed forest
3277	Barkspadevägen 7, Valsätra	P	1	6634042.94174687	647560.882983954	Uppsala län	Svensk Dagfjärilsövervakning, LU	112	Discontinuous urban fabric	Urban	1	FALSE	2	11	urban	112	Discontinuous urban fabric
146	Bastbolvägen 15, Husby-Långhundra, Knvista	P	6	6632263.49260931	674363.758677116	Uppsala län	Svensk Dagfjärilsövervakning, LU	112	Discontinuous urban fabric	Urban	1	FALSE	2	44	forest	112	Discontinuous urban fabric
3617	Vårdsätra skog	T	2	6631751.35375597	647311.82213123	Uppsala län	Svensk Dagfjärilsövervakning, LU	311	Broad-leaved forest	Forest	1	FALSE	23	22	cropland	311	Broad-leaved forest
148	Snäcktorp- Mellingeholm	T	13	6631073.92459143	717932.164734007	Stockholms län	Svensk Dagfjärilsövervakning, LU	112	Discontinuous urban fabric	Urban	1	FALSE	2	44	forest	112	Discontinuous urban fabric
764	Focksta kvarn	T	31	6630750.08373372	633549.775568705	Uppsala län	Biogeografisk uppföljning av fjärilar, LU	211	Non-irrigated arable land	Cropland	1	FALSE	12	22	cropland	211	Non-irrigated arable land
362	Lötaholmen	T	2	6629673.81301024	722182.725111085	Uppsala län	Svensk Dagfjärilsövervakning, LU	243	Land principally occupied by agriculture with significant areas of natural vegetation	Cropland	1	FALSE	21	44	forest	243	Land principally occupied by agriculture with significant areas of natural vegetation
363	Västra Röllingen	P	2	6629666.655747	723566.660503363	Uppsala län	Svensk Dagfjärilsövervakning, LU	243	Land principally occupied by agriculture with significant areas of natural vegetation	Cropland	1	FALSE	21	44	forest	243	Land principally occupied by agriculture with significant areas of natural vegetation
464	Lönnbromossen	P	1	6628713.37899231	566631.015617656	Västmanlands län	Svensk Dagfjärilsövervakning, LU	324	Transitional woodland-shrub	Unmanaged grass/shrubland	1	FALSE	29	22	cropland	324	Transitional woodland-shrub
153	Skogsmuren, Ramnäs	T	11	6628338.31685351	560863.229881566	Västmanlands län	Svensk Dagfjärilsövervakning, LU	312	Coniferous forest	Forest	1	FALSE	24	44	forest	312	Coniferous forest
158	Erlanderslingan	T	2	6627012.33976162	413289.178694102	Värmlands län	Svensk Dagfjärilsövervakning, LU	243	Land principally occupied by agriculture with significant areas of natural vegetation	Cropland	1	FALSE	21	22	cropland	243	Land principally occupied by agriculture with significant areas of natural vegetation
192	Stora Karsbo	T	44	6626707.02413122	522983.837821333	Örebro län	Svensk Dagfjärilsövervakning, LU	242	Complex cultivation patterns	Cropland	1	FALSE	20	44	forest	242	Complex cultivation patterns
235	Grindtorpet	P	22	6626654.40650602	661868.137615909	Uppsala län	Svensk Dagfjärilsövervakning, LU	312	Coniferous forest	Forest	1	FALSE	24	44	forest	312	Coniferous forest
357	Norrby	P	4	6626036.47835645	566823.524198873	Västmanlands län	Svensk Dagfjärilsövervakning, LU	313	Mixed forest	Forest	1	FALSE	25	22	cropland	313	Mixed forest
2834	Fågeltäppa	P	1	6625889.14543521	558817.616729703	Västmanlands län	Svensk Dagfjärilsövervakning, LU	312	Coniferous forest	Forest	1	FALSE	24	44	forest	312	Coniferous forest
150	Upnäs tomtområde	T	18	6625258.68506357	723776.270331896	Stockholms län	Svensk Dagfjärilsövervakning, LU	112	Discontinuous urban fabric	Urban	1	FALSE	2	44	forest	112	Discontinuous urban fabric
3765	Strömsmarkssätern	T	1	6625193.37668352	331049.364088004	Värmlands län	Svensk Dagfjärilsövervakning, LU	312	Coniferous forest	Forest	1	FALSE	24	44	forest	312	Coniferous forest
929	Vånsjöåsen	T	7	6624633.66839006	617458.684822484	Uppsala län	Biogeografisk uppföljning av fjärilar, LU	231	Pastures	Pasture/Rangeland	1	FALSE	18	22	cropland	231	Pastures
963	Hälle	T	8	6624619.56271603	349690.38363458	Värmlands län	Svensk Dagfjärilsövervakning, LU	312	Coniferous forest	Forest	1	FALSE	24	44	forest	312	Coniferous forest
576	Källbo	P	2	6623298.45871945	644801.141189224	Uppsala län	Svensk Dagfjärilsövervakning, LU	313	Mixed forest	Forest	1	FALSE	25	22	cropland	313	Mixed forest
884	Länsmansbärby, fjärilsrabatten	P	2	6622900.33945241	630310.942236174	Uppsala län	Svensk Dagfjärilsövervakning, LU	211	Non-irrigated arable land	Cropland	1	FALSE	12	44	forest	211	Non-irrigated arable land
250	Sångkärrsbacken	P	4	6622236.33694497	562528.962532221	Västmanlands län	Svensk Dagfjärilsövervakning, LU	312	Coniferous forest	Forest	1	FALSE	24	44	forest	312	Coniferous forest
2773	Skogsbro	T	1	6622103.0573162	596717.396699385	Västmanlands län	Länsstyrelsen i Västmanlands län	312	Coniferous forest	Forest	1	FALSE	24	44	forest	312	Coniferous forest
249	Norrgården	P	1	6621891.81064824	562066.284723962	Västmanlands län	Svensk Dagfjärilsövervakning, LU	211	Non-irrigated arable land	Cropland	1	FALSE	12	44	forest	211	Non-irrigated arable land
2771	Lindmuren	T	1	6621738.71542161	569703.977157033	Västmanlands län	Länsstyrelsen i Västmanlands län	312	Coniferous forest	Forest	1	FALSE	24	44	forest	312	Coniferous forest
463	Läkärret	P	5	6621129.11477906	561579.697947686	Västmanlands län	Svensk Dagfjärilsövervakning, LU	312	Coniferous forest	Forest	1	FALSE	24	44	forest	312	Coniferous forest
3633	Tuna växthus, Östersta bro	T	1	6621020.08578621	632560.328784922	Uppsala län	Biogeografisk uppföljning av fjärilar, LU	211	Non-irrigated arable land	Cropland	1	FALSE	12	22	cropland	211	Non-irrigated arable land
928	Finsta	T	3	6620800.4911607	629299.68849005	Uppsala län	Biogeografisk uppföljning av fjärilar, LU	211	Non-irrigated arable land	Cropland	1	FALSE	12	44	forest	211	Non-irrigated arable land
3631	Lilla Bärby depå	T	2	6620707.08170861	633623.911602895	Uppsala län	Länsstyrelsen i Västmanlands län	211	Non-irrigated arable land	Cropland	1	FALSE	12	22	cropland	211	Non-irrigated arable land
927	Tuna backe	T	4	6620105.06784918	631473.681363625	Uppsala län	Biogeografisk uppföljning av fjärilar, LU	231	Pastures	Pasture/Rangeland	1	FALSE	18	22	cropland	231	Pastures
763	Dumdals ängar	T	17	6619855.97716021	633765.228835743	Uppsala län	Biogeografisk uppföljning av fjärilar, LU	211	Non-irrigated arable land	Cropland	1	FALSE	12	22	cropland	211	Non-irrigated arable land
221	Sulvik Lunden	P	34	6619101.17220623	354353.091358038	Värmlands län	Svensk Dagfjärilsövervakning, LU	112	Discontinuous urban fabric	Urban	1	FALSE	2	44	forest	112	Discontinuous urban fabric
2688	Stora Källmora norra	P	1	6618672.08933654	558557.443918892	Västmanlands län	Svensk Dagfjärilsövervakning, LU	312	Coniferous forest	Forest	1	FALSE	24	22	cropland	312	Coniferous forest
2689	Stora Källmora södra	P	1	6618671.07763025	558556.456504515	Västmanlands län	Svensk Dagfjärilsövervakning, LU	211	Non-irrigated arable land	Cropland	1	FALSE	12	22	cropland	211	Non-irrigated arable land
765	Hjälstavikens NR	T	27	6618083.57139843	634359.649325882	Uppsala län	Biogeografisk uppföljning av fjärilar, LU	231	Pastures	Pasture/Rangeland	1	FALSE	18	22	cropland	231	Pastures
2799	Edeby naturreservat	T	1	6617504.15386762	414893.103604438	Värmlands län	Biogeografisk uppföljning av fjärilar, LU	313	Mixed forest	Forest	1	FALSE	25	22	cropland	313	Mixed forest
1082	Biskops-Arnö	T	11	6616906.22641432	640564.690818762	Uppsala län	Svensk Dagfjärilsövervakning, LU	211	Non-irrigated arable land	Cropland	1	FALSE	12	22	cropland	211	Non-irrigated arable land
853	Torsked	T	9	6616846.96615139	422667.611808834	Värmlands län	Biogeografisk uppföljning av fjärilar, LU	243	Land principally occupied by agriculture with significant areas of natural vegetation	Cropland	1	FALSE	21	44	forest	243	Land principally occupied by agriculture with significant areas of natural vegetation
915	Knutserud	T	2	6616771.81749814	407188.523794245	Värmlands län	Biogeografisk uppföljning av fjärilar, LU	243	Land principally occupied by agriculture with significant areas of natural vegetation	Cropland	1	FALSE	21	44	forest	243	Land principally occupied by agriculture with significant areas of natural vegetation
349	Furnäs	P	10	6616750.71366051	559138.626284461	Västmanlands län	Svensk Dagfjärilsövervakning, LU	313	Mixed forest	Forest	1	FALSE	25	44	forest	313	Mixed forest
917	Mickelstorp	T	12	6616411.77771887	405855.516121432	Värmlands län	Biogeografisk uppföljning av fjärilar, LU	313	Mixed forest	Forest	1	FALSE	25	44	forest	313	Mixed forest
916	Råbäcksängen	T	2	6616271.18940187	406213.060075232	Värmlands län	Biogeografisk uppföljning av fjärilar, LU	312	Coniferous forest	Forest	1	FALSE	24	44	forest	312	Coniferous forest
852	Lyckan, skogsäng	T	2	6616196.88831394	419346.993416709	Värmlands län	Biogeografisk uppföljning av fjärilar, LU	312	Coniferous forest	Forest	1	FALSE	24	44	forest	312	Coniferous forest
2802	Bergs klätt	T	21	6615854.0149373	357490.9571893	Värmlands län	Biogeografisk uppföljning av fjärilar, LU	211	Non-irrigated arable land	Cropland	1	FALSE	12	44	forest	211	Non-irrigated arable land
854	Torsberget	T	1	6614852.33039146	418922.527227198	Värmlands län	Biogeografisk uppföljning av fjärilar, LU	312	Coniferous forest	Forest	1	FALSE	24	44	forest	312	Coniferous forest
4263	Östmarken	T	15	6613604.17531495	391630.334941106	Värmlands län	Svensk Dagfjärilsövervakning, LU	312	Coniferous forest	Forest	1	FALSE	24	44	forest	312	Coniferous forest
2805	Genbäcken	T	12	6613433.20849464	419271.619016137	Värmlands län	Biogeografisk uppföljning av fjärilar, LU	312	Coniferous forest	Forest	1	FALSE	24	44	forest	312	Coniferous forest
420	Västra Ringstad, slinga 2	T	12	6609950.68708184	394244.488475666	Värmlands län	Svensk Dagfjärilsövervakning, LU	211	Non-irrigated arable land	Cropland	1	FALSE	12	44	forest	211	Non-irrigated arable land
313	Västra Ringstad	T	17	6609804.34883338	394540.126033552	Värmlands län	Svensk Dagfjärilsövervakning, LU	313	Mixed forest	Forest	1	FALSE	25	44	forest	313	Mixed forest
859	Fjällsviken NO	T	3	6608685.93868782	385244.181174317	Värmlands län	Biogeografisk uppföljning av fjärilar, LU	312	Coniferous forest	Forest	1	FALSE	24	44	forest	312	Coniferous forest
2801	Prästgårdsön, Pannkakan	T	2	6608004.5379006	415888.099757385	Värmlands län	Biogeografisk uppföljning av fjärilar, LU	324	Transitional woodland-shrub	Unmanaged grass/shrubland	1	FALSE	29	44	forest	324	Transitional woodland-shrub
569	L. Harsjön	T	340	6606333.95520393	688465.784322554	Stockholms län	Svensk Dagfjärilsövervakning, LU	313	Mixed forest	Forest	1	FALSE	25	44	forest	313	Mixed forest
352	Bäcktorpet, Torphyttan	P	6	6605876.50862744	511252.956869162	Örebro län	Svensk Dagfjärilsövervakning, LU	211	Non-irrigated arable land	Cropland	1	FALSE	12	22	cropland	211	Non-irrigated arable land
2836	Oppgårda	T	3	6604697.87106451	579209.391622513	Västmanlands län	Biogeografisk uppföljning av fjärilar, LU	243	Land principally occupied by agriculture with significant areas of natural vegetation	Cropland	1	FALSE	21	22	cropland	243	Land principally occupied by agriculture with significant areas of natural vegetation
351	Trädgård Urby	P	1	6603118.33166714	585062.0079972	Västmanlands län	Svensk Dagfjärilsövervakning, LU	112	Discontinuous urban fabric	Urban	1	FALSE	2	11	urban	112	Discontinuous urban fabric
2768	Kocktorp 2, Ängsö	T	5	6601844.93068236	606178.165430919	Västmanlands län	Svensk Dagfjärilsövervakning, LU	324	Transitional woodland-shrub	Unmanaged grass/shrubland	1	FALSE	29	22	cropland	324	Transitional woodland-shrub
236	Dyuddens sydspets	P	2	6601532.08585609	594318.875781121	Västmanlands län	Svensk Dagfjärilsövervakning, LU	312	Coniferous forest	Forest	1	FALSE	24	44	forest	312	Coniferous forest
317	Kocktorp, Ängsö	T	12	6601451.28900424	606199.937364614	Västmanlands län	Svensk Dagfjärilsövervakning, LU	211	Non-irrigated arable land	Cropland	1	FALSE	12	22	cropland	211	Non-irrigated arable land
2774	Askö Sandtorpet	T	3	6600008.9803003	583647.114692454	Västmanlands län	Länsstyrelsen i Västmanlands län	231	Pastures	Pasture/Rangeland	1	FALSE	18	22	cropland	231	Pastures
254	Sandtorpet, Askö	P	3	6599695.22538764	583742.896397079	Södermanlands län	Svensk Dagfjärilsövervakning, LU	243	Land principally occupied by agriculture with significant areas of natural vegetation	Cropland	1	FALSE	21	22	cropland	243	Land principally occupied by agriculture with significant areas of natural vegetation
2753	Sörbyfallet Grythyttan	P	6	6597422.8795286	479227.188488277	Örebro län	Svensk Dagfjärilsövervakning, LU	312	Coniferous forest	Forest	1	FALSE	24	44	forest	312	Coniferous forest
3789	Uddevik	T	13	6596981.93319017	426964.988296604	Värmlands län	Svensk Dagfjärilsövervakning, LU	312	Coniferous forest	Forest	1	FALSE	24	44	forest	312	Coniferous forest
918	Alstrumsängen	T	15	6596483.23336165	419884.181167982	Värmlands län	Biogeografisk uppföljning av fjärilar, LU	231	Pastures	Pasture/Rangeland	1	FALSE	18	44	forest	231	Pastures
1090	Timmerkajen	P	2	6595652.72568883	558384.995811562	Västmanlands län	Svensk Dagfjärilsövervakning, LU	211	Non-irrigated arable land	Cropland	1	FALSE	12	11	urban	211	Non-irrigated arable land
701	Ubbyslingan	T	5	6594919.51891155	683015.127064086	Stockholms län	Svensk Dagfjärilsövervakning, LU	211	Non-irrigated arable land	Cropland	1	FALSE	12	44	forest	211	Non-irrigated arable land
428	Viggbyholm	P	10	6594385.06803884	676787.583462579	Stockholms län	Svensk Dagfjärilsövervakning, LU	112	Discontinuous urban fabric	Urban	1	FALSE	2	11	urban	112	Discontinuous urban fabric
4262	Pommerndalen	T	2	6593090.26867472	665160.221214938	Stockholms län	Svensk Dagfjärilsövervakning, LU	312	Coniferous forest	Forest	1	FALSE	24	44	forest	312	Coniferous forest
154	Hemdalsvägen	T	6	6593020.36970151	521760.387942324	Örebro län	Svensk Dagfjärilsövervakning, LU	324	Transitional woodland-shrub	Unmanaged grass/shrubland	1	FALSE	29	44	forest	324	Transitional woodland-shrub
3883	Soldattorpet Wärnersborg	P	3	6592748.65238441	604738.856493374	Södermanlands län	Svensk Dagfjärilsövervakning, LU	313	Mixed forest	Forest	1	FALSE	25	44	forest	313	Mixed forest
3295	Torpa Egebo	P	1	6592549.25137959	510439.949841939	Örebro län	Svensk Dagfjärilsövervakning, LU	312	Coniferous forest	Forest	1	FALSE	24	22	cropland	312	Coniferous forest
3193	Fotbollsplanen, Brunnsåker	P	4	6592020.70952703	610667.276239169	Södermanlands län	Svensk Dagfjärilsövervakning, LU	312	Coniferous forest	Forest	1	FALSE	24	44	forest	312	Coniferous forest
679	Ekelund-Bogesund	T	2	6591572.0645249	681615.93858571	Stockholms län	Svensk Dagfjärilsövervakning, LU	312	Coniferous forest	Forest	1	FALSE	24	44	forest	312	Coniferous forest
919	Almarskogen	T	4	6591455.91670711	415055.345658723	Värmlands län	Biogeografisk uppföljning av fjärilar, LU	312	Coniferous forest	Forest	1	FALSE	24	44	forest	312	Coniferous forest
390	Broknäs slinga 1, Bogesund	T	44	6590486.02132816	685227.556755474	Stockholms län	Svensk Dagfjärilsövervakning, LU	312	Coniferous forest	Forest	1	FALSE	24	44	forest	312	Coniferous forest
427	Björnbråtarna	T	2	6590188.8762743	369245.658134512	Värmlands län	Svensk Dagfjärilsövervakning, LU	312	Coniferous forest	Forest	1	FALSE	24	44	forest	312	Coniferous forest
924	Alkvetterns skjutbana	T	4	6590105.57120792	466517.876055877	Värmlands län	Biogeografisk uppföljning av fjärilar, LU	313	Mixed forest	Forest	1	FALSE	25	44	forest	313	Mixed forest
911	N om Kyrksten	T	41	6589403.05782994	465132.94287345	Värmlands län	Biogeografisk uppföljning av fjärilar, LU	211	Non-irrigated arable land	Cropland	1	FALSE	12	44	forest	211	Non-irrigated arable land
2803	Gårdsviksmossen	T	1	6589139.48226155	378238.892267068	Värmlands län	Biogeografisk uppföljning av fjärilar, LU	211	Non-irrigated arable land	Cropland	1	FALSE	12	44	forest	211	Non-irrigated arable land
931	O om Kyrksten	T	1	6588954.31820083	466047.020773771	Värmlands län	Biogeografisk uppföljning av fjärilar, LU	211	Non-irrigated arable land	Cropland	1	FALSE	12	22	cropland	211	Non-irrigated arable land
976	Igelbäcken naturreservat	T	17	6587500.98693882	668522.410269374	Stockholms län	Svensk Dagfjärilsövervakning, LU	231	Pastures	Pasture/Rangeland	1	FALSE	18	44	forest	231	Pastures
932	Bygget	T	2	6586683.55482632	461537.34680671	Värmlands län	Biogeografisk uppföljning av fjärilar, LU	211	Non-irrigated arable land	Cropland	1	FALSE	12	44	forest	211	Non-irrigated arable land
2819	Åsa gravfält	T	1	6585535.80467154	624248.808444164	Södermanlands län	Biogeografisk uppföljning av fjärilar, LU	211	Non-irrigated arable land	Cropland	1	FALSE	12	22	cropland	211	Non-irrigated arable land
974	Begravningsplats Sundbyberg	P	4	6585477.62264897	667969.026389924	Stockholms län	Svensk Dagfjärilsövervakning, LU	141	Green urban areas	Urban	1	FALSE	10	11	urban	141	Green urban areas
726	Årby ängar	T	2	6585040.82602275	586278.919382686	Södermanlands län	Svensk Dagfjärilsövervakning, LU	312	Coniferous forest	Forest	1	FALSE	24	22	cropland	312	Coniferous forest
923	N om Dalåsen	T	15	6583105.32709232	461069.900606905	Värmlands län	Biogeografisk uppföljning av fjärilar, LU	211	Non-irrigated arable land	Cropland	1	FALSE	12	44	forest	211	Non-irrigated arable land
922	Dalåsen, Bondhagen	T	5	6582804.91971584	461356.425564974	Värmlands län	Biogeografisk uppföljning av fjärilar, LU	211	Non-irrigated arable land	Cropland	1	FALSE	12	44	forest	211	Non-irrigated arable land
2890	Simängsvägen	T	1	6582335.37462177	517504.329256932	Örebro län	Svensk Dagfjärilsövervakning, LU	312	Coniferous forest	Forest	1	FALSE	24	44	forest	312	Coniferous forest
439	Johannelunds koloniträdgårdar	P	6	6581895.05091068	669605.158777292	Stockholms län	Svensk Dagfjärilsövervakning, LU	112	Discontinuous urban fabric	Urban	1	FALSE	2	11	urban	112	Discontinuous urban fabric
536	Listrehagen	P	35	6581872.86944441	516624.23079875	Örebro län	Svensk Dagfjärilsövervakning, LU	242	Complex cultivation patterns	Cropland	1	FALSE	20	44	forest	242	Complex cultivation patterns
593	Listregården	P	7	6581819.97297645	516713.841172224	Örebro län	Svensk Dagfjärilsövervakning, LU	312	Coniferous forest	Forest	1	FALSE	24	44	forest	312	Coniferous forest
3137	Lövnäset, Frösvidal	T	15	6581232.60627629	498258.414606896	Örebro län	Svensk Dagfjärilsövervakning, LU	312	Coniferous forest	Forest	1	FALSE	24	44	forest	312	Coniferous forest
535	Stormossen-Listrevägen	T	43	6580901.49423341	516566.017617954	Örebro län	Svensk Dagfjärilsövervakning, LU	211	Non-irrigated arable land	Cropland	1	FALSE	12	44	forest	211	Non-irrigated arable land
330	Ransäter Arboga	T	21	6580047.29385149	553348.628361826	Västmanlands län	Svensk Dagfjärilsövervakning, LU	312	Coniferous forest	Forest	1	FALSE	24	44	forest	312	Coniferous forest
218	Alviken	P	4	6579498.86316609	652713.175525507	Stockholms län	Svensk Dagfjärilsövervakning, LU	112	Discontinuous urban fabric	Urban	1	FALSE	2	77	water	112	Discontinuous urban fabric
638	Hult	T	4	6576942.50588885	375431.134388445	Värmlands län	Trafikverket	312	Coniferous forest	Forest	1	FALSE	24	44	forest	312	Coniferous forest
367	Utterbäcksvägen 9	P	22	6576735.94218384	476763.883420969	Värmlands län	Svensk Dagfjärilsövervakning, LU	112	Discontinuous urban fabric	Urban	1	FALSE	2	44	forest	112	Discontinuous urban fabric
3961	Lekatorp	P	8	6576615.18139576	515759.203024512	Örebro län	Svensk Dagfjärilsövervakning, LU	313	Mixed forest	Forest	1	FALSE	25	44	forest	313	Mixed forest
256	Liseberg	T	1	6575966.03792807	672247.527415587	Stockholms län	Svensk Dagfjärilsövervakning, LU	112	Discontinuous urban fabric	Urban	1	FALSE	2	11	urban	112	Discontinuous urban fabric
3136	Gilsåsen	T	31	6575808.33782405	490393.97765745	Örebro län	Svensk Dagfjärilsövervakning, LU	312	Coniferous forest	Forest	1	FALSE	24	44	forest	312	Coniferous forest
140	Nackareservatet	T	5	6574100.21354608	679918.888081152	Stockholms län	Svensk Dagfjärilsövervakning, LU	312	Coniferous forest	Forest	1	FALSE	24	44	forest	312	Coniferous forest
457	Höje Furulund	T	10	6573850.99611732	451154.036494626	Värmlands län	Svensk Dagfjärilsövervakning, LU	324	Transitional woodland-shrub	Unmanaged grass/shrubland	1	FALSE	29	44	forest	324	Transitional woodland-shrub
255	Wij, Lindhagen	T	23	6572987.22188169	558373.624179012	Södermanlands län	Svensk Dagfjärilsövervakning, LU	313	Mixed forest	Forest	1	FALSE	25	44	forest	313	Mixed forest
2750	Eriksborg	P	20	6572807.61286762	508334.860006113	Örebro län	Svensk Dagfjärilsövervakning, LU	211	Non-irrigated arable land	Cropland	1	FALSE	12	22	cropland	211	Non-irrigated arable land
141	Lillängen	T	4	6568441.14591035	670087.963653341	Stockholms län	Svensk Dagfjärilsövervakning, LU	231	Pastures	Pasture/Rangeland	1	FALSE	18	44	forest	231	Pastures
800	Ässkogstorp	P	2	6566659.36869776	515328.843488441	Örebro län	Svensk Dagfjärilsövervakning, LU	242	Complex cultivation patterns	Cropland	1	FALSE	20	44	forest	242	Complex cultivation patterns
138	Almsjöslingan 2	T	1	6563336.82295999	634847.282730261	Stockholms län	Svensk Dagfjärilsövervakning, LU	312	Coniferous forest	Forest	1	FALSE	24	44	forest	312	Coniferous forest
139	Eldarevägen 21	P	2	6562488.3475088	638266.843463937	Stockholms län	Svensk Dagfjärilsövervakning, LU	112	Discontinuous urban fabric	Urban	1	FALSE	2	44	forest	112	Discontinuous urban fabric
678	Källsbäck, Södra Ny	T	9	6559332.4693279	394875.798648013	Värmlands län	Svensk Dagfjärilsövervakning, LU	312	Coniferous forest	Forest	1	FALSE	24	44	forest	312	Coniferous forest
2712	Derbol	T	2	6556141.23835591	539017.245155311	Örebro län	Svensk Dagfjärilsövervakning, LU	243	Land principally occupied by agriculture with significant areas of natural vegetation	Cropland	1	FALSE	21	77	water	243	Land principally occupied by agriculture with significant areas of natural vegetation
2711	Böneruds fornåkrar	T	2	6555548.28638879	536523.199551561	Örebro län	Svensk Dagfjärilsövervakning, LU	324	Transitional woodland-shrub	Unmanaged grass/shrubland	1	FALSE	29	44	forest	324	Transitional woodland-shrub
620	Rosendalen	T	23	6554592.60292838	378899.891364145	Värmlands län	Svensk Dagfjärilsövervakning, LU	211	Non-irrigated arable land	Cropland	1	FALSE	12	44	forest	211	Non-irrigated arable land
1003	Årsta havsbad	T	43	6554183.74440515	681361.549909886	Stockholms län	Svensk Dagfjärilsövervakning, LU	312	Coniferous forest	Forest	1	FALSE	24	44	forest	312	Coniferous forest
2806	Inre Kilsviken	T	2	6553748.91764345	447562.687964534	Värmlands län	Biogeografisk uppföljning av fjärilar, LU	211	Non-irrigated arable land	Cropland	1	FALSE	12	22	cropland	211	Non-irrigated arable land
143	Tumstocksfabriken/Mellösaverken	T	2	6551543.4949546	590411.107420863	Södermanlands län	Svensk Dagfjärilsövervakning, LU	112	Discontinuous urban fabric	Urban	1	FALSE	2	44	forest	112	Discontinuous urban fabric
214	Tomtahagar	T	9	6545302.12916535	503357.123890084	Örebro län	Svensk Dagfjärilsövervakning, LU	312	Coniferous forest	Forest	1	FALSE	24	44	forest	312	Coniferous forest
2809	Nolby, Herberts ängar	T	13	6545238.80673757	451564.823186391	Västra Götalands län	Biogeografisk uppföljning av fjärilar, LU	211	Non-irrigated arable land	Cropland	1	FALSE	12	44	forest	211	Non-irrigated arable land
4274	Römossen	T	4	6543684.10548608	504467.263371925	Örebro län	Svensk Dagfjärilsövervakning, LU	312	Coniferous forest	Forest	1	FALSE	24	44	forest	312	Coniferous forest
2648	Loppängarna, Muskö	T	2	6542902.97424501	679083.141559514	Stockholms län	Svensk Dagfjärilsövervakning, LU	211	Non-irrigated arable land	Cropland	1	FALSE	12	44	forest	211	Non-irrigated arable land
215	Tripphult	T	10	6542503.61454586	500580.898449021	Örebro län	Svensk Dagfjärilsövervakning, LU	312	Coniferous forest	Forest	1	FALSE	24	44	forest	312	Coniferous forest
426	Lövåsen, Billingsfors	T	2	6542000.20734939	341086.640511706	Västra Götalands län	Svensk Dagfjärilsövervakning, LU	312	Coniferous forest	Forest	1	FALSE	24	44	forest	312	Coniferous forest
303	Höglunda, Hacksjön	P	2	6539318.44754649	620564.46947289	Södermanlands län	Svensk Dagfjärilsövervakning, LU	243	Land principally occupied by agriculture with significant areas of natural vegetation	Cropland	1	FALSE	21	44	forest	243	Land principally occupied by agriculture with significant areas of natural vegetation
2807	Råglanda	T	5	6537847.38413231	445723.485019863	Västra Götalands län	Biogeografisk uppföljning av fjärilar, LU	211	Non-irrigated arable land	Cropland	1	FALSE	12	44	forest	211	Non-irrigated arable land
203	St Vika kalkstensbrott	T	22	6537722.31242831	661057.653721425	Södermanlands län	Svensk Dagfjärilsövervakning, LU	312	Coniferous forest	Forest	1	FALSE	24	44	forest	312	Coniferous forest
3735	Stora Vika B	T	1	6537665.0993445	660873.376468838	Södermanlands län	Biogeografisk uppföljning av fjärilar, LU	312	Coniferous forest	Forest	1	FALSE	24	44	forest	312	Coniferous forest
2813	SV om Älvstorp	T	3	6537337.78908496	446319.383268594	Västra Götalands län	Biogeografisk uppföljning av fjärilar, LU	211	Non-irrigated arable land	Cropland	1	FALSE	12	44	forest	211	Non-irrigated arable land
364	Axsjöfallet S	T	2	6534760.2910951	506127.354901358	Örebro län	Svensk Dagfjärilsövervakning, LU	312	Coniferous forest	Forest	1	FALSE	24	44	forest	312	Coniferous forest
365	Axsjöfallet P	P	3	6534522.62084643	506893.951489515	Örebro län	Svensk Dagfjärilsövervakning, LU	312	Coniferous forest	Forest	1	FALSE	24	44	forest	312	Coniferous forest
321	Stensund	P	2	6531064.57959654	650448.882875999	Södermanlands län	Svensk Dagfjärilsövervakning, LU	211	Non-irrigated arable land	Cropland	1	FALSE	12	44	forest	211	Non-irrigated arable land
1095	Naverstads-Amunderöd	P	2	6528306.73103807	298738.8503851	Västra Götalands län	Svensk Dagfjärilsövervakning, LU	243	Land principally occupied by agriculture with significant areas of natural vegetation	Cropland	1	FALSE	21	44	forest	243	Land principally occupied by agriculture with significant areas of natural vegetation
1009	Boåsen 7563	T	1	6524814.75494448	449115.22744861903	Västra Götalands län	Länsstyrelsen i Västra Götalands län	211	Non-irrigated arable land	Cropland	1	FALSE	12	22	cropland	211	Non-irrigated arable land
1007	Boåsen 6378	T	1	6524767.49220518	449257.737504544	Västra Götalands län	Länsstyrelsen i Västra Götalands län	211	Non-irrigated arable land	Cropland	1	FALSE	12	22	cropland	211	Non-irrigated arable land
217	Kullängsstugan	P	1	6524734.55687429	488179.738204677	Örebro län	Svensk Dagfjärilsövervakning, LU	211	Non-irrigated arable land	Cropland	1	FALSE	12	44	forest	211	Non-irrigated arable land
1008	Boåsen 6603	T	1	6524693.60571203	449513.521146455	Västra Götalands län	Länsstyrelsen i Västra Götalands län	211	Non-irrigated arable land	Cropland	1	FALSE	12	44	forest	211	Non-irrigated arable land
132	Åsnatorp, Närke	T	5	6524147.89155961	486031.612242612	Örebro län	Svensk Dagfjärilsövervakning, LU	243	Land principally occupied by agriculture with significant areas of natural vegetation	Cropland	1	FALSE	21	44	forest	243	Land principally occupied by agriculture with significant areas of natural vegetation
258	Åskärr	P	1	6524067.35083641	456856.033581479	Västra Götalands län	Svensk Dagfjärilsövervakning, LU	312	Coniferous forest	Forest	1	FALSE	24	44	forest	312	Coniferous forest
322	Norra Askö	P	2	6523694.68359189	652168.385656987	Södermanlands län	Svensk Dagfjärilsövervakning, LU	312	Coniferous forest	Forest	1	FALSE	24	44	forest	312	Coniferous forest
453	Viksberget	P	5	6523434.29280799	641507.572511135	Södermanlands län	Svensk Dagfjärilsövervakning, LU	312	Coniferous forest	Forest	1	FALSE	24	44	forest	312	Coniferous forest
3745	Viksnäs	T	1	6522899.1098186	643060.713402081	Södermanlands län	Biogeografisk uppföljning av fjärilar, LU	312	Coniferous forest	Forest	1	FALSE	24	44	forest	312	Coniferous forest
757	Ryr	T	1	6520860.40326869	354175.717790374	Västra Götalands län	Svensk Dagfjärilsövervakning, LU	312	Coniferous forest	Forest	1	FALSE	24	44	forest	312	Coniferous forest
2764	Logen, Olshammar	P	1	6515188.47676973	487793.864312635	Örebro län	Svensk Dagfjärilsövervakning, LU	311	Broad-leaved forest	Forest	1	FALSE	23	44	forest	311	Broad-leaved forest
326	Järbo Berg 6	P	1	6513223.30162578	330171.714178311	Västra Götalands län	Svensk Dagfjärilsövervakning, LU	211	Non-irrigated arable land	Cropland	1	FALSE	12	22	cropland	211	Non-irrigated arable land
3128	Olshammar Ängatorp	T	1	6511736.01587693	487814.415649049	Örebro län	Svensk Dagfjärilsövervakning, LU	312	Coniferous forest	Forest	1	FALSE	24	44	forest	312	Coniferous forest
3226	Sötåsens naturbruksskola	T	2	6504873.42154947	449724.076205868	Västra Götalands län	Svensk Dagfjärilsövervakning, LU	312	Coniferous forest	Forest	1	FALSE	24	44	forest	312	Coniferous forest
1098	Medevi	T	6	6504298.91237061	497219.422926074	Östergötlands län	Svensk Dagfjärilsövervakning, LU	313	Mixed forest	Forest	1	FALSE	25	55	unmanaged grass / shrubland	313	Mixed forest
905	Skeppsvik	T	28	6499523.53538246	605776.123114422	Södermanlands län	Svensk Dagfjärilsövervakning, LU	112	Discontinuous urban fabric	Urban	1	FALSE	2	44	forest	112	Discontinuous urban fabric
630	Bölets ängar	T	2	6497368.98363105	471972.291141499	Västra Götalands län	Svensk Dagfjärilsövervakning, LU	313	Mixed forest	Forest	1	FALSE	25	44	forest	313	Mixed forest
613	Österplana vall	T	24	6492658.25936984	406841.935257793	Västra Götalands län	Svensk Dagfjärilsövervakning, LU	231	Pastures	Pasture/Rangeland	1	FALSE	18	22	cropland	231	Pastures
2758	Soldatängen Motala	T	2	6491709.63321639	503974.307523033	Östergötlands län	Svensk Dagfjärilsövervakning, LU	311	Broad-leaved forest	Forest	1	FALSE	23	44	forest	311	Broad-leaved forest
2780	Kårtorp, Norrköping	P	5	6489764.26718709	570168.614936388	Östergötlands län	Svensk Dagfjärilsövervakning, LU	112	Discontinuous urban fabric	Urban	1	FALSE	2	11	urban	112	Discontinuous urban fabric
2683	Sundsbron Lelångebanan	T	35	6489189.68027748	324848.864468882	Västra Götalands län	Svensk Dagfjärilsövervakning, LU	312	Coniferous forest	Forest	1	FALSE	24	44	forest	312	Coniferous forest
950	Postgården 2, Timmersdala	P	2	6488749.24543451	427667.401916807	Västra Götalands län	Svensk Dagfjärilsövervakning, LU	313	Mixed forest	Forest	1	FALSE	25	44	forest	313	Mixed forest
3196	Stadsnära lantgård, Lidköping	T	7	6486052.81569435	389811.430766084	Västra Götalands län	Svensk Dagfjärilsövervakning, LU	211	Non-irrigated arable land	Cropland	1	FALSE	12	11	urban	211	Non-irrigated arable land
2740	Svensvik, Åbyfjorden	T	1	6477526.38669582	289546.574323284	Västra Götalands län	Svensk Dagfjärilsövervakning, LU	333	Sparsely vegetated areas	Sparse/no vegetation	1	FALSE	32	55	unmanaged grass / shrubland	333	Sparsely vegetated areas
126	Gullmarsberg 511	P	4	6475330.43204459	303350.706917024	Västra Götalands län	Svensk Dagfjärilsövervakning, LU	311	Broad-leaved forest	Forest	1	FALSE	23	44	forest	311	Broad-leaved forest
879	Norrhagen, 300 m V	T	2	6473424.00090877	557087.450829535	Östergötlands län	Svensk Dagfjärilsövervakning, LU	211	Non-irrigated arable land	Cropland	1	FALSE	12	22	cropland	211	Non-irrigated arable land
332	Mötesplats virkesupplag Hunneberg	P	4	6468548.7782541	354570.43619408	Västra Götalands län	Svensk Dagfjärilsövervakning, LU	312	Coniferous forest	Forest	1	FALSE	24	44	forest	312	Coniferous forest
331	Kalkvägen Ö Jonstorpsmossen Ringvägen Hunneberg	P	8	6467007.92255942	354430.987486635	Västra Götalands län	Svensk Dagfjärilsövervakning, LU	312	Coniferous forest	Forest	1	FALSE	24	44	forest	312	Coniferous forest
2708	Utsiktsgatan 5, Lysekil	P	1	6464676.46749528	290823.010302608	Västra Götalands län	Svensk Dagfjärilsövervakning, LU	112	Discontinuous urban fabric	Urban	1	FALSE	2	11	urban	112	Discontinuous urban fabric
327	Jordbron, Skövde Skjutfält	T	101	6463547.22004337	435075.482349942	Västra Götalands län	Svensk Dagfjärilsövervakning, LU	312	Coniferous forest	Forest	1	FALSE	24	22	cropland	312	Coniferous forest
2778	Västra ringvägen, norra delen	P	4	6463462.79473131	433284.278186564	Västra Götalands län	Svensk Dagfjärilsövervakning, LU	312	Coniferous forest	Forest	1	FALSE	24	44	forest	312	Coniferous forest
722	Syntorp 1:17	P	1	6461197.21087168	588534.249053439	Östergötlands län	Svensk Dagfjärilsövervakning, LU	211	Non-irrigated arable land	Cropland	1	FALSE	12	44	forest	211	Non-irrigated arable land
897	KBs väg	T	12	6460687.13772454	347827.283808657	Västra Götalands län	Svensk Dagfjärilsövervakning, LU	211	Non-irrigated arable land	Cropland	1	FALSE	12	22	cropland	211	Non-irrigated arable land
1057	Åsabacken	T	1	6460451.16761455	423270.812565547	Västra Götalands län	Länsstyrelsen i Västra Götalands län	211	Non-irrigated arable land	Cropland	1	FALSE	12	22	cropland	211	Non-irrigated arable land
124	Öventorp, Kvarnängen	T	6	6456379.6818279	345425.189950277	Västra Götalands län	Svensk Dagfjärilsövervakning, LU	211	Non-irrigated arable land	Cropland	1	FALSE	12	22	cropland	211	Non-irrigated arable land
128	Morkullen, Kåröd, Stillingsön, Orust	P	8	6455173.51646584	313801.337954659	Västra Götalands län	Svensk Dagfjärilsövervakning, LU	311	Broad-leaved forest	Forest	1	FALSE	23	44	forest	311	Broad-leaved forest
206	Pelarbo punkt	P	16	6452648.6605842	486851.916888619	Östergötlands län	Svensk Dagfjärilsövervakning, LU	312	Coniferous forest	Forest	1	FALSE	24	44	forest	312	Coniferous forest
2859	Pelarbo slinga	T	5	6452407.01135334	487040.737578474	Östergötlands län	Svensk Dagfjärilsövervakning, LU	312	Coniferous forest	Forest	1	FALSE	24	44	forest	312	Coniferous forest
207	Månsabola	T	4	6452073.85827717	485095.459782294	Östergötlands län	Svensk Dagfjärilsövervakning, LU	243	Land principally occupied by agriculture with significant areas of natural vegetation	Cropland	1	FALSE	21	44	forest	243	Land principally occupied by agriculture with significant areas of natural vegetation
123	Nyckleby Övergård 3	T	36	6450209.97621479	341161.39547024	Västra Götalands län	Svensk Dagfjärilsövervakning, LU	211	Non-irrigated arable land	Cropland	1	FALSE	12	22	cropland	211	Non-irrigated arable land
2684	Svenshögen	P	1	6448198.8549185	320342.107086557	Västra Götalands län	Svensk Dagfjärilsövervakning, LU	312	Coniferous forest	Forest	1	FALSE	24	44	forest	312	Coniferous forest
311	Surklev	P	1	6446971.32019273	544420.050554979	Östergötlands län	Svensk Dagfjärilsövervakning, LU	313	Mixed forest	Forest	1	FALSE	25	44	forest	313	Mixed forest
3563	Hallsta Mellankvarn	T	3	6444767.22117853	538249.34454364	Östergötlands län	Svensk Dagfjärilsövervakning, LU	243	Land principally occupied by agriculture with significant areas of natural vegetation	Cropland	1	FALSE	21	44	forest	243	Land principally occupied by agriculture with significant areas of natural vegetation
3749	Ödesängen	T	2	6441244.72361765	600359.982333108	Östergötlands län	Biogeografisk uppföljning av fjärilar, LU	211	Non-irrigated arable land	Cropland	1	FALSE	12	44	forest	211	Non-irrigated arable land
199	Berghamra	P	10	6441081.88000278	547409.542472064	Östergötlands län	Svensk Dagfjärilsövervakning, LU	243	Land principally occupied by agriculture with significant areas of natural vegetation	Cropland	1	FALSE	21	44	forest	243	Land principally occupied by agriculture with significant areas of natural vegetation
319	Kättilstad Berghamra	T	2	6440827.01203887	546995.715853981	Östergötlands län	Svensk Dagfjärilsövervakning, LU	312	Coniferous forest	Forest	1	FALSE	24	44	forest	312	Coniferous forest
755	Söderö skola 600 m SO	P	2	6438400.08960813	552463.056598013	Östergötlands län	Svensk Dagfjärilsövervakning, LU	312	Coniferous forest	Forest	1	FALSE	24	44	forest	312	Coniferous forest
198	Hultsjö 1-8, Gränna	P	6	6436846.62674985	476474.861883721	Kronobergs län	Svensk Dagfjärilsövervakning, LU	311	Broad-leaved forest	Forest	1	FALSE	23	44	forest	311	Broad-leaved forest
3769	Grunneröd	T	2	6436164.92473493	330310.44280691	Västra Götalands län	Svensk Dagfjärilsövervakning, LU	312	Coniferous forest	Forest	1	FALSE	24	44	forest	312	Coniferous forest
412	Remmene skjutfält	T	28	6435447.10651083	379898.6705111	Västra Götalands län	Svensk Dagfjärilsövervakning, LU	322	Moors and heathland	Unmanaged grass/shrubland	1	FALSE	27	22	cropland	322	Moors and heathland
441	Åsenslingan	T	18	6435269.84109918	556465.259995461	Östergötlands län	Svensk Dagfjärilsövervakning, LU	231	Pastures	Pasture/Rangeland	1	FALSE	18	44	forest	231	Pastures
758	Stenbacken, Vistorp	T	2	6431898.43181561	422632.661108242	Västra Götalands län	Trafikverket	243	Land principally occupied by agriculture with significant areas of natural vegetation	Cropland	1	FALSE	21	22	cropland	243	Land principally occupied by agriculture with significant areas of natural vegetation
61	Svalsjö	T	39	6430712.86714821	525032.578622796	Östergötlands län	Svensk Dagfjärilsövervakning, LU	312	Coniferous forest	Forest	1	FALSE	24	44	forest	312	Coniferous forest
799	Fårö, St. Hoburga	T	2	6430365.33982655	748416.48122826	Gotlands län	Svensk Dagfjärilsövervakning, LU	333	Sparsely vegetated areas	Sparse/no vegetation	1	FALSE	32	22	cropland	333	Sparsely vegetated areas
888	Båstorp, Ale	T	2	6430257.09754863	330215.113840743	Västra Götalands län	Svensk Dagfjärilsövervakning, LU	243	Land principally occupied by agriculture with significant areas of natural vegetation	Cropland	1	FALSE	21	44	forest	243	Land principally occupied by agriculture with significant areas of natural vegetation
845	Ranebo	T	1	6430084.05228753	319993.97630151	Västra Götalands län	Trafikverket	312	Coniferous forest	Forest	1	FALSE	24	44	forest	312	Coniferous forest
3737	Sundby	T	2	6427849.83130321	595151.272386541	Kalmar län	Biogeografisk uppföljning av fjärilar, LU	312	Coniferous forest	Forest	1	FALSE	24	44	forest	312	Coniferous forest
113	Grostädeviken	T	1	6426534.02103942	731111.648068844	Gotlands län	Svensk Dagfjärilsövervakning, LU	231	Pastures	Pasture/Rangeland	1	FALSE	18	44	forest	231	Pastures
3694	Hellerö gård	T	4	6426432.04669819	596563.84143669	Kalmar län	Biogeografisk uppföljning av fjärilar, LU	312	Coniferous forest	Forest	1	FALSE	24	44	forest	312	Coniferous forest
572	Ahrs Fiskeläge	T	4	6425909.81343113	733853.851932599	Gotlands län	Svensk Dagfjärilsövervakning, LU	331	Beaches - dunes - sands	Sparse/no vegetation	1	FALSE	30	55	unmanaged grass / shrubland	331	Beaches - dunes - sands
3708	Löckås	T	4	6425806.74388381	598787.752287536	Kalmar län	Biogeografisk uppföljning av fjärilar, LU	243	Land principally occupied by agriculture with significant areas of natural vegetation	Cropland	1	FALSE	21	44	forest	243	Land principally occupied by agriculture with significant areas of natural vegetation
518	Blomsholm	T	47	6425228.98200515	414468.045765525	Västra Götalands län	Svensk Dagfjärilsövervakning, LU	312	Coniferous forest	Forest	1	FALSE	24	44	forest	312	Coniferous forest
3675	Averum	T	1	6424594.60728883	601097.650383159	Kalmar län	Biogeografisk uppföljning av fjärilar, LU	312	Coniferous forest	Forest	1	FALSE	24	44	forest	312	Coniferous forest
3711	Mistekärr B	T	1	6422960.42184378	601300.100198308	Kalmar län	Biogeografisk uppföljning av fjärilar, LU	243	Land principally occupied by agriculture with significant areas of natural vegetation	Cropland	1	FALSE	21	44	forest	243	Land principally occupied by agriculture with significant areas of natural vegetation
3721	Råsdal	T	1	6422642.01858606	603774.299004497	Kalmar län	Biogeografisk uppföljning av fjärilar, LU	312	Coniferous forest	Forest	1	FALSE	24	44	forest	312	Coniferous forest
3567	Odensvi Rutsbo	T	2	6422376.51363958	562068.539623359	Kalmar län	Svensk Dagfjärilsövervakning, LU	313	Mixed forest	Forest	1	FALSE	25	44	forest	313	Mixed forest
847	Linneberg, Tidersrum	P	2	6422221.48486906	528702.715289216	Östergötlands län	Svensk Dagfjärilsövervakning, LU	231	Pastures	Pasture/Rangeland	1	FALSE	18	44	forest	231	Pastures
3696	Hulöhamn A	T	1	6420693.23876407	605933.029538046	Kalmar län	Biogeografisk uppföljning av fjärilar, LU	312	Coniferous forest	Forest	1	FALSE	24	44	forest	312	Coniferous forest
293	Boarp, Vireda	T	11	6420524.23172158	477165.478495991	Jönköpings län	Svensk Dagfjärilsövervakning, LU	211	Non-irrigated arable land	Cropland	1	FALSE	12	44	forest	211	Non-irrigated arable land
411	Längs Nordre älv, Kungälv	T	2	6417590.06987724	319730.344115623	Västra Götalands län	Svensk Dagfjärilsövervakning, LU	211	Non-irrigated arable land	Cropland	1	TRUE	12	22	cropland	211	Non-irrigated arable land
592	Bjärkefall, Hästhagen	P	1	6416854.77717776	531094.943750322	Östergötlands län	Svensk Dagfjärilsövervakning, LU	312	Coniferous forest	Forest	1	TRUE	24	44	forest	312	Coniferous forest
756	Bjärkefall slinga	T	10	6416854.77717776	531094.943750322	Östergötlands län	Svensk Dagfjärilsövervakning, LU	312	Coniferous forest	Forest	1	TRUE	24	44	forest	312	Coniferous forest
446	Sandliden, Bohus	T	23	6415839.61748226	323881.860977379	Västra Götalands län	Svensk Dagfjärilsövervakning, LU	312	Coniferous forest	Forest	1	TRUE	24	44	forest	312	Coniferous forest
107	Hällen, Angelbos	T	18	6413241.37892996	724664.847891691	Gotlands län	Svensk Dagfjärilsövervakning, LU	312	Coniferous forest	Forest	1	FALSE	24	44	forest	312	Coniferous forest
1036	Långsered A	T	1	6412461.40830869	415266.005620799	Västra Götalands län	Länsstyrelsen i Västra Götalands län	243	Land principally occupied by agriculture with significant areas of natural vegetation	Cropland	1	TRUE	21	44	forest	243	Land principally occupied by agriculture with significant areas of natural vegetation
1037	Långsered B	T	1	6412431.73721133	415376.308401286	Västra Götalands län	Länsstyrelsen i Västra Götalands län	243	Land principally occupied by agriculture with significant areas of natural vegetation	Cropland	1	TRUE	21	44	forest	243	Land principally occupied by agriculture with significant areas of natural vegetation
193	Gripenbergsgatan, Norrängen	P	3	6407938.05822642	456933.66998059	Jönköpings län	Svensk Dagfjärilsövervakning, LU	311	Broad-leaved forest	Forest	1	TRUE	23	44	forest	311	Broad-leaved forest
253	Sjögården	P	1	6407788.98677949	396506.590297965	Västra Götalands län	Svensk Dagfjärilsövervakning, LU	311	Broad-leaved forest	Forest	1	TRUE	23	22	cropland	311	Broad-leaved forest
3183	Rönnåsen	P	1	6405371.91308044	408990.434553229	Västra Götalands län	Svensk Dagfjärilsövervakning, LU	311	Broad-leaved forest	Forest	1	TRUE	23	44	forest	311	Broad-leaved forest
111	Slite motionsslinga	T	49	6402116.5126366	725843.293614082	Gotlands län	Svensk Dagfjärilsövervakning, LU	112	Discontinuous urban fabric	Urban	1	FALSE	2	11	urban	112	Discontinuous urban fabric
624	Ersdalens naturreservat	P	2	6400112.52004008	298616.189035638	Västra Götalands län	Svensk Dagfjärilsövervakning, LU	333	Sparsely vegetated areas	Sparse/no vegetation	1	TRUE	32	55	unmanaged grass / shrubland	333	Sparsely vegetated areas
3184	Nolskogen	P	3	6399983.43408408	411760.324800995	Västra Götalands län	Svensk Dagfjärilsövervakning, LU	312	Coniferous forest	Forest	1	TRUE	24	44	forest	312	Coniferous forest
770	Kristiansfält-Osdal Borås	T	1	6397385.507829	375299.08286391	Västra Götalands län	Trafikverket	231	Pastures	Pasture/Rangeland	1	TRUE	18	44	forest	231	Pastures
846	Österås, N Byasjön	P	2	6397323.44312112	518347.881003396	Östergötlands län	Svensk Dagfjärilsövervakning, LU	242	Complex cultivation patterns	Cropland	1	TRUE	20	44	forest	242	Complex cultivation patterns
3304	Betesvallen Barkeryd	P	2	6397066.34450895	475902.506709054	Jönköpings län	Svensk Dagfjärilsövervakning, LU	312	Coniferous forest	Forest	1	TRUE	24	44	forest	312	Coniferous forest
3898	Åhsbergska hagen, Visby	P	2	6396209.19806477	698209.754903509	Gotlands län	Svensk Dagfjärilsövervakning, LU	312	Coniferous forest	Forest	1	FALSE	24	77	water	312	Coniferous forest
571	Risatorpet	P	7	6393919.47165014	495307.57528253	Jönköpings län	Svensk Dagfjärilsövervakning, LU	312	Coniferous forest	Forest	1	TRUE	24	44	forest	312	Coniferous forest
307	Tjelderstrand	P	4	6392615.90881573	724706.496238684	Gotlands län	Svensk Dagfjärilsövervakning, LU	312	Coniferous forest	Forest	1	FALSE	24	0	ocean / no data	312	Coniferous forest
48	Blomstervägen 23	P	3	6390355.24356323	696720.59839017	Gotlands län	Svensk Dagfjärilsövervakning, LU	112	Discontinuous urban fabric	Urban	1	FALSE	2	44	forest	112	Discontinuous urban fabric
185	Visby Kungsladugårdshällarna	T	1	6390286.45626321	694467.715044178	Gotlands län	Svensk Dagfjärilsövervakning, LU	231	Pastures	Pasture/Rangeland	1	FALSE	18	55	unmanaged grass / shrubland	231	Pastures
395	Alvered 1:14	P	2	6390220.85850262	322170.173468638	Västra Götalands län	Svensk Dagfjärilsövervakning, LU	142	Sport and leisure facilities	Urban	1	TRUE	11	44	forest	142	Sport and leisure facilities
114	Gotlands Veteranbilsmuseum	P	1	6389719.08053536	694177.502214431	Gotlands län	Svensk Dagfjärilsövervakning, LU	112	Discontinuous urban fabric	Urban	1	FALSE	2	11	urban	112	Discontinuous urban fabric
792	Sinnerum	P	4	6382058.55082643	587511.597147657	Kalmar län	Svensk Dagfjärilsövervakning, LU	243	Land principally occupied by agriculture with significant areas of natural vegetation	Cropland	1	TRUE	21	44	forest	243	Land principally occupied by agriculture with significant areas of natural vegetation
708	Nasumemyr, Tofta skjutfält	T	3	6381743.73621631	688084.1574405	Gotlands län	Svensk Dagfjärilsövervakning, LU	412	Peat bogs	Other	1	FALSE	36	55	unmanaged grass / shrubland	412	Peat bogs
526	Bådagården	T	1	6380656.11980441	333503.539245507	Hallands län	Svensk Dagfjärilsövervakning, LU	312	Coniferous forest	Forest	1	TRUE	24	44	forest	312	Coniferous forest
4060	Rönnstigen 15	P	4	6376034.93082724	688537.917221094	Gotlands län	Svensk Dagfjärilsövervakning, LU	312	Coniferous forest	Forest	1	FALSE	24	44	forest	312	Coniferous forest
32	Gamla Mörtforsvägen	T	5	6374558.72244457	589130.264321542	Kalmar län	Svensk Dagfjärilsövervakning, LU	312	Coniferous forest	Forest	1	TRUE	24	44	forest	312	Coniferous forest
4070	Ishult Ängsbacka punkt	P	6	6371123.91392455	576013.532335989	Kalmar län	Svensk Dagfjärilsövervakning, LU	312	Coniferous forest	Forest	1	TRUE	24	44	forest	312	Coniferous forest
4071	Ishult slinga	T	3	6371113.68631472	576162.612926081	Kalmar län	Svensk Dagfjärilsövervakning, LU	312	Coniferous forest	Forest	1	TRUE	24	44	forest	312	Coniferous forest
773	Backgården- Bäckaholm, Revesjö	T	2	6370132.84161785	383501.008744955	Västra Götalands län	Trafikverket	312	Coniferous forest	Forest	1	TRUE	24	44	forest	312	Coniferous forest
704	Granstorp	P	2	6367967.22284731	518578.684373896	Jönköpings län	Svensk Dagfjärilsövervakning, LU	312	Coniferous forest	Forest	1	TRUE	24	44	forest	312	Coniferous forest
174	Buttlegårde 130	P	4	6367875.60598966	709985.053820434	Gotlands län	Svensk Dagfjärilsövervakning, LU	243	Land principally occupied by agriculture with significant areas of natural vegetation	Cropland	1	FALSE	21	44	forest	243	Land principally occupied by agriculture with significant areas of natural vegetation
173	Buttle Kalkbrott	P	5	6367562.87679094	709667.8017248	Gotlands län	Svensk Dagfjärilsövervakning, LU	243	Land principally occupied by agriculture with significant areas of natural vegetation	Cropland	1	FALSE	21	44	forest	243	Land principally occupied by agriculture with significant areas of natural vegetation
51	Bildstenar, Ängegård Buttle	T	2	6366883.55168567	710560.761253366	Gotlands län	Svensk Dagfjärilsövervakning, LU	243	Land principally occupied by agriculture with significant areas of natural vegetation	Cropland	1	FALSE	21	22	cropland	243	Land principally occupied by agriculture with significant areas of natural vegetation
274	Fjäle ängar	T	4	6366578.54509692	717551.612931377	Gotlands län	Svensk Dagfjärilsövervakning, LU	312	Coniferous forest	Forest	1	FALSE	24	44	forest	312	Coniferous forest
767	Grustäkt Holsljunga	P	1	6366442.26860993	376220.517495268	Västra Götalands län	Svensk Dagfjärilsövervakning, LU	312	Coniferous forest	Forest	1	TRUE	24	44	forest	312	Coniferous forest
768	Skjutbana Holsljunga	P	2	6366297.39160775	375803.450679665	Västra Götalands län	Svensk Dagfjärilsövervakning, LU	312	Coniferous forest	Forest	1	TRUE	24	44	forest	312	Coniferous forest
200	Tyrvalds 105	P	1	6366015.01726744	696601.774297468	Gotlands län	Svensk Dagfjärilsövervakning, LU	312	Coniferous forest	Forest	1	FALSE	24	22	cropland	312	Coniferous forest
766	Bredgården Holsljunga	P	1	6365803.02450981	377857.270724695	Västra Götalands län	Svensk Dagfjärilsövervakning, LU	211	Non-irrigated arable land	Cropland	1	TRUE	12	44	forest	211	Non-irrigated arable land
3560	Skogslund, Rödja	T	1	6365672.22607488	487412.15577056	Jönköpings län	Svensk Dagfjärilsövervakning, LU	312	Coniferous forest	Forest	1	TRUE	24	44	forest	312	Coniferous forest
3627	Smalspåret, Sävsjö	T	4	6362835.31985194	481175.199700748	Jönköpings län	Svensk Dagfjärilsövervakning, LU	312	Coniferous forest	Forest	1	TRUE	24	44	forest	312	Coniferous forest
44	Ljugarns föräldrakooperativ Bikupan	P	2	6361022.54916353	722729.996651553	Gotlands län	Svensk Dagfjärilsövervakning, LU	112	Discontinuous urban fabric	Urban	1	FALSE	2	44	forest	112	Discontinuous urban fabric
368	Karintorp	P	10	6360201.89271996	524651.743629477	Jönköpings län	Svensk Dagfjärilsövervakning, LU	312	Coniferous forest	Forest	1	TRUE	24	44	forest	312	Coniferous forest
110	Nymans Fröjel - slinga	T	13	6359584.75266785	691448.735552738	Gotlands län	Svensk Dagfjärilsövervakning, LU	243	Land principally occupied by agriculture with significant areas of natural vegetation	Cropland	1	FALSE	21	22	cropland	243	Land principally occupied by agriculture with significant areas of natural vegetation
56	Mallgårds Klint	T	3	6357784.6016961	698416.157507787	Gotlands län	Svensk Dagfjärilsövervakning, LU	312	Coniferous forest	Forest	1	FALSE	24	44	forest	312	Coniferous forest
57	Russparkens vinterhage	T	10	6357439.83544775	700793.943593631	Gotlands län	Svensk Dagfjärilsövervakning, LU	312	Coniferous forest	Forest	1	FALSE	24	44	forest	312	Coniferous forest
961	Fröjel, Frejs väg	T	4	6356630.55115858	690722.859703966	Gotlands län	Svensk Dagfjärilsövervakning, LU	312	Coniferous forest	Forest	1	FALSE	24	0	ocean / no data	312	Coniferous forest
2676	Lairu	P	4	6352985.71008601	717275.83640736	Gotlands län	Svensk Dagfjärilsövervakning, LU	211	Non-irrigated arable land	Cropland	1	FALSE	12	22	cropland	211	Non-irrigated arable land
50	När Graunänge	P	4	6351692.22841361	720261.854460438	Gotlands län	Svensk Dagfjärilsövervakning, LU	211	Non-irrigated arable land	Cropland	1	FALSE	12	22	cropland	211	Non-irrigated arable land
2638	Toratorpet Mjöbäck	P	1	6351671.07862464	371433.206731068	Västra Götalands län	Svensk Dagfjärilsövervakning, LU	243	Land principally occupied by agriculture with significant areas of natural vegetation	Cropland	1	TRUE	21	44	forest	243	Land principally occupied by agriculture with significant areas of natural vegetation
3115	Norrskog	T	12	6351257.20327428	496570.642046297	Jönköpings län	Svensk Dagfjärilsövervakning, LU	312	Coniferous forest	Forest	1	TRUE	24	44	forest	312	Coniferous forest
55	Kodings 2:1	P	1	6348132.04262334	704596.773002611	Gotlands län	Svensk Dagfjärilsövervakning, LU	211	Non-irrigated arable land	Cropland	1	FALSE	12	22	cropland	211	Non-irrigated arable land
45	Rone Domerarve	T	5	6346564.48356012	710106.693046148	Gotlands län	Svensk Dagfjärilsövervakning, LU	211	Non-irrigated arable land	Cropland	1	FALSE	12	22	cropland	211	Non-irrigated arable land
219	Domerarve punkt	P	1	6346345.00762496	710233.27781764	Gotlands län	Svensk Dagfjärilsövervakning, LU	211	Non-irrigated arable land	Cropland	1	FALSE	12	22	cropland	211	Non-irrigated arable land
3929	Dödevi strandängar	T	56	6340886.15075546	625020.919531599	Kalmar län	Biogeografisk uppföljning av fjärilar, LU	231	Pastures	Pasture/Rangeland	1	TRUE	18	22	cropland	231	Pastures
3936	Syd Gåsekärr	T	2	6338255.70826097	616905.831554346	Kalmar län	Biogeografisk uppföljning av fjärilar, LU	324	Transitional woodland-shrub	Unmanaged grass/shrubland	1	TRUE	29	55	unmanaged grass / shrubland	324	Transitional woodland-shrub
524	Gamla grustaget, Norrhult	P	6	6331946.83837268	511159.943979935	Kronobergs län	Svensk Dagfjärilsövervakning, LU	312	Coniferous forest	Forest	1	TRUE	24	44	forest	312	Coniferous forest
3766	Prästakullens koloniområde	P	3	6331217.4514901	335405.897743276	Hallands län	Svensk Dagfjärilsövervakning, LU	243	Land principally occupied by agriculture with significant areas of natural vegetation	Cropland	1	TRUE	21	22	cropland	243	Land principally occupied by agriculture with significant areas of natural vegetation
618	Gullaskruv	P	2	6303619.40977678	541236.358963365	Kalmar län	Svensk Dagfjärilsövervakning, LU	112	Discontinuous urban fabric	Urban	1	TRUE	2	44	forest	112	Discontinuous urban fabric
4284	Skede ås	T	6	6301239.59356051	607790.043188313	Kalmar län	Biogeografisk uppföljning av fjärilar, LU	231	Pastures	Pasture/Rangeland	1	TRUE	18	22	cropland	231	Pastures
3938	Skede ås södra	T	68	6300561.97094882	607469.105369874	Kalmar län	Biogeografisk uppföljning av fjärilar, LU	231	Pastures	Pasture/Rangeland	1	TRUE	18	22	cropland	231	Pastures
485	Stibbetorp 106	P	2	6300396.46112722	540390.61785374	Kalmar län	Svensk Dagfjärilsövervakning, LU	312	Coniferous forest	Forest	1	TRUE	24	44	forest	312	Coniferous forest
354	Slättingebygd	P	1	6300364.38753101	559814.062239899	Kalmar län	Svensk Dagfjärilsövervakning, LU	243	Land principally occupied by agriculture with significant areas of natural vegetation	Cropland	1	TRUE	21	44	forest	243	Land principally occupied by agriculture with significant areas of natural vegetation
575	Sörby Tall	P	2	6298598.45557517	605688.666625364	Kalmar län	Svensk Dagfjärilsövervakning, LU	243	Land principally occupied by agriculture with significant areas of natural vegetation	Cropland	1	TRUE	21	44	forest	243	Land principally occupied by agriculture with significant areas of natural vegetation
4245	Fjärilsslingan Karum	T	3	6295311.09814544	600922.545342565	Kalmar län	Svensk Dagfjärilsövervakning, LU	311	Broad-leaved forest	Forest	1	TRUE	23	22	cropland	311	Broad-leaved forest
37	Lammakulla Mellangård	T	143	6289876.47019509	451608.484145214	Kronobergs län	Svensk Dagfjärilsövervakning, LU	231	Pastures	Pasture/Rangeland	1	TRUE	18	44	forest	231	Pastures
3286	Fagerhults naturreservat	T	1	6289661.95456203	453510.20442196	Kronobergs län	Svensk Dagfjärilsövervakning, LU	311	Broad-leaved forest	Forest	1	TRUE	23	44	forest	311	Broad-leaved forest
2885	Dyestad	T	9	6287309.54786221	600794.789530164	Kalmar län	Svensk Dagfjärilsövervakning, LU	311	Broad-leaved forest	Forest	1	TRUE	23	44	forest	311	Broad-leaved forest
3285	Moen	T	1	6286910.24422371	455559.738118169	Kronobergs län	Svensk Dagfjärilsövervakning, LU	312	Coniferous forest	Forest	1	TRUE	24	44	forest	312	Coniferous forest
480	Vapnö	T	3	6285217.36519115	367503.366550428	Hallands län	Svensk Dagfjärilsövervakning, LU	131	Mineral extraction sites	Urban	1	TRUE	7	22	cropland	131	Mineral extraction sites
973	Rosenborg	T	5	6282616.76128566	599270.381674842	Kalmar län	Svensk Dagfjärilsövervakning, LU	311	Broad-leaved forest	Forest	1	TRUE	23	44	forest	311	Broad-leaved forest
38	Strandvägen	P	1	6279833.47121457	590514.320369383	Kalmar län	Svensk Dagfjärilsövervakning, LU	112	Discontinuous urban fabric	Urban	1	TRUE	2	0	ocean / no data	112	Discontinuous urban fabric
100	Dörby Malm	P	15	6277365.96627765	600623.802353297	Kalmar län	Svensk Dagfjärilsövervakning, LU	211	Non-irrigated arable land	Cropland	1	TRUE	12	22	cropland	211	Non-irrigated arable land
178	Djäknabygd, Stenbrohult socken	T	44	6274455.16372452	450514.400623052	Kronobergs län	Svensk Dagfjärilsövervakning, LU	312	Coniferous forest	Forest	1	TRUE	24	44	forest	312	Coniferous forest
2880	Stora Frö	P	1	6269989.59238152	586989.942135891	Kalmar län	Svensk Dagfjärilsövervakning, LU	211	Non-irrigated arable land	Cropland	1	TRUE	12	22	cropland	211	Non-irrigated arable land
2908	Kleva strand	T	4	6267636.07816905	585701.926178237	Kalmar län	Svensk Dagfjärilsövervakning, LU	211	Non-irrigated arable land	Cropland	1	TRUE	12	77	water	211	Non-irrigated arable land
3928	Bjärby-Parteby alvar	T	4	6256381.94070109	590296.842026131	Kalmar län	Biogeografisk uppföljning av fjärilar, LU	333	Sparsely vegetated areas	Sparse/no vegetation	1	TRUE	32	44	forest	333	Sparsely vegetated areas
240	Ulvered	T	4	6251804.64312344	384347.364389978	Hallands län	Svensk Dagfjärilsövervakning, LU	312	Coniferous forest	Forest	1	TRUE	24	44	forest	312	Coniferous forest
498	Segerstad södra	T	1	6246980.10325686	595479.773742016	Kalmar län	Svensk Dagfjärilsövervakning, LU	211	Non-irrigated arable land	Cropland	1	TRUE	12	22	cropland	211	Non-irrigated arable land
76	Linjevägen pkt 13 - slinga	T	4	6245227.63834264	496757.020750042	Blekinge län	Svensk Dagfjärilsövervakning, LU	312	Coniferous forest	Forest	1	TRUE	24	44	forest	312	Coniferous forest
81	Bårabygd tåtelhörnet	P	2	6239433.28490756	504227.16613795	Blekinge län	Svensk Dagfjärilsövervakning, LU	312	Coniferous forest	Forest	1	TRUE	24	44	forest	312	Coniferous forest
78	Bårabygd kfukslok	P	1	6239427.86067149	504703.057313592	Blekinge län	Svensk Dagfjärilsövervakning, LU	312	Coniferous forest	Forest	1	TRUE	24	44	forest	312	Coniferous forest
79	Bårabygd klyvningen	P	17	6239397.81023408	504612.442070767	Blekinge län	Svensk Dagfjärilsövervakning, LU	312	Coniferous forest	Forest	1	TRUE	24	44	forest	312	Coniferous forest
77	Bårabygd altanen	P	4	6239381.96345688	504539.654024813	Blekinge län	Svensk Dagfjärilsövervakning, LU	312	Coniferous forest	Forest	1	TRUE	24	44	forest	312	Coniferous forest
80	Bårabygd ängen	P	7	6239356.63656837	504510.961049748	Blekinge län	Svensk Dagfjärilsövervakning, LU	312	Coniferous forest	Forest	1	TRUE	24	44	forest	312	Coniferous forest
300	Lilla Silpinge - slinga	T	2	6238029.20360752	511605.968556935	Blekinge län	Svensk Dagfjärilsövervakning, LU	211	Non-irrigated arable land	Cropland	1	TRUE	12	44	forest	211	Non-irrigated arable land
3271	Västerviks gård	P	1	6234879.78054584	463641.211430119	Skåne län	Svensk Dagfjärilsövervakning, LU	311	Broad-leaved forest	Forest	1	TRUE	23	44	forest	311	Broad-leaved forest
387	Klören	T	3	6232319.14507665	363644.565886053	Skåne län	Svensk Dagfjärilsövervakning, LU	312	Coniferous forest	Forest	1	TRUE	24	44	forest	312	Coniferous forest
19	Vankiva skola	T	1	6229406.01386371	422621.236525137	Skåne län	Svensk Dagfjärilsövervakning, LU	211	Non-irrigated arable land	Cropland	1	TRUE	12	22	cropland	211	Non-irrigated arable land
634	Äppleskogen	P	2	6224593.95536616	361992.878972442	Skåne län	Svensk Dagfjärilsövervakning, LU	112	Discontinuous urban fabric	Urban	1	TRUE	2	22	cropland	112	Discontinuous urban fabric
1102	Ignaberga flygplats slinga 1	T	1	6221631.69221138	430495.573310389	Skåne län	Länsstyrelsen i Malmö län	211	Non-irrigated arable land	Cropland	1	TRUE	12	44	forest	211	Non-irrigated arable land
422	Barum 2:12	P	2	6220487.46890921	459428.340873895	Skåne län	Svensk Dagfjärilsövervakning, LU	311	Broad-leaved forest	Forest	1	TRUE	23	44	forest	311	Broad-leaved forest
603	Horsakärr	T	11	6218033.36199086	390891.579191414	Skåne län	Svensk Dagfjärilsövervakning, LU	311	Broad-leaved forest	Forest	1	TRUE	23	44	forest	311	Broad-leaved forest
550	Kjugekull slinga	T	1	6214751.86482757	460284.015525738	Skåne län	Länsstyrelsen i Malmö län	311	Broad-leaved forest	Forest	1	TRUE	23	22	cropland	311	Broad-leaved forest
549	Kjugekull transekter	T	2	6214606.91140408	460539.602464482	Skåne län	Länsstyrelsen i Malmö län	311	Broad-leaved forest	Forest	1	TRUE	23	22	cropland	311	Broad-leaved forest
659	Näsby fält - Norra transekter	T	12	6213999.4591586	445927.923400027	Skåne län	Länsstyrelsen i Malmö län	311	Broad-leaved forest	Forest	1	TRUE	23	55	unmanaged grass / shrubland	311	Broad-leaved forest
660	Näsby fält - Norra slinga	T	10	6213999.4591586	445927.923400027	Skåne län	Länsstyrelsen i Malmö län	311	Broad-leaved forest	Forest	1	TRUE	23	55	unmanaged grass / shrubland	311	Broad-leaved forest
661	Näsby fält - Södra transekter	T	2	6212811.6267727	446668.478296003	Skåne län	Länsstyrelsen i Malmö län	231	Pastures	Pasture/Rangeland	1	TRUE	18	22	cropland	231	Pastures
662	Näsby fält - Södra slinga	T	16	6212022.95871833	446153.914393944	Skåne län	Länsstyrelsen i Malmö län	142	Sport and leisure facilities	Urban	1	TRUE	11	22	cropland	142	Sport and leisure facilities
202	Kungsborg	T	17	6210508.47693838	439634.464303345	Skåne län	Svensk Dagfjärilsövervakning, LU	131	Mineral extraction sites	Urban	1	TRUE	7	22	cropland	131	Mineral extraction sites
835	Tosteberga ängar transekter	T	1	6207628.71862732	466269.730122957	Skåne län	Länsstyrelsen i Malmö län	231	Pastures	Pasture/Rangeland	1	TRUE	18	0	ocean / no data	231	Pastures
663	Norra Mosslunda transekter	T	12	6203587.85732458	443431.58733855	Skåne län	Länsstyrelsen i Malmö län	231	Pastures	Pasture/Rangeland	1	TRUE	18	55	unmanaged grass / shrubland	231	Pastures
664	Norra Mosslunda slinga	T	18	6203587.85732458	443431.58733855	Skåne län	Länsstyrelsen i Malmö län	231	Pastures	Pasture/Rangeland	1	TRUE	18	55	unmanaged grass / shrubland	231	Pastures
887	Rugerup	T	11	6202905.73172926	400209.656125095	Skåne län	Svensk Dagfjärilsövervakning, LU	211	Non-irrigated arable land	Cropland	1	TRUE	12	44	forest	211	Non-irrigated arable land
3950	Rinkaby skjutfält	T	1	6202141.24282574	457465.435476975	Skåne län	Biogeografisk uppföljning av fjärilar, LU	231	Pastures	Pasture/Rangeland	1	TRUE	18	44	forest	231	Pastures
635	Holma ängar	P	3	6202027.95534468	409960.162411423	Skåne län	Svensk Dagfjärilsövervakning, LU	231	Pastures	Pasture/Rangeland	1	TRUE	18	11	urban	231	Pastures
74	Snogehall	T	1	6201322.56108703	407926.372836163	Skåne län	Svensk Dagfjärilsövervakning, LU	211	Non-irrigated arable land	Cropland	1	TRUE	12	22	cropland	211	Non-irrigated arable land
2743	Östra Sandar, Rinkaby skjutfält	T	13	6200997.61197645	457455.782628933	Skåne län	Svensk Dagfjärilsövervakning, LU	312	Coniferous forest	Forest	1	TRUE	24	44	forest	312	Coniferous forest
565	Södra Rörum N transekter	T	2	6198985.00392723	419953.931924631	Skåne län	Länsstyrelsen i Malmö län	311	Broad-leaved forest	Forest	1	TRUE	23	44	forest	311	Broad-leaved forest
668	Ry transekter	T	1	6198618.18661293	404353.658730505	Skåne län	Länsstyrelsen i Malmö län	311	Broad-leaved forest	Forest	1	TRUE	23	44	forest	311	Broad-leaved forest
1068	Älleköpinge slinga	T	4	6198516.57626713	451447.278261992	Skåne län	Länsstyrelsen i Malmö län	211	Non-irrigated arable land	Cropland	1	TRUE	12	22	cropland	211	Non-irrigated arable land
242	Prästabonnens gård	T	2	6198509.73121052	416996.864840023	Skåne län	Svensk Dagfjärilsövervakning, LU	112	Discontinuous urban fabric	Urban	1	TRUE	2	44	forest	112	Discontinuous urban fabric
842	Sånnarna slinga	T	1	6198333.29205281	453216.659215198	Skåne län	Länsstyrelsen i Malmö län	231	Pastures	Pasture/Rangeland	1	TRUE	18	55	unmanaged grass / shrubland	231	Pastures
477	Mariedal - Östra Vram slinga 2	T	2	6198247.0064717	439299.722842703	Skåne län	Länsstyrelsen i Malmö län	231	Pastures	Pasture/Rangeland	1	TRUE	18	22	cropland	231	Pastures
543	Södra Rörum S slinga	T	1	6197888.49449581	420809.323143236	Skåne län	Länsstyrelsen i Malmö län	311	Broad-leaved forest	Forest	1	TRUE	23	44	forest	311	Broad-leaved forest
839	Ekebo transekter	T	1	6197699.37457054	439824.877283236	Skåne län	Länsstyrelsen i Malmö län	211	Non-irrigated arable land	Cropland	1	TRUE	12	22	cropland	211	Non-irrigated arable land
738	Danskens äng	T	23	6197556.66098706	416695.124505187	Skåne län	Svensk Dagfjärilsövervakning, LU	311	Broad-leaved forest	Forest	1	TRUE	23	44	forest	311	Broad-leaved forest
585	Flintabacken slinga	T	1	6196322.88823457	454480.566663217	Skåne län	Länsstyrelsen i Malmö län	312	Coniferous forest	Forest	1	TRUE	24	44	forest	312	Coniferous forest
2884	Dösjebro-ån-gamla tippen	T	2	6188127.45185154	376050.275533986	Skåne län	Svensk Dagfjärilsövervakning, LU	112	Discontinuous urban fabric	Urban	1	TRUE	2	22	cropland	112	Discontinuous urban fabric
63	Trunelän, Maglehem	T	123	6181324.3380112	444952.437453613	Skåne län	Svensk Dagfjärilsövervakning, LU	311	Broad-leaved forest	Forest	1	TRUE	23	22	cropland	311	Broad-leaved forest
3946	Kumlan	T	1	6180132.00302885	445566.050308094	Skåne län	Biogeografisk uppföljning av fjärilar, LU	231	Pastures	Pasture/Rangeland	1	TRUE	18	44	forest	231	Pastures
287	Fru Hammars väg 6	P	3	6175673.64242194	443648.77904404	Skåne län	Svensk Dagfjärilsövervakning, LU	112	Discontinuous urban fabric	Urban	1	TRUE	2	44	forest	112	Discontinuous urban fabric
17	NV Krankesjön	T	7	6174534.28923638	404470.209251792	Skåne län	Svensk Dagfjärilsövervakning, LU	231	Pastures	Pasture/Rangeland	1	TRUE	18	44	forest	231	Pastures
2949	Klammersbäck transekter	T	2	6174073.32122708	448116.447186567	Skåne län	Länsstyrelsen i Malmö län	231	Pastures	Pasture/Rangeland	1	TRUE	18	55	unmanaged grass / shrubland	231	Pastures
4201	Vitemölla	T	6	6173930.96114514	449799.374746218	Skåne län	Biogeografisk uppföljning av fjärilar, LU	231	Pastures	Pasture/Rangeland	1	TRUE	18	0	ocean / no data	231	Pastures
643	Vitemölla strandbackar transekter	T	2	6173376.11350124	447986.614272845	Skåne län	Länsstyrelsen i Malmö län	211	Non-irrigated arable land	Cropland	1	TRUE	12	22	cropland	211	Non-irrigated arable land
183	Silvåkratornet	P	1	6172718.46848745	405440.863202069	Skåne län	Svensk Dagfjärilsövervakning, LU	231	Pastures	Pasture/Rangeland	1	TRUE	18	22	cropland	231	Pastures
1085	Kaninlandet	T	1	6171198.68930745	400066.179417732	Skåne län	Svensk Dagfjärilsövervakning, LU	211	Non-irrigated arable land	Cropland	1	TRUE	12	11	urban	211	Non-irrigated arable land
3278	Dalby fälad no 5	T	2	6171012.42521251	398402.169686069	Skåne län	Svensk Dagfjärilsövervakning, LU	231	Pastures	Pasture/Rangeland	1	TRUE	18	44	forest	231	Pastures
6	Rökepipan	T	4	6170800.35223422	396925.37038342	Skåne län	Svensk Dagfjärilsövervakning, LU	211	Non-irrigated arable land	Cropland	1	TRUE	12	44	forest	211	Non-irrigated arable land
1069	Betesmark öster om Dalby, transekter	T	2	6169668.60031873	398015.991924706	Skåne län	Länsstyrelsen i Malmö län	231	Pastures	Pasture/Rangeland	1	TRUE	18	22	cropland	231	Pastures
3918	naturum Stenshuvud, fjärilsslinga	T	8	6168018.62131051	454195.245733927	Skåne län	Svensk Dagfjärilsövervakning, LU	311	Broad-leaved forest	Forest	1	TRUE	23	55	unmanaged grass / shrubland	311	Broad-leaved forest
735	Heden Stenshuvud	T	1	6167297.15374158	454300.588109481	Skåne län	Svensk Dagfjärilsövervakning, LU	231	Pastures	Pasture/Rangeland	1	TRUE	18	55	unmanaged grass / shrubland	231	Pastures
529	Enehusa	P	1	6164227.12093436	403764.425635953	Skåne län	Artportalen, SLU	311	Broad-leaved forest	Forest	1	TRUE	23	44	forest	311	Broad-leaved forest
14	Lyngby skola 182	P	1	6162662.55302098	394873.013875106	Skåne län	Svensk Dagfjärilsövervakning, LU	211	Non-irrigated arable land	Cropland	1	TRUE	12	22	cropland	211	Non-irrigated arable land
239	Västra Blentarp	P	1	6161733.26887706	410986.903869899	Skåne län	Svensk Dagfjärilsövervakning, LU	211	Non-irrigated arable land	Cropland	1	TRUE	12	44	forest	211	Non-irrigated arable land
2924	Knösen, slinga	T	1	6145198.56081624	364811.443379511	Skåne län	Svensk Dagfjärilsövervakning, LU	211	Non-irrigated arable land	Cropland	1	TRUE	12	77	water	211	Non-irrigated arable land
3575	Nybrofältet	T	4	6144503.47831474	432362.917345749	Skåne län	Svensk Dagfjärilsövervakning, LU	231	Pastures	Pasture/Rangeland	1	TRUE	18	22	cropland	231	Pastures
409	Söderboda, Gräsö	P	426	6704632.15556214	688531.845836103	Uppsala län	Svensk Dagfjärilsövervakning, LU	243	Land principally occupied by agriculture with significant areas of natural vegetation	Cropland	0	FALSE	21	44	forest	243	Land principally occupied by agriculture with significant areas of natural vegetation
3163	Söderboda södra	T	81	6704399.24555465	688454.710717032	Uppsala län	Svensk Dagfjärilsövervakning, LU	243	Land principally occupied by agriculture with significant areas of natural vegetation	Cropland	0	FALSE	21	44	forest	243	Land principally occupied by agriculture with significant areas of natural vegetation
2874	Rångsen	T	8	6703178.30259816	671708.332583238	Uppsala län	Svensk Dagfjärilsövervakning, LU	313	Mixed forest	Forest	0	FALSE	25	0	ocean / no data	313	Mixed forest
3663	Mehedeby	P	232	6702475.03843307	633792.108609365	Uppsala län	Svensk Dagfjärilsövervakning, LU	313	Mixed forest	Forest	0	FALSE	25	44	forest	313	Mixed forest
3794	Bergbyvallsvägen	T	1277	6701852.25954232	614446.992568072	Gävleborgs län	Svensk Dagfjärilsövervakning, LU	324	Transitional woodland-shrub	Unmanaged grass/shrubland	0	FALSE	29	44	forest	324	Transitional woodland-shrub
2795	Östanhede punkt	P	96	6700335.89458541	593726.572369451	Gävleborgs län	Svensk Dagfjärilsövervakning, LU	312	Coniferous forest	Forest	0	FALSE	24	44	forest	312	Coniferous forest
2696	Östanhede slinga	T	127	6700120.93692176	593562.246029785	Gävleborgs län	Svensk Dagfjärilsövervakning, LU	312	Coniferous forest	Forest	0	FALSE	24	44	forest	312	Coniferous forest
3248	Länsanvägen	T	4	6699788.10309324	515818.304248726	Dalarnas län	Biogeografisk uppföljning av fjärilar, LU	312	Coniferous forest	Forest	0	FALSE	24	44	forest	312	Coniferous forest
2855	Storskäret, Uppland	T	70	6697086.16305367	678719.781544751	Uppsala län	Svensk Dagfjärilsövervakning, LU	211	Non-irrigated arable land	Cropland	0	FALSE	12	44	forest	211	Non-irrigated arable land
2873	Kallerö	T	6	6694842.92554812	679161.170510778	Uppsala län	Svensk Dagfjärilsövervakning, LU	311	Broad-leaved forest	Forest	0	FALSE	23	44	forest	311	Broad-leaved forest
3156	Lövberget, Gagnef	P	203	6694175.90891102	482556.855105645	Dalarnas län	Svensk Dagfjärilsövervakning, LU	312	Coniferous forest	Forest	0	FALSE	24	44	forest	312	Coniferous forest
925	Rännberg	T	208	6690045.5623843	371758.589034896	Värmlands län	Biogeografisk uppföljning av fjärilar, LU	242	Complex cultivation patterns	Cropland	0	FALSE	20	44	forest	242	Complex cultivation patterns
926	Konradsfors	T	257	6689080.86764181	372724.918609771	Värmlands län	Biogeografisk uppföljning av fjärilar, LU	324	Transitional woodland-shrub	Unmanaged grass/shrubland	0	FALSE	29	44	forest	324	Transitional woodland-shrub
2821	Sixarby	P	314	6686576.86162557	649531.520964889	Uppsala län	Svensk Dagfjärilsövervakning, LU	211	Non-irrigated arable land	Cropland	0	FALSE	12	44	forest	211	Non-irrigated arable land
3259	Nödens, Djupdalsvägen, Ljusfallet	T	0	6684209.74677592	573261.297953232	Dalarnas län	Biogeografisk uppföljning av fjärilar, LU	312	Coniferous forest	Forest	0	FALSE	24	44	forest	312	Coniferous forest
2700	Nyhammar, Ludvika	P	41	6679799.49876504	497217.326903115	Dalarnas län	Svensk Dagfjärilsövervakning, LU	243	Land principally occupied by agriculture with significant areas of natural vegetation	Cropland	0	FALSE	21	44	forest	243	Land principally occupied by agriculture with significant areas of natural vegetation
2800	Gultbergets naturreservat	T	319	6679336.3435217	390933.301344778	Värmlands län	Biogeografisk uppföljning av fjärilar, LU	313	Mixed forest	Forest	0	FALSE	25	44	forest	313	Mixed forest
4092	Solberget, Tvärnö	P	20	6678409.73912599	695376.721019912	Uppsala län	Svensk Dagfjärilsövervakning, LU	312	Coniferous forest	Forest	0	FALSE	24	0	ocean / no data	312	Coniferous forest
857	Fensbol, Petterstorp	T	411	6677951.5607449	390897.249992495	Värmlands län	Biogeografisk uppföljning av fjärilar, LU	312	Coniferous forest	Forest	0	FALSE	24	44	forest	312	Coniferous forest
702	Östanfors 9:4	P	87	6675133.36107238	573516.160219531	Dalarnas län	Svensk Dagfjärilsövervakning, LU	312	Coniferous forest	Forest	0	FALSE	24	44	forest	312	Coniferous forest
460	Storgårdsängarna Brunnsvik, punkt	P	39	6674137.39728498	506783.136829235	Dalarnas län	Svensk Dagfjärilsövervakning, LU	313	Mixed forest	Forest	0	FALSE	25	44	forest	313	Mixed forest
3231	Storgårdsängarna Brunnsvik, slinga	T	35	6674000.24714101	506848.789511599	Dalarnas län	Biogeografisk uppföljning av fjärilar, LU	313	Mixed forest	Forest	0	FALSE	25	44	forest	313	Mixed forest
2815	Gökbodarna	P	978	6668569.82458309	503547.272534413	Dalarnas län	Svensk Dagfjärilsövervakning, LU	311	Broad-leaved forest	Forest	0	FALSE	23	44	forest	311	Broad-leaved forest
3150	Norrby Udde	P	5	6668060.63159703	708514.390454172	Stockholms län	Svensk Dagfjärilsövervakning, LU	142	Sport and leisure facilities	Urban	0	FALSE	11	44	forest	142	Sport and leisure facilities
3253	Ginbergsängen	T	177	6666752.58907692	418466.398186859	Värmlands län	Biogeografisk uppföljning av fjärilar, LU	312	Coniferous forest	Forest	0	FALSE	24	44	forest	312	Coniferous forest
3238	Rudsängen	T	189	6665735.64279607	419416.393955729	Värmlands län	Biogeografisk uppföljning av fjärilar, LU	313	Mixed forest	Forest	0	FALSE	25	44	forest	313	Mixed forest
2782	Västerkulla	P	132	6664297.92179808	709318.229347386	Uppsala län	Svensk Dagfjärilsövervakning, LU	211	Non-irrigated arable land	Cropland	0	FALSE	12	22	cropland	211	Non-irrigated arable land
3230	Lillmossen	T	21	6663999.37659796	515749.854570708	Dalarnas län	Biogeografisk uppföljning av fjärilar, LU	312	Coniferous forest	Forest	0	FALSE	24	44	forest	312	Coniferous forest
3229	Stormossbäcken kraftledningsgata	T	4	6663915.83323152	515948.8068849	Dalarnas län	Biogeografisk uppföljning av fjärilar, LU	312	Coniferous forest	Forest	0	FALSE	24	44	forest	312	Coniferous forest
2937	Aftonvägen 14, Alunda	P	1	6663634.61166327	671353.899256781	Uppsala län	Svensk Dagfjärilsövervakning, LU	112	Discontinuous urban fabric	Urban	0	FALSE	2	44	forest	112	Discontinuous urban fabric
2770	Olsbo	T	188	6660899.61354135	551169.371459359	Västmanlands län	Länsstyrelsen i Västmanlands län	311	Broad-leaved forest	Forest	0	FALSE	23	44	forest	311	Broad-leaved forest
4344	Hummelsvedjans fjärilsstig 2	T	466	6660599.39993645	691454.793904177	Stockholms län	Svensk Dagfjärilsövervakning, LU	324	Transitional woodland-shrub	Unmanaged grass/shrubland	0	FALSE	29	44	forest	324	Transitional woodland-shrub
3904	Väddö kanal	T	44	6656574.42692526	711985.148907519	Stockholms län	Svensk Dagfjärilsövervakning, LU	312	Coniferous forest	Forest	0	FALSE	24	22	cropland	312	Coniferous forest
3896	Väddö - Havsveda	P	34	6656339.95144099	716370.481756176	Stockholms län	Svensk Dagfjärilsövervakning, LU	142	Sport and leisure facilities	Urban	0	FALSE	11	44	forest	142	Sport and leisure facilities
3219	Väddö 2	P	30	6656277.77304801	716437.232395212	Stockholms län	Svensk Dagfjärilsövervakning, LU	142	Sport and leisure facilities	Urban	0	FALSE	11	44	forest	142	Sport and leisure facilities
874	Ransbysätter, Björns äng	T	60	6655935.45903714	401012.390796926	Värmlands län	Biogeografisk uppföljning av fjärilar, LU	242	Complex cultivation patterns	Cropland	0	FALSE	20	44	forest	242	Complex cultivation patterns
3644	Sandviken - Seneby haken, Väddö	T	100	6655473.29296395	716881.993467685	Stockholms län	Svensk Dagfjärilsövervakning, LU	312	Coniferous forest	Forest	0	FALSE	24	77	water	312	Coniferous forest
318	Abborrtjärntorpet	P	38	6654747.30400856	512370.887019581	Dalarnas län	Svensk Dagfjärilsövervakning, LU	312	Coniferous forest	Forest	0	FALSE	24	44	forest	312	Coniferous forest
796	Väddö-Älmsta	T	276	6654744.0463667	713739.262375007	Stockholms län	Svensk Dagfjärilsövervakning, LU	243	Land principally occupied by agriculture with significant areas of natural vegetation	Cropland	0	FALSE	21	44	forest	243	Land principally occupied by agriculture with significant areas of natural vegetation
860	Brandområdet N1	P	63	6649614.09617545	558396.863836708	Västmanlands län	Svensk Dagfjärilsövervakning, LU	334	Burnt areas	Sparse/no vegetation	0	FALSE	33	55	unmanaged grass / shrubland	334	Burnt areas
861	Brandområdet N2	P	58	6649100.05292832	558545.08616706	Västmanlands län	Svensk Dagfjärilsövervakning, LU	324	Transitional woodland-shrub	Unmanaged grass/shrubland	0	FALSE	29	55	unmanaged grass / shrubland	324	Transitional woodland-shrub
4291	Fritidsvägen 23, Ängelsberg	P	13	6647533.68838894	553882.549603234	Västmanlands län	Svensk Dagfjärilsövervakning, LU	243	Land principally occupied by agriculture with significant areas of natural vegetation	Cropland	0	FALSE	21	77	water	243	Land principally occupied by agriculture with significant areas of natural vegetation
4076	Snickartorp	T	38	6641725.29915577	494271.993842954	Örebro län	Svensk Dagfjärilsövervakning, LU	312	Coniferous forest	Forest	0	FALSE	24	44	forest	312	Coniferous forest
781	Vallsjövägen 1	P	199	6640736.55913246	562080.961249655	Västmanlands län	Svensk Dagfjärilsövervakning, LU	334	Burnt areas	Sparse/no vegetation	0	FALSE	33	55	unmanaged grass / shrubland	334	Burnt areas
783	Vallsjövägen 3	P	186	6640602.37617885	563212.270323704	Västmanlands län	Svensk Dagfjärilsövervakning, LU	334	Burnt areas	Sparse/no vegetation	0	FALSE	33	55	unmanaged grass / shrubland	334	Burnt areas
782	Vallsjövägen 2	P	103	6640515.91204769	562679.47634435	Västmanlands län	Svensk Dagfjärilsövervakning, LU	334	Burnt areas	Sparse/no vegetation	0	FALSE	33	55	unmanaged grass / shrubland	334	Burnt areas
784	Vallsjövägen 4	P	266	6640496.43699312	563707.418691922	Västmanlands län	Svensk Dagfjärilsövervakning, LU	334	Burnt areas	Sparse/no vegetation	0	FALSE	33	55	unmanaged grass / shrubland	334	Burnt areas
869	Trollmossen 3	P	78	6640267.13561731	565483.704600768	Västmanlands län	Svensk Dagfjärilsövervakning, LU	334	Burnt areas	Sparse/no vegetation	0	FALSE	33	55	unmanaged grass / shrubland	334	Burnt areas
868	Trollmossen 2	P	157	6639904.44135699	564761.32735373	Västmanlands län	Svensk Dagfjärilsövervakning, LU	334	Burnt areas	Sparse/no vegetation	0	FALSE	33	44	forest	334	Burnt areas
867	Trollmossen 1	P	300	6639495.211555	564404.412838979	Västmanlands län	Svensk Dagfjärilsövervakning, LU	334	Burnt areas	Sparse/no vegetation	0	FALSE	33	44	forest	334	Burnt areas
697	Nordanö grusgrop	P	294	6638951.89792616	560999.007757577	Västmanlands län	Svensk Dagfjärilsövervakning, LU	312	Coniferous forest	Forest	0	FALSE	24	44	forest	312	Coniferous forest
780	Färnebovägen 3	P	219	6638879.44912802	564081.003724778	Västmanlands län	Svensk Dagfjärilsövervakning, LU	324	Transitional woodland-shrub	Unmanaged grass/shrubland	0	FALSE	29	55	unmanaged grass / shrubland	324	Transitional woodland-shrub
521	Vallsjöbäcken	T	1471	6638761.40558291	561118.292930929	Västmanlands län	Svensk Dagfjärilsövervakning, LU	312	Coniferous forest	Forest	0	FALSE	24	44	forest	312	Coniferous forest
779	Färnebovägen 2	P	127	6638323.4979404	563414.964144413	Västmanlands län	Svensk Dagfjärilsövervakning, LU	334	Burnt areas	Sparse/no vegetation	0	FALSE	33	55	unmanaged grass / shrubland	334	Burnt areas
945	Öjesjöbrännan punkt 5	P	103	6637793.93549858	570994.271843762	Västmanlands län	Svensk Dagfjärilsövervakning, LU	334	Burnt areas	Sparse/no vegetation	0	FALSE	33	44	forest	334	Burnt areas
778	Färnebovägen 1	P	227	6637698.59535709	562504.834439476	Västmanlands län	Svensk Dagfjärilsövervakning, LU	324	Transitional woodland-shrub	Unmanaged grass/shrubland	0	FALSE	29	44	forest	324	Transitional woodland-shrub
944	Öjesjöbrännan punkt 4	P	72	6637346.8040306	571219.653327386	Västmanlands län	Svensk Dagfjärilsövervakning, LU	334	Burnt areas	Sparse/no vegetation	0	FALSE	33	55	unmanaged grass / shrubland	334	Burnt areas
2649	Vänge-Brunna, Uppsala	T	22	6636828.66569163	636905.09358578	Uppsala län	Svensk Dagfjärilsövervakning, LU	211	Non-irrigated arable land	Cropland	0	FALSE	12	22	cropland	211	Non-irrigated arable land
777	Uvsjövägen 1	P	395	6636460.82690978	563151.718766431	Västmanlands län	Svensk Dagfjärilsövervakning, LU	334	Burnt areas	Sparse/no vegetation	0	FALSE	33	44	forest	334	Burnt areas
943	Öjesjöbrännan punkt 3	P	54	6636114.89485922	571034.703021757	Västmanlands län	Svensk Dagfjärilsövervakning, LU	334	Burnt areas	Sparse/no vegetation	0	FALSE	33	55	unmanaged grass / shrubland	334	Burnt areas
942	Öjesjöbrännan punkt 2	P	57	6636011.79453626	569956.25881097	Västmanlands län	Svensk Dagfjärilsövervakning, LU	334	Burnt areas	Sparse/no vegetation	0	FALSE	33	55	unmanaged grass / shrubland	334	Burnt areas
940	Bergtorpsvägen punkt 6	P	83	6635659.53191732	566476.52603667	Västmanlands län	Svensk Dagfjärilsövervakning, LU	324	Transitional woodland-shrub	Unmanaged grass/shrubland	0	FALSE	29	55	unmanaged grass / shrubland	324	Transitional woodland-shrub
939	Bergtorpsvägen punkt 5	P	170	6635591.74154218	567067.184194384	Västmanlands län	Svensk Dagfjärilsövervakning, LU	334	Burnt areas	Sparse/no vegetation	0	FALSE	33	44	forest	334	Burnt areas
865	Brandområdet Ö2	P	53	6635590.53060091	569185.60281751	Västmanlands län	Svensk Dagfjärilsövervakning, LU	334	Burnt areas	Sparse/no vegetation	0	FALSE	33	55	unmanaged grass / shrubland	334	Burnt areas
946	Öjesjöbrännan punkt 6	P	150	6635386.84819492	571178.526068222	Västmanlands län	Svensk Dagfjärilsövervakning, LU	334	Burnt areas	Sparse/no vegetation	0	FALSE	33	55	unmanaged grass / shrubland	334	Burnt areas
334	Hembygdsgården, Kumla kyrkby	P	8	6635254.31458132	591668.675463325	Västmanlands län	Svensk Dagfjärilsövervakning, LU	112	Discontinuous urban fabric	Urban	0	FALSE	2	22	cropland	112	Discontinuous urban fabric
938	Bergtorpsvägen punkt 4	P	195	6635207.19300107	567341.787889756	Västmanlands län	Svensk Dagfjärilsövervakning, LU	334	Burnt areas	Sparse/no vegetation	0	FALSE	33	44	forest	334	Burnt areas
863	Brandområdet Ö1	P	45	6635135.1936467	569968.926607176	Västmanlands län	Svensk Dagfjärilsövervakning, LU	334	Burnt areas	Sparse/no vegetation	0	FALSE	33	55	unmanaged grass / shrubland	334	Burnt areas
937	Bergtorpsvägen punkt 3	P	186	6635012.96439617	567154.205211339	Västmanlands län	Svensk Dagfjärilsövervakning, LU	334	Burnt areas	Sparse/no vegetation	0	FALSE	33	44	forest	334	Burnt areas
866	Brandområdet Ö3	P	87	6634921.56420243	568597.911152947	Västmanlands län	Svensk Dagfjärilsövervakning, LU	334	Burnt areas	Sparse/no vegetation	0	FALSE	33	55	unmanaged grass / shrubland	334	Burnt areas
935	Bergtorpsvägen punkt 1	P	127	6634581.72192639	565809.835356724	Västmanlands län	Svensk Dagfjärilsövervakning, LU	334	Burnt areas	Sparse/no vegetation	0	FALSE	33	44	forest	334	Burnt areas
520	Lefelingskorset	P	535	6634516.46049136	554531.902860325	Västmanlands län	Svensk Dagfjärilsövervakning, LU	312	Coniferous forest	Forest	0	FALSE	24	44	forest	312	Coniferous forest
519	Avlångskullen	P	127	6634080.57008808	554037.355385885	Västmanlands län	Svensk Dagfjärilsövervakning, LU	312	Coniferous forest	Forest	0	FALSE	24	44	forest	312	Coniferous forest
941	Öjesjöbrännan punkt 1	P	97	6634048.19250996	569615.256947354	Västmanlands län	Svensk Dagfjärilsövervakning, LU	334	Burnt areas	Sparse/no vegetation	0	FALSE	33	44	forest	334	Burnt areas
246	L:a Avlången	P	466	6633986.72797534	553801.567694743	Västmanlands län	Svensk Dagfjärilsövervakning, LU	312	Coniferous forest	Forest	0	FALSE	24	44	forest	312	Coniferous forest
247	St Avlången N	P	230	6633901.98474833	553820.593522047	Västmanlands län	Svensk Dagfjärilsövervakning, LU	312	Coniferous forest	Forest	0	FALSE	24	44	forest	312	Coniferous forest
936	Bergtorpsvägen punkt 2	P	207	6633742.54908087	566679.803137802	Västmanlands län	Svensk Dagfjärilsövervakning, LU	324	Transitional woodland-shrub	Unmanaged grass/shrubland	0	FALSE	29	44	forest	324	Transitional woodland-shrub
248	St Avlången S	P	82	6633435.50886724	553852.261848152	Västmanlands län	Svensk Dagfjärilsövervakning, LU	412	Peat bogs	Other	0	FALSE	36	44	forest	412	Peat bogs
4078	Kroken, Uppsala	T	66	6633435.03962824	661361.719945776	Uppsala län	Svensk Dagfjärilsövervakning, LU	313	Mixed forest	Forest	0	FALSE	25	44	forest	313	Mixed forest
983	Frimansvägen 3	P	25	6632549.84521515	646543.253448226	Uppsala län	Svensk Dagfjärilsövervakning, LU	112	Discontinuous urban fabric	Urban	0	FALSE	2	11	urban	112	Discontinuous urban fabric
4250	Brf Lönnen, innergård, Norrtälje	P	10	6630571.77202321	708383.426401528	Stockholms län	Svensk Dagfjärilsövervakning, LU	112	Discontinuous urban fabric	Urban	0	FALSE	2	11	urban	112	Discontinuous urban fabric
3239	Skällarholmen	T	38	6629603.86984263	723008.485512894	Stockholms län	Svensk Dagfjärilsövervakning, LU	243	Land principally occupied by agriculture with significant areas of natural vegetation	Cropland	0	FALSE	21	44	forest	243	Land principally occupied by agriculture with significant areas of natural vegetation
2860	Stora Nyckelbäcken 1:11	P	99	6628160.04041665	519490.326816203	Örebro län	Svensk Dagfjärilsövervakning, LU	211	Non-irrigated arable land	Cropland	0	FALSE	12	44	forest	211	Non-irrigated arable land
3645	Riddersholm	T	262	6626725.25181401	727699.011662898	Stockholms län	Svensk Dagfjärilsövervakning, LU	311	Broad-leaved forest	Forest	0	FALSE	23	44	forest	311	Broad-leaved forest
4062	Knivsta	P	172	6626204.08970532	656409.599663083	Uppsala län	Svensk Dagfjärilsövervakning, LU	312	Coniferous forest	Forest	0	FALSE	24	44	forest	312	Coniferous forest
3166	Simons backe och Rävbacken	T	65	6626011.05935188	641276.849603222	Uppsala län	Svensk Dagfjärilsövervakning, LU	211	Non-irrigated arable land	Cropland	0	FALSE	12	22	cropland	211	Non-irrigated arable land
3790	Hålsbo	P	68	6624320.53353808	553878.14917441	Västmanlands län	Svensk Dagfjärilsövervakning, LU	313	Mixed forest	Forest	0	FALSE	25	44	forest	313	Mixed forest
4256	Bodaberg	T	50	6624242.74126026	586292.042239516	Västmanlands län	Svensk Dagfjärilsövervakning, LU	312	Coniferous forest	Forest	0	FALSE	24	44	forest	312	Coniferous forest
3792	Kabelgläntan	P	183	6623705.82006171	550679.581270845	Västmanlands län	Svensk Dagfjärilsövervakning, LU	312	Coniferous forest	Forest	0	FALSE	24	44	forest	312	Coniferous forest
3791	Abborrtjärnen	T	92	6622015.96678941	552870.472659631	Västmanlands län	Svensk Dagfjärilsövervakning, LU	312	Coniferous forest	Forest	0	FALSE	24	44	forest	312	Coniferous forest
500	Östra Speke	P	4	6621255.72188582	363532.162475499	Värmlands län	Svensk Dagfjärilsövervakning, LU	312	Coniferous forest	Forest	0	FALSE	24	44	forest	312	Coniferous forest
3632	Lilla Bärby betesmark	T	34	6621007.7468907	633519.278120552	Uppsala län	Länsstyrelsen i Västmanlands län	211	Non-irrigated arable land	Cropland	0	FALSE	12	22	cropland	211	Non-irrigated arable land
4278	Ottebol	T	9	6620047.14003388	356939.245205636	Värmlands län	Svensk Dagfjärilsövervakning, LU	312	Coniferous forest	Forest	0	FALSE	24	44	forest	312	Coniferous forest
849	Sundängarna västra	T	5	6619659.03827624	423762.936489041	Värmlands län	Biogeografisk uppföljning av fjärilar, LU	243	Land principally occupied by agriculture with significant areas of natural vegetation	Cropland	0	FALSE	21	44	forest	243	Land principally occupied by agriculture with significant areas of natural vegetation
851	Hällekilssättern, vallen	T	1	6617201.11625144	420554.24611005	Värmlands län	Biogeografisk uppföljning av fjärilar, LU	312	Coniferous forest	Forest	0	FALSE	24	44	forest	312	Coniferous forest
3959	Nyhagen	P	23	6617101.98603045	672966.389195808	Stockholms län	Svensk Dagfjärilsövervakning, LU	312	Coniferous forest	Forest	0	FALSE	24	44	forest	312	Coniferous forest
2772	Kallmora	T	88	6617058.26683419	575072.384893287	Västmanlands län	Länsstyrelsen i Västmanlands län	312	Coniferous forest	Forest	0	FALSE	24	44	forest	312	Coniferous forest
850	Torsked p-platsen	T	3	6616926.17807363	422605.676307362	Värmlands län	Biogeografisk uppföljning av fjärilar, LU	243	Land principally occupied by agriculture with significant areas of natural vegetation	Cropland	0	FALSE	21	44	forest	243	Land principally occupied by agriculture with significant areas of natural vegetation
2870	Hjälstaviken	T	146	6616492.43379226	633745.11503796	Uppsala län	Svensk Dagfjärilsövervakning, LU	411	Inland marshes	Other	0	FALSE	35	22	cropland	411	Inland marshes
1088	Nyhammar, Kolsva	P	4	6615989.56395913	542402.911055833	Västmanlands län	Svensk Dagfjärilsövervakning, LU	211	Non-irrigated arable land	Cropland	0	FALSE	12	22	cropland	211	Non-irrigated arable land
855	Fördarvern	T	839	6614765.22631985	418334.849298156	Värmlands län	Biogeografisk uppföljning av fjärilar, LU	312	Coniferous forest	Forest	0	FALSE	24	44	forest	312	Coniferous forest
4199	Torvbråten	T	53	6614392.65038069	418191.44211446	Värmlands län	Biogeografisk uppföljning av fjärilar, LU	312	Coniferous forest	Forest	0	FALSE	24	44	forest	312	Coniferous forest
1002	Jonstorp, Brunskog	T	102	6613942.63081674	380410.656717751	Värmlands län	Svensk Dagfjärilsövervakning, LU	313	Mixed forest	Forest	0	FALSE	25	44	forest	313	Mixed forest
404	Svartlöga - Heden	T	986	6611221.69368007	729578.309874724	Stockholms län	Svensk Dagfjärilsövervakning, LU	313	Mixed forest	Forest	0	FALSE	25	0	ocean / no data	313	Mixed forest
533	Lassas hagar, Svartlöga	P	183	6610637.64780929	728993.464935574	Stockholms län	Svensk Dagfjärilsövervakning, LU	311	Broad-leaved forest	Forest	0	FALSE	23	44	forest	311	Broad-leaved forest
3192	Älvdalsvägen 91	P	1	6609335.63877292	412653.39553382	Värmlands län	Artportalen, SLU	112	Discontinuous urban fabric	Urban	0	FALSE	2	44	forest	112	Discontinuous urban fabric
3643	Sjöängskullarna Vada	T	58	6609001.70409797	681149.49446849	Stockholms län	Svensk Dagfjärilsövervakning, LU	231	Pastures	Pasture/Rangeland	0	FALSE	18	22	cropland	231	Pastures
858	Rönningen kraftledningsgata	T	48	6608505.64640022	386035.987463598	Värmlands län	Biogeografisk uppföljning av fjärilar, LU	312	Coniferous forest	Forest	0	FALSE	24	44	forest	312	Coniferous forest
573	Hersby	T	126	6608461.32838227	688439.954159846	Stockholms län	Svensk Dagfjärilsövervakning, LU	312	Coniferous forest	Forest	0	FALSE	24	44	forest	312	Coniferous forest
608	Västra Ringstad, slinga 3	T	969	6608458.89536955	394532.476643001	Värmlands län	Svensk Dagfjärilsövervakning, LU	211	Non-irrigated arable land	Cropland	0	FALSE	12	22	cropland	211	Non-irrigated arable land
864	Rönningen	T	48	6608359.12709954	386316.631587767	Värmlands län	Biogeografisk uppföljning av fjärilar, LU	312	Coniferous forest	Forest	0	FALSE	24	44	forest	312	Coniferous forest
4303	Lindholmen - Angarnsjöängen	T	140	6608121.42685676	678068.669131669	Stockholms län	Svensk Dagfjärilsövervakning, LU	312	Coniferous forest	Forest	0	FALSE	24	44	forest	312	Coniferous forest
3770	Hamre koloniområde	P	39	6607119.30990506	590253.089248496	Västmanlands län	Svensk Dagfjärilsövervakning, LU	112	Discontinuous urban fabric	Urban	0	FALSE	2	11	urban	112	Discontinuous urban fabric
284	Löts-Eneby 7	P	182	6607115.16383415	629855.842550109	Uppsala län	Svensk Dagfjärilsövervakning, LU	312	Coniferous forest	Forest	0	FALSE	24	22	cropland	312	Coniferous forest
797	Skesta hage-Kusta	T	106	6606340.59486848	678965.152109571	Stockholms län	Svensk Dagfjärilsövervakning, LU	211	Non-irrigated arable land	Cropland	0	FALSE	12	22	cropland	211	Non-irrigated arable land
570	Tärnholm	T	126	6606333.95520393	688465.784322554	Stockholms län	Svensk Dagfjärilsövervakning, LU	313	Mixed forest	Forest	0	FALSE	25	44	forest	313	Mixed forest
3641	Bromesbyvägen	T	200	6605788.88745771	686641.672831981	Stockholms län	Svensk Dagfjärilsövervakning, LU	312	Coniferous forest	Forest	0	FALSE	24	44	forest	312	Coniferous forest
4305	Angarnsjöängen	T	56	6605287.99220813	678490.007422454	Stockholms län	Svensk Dagfjärilsövervakning, LU	412	Peat bogs	Other	0	FALSE	36	22	cropland	412	Peat bogs
2717	Vallmovägen 25, Vallentuna	P	236	6604819.21841324	673807.451947038	Stockholms län	Svensk Dagfjärilsövervakning, LU	112	Discontinuous urban fabric	Urban	0	FALSE	2	11	urban	112	Discontinuous urban fabric
1091	Malmviken	P	26	6604193.30208425	542986.001539045	Västmanlands län	Svensk Dagfjärilsövervakning, LU	312	Coniferous forest	Forest	0	FALSE	24	44	forest	312	Coniferous forest
1093	Orsta	T	18	6603157.95693867	544414.127714101	Västmanlands län	Svensk Dagfjärilsövervakning, LU	313	Mixed forest	Forest	0	FALSE	25	44	forest	313	Mixed forest
4265	Gråbol	T	146	6602309.22381291	317248.269201971	Värmlands län	Svensk Dagfjärilsövervakning, LU	512	Water bodies	Other	0	FALSE	41	44	forest	512	Water bodies
1101	Löved	T	90	6599611.15011327	411918.820528219	Värmlands län	Svensk Dagfjärilsövervakning, LU	312	Coniferous forest	Forest	0	FALSE	24	44	forest	312	Coniferous forest
2655	Täby begravningsplats	T	8	6599005.12161484	672732.194294393	Stockholms län	Svensk Dagfjärilsövervakning, LU	211	Non-irrigated arable land	Cropland	0	FALSE	12	22	cropland	211	Non-irrigated arable land
305	Sällinge	T	2	6598510.50183946	528268.646617594	Örebro län	Svensk Dagfjärilsövervakning, LU	211	Non-irrigated arable land	Cropland	0	FALSE	12	22	cropland	211	Non-irrigated arable land
405	Tellusvägen 7, Åkersberga	P	712	6597463.5998569	687092.650559639	Stockholms län	Svensk Dagfjärilsövervakning, LU	112	Discontinuous urban fabric	Urban	0	FALSE	2	11	urban	112	Discontinuous urban fabric
3666	Hagby ekopark	T	10	6597457.25481435	670249.386325348	Stockholms län	Svensk Dagfjärilsövervakning, LU	243	Land principally occupied by agriculture with significant areas of natural vegetation	Cropland	0	FALSE	21	22	cropland	243	Land principally occupied by agriculture with significant areas of natural vegetation
3667	Ullnabacken	P	2	6596775.06200871	677560.469428784	Stockholms län	Svensk Dagfjärilsövervakning, LU	313	Mixed forest	Forest	0	FALSE	25	77	water	313	Mixed forest
2835	Hornsåsens gravfält	T	219	6596324.14025087	572532.824854453	Västmanlands län	Biogeografisk uppföljning av fjärilar, LU	243	Land principally occupied by agriculture with significant areas of natural vegetation	Cropland	0	FALSE	21	22	cropland	243	Land principally occupied by agriculture with significant areas of natural vegetation
2863	Skansberget, Täby	T	38	6595833.6604122	676031.134021257	Stockholms län	Svensk Dagfjärilsövervakning, LU	312	Coniferous forest	Forest	0	FALSE	24	44	forest	312	Coniferous forest
1089	Norsa	P	2	6595744.05375904	559403.590649848	Västmanlands län	Svensk Dagfjärilsövervakning, LU	211	Non-irrigated arable land	Cropland	0	FALSE	12	22	cropland	211	Non-irrigated arable land
4302	Rönningesjön	T	160	6595450.23821533	675908.804645078	Stockholms län	Svensk Dagfjärilsövervakning, LU	512	Water bodies	Other	0	FALSE	41	44	forest	512	Water bodies
2818	Säbyviken	T	57	6595406.41329193	614418.348299414	Södermanlands län	Biogeografisk uppföljning av fjärilar, LU	211	Non-irrigated arable land	Cropland	0	FALSE	12	22	cropland	211	Non-irrigated arable land
3900	Rönninge by, Täby	T	64	6595271.24470506	676813.830644705	Stockholms län	Svensk Dagfjärilsövervakning, LU	211	Non-irrigated arable land	Cropland	0	FALSE	12	44	forest	211	Non-irrigated arable land
2894	Strömsberg	T	703	6595049.58335269	419942.550172162	Värmlands län	Svensk Dagfjärilsövervakning, LU	242	Complex cultivation patterns	Cropland	0	FALSE	20	44	forest	242	Complex cultivation patterns
3263	Ensta, Täby kommun	P	58	6594463.21678031	674080.072618401	Stockholms län	Svensk Dagfjärilsövervakning, LU	112	Discontinuous urban fabric	Urban	0	FALSE	2	11	urban	112	Discontinuous urban fabric
4304	Hägernäsviken, Täby	T	204	6594369.6053485	677738.619456571	Stockholms län	Svensk Dagfjärilsövervakning, LU	523	Sea and ocean	Other	0	FALSE	44	11	urban	523	Sea and ocean
970	Bolinderstrands strandpromenad	P	55	6594025.99879104	658390.069466298	Stockholms län	Svensk Dagfjärilsövervakning, LU	121	Industrial or commercial units	Urban	0	FALSE	3	44	forest	121	Industrial or commercial units
2775	Billingen, Kolbäck	T	36	6594018.72597844	568982.775551624	Västmanlands län	Länsstyrelsen i Västmanlands län	231	Pastures	Pasture/Rangeland	0	FALSE	18	22	cropland	231	Pastures
631	Ravalen	P	125	6593623.45683835	665430.708368064	Stockholms län	Svensk Dagfjärilsövervakning, LU	312	Coniferous forest	Forest	0	FALSE	24	11	urban	312	Coniferous forest
3630	Hemdalsvägen/Hedvägen	P	49	6593019.43076634	521765.397657123	Örebro län	Svensk Dagfjärilsövervakning, LU	324	Transitional woodland-shrub	Unmanaged grass/shrubland	0	FALSE	29	44	forest	324	Transitional woodland-shrub
3956	Skomakaregatan, Frövi	P	64	6592863.31097506	521091.515956009	Örebro län	Artportalen, SLU	112	Discontinuous urban fabric	Urban	0	FALSE	2	44	forest	112	Discontinuous urban fabric
4267	Skälby	T	21	6592684.18045502	667043.822097581	Stockholms län	Svensk Dagfjärilsövervakning, LU	112	Discontinuous urban fabric	Urban	0	FALSE	2	11	urban	112	Discontinuous urban fabric
682	Knista Hammar	P	46	6592591.12679658	665636.191999798	Stockholms län	Svensk Dagfjärilsövervakning, LU	211	Non-irrigated arable land	Cropland	0	FALSE	12	44	forest	211	Non-irrigated arable land
3654	Lillsved, Värmdö	P	10	6591214.63340196	698399.839474378	Stockholms län	Svensk Dagfjärilsövervakning, LU	523	Sea and ocean	Other	0	FALSE	44	0	ocean / no data	523	Sea and ocean
788	Bäcketorp 2:3	P	65	6591117.11299991	485563.279047643	Örebro län	Svensk Dagfjärilsövervakning, LU	312	Coniferous forest	Forest	0	FALSE	24	44	forest	312	Coniferous forest
285	Skräddartorp	P	215	6590883.37055388	582902.994134298	Södermanlands län	Svensk Dagfjärilsövervakning, LU	112	Discontinuous urban fabric	Urban	0	FALSE	2	22	cropland	112	Discontinuous urban fabric
2872	Kullön, Vaxholm	T	34	6590721.11361322	687712.336288605	Stockholms län	Svensk Dagfjärilsövervakning, LU	312	Coniferous forest	Forest	0	FALSE	24	11	urban	312	Coniferous forest
391	Broknäs slinga 2, Bogesund	T	4910	6590486.02132816	685227.556755474	Stockholms län	Svensk Dagfjärilsövervakning, LU	312	Coniferous forest	Forest	0	FALSE	24	44	forest	312	Coniferous forest
489	Ramshytte ängar	T	6	6590366.23032105	502210.308166884	Örebro län	Svensk Dagfjärilsövervakning, LU	243	Land principally occupied by agriculture with significant areas of natural vegetation	Cropland	0	FALSE	21	44	forest	243	Land principally occupied by agriculture with significant areas of natural vegetation
3614	Ramshytte ängar 2	T	41	6590311.03373236	502274.954393981	Örebro län	Svensk Dagfjärilsövervakning, LU	243	Land principally occupied by agriculture with significant areas of natural vegetation	Cropland	0	FALSE	21	44	forest	243	Land principally occupied by agriculture with significant areas of natural vegetation
761	Helgaröåsen	T	0	6589838.95518779	601488.922012724	Södermanlands län	Biogeografisk uppföljning av fjärilar, LU	312	Coniferous forest	Forest	0	FALSE	24	22	cropland	312	Coniferous forest
376	Fisklösens sydända	P	44	6589748.8232601	480135.917299696	Örebro län	Svensk Dagfjärilsövervakning, LU	312	Coniferous forest	Forest	0	FALSE	24	44	forest	312	Coniferous forest
252	Älvhöjden	P	99	6589610.06092029	489389.127749837	Örebro län	Svensk Dagfjärilsövervakning, LU	243	Land principally occupied by agriculture with significant areas of natural vegetation	Cropland	0	FALSE	21	44	forest	243	Land principally occupied by agriculture with significant areas of natural vegetation
3642	Vaxholm	T	128	6589469.64673009	689473.251342351	Stockholms län	Svensk Dagfjärilsövervakning, LU	523	Sea and ocean	Other	0	FALSE	44	77	water	523	Sea and ocean
921	Höjeängen	T	20	6589223.68632535	417344.382356337	Värmlands län	Biogeografisk uppföljning av fjärilar, LU	312	Coniferous forest	Forest	0	FALSE	24	44	forest	312	Coniferous forest
157	Edsgatan	T	125	6588398.49388491	418040.075055459	Värmlands län	Svensk Dagfjärilsövervakning, LU	243	Land principally occupied by agriculture with significant areas of natural vegetation	Cropland	0	FALSE	21	44	forest	243	Land principally occupied by agriculture with significant areas of natural vegetation
920	Fallängens skjutbana	T	502	6587886.88950393	415249.538772394	Värmlands län	Biogeografisk uppföljning av fjärilar, LU	142	Sport and leisure facilities	Urban	0	FALSE	11	44	forest	142	Sport and leisure facilities
3832	Sofiebergsåsens naturreservat	T	0	6586181.04048228	594243.056885316	Södermanlands län	Biogeografisk uppföljning av fjärilar, LU	312	Coniferous forest	Forest	0	FALSE	24	22	cropland	312	Coniferous forest
4244	Tyktorpsvägen	T	128	6585871.46539793	677285.722439126	Stockholms län	Svensk Dagfjärilsövervakning, LU	312	Coniferous forest	Forest	0	FALSE	24	11	urban	312	Coniferous forest
152	Uddgränd 12, Hässelby Villastad	P	467	6585648.54702897	660951.172684202	Stockholms län	Svensk Dagfjärilsövervakning, LU	112	Discontinuous urban fabric	Urban	0	FALSE	2	11	urban	112	Discontinuous urban fabric
2741	Lilla Utåker	T	205	6585465.58410146	626870.089995313	Södermanlands län	Svensk Dagfjärilsövervakning, LU	312	Coniferous forest	Forest	0	FALSE	24	44	forest	312	Coniferous forest
934	Skinnerud	T	33	6585335.11365984	446110.017405188	Värmlands län	Biogeografisk uppföljning av fjärilar, LU	211	Non-irrigated arable land	Cropland	0	FALSE	12	44	forest	211	Non-irrigated arable land
977	Råstasjön Solna	T	136	6585291.59337407	669861.961817143	Stockholms län	Svensk Dagfjärilsövervakning, LU	141	Green urban areas	Urban	0	FALSE	10	11	urban	141	Green urban areas
975	Lötsjön Sundbyberg	T	46	6585193.83025147	668642.35157077	Stockholms län	Svensk Dagfjärilsövervakning, LU	141	Green urban areas	Urban	0	FALSE	10	11	urban	141	Green urban areas
762	Sandåsa	T	26	6584930.32772075	624446.102182899	Södermanlands län	Biogeografisk uppföljning av fjärilar, LU	311	Broad-leaved forest	Forest	0	FALSE	23	22	cropland	311	Broad-leaved forest
3901	Solna	T	8	6583691.78219292	669690.376161462	Stockholms län	Svensk Dagfjärilsövervakning, LU	112	Discontinuous urban fabric	Urban	0	FALSE	2	11	urban	112	Discontinuous urban fabric
517	Lambergsslingan	T	21	6582928.07430942	416647.017231527	Värmlands län	Svensk Dagfjärilsövervakning, LU	112	Discontinuous urban fabric	Urban	0	FALSE	2	11	urban	112	Discontinuous urban fabric
3165	Huvudsta, Solna	T	12	6582893.30804904	670217.962290076	Stockholms län	Svensk Dagfjärilsövervakning, LU	112	Discontinuous urban fabric	Urban	0	FALSE	2	11	urban	112	Discontinuous urban fabric
4251	Ekedalsspåret	T	32	6581920.7806532	691787.405181701	Stockholms län	Svensk Dagfjärilsövervakning, LU	312	Coniferous forest	Forest	0	FALSE	24	44	forest	312	Coniferous forest
505	Hammaröleden	T	4	6581243.65323846	414651.33390406	Värmlands län	Svensk Dagfjärilsövervakning, LU	411	Inland marshes	Other	0	FALSE	35	22	cropland	411	Inland marshes
260	Kristinebergs klipporna	P	734	6581155.17188529	670512.970035259	Stockholms län	Svensk Dagfjärilsövervakning, LU	112	Discontinuous urban fabric	Urban	0	FALSE	2	77	water	112	Discontinuous urban fabric
2869	Djurgårdsbrunnskanalen	T	10	6581074.68386521	677983.731821614	Stockholms län	Svensk Dagfjärilsövervakning, LU	141	Green urban areas	Urban	0	FALSE	10	44	forest	141	Green urban areas
965	Stormossen	P	756	6580897.76259984	517578.719352727	Örebro län	Svensk Dagfjärilsövervakning, LU	312	Coniferous forest	Forest	0	FALSE	24	44	forest	312	Coniferous forest
2747	Djurö Runö	T	158	6579398.64433883	711395.37768264	Stockholms län	Svensk Dagfjärilsövervakning, LU	312	Coniferous forest	Forest	0	FALSE	24	0	ocean / no data	312	Coniferous forest
3655	Ektorp, Nacka	P	34	6579327.95031155	682276.221200779	Stockholms län	Svensk Dagfjärilsövervakning, LU	112	Discontinuous urban fabric	Urban	0	FALSE	2	11	urban	112	Discontinuous urban fabric
155	Hammars Hammar 32	P	57	6579325.15646757	415859.031144139	Värmlands län	Svensk Dagfjärilsövervakning, LU	411	Inland marshes	Other	0	FALSE	35	22	cropland	411	Inland marshes
3653	Finnberget, Nacka	P	14	6579182.94894573	678228.607205214	Stockholms län	Svensk Dagfjärilsövervakning, LU	141	Green urban areas	Urban	0	FALSE	10	11	urban	141	Green urban areas
502	Tryffelvägen 22	P	193	6579068.73678807	684979.950351818	Stockholms län	Svensk Dagfjärilsövervakning, LU	112	Discontinuous urban fabric	Urban	0	FALSE	2	11	urban	112	Discontinuous urban fabric
156	Hammars Hammar- slinga	T	87	6579058.99109207	415670.341261219	Värmlands län	Svensk Dagfjärilsövervakning, LU	211	Non-irrigated arable land	Cropland	0	FALSE	12	22	cropland	211	Non-irrigated arable land
568	Tantolundarna	T	390	6578840.16282977	673122.579557616	Stockholms län	Svensk Dagfjärilsövervakning, LU	141	Green urban areas	Urban	0	FALSE	10	11	urban	141	Green urban areas
590	Menhammarsviken	P	5	6578558.68801828	651610.768279778	Stockholms län	Svensk Dagfjärilsövervakning, LU	142	Sport and leisure facilities	Urban	0	FALSE	11	77	water	142	Sport and leisure facilities
531	Uvberget i Vilstaskogen	P	4	6578338.01620035	584663.536387312	Södermanlands län	Svensk Dagfjärilsövervakning, LU	312	Coniferous forest	Forest	0	FALSE	24	44	forest	312	Coniferous forest
3559	Sickla	T	15	6577760.78736614	677370.966597948	Stockholms län	Svensk Dagfjärilsövervakning, LU	141	Green urban areas	Urban	0	FALSE	10	11	urban	141	Green urban areas
3720	Runmarö	T	678	6576069.8592183	714270.351314686	Stockholms län	Biogeografisk uppföljning av fjärilar, LU	312	Coniferous forest	Forest	0	FALSE	24	44	forest	312	Coniferous forest
4297	Dalens Koloniförening	P	12	6576016.7778142	676769.180664233	Stockholms län	Svensk Dagfjärilsövervakning, LU	112	Discontinuous urban fabric	Urban	0	FALSE	2	11	urban	112	Discontinuous urban fabric
3739	Tegen	T	237	6575503.46781347	339874.013091482	Värmlands län	Biogeografisk uppföljning av fjärilar, LU	312	Coniferous forest	Forest	0	FALSE	24	44	forest	312	Coniferous forest
3805	Lövbråten	P	30	6575493.13150274	485246.710070824	Örebro län	Svensk Dagfjärilsövervakning, LU	312	Coniferous forest	Forest	0	FALSE	24	44	forest	312	Coniferous forest
683	Sätraskogen	P	10	6575492.93260659	665294.426684263	Stockholms län	Svensk Dagfjärilsövervakning, LU	313	Mixed forest	Forest	0	FALSE	25	44	forest	313	Mixed forest
4055	Hallmyra gård	T	32	6574960.78001481	618769.106549934	Södermanlands län	Svensk Dagfjärilsövervakning, LU	211	Non-irrigated arable land	Cropland	0	FALSE	12	44	forest	211	Non-irrigated arable land
3274	Västerängsvägen 2, Älvsjö	P	122	6574605.69560689	670218.333356568	Stockholms län	Svensk Dagfjärilsövervakning, LU	112	Discontinuous urban fabric	Urban	0	FALSE	2	11	urban	112	Discontinuous urban fabric
3834	Göransudde	P	122	6573898.32940129	441602.464979937	Värmlands län	Svensk Dagfjärilsövervakning, LU	512	Water bodies	Other	0	FALSE	41	44	forest	512	Water bodies
3781	Korpberget och Vårbergstoppen	T	970	6573681.48120204	663909.596133313	Stockholms län	Svensk Dagfjärilsövervakning, LU	141	Green urban areas	Urban	0	FALSE	10	11	urban	141	Green urban areas
3299	Långviksträsk	P	11	6571774.98859969	698790.295482239	Stockholms län	Svensk Dagfjärilsövervakning, LU	312	Coniferous forest	Forest	0	FALSE	24	44	forest	312	Coniferous forest
304	Källbrinks IP – Källviks gård	T	3786	6571087.62023851	668015.287276811	Stockholms län	Svensk Dagfjärilsövervakning, LU	312	Coniferous forest	Forest	0	FALSE	24	44	forest	312	Coniferous forest
3294	Gruvvägen 6, Ingarö	T	177	6570939.66220656	698671.42181175	Stockholms län	Svensk Dagfjärilsövervakning, LU	112	Discontinuous urban fabric	Urban	0	FALSE	2	0	ocean / no data	112	Discontinuous urban fabric
216	Fjärilslunden	P	38	6570380.05269313	513176.562982159	Örebro län	Svensk Dagfjärilsövervakning, LU	112	Discontinuous urban fabric	Urban	0	FALSE	2	11	urban	112	Discontinuous urban fabric
2866	Åkerskolan, Åkers styckebruk	T	12	6570336.4618723	620309.731095109	Södermanlands län	Svensk Dagfjärilsövervakning, LU	112	Discontinuous urban fabric	Urban	0	FALSE	2	11	urban	112	Discontinuous urban fabric
3637	Hörningsnäs, Huddinge	P	1	6570129.93464544	671333.321911334	Stockholms län	Artportalen, SLU	112	Discontinuous urban fabric	Urban	0	FALSE	2	11	urban	112	Discontinuous urban fabric
3806	Lilla Charlottenlund	P	50	6569272.39732467	508297.657392481	Örebro län	Svensk Dagfjärilsövervakning, LU	243	Land principally occupied by agriculture with significant areas of natural vegetation	Cropland	0	FALSE	21	22	cropland	243	Land principally occupied by agriculture with significant areas of natural vegetation
3298	Norra Nämdö	P	232	6569106.55559808	712607.840723805	Stockholms län	Svensk Dagfjärilsövervakning, LU	312	Coniferous forest	Forest	0	FALSE	24	44	forest	312	Coniferous forest
3974	Södra skogen, Örebro	P	45	6568328.79112562	506732.622956921	Örebro län	Svensk Dagfjärilsövervakning, LU	313	Mixed forest	Forest	0	FALSE	25	44	forest	313	Mixed forest
3604	Ågestaslingan	T	3	6568310.52810267	675076.726100959	Stockholms län	Svensk Dagfjärilsövervakning, LU	231	Pastures	Pasture/Rangeland	0	FALSE	18	55	unmanaged grass / shrubland	231	Pastures
2946	Dymmelkärrsvägen	P	68	6567932.78112533	666744.678238481	Stockholms län	Svensk Dagfjärilsövervakning, LU	112	Discontinuous urban fabric	Urban	0	FALSE	2	11	urban	112	Discontinuous urban fabric
177	Lina Hage	T	124	6567719.59615772	647384.770503834	Stockholms län	Svensk Dagfjärilsövervakning, LU	313	Mixed forest	Forest	0	FALSE	25	44	forest	313	Mixed forest
802	Markaskogen	P	148	6567392.62784218	515370.958396542	Örebro län	Svensk Dagfjärilsövervakning, LU	312	Coniferous forest	Forest	0	FALSE	24	44	forest	312	Coniferous forest
801	Granvägen, Brickebacken	P	78	6567113.70730471	514129.757343004	Örebro län	Svensk Dagfjärilsövervakning, LU	112	Discontinuous urban fabric	Urban	0	FALSE	2	11	urban	112	Discontinuous urban fabric
4075	Mörtö 161, Nämdö	P	29	6562802.50064629	706670.830012361	Stockholms län	Svensk Dagfjärilsövervakning, LU	312	Coniferous forest	Forest	0	FALSE	24	0	ocean / no data	312	Coniferous forest
142	Tillflykten	P	304	6561737.65228179	658790.000832924	Stockholms län	Svensk Dagfjärilsövervakning, LU	312	Coniferous forest	Forest	0	FALSE	24	44	forest	312	Coniferous forest
746	Solmora	P	576	6561245.81675714	609088.259788133	Södermanlands län	Svensk Dagfjärilsövervakning, LU	324	Transitional woodland-shrub	Unmanaged grass/shrubland	0	FALSE	29	44	forest	324	Transitional woodland-shrub
795	Sandemar	T	171	6560223.05357451	693456.775315268	Stockholms län	Svensk Dagfjärilsövervakning, LU	312	Coniferous forest	Forest	0	FALSE	24	44	forest	312	Coniferous forest
373	Svartsjö-Sörstugan	T	9032	6560029.23311303	581304.949213545	Södermanlands län	Svensk Dagfjärilsövervakning, LU	312	Coniferous forest	Forest	0	FALSE	24	44	forest	312	Coniferous forest
1032	Kråkviken 9784	T	35	6558780.88993522	340981.86423947	Västra Götalands län	Länsstyrelsen i Västra Götalands län	243	Land principally occupied by agriculture with significant areas of natural vegetation	Cropland	0	FALSE	21	44	forest	243	Land principally occupied by agriculture with significant areas of natural vegetation
1031	Kråkviken 358	T	66	6558770.14930973	340672.161086224	Västra Götalands län	Länsstyrelsen i Västra Götalands län	243	Land principally occupied by agriculture with significant areas of natural vegetation	Cropland	0	FALSE	21	44	forest	243	Land principally occupied by agriculture with significant areas of natural vegetation
3748	Yttre Hedane	T	87	6557621.63614172	361083.283096694	Värmlands län	Biogeografisk uppföljning av fjärilar, LU	312	Coniferous forest	Forest	0	FALSE	24	44	forest	312	Coniferous forest
504	Ekebo	P	515	6557375.93519705	563597.925826302	Södermanlands län	Svensk Dagfjärilsövervakning, LU	211	Non-irrigated arable land	Cropland	0	FALSE	12	22	cropland	211	Non-irrigated arable land
732	Sandåsen	P	805	6556130.08318579	608100.329178552	Södermanlands län	Svensk Dagfjärilsövervakning, LU	312	Coniferous forest	Forest	0	FALSE	24	44	forest	312	Coniferous forest
244	Fågelåsen	P	1079	6555595.73088403	466640.591549748	Örebro län	Svensk Dagfjärilsövervakning, LU	211	Non-irrigated arable land	Cropland	0	FALSE	12	44	forest	211	Non-irrigated arable land
4254	Björnhovda	P	179	6555385.67630354	530179.202821398	Örebro län	Svensk Dagfjärilsövervakning, LU	211	Non-irrigated arable land	Cropland	0	FALSE	12	22	cropland	211	Non-irrigated arable land
733	Västertorp	T	3126	6554992.8213496	602925.311617068	Södermanlands län	Svensk Dagfjärilsövervakning, LU	313	Mixed forest	Forest	0	FALSE	25	44	forest	313	Mixed forest
3807	Rosendalen 2	T	2004	6554592.60292838	378899.891364145	Värmlands län	Svensk Dagfjärilsövervakning, LU	211	Non-irrigated arable land	Cropland	0	FALSE	12	44	forest	211	Non-irrigated arable land
747	Lillsjön norra, Malmköping	P	110	6553473.28886067	603264.588957906	Södermanlands län	Svensk Dagfjärilsövervakning, LU	242	Complex cultivation patterns	Cropland	0	FALSE	20	44	forest	242	Complex cultivation patterns
2810	Sommerstakullarna	T	40	6552650.72709001	452639.848474521	Värmlands län	Biogeografisk uppföljning av fjärilar, LU	211	Non-irrigated arable land	Cropland	0	FALSE	12	22	cropland	211	Non-irrigated arable land
2928	Hällabrottet SO 2	T	242	6552059.46289113	512937.162219016	Örebro län	Svensk Dagfjärilsövervakning, LU	112	Discontinuous urban fabric	Urban	0	FALSE	2	22	cropland	112	Discontinuous urban fabric
2927	Hällabrottet SO 1	T	565	6552058.54343609	512364.370825296	Örebro län	Svensk Dagfjärilsövervakning, LU	243	Land principally occupied by agriculture with significant areas of natural vegetation	Cropland	0	FALSE	21	44	forest	243	Land principally occupied by agriculture with significant areas of natural vegetation
4283	Skärjedalen	T	16	6551263.49076882	279657.97478074	Västra Götalands län	Svensk Dagfjärilsövervakning, LU	312	Coniferous forest	Forest	0	FALSE	24	44	forest	312	Coniferous forest
1018	Bräcke ängar	T	27	6547861.26861146	355670.08559268	Västra Götalands län	Länsstyrelsen i Västra Götalands län	313	Mixed forest	Forest	0	FALSE	25	44	forest	313	Mixed forest
2886	Lillvadet	P	79	6547801.71339345	442040.868385285	Värmlands län	Svensk Dagfjärilsövervakning, LU	313	Mixed forest	Forest	0	FALSE	25	44	forest	313	Mixed forest
1017	Bräcke ängar slåtteräng	T	95	6547744.90674769	355883.380109767	Västra Götalands län	Länsstyrelsen i Västra Götalands län	313	Mixed forest	Forest	0	FALSE	25	44	forest	313	Mixed forest
539	Soldatvägen 11-12	P	1511	6546602.20171411	504478.028955731	Örebro län	Svensk Dagfjärilsövervakning, LU	211	Non-irrigated arable land	Cropland	0	FALSE	12	22	cropland	211	Non-irrigated arable land
179	Källtorp	P	596	6546471.74955033	513215.552584042	Örebro län	Svensk Dagfjärilsövervakning, LU	313	Mixed forest	Forest	0	FALSE	25	44	forest	313	Mixed forest
2811	Rudskoga	T	36	6545758.21582744	456999.316571703	Värmlands län	Biogeografisk uppföljning av fjärilar, LU	211	Non-irrigated arable land	Cropland	0	FALSE	12	22	cropland	211	Non-irrigated arable land
3712	Muskö	T	219	6542520.04949409	680078.608966036	Stockholms län	Biogeografisk uppföljning av fjärilar, LU	231	Pastures	Pasture/Rangeland	0	FALSE	18	44	forest	231	Pastures
695	Sjöholms skola	P	2	6540525.37902945	565802.790588557	Södermanlands län	Svensk Dagfjärilsövervakning, LU	312	Coniferous forest	Forest	0	FALSE	24	44	forest	312	Coniferous forest
2808	Sörön	T	597	6540210.175868	443385.957841662	Västra Götalands län	Biogeografisk uppföljning av fjärilar, LU	231	Pastures	Pasture/Rangeland	0	FALSE	18	44	forest	231	Pastures
3574	Andravägen 35, Ösmo	P	369	6540106.01000915	662890.571377847	Södermanlands län	Svensk Dagfjärilsövervakning, LU	313	Mixed forest	Forest	0	FALSE	25	44	forest	313	Mixed forest
700	Oppeby 3:39	P	674	6539851.52112649	631022.773638121	Södermanlands län	Svensk Dagfjärilsövervakning, LU	112	Discontinuous urban fabric	Urban	0	FALSE	2	44	forest	112	Discontinuous urban fabric
1005	Baldersnäs 1677	T	15	6538943.0410544705	343089.479359935	Västra Götalands län	Länsstyrelsen i Västra Götalands län	211	Non-irrigated arable land	Cropland	0	FALSE	12	77	water	211	Non-irrigated arable land
2812	Älvstorp	T	80	6538058.07572946	446865.462310793	Västra Götalands län	Biogeografisk uppföljning av fjärilar, LU	211	Non-irrigated arable land	Cropland	0	FALSE	12	22	cropland	211	Non-irrigated arable land
3302	Lånestaheden	T	370	6537375.22230306	643223.166484884	Södermanlands län	Svensk Dagfjärilsövervakning, LU	311	Broad-leaved forest	Forest	0	FALSE	23	11	urban	311	Broad-leaved forest
129	Ragnerud	T	1252	6536958.53003112	350911.264899407	Västra Götalands län	Svensk Dagfjärilsövervakning, LU	312	Coniferous forest	Forest	0	FALSE	24	44	forest	312	Coniferous forest
3734	Stora Vika A	T	105	6536059.98103954	661171.686993325	Södermanlands län	Biogeografisk uppföljning av fjärilar, LU	312	Coniferous forest	Forest	0	FALSE	24	44	forest	312	Coniferous forest
4266	Tisenö	P	36	6534610.56206611	553157.835215273	Östergötlands län	Svensk Dagfjärilsövervakning, LU	313	Mixed forest	Forest	0	FALSE	25	44	forest	313	Mixed forest
353	Björkbacken	P	397	6534410.51135089	618572.118030818	Södermanlands län	Svensk Dagfjärilsövervakning, LU	312	Coniferous forest	Forest	0	FALSE	24	44	forest	312	Coniferous forest
3605	Mellanvik, Sättersta	P	9	6534138.83562967	630202.858822856	Södermanlands län	Artportalen, SLU	312	Coniferous forest	Forest	0	FALSE	24	44	forest	312	Coniferous forest
617	Grönsta	P	5	6533358.1852364	663636.842479191	Södermanlands län	Svensk Dagfjärilsövervakning, LU	313	Mixed forest	Forest	0	FALSE	25	44	forest	313	Mixed forest
186	Brostugan Ludgo	T	679	6533193.84134783	623303.74010812	Södermanlands län	Svensk Dagfjärilsövervakning, LU	211	Non-irrigated arable land	Cropland	0	FALSE	12	44	forest	211	Non-irrigated arable land
3172	Ramnefjällsvägen 33	P	10	6532214.57429213	272158.746308699	Västra Götalands län	Svensk Dagfjärilsövervakning, LU	142	Sport and leisure facilities	Urban	0	FALSE	11	44	forest	142	Sport and leisure facilities
3746	Vårdkasberget	T	65	6530032.18746733	642602.841505388	Södermanlands län	Biogeografisk uppföljning av fjärilar, LU	243	Land principally occupied by agriculture with significant areas of natural vegetation	Cropland	0	FALSE	21	22	cropland	243	Land principally occupied by agriculture with significant areas of natural vegetation
2935	Trosaskogen	T	30	6529766.61917719	643380.889875349	Södermanlands län	Svensk Dagfjärilsövervakning, LU	312	Coniferous forest	Forest	0	FALSE	24	44	forest	312	Coniferous forest
130	Tollesbyn	P	30	6529672.39353513	362186.288598033	Västra Götalands län	Svensk Dagfjärilsövervakning, LU	211	Non-irrigated arable land	Cropland	0	FALSE	12	22	cropland	211	Non-irrigated arable land
116	Ekbacka	P	166	6529285.97045463	540615.876808307	Östergötlands län	Svensk Dagfjärilsövervakning, LU	243	Land principally occupied by agriculture with significant areas of natural vegetation	Cropland	0	FALSE	21	44	forest	243	Land principally occupied by agriculture with significant areas of natural vegetation
3135	Trollemyr, Naverstads-Amunderöd	P	153	6528457.41706438	298885.945598019	Västra Götalands län	Svensk Dagfjärilsövervakning, LU	312	Coniferous forest	Forest	0	FALSE	24	44	forest	312	Coniferous forest
3147	Lersik Gård 1	P	6	6528403.03676019	303741.754862049	Västra Götalands län	Svensk Dagfjärilsövervakning, LU	211	Non-irrigated arable land	Cropland	0	FALSE	12	44	forest	211	Non-irrigated arable land
360	Kasen, Känsbyn	P	2470	6527237.31622656	354695.562058574	Västra Götalands län	Svensk Dagfjärilsövervakning, LU	312	Coniferous forest	Forest	0	FALSE	24	44	forest	312	Coniferous forest
3688	Grönsö	T	358	6526352.54382678	642738.166143885	Södermanlands län	Biogeografisk uppföljning av fjärilar, LU	243	Land principally occupied by agriculture with significant areas of natural vegetation	Cropland	0	FALSE	21	44	forest	243	Land principally occupied by agriculture with significant areas of natural vegetation
4056	Bränntorp, Rejmyre	T	4	6526043.21502842	560882.840742747	Östergötlands län	Svensk Dagfjärilsövervakning, LU	112	Discontinuous urban fabric	Urban	0	FALSE	2	44	forest	112	Discontinuous urban fabric
3752	Östra Grönsö	T	141	6525878.24827165	643203.790182562	Södermanlands län	Biogeografisk uppföljning av fjärilar, LU	312	Coniferous forest	Forest	0	FALSE	24	44	forest	312	Coniferous forest
696	Dohnaforsån	P	51	6524909.33470051	493311.73102245	Örebro län	Svensk Dagfjärilsövervakning, LU	211	Non-irrigated arable land	Cropland	0	FALSE	12	22	cropland	211	Non-irrigated arable land
4086	Källstugan Hagbyberga	P	3	6524455.14865743	589058.247204215	Södermanlands län	Svensk Dagfjärilsövervakning, LU	211	Non-irrigated arable land	Cropland	0	FALSE	12	44	forest	211	Non-irrigated arable land
131	Dammen, Närke	P	378	6523880.69512132	485509.028421344	Örebro län	Svensk Dagfjärilsövervakning, LU	312	Coniferous forest	Forest	0	FALSE	24	44	forest	312	Coniferous forest
481	Verkarö	P	459	6523675.03685135	665145.302505621	Stockholms län	Svensk Dagfjärilsövervakning, LU	313	Mixed forest	Forest	0	FALSE	25	44	forest	313	Mixed forest
3756	Yttervik, Trosa	T	307	6523537.94242773	642061.214125187	Södermanlands län	Biogeografisk uppföljning av fjärilar, LU	312	Coniferous forest	Forest	0	FALSE	24	44	forest	312	Coniferous forest
137	Sandviken	P	83	6522613.98711985	654003.06579746	Södermanlands län	Svensk Dagfjärilsövervakning, LU	312	Coniferous forest	Forest	0	FALSE	24	44	forest	312	Coniferous forest
133	Askö kraftledningsgata	T	17	6522503.95343939	653334.514673408	Södermanlands län	Svensk Dagfjärilsövervakning, LU	312	Coniferous forest	Forest	0	FALSE	24	77	water	312	Coniferous forest
135	Askö 1-7	P	592	6522136.95011705	654324.753374095	Södermanlands län	Svensk Dagfjärilsövervakning, LU	312	Coniferous forest	Forest	0	FALSE	24	44	forest	312	Coniferous forest
136	Askötorp	P	29	6521637.88348782	654726.691474223	Södermanlands län	Svensk Dagfjärilsövervakning, LU	312	Coniferous forest	Forest	0	FALSE	24	44	forest	312	Coniferous forest
2651	Torö-Örudden	P	38	6521556.75580147	662269.319296442	Stockholms län	Svensk Dagfjärilsövervakning, LU	312	Coniferous forest	Forest	0	FALSE	24	0	ocean / no data	312	Coniferous forest
3742	Tofsö	T	146	6521064.56329018	641740.073031081	Södermanlands län	Biogeografisk uppföljning av fjärilar, LU	523	Sea and ocean	Other	0	FALSE	44	44	forest	523	Sea and ocean
380	Brandgata södra Askö	T	31	6520957.5850258	655438.755838723	Södermanlands län	Svensk Dagfjärilsövervakning, LU	312	Coniferous forest	Forest	0	FALSE	24	44	forest	312	Coniferous forest
134	Askö skjutfält	T	117	6520812.30473907	655911.419663762	Södermanlands län	Svensk Dagfjärilsövervakning, LU	312	Coniferous forest	Forest	0	FALSE	24	77	water	312	Coniferous forest
358	Silltäck	P	118	6520105.77278817	278850.720234328	Västra Götalands län	Svensk Dagfjärilsövervakning, LU	333	Sparsely vegetated areas	Sparse/no vegetation	0	FALSE	32	77	water	333	Sparsely vegetated areas
343	Uddeberg	P	128	6519840.77855402	503572.08258043	Örebro län	Svensk Dagfjärilsövervakning, LU	211	Non-irrigated arable land	Cropland	0	FALSE	12	44	forest	211	Non-irrigated arable land
491	Bosjö mossar	P	170	6518804.62111333	478701.767843422	Örebro län	Svensk Dagfjärilsövervakning, LU	324	Transitional woodland-shrub	Unmanaged grass/shrubland	0	FALSE	29	44	forest	324	Transitional woodland-shrub
895	Hålstorp	P	4	6517951.12089908	584431.793740049	Södermanlands län	Svensk Dagfjärilsövervakning, LU	242	Complex cultivation patterns	Cropland	0	FALSE	20	44	forest	242	Complex cultivation patterns
222	Torstorpamon	T	1573	6516954.77021045	488371.38144457	Örebro län	Svensk Dagfjärilsövervakning, LU	312	Coniferous forest	Forest	0	FALSE	24	44	forest	312	Coniferous forest
2787	Björnås	P	175	6510739.81642724	284354.245681111	Västra Götalands län	Svensk Dagfjärilsövervakning, LU	311	Broad-leaved forest	Forest	0	FALSE	23	55	unmanaged grass / shrubland	311	Broad-leaved forest
3129	Olshammar Hindstorp	T	152	6510468.53207726	488316.481834727	Örebro län	Svensk Dagfjärilsövervakning, LU	312	Coniferous forest	Forest	0	FALSE	24	77	water	312	Coniferous forest
3798	Häljebo	T	573	6507398.08736511	301896.015517982	Västra Götalands län	Svensk Dagfjärilsövervakning, LU	312	Coniferous forest	Forest	0	FALSE	24	44	forest	312	Coniferous forest
283	Rosenfors	P	222	6506490.60185968	430844.717589983	Västra Götalands län	Svensk Dagfjärilsövervakning, LU	112	Discontinuous urban fabric	Urban	0	FALSE	2	11	urban	112	Discontinuous urban fabric
2643	Hallen	P	284	6505110.15548629	420449.95841323	Västra Götalands län	Artportalen, SLU	211	Non-irrigated arable land	Cropland	0	FALSE	12	44	forest	211	Non-irrigated arable land
604	Stenvik, Oxelösund	P	29	6504600.16202218	621229.53001761	Södermanlands län	Svensk Dagfjärilsövervakning, LU	112	Discontinuous urban fabric	Urban	0	FALSE	2	44	forest	112	Discontinuous urban fabric
2624	Högarud, Hästhagen	T	206	6504173.96029096	420731.094036839	Västra Götalands län	Artportalen, SLU	312	Coniferous forest	Forest	0	FALSE	24	22	cropland	312	Coniferous forest
2645	Hjorthygget	P	19	6504162.46797706	419442.814721389	Västra Götalands län	Artportalen, SLU	324	Transitional woodland-shrub	Unmanaged grass/shrubland	0	FALSE	29	44	forest	324	Transitional woodland-shrub
1100	Ejdervägen 8, Kolmården	P	19	6503830.7550323	577688.507214621	Östergötlands län	Svensk Dagfjärilsövervakning, LU	112	Discontinuous urban fabric	Urban	0	FALSE	2	44	forest	112	Discontinuous urban fabric
3831	Årnäs Torsmadsvägen 10	P	5	6503702.20852685	417658.161395503	Västra Götalands län	Artportalen, SLU	211	Non-irrigated arable land	Cropland	0	FALSE	12	22	cropland	211	Non-irrigated arable land
605	Femöre naturreservat	T	12	6503269.63464588	621327.50811488	Södermanlands län	Svensk Dagfjärilsövervakning, LU	312	Coniferous forest	Forest	0	FALSE	24	0	ocean / no data	312	Coniferous forest
2644	Visslaren	P	233	6502189.86076263	418652.900400252	Västra Götalands län	Artportalen, SLU	324	Transitional woodland-shrub	Unmanaged grass/shrubland	0	FALSE	29	44	forest	324	Transitional woodland-shrub
1024	Grinstad	T	13	6502125.94899612	356807.932771845	Västra Götalands län	Länsstyrelsen i Västra Götalands län	211	Non-irrigated arable land	Cropland	0	FALSE	12	22	cropland	211	Non-irrigated arable land
754	Dordislund	T	357	6501181.10307717	389450.777009918	Västra Götalands län	Svensk Dagfjärilsövervakning, LU	313	Mixed forest	Forest	0	FALSE	25	44	forest	313	Mixed forest
2797	Österhagen	P	1	6500487.68852608	597988.429960666	Östergötlands län	Svensk Dagfjärilsövervakning, LU	211	Non-irrigated arable land	Cropland	0	FALSE	12	44	forest	211	Non-irrigated arable land
1060	Österäng A	T	9	6500423.92974491	415681.492123098	Västra Götalands län	Länsstyrelsen i Västra Götalands län	243	Land principally occupied by agriculture with significant areas of natural vegetation	Cropland	0	FALSE	21	44	forest	243	Land principally occupied by agriculture with significant areas of natural vegetation
1061	Österäng B	T	40	6500325.44578125	415720.658529051	Västra Götalands län	Länsstyrelsen i Västra Götalands län	243	Land principally occupied by agriculture with significant areas of natural vegetation	Cropland	0	FALSE	21	44	forest	243	Land principally occupied by agriculture with significant areas of natural vegetation
3923	Gubbalyckan	P	389	6498905.91317787	428181.117789166	Västra Götalands län	Svensk Dagfjärilsövervakning, LU	324	Transitional woodland-shrub	Unmanaged grass/shrubland	0	FALSE	29	44	forest	324	Transitional woodland-shrub
2660	Bölets ängar 2	T	414	6497581.56252404	471777.81242348	Västra Götalands län	Svensk Dagfjärilsövervakning, LU	313	Mixed forest	Forest	0	FALSE	25	44	forest	313	Mixed forest
3139	Rösgången-De Geersgatan	T	3	6497212.17589222	567006.033885735	Östergötlands län	Svensk Dagfjärilsövervakning, LU	112	Discontinuous urban fabric	Urban	0	FALSE	2	11	urban	112	Discontinuous urban fabric
2665	Klangahamn	P	14	6497165.48367306	473255.234068247	Västra Götalands län	Svensk Dagfjärilsövervakning, LU	313	Mixed forest	Forest	0	FALSE	25	77	water	313	Mixed forest
584	Läckö	T	14	6496951.84995415	392169.314186991	Västra Götalands län	Trafikverket	211	Non-irrigated arable land	Cropland	0	FALSE	12	22	cropland	211	Non-irrigated arable land
2694	Ängsvägen, Färgelanda	P	175	6496368.82479246	324697.636599103	Västra Götalands län	Svensk Dagfjärilsövervakning, LU	112	Discontinuous urban fabric	Urban	0	FALSE	2	22	cropland	112	Discontinuous urban fabric
579	Åbacken	P	115	6496195.24004978	323726.270879532	Västra Götalands län	Svensk Dagfjärilsövervakning, LU	211	Non-irrigated arable land	Cropland	0	FALSE	12	44	forest	211	Non-irrigated arable land
2682	Stigevivägen 18	P	170	6496187.47929562	329067.372027507	Västra Götalands län	Svensk Dagfjärilsövervakning, LU	112	Discontinuous urban fabric	Urban	0	FALSE	2	44	forest	112	Discontinuous urban fabric
4077	Krabbäng Moholm	T	860	6496182.9014142295	444552.750845092	Västra Götalands län	Svensk Dagfjärilsövervakning, LU	112	Discontinuous urban fabric	Urban	0	FALSE	2	11	urban	112	Discontinuous urban fabric
3190	Kulan, Kulla	P	16	6494907.61547884	509061.09063508	Östergötlands län	Svensk Dagfjärilsövervakning, LU	312	Coniferous forest	Forest	0	FALSE	24	44	forest	312	Coniferous forest
316	Brattefors 10	P	37	6494210.98671224	300078.778475827	Västra Götalands län	Svensk Dagfjärilsövervakning, LU	312	Coniferous forest	Forest	0	FALSE	24	44	forest	312	Coniferous forest
1038	Medelplana 1930	T	14	6493821.84671195	406187.258086541	Västra Götalands län	Länsstyrelsen i Västra Götalands län	211	Non-irrigated arable land	Cropland	0	FALSE	12	44	forest	211	Non-irrigated arable land
2871	Hageby, Norrköping	T	100	6493196.43264222	569013.71616607	Östergötlands län	Svensk Dagfjärilsövervakning, LU	112	Discontinuous urban fabric	Urban	0	FALSE	2	11	urban	112	Discontinuous urban fabric
3185	Åkaregatan 3	P	89	6492763.66497991	569938.655067777	Östergötlands län	Svensk Dagfjärilsövervakning, LU	112	Discontinuous urban fabric	Urban	0	FALSE	2	11	urban	112	Discontinuous urban fabric
948	Forsa	P	109	6492526.38522165	464772.342998345	Västra Götalands län	Svensk Dagfjärilsövervakning, LU	312	Coniferous forest	Forest	0	FALSE	24	44	forest	312	Coniferous forest
583	Tolsjö	T	41	6492343.57219982	390462.535869391	Västra Götalands län	Trafikverket	211	Non-irrigated arable land	Cropland	0	FALSE	12	22	cropland	211	Non-irrigated arable land
1059	Österplana 6084	T	59	6492234.12474619	407729.617080903	Västra Götalands län	Länsstyrelsen i Västra Götalands län	242	Complex cultivation patterns	Cropland	0	FALSE	20	22	cropland	242	Complex cultivation patterns
3296	Bikullen	T	155	6491336.49901743	317697.111543283	Västra Götalands län	Svensk Dagfjärilsövervakning, LU	312	Coniferous forest	Forest	0	FALSE	24	44	forest	312	Coniferous forest
878	Gustavslund, 300 m SV	T	36	6487354.11474564	556856.384498169	Östergötlands län	Svensk Dagfjärilsövervakning, LU	312	Coniferous forest	Forest	0	FALSE	24	44	forest	312	Coniferous forest
3266	Nordens Ark, Vägen i Ekoparken	T	8	6484052.12229905	291184.200899854	Västra Götalands län	Svensk Dagfjärilsövervakning, LU	324	Transitional woodland-shrub	Unmanaged grass/shrubland	0	FALSE	29	44	forest	324	Transitional woodland-shrub
3267	Nordens Ark, Grushålan	T	119	6483938.10407063	292258.924776498	Västra Götalands län	Svensk Dagfjärilsövervakning, LU	313	Mixed forest	Forest	0	FALSE	25	44	forest	313	Mixed forest
3245	Nordens Ark, Eldfältet	T	28	6483347.55716228	291351.565604777	Västra Götalands län	Svensk Dagfjärilsövervakning, LU	211	Non-irrigated arable land	Cropland	0	FALSE	12	44	forest	211	Non-irrigated arable land
243	Säter Stenbäcken	P	764	6483063.51637098	433227.224390912	Västra Götalands län	Svensk Dagfjärilsövervakning, LU	311	Broad-leaved forest	Forest	0	FALSE	23	44	forest	311	Broad-leaved forest
444	Hönsa	P	37	6482577.42121589	451779.131667446	Västra Götalands län	Svensk Dagfjärilsövervakning, LU	211	Non-irrigated arable land	Cropland	0	FALSE	12	11	urban	211	Non-irrigated arable land
2879	Sjöhagen 333	P	38	6480976.24447684	306359.150291661	Västra Götalands län	Svensk Dagfjärilsövervakning, LU	312	Coniferous forest	Forest	0	FALSE	24	0	ocean / no data	312	Coniferous forest
1080	Tranum Sandebo	P	134	6480352.06297199	375521.9755492	Västra Götalands län	Svensk Dagfjärilsövervakning, LU	211	Non-irrigated arable land	Cropland	0	FALSE	12	22	cropland	211	Non-irrigated arable land
3601	Blistad Bergslund	P	28	6479605.36702533	555102.90206107	Östergötlands län	Svensk Dagfjärilsövervakning, LU	211	Non-irrigated arable land	Cropland	0	FALSE	12	22	cropland	211	Non-irrigated arable land
2692	Gillstad	P	69	6478761.27083877	380554.545079455	Västra Götalands län	Svensk Dagfjärilsövervakning, LU	243	Land principally occupied by agriculture with significant areas of natural vegetation	Cropland	0	FALSE	21	22	cropland	243	Land principally occupied by agriculture with significant areas of natural vegetation
205	Bjälbovägen 63	P	3219	6477368.49000463	494282.965879396	Östergötlands län	Svensk Dagfjärilsövervakning, LU	112	Discontinuous urban fabric	Urban	0	FALSE	2	11	urban	112	Discontinuous urban fabric
753	Brastad-Lycke	T	107	6476155.52125554	293486.662385288	Västra Götalands län	Svensk Dagfjärilsövervakning, LU	311	Broad-leaved forest	Forest	0	FALSE	23	22	cropland	311	Broad-leaved forest
2762	Fiskartorpet, Eggby	T	1836	6476071.68799893	421733.24567724	Västra Götalands län	Svensk Dagfjärilsövervakning, LU	311	Broad-leaved forest	Forest	0	FALSE	23	44	forest	311	Broad-leaved forest
4232	Gullmarsberg Berget	P	2	6476063.44792811	302888.179506278	Västra Götalands län	Artportalen, SLU	312	Coniferous forest	Forest	0	FALSE	24	0	ocean / no data	312	Coniferous forest
880	Stintorp, 400 m SO	T	22	6475747.87605253	574561.602093605	Östergötlands län	Svensk Dagfjärilsövervakning, LU	312	Coniferous forest	Forest	0	FALSE	24	44	forest	312	Coniferous forest
881	Sandsveden	T	36	6475444.13668038	575160.080269988	Östergötlands län	Svensk Dagfjärilsövervakning, LU	312	Coniferous forest	Forest	0	FALSE	24	44	forest	312	Coniferous forest
127	Smärtungen	P	130	6475158.15747054	312316.544874645	Västra Götalands län	Svensk Dagfjärilsövervakning, LU	211	Non-irrigated arable land	Cropland	0	FALSE	12	22	cropland	211	Non-irrigated arable land
3225	Uddetorps naturbruksskola	T	1068	6474761.67278675	407761.385041156	Västra Götalands län	Svensk Dagfjärilsövervakning, LU	312	Coniferous forest	Forest	0	FALSE	24	44	forest	312	Coniferous forest
979	Askeby	P	1	6474441.74956542	549669.469249488	Östergötlands län	Svensk Dagfjärilsövervakning, LU	112	Discontinuous urban fabric	Urban	0	FALSE	2	22	cropland	112	Discontinuous urban fabric
2713	Taborsvägen 4	P	2	6472881.3169584	320553.147424124	Västra Götalands län	Svensk Dagfjärilsövervakning, LU	112	Discontinuous urban fabric	Urban	0	FALSE	2	11	urban	112	Discontinuous urban fabric
224	Tempelbacken	P	129	6472177.16906291	410786.975289904	Västra Götalands län	Svensk Dagfjärilsövervakning, LU	211	Non-irrigated arable land	Cropland	0	FALSE	12	22	cropland	211	Non-irrigated arable land
3177	Utpost Hållö	P	3	6472115.01648716	278495.291648962	Västra Götalands län	Svensk Dagfjärilsövervakning, LU	332	Bare rocks	Sparse/no vegetation	0	FALSE	31	77	water	332	Bare rocks
374	Nygårdsängens naturreservat	P	155	6471980.15205677	342666.663873496	Västra Götalands län	Svensk Dagfjärilsövervakning, LU	231	Pastures	Pasture/Rangeland	0	FALSE	18	77	water	231	Pastures
2680	Vadbacken	P	417	6471267.06754047	321039.240665582	Västra Götalands län	Svensk Dagfjärilsövervakning, LU	112	Discontinuous urban fabric	Urban	0	FALSE	2	11	urban	112	Discontinuous urban fabric
210	Haga, Gibbenäs	P	459	6468881.49338849	594564.650128699	Östergötlands län	Svensk Dagfjärilsövervakning, LU	312	Coniferous forest	Forest	0	FALSE	24	44	forest	312	Coniferous forest
4248	Lidvägen	P	5	6467997.37693019	314824.021492083	Västra Götalands län	Svensk Dagfjärilsövervakning, LU	112	Discontinuous urban fabric	Urban	0	FALSE	2	44	forest	112	Discontinuous urban fabric
2940	Opalvägen 10, Trollhättan	P	410	6467640.03466636	340458.925933416	Västra Götalands län	Svensk Dagfjärilsövervakning, LU	112	Discontinuous urban fabric	Urban	0	FALSE	2	44	forest	112	Discontinuous urban fabric
3979	Karlsviks koloniområde	T	166	6466517.36000525	341852.628681775	Västra Götalands län	Svensk Dagfjärilsövervakning, LU	231	Pastures	Pasture/Rangeland	0	FALSE	18	11	urban	231	Pastures
1006	Bolum	T	90	6466104.05261375	418384.292472979	Västra Götalands län	Länsstyrelsen i Västra Götalands län	231	Pastures	Pasture/Rangeland	0	FALSE	18	22	cropland	231	Pastures
2765	Grinnsjö	T	20	6465935.428612	350172.115040827	Västra Götalands län	Svensk Dagfjärilsövervakning, LU	312	Coniferous forest	Forest	0	FALSE	24	44	forest	312	Coniferous forest
774	Skår-Myren	T	509	6465774.5013598	296717.301686956	Västra Götalands län	Svensk Dagfjärilsövervakning, LU	312	Coniferous forest	Forest	0	FALSE	24	44	forest	312	Coniferous forest
295	Naturum Hornborgasjön	T	389	6465468.32178764	417214.446291037	Västra Götalands län	Svensk Dagfjärilsövervakning, LU	231	Pastures	Pasture/Rangeland	0	FALSE	18	22	cropland	231	Pastures
2732	Bolumsdreven	T	1205	6465110.35889453	419623.637810464	Västra Götalands län	Svensk Dagfjärilsövervakning, LU	211	Non-irrigated arable land	Cropland	0	FALSE	12	22	cropland	211	Non-irrigated arable land
180	Fridhem, Dags mosse	P	15	6464874.93009297	483586.749820202	Östergötlands län	Artportalen, SLU	312	Coniferous forest	Forest	0	FALSE	24	44	forest	312	Coniferous forest
2960	Hunneberg radiomasten	P	654	6464758.814831	349317.679286529	Västra Götalands län	Svensk Dagfjärilsövervakning, LU	312	Coniferous forest	Forest	0	FALSE	24	44	forest	312	Coniferous forest
807	Rörbäck	P	119	6463237.46941692	298923.412089851	Västra Götalands län	Svensk Dagfjärilsövervakning, LU	312	Coniferous forest	Forest	0	FALSE	24	44	forest	312	Coniferous forest
1010	Brunnhem 0706	T	40	6462991.47291441	423308.361530902	Västra Götalands län	Länsstyrelsen i Västra Götalands län	311	Broad-leaved forest	Forest	0	FALSE	23	22	cropland	311	Broad-leaved forest
1013	Brunnhem 9437	T	27	6462800.16747264	423609.518115431	Västra Götalands län	Länsstyrelsen i Västra Götalands län	211	Non-irrigated arable land	Cropland	0	FALSE	12	22	cropland	211	Non-irrigated arable land
1011	Brunnhem 7018	T	22	6462658.59877698	423306.350859647	Västra Götalands län	Länsstyrelsen i Västra Götalands län	211	Non-irrigated arable land	Cropland	0	FALSE	12	22	cropland	211	Non-irrigated arable land
1012	Brunnhem 7841	T	44	6462622.83562067	423658.620738529	Västra Götalands län	Länsstyrelsen i Västra Götalands län	211	Non-irrigated arable land	Cropland	0	FALSE	12	22	cropland	211	Non-irrigated arable land
3767	Västergärdets koloniområde	P	116	6462126.29781804	339812.385459531	Västra Götalands län	Svensk Dagfjärilsövervakning, LU	141	Green urban areas	Urban	0	FALSE	10	11	urban	141	Green urban areas
951	Torpet 1:6 trädgård	P	1092	6461071.75432559	325868.770492543	Västra Götalands län	Svensk Dagfjärilsövervakning, LU	312	Coniferous forest	Forest	0	FALSE	24	44	forest	312	Coniferous forest
2948	Horneksvägen 10, Skeda udde	P	506	6460805.01734949	532812.172772097	Östergötlands län	Svensk Dagfjärilsövervakning, LU	112	Discontinuous urban fabric	Urban	0	FALSE	2	44	forest	112	Discontinuous urban fabric
406	Fredenslund Linneberg 1:4	P	1705	6459335.39719026	312323.323194713	Västra Götalands län	Svensk Dagfjärilsövervakning, LU	312	Coniferous forest	Forest	0	FALSE	24	44	forest	312	Coniferous forest
3966	Skogen 13, Grundsund	P	119	6458168.0206619	289706.717917257	Västra Götalands län	Svensk Dagfjärilsövervakning, LU	112	Discontinuous urban fabric	Urban	0	FALSE	2	11	urban	112	Discontinuous urban fabric
2776	Övre Allén 12, Ljungskile	P	34	6457648.98108267	319467.42235304	Västra Götalands län	Svensk Dagfjärilsövervakning, LU	112	Discontinuous urban fabric	Urban	0	FALSE	2	11	urban	112	Discontinuous urban fabric
2723	Fjälla Mellangård	T	372	6456747.34437174	306852.525963362	Västra Götalands län	Svensk Dagfjärilsövervakning, LU	313	Mixed forest	Forest	0	FALSE	25	44	forest	313	Mixed forest
759	Skogastorp, Högstena	T	130	6456244.92171494	425263.29302864	Västra Götalands län	Trafikverket	243	Land principally occupied by agriculture with significant areas of natural vegetation	Cropland	0	FALSE	21	22	cropland	243	Land principally occupied by agriculture with significant areas of natural vegetation
1051	Skogastorp 746	T	47	6455969.17680271	425775.365232324	Västra Götalands län	Länsstyrelsen i Västra Götalands län	243	Land principally occupied by agriculture with significant areas of natural vegetation	Cropland	0	FALSE	21	44	forest	243	Land principally occupied by agriculture with significant areas of natural vegetation
3293	Baggeryrsvägen 24	P	96	6455578.97863083	339736.879174233	Västra Götalands län	Svensk Dagfjärilsövervakning, LU	312	Coniferous forest	Forest	0	FALSE	24	44	forest	312	Coniferous forest
3130	Baggeryr - Sjölanda	T	55	6455124.78982776	339700.339607648	Västra Götalands län	Svensk Dagfjärilsövervakning, LU	312	Coniferous forest	Forest	0	FALSE	24	44	forest	312	Coniferous forest
1033	Kungslena 5073	T	20	6454424.11535782	430055.956786402	Västra Götalands län	Länsstyrelsen i Västra Götalands län	211	Non-irrigated arable land	Cropland	0	FALSE	12	44	forest	211	Non-irrigated arable land
2748	Törestorps Boställe	P	150	6454405.81012724	408646.92748454	Västra Götalands län	Svensk Dagfjärilsövervakning, LU	243	Land principally occupied by agriculture with significant areas of natural vegetation	Cropland	0	FALSE	21	44	forest	243	Land principally occupied by agriculture with significant areas of natural vegetation
403	Fahls	P	296	6454312.32756549	421048.333073677	Västra Götalands län	Svensk Dagfjärilsövervakning, LU	211	Non-irrigated arable land	Cropland	0	FALSE	12	22	cropland	211	Non-irrigated arable land
60	Dammhult	P	141	6452674.8807423	551634.612372663	Östergötlands län	Svensk Dagfjärilsövervakning, LU	312	Coniferous forest	Forest	0	FALSE	24	44	forest	312	Coniferous forest
4255	Skogen 321	P	39	6451714.87430411	312996.232007097	Västra Götalands län	Svensk Dagfjärilsövervakning, LU	312	Coniferous forest	Forest	0	FALSE	24	44	forest	312	Coniferous forest
760	Åsle mosse, Åsle	T	133	6449381.02635579	421421.187404422	Västra Götalands län	Trafikverket	412	Peat bogs	Other	0	FALSE	36	22	cropland	412	Peat bogs
1047	Röd 2 1202	T	22	6448662.3827123	314477.92632093	Västra Götalands län	Länsstyrelsen i Västra Götalands län	312	Coniferous forest	Forest	0	FALSE	24	44	forest	312	Coniferous forest
1046	Röd 1 5317	T	48	6448092.15285775	314514.731941729	Västra Götalands län	Länsstyrelsen i Västra Götalands län	211	Non-irrigated arable land	Cropland	0	FALSE	12	22	cropland	211	Non-irrigated arable land
843	Boxvik slinga	T	46	6447020.03777781	293069.22800946	Västra Götalands län	Svensk Dagfjärilsövervakning, LU	333	Sparsely vegetated areas	Sparse/no vegetation	0	FALSE	32	44	forest	333	Sparsely vegetated areas
2690	Eksjöhult	P	485	6446966.63518399	528392.228996818	Östergötlands län	Svensk Dagfjärilsövervakning, LU	312	Coniferous forest	Forest	0	FALSE	24	44	forest	312	Coniferous forest
312	Surklev - Vasahagen	T	82	6446965.235874	544580.073685665	Östergötlands län	Svensk Dagfjärilsövervakning, LU	243	Land principally occupied by agriculture with significant areas of natural vegetation	Cropland	0	FALSE	21	44	forest	243	Land principally occupied by agriculture with significant areas of natural vegetation
280	Nösund	P	100	6445511.39291707	294359.51170296	Västra Götalands län	Svensk Dagfjärilsövervakning, LU	242	Complex cultivation patterns	Cropland	0	FALSE	20	0	ocean / no data	242	Complex cultivation patterns
488	Nösund, slinga	T	78	6445357.53908271	294698.149767204	Västra Götalands län	Svensk Dagfjärilsövervakning, LU	333	Sparsely vegetated areas	Sparse/no vegetation	0	FALSE	32	0	ocean / no data	333	Sparsely vegetated areas
1056	Ålleberg 4103	T	82	6445184.74119779	417476.189282785	Västra Götalands län	Länsstyrelsen i Västra Götalands län	211	Non-irrigated arable land	Cropland	0	FALSE	12	22	cropland	211	Non-irrigated arable land
1023	Fåglum slåtteräng	T	42	6444906.32606011	371704.710171441	Västra Götalands län	Länsstyrelsen i Västra Götalands län	211	Non-irrigated arable land	Cropland	0	FALSE	12	22	cropland	211	Non-irrigated arable land
1021	Fåglum 5820	T	31	6444817.3842766	371705.773715005	Västra Götalands län	Länsstyrelsen i Västra Götalands län	211	Non-irrigated arable land	Cropland	0	FALSE	12	44	forest	211	Non-irrigated arable land
1022	Fåglum 8706	T	68	6444599.60167707	371547.46018827	Västra Götalands län	Länsstyrelsen i Västra Götalands län	211	Non-irrigated arable land	Cropland	0	FALSE	12	44	forest	211	Non-irrigated arable land
1044	Ranahult slåtteräng	T	24	6443324.28730584	390193.37692915	Västra Götalands län	Länsstyrelsen i Västra Götalands län	312	Coniferous forest	Forest	0	FALSE	24	44	forest	312	Coniferous forest
1045	Ranahult (S)	T	33	6443146.51938792	390205.497239385	Västra Götalands län	Länsstyrelsen i Västra Götalands län	312	Coniferous forest	Forest	0	FALSE	24	44	forest	312	Coniferous forest
1054	Tovarp 8595	T	14	6441546.14530553	408505.863167474	Västra Götalands län	Länsstyrelsen i Västra Götalands län	211	Non-irrigated arable land	Cropland	0	FALSE	12	22	cropland	211	Non-irrigated arable land
1053	Tovarp 8093	T	14	6441478.40985262	408441.703212212	Västra Götalands län	Länsstyrelsen i Västra Götalands län	211	Non-irrigated arable land	Cropland	0	FALSE	12	22	cropland	211	Non-irrigated arable land
117	Ljungstorp	T	543	6440844.31562383	524264.796572295	Östergötlands län	Svensk Dagfjärilsövervakning, LU	312	Coniferous forest	Forest	0	FALSE	24	44	forest	312	Coniferous forest
2755	Knektvägen	P	27	6440380.51349578	313001.896241716	Västra Götalands län	Svensk Dagfjärilsövervakning, LU	112	Discontinuous urban fabric	Urban	0	FALSE	2	11	urban	112	Discontinuous urban fabric
448	Haraberget	P	169	6439455.19147177	384590.411375924	Västra Götalands län	Svensk Dagfjärilsövervakning, LU	312	Coniferous forest	Forest	0	FALSE	24	44	forest	312	Coniferous forest
438	Fabriksgatan 10	P	122	6438898.95993123	383460.623973353	Västra Götalands län	Svensk Dagfjärilsövervakning, LU	112	Discontinuous urban fabric	Urban	0	FALSE	2	11	urban	112	Discontinuous urban fabric
2903	Kullingsvik	T	526	6438719.71886217	385858.575783559	Västra Götalands län	Svensk Dagfjärilsövervakning, LU	231	Pastures	Pasture/Rangeland	0	FALSE	18	22	cropland	231	Pastures
3755	Fiskartorpet, Valdemarsvik	T	105	6438175.89265564	604495.653310144	Östergötlands län	Biogeografisk uppföljning av fjärilar, LU	312	Coniferous forest	Forest	0	FALSE	24	44	forest	312	Coniferous forest
998	Yttre Åsen	P	339	6437914.90935822	325792.060285575	Västra Götalands län	Svensk Dagfjärilsövervakning, LU	312	Coniferous forest	Forest	0	FALSE	24	44	forest	312	Coniferous forest
3729	Stensnäs	T	236	6437594.51071441	581017.563014506	Kalmar län	Biogeografisk uppföljning av fjärilar, LU	313	Mixed forest	Forest	0	FALSE	25	44	forest	313	Mixed forest
2904	Bråttensby	P	78	6437285.94819102	376449.429892863	Västra Götalands län	Svensk Dagfjärilsövervakning, LU	211	Non-irrigated arable land	Cropland	0	FALSE	12	22	cropland	211	Non-irrigated arable land
2947	Hultsjö 1-8 gräsvägen, Gränna	P	53	6436895.48128981	476464.282226779	Jönköpings län	Svensk Dagfjärilsövervakning, LU	311	Broad-leaved forest	Forest	0	FALSE	23	44	forest	311	Broad-leaved forest
1026	Härön 6982	T	17	6436014.62272482	292479.275279269	Västra Götalands län	Länsstyrelsen i Västra Götalands län	333	Sparsely vegetated areas	Sparse/no vegetation	0	FALSE	32	0	ocean / no data	333	Sparsely vegetated areas
3684	Fiskaretorpet, Vinäs	T	203	6436013.03097703	582950.942094576	Kalmar län	Biogeografisk uppföljning av fjärilar, LU	211	Non-irrigated arable land	Cropland	0	FALSE	12	22	cropland	211	Non-irrigated arable land
3716	Ramsdal	T	291	6435821.87611256	598922.135349311	Östergötlands län	Biogeografisk uppföljning av fjärilar, LU	312	Coniferous forest	Forest	0	FALSE	24	44	forest	312	Coniferous forest
1025	Härön 4280	T	24	6435670.85182727	292397.436067036	Västra Götalands län	Länsstyrelsen i Västra Götalands län	333	Sparsely vegetated areas	Sparse/no vegetation	0	FALSE	32	0	ocean / no data	333	Sparsely vegetated areas
1027	Härön slåtteräng	T	16	6435388.5569679	292274.886167735	Västra Götalands län	Länsstyrelsen i Västra Götalands län	333	Sparsely vegetated areas	Sparse/no vegetation	0	FALSE	32	77	water	333	Sparsely vegetated areas
3899	Fårö, Skärsviken	P	72	6434555.30604906	754130.035774973	Gotlands län	Svensk Dagfjärilsövervakning, LU	312	Coniferous forest	Forest	0	FALSE	24	0	ocean / no data	312	Coniferous forest
3705	Kråkvik	T	284	6434525.24897744	600517.231932972	Östergötlands län	Biogeografisk uppföljning av fjärilar, LU	211	Non-irrigated arable land	Cropland	0	FALSE	12	44	forest	211	Non-irrigated arable land
3743	Tomåla	T	188	6434093.97368096	599815.555395581	Östergötlands län	Biogeografisk uppföljning av fjärilar, LU	211	Non-irrigated arable land	Cropland	0	FALSE	12	44	forest	211	Non-irrigated arable land
2656	Kalbjärga	T	1300	6433851.25339415	748262.851612179	Gotlands län	Svensk Dagfjärilsövervakning, LU	333	Sparsely vegetated areas	Sparse/no vegetation	0	FALSE	32	44	forest	333	Sparsely vegetated areas
2654	Ekeviken, Fårö	P	702	6433636.13684235	750930.233174877	Gotlands län	Svensk Dagfjärilsövervakning, LU	211	Non-irrigated arable land	Cropland	0	FALSE	12	22	cropland	211	Non-irrigated arable land
3700	Hökdalen	T	288	6433506.90957523	601640.120760958	Östergötlands län	Biogeografisk uppföljning av fjärilar, LU	211	Non-irrigated arable land	Cropland	0	FALSE	12	44	forest	211	Non-irrigated arable land
3167	Södra Anrås	P	2	6433274.16670079	312544.145809107	Västra Götalands län	Svensk Dagfjärilsövervakning, LU	231	Pastures	Pasture/Rangeland	0	FALSE	18	22	cropland	231	Pastures
3751	Östra Ed	T	253	6433106.56028982	599174.50640103	Östergötlands län	Biogeografisk uppföljning av fjärilar, LU	312	Coniferous forest	Forest	0	FALSE	24	44	forest	312	Coniferous forest
447	Svedjan	T	1037	6432969.76031884	338262.219434352	Västra Götalands län	Svensk Dagfjärilsövervakning, LU	312	Coniferous forest	Forest	0	FALSE	24	44	forest	312	Coniferous forest
3704	Kleva, Edsbruk	T	334	6432749.78627314	586625.952263932	Kalmar län	Biogeografisk uppföljning av fjärilar, LU	211	Non-irrigated arable land	Cropland	0	FALSE	12	44	forest	211	Non-irrigated arable land
2833	Skärhamn	P	270	6432617.21189287	297208.053173677	Västra Götalands län	Svensk Dagfjärilsövervakning, LU	112	Discontinuous urban fabric	Urban	0	FALSE	2	22	cropland	112	Discontinuous urban fabric
3664	Skalasandsvik, Fårö	P	24	6432044.29348295	755956.917716216	Gotlands län	Svensk Dagfjärilsövervakning, LU	523	Sea and ocean	Other	0	FALSE	44	44	forest	523	Sea and ocean
809	Elinstigen	T	65	6431616.42267676	310728.020044271	Västra Götalands län	Svensk Dagfjärilsövervakning, LU	312	Coniferous forest	Forest	0	FALSE	24	77	water	312	Coniferous forest
794	Sudersand, Gotland	T	560	6431352.27645314	751598.470293935	Gotlands län	Svensk Dagfjärilsövervakning, LU	312	Coniferous forest	Forest	0	FALSE	24	0	ocean / no data	312	Coniferous forest
2919	Svalsjö Fjärilsruta	P	1373	6430683.57341992	525090.908982977	Östergötlands län	Svensk Dagfjärilsövervakning, LU	211	Non-irrigated arable land	Cropland	0	FALSE	12	44	forest	211	Non-irrigated arable land
3657	Sudersand södra, Fårö	P	138	6430587.99219207	750230.693443774	Gotlands län	Svensk Dagfjärilsövervakning, LU	243	Land principally occupied by agriculture with significant areas of natural vegetation	Cropland	0	FALSE	21	22	cropland	243	Land principally occupied by agriculture with significant areas of natural vegetation
4340	Ringvida	T	2158	6430232.69283986	749449.991793996	Gotlands län	Svensk Dagfjärilsövervakning, LU	211	Non-irrigated arable land	Cropland	0	FALSE	12	77	water	211	Non-irrigated arable land
785	Ranebolund	T	111	6430229.21132212	316667.153958593	Västra Götalands län	Svensk Dagfjärilsövervakning, LU	311	Broad-leaved forest	Forest	0	FALSE	23	44	forest	311	Broad-leaved forest
3661	Fårö, St. Hoburga punkt	P	98	6430153.72906373	748698.988287304	Gotlands län	Svensk Dagfjärilsövervakning, LU	333	Sparsely vegetated areas	Sparse/no vegetation	0	FALSE	32	55	unmanaged grass / shrubland	333	Sparsely vegetated areas
3677	Björnhällen	T	145	6430061.82983523	600390.565303245	Östergötlands län	Biogeografisk uppföljning av fjärilar, LU	312	Coniferous forest	Forest	0	FALSE	24	0	ocean / no data	312	Coniferous forest
798	Fårö, Gåsmorahammaren	T	3840	6429614.59826072	749773.350857029	Gotlands län	Svensk Dagfjärilsövervakning, LU	333	Sparsely vegetated areas	Sparse/no vegetation	0	FALSE	32	77	water	333	Sparsely vegetated areas
2814	Asklanda	P	1	6429409.53640886	377838.850803829	Västra Götalands län	Svensk Dagfjärilsövervakning, LU	311	Broad-leaved forest	Forest	0	FALSE	23	44	forest	311	Broad-leaved forest
2759	Brobacka	P	576	6428999.26492255	348500.080783775	Västra Götalands län	Svensk Dagfjärilsövervakning, LU	312	Coniferous forest	Forest	0	FALSE	24	44	forest	312	Coniferous forest
3662	Alnäsaudden 2	T	914	6428988.99325658	748462.915016179	Gotlands län	Svensk Dagfjärilsövervakning, LU	333	Sparsely vegetated areas	Sparse/no vegetation	0	FALSE	32	55	unmanaged grass / shrubland	333	Sparsely vegetated areas
2854	Alnäsaudden, Fårö	T	2770	6428971.80892169	748531.115334662	Gotlands län	Svensk Dagfjärilsövervakning, LU	333	Sparsely vegetated areas	Sparse/no vegetation	0	FALSE	32	55	unmanaged grass / shrubland	333	Sparsely vegetated areas
2664	Friggars, Fårö	P	2	6428950.61245767	746588.509950982	Gotlands län	Svensk Dagfjärilsövervakning, LU	333	Sparsely vegetated areas	Sparse/no vegetation	0	FALSE	32	55	unmanaged grass / shrubland	333	Sparsely vegetated areas
3730	Stora Askö	T	145	6428545.88123114	603965.794894936	Kalmar län	Biogeografisk uppföljning av fjärilar, LU	243	Land principally occupied by agriculture with significant areas of natural vegetation	Cropland	0	FALSE	21	44	forest	243	Land principally occupied by agriculture with significant areas of natural vegetation
3685	Flatvarp	T	177	6428503.39085533	606520.690559191	Kalmar län	Biogeografisk uppföljning av fjärilar, LU	312	Coniferous forest	Forest	0	FALSE	24	44	forest	312	Coniferous forest
3660	St. Hoburga - Fårö museum	T	46	6428426.95855326	747786.675313129	Gotlands län	Svensk Dagfjärilsövervakning, LU	333	Sparsely vegetated areas	Sparse/no vegetation	0	FALSE	32	0	ocean / no data	333	Sparsely vegetated areas
1034	Kurebo	T	114	6427865.24482653	408395.399368508	Västra Götalands län	Länsstyrelsen i Västra Götalands län	312	Coniferous forest	Forest	0	FALSE	24	44	forest	312	Coniferous forest
443	Hedebacke 1:2	P	183	6427721.79487093	358783.853004164	Västra Götalands län	Svensk Dagfjärilsövervakning, LU	211	Non-irrigated arable land	Cropland	0	FALSE	12	22	cropland	211	Non-irrigated arable land
3707	Lilla Askö	T	148	6427467.42560426	603151.864895585	Kalmar län	Biogeografisk uppföljning av fjärilar, LU	312	Coniferous forest	Forest	0	FALSE	24	44	forest	312	Coniferous forest
361	Ådala fjärilssträcka	T	62	6427456.40707992	489635.985197455	Jönköpings län	Svensk Dagfjärilsövervakning, LU	313	Mixed forest	Forest	0	FALSE	25	22	cropland	313	Mixed forest
848	Föllingsö	P	23	6426501.20563325	535667.381282589	Östergötlands län	Svensk Dagfjärilsövervakning, LU	231	Pastures	Pasture/Rangeland	0	FALSE	18	55	unmanaged grass / shrubland	231	Pastures
3693	Hellerö	T	645	6426341.20302408	597496.693408254	Kalmar län	Biogeografisk uppföljning av fjärilar, LU	211	Non-irrigated arable land	Cropland	0	FALSE	12	44	forest	211	Non-irrigated arable land
3733	Stora Sandered	T	368	6426108.70271791	602477.245479799	Kalmar län	Biogeografisk uppföljning av fjärilar, LU	312	Coniferous forest	Forest	0	FALSE	24	44	forest	312	Coniferous forest
2754	Varden	T	121	6425808.86119358	744328.191711719	Gotlands län	Svensk Dagfjärilsövervakning, LU	333	Sparsely vegetated areas	Sparse/no vegetation	0	FALSE	32	22	cropland	333	Sparsely vegetated areas
602	Blomsholm punkt	P	167	6425755.54401501	414451.76681333	Västra Götalands län	Svensk Dagfjärilsövervakning, LU	324	Transitional woodland-shrub	Unmanaged grass/shrubland	0	FALSE	29	44	forest	324	Transitional woodland-shrub
2722	Tolleröd	P	28	6425579.04210441	316260.949182068	Västra Götalands län	Svensk Dagfjärilsövervakning, LU	313	Mixed forest	Forest	0	FALSE	25	44	forest	313	Mixed forest
3695	Horsö brygga	T	173	6425230.8902537	603564.458492795	Kalmar län	Biogeografisk uppföljning av fjärilar, LU	312	Coniferous forest	Forest	0	FALSE	24	44	forest	312	Coniferous forest
435	Älebräckevägen 12	P	111	6424756.41254843	328894.57042182	Västra Götalands län	Svensk Dagfjärilsövervakning, LU	231	Pastures	Pasture/Rangeland	0	FALSE	18	22	cropland	231	Pastures
3722	Sandered	T	155	6424171.62088121	603688.069112183	Kalmar län	Biogeografisk uppföljning av fjärilar, LU	312	Coniferous forest	Forest	0	FALSE	24	44	forest	312	Coniferous forest
3727	Snörum	T	494	6424000.49792375	597975.507873057	Kalmar län	Biogeografisk uppföljning av fjärilar, LU	312	Coniferous forest	Forest	0	FALSE	24	44	forest	312	Coniferous forest
3659	Klintängarna, Fårö	T	2	6423852.65248235	744549.525534868	Gotlands län	Svensk Dagfjärilsövervakning, LU	243	Land principally occupied by agriculture with significant areas of natural vegetation	Cropland	0	FALSE	21	55	unmanaged grass / shrubland	243	Land principally occupied by agriculture with significant areas of natural vegetation
3710	Mistekärr A	T	419	6423331.31635736	601382.654792679	Kalmar län	Biogeografisk uppföljning av fjärilar, LU	243	Land principally occupied by agriculture with significant areas of natural vegetation	Cropland	0	FALSE	21	44	forest	243	Land principally occupied by agriculture with significant areas of natural vegetation
2685	Kattkroken	P	38	6422669.71603078	301858.141811144	Västra Götalands län	Svensk Dagfjärilsövervakning, LU	311	Broad-leaved forest	Forest	0	FALSE	23	77	water	311	Broad-leaved forest
2693	Smörholmen	P	140	6422549.6859617	298835.378506911	Västra Götalands län	Svensk Dagfjärilsövervakning, LU	333	Sparsely vegetated areas	Sparse/no vegetation	0	FALSE	32	0	ocean / no data	333	Sparsely vegetated areas
425	Sjöhagsvägen 8	P	107	6422478.40536667	344364.204096789	Västra Götalands län	Svensk Dagfjärilsövervakning, LU	112	Discontinuous urban fabric	Urban	0	FALSE	2	44	forest	112	Discontinuous urban fabric
883	Linneberg, 200 m SSV	T	190	6422057.02383773	528575.719226513	Östergötlands län	Svensk Dagfjärilsövervakning, LU	231	Pastures	Pasture/Rangeland	0	FALSE	18	44	forest	231	Pastures
424	Torstövägen 5	P	86	6422055.79392721	344042.425234418	Västra Götalands län	Svensk Dagfjärilsövervakning, LU	112	Discontinuous urban fabric	Urban	0	FALSE	2	22	cropland	112	Discontinuous urban fabric
844	Koön, Marstrand	T	1322	6421334.8391839	298954.81549198	Västra Götalands län	Trafikverket	311	Broad-leaved forest	Forest	0	FALSE	23	44	forest	311	Broad-leaved forest
3697	Hulöhamn B	T	338	6420864.66952521	606307.895276197	Kalmar län	Biogeografisk uppföljning av fjärilar, LU	312	Coniferous forest	Forest	0	FALSE	24	44	forest	312	Coniferous forest
299	Målvik	P	535	6420636.82095138	521980.858535559	Östergötlands län	Svensk Dagfjärilsövervakning, LU	312	Coniferous forest	Forest	0	FALSE	24	44	forest	312	Coniferous forest
1042	Nol 5668	T	9	6418392.53426706	330447.679700928	Västra Götalands län	Länsstyrelsen i Västra Götalands län	313	Mixed forest	Forest	0	TRUE	25	44	forest	313	Mixed forest
1043	Nol 6363	T	73	6418319.13467636	330494.529476409	Västra Götalands län	Länsstyrelsen i Västra Götalands län	313	Mixed forest	Forest	0	TRUE	25	44	forest	313	Mixed forest
891	Stora Viken	T	1327	6418237.51083812	323568.421121421	Västra Götalands län	Trafikverket	231	Pastures	Pasture/Rangeland	0	TRUE	18	11	urban	231	Pastures
2704	Lyckan 6	P	224	6418055.59052465	319126.134779665	Västra Götalands län	Svensk Dagfjärilsövervakning, LU	112	Discontinuous urban fabric	Urban	0	TRUE	2	11	urban	112	Discontinuous urban fabric
2699	Runneröd	P	537	6417776.01660804	310435.512443636	Västra Götalands län	Svensk Dagfjärilsövervakning, LU	211	Non-irrigated arable land	Cropland	0	TRUE	12	44	forest	211	Non-irrigated arable land
2703	Bräcke 200	P	202	6416654.06906174	307368.70431253	Västra Götalands län	Svensk Dagfjärilsövervakning, LU	312	Coniferous forest	Forest	0	TRUE	24	44	forest	312	Coniferous forest
1055	Åfärd	T	7	6416237.78140698	413263.897768228	Västra Götalands län	Länsstyrelsen i Västra Götalands län	211	Non-irrigated arable land	Cropland	0	TRUE	12	22	cropland	211	Non-irrigated arable land
450	Hällen, Jennylund	P	29	6416049.02281109	325266.574613871	Västra Götalands län	Svensk Dagfjärilsövervakning, LU	412	Peat bogs	Other	0	TRUE	36	44	forest	412	Peat bogs
3731	Stora Hallmare A	T	171	6415909.43572109	604092.52060199	Kalmar län	Biogeografisk uppföljning av fjärilar, LU	312	Coniferous forest	Forest	0	TRUE	24	44	forest	312	Coniferous forest
3732	Stora Hallmare B	T	252	6415635.67914951	604610.659975514	Kalmar län	Biogeografisk uppföljning av fjärilar, LU	312	Coniferous forest	Forest	0	TRUE	24	0	ocean / no data	312	Coniferous forest
3624	Bondegatan 82, Alingsås	P	46	6415633.14880702	349226.268109398	Västra Götalands län	Svensk Dagfjärilsövervakning, LU	112	Discontinuous urban fabric	Urban	0	TRUE	2	44	forest	112	Discontinuous urban fabric
2710	Hållsungamyren	P	329	6415382.99283638	307132.013952142	Västra Götalands län	Svensk Dagfjärilsövervakning, LU	324	Transitional woodland-shrub	Unmanaged grass/shrubland	0	TRUE	29	44	forest	324	Transitional woodland-shrub
2709	Åkerhög 350	P	321	6415101.66681182	305163.53342097503	Västra Götalands län	Svensk Dagfjärilsövervakning, LU	333	Sparsely vegetated areas	Sparse/no vegetation	0	TRUE	32	44	forest	333	Sparsely vegetated areas
59	Uppegårds-Nyhamn Lärbro	P	523	6415093.76773586	724125.814747577	Gotlands län	Svensk Dagfjärilsövervakning, LU	312	Coniferous forest	Forest	0	FALSE	24	44	forest	312	Coniferous forest
1048	Sandslätt, vägen	T	8	6415029.87750591	402073.577692846	Västra Götalands län	Länsstyrelsen i Västra Götalands län	312	Coniferous forest	Forest	0	TRUE	24	44	forest	312	Coniferous forest
2822	Klangstorp 11	P	214	6414257.10326632	361985.8921354	Västra Götalands län	Svensk Dagfjärilsövervakning, LU	312	Coniferous forest	Forest	0	TRUE	24	44	forest	312	Coniferous forest
3176	Rute Valleviksvägen	P	236	6413973.91942563	734361.208797422	Gotlands län	Svensk Dagfjärilsövervakning, LU	312	Coniferous forest	Forest	0	FALSE	24	44	forest	312	Coniferous forest
734	Glöskär 6:46	P	59	6413842.59134171	306351.856153189	Västra Götalands län	Svensk Dagfjärilsövervakning, LU	312	Coniferous forest	Forest	0	TRUE	24	44	forest	312	Coniferous forest
479	Flateby Harestad	P	156	6413464.54194772	310854.721188649	Västra Götalands län	Svensk Dagfjärilsövervakning, LU	211	Non-irrigated arable land	Cropland	0	TRUE	12	22	cropland	211	Non-irrigated arable land
106	Lärbo, Angelbos 1920	P	1930	6413383.69448905	724944.123541723	Gotlands län	Svensk Dagfjärilsövervakning, LU	312	Coniferous forest	Forest	0	FALSE	24	44	forest	312	Coniferous forest
629	Blåbärsåsvägen 72	P	314	6413201.97324901	343736.253473609	Västra Götalands län	Svensk Dagfjärilsövervakning, LU	313	Mixed forest	Forest	0	TRUE	25	44	forest	313	Mixed forest
3724	Segersgärde B	T	5	6413196.19155992	590426.26458028	Kalmar län	Biogeografisk uppföljning av fjärilar, LU	243	Land principally occupied by agriculture with significant areas of natural vegetation	Cropland	0	TRUE	21	0	ocean / no data	243	Land principally occupied by agriculture with significant areas of natural vegetation
3723	Segersgärde A	T	684	6412814.27044433	590256.860369302	Kalmar län	Biogeografisk uppföljning av fjärilar, LU	231	Pastures	Pasture/Rangeland	0	TRUE	18	0	ocean / no data	231	Pastures
3640	Nääs	T	799	6411740.51733687	345391.782484399	Västra Götalands län	Svensk Dagfjärilsövervakning, LU	211	Non-irrigated arable land	Cropland	0	TRUE	12	44	forest	211	Non-irrigated arable land
36	Granshult 7:2	P	948	6411183.42115179	446590.331719637	Jönköpings län	Svensk Dagfjärilsövervakning, LU	211	Non-irrigated arable land	Cropland	0	TRUE	12	22	cropland	211	Non-irrigated arable land
677	Lingonvägen, Floda	P	497	6411027.61986219	342600.809383686	Västra Götalands län	Svensk Dagfjärilsövervakning, LU	112	Discontinuous urban fabric	Urban	0	TRUE	2	11	urban	112	Discontinuous urban fabric
1028	Höga	T	10	6410717.31812386	307599.4069013	Västra Götalands län	Länsstyrelsen i Västra Götalands län	231	Pastures	Pasture/Rangeland	0	TRUE	18	44	forest	231	Pastures
1035	Lilla Rydet	T	1	6410530.42344602	424419.842703387	Västra Götalands län	Länsstyrelsen i Västra Götalands län	312	Coniferous forest	Forest	0	TRUE	24	44	forest	312	Coniferous forest
1058	Önnarp	T	90	6410496.89566087	415482.327026478	Västra Götalands län	Länsstyrelsen i Västra Götalands län	311	Broad-leaved forest	Forest	0	TRUE	23	44	forest	311	Broad-leaved forest
309	Lärbro Kajlungs	T	230	6410286.75210412	727020.838911476	Gotlands län	Svensk Dagfjärilsövervakning, LU	211	Non-irrigated arable land	Cropland	0	FALSE	12	22	cropland	211	Non-irrigated arable land
1014	Bryngelsgärde 9055	T	2	6409933.71067704	353459.973975198	Västra Götalands län	Länsstyrelsen i Västra Götalands län	211	Non-irrigated arable land	Cropland	0	TRUE	12	44	forest	211	Non-irrigated arable land
1015	Bryngelsgärde 9074	T	1	6409909.54937174	353529.225020239	Västra Götalands län	Länsstyrelsen i Västra Götalands län	211	Non-irrigated arable land	Cropland	0	TRUE	12	44	forest	211	Non-irrigated arable land
1016	Bryngelsgärde slåtteräng	T	18	6409880.72273084	353458.606546089	Västra Götalands län	Länsstyrelsen i Västra Götalands län	211	Non-irrigated arable land	Cropland	0	TRUE	12	44	forest	211	Non-irrigated arable land
1041	Mölarps ö	T	50	6409539.3451709	382431.663516676	Västra Götalands län	Länsstyrelsen i Västra Götalands län	211	Non-irrigated arable land	Cropland	0	TRUE	12	44	forest	211	Non-irrigated arable land
4202	Furilden	T	64	6409336.88914766	738268.153236146	Gotlands län	Svensk Dagfjärilsövervakning, LU	312	Coniferous forest	Forest	0	FALSE	24	55	unmanaged grass / shrubland	312	Coniferous forest
3973	Mölarp övre	P	53	6409335.92881061	382472.068343566	Västra Götalands län	Svensk Dagfjärilsövervakning, LU	211	Non-irrigated arable land	Cropland	0	TRUE	12	44	forest	211	Non-irrigated arable land
3602	Forsvidens naturreservat, slinga	T	1450	6409301.47877084	719186.370711258	Gotlands län	Svensk Dagfjärilsövervakning, LU	312	Coniferous forest	Forest	0	FALSE	24	44	forest	312	Coniferous forest
4085	Forsvidens naturreservat, slinga 2	T	273	6409066.81275132	719380.146915268	Gotlands län	Svensk Dagfjärilsövervakning, LU	333	Sparsely vegetated areas	Sparse/no vegetation	0	FALSE	32	44	forest	333	Sparsely vegetated areas
344	Sundsö	P	326	6408686.05085302	509744.550741056	Östergötlands län	Svensk Dagfjärilsövervakning, LU	311	Broad-leaved forest	Forest	0	TRUE	23	77	water	311	Broad-leaved forest
423	Flylidenvägen 27	P	61	6407182.43179213	340730.686740917	Västra Götalands län	Svensk Dagfjärilsövervakning, LU	312	Coniferous forest	Forest	0	TRUE	24	44	forest	312	Coniferous forest
3656	Visby - Fårö, väg 148	T	116	6406501.83023388	719778.668657559	Gotlands län	Svensk Dagfjärilsövervakning, LU	312	Coniferous forest	Forest	0	FALSE	24	44	forest	312	Coniferous forest
2889	Aspenäs	P	237	6406257.76082544	336856.851161001	Västra Götalands län	Svensk Dagfjärilsövervakning, LU	112	Discontinuous urban fabric	Urban	0	TRUE	2	11	urban	112	Discontinuous urban fabric
706	Åtorps Udde 12	P	162	6406112.99600245	337205.383547472	Västra Götalands län	Svensk Dagfjärilsövervakning, LU	112	Discontinuous urban fabric	Urban	0	TRUE	2	11	urban	112	Discontinuous urban fabric
3189	Lindvägen 17	P	244	6405862.39654376	406532.749134795	Västra Götalands län	Svensk Dagfjärilsövervakning, LU	112	Discontinuous urban fabric	Urban	0	TRUE	2	44	forest	112	Discontinuous urban fabric
3774	Trulsegårdsslingan	T	69	6405382.79566512	312660.056030489	Västra Götalands län	Svensk Dagfjärilsövervakning, LU	311	Broad-leaved forest	Forest	0	TRUE	23	22	cropland	311	Broad-leaved forest
967	Bergsjön	T	8	6404493.73055846	325278.384778127	Västra Götalands län	Svensk Dagfjärilsövervakning, LU	312	Coniferous forest	Forest	0	TRUE	24	11	urban	312	Coniferous forest
3813	Bohus-Björkö	P	60	6404491.74126208	302881.441684273	Västra Götalands län	Svensk Dagfjärilsövervakning, LU	311	Broad-leaved forest	Forest	0	TRUE	23	55	unmanaged grass / shrubland	311	Broad-leaved forest
789	Toleredsskogen	T	498	6402402.83803499	316125.561905827	Västra Götalands län	Svensk Dagfjärilsövervakning, LU	141	Green urban areas	Urban	0	TRUE	10	11	urban	141	Green urban areas
2752	Borås Ryda	T	21	6402213.20932975	376655.889963036	Västra Götalands län	Svensk Dagfjärilsövervakning, LU	121	Industrial or commercial units	Urban	0	TRUE	3	11	urban	121	Industrial or commercial units
3772	Torpakolonin Göteborg	T	8	6401597.55655538	324034.610633278	Västra Götalands län	Svensk Dagfjärilsövervakning, LU	112	Discontinuous urban fabric	Urban	0	TRUE	2	11	urban	112	Discontinuous urban fabric
3924	Furulund-Prästtjärn	T	39	6401320.97801787	328840.178721451	Västra Götalands län	Svensk Dagfjärilsövervakning, LU	312	Coniferous forest	Forest	0	TRUE	24	11	urban	312	Coniferous forest
2617	Råbäcksgatan	P	33	6400904.97048078	324959.336601138	Västra Götalands län	Svensk Dagfjärilsövervakning, LU	112	Discontinuous urban fabric	Urban	0	TRUE	2	44	forest	112	Discontinuous urban fabric
125	Marbäck 10:3	P	24	6400810.34916999	404900.708993221	Västra Götalands län	Svensk Dagfjärilsövervakning, LU	211	Non-irrigated arable land	Cropland	0	TRUE	12	77	water	211	Non-irrigated arable land
108	Hejnum Bjärs	T	766	6400668.15556614	716647.484391485	Gotlands län	Svensk Dagfjärilsövervakning, LU	242	Complex cultivation patterns	Cropland	0	FALSE	20	44	forest	242	Complex cultivation patterns
62	Väskinds 2:3	P	37	6400552.36514841	700706.734193423	Gotlands län	Svensk Dagfjärilsövervakning, LU	243	Land principally occupied by agriculture with significant areas of natural vegetation	Cropland	0	FALSE	21	44	forest	243	Land principally occupied by agriculture with significant areas of natural vegetation
2912	Maderna SV	T	36	6400048.39402962	330493.409496326	Västra Götalands län	Svensk Dagfjärilsövervakning, LU	312	Coniferous forest	Forest	0	TRUE	24	44	forest	312	Coniferous forest
625	Ersdalsvägen 65	P	19	6400045.78521721	298886.821837783	Västra Götalands län	Svensk Dagfjärilsövervakning, LU	333	Sparsely vegetated areas	Sparse/no vegetation	0	TRUE	32	55	unmanaged grass / shrubland	333	Sparsely vegetated areas
3784	Korpebo	T	167	6399515.84993795	405143.010705737	Västra Götalands län	Svensk Dagfjärilsövervakning, LU	311	Broad-leaved forest	Forest	0	TRUE	23	44	forest	311	Broad-leaved forest
118	Drevstigen 6, 433 50 Öjersjö	P	633	6399187.30882487	329606.168274182	Västra Götalands län	Svensk Dagfjärilsövervakning, LU	112	Discontinuous urban fabric	Urban	0	TRUE	2	11	urban	112	Discontinuous urban fabric
712	Odlingslotterna, Stora Torps Odlareförening	P	132	6398895.3479244	322628.611035196	Västra Götalands län	Svensk Dagfjärilsövervakning, LU	311	Broad-leaved forest	Forest	0	TRUE	23	11	urban	311	Broad-leaved forest
2670	Kolshester slinga	T	1028	6398703.4527351	503098.802468522	Jönköpings län	Svensk Dagfjärilsövervakning, LU	211	Non-irrigated arable land	Cropland	0	TRUE	12	44	forest	211	Non-irrigated arable land
2913	Ängen, Partille golfbana	T	73	6398456.82289349	328103.719375337	Västra Götalands län	Svensk Dagfjärilsövervakning, LU	112	Discontinuous urban fabric	Urban	0	TRUE	2	44	forest	112	Discontinuous urban fabric
3799	Sandslätt	P	102	6397768.3593615	404360.1915983	Västra Götalands län	Svensk Dagfjärilsövervakning, LU	312	Coniferous forest	Forest	0	TRUE	24	44	forest	312	Coniferous forest
119	Sjöbergen	P	272	6397722.46493866	315110.919833507	Västra Götalands län	Svensk Dagfjärilsövervakning, LU	141	Green urban areas	Urban	0	TRUE	10	11	urban	141	Green urban areas
4309	Botaniska trädgården i Göteborg	P	12	6397325.87246473	318399.738876484	Västra Götalands län	Svensk Dagfjärilsövervakning, LU	311	Broad-leaved forest	Forest	0	TRUE	23	44	forest	311	Broad-leaved forest
1029	Klippan norr	T	8	6396940.84261914	349863.740254924	Västra Götalands län	Länsstyrelsen i Västra Götalands län	312	Coniferous forest	Forest	0	TRUE	24	44	forest	312	Coniferous forest
2668	Göteborgs botaniska trädgård	T	32	6396932.67906939	318532.345959195	Västra Götalands län	Svensk Dagfjärilsövervakning, LU	311	Broad-leaved forest	Forest	0	TRUE	23	44	forest	311	Broad-leaved forest
1030	Klippan söder	T	2	6396804.20957768	349888.354133634	Västra Götalands län	Länsstyrelsen i Västra Götalands län	312	Coniferous forest	Forest	0	TRUE	24	44	forest	312	Coniferous forest
1050	Skog 1666	T	5	6396723.48461865	398701.345059541	Västra Götalands län	Länsstyrelsen i Västra Götalands län	312	Coniferous forest	Forest	0	TRUE	24	44	forest	312	Coniferous forest
1049	Skog 372	T	8	6396613.3744737	398771.622076257	Västra Götalands län	Länsstyrelsen i Västra Götalands län	312	Coniferous forest	Forest	0	TRUE	24	44	forest	312	Coniferous forest
2881	Bråts skjutfält	T	890	6396175.09337021	375632.325589653	Västra Götalands län	Svensk Dagfjärilsövervakning, LU	231	Pastures	Pasture/Rangeland	0	TRUE	18	44	forest	231	Pastures
2917	Safjällets naturreservat	T	281	6396044.75574766	320510.78209316003	Västra Götalands län	Svensk Dagfjärilsövervakning, LU	312	Coniferous forest	Forest	0	TRUE	24	11	urban	312	Coniferous forest
3148	Källängen	P	5	6395250.79192647	312918.638281846	Västra Götalands län	Svensk Dagfjärilsövervakning, LU	112	Discontinuous urban fabric	Urban	0	TRUE	2	11	urban	112	Discontinuous urban fabric
1040	Målsryd 7667	T	11	6394144.82739363	381739.403155112	Västra Götalands län	Länsstyrelsen i Västra Götalands län	312	Coniferous forest	Forest	0	TRUE	24	44	forest	312	Coniferous forest
1039	Målsryd 6558	T	11	6394015.10197245	381672.980776017	Västra Götalands län	Länsstyrelsen i Västra Götalands län	312	Coniferous forest	Forest	0	TRUE	24	44	forest	312	Coniferous forest
2853	Botaniska trädgården, Visby	T	470	6393860.39525576	696603.914960817	Gotlands län	Svensk Dagfjärilsövervakning, LU	112	Discontinuous urban fabric	Urban	0	FALSE	2	77	water	112	Discontinuous urban fabric
115	Kryddträdgården Botaniska trädgården	P	46	6393823.02409462	696656.352731432	Gotlands län	Svensk Dagfjärilsövervakning, LU	112	Discontinuous urban fabric	Urban	0	FALSE	2	77	water	112	Discontinuous urban fabric
43	Norrbackagatan 10	P	123	6393785.83725229	697480.68733052	Gotlands län	Svensk Dagfjärilsövervakning, LU	112	Discontinuous urban fabric	Urban	0	FALSE	2	11	urban	112	Discontinuous urban fabric
456	Västra bergstoppen	P	643	6393667.82338854	445072.593194035	Jönköpings län	Svensk Dagfjärilsövervakning, LU	312	Coniferous forest	Forest	0	TRUE	24	44	forest	312	Coniferous forest
2681	Lejonsten, Mölndal	T	516	6393189.27557504	323775.915095693	Västra Götalands län	Svensk Dagfjärilsövervakning, LU	112	Discontinuous urban fabric	Urban	0	TRUE	2	11	urban	112	Discontinuous urban fabric
346	Tabergs gruva	T	36	6393047.53184742	445277.886459573	Jönköpings län	Biogeografisk uppföljning av fjärilar, LU	311	Broad-leaved forest	Forest	0	TRUE	23	44	forest	311	Broad-leaved forest
201	Forest Park, Taberg	P	2032	6393030.96585488	445649.92442123	Jönköpings län	Svensk Dagfjärilsövervakning, LU	112	Discontinuous urban fabric	Urban	0	TRUE	2	44	forest	112	Discontinuous urban fabric
1064	Sävshult 4147	T	4	6392839.00764598	382539.544220732	Västra Götalands län	Länsstyrelsen i Västra Götalands län	312	Coniferous forest	Forest	0	TRUE	24	44	forest	312	Coniferous forest
3646	Söderport, Visby	P	58	6392819.70384518	696534.306120355	Gotlands län	Svensk Dagfjärilsövervakning, LU	112	Discontinuous urban fabric	Urban	0	FALSE	2	11	urban	112	Discontinuous urban fabric
1052	Sävshult 4341	T	6	6392789.30135589	382562.124495767	Västra Götalands län	Länsstyrelsen i Västra Götalands län	312	Coniferous forest	Forest	0	TRUE	24	44	forest	312	Coniferous forest
2623	Boge Midsommarvägen 10	P	191	6392616.00396752	724714.494321411	Gotlands län	Svensk Dagfjärilsövervakning, LU	312	Coniferous forest	Forest	0	FALSE	24	0	ocean / no data	312	Coniferous forest
4308	Köpstadsö	P	26	6391979.79405924	309146.802034362	Västra Götalands län	Svensk Dagfjärilsövervakning, LU	312	Coniferous forest	Forest	0	TRUE	24	11	urban	312	Coniferous forest
3968	Remonthagens koloniområde, slinga	T	167	6391975.63443808	697948.163169483	Gotlands län	Svensk Dagfjärilsövervakning, LU	231	Pastures	Pasture/Rangeland	0	FALSE	18	11	urban	231	Pastures
407	Furulunds koloniområde, Visby	P	422	6391210.40101361	698004.258995109	Gotlands län	Svensk Dagfjärilsövervakning, LU	231	Pastures	Pasture/Rangeland	0	FALSE	18	11	urban	231	Pastures
398	N Glasmästargatan 6, Visby	P	117	6390643.11186421	698225.978218868	Gotlands län	Svensk Dagfjärilsövervakning, LU	112	Discontinuous urban fabric	Urban	0	FALSE	2	11	urban	112	Discontinuous urban fabric
41	Gothemhammar	P	54	6390537.62891605	727439.957326059	Gotlands län	Svensk Dagfjärilsövervakning, LU	312	Coniferous forest	Forest	0	FALSE	24	55	unmanaged grass / shrubland	312	Coniferous forest
621	Slättflis	T	607	6390119.40933351	698161.21574073	Gotlands län	Svensk Dagfjärilsövervakning, LU	231	Pastures	Pasture/Rangeland	0	FALSE	18	11	urban	231	Pastures
718	Furustigen 2, Eksjö	P	12	6389961.89923214	497490.851675116	Jönköpings län	Svensk Dagfjärilsövervakning, LU	112	Discontinuous urban fabric	Urban	0	TRUE	2	11	urban	112	Discontinuous urban fabric
599	Skäret-Brännholmsviken	T	60	6389036.37381126	307705.692798041	Västra Götalands län	Svensk Dagfjärilsövervakning, LU	312	Coniferous forest	Forest	0	TRUE	24	0	ocean / no data	312	Coniferous forest
892	Eckern och Kringelsjön	T	804	6387441.87120077	448552.174450606	Jönköpings län	Svensk Dagfjärilsövervakning, LU	312	Coniferous forest	Forest	0	TRUE	24	44	forest	312	Coniferous forest
122	Hällesåker 2	T	222	6387216.06951968	332799.902948696	Västra Götalands län	Svensk Dagfjärilsövervakning, LU	311	Broad-leaved forest	Forest	0	TRUE	23	44	forest	311	Broad-leaved forest
121	Hällesåker 1	P	1247	6387171.23184301	332811.430000948	Västra Götalands län	Svensk Dagfjärilsövervakning, LU	312	Coniferous forest	Forest	0	TRUE	24	44	forest	312	Coniferous forest
1001	Hällesåker 2, slinga	T	122	6387047.79870164	333441.545323144	Västra Götalands län	Svensk Dagfjärilsövervakning, LU	312	Coniferous forest	Forest	0	TRUE	24	44	forest	312	Coniferous forest
992	Rörflatsvägen 7	P	313	6386769.91297339	318058.61350319	Västra Götalands län	Svensk Dagfjärilsövervakning, LU	312	Coniferous forest	Forest	0	TRUE	24	22	cropland	312	Coniferous forest
175	Anderbåtels	P	595	6386131.45503736	709560.242207945	Gotlands län	Svensk Dagfjärilsövervakning, LU	312	Coniferous forest	Forest	0	FALSE	24	44	forest	312	Coniferous forest
53	Tofta skjutfält vid Suderbys	T	894	6386066.89507144	691513.292966356	Gotlands län	Svensk Dagfjärilsövervakning, LU	231	Pastures	Pasture/Rangeland	0	FALSE	18	44	forest	231	Pastures
120	Björkvägen 6, 514 43 Länghem	P	1818	6385977.47255453	395236.898575619	Västra Götalands län	Svensk Dagfjärilsövervakning, LU	112	Discontinuous urban fabric	Urban	0	TRUE	2	22	cropland	112	Discontinuous urban fabric
54	Suderbys	P	138	6385806.12821761	691866.344858079	Gotlands län	Svensk Dagfjärilsövervakning, LU	211	Non-irrigated arable land	Cropland	0	FALSE	12	44	forest	211	Non-irrigated arable land
4337	Wrångö	T	28	6385772.94232397	307759.499785703	Västra Götalands län	Svensk Dagfjärilsövervakning, LU	112	Discontinuous urban fabric	Urban	0	TRUE	2	11	urban	112	Discontinuous urban fabric
42	Ingvards 235 Träkumla	P	40	6384633.04570108	697145.585293627	Gotlands län	Svensk Dagfjärilsövervakning, LU	312	Coniferous forest	Forest	0	FALSE	24	44	forest	312	Coniferous forest
176	Branden, Gothem	T	1262	6384582.32653099	723077.202601793	Gotlands län	Svensk Dagfjärilsövervakning, LU	312	Coniferous forest	Forest	0	FALSE	24	44	forest	312	Coniferous forest
771	Sågebacken, Seglora	T	62	6384372.26682358	364966.28940857	Västra Götalands län	Trafikverket	211	Non-irrigated arable land	Cropland	0	TRUE	12	44	forest	211	Non-irrigated arable land
698	Sätila Hulta Hägnen	P	27	6384170.98275578	345175.273432331	Västra Götalands län	Svensk Dagfjärilsövervakning, LU	312	Coniferous forest	Forest	0	TRUE	24	44	forest	312	Coniferous forest
225	Stenkumla Kube	T	5969	6383135.74028837	694747.699496494	Gotlands län	Svensk Dagfjärilsövervakning, LU	312	Coniferous forest	Forest	0	FALSE	24	44	forest	312	Coniferous forest
261	Bragnum, Brottsgården 4	P	1331	6382856.34370642	392827.191947335	Västra Götalands län	Svensk Dagfjärilsövervakning, LU	211	Non-irrigated arable land	Cropland	0	TRUE	12	22	cropland	211	Non-irrigated arable land
3223	Sandsjöbacka, referensområde 3	T	185	6381978.11225877	323559.45309537	Hallands län	Trafikverket	231	Pastures	Pasture/Rangeland	0	TRUE	18	44	forest	231	Pastures
3221	Sandsjöbacka, referensområde 1	T	79	6380283.93469777	323294.752727426	Hallands län	Trafikverket	312	Coniferous forest	Forest	0	TRUE	24	55	unmanaged grass / shrubland	312	Coniferous forest
3222	Sandsjöbacka, referensområde 2	T	15	6380264.42233618	323418.913624512	Hallands län	Trafikverket	312	Coniferous forest	Forest	0	TRUE	24	44	forest	312	Coniferous forest
3220	Sandsjöbacka, ekodukt	T	233	6380162.5087033	323337.172352363	Hallands län	Trafikverket	312	Coniferous forest	Forest	0	TRUE	24	55	unmanaged grass / shrubland	312	Coniferous forest
2891	Budskärs lillgårdsnad	T	39	6379386.8090436	317269.894552217	Hallands län	Svensk Dagfjärilsövervakning, LU	112	Discontinuous urban fabric	Urban	0	TRUE	2	11	urban	112	Discontinuous urban fabric
3808	Krängshult	P	1	6379257.9223078	451125.372348703	Jönköpings län	Svensk Dagfjärilsövervakning, LU	211	Non-irrigated arable land	Cropland	0	TRUE	12	44	forest	211	Non-irrigated arable land
2725	Russnäs 16	P	22	6379050.59941379	498307.257131864	Jönköpings län	Svensk Dagfjärilsövervakning, LU	243	Land principally occupied by agriculture with significant areas of natural vegetation	Cropland	0	TRUE	21	22	cropland	243	Land principally occupied by agriculture with significant areas of natural vegetation
103	Enbjänne 1:38 Hogrän	P	116	6378282.49667944	695851.223805267	Gotlands län	Svensk Dagfjärilsövervakning, LU	312	Coniferous forest	Forest	0	FALSE	24	44	forest	312	Coniferous forest
707	Smågårde Naturskog	T	26	6376815.39291583	687575.782865017	Gotlands län	Svensk Dagfjärilsövervakning, LU	312	Coniferous forest	Forest	0	FALSE	24	44	forest	312	Coniferous forest
772	Roasjö-Roaskäl	T	97	6376799.87924151	378484.34256046	Västra Götalands län	Trafikverket	312	Coniferous forest	Forest	0	TRUE	24	44	forest	312	Coniferous forest
527	Björkebo	T	75	6376574.37567484	329883.105570452	Hallands län	Svensk Dagfjärilsövervakning, LU	311	Broad-leaved forest	Forest	0	TRUE	23	22	cropland	311	Broad-leaved forest
2640	Fjärås Bräcka: Li till Svalhögen	T	107	6375291.13270336	331063.691112407	Hallands län	Svensk Dagfjärilsövervakning, LU	311	Broad-leaved forest	Forest	0	TRUE	23	44	forest	311	Broad-leaved forest
3227	Svenljunga naturbruksskola	T	268	6375112.06840495	385413.906334583	Västra Götalands län	Svensk Dagfjärilsövervakning, LU	211	Non-irrigated arable land	Cropland	0	TRUE	12	44	forest	211	Non-irrigated arable land
703	Vallda Sandö NR	T	154	6374988.21013932	315910.976569001	Hallands län	Svensk Dagfjärilsövervakning, LU	231	Pastures	Pasture/Rangeland	0	TRUE	18	22	cropland	231	Pastures
104	Mästerby Ringome 1:39	P	130	6374605.46638	696986.750246858	Gotlands län	Svensk Dagfjärilsövervakning, LU	312	Coniferous forest	Forest	0	FALSE	24	22	cropland	312	Coniferous forest
105	Mästerby Ringome 410	T	971	6374580.06539917	696700.089319048	Gotlands län	Svensk Dagfjärilsövervakning, LU	312	Coniferous forest	Forest	0	FALSE	24	22	cropland	312	Coniferous forest
3576	Histilles	T	1895	6374240.0200537	726753.735624709	Gotlands län	Svensk Dagfjärilsövervakning, LU	312	Coniferous forest	Forest	0	FALSE	24	55	unmanaged grass / shrubland	312	Coniferous forest
3187	Kräklingbo Österby 741	P	1191	6374002.02004212	726246.610495158	Gotlands län	Svensk Dagfjärilsövervakning, LU	312	Coniferous forest	Forest	0	FALSE	24	44	forest	312	Coniferous forest
4059	Björkö-Ännaryd 3	P	38	6373788.94316707	498426.709164384	Jönköpings län	Svensk Dagfjärilsövervakning, LU	211	Non-irrigated arable land	Cropland	0	TRUE	12	44	forest	211	Non-irrigated arable land
528	Davids lycka	P	388	6372228.97947499	329642.882344435	Hallands län	Svensk Dagfjärilsövervakning, LU	312	Coniferous forest	Forest	0	TRUE	24	44	forest	312	Coniferous forest
692	Älghagen	P	497	6371483.39552288	397918.85145076	Västra Götalands län	Svensk Dagfjärilsövervakning, LU	231	Pastures	Pasture/Rangeland	0	TRUE	18	44	forest	231	Pastures
2639	Fjärås Bräcka: Grustaget	T	337	6370802.3731613	331039.041958724	Hallands län	Svensk Dagfjärilsövervakning, LU	243	Land principally occupied by agriculture with significant areas of natural vegetation	Cropland	0	TRUE	21	11	urban	243	Land principally occupied by agriculture with significant areas of natural vegetation
46	Hallgårds 137	P	23	6370732.01894176	733042.817142002	Gotlands län	Svensk Dagfjärilsövervakning, LU	231	Pastures	Pasture/Rangeland	0	FALSE	18	55	unmanaged grass / shrubland	231	Pastures
2793	Lunnabergsvägen 3	P	66	6370063.48651056	319733.278558747	Hallands län	Svensk Dagfjärilsövervakning, LU	311	Broad-leaved forest	Forest	0	TRUE	23	44	forest	311	Broad-leaved forest
769	Rättaregården-Nedergården	T	31	6369166.92532865	390036.220791636	Västra Götalands län	Trafikverket	243	Land principally occupied by agriculture with significant areas of natural vegetation	Cropland	0	TRUE	21	44	forest	243	Land principally occupied by agriculture with significant areas of natural vegetation
49	Rågåkre backar	P	31	6368724.92601943	699067.297038869	Gotlands län	Svensk Dagfjärilsövervakning, LU	312	Coniferous forest	Forest	0	FALSE	24	44	forest	312	Coniferous forest
616	Herrgårdsklint	T	3738	6367771.31523398	724704.731860754	Gotlands län	Svensk Dagfjärilsövervakning, LU	312	Coniferous forest	Forest	0	FALSE	24	44	forest	312	Coniferous forest
1020	Fagerhult 8851	T	7	6367155.68378546	371906.264358633	Västra Götalands län	Länsstyrelsen i Västra Götalands län	243	Land principally occupied by agriculture with significant areas of natural vegetation	Cropland	0	TRUE	21	44	forest	243	Land principally occupied by agriculture with significant areas of natural vegetation
1019	Fagerhult 6978	T	4	6366978.03997526	372181.231485492	Västra Götalands län	Länsstyrelsen i Västra Götalands län	243	Land principally occupied by agriculture with significant areas of natural vegetation	Cropland	0	TRUE	21	44	forest	243	Land principally occupied by agriculture with significant areas of natural vegetation
47	Russvätar	T	17742	6366340.42960196	724112.770909188	Gotlands län	Svensk Dagfjärilsövervakning, LU	312	Coniferous forest	Forest	0	FALSE	24	44	forest	312	Coniferous forest
3634	Snäckan, Klintehamn	P	4	6365957.44462606	691496.139481773	Gotlands län	Artportalen, SLU	243	Land principally occupied by agriculture with significant areas of natural vegetation	Cropland	0	FALSE	21	55	unmanaged grass / shrubland	243	Land principally occupied by agriculture with significant areas of natural vegetation
320	Sicklings, Klintehamn	P	224	6364887.57885566	692253.729914317	Gotlands län	Svensk Dagfjärilsövervakning, LU	112	Discontinuous urban fabric	Urban	0	FALSE	2	11	urban	112	Discontinuous urban fabric
582	Gällingeskolan	P	18	6364551.8116394	334653.239003544	Hallands län	Svensk Dagfjärilsövervakning, LU	242	Complex cultivation patterns	Cropland	0	TRUE	20	44	forest	242	Complex cultivation patterns
3275	Nävelsjö Perstorp	T	35	6364327.72139511	491878.425733209	Jönköpings län	Svensk Dagfjärilsövervakning, LU	312	Coniferous forest	Forest	0	TRUE	24	44	forest	312	Coniferous forest
1081	Stubbatorpet i Fällhult	P	88	6364001.79202593	379529.799892744	Västra Götalands län	Svensk Dagfjärilsövervakning, LU	312	Coniferous forest	Forest	0	TRUE	24	44	forest	312	Coniferous forest
2744	Trädgård, Draget, Onsala	P	32	6363604.35782687	320418.589974458	Hallands län	Svensk Dagfjärilsövervakning, LU	112	Discontinuous urban fabric	Urban	0	TRUE	2	11	urban	112	Discontinuous urban fabric
3145	Hinkelsbo	P	13	6363601.87699934	404800.102077922	Västra Götalands län	Svensk Dagfjärilsövervakning, LU	312	Coniferous forest	Forest	0	TRUE	24	44	forest	312	Coniferous forest
3638	Blåbärsvägen 3, Ljugarn	P	1	6360914.39376472	723053.247380135	Gotlands län	Artportalen, SLU	112	Discontinuous urban fabric	Urban	0	FALSE	2	44	forest	112	Discontinuous urban fabric
58	Trädgård i Etelhem	P	63	6360251.37433166	710566.438379213	Gotlands län	Svensk Dagfjärilsövervakning, LU	211	Non-irrigated arable land	Cropland	0	FALSE	12	22	cropland	211	Non-irrigated arable land
2796	Flintvägen 12, Åsa	P	58	6359642.43136248	325540.671244465	Hallands län	Svensk Dagfjärilsövervakning, LU	112	Discontinuous urban fabric	Urban	0	TRUE	2	11	urban	112	Discontinuous urban fabric
534	Åsa Vita Sand	T	8	6359505.1960273	326862.544757969	Hallands län	Svensk Dagfjärilsövervakning, LU	523	Sea and ocean	Other	0	TRUE	44	11	urban	523	Sea and ocean
109	Nyman Fröjel -punkt	P	326	6359457.56629893	691600.223016811	Gotlands län	Svensk Dagfjärilsövervakning, LU	243	Land principally occupied by agriculture with significant areas of natural vegetation	Cropland	0	FALSE	21	22	cropland	243	Land principally occupied by agriculture with significant areas of natural vegetation
170	Autsarve änge Garda	P	12	6359336.55595372	714367.863086139	Gotlands län	Svensk Dagfjärilsövervakning, LU	211	Non-irrigated arable land	Cropland	0	FALSE	12	22	cropland	211	Non-irrigated arable land
598	Käldänget	P	104	6358082.51070901	717304.417391566	Gotlands län	Svensk Dagfjärilsövervakning, LU	243	Land principally occupied by agriculture with significant areas of natural vegetation	Cropland	0	FALSE	21	22	cropland	243	Land principally occupied by agriculture with significant areas of natural vegetation
378	Nidingen	T	23635	6355398.06211661	313334.102163161	Hallands län	Artportalen, SLU	523	Sea and ocean	Other	0	TRUE	44	0	ocean / no data	523	Sea and ocean
384	NV Mjöbäck	T	701	6354874.01164166	371736.076171729	Västra Götalands län	Svensk Dagfjärilsövervakning, LU	312	Coniferous forest	Forest	0	TRUE	24	44	forest	312	Coniferous forest
3141	Sjöstorp stugområde	P	11	6354722.53834324	625052.057066054	Kalmar län	Svensk Dagfjärilsövervakning, LU	211	Non-irrigated arable land	Cropland	0	TRUE	12	44	forest	211	Non-irrigated arable land
2916	Kyrkänge	P	9	6354636.43985161	718280.167107131	Gotlands län	Svensk Dagfjärilsövervakning, LU	231	Pastures	Pasture/Rangeland	0	FALSE	18	22	cropland	231	Pastures
383	Korrasjö	P	42	6354436.08640503	371723.2755292	Västra Götalands län	Svensk Dagfjärilsövervakning, LU	312	Coniferous forest	Forest	0	TRUE	24	44	forest	312	Coniferous forest
2746	Ulvarp 11	P	34	6354086.81494093	530801.193730586	Jönköpings län	Svensk Dagfjärilsövervakning, LU	243	Land principally occupied by agriculture with significant areas of natural vegetation	Cropland	0	TRUE	21	44	forest	243	Land principally occupied by agriculture with significant areas of natural vegetation
633	Böda östra, Fagerrör	T	9	6354042.84912016	627175.656619329	Kalmar län	Svensk Dagfjärilsövervakning, LU	312	Coniferous forest	Forest	0	TRUE	24	44	forest	312	Coniferous forest
3140	Enerums golfbana	T	0	6353662.64828719	620231.669325624	Kalmar län	Svensk Dagfjärilsövervakning, LU	231	Pastures	Pasture/Rangeland	0	TRUE	18	44	forest	231	Pastures
4341	Stora Karlsö	T	476	6353211.98291772	679074.055846313	Gotlands län	Svensk Dagfjärilsövervakning, LU	231	Pastures	Pasture/Rangeland	0	FALSE	18	33	pasture / rangeland	231	Pastures
2781	Hultsjö 1, Sävsjö	P	593	6352183.56258493	482367.022673677	Jönköpings län	Svensk Dagfjärilsövervakning, LU	243	Land principally occupied by agriculture with significant areas of natural vegetation	Cropland	0	TRUE	21	44	forest	243	Land principally occupied by agriculture with significant areas of natural vegetation
3564	Björkgatan 17, Stockaryd	P	121	6352169.00235897	475567.844385041	Jönköpings län	Svensk Dagfjärilsövervakning, LU	112	Discontinuous urban fabric	Urban	0	TRUE	2	11	urban	112	Discontinuous urban fabric
495	Skogsslingan Mjöbäck	T	59	6351263.87096143	370807.358041284	Västra Götalands län	Svensk Dagfjärilsövervakning, LU	312	Coniferous forest	Forest	0	TRUE	24	44	forest	312	Coniferous forest
588	Norsbro punkt	P	130	6350988.93222737	708583.458713624	Gotlands län	Svensk Dagfjärilsövervakning, LU	312	Coniferous forest	Forest	0	FALSE	24	22	cropland	312	Coniferous forest
1086	Burs Prästgården	P	18	6350361.8675841	711610.542916494	Gotlands län	Svensk Dagfjärilsövervakning, LU	243	Land principally occupied by agriculture with significant areas of natural vegetation	Cropland	0	FALSE	21	22	cropland	243	Land principally occupied by agriculture with significant areas of natural vegetation
805	Modala 1	P	155	6349529.25014824	429667.450943616	Jönköpings län	Svensk Dagfjärilsövervakning, LU	312	Coniferous forest	Forest	0	TRUE	24	44	forest	312	Coniferous forest
3635	Toffelgränd 3, Hemse	P	7	6348993.16354066	703602.693435318	Gotlands län	Artportalen, SLU	112	Discontinuous urban fabric	Urban	0	FALSE	2	11	urban	112	Discontinuous urban fabric
112	Burs Ammunde 417	P	291	6348639.92635102	712527.839233977	Gotlands län	Svensk Dagfjärilsövervakning, LU	312	Coniferous forest	Forest	0	FALSE	24	44	forest	312	Coniferous forest
632	Böda västra, Byrum	T	37	6345537.35497278	618450.305092958	Kalmar län	Svensk Dagfjärilsövervakning, LU	312	Coniferous forest	Forest	0	TRUE	24	44	forest	312	Coniferous forest
4203	Ingabo	T	163	6342720.23711366	455760.792511791	Jönköpings län	Svensk Dagfjärilsövervakning, LU	312	Coniferous forest	Forest	0	TRUE	24	44	forest	312	Coniferous forest
4204	Äng vid Ingabo mosse	T	264	6342654.5164712	455528.667557229	Jönköpings län	Svensk Dagfjärilsövervakning, LU	312	Coniferous forest	Forest	0	TRUE	24	44	forest	312	Coniferous forest
714	Släthult	P	4	6342238.90244579	566641.522368675	Kalmar län	Svensk Dagfjärilsövervakning, LU	243	Land principally occupied by agriculture with significant areas of natural vegetation	Cropland	0	TRUE	21	44	forest	243	Land principally occupied by agriculture with significant areas of natural vegetation
35	Törnskatevägen 70	P	966	6339279.39776955	443654.667043628	Jönköpings län	Svensk Dagfjärilsövervakning, LU	112	Discontinuous urban fabric	Urban	0	TRUE	2	11	urban	112	Discontinuous urban fabric
2767	Silkeryd	P	5	6336652.20131918	483520.46923114	Kronobergs län	Svensk Dagfjärilsövervakning, LU	312	Coniferous forest	Forest	0	TRUE	24	44	forest	312	Coniferous forest
99	Trönninge - Bolse	T	1641	6335906.97259086	336095.010555104	Hallands län	Svensk Dagfjärilsövervakning, LU	112	Discontinuous urban fabric	Urban	0	TRUE	2	22	cropland	112	Discontinuous urban fabric
3793	Slinga Tusenfalken	T	92	6334097.28286063	330543.565720964	Hallands län	Svensk Dagfjärilsövervakning, LU	142	Sport and leisure facilities	Urban	0	TRUE	11	0	ocean / no data	142	Sport and leisure facilities
3186	Brunnsbergsskogen	T	77	6334079.91358688	334482.543384772	Hallands län	Svensk Dagfjärilsövervakning, LU	141	Green urban areas	Urban	0	TRUE	10	11	urban	141	Green urban areas
3812	Gula huset, Köinge	P	167	6326903.8285942	356964.074234785	Hallands län	Svensk Dagfjärilsövervakning, LU	112	Discontinuous urban fabric	Urban	0	TRUE	2	22	cropland	112	Discontinuous urban fabric
3933	Infart till Knisa mosse	T	101	6324416.89876919	613611.190267808	Kalmar län	Biogeografisk uppföljning av fjärilar, LU	231	Pastures	Pasture/Rangeland	0	TRUE	18	33	pasture / rangeland	231	Pastures
3796	Vinninge, Berg	T	228	6324386.68239112	483161.626668113	Kronobergs län	Svensk Dagfjärilsövervakning, LU	211	Non-irrigated arable land	Cropland	0	TRUE	12	44	forest	211	Non-irrigated arable land
28	Smedsgård	T	2042	6322744.78199599	338583.321583917	Hallands län	Svensk Dagfjärilsövervakning, LU	211	Non-irrigated arable land	Cropland	0	TRUE	12	22	cropland	211	Non-irrigated arable land
191	Rostock Hornsö	P	589	6320777.10419753	564107.988644691	Kronobergs län	Svensk Dagfjärilsövervakning, LU	312	Coniferous forest	Forest	0	TRUE	24	44	forest	312	Coniferous forest
31	Bondetorp	P	768	6317897.11546811	440899.657524471	Kronobergs län	Svensk Dagfjärilsövervakning, LU	312	Coniferous forest	Forest	0	TRUE	24	44	forest	312	Coniferous forest
2831	Klangebergsbacken 2	P	1303	6316899.27098552	357393.091520745	Hallands län	Svensk Dagfjärilsövervakning, LU	112	Discontinuous urban fabric	Urban	0	TRUE	2	22	cropland	112	Discontinuous urban fabric
212	Sundre Socken	P	112	6316825.67476973	695693.104036034	Gotlands län	Svensk Dagfjärilsövervakning, LU	312	Coniferous forest	Forest	0	FALSE	24	44	forest	312	Coniferous forest
452	Gruebäcks hage, Tröingeberg	T	883	6311001.6146875	348853.374883444	Hallands län	Svensk Dagfjärilsövervakning, LU	311	Broad-leaved forest	Forest	0	TRUE	23	11	urban	311	Broad-leaved forest
451	Vidablicksvägen 25	P	475	6310676.27180848	348809.240269601	Hallands län	Svensk Dagfjärilsövervakning, LU	112	Discontinuous urban fabric	Urban	0	TRUE	2	11	urban	112	Discontinuous urban fabric
3926	Södra Tröingeberg	T	97	6310269.4952945	349232.810840471	Hallands län	Svensk Dagfjärilsövervakning, LU	112	Discontinuous urban fabric	Urban	0	TRUE	2	11	urban	112	Discontinuous urban fabric
3149	Hölminge	T	92	6308404.27766034	425899.402036809	Kronobergs län	Svensk Dagfjärilsövervakning, LU	211	Non-irrigated arable land	Cropland	0	TRUE	12	44	forest	211	Non-irrigated arable land
4231	Råsa Nyborg	P	23	6305277.97734867	511562.714660134	Kronobergs län	Artportalen, SLU	312	Coniferous forest	Forest	0	TRUE	24	44	forest	312	Coniferous forest
4073	Södra Hov-Gamla Norr	T	23	6305220.55108343	489137.58643198	Kronobergs län	Svensk Dagfjärilsövervakning, LU	112	Discontinuous urban fabric	Urban	0	TRUE	2	11	urban	112	Discontinuous urban fabric
793	Bohult	P	438	6305038.09665162	410833.108142872	Kronobergs län	Svensk Dagfjärilsövervakning, LU	312	Coniferous forest	Forest	0	TRUE	24	44	forest	312	Coniferous forest
984	Guds gröna ängar	T	59	6296297.90947733	355744.096506906	Hallands län	Svensk Dagfjärilsövervakning, LU	311	Broad-leaved forest	Forest	0	TRUE	23	44	forest	311	Broad-leaved forest
3934	Karums södra alvar	T	264	6292987.75111674	599486.261069556	Kalmar län	Biogeografisk uppföljning av fjärilar, LU	231	Pastures	Pasture/Rangeland	0	TRUE	18	22	cropland	231	Pastures
933	Aplarydsvägen	T	100	6292557.09648826	477908.162291049	Kronobergs län	Artportalen, SLU	324	Transitional woodland-shrub	Unmanaged grass/shrubland	0	TRUE	29	44	forest	324	Transitional woodland-shrub
3797	Lidboholm	T	64	6291280.6136062	486995.674471896	Kronobergs län	Svensk Dagfjärilsövervakning, LU	324	Transitional woodland-shrub	Unmanaged grass/shrubland	0	TRUE	29	44	forest	324	Transitional woodland-shrub
3773	Hagaliden	P	70	6288947.50046415	472980.618891025	Kronobergs län	Svensk Dagfjärilsövervakning, LU	211	Non-irrigated arable land	Cropland	0	TRUE	12	22	cropland	211	Non-irrigated arable land
4282	Lynga	T	141	6287983.46227242	360333.600513516	Hallands län	Svensk Dagfjärilsövervakning, LU	211	Non-irrigated arable land	Cropland	0	TRUE	12	22	cropland	211	Non-irrigated arable land
172	Björkhem, Kalvsvik, Växjö	P	1437	6287494.73723064	481701.287965578	Kronobergs län	Svensk Dagfjärilsövervakning, LU	324	Transitional woodland-shrub	Unmanaged grass/shrubland	0	TRUE	29	44	forest	324	Transitional woodland-shrub
1083	Björkelund	T	651	6286331.95372942	383483.977331533	Hallands län	Svensk Dagfjärilsövervakning, LU	312	Coniferous forest	Forest	0	TRUE	24	44	forest	312	Coniferous forest
3927	Aledal	T	159	6285612.77542855	592280.881406776	Kalmar län	Biogeografisk uppföljning av fjärilar, LU	243	Land principally occupied by agriculture with significant areas of natural vegetation	Cropland	0	TRUE	21	22	cropland	243	Land principally occupied by agriculture with significant areas of natural vegetation
30	Trädgården till Tofta, Villa Toftasjö 223	P	538	6285505.84632696	378003.503939995	Hallands län	Svensk Dagfjärilsövervakning, LU	243	Land principally occupied by agriculture with significant areas of natural vegetation	Cropland	0	TRUE	21	44	forest	243	Land principally occupied by agriculture with significant areas of natural vegetation
3282	Duvstigen 2	P	65	6284962.44086598	583399.842555186	Kalmar län	Svensk Dagfjärilsövervakning, LU	112	Discontinuous urban fabric	Urban	0	TRUE	2	11	urban	112	Discontinuous urban fabric
39	Jordtorpsåsen	T	3541	6282526.88244287	595198.451121103	Kalmar län	Svensk Dagfjärilsövervakning, LU	311	Broad-leaved forest	Forest	0	TRUE	23	22	cropland	311	Broad-leaved forest
267	Gråborg	T	24	6281115.99309154	597898.373841887	Kalmar län	Svensk Dagfjärilsövervakning, LU	311	Broad-leaved forest	Forest	0	TRUE	23	44	forest	311	Broad-leaved forest
601	Krankelösa	P	88	6279813.17960559	570676.890333241	Kalmar län	Svensk Dagfjärilsövervakning, LU	312	Coniferous forest	Forest	0	TRUE	24	22	cropland	312	Coniferous forest
3771	Rinkaby 7:41	P	26	6279746.22244556	574930.494401518	Kalmar län	Svensk Dagfjärilsövervakning, LU	211	Non-irrigated arable land	Cropland	0	TRUE	12	22	cropland	211	Non-irrigated arable land
266	Degerrörsbackarna	T	96	6278153.40325152	594554.049816412	Kalmar län	Svensk Dagfjärilsövervakning, LU	243	Land principally occupied by agriculture with significant areas of natural vegetation	Cropland	0	TRUE	21	22	cropland	243	Land principally occupied by agriculture with significant areas of natural vegetation
3939	Tävelsrum	T	141	6278006.79624183	596370.318307605	Kalmar län	Biogeografisk uppföljning av fjärilar, LU	311	Broad-leaved forest	Forest	0	TRUE	23	44	forest	311	Broad-leaved forest
3305	Hildeborg	T	1866	6277708.13292128	596647.760795041	Kalmar län	Svensk Dagfjärilsövervakning, LU	311	Broad-leaved forest	Forest	0	TRUE	23	44	forest	311	Broad-leaved forest
34	Hunshult 3	P	11492	6277257.68939715	481358.863592402	Kronobergs län	Svensk Dagfjärilsövervakning, LU	311	Broad-leaved forest	Forest	0	TRUE	23	44	forest	311	Broad-leaved forest
3930	Gårdby sandhed	T	316	6276617.32044601	600893.538280757	Kalmar län	Biogeografisk uppföljning av fjärilar, LU	312	Coniferous forest	Forest	0	TRUE	24	22	cropland	312	Coniferous forest
2934	Mosslunda 3	T	352	6276571.83250817	401415.926689803	Kronobergs län	Svensk Dagfjärilsövervakning, LU	312	Coniferous forest	Forest	0	TRUE	24	44	forest	312	Coniferous forest
417	Öringe	P	3	6274257.58669886	380720.47083414	Hallands län	Svensk Dagfjärilsövervakning, LU	311	Broad-leaved forest	Forest	0	TRUE	23	22	cropland	311	Broad-leaved forest
3937	Skarpa Alby, Biogeo	T	435	6272913.05664567	598496.667824654	Kalmar län	Biogeografisk uppföljning av fjärilar, LU	231	Pastures	Pasture/Rangeland	0	TRUE	18	55	unmanaged grass / shrubland	231	Pastures
898	Skarpa Alby	P	109	6272789.8224178	597708.31118521	Kalmar län	Biogeografisk uppföljning av fjärilar, LU	333	Sparsely vegetated areas	Sparse/no vegetation	0	TRUE	32	66	sparse / no vegetation	333	Sparsely vegetated areas
2930	Abrahams gård 10, punkt	P	1224	6272730.0862824	498003.778972782	Kalmar län	Svensk Dagfjärilsövervakning, LU	243	Land principally occupied by agriculture with significant areas of natural vegetation	Cropland	0	TRUE	21	44	forest	243	Land principally occupied by agriculture with significant areas of natural vegetation
3965	Abrahams gård 10, slinga	T	220	6272730.0862824	498003.778972782	Kalmar län	Svensk Dagfjärilsövervakning, LU	243	Land principally occupied by agriculture with significant areas of natural vegetation	Cropland	0	TRUE	21	44	forest	243	Land principally occupied by agriculture with significant areas of natural vegetation
614	Graneryd	P	1	6272524.26047936	456322.640875158	Kronobergs län	Svensk Dagfjärilsövervakning, LU	324	Transitional woodland-shrub	Unmanaged grass/shrubland	0	TRUE	29	44	forest	324	Transitional woodland-shrub
3935	Möckelmossen - Mysinge alvar	T	196	6266084.01588651	594602.865582997	Kalmar län	Biogeografisk uppföljning av fjärilar, LU	333	Sparsely vegetated areas	Sparse/no vegetation	0	TRUE	32	55	unmanaged grass / shrubland	333	Sparsely vegetated areas
709	Ängsvägen 7	P	72	6265507.90360534	488480.203437027	Kronobergs län	Svensk Dagfjärilsövervakning, LU	112	Discontinuous urban fabric	Urban	0	TRUE	2	11	urban	112	Discontinuous urban fabric
40	Stagneliusgatan 21, Mörbylånga	P	17	6264657.81444288	585187.037690827	Kalmar län	Svensk Dagfjärilsövervakning, LU	112	Discontinuous urban fabric	Urban	0	TRUE	2	11	urban	112	Discontinuous urban fabric
986	Idgränd 8, Laholm	P	460	6264418.5551099	378331.348936246	Hallands län	Svensk Dagfjärilsövervakning, LU	112	Discontinuous urban fabric	Urban	0	TRUE	2	22	cropland	112	Discontinuous urban fabric
29	Körvelgången 17, Laholm	P	110	6263652.41298191	380669.148545694	Hallands län	Svensk Dagfjärilsövervakning, LU	112	Discontinuous urban fabric	Urban	0	TRUE	2	11	urban	112	Discontinuous urban fabric
3932	Gösslunda alvar	T	366	6261416.98651288	593477.944564189	Kalmar län	Biogeografisk uppföljning av fjärilar, LU	231	Pastures	Pasture/Rangeland	0	TRUE	18	66	sparse / no vegetation	231	Pastures
2905	Torrahems fjärilsslinga	T	24	6261092.10027655	416551.617211995	Kronobergs län	Svensk Dagfjärilsövervakning, LU	312	Coniferous forest	Forest	0	TRUE	24	44	forest	312	Coniferous forest
811	Bjärekusten slinga	T	178	6260316.34471577	360252.050165064	Skåne län	Länsstyrelsen i Malmö län	311	Broad-leaved forest	Forest	0	TRUE	23	44	forest	311	Broad-leaved forest
818	Hallands Väderö slinga	T	111	6258526.01153456	349071.161384819	Skåne län	Länsstyrelsen i Malmö län	311	Broad-leaved forest	Forest	0	TRUE	23	22	cropland	311	Broad-leaved forest
589	Hårhult 7744	P	268	6257793.56713066	432391.068324678	Kronobergs län	Svensk Dagfjärilsövervakning, LU	312	Coniferous forest	Forest	0	TRUE	24	44	forest	312	Coniferous forest
646	Gråshult slinga	T	72	6256455.87918489	442421.319408278	Skåne län	Länsstyrelsen i Malmö län	231	Pastures	Pasture/Rangeland	0	TRUE	18	44	forest	231	Pastures
647	Gråshult transekter	T	90	6256455.87918489	442421.319408278	Skåne län	Länsstyrelsen i Malmö län	231	Pastures	Pasture/Rangeland	0	TRUE	18	44	forest	231	Pastures
3155	Enebacken, Torekov	P	4	6254470.25344287	354098.022399821	Skåne län	Svensk Dagfjärilsövervakning, LU	142	Sport and leisure facilities	Urban	0	TRUE	11	22	cropland	142	Sport and leisure facilities
4258	Skärlövs alvar NV	T	710	6253599.65420075	594730.351341692	Kalmar län	Svensk Dagfjärilsövervakning, LU	231	Pastures	Pasture/Rangeland	0	TRUE	18	66	sparse / no vegetation	231	Pastures
472	Lya ljunghed transekter	T	302	6253099.41542345	369726.737004179	Skåne län	Länsstyrelsen i Malmö län	243	Land principally occupied by agriculture with significant areas of natural vegetation	Cropland	0	TRUE	21	44	forest	243	Land principally occupied by agriculture with significant areas of natural vegetation
471	Lya ljunghed slinga	T	108	6252852.48299746	369465.772170555	Skåne län	Länsstyrelsen i Malmö län	311	Broad-leaved forest	Forest	0	TRUE	23	44	forest	311	Broad-leaved forest
2944	Skärlövs alvar	T	1546	6252600.16721724	594582.110520539	Kalmar län	Svensk Dagfjärilsövervakning, LU	333	Sparsely vegetated areas	Sparse/no vegetation	0	TRUE	32	66	sparse / no vegetation	333	Sparsely vegetated areas
962	Mellby alvar	T	1720	6251949.42875241	594675.718088048	Kalmar län	Svensk Dagfjärilsövervakning, LU	333	Sparsely vegetated areas	Sparse/no vegetation	0	TRUE	32	66	sparse / no vegetation	333	Sparsely vegetated areas
52	Midingsbråte	T	137	6250105.80175154	489420.592841785	Kronobergs län	Svensk Dagfjärilsövervakning, LU	243	Land principally occupied by agriculture with significant areas of natural vegetation	Cropland	0	TRUE	21	44	forest	243	Land principally occupied by agriculture with significant areas of natural vegetation
3162	Ängelbäcksstrand	P	115	6248311.16288849	360879.621279576	Skåne län	Svensk Dagfjärilsövervakning, LU	112	Discontinuous urban fabric	Urban	0	TRUE	2	22	cropland	112	Discontinuous urban fabric
628	Gisslaboda 2357	P	656	6247920.89051367	458991.349338318	Skåne län	Svensk Dagfjärilsövervakning, LU	243	Land principally occupied by agriculture with significant areas of natural vegetation	Cropland	0	TRUE	21	44	forest	243	Land principally occupied by agriculture with significant areas of natural vegetation
86	Linjevägen pkt 3 - grusgropen	P	194	6247195.43025435	496631.003369189	Blekinge län	Svensk Dagfjärilsövervakning, LU	312	Coniferous forest	Forest	0	TRUE	24	44	forest	312	Coniferous forest
84	Linjevägen pkt 1	P	286	6247194.36874626	496199.176371165	Blekinge län	Svensk Dagfjärilsövervakning, LU	312	Coniferous forest	Forest	0	TRUE	24	44	forest	312	Coniferous forest
85	Linjevägen pkt 2 1/2 vändpl	P	208	6247172.47336794	496463.334785177	Blekinge län	Svensk Dagfjärilsövervakning, LU	312	Coniferous forest	Forest	0	TRUE	24	44	forest	312	Coniferous forest
466	Hålebäckseröd transekter	T	59	6247117.88795474	372653.373320776	Skåne län	Länsstyrelsen i Malmö län	211	Non-irrigated arable land	Cropland	0	TRUE	12	44	forest	211	Non-irrigated arable land
465	Hålebäckseröd slinga	T	61	6247052.92211814	372312.313714775	Skåne län	Länsstyrelsen i Malmö län	211	Non-irrigated arable land	Cropland	0	TRUE	12	44	forest	211	Non-irrigated arable land
22	Fjärdingsmansvägen	P	655	6246968.29892683	364325.526801662	Skåne län	Svensk Dagfjärilsövervakning, LU	112	Discontinuous urban fabric	Urban	0	TRUE	2	22	cropland	112	Discontinuous urban fabric
90	Linjevägen pkt 4 1/2 hyggeskanten	P	91	6246816.40052013	496616.451696165	Blekinge län	Svensk Dagfjärilsövervakning, LU	312	Coniferous forest	Forest	0	TRUE	24	44	forest	312	Coniferous forest
652	Ubbalt slinga	T	101	6246814.7191829	418165.384992391	Skåne län	Länsstyrelsen i Malmö län	313	Mixed forest	Forest	0	TRUE	25	44	forest	313	Mixed forest
653	Ubbalt transekter	T	57	6246814.7191829	418165.384992391	Skåne län	Länsstyrelsen i Malmö län	313	Mixed forest	Forest	0	TRUE	25	44	forest	313	Mixed forest
87	Linjevägen pkt 5 1/2 - jakttornet	P	125	6246585.99457651	496489.199683174	Blekinge län	Svensk Dagfjärilsövervakning, LU	312	Coniferous forest	Forest	0	TRUE	24	44	forest	312	Coniferous forest
3931	Gårdstorp	T	175	6246491.89239612	590331.802316747	Kalmar län	Biogeografisk uppföljning av fjärilar, LU	333	Sparsely vegetated areas	Sparse/no vegetation	0	TRUE	32	66	sparse / no vegetation	333	Sparsely vegetated areas
88	Linjevägen pkt 7 - kärrkanten	P	85	6246408.03066901	496401.318309002	Blekinge län	Svensk Dagfjärilsövervakning, LU	312	Coniferous forest	Forest	0	TRUE	24	44	forest	312	Coniferous forest
4259	Krogsmåla Gård 	P	101	6246150.97058254	540841.013632658	Blekinge län	Svensk Dagfjärilsövervakning, LU	312	Coniferous forest	Forest	0	TRUE	24	44	forest	312	Coniferous forest
2951	Perstorpet transekter	T	350	6246100.3110103	454099.749611609	Skåne län	Länsstyrelsen i Malmö län	312	Coniferous forest	Forest	0	TRUE	24	44	forest	312	Coniferous forest
2952	Perstorpet slinga	T	168	6246085.49871892	454285.844435884	Skåne län	Länsstyrelsen i Malmö län	312	Coniferous forest	Forest	0	TRUE	24	44	forest	312	Coniferous forest
828	Malshult transekter	T	86	6245560.60774986	434825.468077349	Skåne län	Länsstyrelsen i Malmö län	211	Non-irrigated arable land	Cropland	0	TRUE	12	44	forest	211	Non-irrigated arable land
297	Strömsborg, Osby	P	556	6245438.48006639	438990.047901627	Skåne län	Svensk Dagfjärilsövervakning, LU	311	Broad-leaved forest	Forest	0	TRUE	23	44	forest	311	Broad-leaved forest
89	Linjevägen Tranerås pkt 14	P	214	6245272.82116503	497115.358196409	Blekinge län	Svensk Dagfjärilsövervakning, LU	313	Mixed forest	Forest	0	TRUE	25	44	forest	313	Mixed forest
829	Malshult slinga	T	157	6245239.42464255	434712.283664501	Skåne län	Länsstyrelsen i Malmö län	211	Non-irrigated arable land	Cropland	0	TRUE	12	44	forest	211	Non-irrigated arable land
91	Linjevägen pkt 18	P	478	6244611.73763785	496575.306177668	Blekinge län	Svensk Dagfjärilsövervakning, LU	313	Mixed forest	Forest	0	TRUE	25	44	forest	313	Mixed forest
2933	Ljungabolet, slinga	T	3	6243348.2061617	377033.293701449	Skåne län	Svensk Dagfjärilsövervakning, LU	312	Coniferous forest	Forest	0	TRUE	24	44	forest	312	Coniferous forest
70	Ljungabolet, punkt	P	369	6242999.63564285	376286.766934059	Skåne län	Svensk Dagfjärilsövervakning, LU	311	Broad-leaved forest	Forest	0	TRUE	23	44	forest	311	Broad-leaved forest
4200	Albrunna	T	294	6242664.85083064	588537.108733997	Kalmar län	Biogeografisk uppföljning av fjärilar, LU	333	Sparsely vegetated areas	Sparse/no vegetation	0	TRUE	32	66	sparse / no vegetation	333	Sparsely vegetated areas
26	Hemsjö	P	289	6242510.78597258	481576.63775306	Blekinge län	Svensk Dagfjärilsövervakning, LU	211	Non-irrigated arable land	Cropland	0	TRUE	12	44	forest	211	Non-irrigated arable land
2910	Magnarps ängen	P	232	6242185.25838431	362739.456607741	Skåne län	Svensk Dagfjärilsövervakning, LU	112	Discontinuous urban fabric	Urban	0	TRUE	2	22	cropland	112	Discontinuous urban fabric
2791	Varehög	P	267	6242184.90713918	362709.476782898	Skåne län	Svensk Dagfjärilsövervakning, LU	112	Discontinuous urban fabric	Urban	0	TRUE	2	22	cropland	112	Discontinuous urban fabric
824	Kullaberg slinga	T	212	6242058.68259522	342808.858538113	Skåne län	Länsstyrelsen i Malmö län	324	Transitional woodland-shrub	Unmanaged grass/shrubland	0	TRUE	29	55	unmanaged grass / shrubland	324	Transitional woodland-shrub
20	Nissakäll 9:10	P	2325	6241321.75500884	388935.966219809	Skåne län	Svensk Dagfjärilsövervakning, LU	311	Broad-leaved forest	Forest	0	TRUE	23	44	forest	311	Broad-leaved forest
727	Rasmus norra, Sonaboda	P	297	6241136.91787464	431866.64134401	Skåne län	Svensk Dagfjärilsövervakning, LU	311	Broad-leaved forest	Forest	0	TRUE	23	44	forest	311	Broad-leaved forest
728	Rasmus södra, Sonaboda	P	153	6241053.2877922	431809.646948739	Skåne län	Svensk Dagfjärilsövervakning, LU	311	Broad-leaved forest	Forest	0	TRUE	23	44	forest	311	Broad-leaved forest
684	Norrevång östra, Sonaboda	P	0	6241032.68458796	432098.757990141	Skåne län	Svensk Dagfjärilsövervakning, LU	311	Broad-leaved forest	Forest	0	TRUE	23	44	forest	311	Broad-leaved forest
4220	Gånarps Backaväg 123	P	146	6240977.86690984	372633.369107633	Skåne län	Svensk Dagfjärilsövervakning, LU	243	Land principally occupied by agriculture with significant areas of natural vegetation	Cropland	0	TRUE	21	44	forest	243	Land principally occupied by agriculture with significant areas of natural vegetation
730	Alevången, Sonaboda	P	335	6240894.93139962	431858.480366007	Skåne län	Svensk Dagfjärilsövervakning, LU	311	Broad-leaved forest	Forest	0	TRUE	23	44	forest	311	Broad-leaved forest
729	Främre Kransavången, Sonaboda	P	1051	6240600.73686956	431915.901431118	Skåne län	Svensk Dagfjärilsövervakning, LU	311	Broad-leaved forest	Forest	0	TRUE	23	44	forest	311	Broad-leaved forest
82	Bårabygd-vägen-krönet	P	85	6239689.53155426	504256.154340953	Blekinge län	Svensk Dagfjärilsövervakning, LU	312	Coniferous forest	Forest	0	TRUE	24	44	forest	312	Coniferous forest
83	Bårabygd-vägen 25 N björkridån	P	163	6239630.78336169	504275.835303996	Blekinge län	Svensk Dagfjärilsövervakning, LU	312	Coniferous forest	Forest	0	TRUE	24	44	forest	312	Coniferous forest
832	Möllehässle slinga	T	176	6239385.45194221	345391.751095734	Skåne län	Länsstyrelsen i Malmö län	211	Non-irrigated arable land	Cropland	0	TRUE	12	77	water	211	Non-irrigated arable land
648	Sporrakulla slinga	T	58	6237029.91035309	453310.35924287	Skåne län	Länsstyrelsen i Malmö län	312	Coniferous forest	Forest	0	TRUE	24	44	forest	312	Coniferous forest
649	Sporrakulla transekter	T	62	6237029.91035309	453310.35924287	Skåne län	Länsstyrelsen i Malmö län	312	Coniferous forest	Forest	0	TRUE	24	44	forest	312	Coniferous forest
4091	Hässlehult	T	316	6235951.92587927	502209.667556537	Blekinge län	Svensk Dagfjärilsövervakning, LU	311	Broad-leaved forest	Forest	0	TRUE	23	44	forest	311	Broad-leaved forest
3290	Gaslunda, Torpet	P	247	6235754.08934017	479925.422749822	Blekinge län	Svensk Dagfjärilsövervakning, LU	312	Coniferous forest	Forest	0	TRUE	24	44	forest	312	Coniferous forest
3292	Gaslunda, Jordkällaren	P	416	6235708.1019821	479924.961375393	Blekinge län	Svensk Dagfjärilsövervakning, LU	312	Coniferous forest	Forest	0	TRUE	24	44	forest	312	Coniferous forest
3291	Gaslunda, Våtmarken	P	202	6235667.71372853	479890.447802914	Blekinge län	Svensk Dagfjärilsövervakning, LU	312	Coniferous forest	Forest	0	TRUE	24	44	forest	312	Coniferous forest
3272	Västerviks lägerplats	P	26	6234896.18762674	463761.969548797	Skåne län	Svensk Dagfjärilsövervakning, LU	311	Broad-leaved forest	Forest	0	TRUE	23	44	forest	311	Broad-leaved forest
3171	Sjukhuset, Ängelholm	P	45	6234866.94224464	367414.718516583	Skåne län	Svensk Dagfjärilsövervakning, LU	112	Discontinuous urban fabric	Urban	0	TRUE	2	11	urban	112	Discontinuous urban fabric
3269	Ängsmarken norr om Skogstorpet Månsas	P	51	6234702.46591757	463266.442048613	Skåne län	Svensk Dagfjärilsövervakning, LU	312	Coniferous forest	Forest	0	TRUE	24	44	forest	312	Coniferous forest
3270	Söder om Skogstorpet Månsas	P	39	6234652.62205683	463278.020832464	Skåne län	Svensk Dagfjärilsövervakning, LU	312	Coniferous forest	Forest	0	TRUE	24	44	forest	312	Coniferous forest
3182	Fångstvägen 11	P	368	6234583.0372862	356055.147845975	Skåne län	Svensk Dagfjärilsövervakning, LU	112	Discontinuous urban fabric	Urban	0	TRUE	2	11	urban	112	Discontinuous urban fabric
3610	Stjärnstoffs Gård	P	1	6233822.69917884	385363.626134243	Skåne län	Svensk Dagfjärilsövervakning, LU	211	Non-irrigated arable land	Cropland	0	TRUE	12	44	forest	211	Non-irrigated arable land
2785	Ryedal 1:13	P	202	6233632.78039619	487687.248481401	Blekinge län	Svensk Dagfjärilsövervakning, LU	211	Non-irrigated arable land	Cropland	0	TRUE	12	44	forest	211	Non-irrigated arable land
4090	Åkekvarna	P	109	6233580.18651232	476529.212967712	Blekinge län	Svensk Dagfjärilsövervakning, LU	311	Broad-leaved forest	Forest	0	TRUE	23	44	forest	311	Broad-leaved forest
830	Mannagården transekter	T	118	6233520.39926192	442120.285412372	Skåne län	Länsstyrelsen i Malmö län	211	Non-irrigated arable land	Cropland	0	TRUE	12	11	urban	211	Non-irrigated arable land
831	Mannagården slinga	T	99	6233246.7153329	442222.444639746	Skåne län	Länsstyrelsen i Malmö län	211	Non-irrigated arable land	Cropland	0	TRUE	12	22	cropland	211	Non-irrigated arable land
3566	Pölsekruvägen 76	T	36	6232602.49912866	489594.579851113	Blekinge län	Svensk Dagfjärilsövervakning, LU	112	Discontinuous urban fabric	Urban	0	TRUE	2	44	forest	112	Discontinuous urban fabric
4221	Törnåkra	P	34	6231885.35848157	556723.187813067	Blekinge län	Svensk Dagfjärilsövervakning, LU	211	Non-irrigated arable land	Cropland	0	TRUE	12	44	forest	211	Non-irrigated arable land
95	Sjöarp-3-torpet-4pÖ	P	132	6231873.3305256	510405.458729068	Blekinge län	Svensk Dagfjärilsövervakning, LU	312	Coniferous forest	Forest	0	TRUE	24	44	forest	312	Coniferous forest
97	Sjöarp-Bårkullen-Tågsvackan	P	322	6231867.370993	511263.224348607	Blekinge län	Svensk Dagfjärilsövervakning, LU	312	Coniferous forest	Forest	0	TRUE	24	44	forest	312	Coniferous forest
96	Sjöarp-BårkullensSV-översiln	P	394	6231846.66801728	511373.427625486	Blekinge län	Svensk Dagfjärilsövervakning, LU	312	Coniferous forest	Forest	0	TRUE	24	44	forest	312	Coniferous forest
94	Sjöarp-torpet	P	281	6231810.79842086	511981.632388807	Blekinge län	Svensk Dagfjärilsövervakning, LU	211	Non-irrigated arable land	Cropland	0	TRUE	12	44	forest	211	Non-irrigated arable land
336	Sjöarp-Bårkullen-vändplatsen	P	272	6231807.2713387	511081.991868183	Blekinge län	Svensk Dagfjärilsövervakning, LU	312	Coniferous forest	Forest	0	TRUE	24	44	forest	312	Coniferous forest
92	Sjöarp-3-bäcken	P	116	6231782.64982369	510344.541586319	Blekinge län	Svensk Dagfjärilsövervakning, LU	312	Coniferous forest	Forest	0	TRUE	24	44	forest	312	Coniferous forest
1004	Sjöarp-Emilshem	P	132	6231486.79581421	510518.941935093	Blekinge län	Svensk Dagfjärilsövervakning, LU	312	Coniferous forest	Forest	0	TRUE	24	44	forest	312	Coniferous forest
98	Sjöarp-ren.verket	P	530	6230893.59256006	511765.44213868	Blekinge län	Svensk Dagfjärilsövervakning, LU	311	Broad-leaved forest	Forest	0	TRUE	23	44	forest	311	Broad-leaved forest
93	Sjöarp VF-lokalen	P	281	6230763.51050691	512010.877598778	Blekinge län	Svensk Dagfjärilsövervakning, LU	311	Broad-leaved forest	Forest	0	TRUE	23	44	forest	311	Broad-leaved forest
2728	Martins Fälad, Stidsvig	P	18	6230175.66612145	383750.149291063	Skåne län	Svensk Dagfjärilsövervakning, LU	112	Discontinuous urban fabric	Urban	0	TRUE	2	44	forest	112	Discontinuous urban fabric
306	Karstorp	P	1375	6229906.07402149	473831.288671389	Blekinge län	Svensk Dagfjärilsövervakning, LU	243	Land principally occupied by agriculture with significant areas of natural vegetation	Cropland	0	TRUE	21	44	forest	243	Land principally occupied by agriculture with significant areas of natural vegetation
288	Blistorp	P	355	6229538.05565039	465441.994282044	Skåne län	Svensk Dagfjärilsövervakning, LU	231	Pastures	Pasture/Rangeland	0	TRUE	18	55	unmanaged grass / shrubland	231	Pastures
2876	Elehus	T	1331	6229441.27249986	436316.599106157	Skåne län	Svensk Dagfjärilsövervakning, LU	312	Coniferous forest	Forest	0	TRUE	24	44	forest	312	Coniferous forest
3833	Annedal, Vankiva	T	202	6229432.65864579	422591.938260207	Skåne län	Svensk Dagfjärilsövervakning, LU	211	Non-irrigated arable land	Cropland	0	TRUE	12	22	cropland	211	Non-irrigated arable land
2878	Skrubbalyckan	P	101	6229136.73671141	436430.112258719	Skåne län	Svensk Dagfjärilsövervakning, LU	312	Coniferous forest	Forest	0	TRUE	24	44	forest	312	Coniferous forest
3955	Höjelycke 2	P	116	6229056.13459776	436461.041680133	Skåne län	Svensk Dagfjärilsövervakning, LU	312	Coniferous forest	Forest	0	TRUE	24	44	forest	312	Coniferous forest
2877	Höjelycke	P	99	6229022.54594071	436409.457741515	Skåne län	Svensk Dagfjärilsövervakning, LU	311	Broad-leaved forest	Forest	0	TRUE	23	44	forest	311	Broad-leaved forest
3692	Gärestad	T	27	6228947.75020724	520695.101946184	Blekinge län	Biogeografisk uppföljning av fjärilar, LU	312	Coniferous forest	Forest	0	TRUE	24	22	cropland	312	Coniferous forest
342	Sibbarp	P	742	6228826.29258095	468514.06773428	Skåne län	Svensk Dagfjärilsövervakning, LU	311	Broad-leaved forest	Forest	0	TRUE	23	44	forest	311	Broad-leaved forest
4257	Solberget, Ronneby	P	10	6228766.61170782	518028.138938042	Blekinge län	Svensk Dagfjärilsövervakning, LU	112	Discontinuous urban fabric	Urban	0	TRUE	2	11	urban	112	Discontinuous urban fabric
3680	Bofinksvägen	T	28	6228627.94577305	519591.22215884	Blekinge län	Biogeografisk uppföljning av fjärilar, LU	312	Coniferous forest	Forest	0	TRUE	24	44	forest	312	Coniferous forest
3676	Binga	T	27	6228285.56337352	521514.568385722	Blekinge län	Biogeografisk uppföljning av fjärilar, LU	312	Coniferous forest	Forest	0	TRUE	24	22	cropland	312	Coniferous forest
3719	Ronneby östra	T	20	6228083.87987102	519569.594294263	Blekinge län	Biogeografisk uppföljning av fjärilar, LU	112	Discontinuous urban fabric	Urban	0	TRUE	2	44	forest	112	Discontinuous urban fabric
591	Penarp	T	3557	6227968.81321222	386571.544153217	Skåne län	Svensk Dagfjärilsövervakning, LU	211	Non-irrigated arable land	Cropland	0	TRUE	12	44	forest	211	Non-irrigated arable land
3686	Flisberget	T	7	6227758.00067169	519912.288595092	Blekinge län	Biogeografisk uppföljning av fjärilar, LU	243	Land principally occupied by agriculture with significant areas of natural vegetation	Cropland	0	TRUE	21	44	forest	243	Land principally occupied by agriculture with significant areas of natural vegetation
3715	Påtorp	T	177	6227727.17997418	519584.761696898	Blekinge län	Biogeografisk uppföljning av fjärilar, LU	311	Broad-leaved forest	Forest	0	TRUE	23	44	forest	311	Broad-leaved forest
3673	Anglemåla	T	22	6227410.28837871	520696.087072963	Blekinge län	Biogeografisk uppföljning av fjärilar, LU	311	Broad-leaved forest	Forest	0	TRUE	23	44	forest	311	Broad-leaved forest
3717	Risatorp	T	17	6227268.14000283	516661.141973398	Blekinge län	Biogeografisk uppföljning av fjärilar, LU	313	Mixed forest	Forest	0	TRUE	25	44	forest	313	Mixed forest
3132	Svedberga kulle	T	286	6227117.20452551	357601.723266987	Skåne län	Svensk Dagfjärilsövervakning, LU	311	Broad-leaved forest	Forest	0	TRUE	23	22	cropland	311	Broad-leaved forest
4093	Gullregnsvägen, Mörrum	P	6	6226959.90674015	484829.431771591	Blekinge län	Svensk Dagfjärilsövervakning, LU	112	Discontinuous urban fabric	Urban	0	TRUE	2	11	urban	112	Discontinuous urban fabric
3920	Horsaryd Mark, Trädgård	P	126	6226595.83707246	489256.990634832	Blekinge län	Svensk Dagfjärilsövervakning, LU	311	Broad-leaved forest	Forest	0	TRUE	23	44	forest	311	Broad-leaved forest
3674	Askeboda	T	115	6225999.40029033	510746.05879280303	Blekinge län	Biogeografisk uppföljning av fjärilar, LU	211	Non-irrigated arable land	Cropland	0	TRUE	12	44	forest	211	Non-irrigated arable land
4260	Långakärr	T	84	6225939.79396655	492737.344806702	Blekinge län	Svensk Dagfjärilsövervakning, LU	312	Coniferous forest	Forest	0	TRUE	24	44	forest	312	Coniferous forest
3636	Attanäs 367, Karlskrona	P	27	6225742.27161045	557841.718891923	Blekinge län	Artportalen, SLU	211	Non-irrigated arable land	Cropland	0	TRUE	12	44	forest	211	Non-irrigated arable land
4246	Ringvägen 8	P	37	6225612.03641073	491892.497131388	Blekinge län	Svensk Dagfjärilsövervakning, LU	112	Discontinuous urban fabric	Urban	0	TRUE	2	11	urban	112	Discontinuous urban fabric
4227	Målen	P	232	6225600.81395953	554036.511957574	Blekinge län	Svensk Dagfjärilsövervakning, LU	211	Non-irrigated arable land	Cropland	0	TRUE	12	44	forest	211	Non-irrigated arable land
3690	Guttamåla	T	3	6225518.00849351	511296.493748497	Blekinge län	Biogeografisk uppföljning av fjärilar, LU	312	Coniferous forest	Forest	0	TRUE	24	44	forest	312	Coniferous forest
3273	Arkelstorps scoutstuga	P	49	6225401.40581502	456093.27990737	Skåne län	Svensk Dagfjärilsövervakning, LU	112	Discontinuous urban fabric	Urban	0	TRUE	2	22	cropland	112	Discontinuous urban fabric
3288	Rosengården 1	P	6	6224596.39453087	492061.311380279	Blekinge län	Svensk Dagfjärilsövervakning, LU	141	Green urban areas	Urban	0	TRUE	10	11	urban	141	Green urban areas
3289	Rosengården 2	P	4	6224573.86203598	492100.560058322	Blekinge län	Svensk Dagfjärilsövervakning, LU	141	Green urban areas	Urban	0	TRUE	10	11	urban	141	Green urban areas
994	Smålarp 1117	P	8	6224446.23365217	384830.647941841	Skåne län	Svensk Dagfjärilsövervakning, LU	211	Non-irrigated arable land	Cropland	0	TRUE	12	22	cropland	211	Non-irrigated arable land
292	Gudahagen	P	811	6224242.6866228	468131.840692415	Skåne län	Svensk Dagfjärilsövervakning, LU	231	Pastures	Pasture/Rangeland	0	TRUE	18	22	cropland	231	Pastures
2622	Aspan, punkt	P	49	6224234.87030335	519626.591536027	Blekinge län	Svensk Dagfjärilsövervakning, LU	311	Broad-leaved forest	Forest	0	TRUE	23	0	ocean / no data	311	Broad-leaved forest
981	Flyktinggatan 14	P	111	6224228.18494972	413112.276970052	Skåne län	Svensk Dagfjärilsövervakning, LU	112	Discontinuous urban fabric	Urban	0	TRUE	2	11	urban	112	Discontinuous urban fabric
786	Rallaregatan 30	P	511	6224219.4475593	362103.201608759	Skåne län	Svensk Dagfjärilsövervakning, LU	112	Discontinuous urban fabric	Urban	0	TRUE	2	22	cropland	112	Discontinuous urban fabric
415	Aspan-halvön slinga 1	T	1396	6224206.80083538	519790.863279527	Blekinge län	Svensk Dagfjärilsövervakning, LU	311	Broad-leaved forest	Forest	0	TRUE	23	44	forest	311	Broad-leaved forest
419	Aspan-halvön slinga 2	T	545	6224172.78966385	519532.349881208	Blekinge län	Svensk Dagfjärilsövervakning, LU	311	Broad-leaved forest	Forest	0	TRUE	23	0	ocean / no data	311	Broad-leaved forest
2883	Kattarps mosse	T	39	6223727.09969255	362734.622868563	Skåne län	Svensk Dagfjärilsövervakning, LU	211	Non-irrigated arable land	Cropland	0	TRUE	12	22	cropland	211	Non-irrigated arable land
982	Sanatorieskogen	T	137	6223665.67179921	412618.09148928	Skåne län	Svensk Dagfjärilsövervakning, LU	313	Mixed forest	Forest	0	TRUE	25	44	forest	313	Mixed forest
440	Hallarumsviken	T	312	6223630.41345526	551043.460600394	Blekinge län	Svensk Dagfjärilsövervakning, LU	311	Broad-leaved forest	Forest	0	TRUE	23	44	forest	311	Broad-leaved forest
656	Orehagen transekter	T	118	6223548.23524419	463536.846237339	Skåne län	Länsstyrelsen i Malmö län	311	Broad-leaved forest	Forest	0	TRUE	23	44	forest	311	Broad-leaved forest
657	Orehagen slinga	T	47	6223548.23524419	463536.846237339	Skåne län	Länsstyrelsen i Malmö län	311	Broad-leaved forest	Forest	0	TRUE	23	44	forest	311	Broad-leaved forest
4229	Slättamossen	T	369	6222982.31886159	551873.784802126	Blekinge län	Svensk Dagfjärilsövervakning, LU	311	Broad-leaved forest	Forest	0	TRUE	23	44	forest	311	Broad-leaved forest
826	Kvidinge transekter	T	32	6222946.65770469	379928.703732902	Skåne län	Länsstyrelsen i Malmö län	211	Non-irrigated arable land	Cropland	0	TRUE	12	22	cropland	211	Non-irrigated arable land
827	Kvidinge slinga	T	23	6222919.75237416	379679.147208433	Skåne län	Länsstyrelsen i Malmö län	211	Non-irrigated arable land	Cropland	0	TRUE	12	22	cropland	211	Non-irrigated arable land
4226	Branthalla	P	277	6222721.25793671	551263.022972889	Blekinge län	Svensk Dagfjärilsövervakning, LU	311	Broad-leaved forest	Forest	0	TRUE	23	44	forest	311	Broad-leaved forest
476	Skälsböke transekter	T	145	6222051.53673424	411001.740138578	Skåne län	Länsstyrelsen i Malmö län	311	Broad-leaved forest	Forest	0	TRUE	23	44	forest	311	Broad-leaved forest
475	Skälsböke slinga	T	211	6222011.52215296	410742.332028202	Skåne län	Länsstyrelsen i Malmö län	311	Broad-leaved forest	Forest	0	TRUE	23	44	forest	311	Broad-leaved forest
2953	Ignaberga flygplats slinga 2	T	59	6221631.69221138	430495.573310389	Skåne län	Länsstyrelsen i Malmö län	211	Non-irrigated arable land	Cropland	0	TRUE	12	44	forest	211	Non-irrigated arable land
1103	Ignaberga flygplats transekter	T	429	6221631.31568473	430805.437209299	Skåne län	Länsstyrelsen i Malmö län	211	Non-irrigated arable land	Cropland	0	TRUE	12	44	forest	211	Non-irrigated arable land
341	Hagstad	P	663	6221504.87866742	471217.603229716	Skåne län	Svensk Dagfjärilsövervakning, LU	311	Broad-leaved forest	Forest	0	TRUE	23	44	forest	311	Broad-leaved forest
102	Svanhalla 12:23	P	833	6221276.5268374	554755.85386804	Blekinge län	Svensk Dagfjärilsövervakning, LU	311	Broad-leaved forest	Forest	0	TRUE	23	55	unmanaged grass / shrubland	311	Broad-leaved forest
291	Leingaryd	P	294	6220674.28731675	471138.345540436	Skåne län	Svensk Dagfjärilsövervakning, LU	311	Broad-leaved forest	Forest	0	TRUE	23	44	forest	311	Broad-leaved forest
562	Gummastorp Kristianstad slinga	T	88	6220215.20969575	445453.486633735	Skåne län	Länsstyrelsen i Malmö län	311	Broad-leaved forest	Forest	0	TRUE	23	44	forest	311	Broad-leaved forest
671	Gummastorp Perstorp slinga	T	89	6220066.44479853	396117.199333133	Skåne län	Länsstyrelsen i Malmö län	312	Coniferous forest	Forest	0	TRUE	24	44	forest	312	Coniferous forest
672	Gummastorp Perstorp transekter	T	63	6220066.44479853	396117.199333133	Skåne län	Länsstyrelsen i Malmö län	312	Coniferous forest	Forest	0	TRUE	24	44	forest	312	Coniferous forest
561	Gummastorp Kristianstad transekter	T	108	6219955.30125756	445879.339865503	Skåne län	Länsstyrelsen i Malmö län	211	Non-irrigated arable land	Cropland	0	TRUE	12	44	forest	211	Non-irrigated arable land
654	Bjärlöv transekter	T	114	6219861.44316463	444177.178952869	Skåne län	Länsstyrelsen i Malmö län	243	Land principally occupied by agriculture with significant areas of natural vegetation	Cropland	0	TRUE	21	22	cropland	243	Land principally occupied by agriculture with significant areas of natural vegetation
655	Bjärlöv slinga	T	179	6219563.29000417	444409.562939283	Skåne län	Länsstyrelsen i Malmö län	311	Broad-leaved forest	Forest	0	TRUE	23	22	cropland	311	Broad-leaved forest
2959	Herrevadskloster-Horsabacken slinga	T	148	6219318.51400379	391216.390449645	Skåne län	Länsstyrelsen i Malmö län	231	Pastures	Pasture/Rangeland	0	TRUE	18	22	cropland	231	Pastures
4271	Björka skog	T	250	6218971.52168874	361184.082063235	Skåne län	Svensk Dagfjärilsövervakning, LU	311	Broad-leaved forest	Forest	0	TRUE	23	11	urban	311	Broad-leaved forest
27	Bredavik 19:32 (Sturkö)	P	1884	6218836.1205125	542935.018141145	Blekinge län	Svensk Dagfjärilsövervakning, LU	211	Non-irrigated arable land	Cropland	0	TRUE	12	0	ocean / no data	211	Non-irrigated arable land
3170	Stugehus, Ljungbyhed	P	8	6218294.82383149	393337.29702735	Skåne län	Svensk Dagfjärilsövervakning, LU	312	Coniferous forest	Forest	0	TRUE	24	22	cropland	312	Coniferous forest
553	Herrevadskloster transekter	T	253	6217850.73925705	389547.39085567	Skåne län	Länsstyrelsen i Malmö län	243	Land principally occupied by agriculture with significant areas of natural vegetation	Cropland	0	TRUE	21	44	forest	243	Land principally occupied by agriculture with significant areas of natural vegetation
554	Herrevadskloster slinga	T	317	6217545.7944655	389538.960082952	Skåne län	Länsstyrelsen i Malmö län	231	Pastures	Pasture/Rangeland	0	TRUE	18	44	forest	231	Pastures
3759	Herrevadskloster slinga 2	T	27	6217545.7944655	389538.960082952	Skåne län	Länsstyrelsen i Malmö län	231	Pastures	Pasture/Rangeland	0	TRUE	18	44	forest	231	Pastures
4066	Järbäck-Rynke	T	1940	6217408.82703585	387739.470679966	Skåne län	Svensk Dagfjärilsövervakning, LU	124	Airports	Urban	0	TRUE	6	44	forest	124	Airports
470	Åraslövs mosse transekter	T	159	6216481.98813304	435112.691130842	Skåne län	Länsstyrelsen i Malmö län	311	Broad-leaved forest	Forest	0	TRUE	23	22	cropland	311	Broad-leaved forest
24	Johanneshus	P	5979	6216351.96009983	415425.273153739	Skåne län	Svensk Dagfjärilsövervakning, LU	312	Coniferous forest	Forest	0	TRUE	24	44	forest	312	Coniferous forest
469	Åraslövs mosse slinga	T	137	6216279.40203556	434113.50710502	Skåne län	Länsstyrelsen i Malmö län	211	Non-irrigated arable land	Cropland	0	TRUE	12	22	cropland	211	Non-irrigated arable land
838	Åvarps fälad slinga	T	40	6215351.5229337	376416.333900169	Skåne län	Länsstyrelsen i Malmö län	243	Land principally occupied by agriculture with significant areas of natural vegetation	Cropland	0	TRUE	21	22	cropland	243	Land principally occupied by agriculture with significant areas of natural vegetation
72	Båvs yttre stenbrott	P	1524	6215280.27539854	377418.645531474	Skåne län	Svensk Dagfjärilsövervakning, LU	311	Broad-leaved forest	Forest	0	TRUE	23	44	forest	311	Broad-leaved forest
483	Lilla Mörshög	P	293	6215234.11113879	371499.280768217	Skåne län	Svensk Dagfjärilsövervakning, LU	211	Non-irrigated arable land	Cropland	0	TRUE	12	22	cropland	211	Non-irrigated arable land
3758	Hallabäckens dalgång slinga 2	T	10	6215120.5039542	377773.328855707	Skåne län	Länsstyrelsen i Malmö län	311	Broad-leaved forest	Forest	0	TRUE	23	44	forest	311	Broad-leaved forest
3255	Hallabäckens dalgång slinga	T	104	6214945.09612868	376276.157293414	Skåne län	Länsstyrelsen i Malmö län	243	Land principally occupied by agriculture with significant areas of natural vegetation	Cropland	0	TRUE	21	22	cropland	243	Land principally occupied by agriculture with significant areas of natural vegetation
837	Åvarps fälad transekter	T	247	6214874.96922079	376518.85058524	Skåne län	Länsstyrelsen i Malmö län	243	Land principally occupied by agriculture with significant areas of natural vegetation	Cropland	0	TRUE	21	55	unmanaged grass / shrubland	243	Land principally occupied by agriculture with significant areas of natural vegetation
3761	Åvarps fälad slinga 2	T	20	6214874.96922079	376518.85058524	Skåne län	Länsstyrelsen i Malmö län	243	Land principally occupied by agriculture with significant areas of natural vegetation	Cropland	0	TRUE	21	55	unmanaged grass / shrubland	243	Land principally occupied by agriculture with significant areas of natural vegetation
1099	Skäralid	P	7	6211757.87558995	391007.862515846	Skåne län	Svensk Dagfjärilsövervakning, LU	311	Broad-leaved forest	Forest	0	TRUE	23	44	forest	311	Broad-leaved forest
2887	Råå slinga	T	749	6209206.21162123	358309.774638539	Skåne län	Svensk Dagfjärilsövervakning, LU	141	Green urban areas	Urban	0	TRUE	10	11	urban	141	Green urban areas
3804	Raus södra	P	295	6208941.6319119	359703.10963972	Skåne län	Svensk Dagfjärilsövervakning, LU	112	Discontinuous urban fabric	Urban	0	TRUE	2	11	urban	112	Discontinuous urban fabric
836	Tosteberga ängar slinga	T	215	6208140.1889925	465300.157052775	Skåne län	Länsstyrelsen i Malmö län	211	Non-irrigated arable land	Cropland	0	TRUE	12	22	cropland	211	Non-irrigated arable land
3760	Tosteberga slinga 2	T	294	6208140.1889925	465300.157052775	Skåne län	Länsstyrelsen i Malmö län	211	Non-irrigated arable land	Cropland	0	TRUE	12	22	cropland	211	Non-irrigated arable land
581	Hagagatan, Kågeröd	P	6	6207790.07131773	380321.655131314	Skåne län	Artportalen, SLU	112	Discontinuous urban fabric	Urban	0	TRUE	2	11	urban	112	Discontinuous urban fabric
3626	Tjörnevallen	T	471	6207066.18058259	415153.875629692	Skåne län	Svensk Dagfjärilsövervakning, LU	112	Discontinuous urban fabric	Urban	0	TRUE	2	44	forest	112	Discontinuous urban fabric
2920	Svenska Björn 7	P	539	6204867.74567456	360637.183592145	Skåne län	Svensk Dagfjärilsövervakning, LU	112	Discontinuous urban fabric	Urban	0	TRUE	2	11	urban	112	Discontinuous urban fabric
3195	Björkögatan 6, Rydebäck	P	126	6204867.69902508	360633.18629821	Skåne län	Svensk Dagfjärilsövervakning, LU	112	Discontinuous urban fabric	Urban	0	TRUE	2	11	urban	112	Discontinuous urban fabric
227	Rydebäck	P	20	6204352.62222013	361030.985458777	Skåne län	Svensk Dagfjärilsövervakning, LU	112	Discontinuous urban fabric	Urban	0	TRUE	2	11	urban	112	Discontinuous urban fabric
606	Ellensro	P	63	6203809.01465783	397273.56232603	Skåne län	Svensk Dagfjärilsövervakning, LU	211	Non-irrigated arable land	Cropland	0	TRUE	12	22	cropland	211	Non-irrigated arable land
966	Slätthult	P	477	6203006.45807523	393507.805077031	Skåne län	Svensk Dagfjärilsövervakning, LU	211	Non-irrigated arable land	Cropland	0	TRUE	12	22	cropland	211	Non-irrigated arable land
1097	Våtseröd hygge	P	421	6202948.62600033	400887.822144955	Skåne län	Svensk Dagfjärilsövervakning, LU	311	Broad-leaved forest	Forest	0	TRUE	23	44	forest	311	Broad-leaved forest
739	Våtseröd	T	222	6202789.57926026	400705.767906007	Skåne län	Svensk Dagfjärilsövervakning, LU	312	Coniferous forest	Forest	0	TRUE	24	44	forest	312	Coniferous forest
3954	Östra Sand, parkeringsplatsen	T	414	6200573.67025831	457702.62451719	Skåne län	Biogeografisk uppföljning av fjärilar, LU	312	Coniferous forest	Forest	0	TRUE	24	44	forest	312	Coniferous forest
4233	Pallers, Lingonstigen 6	P	99	6200199.8906359	454536.32420749	Skåne län	Artportalen, SLU	112	Discontinuous urban fabric	Urban	0	TRUE	2	44	forest	112	Discontinuous urban fabric
2915	Pallers, Lingonstigen 8	P	145	6200160.97077229	454541.775918453	Skåne län	Svensk Dagfjärilsövervakning, LU	112	Discontinuous urban fabric	Urban	0	TRUE	2	11	urban	112	Discontinuous urban fabric
749	Lilla delen, Lyngsjö	T	253	6199479.96917665	442258.033202987	Skåne län	Svensk Dagfjärilsövervakning, LU	211	Non-irrigated arable land	Cropland	0	TRUE	12	22	cropland	211	Non-irrigated arable land
23	Enningervägen	P	3118	6199414.44656608	408866.183980755	Skåne län	Svensk Dagfjärilsövervakning, LU	112	Discontinuous urban fabric	Urban	0	TRUE	2	11	urban	112	Discontinuous urban fabric
676	Agnes källa slinga	T	92	6199235.08602882	402399.415759214	Skåne län	Länsstyrelsen i Malmö län	231	Pastures	Pasture/Rangeland	0	TRUE	18	22	cropland	231	Pastures
555	Boarps hed transekter	T	173	6199185.64519707	423360.005307782	Skåne län	Länsstyrelsen i Malmö län	231	Pastures	Pasture/Rangeland	0	TRUE	18	44	forest	231	Pastures
751	Trädgården, Lyngsjö	P	46	6199165.32536204	442276.695359738	Skåne län	Svensk Dagfjärilsövervakning, LU	211	Non-irrigated arable land	Cropland	0	TRUE	12	22	cropland	211	Non-irrigated arable land
566	Södra Rörum N slinga	T	300	6199157.29592851	420328.746756455	Skåne län	Länsstyrelsen i Malmö län	231	Pastures	Pasture/Rangeland	0	TRUE	18	44	forest	231	Pastures
675	Agnes källa transekter	T	36	6199137.24931257	402323.594331903	Skåne län	Länsstyrelsen i Malmö län	231	Pastures	Pasture/Rangeland	0	TRUE	18	22	cropland	231	Pastures
750	Stora delen, Lyngsjö	T	250	6198965.97655786	442324.999473157	Skåne län	Svensk Dagfjärilsövervakning, LU	211	Non-irrigated arable land	Cropland	0	TRUE	12	22	cropland	211	Non-irrigated arable land
556	Boarps hed slinga 1	T	689	6198918.16311045	423993.832126044	Skåne län	Länsstyrelsen i Malmö län	211	Non-irrigated arable land	Cropland	0	TRUE	12	22	cropland	211	Non-irrigated arable land
2957	Boarps hed slinga 2	T	59	6198918.16311045	423993.832126044	Skåne län	Länsstyrelsen i Malmö län	211	Non-irrigated arable land	Cropland	0	TRUE	12	22	cropland	211	Non-irrigated arable land
666	Björkåsen slinga	T	73	6198784.71618173	406291.774325229	Skåne län	Länsstyrelsen i Malmö län	313	Mixed forest	Forest	0	TRUE	25	44	forest	313	Mixed forest
3942	Everöd, tvärrakan	T	556	6198722.88071944	442221.880468561	Skåne län	Biogeografisk uppföljning av fjärilar, LU	211	Non-irrigated arable land	Cropland	0	TRUE	12	22	cropland	211	Non-irrigated arable land
667	Ry slinga	T	51	6198645.18469538	404097.468584483	Skåne län	Länsstyrelsen i Malmö län	311	Broad-leaved forest	Forest	0	TRUE	23	44	forest	311	Broad-leaved forest
478	Mariedal - Östra Vram transekter	T	430	6198549.82997065	439639.040134219	Skåne län	Länsstyrelsen i Malmö län	231	Pastures	Pasture/Rangeland	0	TRUE	18	22	cropland	231	Pastures
1067	Älleköpinge transekter	T	121	6198487.69274582	452056.35420118	Skåne län	Länsstyrelsen i Malmö län	231	Pastures	Pasture/Rangeland	0	TRUE	18	55	unmanaged grass / shrubland	231	Pastures
542	Hommentorp transekter	T	227	6198410.62352643	440130.446119932	Skåne län	Länsstyrelsen i Malmö län	231	Pastures	Pasture/Rangeland	0	TRUE	18	22	cropland	231	Pastures
665	Björkåsen transekter	T	39	6198395.68058359	406358.280594579	Skåne län	Länsstyrelsen i Malmö län	311	Broad-leaved forest	Forest	0	TRUE	23	44	forest	311	Broad-leaved forest
3953	Östra Sånnarna	T	380	6198350.07275827	453198.471253511	Skåne län	Biogeografisk uppföljning av fjärilar, LU	231	Pastures	Pasture/Rangeland	0	TRUE	18	55	unmanaged grass / shrubland	231	Pastures
73	Linnekullav 100-22, 258 91 Tollarp	P	617	6198296.50576636	433085.927336858	Skåne län	Svensk Dagfjärilsövervakning, LU	311	Broad-leaved forest	Forest	0	TRUE	23	44	forest	311	Broad-leaved forest
2954	Mariedal - Östra Vram slinga 1	T	271	6198284.99610229	439300.279485131	Skåne län	Länsstyrelsen i Malmö län	231	Pastures	Pasture/Rangeland	0	TRUE	18	22	cropland	231	Pastures
586	Hommentorp slinga	T	81	6198171.0420086	440157.228734191	Skåne län	Länsstyrelsen i Malmö län	231	Pastures	Pasture/Rangeland	0	TRUE	18	22	cropland	231	Pastures
567	Södra Rörum S transekter	T	426	6198105.92666078	420597.885609666	Skåne län	Länsstyrelsen i Malmö län	211	Non-irrigated arable land	Cropland	0	TRUE	12	44	forest	211	Non-irrigated arable land
3628	Linnekullavägen 188	P	261	6197598.46110134	432283.43202114	Skåne län	Svensk Dagfjärilsövervakning, LU	311	Broad-leaved forest	Forest	0	TRUE	23	44	forest	311	Broad-leaved forest
840	Ekebo slinga	T	296	6197565.92209599	439609.529240749	Skåne län	Länsstyrelsen i Malmö län	211	Non-irrigated arable land	Cropland	0	TRUE	12	22	cropland	211	Non-irrigated arable land
841	Sånnarna transekter	T	432	6197550.22478694	453353.733645398	Skåne län	Länsstyrelsen i Malmö län	231	Pastures	Pasture/Rangeland	0	TRUE	18	55	unmanaged grass / shrubland	231	Pastures
4285	Kalasgatan 15, Landskrona	P	52	6196672.70872349	363854.097288076	Skåne län	Biogeografisk uppföljning av fjärilar, LU	112	Discontinuous urban fabric	Urban	0	TRUE	2	11	urban	112	Discontinuous urban fabric
541	Flintabacken transekter	T	299	6196198.30061014	454254.115770108	Skåne län	Länsstyrelsen i Malmö län	211	Non-irrigated arable land	Cropland	0	TRUE	12	44	forest	211	Non-irrigated arable land
1071	Torastorp slinga	T	94	6196195.95731239	423267.919811141	Skåne län	Länsstyrelsen i Malmö län	211	Non-irrigated arable land	Cropland	0	TRUE	12	44	forest	211	Non-irrigated arable land
1072	Torastorp transekter	T	51	6196195.95731239	423267.919811141	Skåne län	Länsstyrelsen i Malmö län	211	Non-irrigated arable land	Cropland	0	TRUE	12	44	forest	211	Non-irrigated arable land
3947	Lyngby, Everöd	T	603	6195984.01303463	444187.959792427	Skåne län	Biogeografisk uppföljning av fjärilar, LU	312	Coniferous forest	Forest	0	TRUE	24	44	forest	312	Coniferous forest
1075	Ekeröd slinga	T	39	6195374.27655193	419146.424134504	Skåne län	Länsstyrelsen i Malmö län	243	Land principally occupied by agriculture with significant areas of natural vegetation	Cropland	0	TRUE	21	44	forest	243	Land principally occupied by agriculture with significant areas of natural vegetation
1076	Ekeröd transekter	T	144	6195374.27655193	419146.424134504	Skåne län	Länsstyrelsen i Malmö län	243	Land principally occupied by agriculture with significant areas of natural vegetation	Cropland	0	TRUE	21	44	forest	243	Land principally occupied by agriculture with significant areas of natural vegetation
3254	Fulltofta slinga	T	117	6194852.67127347	412727.542230561	Skåne län	Länsstyrelsen i Malmö län	311	Broad-leaved forest	Forest	0	TRUE	23	44	forest	311	Broad-leaved forest
547	Prästängen transekter	T	249	6194663.461437	448808.347266675	Skåne län	Länsstyrelsen i Malmö län	231	Pastures	Pasture/Rangeland	0	TRUE	18	22	cropland	231	Pastures
1073	Kyle slinga	T	170	6194585.00320827	420634.931076424	Skåne län	Länsstyrelsen i Malmö län	311	Broad-leaved forest	Forest	0	TRUE	23	22	cropland	311	Broad-leaved forest
1074	Kyle transekter	T	94	6194585.00320827	420634.931076424	Skåne län	Länsstyrelsen i Malmö län	311	Broad-leaved forest	Forest	0	TRUE	23	22	cropland	311	Broad-leaved forest
673	Ringsjön transekter	T	208	6194391.75450705	402853.686259148	Skåne län	Länsstyrelsen i Malmö län	211	Non-irrigated arable land	Cropland	0	TRUE	12	77	water	211	Non-irrigated arable land
548	Prästängen slinga	T	356	6194240.82973474	448824.267785525	Skåne län	Länsstyrelsen i Malmö län	211	Non-irrigated arable land	Cropland	0	TRUE	12	22	cropland	211	Non-irrigated arable land
960	Rosenvägen, Billeberga	P	20	6194160.10940616	374404.80443606	Skåne län	Svensk Dagfjärilsövervakning, LU	112	Discontinuous urban fabric	Urban	0	TRUE	2	22	cropland	112	Discontinuous urban fabric
674	Ringsjön slinga	T	286	6193990.4621958	402983.302244446	Skåne län	Länsstyrelsen i Malmö län	512	Water bodies	Other	0	TRUE	41	77	water	512	Water bodies
912	Skaneyland, Everöd	T	356	6193009.28298366	442984.170676996	Skåne län	Svensk Dagfjärilsövervakning, LU	211	Non-irrigated arable land	Cropland	0	TRUE	12	22	cropland	211	Non-irrigated arable land
3922	Häljarps våtmark	T	1637	6191985.98847982	370437.24785144	Skåne län	Svensk Dagfjärilsövervakning, LU	211	Non-irrigated arable land	Cropland	0	TRUE	12	22	cropland	211	Non-irrigated arable land
815	Everöds utmark transekter	T	150	6191781.47720032	432831.0095971	Skåne län	Länsstyrelsen i Malmö län	312	Coniferous forest	Forest	0	TRUE	24	44	forest	312	Coniferous forest
816	Everöds utmark slinga	T	106	6191536.12810188	432105.197924293	Skåne län	Länsstyrelsen i Malmö län	211	Non-irrigated arable land	Cropland	0	TRUE	12	44	forest	211	Non-irrigated arable land
2918	Kelebekler Vadisi, Rönneberga	T	499	6191074.585903	393092.196617606	Skåne län	Svensk Dagfjärilsövervakning, LU	211	Non-irrigated arable land	Cropland	0	TRUE	12	22	cropland	211	Non-irrigated arable land
2832	Villa Wig-Wam Wueggertzro	P	127	6190893.86107801	393965.865777804	Skåne län	Svensk Dagfjärilsövervakning, LU	112	Discontinuous urban fabric	Urban	0	TRUE	2	11	urban	112	Discontinuous urban fabric
3921	Kvärlövs naturreservat	P	307	6189418.3999883	373787.41453491	Skåne län	Svensk Dagfjärilsövervakning, LU	211	Non-irrigated arable land	Cropland	0	TRUE	12	22	cropland	211	Non-irrigated arable land
3668	Askebacken Lyby NR	T	21	6189269.55428227	413175.414387257	Skåne län	Länsstyrelsen i Malmö län	243	Land principally occupied by agriculture with significant areas of natural vegetation	Cropland	0	TRUE	21	22	cropland	243	Land principally occupied by agriculture with significant areas of natural vegetation
4243	Dösjebro-gamla tippen-ån-järnvägen	T	849	6188231.74429054	376080.044454244	Skåne län	Svensk Dagfjärilsövervakning, LU	242	Complex cultivation patterns	Cropland	0	TRUE	20	22	cropland	242	Complex cultivation patterns
467	Fjällmossen slinga	T	303	6188101.07515692	431194.64274289	Skåne län	Länsstyrelsen i Malmö län	311	Broad-leaved forest	Forest	0	TRUE	23	55	unmanaged grass / shrubland	311	Broad-leaved forest
3757	Fjällmossen slinga 2	T	87	6188101.07515692	431194.64274289	Skåne län	Länsstyrelsen i Malmö län	311	Broad-leaved forest	Forest	0	TRUE	23	55	unmanaged grass / shrubland	311	Broad-leaved forest
188	Abullahagen	T	609	6187986.81397811	394523.469653241	Skåne län	Svensk Dagfjärilsövervakning, LU	231	Pastures	Pasture/Rangeland	0	TRUE	18	11	urban	231	Pastures
2888	Dösjebro-Dagstorps mosse	T	4625	6187562.5508409	378092.794012523	Skåne län	Svensk Dagfjärilsövervakning, LU	211	Non-irrigated arable land	Cropland	0	TRUE	12	22	cropland	211	Non-irrigated arable land
468	Fjällmossen transekter	T	280	6187402.05673877	431165.800349135	Skåne län	Länsstyrelsen i Malmö län	231	Pastures	Pasture/Rangeland	0	TRUE	18	55	unmanaged grass / shrubland	231	Pastures
21	Gudmuntorp 102	P	1225	6186867.98489614	404445.608265707	Skåne län	Svensk Dagfjärilsövervakning, LU	311	Broad-leaved forest	Forest	0	TRUE	23	22	cropland	311	Broad-leaved forest
3669	Hunnabacken NR	T	25	6186778.52941109	429121.996168645	Skåne län	Länsstyrelsen i Malmö län	231	Pastures	Pasture/Rangeland	0	TRUE	18	44	forest	231	Pastures
551	Rövarekulan transekter	T	398	6184397.36946861	405748.7566078	Skåne län	Länsstyrelsen i Malmö län	211	Non-irrigated arable land	Cropland	0	TRUE	12	22	cropland	211	Non-irrigated arable land
552	Rövarekulan slinga	T	357	6184293.30736934	405824.931739791	Skåne län	Länsstyrelsen i Malmö län	211	Non-irrigated arable land	Cropland	0	TRUE	12	22	cropland	211	Non-irrigated arable land
69	Tullsåkra, punkt	P	7	6182644.92269179	418688.980421379	Skåne län	Svensk Dagfjärilsövervakning, LU	211	Non-irrigated arable land	Cropland	0	TRUE	12	22	cropland	211	Non-irrigated arable land
3943	Fästan	T	85	6181447.84469698	448092.631507699	Skåne län	Biogeografisk uppföljning av fjärilar, LU	231	Pastures	Pasture/Rangeland	0	TRUE	18	44	forest	231	Pastures
4286	Södra Lökaröd 9:67	P	32	6180777.87130572	442314.958155981	Skåne län	Svensk Dagfjärilsövervakning, LU	211	Non-irrigated arable land	Cropland	0	TRUE	12	22	cropland	211	Non-irrigated arable land
3941	Drakamöllan, naturreservat	T	1125	6180500.50459443	444592.186446399	Skåne län	Biogeografisk uppföljning av fjärilar, LU	231	Pastures	Pasture/Rangeland	0	TRUE	18	22	cropland	231	Pastures
640	Drakamöllan slinga	T	153	6179635.96441889	445973.646679952	Skåne län	Länsstyrelsen i Malmö län	231	Pastures	Pasture/Rangeland	0	TRUE	18	22	cropland	231	Pastures
641	Drakamöllan transekter	T	385	6179635.96441889	445973.646679952	Skåne län	Länsstyrelsen i Malmö län	231	Pastures	Pasture/Rangeland	0	TRUE	18	22	cropland	231	Pastures
348	Flyingeängen	P	859	6178311.16448876	396457.202020565	Skåne län	Svensk Dagfjärilsövervakning, LU	211	Non-irrigated arable land	Cropland	0	TRUE	12	22	cropland	211	Non-irrigated arable land
596	Odarslöv	P	306	6178140.7755768	392293.269961332	Skåne län	Svensk Dagfjärilsövervakning, LU	211	Non-irrigated arable land	Cropland	0	TRUE	12	22	cropland	211	Non-irrigated arable land
25	Lunds ladugårdsstråk	T	433	6177989.8611733	387827.286389227	Skåne län	Svensk Dagfjärilsövervakning, LU	211	Non-irrigated arable land	Cropland	0	TRUE	12	22	cropland	211	Non-irrigated arable land
595	Linnebjer	P	1060	6177798.58335847	393378.708059222	Skåne län	Svensk Dagfjärilsövervakning, LU	311	Broad-leaved forest	Forest	0	TRUE	23	22	cropland	311	Broad-leaved forest
3940	Brösarps backar	T	405	6177790.84007666	442886.476310751	Skåne län	Biogeografisk uppföljning av fjärilar, LU	231	Pastures	Pasture/Rangeland	0	TRUE	18	22	cropland	231	Pastures
537	Sakförarevägen 4	P	532	6177366.08549962	387389.770569934	Skåne län	Svensk Dagfjärilsövervakning, LU	112	Discontinuous urban fabric	Urban	0	TRUE	2	22	cropland	112	Discontinuous urban fabric
18	Sandbymosse, grustaget	P	441	6177156.09843017	399065.353056193	Skåne län	Svensk Dagfjärilsövervakning, LU	243	Land principally occupied by agriculture with significant areas of natural vegetation	Cropland	0	TRUE	21	22	cropland	243	Land principally occupied by agriculture with significant areas of natural vegetation
600	Räften	P	865	6176437.97892125	392237.119468418	Skåne län	Svensk Dagfjärilsövervakning, LU	231	Pastures	Pasture/Rangeland	0	TRUE	18	22	cropland	231	Pastures
67	Kungsmarken, Lund	T	1851	6175935.94675655	391439.364600475	Skåne län	Svensk Dagfjärilsövervakning, LU	142	Sport and leisure facilities	Urban	0	TRUE	11	22	cropland	142	Sport and leisure facilities
825	Kungsmarken slinga Bushlife	T	23	6175888.75422179	391077.096658259	Skåne län	Länsstyrelsen i Malmö län	142	Sport and leisure facilities	Urban	0	TRUE	11	22	cropland	142	Sport and leisure facilities
574	Ekologihusets äng	P	13	6175886.99264608	387402.980294618	Skåne län	Svensk Dagfjärilsövervakning, LU	142	Sport and leisure facilities	Urban	0	TRUE	11	11	urban	142	Sport and leisure facilities
66	Reallinjen, Lund	P	523	6174828.97467318	389847.052415255	Skåne län	Svensk Dagfjärilsövervakning, LU	112	Discontinuous urban fabric	Urban	0	TRUE	2	11	urban	112	Discontinuous urban fabric
2950	Klammersbäck slinga	T	117	6174796.20071872	448304.955397047	Skåne län	Länsstyrelsen i Malmö län	312	Coniferous forest	Forest	0	TRUE	24	22	cropland	312	Coniferous forest
410	Botan, Lund	T	560	6174684.02296542	387095.137593028	Skåne län	Svensk Dagfjärilsövervakning, LU	112	Discontinuous urban fabric	Urban	0	TRUE	2	11	urban	112	Discontinuous urban fabric
182	Lottagården	P	651	6174394.40146073	405161.499794683	Skåne län	Svensk Dagfjärilsövervakning, LU	312	Coniferous forest	Forest	0	TRUE	24	44	forest	312	Coniferous forest
1077	Rögle fälad slinga	T	154	6173925.92944774	395905.515560205	Skåne län	Länsstyrelsen i Malmö län	312	Coniferous forest	Forest	0	TRUE	24	55	unmanaged grass / shrubland	312	Coniferous forest
474	Måryd naturreservat transekter	T	468	6173756.66713752	397078.900498921	Skåne län	Länsstyrelsen i Malmö län	231	Pastures	Pasture/Rangeland	0	TRUE	18	22	cropland	231	Pastures
1078	Rögle fälad transekter	T	369	6173580.9042212	395974.495790853	Skåne län	Länsstyrelsen i Malmö län	231	Pastures	Pasture/Rangeland	0	TRUE	18	22	cropland	231	Pastures
335	Måryd - Torna Hällestad	P	286	6173539.82986745	398372.780887623	Skåne län	Svensk Dagfjärilsövervakning, LU	211	Non-irrigated arable land	Cropland	0	TRUE	12	22	cropland	211	Non-irrigated arable land
2955	Vitemölla strandbackar slinga 2	T	208	6173535.034587	449103.281541715	Skåne län	Länsstyrelsen i Malmö län	211	Non-irrigated arable land	Cropland	0	TRUE	12	22	cropland	211	Non-irrigated arable land
473	Måryd naturreservat slinga	T	444	6173487.03605109	397442.856829064	Skåne län	Länsstyrelsen i Malmö län	311	Broad-leaved forest	Forest	0	TRUE	23	22	cropland	311	Broad-leaved forest
642	Vitemölla strandbackar slinga 1	T	43	6173376.11350124	447986.614272845	Skåne län	Länsstyrelsen i Malmö län	211	Non-irrigated arable land	Cropland	0	TRUE	12	22	cropland	211	Non-irrigated arable land
3265	Stensoffa punkt	P	22	6173181.66545996	402468.927371902	Skåne län	Svensk Dagfjärilsövervakning, LU	231	Pastures	Pasture/Rangeland	0	TRUE	18	44	forest	231	Pastures
3949	Revingefältet	T	193	6173143.94838292	406015.633298784	Skåne län	Biogeografisk uppföljning av fjärilar, LU	321	Natural grasslands	Unmanaged grass/shrubland	0	TRUE	26	22	cropland	321	Natural grasslands
2941	Eljaröd 303	P	233	6172755.49759827	439485.569487731	Skåne län	Svensk Dagfjärilsövervakning, LU	211	Non-irrigated arable land	Cropland	0	TRUE	12	22	cropland	211	Non-irrigated arable land
9	Billebjer	T	3955	6172640.0811805	394488.18517342	Skåne län	Svensk Dagfjärilsövervakning, LU	211	Non-irrigated arable land	Cropland	0	TRUE	12	22	cropland	211	Non-irrigated arable land
890	Måryd-Hällestad slinga	T	440	6172190.5652762	399667.837739343	Skåne län	Länsstyrelsen i Malmö län	311	Broad-leaved forest	Forest	0	TRUE	23	22	cropland	311	Broad-leaved forest
710	Övedskloster	T	650	6172160.03300141	414148.165189504	Skåne län	Svensk Dagfjärilsövervakning, LU	112	Discontinuous urban fabric	Urban	0	TRUE	2	22	cropland	112	Discontinuous urban fabric
814	Djurrödsbäcken slinga	T	239	6171854.47021684	434978.067628197	Skåne län	Länsstyrelsen i Malmö län	243	Land principally occupied by agriculture with significant areas of natural vegetation	Cropland	0	TRUE	21	44	forest	243	Land principally occupied by agriculture with significant areas of natural vegetation
559	Oremöllan, Ry transekter	T	41	6171531.67592926	432575.907709638	Skåne län	Länsstyrelsen i Malmö län	231	Pastures	Pasture/Rangeland	0	TRUE	18	44	forest	231	Pastures
564	Annehem slinga	T	136	6171496.87312886	431473.812972112	Skåne län	Länsstyrelsen i Malmö län	311	Broad-leaved forest	Forest	0	TRUE	23	44	forest	311	Broad-leaved forest
560	Oremöllan, Ry slinga	T	129	6171401.25222608	432792.326572872	Skåne län	Länsstyrelsen i Malmö län	243	Land principally occupied by agriculture with significant areas of natural vegetation	Cropland	0	TRUE	21	44	forest	243	Land principally occupied by agriculture with significant areas of natural vegetation
558	Dalby Fälad no 5 slinga	T	320	6171258.38612499	398495.262404698	Skåne län	Länsstyrelsen i Malmö län	231	Pastures	Pasture/Rangeland	0	TRUE	18	44	forest	231	Pastures
545	Vomb transekter	T	240	6171175.11330909	413512.924839852	Skåne län	Länsstyrelsen i Malmö län	231	Pastures	Pasture/Rangeland	0	TRUE	18	22	cropland	231	Pastures
563	Annehem transekter	T	137	6171165.30169855	431325.736814676	Skåne län	Länsstyrelsen i Malmö län	311	Broad-leaved forest	Forest	0	TRUE	23	22	cropland	311	Broad-leaved forest
557	Dalby Fälad no 5 transekter	T	853	6171063.34644569	398483.537003768	Skåne län	Länsstyrelsen i Malmö län	231	Pastures	Pasture/Rangeland	0	TRUE	18	44	forest	231	Pastures
546	Vomb slinga	T	282	6170657.72101251	413457.969013096	Skåne län	Länsstyrelsen i Malmö län	211	Non-irrigated arable land	Cropland	0	TRUE	12	22	cropland	211	Non-irrigated arable land
7	Lyftvägen 39	P	1967	6170415.60725459	397016.800157365	Skåne län	Svensk Dagfjärilsövervakning, LU	112	Discontinuous urban fabric	Urban	0	TRUE	2	11	urban	112	Discontinuous urban fabric
33	Lyftvägen 10, Dalby	P	66	6170326.08244654	397053.823040528	Skåne län	Svensk Dagfjärilsövervakning, LU	112	Discontinuous urban fabric	Urban	0	TRUE	2	11	urban	112	Discontinuous urban fabric
669	Dalby transekter	T	156	6169948.12334593	397299.097130915	Skåne län	Länsstyrelsen i Malmö län	112	Discontinuous urban fabric	Urban	0	TRUE	2	22	cropland	112	Discontinuous urban fabric
670	Dalby slinga	T	149	6169948.12334593	397299.097130915	Skåne län	Länsstyrelsen i Malmö län	112	Discontinuous urban fabric	Urban	0	TRUE	2	22	cropland	112	Discontinuous urban fabric
264	Alnarps västerskog	P	1785	6169644.52760936	378836.024559693	Skåne län	Svensk Dagfjärilsövervakning, LU	211	Non-irrigated arable land	Cropland	0	TRUE	12	22	cropland	211	Non-irrigated arable land
1070	Betesmark öster om Dalby, slinga	T	340	6169567.33741704	398418.969671136	Skåne län	Länsstyrelsen i Malmö län	231	Pastures	Pasture/Rangeland	0	TRUE	18	22	cropland	231	Pastures
3952	Vombs vattenverksdammar	T	652	6169450.37685476	408047.611413253	Skåne län	Biogeografisk uppföljning av fjärilar, LU	313	Mixed forest	Forest	0	TRUE	25	44	forest	313	Mixed forest
184	Vombs vattenverk p-plats	P	733	6169416.21005754	408547.766814671	Skåne län	Svensk Dagfjärilsövervakning, LU	312	Coniferous forest	Forest	0	TRUE	24	44	forest	312	Coniferous forest
711	Äskebäskan	T	1364	6169381.07599522	412662.196873596	Skåne län	Svensk Dagfjärilsövervakning, LU	231	Pastures	Pasture/Rangeland	0	TRUE	18	22	cropland	231	Pastures
3671	Stenshuvud NR	T	168	6168611.9863591	454076.397881647	Skåne län	Länsstyrelsen i Malmö län	311	Broad-leaved forest	Forest	0	TRUE	23	77	water	311	Broad-leaved forest
3944	Högebjär	T	249	6168475.54690216	399078.340095203	Skåne län	Biogeografisk uppföljning av fjärilar, LU	211	Non-irrigated arable land	Cropland	0	TRUE	12	22	cropland	211	Non-irrigated arable land
587	Björkafältet	T	619	6168392.4027092	412821.617732501	Skåne län	Svensk Dagfjärilsövervakning, LU	124	Airports	Urban	0	TRUE	6	44	forest	124	Airports
263	Sjölunda	P	1277	6167629.99528754	377324.242865842	Skåne län	Svensk Dagfjärilsövervakning, LU	231	Pastures	Pasture/Rangeland	0	TRUE	18	22	cropland	231	Pastures
822	Klingavälsån slinga	T	428	6166747.68114252	407703.205427938	Skåne län	Länsstyrelsen i Malmö län	312	Coniferous forest	Forest	0	TRUE	24	22	cropland	312	Coniferous forest
3945	Klingvalla	T	82	6166447.77652943	405806.613613417	Skåne län	Biogeografisk uppföljning av fjärilar, LU	112	Discontinuous urban fabric	Urban	0	TRUE	2	11	urban	112	Discontinuous urban fabric
823	Kronovall slinga	T	100	6165597.96620883	439251.900402429	Skåne län	Länsstyrelsen i Malmö län	311	Broad-leaved forest	Forest	0	TRUE	23	22	cropland	311	Broad-leaved forest
396	Humlamaden	T	1700	6164745.6231761295	407356.647765035	Skåne län	Svensk Dagfjärilsövervakning, LU	312	Coniferous forest	Forest	0	TRUE	24	44	forest	312	Coniferous forest
2817	Enehusa, ängen	P	36	6164356.21455501	403777.918499605	Skåne län	Artportalen, SLU	243	Land principally occupied by agriculture with significant areas of natural vegetation	Cropland	0	TRUE	21	44	forest	243	Land principally occupied by agriculture with significant areas of natural vegetation
232	Snapparp, Klangstorp	P	1927	6164282.70534755	446492.994409864	Skåne län	Svensk Dagfjärilsövervakning, LU	312	Coniferous forest	Forest	0	TRUE	24	22	cropland	312	Coniferous forest
3287	Lundavägens Koloniförening	T	1	6164181.07825557	375972.051786237	Skåne län	Artportalen, SLU	122	Road and rail networks and associated land	Urban	0	TRUE	4	11	urban	122	Road and rail networks and associated land
416	Östra Sommarstaden	P	25	6163974.78414065	377227.792483914	Skåne län	Svensk Dagfjärilsövervakning, LU	112	Discontinuous urban fabric	Urban	0	TRUE	2	11	urban	112	Discontinuous urban fabric
3279	Kirsebergsspåret	T	58	6163957.85496258	377061.076454731	Skåne län	Svensk Dagfjärilsövervakning, LU	112	Discontinuous urban fabric	Urban	0	TRUE	2	11	urban	112	Discontinuous urban fabric
2922	Bulltofta	T	217	6163673.48856589	378995.372767062	Skåne län	Svensk Dagfjärilsövervakning, LU	141	Green urban areas	Urban	0	TRUE	10	11	urban	141	Green urban areas
2899	Tranesvägen 25, Skåne-Tranås	P	210	6163490.53673958	436552.600189606	Skåne län	Svensk Dagfjärilsövervakning, LU	112	Discontinuous urban fabric	Urban	0	TRUE	2	22	cropland	112	Discontinuous urban fabric
3151	Ribbersborg	T	1	6163399.90601586	371362.562986744	Skåne län	Svensk Dagfjärilsövervakning, LU	141	Green urban areas	Urban	0	TRUE	10	77	water	141	Green urban areas
819	Humlamaden slinga Bushlife	T	331	6163346.60902265	407210.979306696	Skåne län	Länsstyrelsen i Malmö län	311	Broad-leaved forest	Forest	0	TRUE	23	44	forest	311	Broad-leaved forest
213	Tågratorp	P	2883	6162886.03319011	422545.034690661	Skåne län	Svensk Dagfjärilsövervakning, LU	312	Coniferous forest	Forest	0	TRUE	24	55	unmanaged grass / shrubland	312	Coniferous forest
3154	Köpenhamnsvägen	P	0	6162643.70989909	372601.696949282	Skåne län	Svensk Dagfjärilsövervakning, LU	112	Discontinuous urban fabric	Urban	0	TRUE	2	11	urban	112	Discontinuous urban fabric
3152	Pildammsparken	T	1	6162310.41232511	373249.228863077	Skåne län	Svensk Dagfjärilsövervakning, LU	141	Green urban areas	Urban	0	TRUE	10	11	urban	141	Green urban areas
3951	Risen, Genarp	T	118	6161802.41195652	399556.677619629	Skåne län	Biogeografisk uppföljning av fjärilar, LU	231	Pastures	Pasture/Rangeland	0	TRUE	18	22	cropland	231	Pastures
821	Humlarödshus fälad slinga	T	90	6161387.9868749	407247.722589354	Skåne län	Länsstyrelsen i Malmö län	142	Sport and leisure facilities	Urban	0	TRUE	11	22	cropland	142	Sport and leisure facilities
820	Humlarödshus fälad transekter	T	291	6161241.30655798	407527.291284805	Skåne län	Länsstyrelsen i Malmö län	211	Non-irrigated arable land	Cropland	0	TRUE	12	22	cropland	211	Non-irrigated arable land
609	Örngatan 4	P	13	6160733.14295707	411623.218975935	Skåne län	Svensk Dagfjärilsövervakning, LU	112	Discontinuous urban fabric	Urban	0	TRUE	2	11	urban	112	Discontinuous urban fabric
251	Daltofta	P	58	6159920.89777745	410191.34454424	Skåne län	Svensk Dagfjärilsövervakning, LU	211	Non-irrigated arable land	Cropland	0	TRUE	12	44	forest	211	Non-irrigated arable land
262	Resåkra	P	828	6158131.6230124	394769.71151454	Skåne län	Svensk Dagfjärilsövervakning, LU	211	Non-irrigated arable land	Cropland	0	TRUE	12	22	cropland	211	Non-irrigated arable land
272	Frihult	T	1037	6157750.07387737	413990.739400182	Skåne län	Svensk Dagfjärilsövervakning, LU	211	Non-irrigated arable land	Cropland	0	TRUE	12	22	cropland	211	Non-irrigated arable land
3670	Skogshejdan NR	T	66	6156920.11731505	426273.610241616	Skåne län	Länsstyrelsen i Malmö län	231	Pastures	Pasture/Rangeland	0	TRUE	18	55	unmanaged grass / shrubland	231	Pastures
271	Ågerups skola	P	2054	6156780.12966838	411803.051798015	Skåne län	Svensk Dagfjärilsövervakning, LU	211	Non-irrigated arable land	Cropland	0	TRUE	12	44	forest	211	Non-irrigated arable land
817	Fredriksbergs mosse slinga	T	1243	6154577.23621803	423778.97180882	Skåne län	Länsstyrelsen i Malmö län	231	Pastures	Pasture/Rangeland	0	TRUE	18	22	cropland	231	Pastures
644	Högestads mosse slinga 1	T	146	6152132.83515185	426317.17149932	Skåne län	Länsstyrelsen i Malmö län	211	Non-irrigated arable land	Cropland	0	TRUE	12	22	cropland	211	Non-irrigated arable land
645	Högestads mosse transekter	T	389	6152132.83515185	426317.17149932	Skåne län	Länsstyrelsen i Malmö län	211	Non-irrigated arable land	Cropland	0	TRUE	12	22	cropland	211	Non-irrigated arable land
2958	Högestads mosse slinga 2	T	141	6152132.83515185	426317.17149932	Skåne län	Länsstyrelsen i Malmö län	211	Non-irrigated arable land	Cropland	0	TRUE	12	22	cropland	211	Non-irrigated arable land
462	Hunneröds mosse	T	17051	6151007.61247327	398682.481850449	Skåne län	Svensk Dagfjärilsövervakning, LU	231	Pastures	Pasture/Rangeland	0	TRUE	18	22	cropland	231	Pastures
499	Killerödsvägen	T	8720	6149814.51824731	399484.931249038	Skåne län	Svensk Dagfjärilsövervakning, LU	211	Non-irrigated arable land	Cropland	0	TRUE	12	44	forest	211	Non-irrigated arable land
1104	Näsbyholm slinga	T	142	6147985.31103631	402577.630666234	Skåne län	Länsstyrelsen i Malmö län	211	Non-irrigated arable land	Cropland	0	TRUE	12	22	cropland	211	Non-irrigated arable land
461	Torsgårdsparken	T	683	6147980.25889248	374737.873129575	Skåne län	Svensk Dagfjärilsövervakning, LU	112	Discontinuous urban fabric	Urban	0	TRUE	2	11	urban	112	Discontinuous urban fabric
658	Bastardssvärmarerundan	T	226	6147980.25889248	374737.873129575	Skåne län	Svensk Dagfjärilsövervakning, LU	112	Discontinuous urban fabric	Urban	0	TRUE	2	11	urban	112	Discontinuous urban fabric
4281	Vellinge Väster Byaväg 6	P	35	6147973.81189817	373061.832813844	Skåne län	Svensk Dagfjärilsövervakning, LU	211	Non-irrigated arable land	Cropland	0	TRUE	12	22	cropland	211	Non-irrigated arable land
1105	Näsbyholm transekter	T	37	6147962.52884389	402767.801460626	Skåne län	Länsstyrelsen i Malmö län	211	Non-irrigated arable land	Cropland	0	TRUE	12	22	cropland	211	Non-irrigated arable land
2777	Östra Hoby	P	57	6147716.66813329	451469.185149196	Skåne län	Svensk Dagfjärilsövervakning, LU	211	Non-irrigated arable land	Cropland	0	TRUE	12	22	cropland	211	Non-irrigated arable land
359	Gabeljung	T	3486	6147472.68558286	397847.920074896	Skåne län	Svensk Dagfjärilsövervakning, LU	311	Broad-leaved forest	Forest	0	TRUE	23	22	cropland	311	Broad-leaved forest
3173	Gabeljung 2	T	335	6147453.41943994	397824.155453103	Skåne län	Svensk Dagfjärilsövervakning, LU	231	Pastures	Pasture/Rangeland	0	TRUE	18	22	cropland	231	Pastures
650	Lilla Hammars näs slinga	T	139	6147020.11283395	370200.418928407	Skåne län	Länsstyrelsen i Malmö län	231	Pastures	Pasture/Rangeland	0	TRUE	18	0	ocean / no data	231	Pastures
651	Lilla Hammars näs transekter	T	366	6147020.11283395	370200.418928407	Skåne län	Länsstyrelsen i Malmö län	231	Pastures	Pasture/Rangeland	0	TRUE	18	0	ocean / no data	231	Pastures
813	Bjäresjö slinga	T	31	6146902.98743493	420777.439224746	Skåne län	Länsstyrelsen i Malmö län	211	Non-irrigated arable land	Cropland	0	TRUE	12	22	cropland	211	Non-irrigated arable land
812	Bjäresjö transekter	T	15	6146845.24776799	420280.342521502	Skåne län	Länsstyrelsen i Malmö län	211	Non-irrigated arable land	Cropland	0	TRUE	12	22	cropland	211	Non-irrigated arable land
16	Alstad, Stenekullevägen 3	P	12637	6146663.66613496	386692.940314182	Skåne län	Svensk Dagfjärilsövervakning, LU	211	Non-irrigated arable land	Cropland	0	TRUE	12	22	cropland	211	Non-irrigated arable land
834	Skillinge slinga	T	201	6145866.61345001	453723.676264871	Skåne län	Länsstyrelsen i Malmö län	211	Non-irrigated arable land	Cropland	0	TRUE	12	22	cropland	211	Non-irrigated arable land
4275	Lilla Köpinge naturreservat	T	1309	6145510.00990695	432103.361687572	Skåne län	Svensk Dagfjärilsövervakning, LU	312	Coniferous forest	Forest	0	TRUE	24	44	forest	312	Coniferous forest
4279	Krigsstigen 16, Köpingebro	P	96	6145433.25491632	432380.125994933	Skåne län	Svensk Dagfjärilsövervakning, LU	112	Discontinuous urban fabric	Urban	0	TRUE	2	44	forest	112	Discontinuous urban fabric
2907	Lilla Hammar 13:6	P	46	6145382.64938254	370516.250196835	Skåne län	Svensk Dagfjärilsövervakning, LU	231	Pastures	Pasture/Rangeland	0	TRUE	18	22	cropland	231	Pastures
389	Bodarp	P	148	6145347.32796779	376865.305277449	Skåne län	Svensk Dagfjärilsövervakning, LU	211	Non-irrigated arable land	Cropland	0	TRUE	12	22	cropland	211	Non-irrigated arable land
3948	Nybrofältet, Biogeo	T	223	6144550.87077278	432312.390704185	Skåne län	Biogeografisk uppföljning av fjärilar, LU	231	Pastures	Pasture/Rangeland	0	TRUE	18	44	forest	231	Pastures
745	Knösen, punkt	P	31	6143845.86685332	364516.295617341	Skåne län	Svensk Dagfjärilsövervakning, LU	231	Pastures	Pasture/Rangeland	0	TRUE	18	33	pasture / rangeland	231	Pastures
2673	Lagmanshejden	T	1370	6143626.1889299	364533.834470214	Skåne län	Svensk Dagfjärilsövervakning, LU	231	Pastures	Pasture/Rangeland	0	TRUE	18	11	urban	231	Pastures
3146	KFV Skanör	P	626	6143502.20282098	364874.089061108	Skåne län	Svensk Dagfjärilsövervakning, LU	231	Pastures	Pasture/Rangeland	0	TRUE	18	11	urban	231	Pastures
4079	Nybrostrand, Vipvägen	P	24	6143219.63362183	433533.273892979	Skåne län	Svensk Dagfjärilsövervakning, LU	112	Discontinuous urban fabric	Urban	0	TRUE	2	0	ocean / no data	112	Discontinuous urban fabric
71	Grenvägen 3	P	62	6143193.44778292	371174.296046183	Skåne län	Svensk Dagfjärilsövervakning, LU	112	Discontinuous urban fabric	Urban	0	TRUE	2	11	urban	112	Discontinuous urban fabric
2830	N. Sparvstyckevägen 12, Skanör	P	36	6142998.62156678	363938.435827	Skåne län	Svensk Dagfjärilsövervakning, LU	141	Green urban areas	Urban	0	TRUE	10	11	urban	141	Green urban areas
2932	Lyckan, Rängs sand	P	400	6142162.64232999	373213.170313051	Skåne län	Svensk Dagfjärilsövervakning, LU	211	Non-irrigated arable land	Cropland	0	TRUE	12	22	cropland	211	Non-irrigated arable land
987	Sjövägen, Kämpinge	P	670	6141481.3058293	371600.926849937	Skåne län	Svensk Dagfjärilsövervakning, LU	141	Green urban areas	Urban	0	TRUE	10	11	urban	141	Green urban areas
743	Ängsnäset	P	90	6140981.43262022	365638.913481085	Skåne län	Svensk Dagfjärilsövervakning, LU	231	Pastures	Pasture/Rangeland	0	TRUE	18	55	unmanaged grass / shrubland	231	Pastures
487	Kämpinge	T	989	6140604.63808203	372710.504318986	Skåne län	Svensk Dagfjärilsövervakning, LU	231	Pastures	Pasture/Rangeland	0	TRUE	18	0	ocean / no data	231	Pastures
744	Falsterbo Fågelstation	P	148	6140199.42378504	362928.446868876	Skåne län	Svensk Dagfjärilsövervakning, LU	141	Green urban areas	Urban	0	TRUE	10	11	urban	141	Green urban areas
241	Nabben	T	1506	6140094.64855418	362253.028333624	Skåne län	Svensk Dagfjärilsövervakning, LU	112	Discontinuous urban fabric	Urban	0	TRUE	2	77	water	112	Discontinuous urban fabric
2829	Golfbanans kantstig, Ljunghusen	P	15	6139920.59467656	368190.844088653	Skåne län	Svensk Dagfjärilsövervakning, LU	112	Discontinuous urban fabric	Urban	0	TRUE	2	0	ocean / no data	112	Discontinuous urban fabric
190	Beddingestrand	T	8199	6136999.50007013	401609.503999175	Skåne län	Svensk Dagfjärilsövervakning, LU	112	Discontinuous urban fabric	Urban	0	TRUE	2	11	urban	112	Discontinuous urban fabric
627	Modeshögsvägen 1	P	32	6135360.80765197	389484.575721134	Skåne län	Svensk Dagfjärilsövervakning, LU	112	Discontinuous urban fabric	Urban	0	TRUE	2	11	urban	112	Discontinuous urban fabric
