sit_uid	radius_m	land_cells	p_cropland	p_forest	p_urban	p_grassland	p_other	buffer_cells	terrestrial_frac
6	500	79	0.3670886075949367	0.27848101265822783	0.35443037974683544	0	0	79	1
6	1000	313	0.2268370607028754	0.3003194888178914	0.41533546325878595	0.05750798722044728	0	313	1
6	2000	1251	0.2533972821742606	0.32454036770583533	0.24060751398880895	0.18145483613109512	0	1251	1
6	5000	7826	0.6714796831075901	0.12688474316381293	0.08305647840531562	0.11857909532328137	0	7826	1
6	10000	31308	0.6571163919764916	0.10748051616200333	0.08905072186022742	0.1344704228951067	0.011881947106170947	31308	1
7	500	79	0.2911392405063291	0.06329113924050633	0.569620253164557	0.0759493670886076	0	79	1
7	1000	315	0.21904761904761905	0.13333333333333333	0.4603174603174603	0.1873015873015873	0	315	1
7	2000	1255	0.3043824701195219	0.23187250996015937	0.27171314741035857	0.19203187250996015	0	1255	1
7	5000	7831	0.6825437364321287	0.12808070489081855	0.07495849827608224	0.11441706040097051	0	7831	1
7	10000	31296	0.6486771472392638	0.1175549591002045	0.08608128834355828	0.13570424335378323	0.011982361963190184	31296	1
9	500	76	1	0	0	0	0	76	1
9	1000	310	0.8548387096774194	0.08064516129032258	0	0.06451612903225806	0	310	1
9	2000	1247	0.6944667201283079	0.18765036086607859	0.007217321571772253	0.11066559743384122	0	1247	1
9	5000	7816	0.7067553735926305	0.11629989764585466	0.11988229273285568	0.05706243602865916	0	7816	1
9	10000	31293	0.713290512255137	0.05384590803054996	0.13293707857987408	0.0934394273479692	0.0064870737864698175	31293	1
14	500	80	1	0	0	0	0	80	1
14	1000	312	1	0	0	0	0	312	1
14	2000	1250	0.896	0.0552	0	0.0488	0	1250	1
14	5000	7826	0.8111423460260669	0.08497316636851521	0.03731152568361871	0.061589573217480195	0.0049833887043189366	7826	1
14	10000	31302	0.6162226055843077	0.2224458501054246	0.07571401188422465	0.06379784039358508	0.02181969203245799	31302	1
16	500	78	1	0	0	0	0	78	1
16	1000	314	1	0	0	0	0	314	1
16	2000	1253	0.9345570630486831	0	0.06544293695131684	0	0	1253	1
16	5000	7834	0.9814909369415369	0.0034465151901965792	0.01506254786826653	0	0	7834	1
16	10000	31255	0.8699728043513038	0.03241081426971684	0.06792513197888338	0.015133578627419613	0.014557670772676373	31293	0.9987856709168185
17	500	79	0	0.27848101265822783	0	0.35443037974683544	0.3670886075949367	79	1
17	1000	316	0	0.31329113924050633	0	0.23417721518987342	0.4525316455696203	316	1
17	2000	1253	0.0223463687150838	0.3567438148443735	0.06225059856344772	0.2673583399840383	0.29130087789305664	1253	1
17	5000	7830	0.44022988505747124	0.09489144316730523	0.027841634738186464	0.3872286079182631	0.04980842911877394	7830	1
17	10000	31301	0.5729529408006134	0.1559694578447973	0.05811315932398326	0.1614005942302163	0.051563847800389764	31301	1
18	500	78	1	0	0	0	0	78	1
18	1000	310	1	0	0	0	0	310	1
18	2000	1250	0.892	0	0.0248	0.0832	0	1250	1
18	5000	7822	0.7085144464331373	0.05113781641523907	0.07760163641012528	0.1598056762976221	0.0029404244438762466	7822	1
18	10000	31312	0.7326903423607563	0.062052887072049055	0.060583801737353095	0.13279253960143075	0.011880429228410833	31312	1
19	500	78	0.8461538461538461	0.14102564102564102	0.01282051282051282	0	0	78	1
19	1000	313	0.5814696485623003	0.30990415335463256	0.10862619808306709	0	0	313	1
19	2000	1251	0.5235811350919265	0.40207833733013587	0.0319744204636291	0.042366107114308556	0	1251	1
19	5000	7836	0.2843287391526289	0.5350944359367024	0.09277692700357325	0.08779989790709546	0	7836	1
19	10000	31296	0.27287832310838445	0.5481211656441718	0.07358767893660531	0.054767382413087935	0.05064544989775051	31296	1
20	500	79	0.0379746835443038	0.9620253164556962	0	0	0	79	1
20	1000	317	0.07570977917981073	0.9116719242902208	0	0.012618296529968454	0	317	1
20	2000	1254	0.10287081339712918	0.8620414673046252	0	0.03508771929824561	0	1254	1
20	5000	7838	0.12401122735391681	0.8162796631793825	0.025133962745598367	0.026792549119673385	0.007782597601428936	7838	1
20	10000	31294	0.13510577107432734	0.7552885537163674	0.027289576276602542	0.03284974755544194	0.04946635137726082	31294	1
21	500	79	0.7215189873417721	0.27848101265822783	0	0	0	79	1
21	1000	315	0.9047619047619048	0.09523809523809523	0	0	0	315	1
21	2000	1254	0.9585326953748007	0.023923444976076555	0	0.017543859649122806	0	1254	1
21	5000	7830	0.9159642401021711	0.0351213282247765	0.014303959131545339	0.009067688378033206	0.02554278416347382	7830	1
21	10000	31298	0.7783883954246278	0.05677679084925554	0.02703048118090613	0.018819093871812895	0.11898523867339766	31298	1
22	500	78	0.5128205128205128	0	0.48717948717948717	0	0	78	1
22	1000	314	0.6656050955414012	0	0.3343949044585987	0	0	314	1
22	2000	1257	0.7955449482895783	0	0.20445505171042164	0	0	1257	1
22	5000	7179	0.7232205042485026	0.15155314110600362	0.0902632678646051	0.034963086780888705	0	7830	0.9168582375478928
22	10000	22910	0.6118288956787429	0.22915757311217808	0.09663902226102139	0.05032736796158883	0.012047140986468792	31313	0.731645003672596
23	500	78	0.01282051282051282	0	0.9871794871794872	0	0	78	1
23	1000	312	0.09935897435897435	0.05448717948717949	0.8461538461538461	0	0	312	1
23	2000	1254	0.2886762360446571	0.23524720893141945	0.42503987240829344	0.051036682615629984	0	1254	1
23	5000	7822	0.21861416517514703	0.5225006392227052	0.12963436461263103	0.06571209409358221	0.06353873689593455	7822	1
23	10000	31309	0.231498930020122	0.49417100514229134	0.04851640103484621	0.07924239036698713	0.1465712734357533	31309	1
24	500	79	0	0.9240506329113924	0	0.0759493670886076	0	79	1
24	1000	316	0	0.930379746835443	0	0.06962025316455696	0	316	1
24	2000	1255	0.054183266932270914	0.850996015936255	0	0.09482071713147411	0	1255	1
24	5000	7831	0.1614097816370834	0.7332396884178266	0.0030647426893117098	0.08913293321414889	0.01315285404162942	7831	1
24	10000	31327	0.18476074951319948	0.6681776103680531	0.03734797459060874	0.056883838222619464	0.0528298273055192	31327	1
25	500	79	1	0	0	0	0	79	1
25	1000	315	0.8253968253968254	0	0.1746031746031746	0	0	315	1
25	2000	1253	0.6743814844373504	0	0.32561851556264965	0	0	1253	1
25	5000	7831	0.6465330098327161	0.004214021197803601	0.32997062954922746	0.019282339420252842	0	7831	1
25	10000	31322	0.8053764127450355	0.014494604431390078	0.15829129685205287	0.021837685971521616	0	31322	1
26	500	81	0.32098765432098764	0.6790123456790124	0	0	0	81	1
26	1000	316	0.0981012658227848	0.9018987341772152	0	0	0	316	1
26	2000	1254	0.024720893141945772	0.956140350877193	0	0.006379585326953748	0.012759170653907496	1254	1
26	5000	7831	0.03332907674626485	0.9204443876899502	0	0.03537223853913932	0.010854297024645639	7831	1
26	10000	31317	0.04668390969760833	0.8838969249928154	0.012485231663313855	0.03656161190407766	0.020372321742184757	31317	1
27	500	76	0.4605263157894737	0	0.5394736842105263	0	0	79	0.9620253164556962
27	1000	236	0.423728813559322	0.00423728813559322	0.5720338983050848	0	0	311	0.7588424437299035
27	2000	718	0.2994428969359331	0.34818941504178275	0.3008356545961003	0.05153203342618384	0	1253	0.573024740622506
28	500	68	0.5441176470588235	0	0	0.45588235294117646	0	79	0.8607594936708861
28	1000	221	0.7104072398190046	0	0	0.2895927601809955	0	316	0.6993670886075949
28	2000	829	0.8057901085645356	0	0.05066344993968637	0.14354644149577805	0	1256	0.660031847133758
28	5000	4818	0.8161062681610627	0.013075965130759652	0.08634288086342881	0.08447488584474885	0	7829	0.6154042661898071
28	10000	18863	0.7648306207920267	0.11779674495043206	0.07512060647829083	0.040767640354132426	0.0014843874251179558	31312	0.6024207971384773
29	500	78	0.19230769230769232	0	0.7051282051282052	0.10256410256410256	0	78	1
29	1000	313	0.3354632587859425	0	0.44089456869009586	0.09904153354632587	0.12460063897763578	313	1
29	2000	1258	0.6311605723370429	0	0.25675675675675674	0.03179650238473768	0.08028616852146264	1258	1
29	5000	7834	0.8431197344906817	0.04186877712535103	0.08054633648200153	0.01506254786826653	0.01940260403369926	7834	1
29	10000	29384	0.7378845630274979	0.15539068881023688	0.06098557037843724	0.023175878028859242	0.02256329975496869	31327	0.9379768251029463
30	500	79	0.5443037974683544	0.45569620253164556	0	0	0	79	1
30	1000	316	0.379746835443038	0.5886075949367089	0	0	0.03164556962025317	316	1
30	2000	1251	0.42685851318944845	0.530775379696243	0.007993605115907274	0	0.03437250199840128	1251	1
30	5000	7833	0.32592876292608197	0.5861100472360526	0.022086046214732542	0.056044938082471595	0.009830205540661306	7833	1
30	10000	31214	0.30861152047158324	0.5159223425386045	0.10617030819504068	0.059909015185493686	0.009386813609277888	31316	0.9967428790394687
31	500	77	0	0.6493506493506493	0	0.33766233766233766	0.012987012987012988	77	1
31	1000	311	0	0.5466237942122186	0	0.36977491961414793	0.08360128617363344	311	1
31	2000	1249	0.02722177742193755	0.5668534827862289	0.008006405124099279	0.2642113690952762	0.13370696557245795	1249	1
31	5000	7823	0.07324555797008821	0.41889300779752014	0.0035791895692189697	0.13268567045890323	0.37159657420426945	7823	1
31	10000	31313	0.09829783157155175	0.5417238846485485	0.01280618273560502	0.0960304027081404	0.2511416983361543	31313	1
32	500	79	0	1	0	0	0	79	1
32	1000	313	0	0.9009584664536742	0	0.022364217252396165	0.07667731629392971	313	1
32	2000	1249	0.044035228182546036	0.877502001601281	0	0.03042433947157726	0.04803843074459568	1249	1
32	5000	7821	0.033627413374248814	0.9084516046541363	0	0.019434854877892854	0.03848612709372203	7821	1
32	10000	30158	0.039193580476158896	0.9030771271304463	0.0028848066847934214	0.017474633596392335	0.037369852112209036	31322	0.9628376221186387
33	500	80	0.25	0.0125	0.625	0.1125	0	80	1
33	1000	315	0.2222222222222222	0.09841269841269841	0.4634920634920635	0.21587301587301588	0	315	1
33	2000	1252	0.31309904153354634	0.213258785942492	0.2795527156549521	0.19408945686900958	0	1252	1
33	5000	7832	0.684244126659857	0.12921348314606743	0.07316138917262513	0.11338100102145046	0	7832	1
33	10000	31309	0.6467150020760803	0.11980580663706922	0.0854706314478265	0.13587147465584976	0.012137085183174167	31309	1
34	500	77	0	0.8181818181818182	0	0	0.18181818181818182	77	1
34	1000	310	0	0.5387096774193548	0	0	0.4612903225806452	310	1
34	2000	1250	0.008	0.432	0	0	0.56	1250	1
34	5000	7824	0.0031952965235173825	0.2765848670756646	0	0.01929959100204499	0.700920245398773	7824	1
34	10000	31319	0.058686420383792584	0.4270570580159009	0	0.08774226507870622	0.4265142565216003	31319	1
35	500	76	0.10526315789473684	0.3026315789473684	0.5921052631578947	0	0	76	1
35	1000	310	0.13225806451612904	0.3870967741935484	0.4806451612903226	0	0	310	1
35	2000	1249	0.12409927942353884	0.49639711769415534	0.37950360288230583	0	0	1249	1
35	5000	7823	0.21321743576633007	0.4945673015467212	0.17065064553240444	0.03758149047679918	0.08398312667774512	7823	1
35	10000	31295	0.12126537785588752	0.6570698194599777	0.05093465409809874	0.036970762102572295	0.1337593864834638	31295	1
36	500	78	0.6666666666666666	0.3333333333333333	0	0	0	78	1
36	1000	310	0.8290322580645161	0.17096774193548386	0	0	0	310	1
36	2000	1252	0.5415335463258786	0.4329073482428115	0.025559105431309903	0	0	1252	1
36	5000	7824	0.3342280163599182	0.3997955010224949	0.10646728016359919	0	0.15950920245398773	7824	1
36	10000	31303	0.17039900329041946	0.34654825416094304	0.10947832476120499	0.00491965626297799	0.36865476152445453	31303	1
37	500	74	0	0.6351351351351351	0	0.36486486486486486	0	74	1
37	1000	310	0.00967741935483871	0.667741935483871	0	0.3032258064516129	0.01935483870967742	310	1
37	2000	1243	0.06033789219629927	0.6476267095736122	0	0.2574416733708769	0.03459372485921158	1243	1
37	5000	7813	0.048508895430692436	0.6404710098553693	0.005119672340970178	0.17778062204018943	0.1281198003327787	7813	1
37	10000	31301	0.06127599757196256	0.595028912814287	0.0033225775534327976	0.16929171591961917	0.17108079614069838	31301	1
38	500	75	0	0	1	0	0	79	0.9493670886075949
38	1000	260	0.08076923076923077	0	0.9192307692307692	0	0	315	0.8253968253968254
38	2000	866	0.24826789838337182	0.12933025404157045	0.6224018475750578	0	0	1253	0.6911412609736632
38	5000	4636	0.5778688524590164	0.18960310612597067	0.19262295081967212	0.03192407247627265	0.007981018119068163	7827	0.5923086750990162
38	10000	19345	0.35967950374773844	0.3155854225898165	0.14055311449987076	0.09614887567846989	0.08803308348410442	31309	0.6178734549171165
39	500	78	0.5128205128205128	0.48717948717948717	0	0	0	78	1
39	1000	312	0.7083333333333334	0.2916666666666667	0	0	0	312	1
39	2000	1247	0.6936647955092221	0.268644747393745	0.03769045709703288	0	0	1247	1
39	5000	7754	0.5020634511220016	0.4224916172298169	0.05352076347691514	0.021924168171266443	0	7818	0.99181376311077
39	10000	24112	0.46897810218978103	0.3693181818181818	0.053998009289980095	0.0863885202388852	0.021317186463171864	31308	0.7701545930752524
40	500	70	0.6	0	0.4	0	0	79	0.8860759493670886
40	1000	259	0.3938223938223938	0	0.5752895752895753	0.03088803088803089	0	316	0.819620253164557
40	2000	820	0.7121951219512195	0	0.25609756097560976	0.03170731707317073	0	1251	0.6554756195043965
40	5000	4153	0.6843245846376114	0.019022393450517698	0.05056585600770527	0.08981459186130508	0.15627257404286057	7832	0.5302604698672114
41	500	44	0	1	0	0	0	81	0.5432098765432098
42	500	80	0.4375	0.5625	0	0	0	80	1
42	1000	317	0.42902208201892744	0.5709779179810726	0	0	0	317	1
42	2000	1256	0.39888535031847133	0.5843949044585988	0	0.016719745222929936	0	1256	1
42	5000	7827	0.3217069119713811	0.6358758144883097	0.010348792640858567	0.03206848089945062	0	7827	1
42	10000	27895	0.42301487721813946	0.45244667503136765	0.06402581107725398	0.04312600824520523	0.017386628428033696	31296	0.8913279652351738
43	500	77	0	0	0.8311688311688312	0.16883116883116883	0	77	1
43	1000	305	0	0	0.8622950819672132	0.1377049180327869	0	310	0.9838709677419355
43	2000	986	0.02535496957403651	0.09026369168356999	0.7626774847870182	0.12170385395537525	0	1251	0.7881694644284573
43	5000	4785	0.07565308254963428	0.3895506792058516	0.3749216300940439	0.13019853709508883	0.0296760710553814	7813	0.6124408037885576
43	10000	18158	0.31424165657010683	0.48430443881484747	0.13123692036567905	0.06140544112787752	0.00881154312148915	31264	0.5807958034800409
44	500	78	0.10256410256410256	0.3076923076923077	0.5897435897435898	0	0	78	1
44	1000	310	0.12903225806451613	0.49032258064516127	0.38064516129032255	0	0	315	0.9841269841269841
44	2000	1018	0.1444007858546169	0.6601178781925344	0.19548133595284872	0	0	1251	0.8137490007993605
44	5000	4770	0.2662473794549266	0.6264150943396226	0.04716981132075472	0.060167714884696015	0	7828	0.6093510475217169
44	10000	19943	0.2966454395025824	0.6000601714887429	0.01584515870230156	0.08604522890237176	0.001404001404001404	31279	0.6375843217494166
45	500	79	1	0	0	0	0	79	1
45	1000	312	0.9006410256410257	0.08333333333333333	0	0.016025641025641024	0	312	1
45	2000	1251	0.718625099920064	0.23421262989608313	0	0.04716227018385292	0	1251	1
45	5000	7433	0.5977398089600431	0.27781514866137497	0.003632449885645096	0.12081259249293691	0	7811	0.9516067084880298
45	10000	23482	0.6302699940379866	0.2593049995741419	0.022570479516225195	0.08785452687164637	0	31282	0.7506553289431622
46	500	79	0.5063291139240507	0	0	0.27848101265822783	0.21518987341772153	79	1
46	1000	312	0.5801282051282052	0	0	0.17307692307692307	0.2467948717948718	312	1
46	2000	1237	0.423605497170574	0.12530315278900567	0	0.24818108326596605	0.2029102667744543	1249	0.9903923138510808
47	500	79	0	1	0	0	0	79	1
47	1000	316	0.06645569620253164	0.9335443037974683	0	0	0	316	1
47	2000	1251	0.08473221422861711	0.8848920863309353	0	0.030375699440447643	0	1251	1
47	5000	6926	0.14192896332659544	0.7336124747328906	0.008518625469246319	0.11233034940802772	0.0036095870632399654	7815	0.8862444017914267
47	10000	22551	0.20872688572568843	0.641168906035209	0.011219014677841338	0.1256263580329032	0.013258835528357944	31284	0.7208477176831607
48	500	75	0	0.32	0.68	0	0	75	1
48	1000	311	0	0.2829581993569132	0.6752411575562701	0.04180064308681672	0	311	1
48	2000	1248	0	0.3469551282051282	0.42788461538461536	0.22516025641025642	0	1249	0.9991993594875901
48	5000	6141	0.09737827715355805	0.5284155674971504	0.26917440156326333	0.10372903435922488	0.0013027194268034523	7815	0.7857965451055662
48	10000	21021	0.31026116740402454	0.5143428000570858	0.10513296227581942	0.06084391798677513	0.009419152276295133	31267	0.672306265391627
49	500	77	0.2597402597402597	0.7402597402597403	0	0	0	77	1
49	1000	310	0.5516129032258065	0.44193548387096776	0	0.0064516129032258064	0	310	1
49	2000	1246	0.6163723916532905	0.3451043338683788	0	0.038523274478330656	0	1246	1
49	5000	7815	0.4657709532949456	0.5188739603326935	0	0.015355086372360844	0	7815	1
49	10000	30774	0.4013452914798206	0.5657373107168389	0.007636316370962501	0.023266393708975108	0.0020146877234028726	31270	0.9841381515829869
50	500	79	0.9620253164556962	0.0379746835443038	0	0	0	79	1
50	1000	315	0.7492063492063492	0.12063492063492064	0.03492063492063492	0.09523809523809523	0	315	1
50	2000	1239	0.6892655367231638	0.07990314769975787	0.0645682001614205	0.16626311541565778	0	1259	0.9841143764892772
50	5000	5580	0.7030465949820789	0.07634408602150537	0.014336917562724014	0.20627240143369174	0	7829	0.7127347043045089
50	10000	15652	0.614106823409149	0.2480833120368004	0.022680807564528494	0.11512905698952211	0	31288	0.5002556890820762
51	500	79	0.7088607594936709	0.2911392405063291	0	0	0	79	1
51	1000	312	0.4326923076923077	0.5673076923076923	0	0	0	312	1
51	2000	1251	0.2701838529176659	0.7114308553157475	0	0.014388489208633094	0.003996802557953637	1251	1
51	5000	7824	0.20449897750511248	0.7479550102249489	0.003962167689161554	0.029013292433537834	0.014570552147239263	7824	1
51	10000	31274	0.30143249984012277	0.6695337980431029	0.0014069194858348788	0.023789729487753406	0.0038370531431860333	31274	1
52	500	78	0.5128205128205128	0.28205128205128205	0	0	0.20512820512820512	78	1
52	1000	310	0.20967741935483872	0.5032258064516129	0	0	0.2870967741935484	310	1
52	2000	1251	0.06794564348521183	0.6338928856914469	0	0	0.2981614708233413	1251	1
52	5000	7828	0.07383750638732754	0.6728410832907511	0	0.012135922330097087	0.2411854879918242	7828	1
52	10000	31290	0.03620965164589326	0.8361457334611697	0	0.03771172898689677	0.08993288590604027	31290	1
53	500	77	0.16883116883116883	0.36363636363636365	0	0.4675324675324675	0	77	1
53	1000	310	0.33225806451612905	0.45483870967741935	0	0.2129032258064516	0	310	1
53	2000	1245	0.3823293172690763	0.4755020080321285	0.04417670682730924	0.09799196787148594	0	1249	0.9967974379503602
53	5000	5534	0.23870617997831586	0.5627032887603903	0.06270328876039032	0.07643657390675822	0.05945066859414529	7812	0.7083973374295955
53	10000	18021	0.2908273680705843	0.5365961933300039	0.08662116419732534	0.05748848565562399	0.02846678874646246	31269	0.5763215964693467
54	500	79	0.5189873417721519	0.10126582278481013	0	0.379746835443038	0	79	1
54	1000	315	0.45714285714285713	0.35555555555555557	0	0.1873015873015873	0	315	1
54	2000	1251	0.41886490807354115	0.478017585931255	0.020783373301358914	0.08233413269384493	0	1251	1
54	5000	5959	0.2347709347205907	0.5744252391340829	0.05839906024500755	0.078368853834536	0.05403591206578285	7829	0.7611444628943671
54	10000	18898	0.29860302677532014	0.5343951740924966	0.08376547782834162	0.056090591596994394	0.027145729706847286	31292	0.6039243257062508
55	500	79	1	0	0	0	0	79	1
55	1000	316	0.8164556962025317	0.06329113924050633	0.12025316455696203	0	0	316	1
55	2000	1251	0.6091127098321343	0.1950439648281375	0.14708233413269384	0.04876099120703437	0	1251	1
55	5000	7828	0.7544711292795094	0.18229432805314255	0.029764946346448645	0.03346959632089934	0	7828	1
55	10000	30507	0.6147113777165897	0.30465139148392173	0.021699937719211984	0.058937293080276655	0	31278	0.9753500863226549
56	500	78	0	1	0	0	0	78	1
56	1000	315	0.0031746031746031746	0.9079365079365079	0	0.08888888888888889	0	315	1
56	2000	1252	0.09105431309904154	0.8362619808306709	0	0.07268370607028754	0	1252	1
56	5000	7827	0.3173629743196627	0.6471189472339338	0.007410246582343171	0.027596780375622843	5.110514884374601e-4	7827	1
56	10000	29733	0.3888608616688528	0.5699391248780816	0.009955268556822387	0.029092254397470825	0.002152490498772408	31280	0.9505434782608696
57	500	78	0	1	0	0	0	78	1
57	1000	314	0	0.9936305732484076	0	0.006369426751592357	0	314	1
57	2000	1252	0.12859424920127796	0.810702875399361	0	0.06070287539936102	0	1252	1
57	5000	7830	0.2830140485312899	0.6704980842911877	0.010217113665389528	0.03295019157088123	0.0033205619412515963	7830	1
57	10000	31229	0.3906305036984854	0.5660443818245862	0.014409683307182427	0.026866053988280125	0.002049377181465945	31255	0.9991681330987042
58	500	81	1	0	0	0	0	81	1
58	1000	316	0.9810126582278481	0.0189873417721519	0	0	0	316	1
58	2000	1252	0.7100638977635783	0.28993610223642174	0	0	0	1252	1
58	5000	7827	0.36680720582598697	0.6064903539031558	0.003960649035390316	0.022741791235466973	0	7827	1
58	10000	31279	0.34930784232232487	0.6037277406566706	0.01160523034623869	0.031011221586367852	0.0043479650883979665	31279	1
59	500	79	0	1	0	0	0	79	1
59	1000	314	0.07961783439490445	0.856687898089172	0	0	0.06369426751592357	314	1
59	2000	1199	0.09424520433694746	0.7939949958298582	0	0	0.11175979983319433	1251	0.9584332533972821
59	5000	7331	0.2849543036420679	0.5644523257400081	0.09807666075569499	0.012276633474287273	0.040240076387941616	7822	0.9372283303502941
59	10000	28795	0.22625455808300052	0.6661573189789894	0.024969612779996528	0.024066678242750477	0.058551831915263065	31278	0.9206151288445553
60	500	75	0.4533333333333333	0.5466666666666666	0	0	0	75	1
60	1000	311	0.3279742765273312	0.6302250803858521	0	0.04180064308681672	0	311	1
60	2000	1246	0.17014446227929375	0.6685393258426966	0	0.1548956661316212	0.006420545746388443	1246	1
60	5000	7825	0.13559105431309904	0.7306070287539936	0	0.09955271565495208	0.03424920127795527	7825	1
60	10000	31289	0.17009172552654286	0.6544472498322094	0.028796062513982548	0.0544280737639426	0.09223688836332257	31289	1
61	500	79	0.5189873417721519	0.4430379746835443	0	0	0.0379746835443038	79	1
61	1000	315	0.2	0.5936507936507937	0	0	0.20634920634920634	315	1
61	2000	1254	0.050239234449760764	0.7703349282296651	0	0	0.17942583732057416	1254	1
61	5000	7834	0.043528210365075315	0.7674240490171049	0	0.02131733469491958	0.16773040592290017	7834	1
61	10000	31328	0.04267747701736466	0.7710993360572013	0.00252170582226762	0.016598569969356484	0.16710291113381	31328	1
62	500	66	0.5606060606060606	0.09090909090909091	0.3484848484848485	0	0	78	0.8461538461538461
62	1000	215	0.2837209302325581	0.4511627906976744	0.2651162790697674	0	0	314	0.6847133757961783
62	2000	748	0.3382352941176471	0.5387700534759359	0.12299465240641712	0	0	1257	0.5950676213206046
62	5000	4233	0.5053153791637137	0.37278525868178597	0.08764469643278998	0.01819040869359792	0.01606425702811245	7829	0.5406820794482053
62	10000	16857	0.43762235273180283	0.39597793201637305	0.09681437978287952	0.04650886871922644	0.02307646674971822	31298	0.5385967154450764
63	500	78	0.16666666666666666	0.5384615384615384	0	0.2948717948717949	0	78	1
63	1000	316	0.1930379746835443	0.4240506329113924	0	0.3829113924050633	0	316	1
63	2000	1254	0.35007974481658694	0.2727272727272727	0.01674641148325359	0.36044657097288674	0	1254	1
63	5000	7805	0.35515695067264574	0.44010249839846255	0.0037155669442664957	0.19654067905188982	0.004484304932735426	7835	0.99617102744097
63	10000	25532	0.3435688547704841	0.49275419081936395	0.020993263355788813	0.1379053736487545	0.004778317405608648	31310	0.815458320025551
66	500	78	0.4230769230769231	0	0.5769230769230769	0	0	78	1
66	1000	312	0.40384615384615385	0	0.5961538461538461	0	0	312	1
66	2000	1254	0.44896331738437	0	0.511164274322169	0.03987240829346093	0	1254	1
66	5000	7816	0.6668372569089048	0.01087512794268168	0.30335209825997955	0.018935516888433982	0	7816	1
66	10000	31304	0.7730960899565551	0.03395732174801942	0.16013927932532585	0.03280730897009967	0	31304	1
67	500	78	0	0	0.6923076923076923	0.3076923076923077	0	78	1
67	1000	316	0.3037974683544304	0.08544303797468354	0.30063291139240506	0.310126582278481	0	316	1
67	2000	1254	0.7623604465709729	0.02631578947368421	0.1251993620414673	0.0861244019138756	0	1254	1
67	5000	7828	0.727005620848237	0.021078180889115995	0.22828308635666836	0.023633111905978537	0	7828	1
67	10000	31307	0.7626090011818443	0.03634969815057335	0.1514357811352094	0.04960551953237295	0	31307	1
69	500	78	1	0	0	0	0	78	1
69	1000	314	1	0	0	0	0	314	1
69	2000	1258	0.9459459459459459	0.023052464228934817	0	0.031001589825119236	0	1258	1
69	5000	7832	0.901046986721144	0.06396833503575076	0.0034473953013278856	0.030515832482124618	0.0010214504596527069	7832	1
69	10000	31327	0.7884572413572957	0.14192230344431322	0.020589268043540717	0.04590289526606442	0.0031282918887860314	31327	1
70	500	78	0.038461538461538464	0.782051282051282	0	0.1794871794871795	0	78	1
70	1000	316	0.06329113924050633	0.7974683544303798	0	0.11708860759493671	0.022151898734177215	316	1
70	2000	1252	0.04712460063897764	0.6533546325878594	0	0.1501597444089457	0.14936102236421725	1252	1
70	5000	7827	0.12316340871342787	0.69617989012393	0.022997316979685704	0.0620927558451514	0.09556662833780503	7827	1
70	10000	31309	0.307387652112811	0.5668338177520841	0.03439905458494363	0.04564182822830496	0.04573764732185633	31309	1
71	500	81	0	0	1	0	0	81	1
71	1000	311	0.03536977491961415	0	0.9131832797427653	0.05144694533762058	0	316	0.9841772151898734
71	2000	1037	0.35294117647058826	0	0.5920925747348119	0.054966248794599805	0	1254	0.8269537480063796
71	5000	4537	0.5968701785320697	0	0.26845933436191316	0.12585408860480493	0.008816398501212255	7831	0.5793640658919679
72	500	74	0	0.9054054054054054	0	0.0945945945945946	0	74	1
72	1000	309	0.08090614886731391	0.6666666666666666	0	0.2524271844660194	0	309	1
72	2000	1244	0.2572347266881029	0.5659163987138264	0	0.17684887459807075	0	1244	1
72	5000	7811	0.3669184483420817	0.5402637306362822	0.042888234541031876	0.04992958648060428	0	7811	1
72	10000	31277	0.540748793042811	0.33865140518591935	0.08386354189979857	0.035233558205710266	0.0015027016657607826	31277	1
73	500	78	0.08974358974358974	0.9102564102564102	0	0	0	78	1
73	1000	311	0.24758842443729903	0.752411575562701	0	0	0	311	1
73	2000	1252	0.4145367412140575	0.5654952076677316	0.019968051118210862	0	0	1252	1
73	5000	7818	0.43438219493476593	0.5135584548477872	0.041570734203121004	0.010488616014325915	0	7818	1
73	10000	31294	0.42688694318399695	0.49495110883875504	0.022751965232952004	0.04508851537035854	0.010321467373937496	31294	1
74	500	80	1	0	0	0	0	80	1
74	1000	315	0.946031746031746	0.022222222222222223	0.031746031746031744	0	0	315	1
74	2000	1256	0.5979299363057324	0.2340764331210191	0.11624203821656051	0.0517515923566879	0	1256	1
74	5000	7835	0.20791320995532867	0.6322910019144863	0.08998085513720484	0.06573069559668156	0.00408423739629866	7835	1
74	10000	31310	0.20772916001277547	0.5466624081763015	0.04979239859469818	0.07786649632705206	0.11794953688917278	31310	1
76	500	78	0	1	0	0	0	78	1
76	1000	312	0	1	0	0	0	312	1
76	2000	1251	0	1	0	0	0	1251	1
76	5000	7827	0	0.9525999744474256	0	0.035773604190622206	0.011626421361952216	7827	1
76	10000	31314	0.018585936003065722	0.8758063485980712	0	0.04272849204828511	0.06287922335057802	31314	1
77	500	79	0	1	0	0	0	79	1
77	1000	316	0	1	0	0	0	316	1
77	2000	1252	0.07268370607028754	0.8570287539936102	0	0.07028753993610223	0	1252	1
77	5000	7832	0.07507660878447395	0.8332482124616956	0	0.07265066394279877	0.019024514811031665	7832	1
77	10000	31313	0.10037364672819596	0.8287612173857504	0.009357136013796187	0.04078178392361	0.020726215948647528	31313	1
78	500	79	0	1	0	0	0	79	1
78	1000	312	0	1	0	0	0	312	1
78	2000	1248	0.07772435897435898	0.8565705128205128	0	0.06570512820512821	0	1248	1
78	5000	7818	0.08045535942696341	0.8329496034791507	0	0.06894346380148375	0.017651573292402148	7818	1
78	10000	31305	0.10113400415269126	0.8277591439067241	0.009391471011020603	0.04082414949688548	0.020891231432678486	31305	1
79	500	79	0	1	0	0	0	79	1
79	1000	314	0	1	0	0	0	314	1
79	2000	1255	0.07569721115537849	0.8549800796812749	0	0.06932270916334661	0	1255	1
79	5000	7835	0.07798340778557754	0.8325462667517549	0	0.07083599234205488	0.018634333120612634	7835	1
79	10000	31319	0.10064178294326127	0.8284427983013506	0.009355343401768895	0.040773971071873305	0.020786104281745904	31319	1
80	500	79	0	1	0	0	0	79	1
80	1000	316	0	1	0	0	0	316	1
80	2000	1252	0.07268370607028754	0.860223642172524	0	0.0670926517571885	0	1252	1
80	5000	7830	0.07458492975734356	0.8332056194125159	0	0.07343550446998723	0.018773946360153258	7830	1
80	10000	31313	0.10056526043496311	0.8286334749145722	0.009293264778207135	0.040749848305815475	0.020758151566442052	31313	1
81	500	78	0	1	0	0	0	78	1
81	1000	315	0	0.9809523809523809	0	0.01904761904761905	0	315	1
81	2000	1254	0.05901116427432217	0.8660287081339713	0	0.07496012759170653	0	1254	1
81	5000	7835	0.06190172303765156	0.8417358008934269	0	0.07721761327377154	0.01914486279514997	7835	1
81	10000	31320	0.09699872286079182	0.8320561941251596	0.009323116219667945	0.04099616858237548	0.02062579821200511	31320	1
82	500	80	0	1	0	0	0	80	1
82	1000	314	0	0.9713375796178344	0	0.028662420382165606	0	314	1
82	2000	1255	0.03904382470119522	0.8749003984063745	0	0.08605577689243028	0	1255	1
82	5000	7830	0.058492975734355045	0.8448275862068966	0	0.0768837803320562	0.01979565772669221	7830	1
82	10000	31311	0.09380090064194692	0.8340199929737153	0.009645172623039827	0.04190220689214653	0.020631726869151417	31311	1
83	500	77	0	1	0	0	0	77	1
83	1000	309	0	0.9741100323624595	0	0.025889967637540454	0	309	1
83	2000	1246	0.04654895666131621	0.8723916532905297	0	0.08105939004815409	0	1246	1
83	5000	7822	0.06008693428790591	0.8439018153924828	0	0.07632319099974431	0.019688059319867043	7822	1
83	10000	31296	0.0943571063394683	0.8337487218813906	0.009553936605316973	0.041730572597137014	0.020609662576687116	31296	1
84	500	78	0	1	0	0	0	78	1
84	1000	312	0	1	0	0	0	312	1
84	2000	1249	0	1	0	0	0	1249	1
84	5000	7818	0.02519826042466104	0.9233819391148631	0	0.03568687643898695	0.015732924021488872	7818	1
84	10000	31306	0.02213633169360506	0.8497732064141059	6.388551715326135e-5	0.04465597649012969	0.08337059988500607	31306	1
85	500	79	0	1	0	0	0	79	1
85	1000	314	0	1	0	0	0	314	1
85	2000	1260	0	0.9992063492063492	0	0	7.936507936507937e-4	1260	1
85	5000	7839	0.01951779563719862	0.9328996045413955	0	0.031891822936599055	0.015690776884806735	7839	1
85	10000	31339	0.022049203867385684	0.8504100322282141	3.51000351000351e-4	0.0448642266824085	0.08232553687099142	31339	1
86	500	78	0	1	0	0	0	78	1
86	1000	311	0	1	0	0	0	311	1
86	2000	1255	0	0.9968127490039841	0	0	0.0031872509960159364	1255	1
86	5000	7829	0.017243581555754246	0.937284455230553	0	0.02976114446289437	0.015710818750798314	7829	1
86	10000	31303	0.02229818228284829	0.8504296712775133	7.347538574577516e-4	0.04520333514359646	0.08133405743858416	31303	1
87	500	79	0	1	0	0	0	79	1
87	1000	315	0	1	0	0	0	315	1
87	2000	1253	0	1	0	0	0	1253	1
87	5000	7834	0.008680112330865459	0.94064334950217	0	0.034975746744957875	0.015700791422006637	7834	1
87	10000	31300	0.02095846645367412	0.8552396166134185	1.597444089456869e-4	0.04424920127795527	0.07939297124600639	31300	1
88	500	79	0	1	0	0	0	79	1
88	1000	314	0	1	0	0	0	314	1
88	2000	1252	0	1	0	0	0	1252	1
88	5000	7824	0.0066462167689161555	0.939161554192229	0	0.03847137014314928	0.01572085889570552	7824	1
88	10000	31304	0.020859953999488885	0.8573345259391771	3.194479938665985e-5	0.04370048556095068	0.07807308970099668	31304	1
89	500	80	0	1	0	0	0	80	1
89	1000	313	0	1	0	0	0	313	1
89	2000	1250	0	1	0	0	0	1250	1
89	5000	7823	0	0.9580723507605777	0	0.030167454940559887	0.011760194298862329	7823	1
89	10000	31311	0.020088786688384274	0.8757625115774009	2.874389192296637e-4	0.043786528695985434	0.06007473411899971	31311	1
90	500	79	0	1	0	0	0	79	1
90	1000	312	0	1	0	0	0	312	1
90	2000	1253	0	1	0	0	0	1253	1
90	5000	7815	0.010876519513755598	0.9422904670505439	0	0.03109404990403071	0.015738963531669866	7815	1
90	10000	31306	0.021401648246342553	0.8531910815818055	4.791413786494602e-4	0.04481569028301284	0.08011243851018975	31306	1
91	500	79	0	1	0	0	0	79	1
91	1000	313	0	1	0	0	0	313	1
91	2000	1252	0	1	0	0	0	1252	1
91	5000	7830	0	0.9514687100893997	0	0.03639846743295019	0.012132822477650063	7830	1
91	10000	31319	0.015773172834381684	0.8849580127079408	0	0.0422746575561161	0.05699415690156135	31319	1
92	500	78	0	1	0	0	0	78	1
92	1000	315	0	1	0	0	0	315	1
92	2000	1254	0.044657097288676235	0.8692185007974481	0	0.007974481658692184	0.07814992025518341	1254	1
92	5000	7833	0.22328609728073534	0.7149240393208222	0.03012894165709179	0.014043150772373293	0.017617770968977403	7833	1
92	10000	29442	0.18327559269071395	0.7090890564499694	0.06545071666327015	0.035833163507913865	0.0063514706881326	31298	0.9406990862035913
93	500	80	0	0.95	0	0	0.05	80	1
93	1000	316	0.0189873417721519	0.8892405063291139	0	0	0.09177215189873418	316	1
93	2000	1257	0.08035003977724742	0.8552108194112967	0	0	0.06443914081145585	1257	1
93	5000	7836	0.12953037263910158	0.7912200102092904	0.04670750382848392	0.008677896886166412	0.02386421643695763	7836	1
93	10000	27929	0.20237029610798812	0.6878155322424719	0.07010634107916502	0.03297647606430592	0.00673135450606896	31313	0.8919298693833232
94	500	79	0.24050632911392406	0.25316455696202533	0	0	0.5063291139240507	79	1
94	1000	315	0.2507936507936508	0.49206349206349204	0	0	0.2571428571428571	315	1
94	2000	1251	0.1366906474820144	0.7865707434052758	0	0	0.07673860911270983	1251	1
94	5000	7827	0.15791490992717516	0.755334099910566	0.04535581959882458	0.017503513478983008	0.02389165708445126	7827	1
94	10000	29347	0.1913653865812519	0.6994582069717518	0.06671891505094217	0.03584693495076158	0.006610556445292534	31316	0.9371247924383702
95	500	80	0	1	0	0	0	80	1
95	1000	316	0	1	0	0	0	316	1
95	2000	1255	0.05179282868525897	0.8565737051792829	0	0.00796812749003984	0.08366533864541832	1255	1
95	5000	7834	0.2237681899412816	0.71483278018892	0.03012509573653306	0.013658412050038295	0.017615522083226958	7834	1
95	10000	29559	0.18248249264183497	0.7099698907270205	0.06515781995331371	0.036063466287763454	0.006326330390067323	31328	0.9435329417773238
96	500	80	0.0125	0.8875	0	0	0.1	80	1
96	1000	312	0.07051282051282051	0.7628205128205128	0	0	0.16666666666666666	312	1
96	2000	1250	0.1288	0.7888	0	0	0.0824	1250	1
96	5000	7820	0.1883631713554987	0.7457800511508952	0.031202046035805626	0.013938618925831201	0.02071611253196931	7820	1
96	10000	29430	0.18973836221542645	0.6998980632008155	0.06663268773360516	0.037376826367652057	0.006354060482500849	31302	0.9401955146635997
97	500	79	0	0.9746835443037974	0	0	0.02531645569620253	79	1
97	1000	314	0.05732484076433121	0.8184713375796179	0	0	0.12420382165605096	314	1
97	2000	1255	0.12430278884462151	0.7856573705179283	0	0	0.0900398406374502	1255	1
97	5000	7828	0.19481349003576903	0.7422074603985692	0.030403679100664282	0.013030148185998978	0.019545222278998468	7828	1
97	10000	29475	0.18951653944020355	0.700186598812553	0.06659881255301103	0.03735368956743002	0.006344359626802375	31319	0.941122002618219
98	500	77	0	0.974025974025974	0	0	0.025974025974025976	77	1
98	1000	311	0.01929260450160772	0.8842443729903537	0	0	0.09646302250803858	311	1
98	2000	1253	0.08379888268156424	0.8499600957701516	0	0	0.06624102154828412	1253	1
98	5000	7822	0.14088468422398365	0.7820250575300435	0.0441063666581437	0.009076962413704934	0.023906929174124264	7822	1
98	10000	28081	0.2009899932338592	0.6892204693565044	0.0697268615790036	0.033403368825896514	0.006659307004736299	31291	0.8974145920552236
99	500	77	0.5844155844155844	0	0.4155844155844156	0	0	77	1
99	1000	311	0.7331189710610932	0.05466237942122187	0.21221864951768488	0	0	311	1
99	2000	1248	0.7123397435897436	0.08173076923076923	0.20592948717948717	0	0	1248	1
99	5000	7424	0.6648706896551724	0.06505926724137931	0.20204741379310345	0.048895474137931036	0.01912715517241379	7825	0.9487539936102236
99	10000	23778	0.6109849440659433	0.20140465976953487	0.11266717133484734	0.06421902599041131	0.010724198839263184	31281	0.7601419391963172
100	500	79	0.45569620253164556	0.5443037974683544	0	0	0	79	1
100	1000	312	0.4519230769230769	0.49038461538461536	0	0.057692307692307696	0	312	1
100	2000	1253	0.5522745411013568	0.37031125299281725	0.024740622505985636	0.052673583399840386	0	1253	1
100	5000	7399	0.4827679416137316	0.34423570752804433	0.01784024868225436	0.13718070009460737	0.017975402081362345	7822	0.9459217591408847
100	10000	22840	0.4503064798598949	0.24588441330998248	0.027802101576182136	0.19584063047285463	0.08016637478108582	31312	0.7294328053142565
102	500	78	0	0.6923076923076923	0	0.3076923076923077	0	78	1
102	1000	302	0	0.6887417218543046	0	0.31125827814569534	0	312	0.967948717948718
102	2000	1027	0.12366114897760468	0.7137293086660176	0	0.1626095423563778	0	1253	0.819632881085395
102	5000	4787	0.21077919364946732	0.7161061207436809	0.009191560476289952	0.053895968247336536	0.010027156883225401	7821	0.6120700677662703
103	500	77	0	1	0	0	0	77	1
103	1000	310	0	1	0	0	0	310	1
103	2000	1253	0.13168395849960096	0.8683160415003991	0	0	0	1253	1
103	5000	7810	0.5111395646606914	0.47234314980793857	0.0046094750320102434	0.011907810499359794	0	7810	1
103	10000	30833	0.4826322446729154	0.46304284370641846	0.013070411572016995	0.024486751208121167	0.016767748840528007	31267	0.9861195509642754
104	500	78	0.5384615384615384	0.46153846153846156	0	0	0	78	1
104	1000	311	0.7363344051446945	0.26366559485530544	0	0	0	311	1
104	2000	1251	0.64828137490008	0.3517186250999201	0	0	0	1251	1
104	5000	7821	0.5281933256616801	0.46490218642117376	0.002045774197672932	0.004858713719473213	0	7821	1
104	10000	31066	0.5282624090645722	0.4409643983776476	0.013680551084787227	0.016352282237816262	7.403592351767205e-4	31262	0.9937304075235109
105	500	77	0.5844155844155844	0.4155844155844156	0	0	0	77	1
105	1000	310	0.6483870967741936	0.35161290322580646	0	0	0	310	1
105	2000	1250	0.568	0.432	0	0	0	1250	1
105	5000	7814	0.5253391348861018	0.46736626567699	0.002431533145636038	0.004863066291272076	0	7814	1
105	10000	30851	0.5237755664322065	0.4427409160156883	0.01588279148163755	0.016693137985802728	9.075880846650027e-4	31266	0.9867267958805092
106	500	78	0	1	0	0	0	78	1
106	1000	311	0.012861736334405145	0.9871382636655949	0	0	0	311	1
106	2000	1249	0.177742193755004	0.7461969575660529	0.0656525220176141	0.010408326661329063	0	1249	1
106	5000	7607	0.33048507953201	0.5249112659392665	0.08939135007230183	0.013014328907585119	0.0421979755488366	7818	0.9730110002558199
106	10000	28990	0.23549499827526732	0.6601586754053121	0.03239047947568127	0.017661262504311832	0.05429458433942739	31249	0.9277096867099747
107	500	78	0	1	0	0	0	78	1
107	1000	312	0.00641025641025641	0.9935897435897436	0	0	0	312	1
107	2000	1252	0.2036741214057508	0.7460063897763578	0.04552715654952077	0.004792332268370607	0	1252	1
107	5000	7618	0.3351273300078761	0.5284851667104227	0.08427408768705696	0.013258072985035443	0.03885534260960882	7807	0.9757909568336108
107	10000	29090	0.23551048470264696	0.6587143348229633	0.03465108284633895	0.017566173942935717	0.05355792368511516	31279	0.9300169442757121
108	500	79	0.34177215189873417	0.6582278481012658	0	0	0	79	1
108	1000	314	0.3885350318471338	0.6114649681528662	0	0	0	314	1
108	2000	1256	0.3646496815286624	0.42595541401273884	0	0.026273885350318472	0.18312101910828024	1256	1
108	5000	7831	0.21517047631209296	0.6017111480015324	0.01647299195505044	0.017366875239433022	0.1492785084918912	7831	1
108	10000	31084	0.35986359541886503	0.5389267790503153	0.02216574443443572	0.024095997941062926	0.054947883155321064	31289	0.993448176675509
109	500	76	0.75	0.10526315789473684	0	0.14473684210526316	0	76	1
109	1000	247	0.5020242914979757	0.3157894736842105	0	0.18218623481781376	0	310	0.7967741935483871
109	2000	858	0.289044289044289	0.6282051282051282	0	0.08275058275058275	0	1248	0.6875
109	5000	4885	0.3527123848515865	0.5891504605936541	0.0028659160696008186	0.04749232343909928	0.0077789150460593655	7819	0.6247601995140043
109	10000	19771	0.35562187041626625	0.5864650245308786	0.014212735825198523	0.04177836224773658	0.001922006979920085	31290	0.6318632150846916
110	500	69	0.5797101449275363	0.11594202898550725	0	0.30434782608695654	0	80	0.8625
110	1000	217	0.5023041474654378	0.2764976958525346	0	0.22119815668202766	0	315	0.6888888888888889
110	2000	801	0.30337078651685395	0.6079900124843945	0	0.088639200998751555	0	1251	0.6402877697841727
110	5000	4715	0.3503711558854719	0.5879109225874868	0.0046659597030752915	0.04899257688229056	0.008059384941675504	7827	0.6024019419956561
110	10000	19459	0.3545403155352279	0.5872346985970502	0.014440618736831286	0.041831543244771056	0.0019528238861195335	31295	0.621792618629174
111	500	65	0.23076923076923078	0	0.6307692307692307	0.13846153846153847	0	76	0.8552631578947368
111	1000	232	0.13793103448275862	0.02586206896551724	0.728448275862069	0.10775862068965517	0	311	0.7459807073954984
111	2000	750	0.25866666666666666	0.176	0.5306666666666666	0.034666666666666665	0	1246	0.6019261637239165
111	5000	4931	0.2182113161630501	0.5844656256337457	0.11721760292030015	0.023119042790509026	0.05698641249239505	7813	0.6311276078330987
111	10000	20836	0.2155404108274141	0.6471011710501056	0.03829909771549242	0.014734114033403724	0.08432520637358418	31272	0.666282936812484
112	500	79	0.2911392405063291	0.7088607594936709	0	0	0	79	1
112	1000	314	0.5668789808917197	0.43312101910828027	0	0	0	314	1
112	2000	1253	0.684756584197925	0.31524341580207504	0	0	0	1253	1
112	5000	7279	0.6257727709850254	0.3022393185877181	0.007143838439346064	0.06484407198791042	0	7808	0.9322489754098361
112	10000	24029	0.6051854009738233	0.27550043697199217	0.0242623496608265	0.09505181239335803	0	31286	0.7680432142172218
113	500	77	0	0.42857142857142855	0	0.5324675324675324	0.03896103896103896	77	1
113	1000	258	0	0.5465116279069767	0	0.19767441860465115	0.2558139534883721	310	0.832258064516129
113	2000	837	0	0.5806451612903226	0	0.06093189964157706	0.35842293906810035	1249	0.6701361088871097
114	500	75	0	0	0.76	0.24	0	75	1
114	1000	257	0.054474708171206226	0.12840466926070038	0.5175097276264592	0.29961089494163423	0	308	0.8344155844155844
114	2000	865	0.17109826589595376	0.26705202312138726	0.2809248554913295	0.2809248554913295	0	1244	0.6953376205787781
114	5000	4841	0.19066308613922744	0.43110927494319357	0.26833298905184877	0.10989464986573022	0	7809	0.6199257267255731
114	10000	17955	0.24789752158173212	0.5369534948482317	0.12074631021999443	0.06516290726817042	0.029239766081871343	31277	0.5740640086964862
115	500	58	0	0	0.9137931034482759	0.08620689655172414	0	80	0.725
115	1000	196	0	0	0.8928571428571429	0.10714285714285714	0	315	0.6222222222222222
115	2000	734	0	0.05040871934604905	0.8283378746594006	0.12125340599455041	0	1256	0.5843949044585988
115	5000	4094	0.07083536883243771	0.32364435759648263	0.4394235466536395	0.14606741573033707	0.020029311187103077	7826	0.5231280347559417
115	10000	16830	0.2816399286987522	0.5054664289958407	0.14188948306595364	0.06149732620320856	0.009506833036244802	31289	0.537888714883825
116	500	78	0.4358974358974359	0.038461538461538464	0	0	0.5256410256410257	78	1
116	1000	312	0.4775641025641026	0.26282051282051283	0	0	0.25961538461538464	312	1
116	2000	1251	0.26139088729016785	0.5315747402078337	0	0.025579536370903277	0.18145483613109512	1251	1
116	5000	7831	0.11505554846124377	0.7520112373898609	0	0.020814710764908696	0.11211850338398673	7831	1
116	10000	31292	0.06442541224594145	0.8088968426434872	0.0020772082321360093	0.01882270228812476	0.10577783459031062	31292	1
117	500	76	0	0.6973684210526315	0	0.3026315789473684	0	76	1
117	1000	309	0.05501618122977346	0.8090614886731392	0	0.13592233009708737	0	309	1
117	2000	1250	0.0408	0.9192	0.0048	0.0352	0	1250	1
117	5000	7824	0.03233640081799591	0.9351993865030674	0.0037065439672801636	0.019171779141104295	0.009585889570552147	7824	1
117	10000	31316	0.02385362115212671	0.9075233107676587	9.260441946608762e-4	0.021235151360326988	0.046461872525226725	31316	1
118	500	78	0	0.24358974358974358	0.7435897435897436	0	0.01282051282051282	78	1
118	1000	312	0	0.3814102564102564	0.48717948717948717	0	0.13141025641025642	312	1
118	2000	1252	0	0.7196485623003195	0.213258785942492	0	0.0670926517571885	1252	1
118	5000	7830	0.0491698595146871	0.6466155810983397	0.24508301404853128	0.009323116219667945	0.04980842911877394	7830	1
118	10000	31281	0.038042262076020586	0.5812154342891851	0.284389885233848	0.0216105623221764	0.07474185607876986	31281	1
119	500	74	0	0	1	0	0	80	0.925
119	1000	273	0	0	0.9340659340659341	0	0.06593406593406594	314	0.8694267515923567
119	2000	1099	0	0	0.9444949954504095	0	0.055505004549590536	1252	0.8777955271565495
119	5000	6808	0	0.12911280846063455	0.8326968272620446	0	0.038190364277320796	7828	0.8696985181400102
119	10000	24729	0.05730114440535404	0.23159044037365037	0.6247725342715031	0.030530955558251447	0.05580492539124105	31277	0.7906448828212425
120	500	78	0.21794871794871795	0.01282051282051282	0.48717948717948717	0.28205128205128205	0	78	1
120	1000	313	0.329073482428115	0.19808306709265175	0.29073482428115016	0.18210862619808307	0	313	1
120	2000	1254	0.2751196172248804	0.48564593301435405	0.07256778309409888	0.12041467304625199	0.046251993620414676	1254	1
120	5000	7818	0.15221284215911998	0.6389102072141213	0.011639805576873882	0.04745459196725505	0.14978255308262983	7818	1
120	10000	31306	0.1394301411869929	0.637258033603782	0.015971379288315338	0.0717434357631125	0.13559701015779724	31306	1
121	500	76	0.013157894736842105	0.9868421052631579	0	0	0	76	1
121	1000	308	0.10064935064935066	0.8116883116883117	0.08116883116883117	0.006493506493506494	0	308	1
121	2000	1244	0.08842443729903537	0.8609324758842444	0.0297427652733119	0.02090032154340836	0	1244	1
121	5000	7820	0.11457800511508952	0.7805626598465473	0.01969309462915601	0.01930946291560102	0.06585677749360613	7820	1
121	10000	31276	0.10870955365136206	0.6948778616191329	0.0941616575009592	0.0432919810717483	0.058958946156797545	31276	1
122	500	78	0.02564102564102564	0.9615384615384616	0.01282051282051282	0	0	78	1
122	1000	311	0.10932475884244373	0.797427652733119	0.08681672025723473	0.006430868167202572	0	311	1
122	2000	1251	0.08952837729816147	0.8601119104716227	0.029576338928856916	0.020783373301358914	0	1251	1
122	5000	7823	0.11491755081170907	0.77924070049853	0.020069027227406364	0.01981337082960501	0.06595935063274959	7823	1
122	10000	31290	0.10840524129114733	0.6943112815596038	0.09517417705337168	0.043240651965484184	0.058868648130393095	31290	1
123	500	78	0.8333333333333334	0.05128205128205128	0.11538461538461539	0	0	78	1
123	1000	312	0.717948717948718	0.16025641025641027	0.12179487179487179	0	0	312	1
123	2000	1253	0.6879489225857941	0.2713487629688747	0.040702314445331206	0	0	1253	1
123	5000	7824	0.32400306748466257	0.5835889570552147	0.014187116564417178	0.03962167689161554	0.03859918200408998	7824	1
123	10000	31285	0.2686271376058814	0.5948217995844653	0.01364871344094614	0.05552181556656545	0.0673805338021416	31285	1
124	500	79	1	0	0	0	0	79	1
124	1000	313	0.8722044728434505	0.12779552715654952	0	0	0	313	1
124	2000	1253	0.6049481245011972	0.3599361532322426	0	0.035115722266560255	0	1253	1
124	5000	7820	0.478772378516624	0.47033248081841433	0.010358056265984655	0.040537084398976984	0	7820	1
124	10000	31289	0.3527437757678417	0.474671609830931	0.07459490555786379	0.049282495445683784	0.048707213397679694	31289	1
125	500	77	0.7402597402597403	0.025974025974025976	0	0	0.23376623376623376	77	1
125	1000	311	0.44694533762057875	0.13504823151125403	0.022508038585209004	0	0.3954983922829582	311	1
125	2000	1254	0.1762360446570973	0.38915470494417864	0.0430622009569378	0	0.3915470494417863	1254	1
125	5000	7812	0.09101382488479262	0.6674347158218126	0.030209933435739886	0.023169482846902203	0.1881720430107527	7812	1
125	10000	31290	0.1318632150846916	0.6947906679450304	0.03589006072227549	0.02256311920741451	0.11489293704058805	31290	1
126	500	74	0.25675675675675674	0.7432432432432432	0	0	0	74	1
126	1000	295	0.19322033898305085	0.8067796610169492	0	0	0	311	0.9485530546623794
126	2000	861	0.2880371660859466	0.7119628339140535	0	0	0	1245	0.691566265060241
126	5000	5839	0.3116972084261004	0.65627675971913	0	0.032026031854769654	0	7818	0.7468662061908417
126	10000	26200	0.3045419847328244	0.627824427480916	0.021755725190839695	0.04019083969465649	0.005687022900763359	31255	0.8382658774596065
127	500	79	0.5949367088607594	0.4050632911392405	0	0	0	79	1
127	1000	314	0.5191082802547771	0.44904458598726116	0	0.03184713375796178	0	314	1
127	2000	1252	0.24440894568690097	0.634185303514377	0.04073482428115016	0.07827476038338659	0.0023961661341853034	1252	1
127	5000	7778	0.261121110825405	0.6226536384674723	0.0542555926973515	0.05798405759835433	0.003985600411416817	7823	0.9942477310494695
127	10000	27080	0.17001477104874446	0.6881093057607091	0.0775480059084195	0.04180206794682422	0.022525849335302807	31286	0.8655628715719491
128	500	77	0.5064935064935064	0.4935064935064935	0	0	0	77	1
128	1000	266	0.5225563909774437	0.4774436090225564	0	0	0	310	0.8580645161290322
128	2000	847	0.29988193624557263	0.7001180637544274	0	0	0	1247	0.6792301523656776
128	5000	6139	0.28131617527284575	0.6567844925883695	0.03257859586251832	0.026388662648639843	0.0029320736276266493	7824	0.7846370143149284
128	10000	26862	0.266547539274812	0.6577321122775668	0.033802397438761074	0.02319261410170501	0.01872533690715509	31284	0.8586497890295358
129	500	79	0	0.9620253164556962	0	0	0.0379746835443038	79	1
129	1000	316	0	0.8607594936708861	0	0	0.13924050632911392	316	1
129	2000	1252	0.013578274760383386	0.9177316293929713	0	0	0.06869009584664537	1252	1
129	5000	7823	0.0409050236482168	0.8278154160807875	6.391409945033875e-4	0.017001150453790106	0.11363926882270228	7823	1
129	10000	31297	0.06457487938141036	0.7325622264114772	0.013803239927149567	0.02383615042975365	0.16522350385020929	31297	1
130	500	78	0.5256410256410257	0.2948717948717949	0	0.1794871794871795	0	78	1
130	1000	316	0.4177215189873418	0.40189873417721517	0	0.18037974683544303	0	316	1
130	2000	1252	0.2955271565495208	0.597444089456869	0	0.07987220447284345	0.027156549520766772	1252	1
130	5000	7826	0.1362126245847176	0.5012777919754664	0	0.020444671607462304	0.3420649118323537	7826	1
130	10000	31296	0.09164110429447853	0.3761503067484663	0.0011503067484662577	0.012653374233128834	0.5184049079754601	31296	1
131	500	79	0	0.8860759493670886	0	0.11392405063291139	0	79	1
131	1000	314	0.0732484076433121	0.8343949044585988	0	0.07961783439490445	0.012738853503184714	314	1
131	2000	1254	0.06220095693779904	0.7870813397129187	0	0.03668261562998405	0.11403508771929824	1254	1
131	5000	7821	0.05600306866129651	0.7920981971614883	0	0.03286024805012147	0.11903848612709372	7821	1
131	10000	31322	0.09900389502586042	0.7224315177830279	0.0036715407700657686	0.04300491667198774	0.13188812974905817	31322	1
132	500	79	0.2911392405063291	0.7088607594936709	0	0	0	79	1
132	1000	315	0.16825396825396827	0.8126984126984127	0	0.01904761904761905	0	315	1
132	2000	1253	0.10534716679968077	0.8188347964884277	0	0.03990422984836393	0.035913806863527534	1253	1
132	5000	7826	0.06273958599539994	0.7869920776897521	0	0.030667007411193457	0.11960132890365449	7826	1
132	10000	31320	0.10648148148148148	0.7105683269476373	0.0072158365261813535	0.04348659003831418	0.1322477650063857	31320	1
133	500	77	0	1	0	0	0	78	0.9871794871794872
133	1000	205	0	1	0	0	0	314	0.6528662420382165
134	500	60	0	1	0	0	0	78	0.7692307692307693
135	500	75	0	1	0	0	0	79	0.9493670886075949
135	1000	200	0	1	0	0	0	316	0.6329113924050633
136	500	63	0	1	0	0	0	77	0.8181818181818182
136	1000	184	0	1	0	0	0	310	0.5935483870967742
137	500	53	0	1	0	0	0	78	0.6794871794871795
137	1000	180	0	1	0	0	0	313	0.5750798722044729
138	500	76	0	0.9605263157894737	0	0.039473684210526314	0	76	1
138	1000	309	0	0.8478964401294499	0.003236245954692557	0.05501618122977346	0.09385113268608414	309	1
138	2000	1247	0	0.8027265437048917	0.028067361668003207	0.02566158781074579	0.14354450681635927	1247	1
138	5000	7826	0.1478405315614618	0.695246613851265	0.05430615895732175	0.013544594939943777	0.08906210069000767	7826	1
138	10000	31300	0.12782747603833866	0.6625239616613419	0.03894568690095847	0.014728434504792332	0.1559744408945687	31300	1
139	500	79	0	0.3670886075949367	0.6329113924050633	0	0	79	1
139	1000	312	0.060897435897435896	0.32371794871794873	0.6153846153846154	0	0	312	1
139	2000	1255	0.1649402390438247	0.48047808764940236	0.31314741035856575	0	0.04143426294820717	1255	1
139	5000	7814	0.1428205784489378	0.6339902738674175	0.1002047606859483	0.0074225748656258	0.11556181213207065	7814	1
139	10000	31309	0.15717525312210545	0.6606726500367307	0.05148679293493884	0.012552301255230125	0.11811300265099492	31309	1
140	500	78	0	0.8076923076923077	0	0	0.19230769230769232	78	1
140	1000	313	0	0.6932907348242812	0.14057507987220447	0	0.16613418530351437	313	1
140	2000	1253	0	0.553072625698324	0.363926576217079	0	0.08300079808459697	1253	1
140	5000	7795	0.016805644644002565	0.39961513790891595	0.5159717767799872	0	0.06760744066709429	7822	0.9965481973919713
140	10000	28475	0.023143107989464444	0.29513608428446003	0.609657594381036	0.00723441615452151	0.064828797190518	31290	0.9100351550015979
141	500	78	0	0.5641025641025641	0.1282051282051282	0.23076923076923078	0.07692307692307693	78	1
141	1000	312	0	0.5705128205128205	0.26282051282051283	0.11858974358974358	0.04807692307692308	312	1
141	2000	1255	0.04462151394422311	0.41752988047808764	0.47808764940239046	0.030278884462151396	0.02948207171314741	1255	1
141	5000	7829	0.06871886575552433	0.45127091582577594	0.41295184570187765	0.01596627921829097	0.0510920934985311	7829	1
141	10000	31283	0.05360739059553112	0.4202602052232842	0.44282837323786084	0.009206278170252213	0.07409775277307164	31283	1
142	500	80	0.3125	0.3625	0.15	0	0.175	80	1
142	1000	315	0.3492063492063492	0.35555555555555557	0.14603174603174604	0	0.1492063492063492	315	1
142	2000	1257	0.2720763723150358	0.5035799522673031	0.15990453460620524	0	0.06443914081145585	1257	1
142	5000	7823	0.2179470791256551	0.5109293110060079	0.21590182794324428	0.00409050236482168	0.051131279560271	7823	1
142	10000	29816	0.1983163402200161	0.5347129058223773	0.20274349342634826	0.0024148108398175474	0.06181244969144084	31300	0.9525878594249201
143	500	77	0.2597402597402597	0.38961038961038963	0.15584415584415584	0	0.19480519480519481	77	1
143	1000	310	0.4	0.36774193548387096	0.09032258064516129	0	0.14193548387096774	310	1
143	2000	1250	0.3288	0.3688	0.1184	0	0.184	1250	1
143	5000	7823	0.3066598491627253	0.5088840598235971	0.06941071200306788	0.025821296177936853	0.08922408283267289	7823	1
143	10000	31302	0.274391412689285	0.5813047089642834	0.037058334930675355	0.03133985048878666	0.07590569292696953	31302	1
144	500	76	0.05263157894736842	0.9473684210526315	0	0	0	76	1
144	1000	311	0.05144694533762058	0.932475884244373	0.01607717041800643	0	0	311	1
144	2000	1251	0.1366906474820144	0.7889688249400479	0.0319744204636291	0.042366107114308556	0	1251	1
144	5000	7820	0.3530690537084399	0.4710997442455243	0.1446291560102302	0.031202046035805626	0	7820	1
144	10000	31284	0.43968162639048713	0.3274836977368623	0.16609129267357114	0.025604142692750288	0.04113924050632911	31284	1
145	500	79	0.379746835443038	0.620253164556962	0	0	0	79	1
145	1000	314	0.2961783439490446	0.7038216560509554	0	0	0	314	1
145	2000	1252	0.24440894568690097	0.737220447284345	0.01597444089456869	0.0023961661341853034	0	1252	1
145	5000	7826	0.285969844109379	0.6202402248913876	0.00434449271658574	0.009711219013544594	0.07973421926910298	7826	1
145	10000	31273	0.2625907332203498	0.5897419499248553	0.020432961340453425	0.030569500847376332	0.09666485466696512	31273	1
146	500	81	0.19753086419753085	0.5061728395061729	0.2962962962962963	0	0	81	1
146	1000	316	0.2626582278481013	0.629746835443038	0.10759493670886076	0	0	316	1
146	2000	1256	0.24681528662420382	0.6886942675159236	0.04856687898089172	0.012738853503184714	0.0031847133757961785	1256	1
146	5000	7829	0.1431855920296334	0.7454336441435688	0.01813769319197854	0.07663814024779665	0.01660493038702261	7829	1
146	10000	31292	0.24757126422088713	0.6494631215646172	0.01827943244279688	0.05918445609101368	0.02550172568068516	31292	1
148	500	56	0.3392857142857143	0.07142857142857142	0.5892857142857143	0	0	79	0.7088607594936709
148	1000	265	0.19245283018867926	0.44150943396226416	0.3584905660377358	0.007547169811320755	0	314	0.8439490445859873
148	2000	1051	0.2226450999048525	0.4719314938154139	0.27117031398667935	0.03425309229305423	0	1254	0.8381180223285486
148	5000	6746	0.1944856211088052	0.5879039430773791	0.16291135487696412	0.016157723095167508	0.038541357841683964	7813	0.8634327403046205
148	10000	25106	0.19553094877718474	0.6200908149446347	0.12522902891739027	0.019278260176850155	0.039870947183940096	31295	0.802236779038185
150	500	50	0	0.68	0.32	0	0	77	0.6493506493506493
151	500	79	0.16455696202531644	0.7341772151898734	0	0.10126582278481013	0	79	1
151	1000	315	0.1365079365079365	0.7841269841269841	0	0.07936507936507936	0	315	1
151	2000	1249	0.11289031224979984	0.8246597277822257	0	0.06244995996797438	0	1249	1
151	5000	7838	0.26562898698647613	0.6490176065322787	0.031002806838479204	0.054350599642766013	0	7838	1
151	10000	31286	0.34590551684459503	0.5762961068848687	0.021095697756184875	0.04404525986064054	0.012657418653710926	31286	1
152	500	76	0	0	1	0	0	76	1
152	1000	310	0	0	1	0	0	310	1
152	2000	1246	0.008025682182985553	0	0.9646869983948636	0	0.027287319422150885	1246	1
152	5000	7818	0.08109490918393451	0.12100281401893068	0.6005372217958557	0.010360706062931695	0.18700434893834741	7818	1
152	10000	31107	0.17468736940238533	0.21088500980486707	0.3954093933841258	0.02108850098048671	0.19792972642813514	31294	0.9940244136256151
153	500	80	0	0.9875	0	0	0.0125	80	1
153	1000	317	0	0.917981072555205	0	0	0.08201892744479496	317	1
153	2000	1254	0	0.7934609250398724	0	0.045454545454545456	0.16108452950558214	1254	1
153	5000	7835	0.03331206126356095	0.7142310146777281	7.657945118059987e-4	0.12278238672622846	0.12890874282067646	7835	1
153	10000	31301	0.05233059646656656	0.6578064598575125	0.01313057090827769	0.10236094693460272	0.17437142583304047	31301	1
154	500	80	0.0625	0.4875	0	0.45	0	80	1
154	1000	314	0.13694267515923567	0.5191082802547771	0.10509554140127389	0.23885350318471338	0	314	1
154	2000	1253	0.1779728651237031	0.5139664804469274	0.17238627294493217	0.11173184357541899	0.023942537909018357	1253	1
154	5000	7836	0.32618683001531396	0.48047473200612556	0.05347115875446656	0.04275140377743747	0.09711587544665645	7836	1
154	10000	31298	0.3243338232474918	0.5203527381941339	0.02326027222186721	0.039427439453000195	0.09262572688350694	31298	1
155	500	79	0.2911392405063291	0	0	0.11392405063291139	0.5949367088607594	79	1
155	1000	312	0.16987179487179488	0	0.038461538461538464	0.11538461538461539	0.6762820512820513	312	1
155	2000	1252	0.0878594249201278	0.016773162939297124	0.3075079872204473	0.03194888178913738	0.5559105431309904	1252	1
155	5000	7820	0.09769820971867008	0.2037084398976982	0.30396419437340155	0.024936061381074168	0.369693094629156	7820	1
155	10000	31296	0.058857361963190184	0.2632924335378323	0.15279907975460122	0.014985940695296523	0.5100651840490797	31296	1
156	500	78	0.5256410256410257	0	0	0.1794871794871795	0.2948717948717949	78	1
156	1000	312	0.17307692307692307	0	0.23076923076923078	0.1282051282051282	0.46794871794871795	312	1
156	2000	1248	0.07051282051282051	0.04006410256410257	0.3701923076923077	0.03205128205128205	0.48717948717948717	1248	1
156	5000	7817	0.10118971472431879	0.2156837661506972	0.29179992324421133	0.025201483945247537	0.36612511193552516	7817	1
156	10000	31322	0.05449843560436754	0.25649703084094244	0.15123555328523083	0.014845795287657238	0.5229231849818019	31322	1
157	500	79	0.5189873417721519	0.43037974683544306	0.05063291139240506	0	0	79	1
157	1000	315	0.23492063492063492	0.580952380952381	0.07301587301587302	0	0.1111111111111111	315	1
157	2000	1252	0.15894568690095848	0.5734824281150159	0.11261980830670927	0	0.15495207667731628	1252	1
157	5000	7837	0.2009697588362894	0.45310705627153247	0.2111777465867041	0.009187188975373229	0.1255582493301008	7837	1
157	10000	31304	0.1961410682340915	0.45007027855865067	0.14030155890621007	0.018304370048556094	0.1951827242524917	31304	1
158	500	77	0.6363636363636364	0.09090909090909091	0	0.07792207792207792	0.19480519480519481	77	1
158	1000	311	0.4919614147909968	0.3086816720257235	0	0.08038585209003216	0.1189710610932476	311	1
158	2000	1246	0.2391653290529695	0.6163723916532905	0	0.0593900481540931	0.08507223113964688	1246	1
158	5000	7826	0.1385126501405571	0.7774086378737541	0	0.042678251980577564	0.04140046000511117	7826	1
158	10000	31294	0.10017894804115805	0.7509426727168147	0.0151466734837349	0.04556784048060331	0.08816386527768902	31294	1
159	500	78	0	0.5384615384615384	0.46153846153846156	0	0	78	1
159	1000	313	0.003194888178913738	0.5271565495207667	0.4696485623003195	0	0	313	1
159	2000	1255	0.026294820717131476	0.552988047808765	0.3888446215139442	0.004780876494023904	0.027091633466135457	1255	1
159	5000	7817	0.029039273378533965	0.5337085838556991	0.17705001918894717	0.03236535755404887	0.2278367660227709	7817	1
159	10000	31325	0.05120510774142059	0.6685714285714286	0.07010375099760574	0.06371907422186751	0.14640063846767756	31325	1
169	500	76	0	1	0	0	0	76	1
169	1000	310	0.03225806451612903	0.967741935483871	0	0	0	310	1
169	2000	1249	0.08807045636509207	0.911929543634908	0	0	0	1249	1
169	5000	7825	0.2610862619808307	0.6063897763578274	0.014440894568690096	0.017891373801916934	0.10019169329073482	7825	1
169	10000	31310	0.268732034493772	0.5795592462472053	0.013797508783136379	0.025998083679335676	0.11191312679655062	31310	1
170	500	78	1	0	0	0	0	78	1
170	1000	315	0.7936507936507936	0.20634920634920634	0	0	0	315	1
170	2000	1253	0.4676775738228252	0.4692737430167598	0.030327214684756583	0.03272146847565842	0	1253	1
170	5000	7821	0.4914972509909219	0.47845544048075694	0.008822401227464518	0.021224907300856667	0	7821	1
170	10000	29723	0.394172862766208	0.5472529690811829	0.018975204387174916	0.03795040877434983	0.0016485549910843454	31265	0.9506796737565968
172	500	80	0.4125	0.1375	0	0.45	0	80	1
172	1000	315	0.4507936507936508	0.273015873015873	0	0.26666666666666666	0.009523809523809525	315	1
172	2000	1257	0.2903739061256961	0.3436754176610978	0	0.3269689737470167	0.03898170246618934	1257	1
172	5000	7833	0.165964509128048	0.4729988510149368	0	0.2401378782075833	0.12089876164943189	7833	1
172	10000	31334	0.21021893151209547	0.4209484904576498	0.0030318503861619965	0.17453883959915747	0.1912618880449352	31334	1
173	500	78	0.717948717948718	0.28205128205128205	0	0	0	78	1
173	1000	313	0.5271565495207667	0.4728434504792332	0	0	0	313	1
173	2000	1257	0.2386634844868735	0.7613365155131265	0	0	0	1257	1
173	5000	7825	0.2366773162939297	0.7159105431309905	0.0039616613418530355	0.028881789137380192	0.014568690095846645	7825	1
173	10000	31291	0.30548720079256014	0.6622671055575086	9.907002013358475e-4	0.02703652807516538	0.00421846537343006	31291	1
174	500	79	0.6708860759493671	0.3291139240506329	0	0	0	79	1
174	1000	312	0.4358974358974359	0.5641025641025641	0	0	0	312	1
174	2000	1248	0.26121794871794873	0.7163461538461539	0	0	0.022435897435897436	1248	1
174	5000	7821	0.24165707710011508	0.7126965861143076	0.003963687507991306	0.02710650811916635	0.01457614115841964	7821	1
174	10000	31282	0.30647017454126974	0.6617543635317434	9.909852311233297e-4	0.02714020842657119	0.0036442682692922447	31282	1
175	500	78	0	1	0	0	0	78	1
175	1000	312	0.028846153846153848	0.8942307692307693	0	0.07692307692307693	0	312	1
175	2000	1249	0.40272217774219377	0.5324259407526021	0	0.06485188150520416	0	1249	1
175	5000	7823	0.6351783203374665	0.33593250671098046	0.0046018151604243895	0.024287357791128724	0	7823	1
175	10000	31256	0.5676030202201178	0.39374840030714103	0.00886229843869977	0.028922446890197084	8.638341438443819e-4	31256	1
176	500	78	0	0.9743589743589743	0	0	0.02564102564102564	78	1
176	1000	311	0.022508038585209004	0.8778135048231511	0	0.006430868167202572	0.0932475884244373	311	1
176	2000	1254	0.07655502392344497	0.8700159489633174	0	0.025518341307814992	0.027910685805422646	1254	1
176	5000	7125	0.19242105263157894	0.7456842105263158	0	0.043789473684210524	0.018105263157894735	7808	0.9125256147540983
176	10000	22127	0.3042436841867402	0.6256609572016089	0.004700140100329914	0.058796944908934785	0.006598273602386225	31271	0.7075885005276454
177	500	78	0.10256410256410256	0.8076923076923077	0	0.08974358974358974	0	78	1
177	1000	310	0.25806451612903225	0.6774193548387096	0	0.06451612903225806	0	310	1
177	2000	1253	0.11173184357541899	0.6855546687948922	0.07581803671189145	0.026336791699920193	0.1005586592178771	1253	1
177	5000	7820	0.10626598465473146	0.4863171355498721	0.28350383631713555	0.011253196930946292	0.11265984654731458	7820	1
177	10000	31036	0.18033896120634102	0.4629784766078103	0.1506637453280062	0.006347467457146539	0.19967134940069597	31265	0.9926755157524388
178	500	78	0	1	0	0	0	78	1
178	1000	316	0.07278481012658228	0.7943037974683544	0	0.015822784810126583	0.11708860759493671	316	1
178	2000	1252	0.02476038338658147	0.6589456869009584	0.001597444089456869	0.09664536741214058	0.21805111821086262	1252	1
178	5000	7831	0.017366875239433022	0.5451411058613204	0.02656110330736815	0.07866172902566722	0.33226918656621124	7831	1
178	10000	31317	0.06852508222371236	0.5534054986109781	0.040042149631190724	0.09898777022064693	0.2390394993134719	31317	1
179	500	79	0	0.8227848101265823	0	0.17721518987341772	0	79	1
179	1000	315	0	0.8888888888888888	0	0.1111111111111111	0	315	1
179	2000	1257	0.007955449482895784	0.960222752585521	0	0.031821797931583136	0	1257	1
179	5000	7838	0.250701709619801	0.7066853789231947	0.002041337075784639	0.02373054350599643	0.016841030875223272	7838	1
179	10000	31322	0.2805695677159824	0.5803588532022221	0.06308664836217355	0.025541153183066215	0.050443777536555774	31322	1
180	500	77	0.2857142857142857	0.5974025974025974	0	0	0.11688311688311688	77	1
180	1000	312	0.4583333333333333	0.25961538461538464	0	0	0.28205128205128205	312	1
180	2000	1249	0.4187349879903923	0.1265012009607686	0	0	0.45476381104883906	1249	1
180	5000	7826	0.4872220802453361	0.19869665218502428	0.004727830309225658	0.036544850498338874	0.27280858676207514	7826	1
180	10000	31308	0.42749457007793534	0.14887568672543758	0.008528171713300114	0.025360930113708956	0.389740641369618	31308	1
182	500	79	0	0.7974683544303798	0	0.012658227848101266	0.189873417721519	79	1
182	1000	315	0	0.6031746031746031	0	0.11428571428571428	0.28253968253968254	315	1
182	2000	1254	0.07416267942583732	0.2862838915470494	0.0430622009569378	0.32854864433811803	0.2679425837320574	1254	1
182	5000	7835	0.41340140395660496	0.10465858328015316	0.02578174856413529	0.3868538608806637	0.06930440331844288	7835	1
182	10000	31299	0.5689638646602128	0.16032461100993642	0.05524138151378638	0.1639030000958497	0.051567142720214704	31299	1
183	500	79	0	0.1518987341772152	0	0.5189873417721519	0.3291139240506329	79	1
183	1000	317	0	0.10410094637223975	0	0.5930599369085173	0.3028391167192429	317	1
183	2000	1255	0.0031872509960159364	0.21274900398406374	0	0.5944223107569722	0.18964143426294822	1255	1
183	5000	7827	0.3517311869170819	0.13900600485498915	0.03053532643413824	0.3850772965376262	0.09365018525616456	7827	1
183	10000	31319	0.5132028481113701	0.2081484083144417	0.055078386921676936	0.17203614419362048	0.05153421245889077	31319	1
184	500	78	0	0.6410256410256411	0.1282051282051282	0.23076923076923078	0	78	1
184	1000	312	0.060897435897435896	0.7147435897435898	0.07692307692307693	0.14743589743589744	0	312	1
184	2000	1255	0.2725099601593626	0.5450199203187251	0.04302788844621514	0.13306772908366535	0.006374501992031873	1255	1
184	5000	7833	0.2442231584322737	0.2557130090642155	0.05578960806842844	0.2924805310864292	0.15179369334865314	7833	1
184	10000	31327	0.4469626839467552	0.27046956299677594	0.055032400165991	0.17601430076292016	0.0515210521275577	31327	1
185	500	67	0	0	0.1044776119402985	0.8955223880597015	0	80	0.8375
185	1000	216	0	0.08333333333333333	0.3148148148148148	0.6018518518518519	0	313	0.6900958466453674
185	2000	782	0.10485933503836317	0.19309462915601022	0.37468030690537085	0.3273657289002558	0	1252	0.6246006389776357
185	5000	4660	0.17703862660944206	0.40171673819742487	0.31008583690987124	0.1111587982832618	0	7816	0.5962128966223132
185	10000	17710	0.24483342744212308	0.5368718238283455	0.12444946357989836	0.06674195369847544	0.02710333145115754	31290	0.5659955257270693
186	500	78	0.2948717948717949	0.7051282051282052	0	0	0	78	1
186	1000	316	0.34177215189873417	0.6455696202531646	0	0	0.012658227848101266	316	1
186	2000	1251	0.23341326938449242	0.6410871302957634	0	0.03597122302158273	0.08952837729816147	1251	1
186	5000	7828	0.3513030148185999	0.5397291773122126	0	0.02210015329586101	0.08686765457332651	7828	1
186	10000	31313	0.305559991058027	0.5697314214543481	0.004311308402261042	0.019129435058921215	0.10126784402644269	31313	1
188	500	79	0.12658227848101267	0	0.25316455696202533	0.620253164556962	0	79	1
188	1000	313	0.3961661341853035	0	0.4249201277955272	0.17891373801916932	0	313	1
188	2000	1253	0.5323224261771747	0.013567438148443736	0.40861931364724663	0.04549082202713488	0	1253	1
188	5000	7828	0.7896014307613695	0.053270311701584055	0.13988247317322433	0.017245784363822177	0	7828	1
188	10000	31306	0.8800229987861752	0.04778636683063949	0.0509167571711493	0.02127387721203603	0	31306	1
190	500	52	0.09615384615384616	0	0.9038461538461539	0	0	80	0.65
190	1000	185	0.372972972972973	0	0.6270270270270271	0	0	315	0.5873015873015873
190	2000	707	0.5643564356435643	0	0.371994342291372	0.06364922206506365	0	1253	0.5642458100558659
190	5000	4150	0.8701204819277109	0	0.09614457831325302	0.033734939759036145	0	7832	0.5298774259448417
190	10000	16558	0.9389419011957966	0	0.045053750452953255	0.016004348351250152	0	31306	0.5289081965118507
191	500	79	0	1	0	0	0	79	1
191	1000	312	0.01282051282051282	0.9871794871794872	0	0	0	312	1
191	2000	1252	0.023961661341853034	0.8993610223642172	0	0.005591054313099041	0.07108626198083066	1252	1
191	5000	7836	0.00408371618172537	0.7471924451250638	0	0.014165390505359877	0.23455844818785093	7836	1
191	10000	31310	0.03356755030341744	0.84797189396359	0.0032577451293516447	0.015777706802938357	0.09942510380070266	31310	1
192	500	78	0.358974358974359	0.358974358974359	0	0.02564102564102564	0.2564102564102564	78	1
192	1000	314	0.15605095541401273	0.410828025477707	0	0.09872611464968153	0.3343949044585987	314	1
192	2000	1251	0.18465227817745802	0.46842525979216626	0	0.07274180655475619	0.2741806554756195	1251	1
192	5000	7836	0.10796324655436447	0.6827462991322103	0	0.08078101071975498	0.12850944359367025	7836	1
192	10000	31308	0.06327456241216303	0.7842085090072825	0.00865593458540948	0.06384949533665517	0.08001149865848985	31308	1
193	500	80	0	0.4625	0.425	0	0.1125	80	1
193	1000	315	0.06031746031746032	0.4095238095238095	0.24126984126984127	0	0.28888888888888886	315	1
193	2000	1257	0.12569610182975338	0.3436754176610978	0.13842482100238662	0.014319809069212411	0.37788385043754974	1257	1
193	5000	7836	0.1332312404287902	0.32924961715160794	0.17496171516079634	0.014675855028075549	0.34788157223072996	7836	1
193	10000	31308	0.19608406796984795	0.3712469656317874	0.12476044461479494	0.011498658489842852	0.2964098632937268	31308	1
198	500	80	0	0.9	0	0.1	0	80	1
198	1000	315	0.0380952380952381	0.8571428571428571	0	0.10476190476190476	0	315	1
198	2000	1255	0.05338645418326693	0.899601593625498	0	0.04701195219123506	0	1255	1
198	5000	7834	0.11462854225172325	0.8369925963747766	0	0.04263466938983916	0.005744191983660965	7834	1
198	10000	31326	0.11357977398965716	0.6262848751835536	0.0046925876268914	0.039360275809231945	0.2160824873906659	31326	1
199	500	79	0.13924050632911392	0.3924050632911392	0	0	0.46835443037974683	79	1
199	1000	315	0.15873015873015872	0.4507936507936508	0	0	0.3904761904761905	315	1
199	2000	1254	0.14433811802232854	0.6164274322169059	0	0.029505582137161084	0.20972886762360446	1254	1
199	5000	7832	0.2553626149131767	0.5372829417773238	0	0.05451991828396323	0.15283452502553627	7832	1
199	10000	31334	0.18232590795940512	0.6190400204250973	0.007467926214335866	0.03724388842790579	0.1539222569732559	31334	1
200	500	80	0.35	0.65	0	0	0	80	1
200	1000	315	0.4222222222222222	0.5777777777777777	0	0	0	315	1
200	2000	1256	0.4410828025477707	0.5589171974522293	0	0	0	1256	1
200	5000	7815	0.3598208573256558	0.5988483685220729	0.021880998080614205	0.01944977607165707	0	7827	0.9984668455346877
200	10000	27608	0.36112720950449145	0.5909518980005796	0.010938858301941466	0.03466386554621849	0.0023181686467690526	31292	0.8822702288124761
201	500	79	0	0.25316455696202533	0.7468354430379747	0	0	79	1
201	1000	315	0	0.5047619047619047	0.47619047619047616	0.01904761904761905	0	315	1
201	2000	1254	0.06220095693779904	0.6403508771929824	0.24481658692185007	0.05263157894736842	0	1254	1
201	5000	7833	0.11055789608068428	0.6844121026426656	0.15651729860845143	0.025660666411336654	0.022852036256861993	7833	1
201	10000	31294	0.11270531092222151	0.6962676551415606	0.0821563238959545	0.029941841886623632	0.07892886815363967	31294	1
202	500	79	0	0.45569620253164556	0.43037974683544306	0.11392405063291139	0	79	1
202	1000	316	0.1550632911392405	0.5949367088607594	0.13291139240506328	0.11708860759493671	0	316	1
202	2000	1251	0.40207833733013587	0.4172661870503597	0.07993605115907274	0.10071942446043165	0	1251	1
202	5000	7825	0.509776357827476	0.3588498402555911	0.07220447284345048	0.05878594249201278	3.8338658146964857e-4	7825	1
202	10000	31318	0.49543393575579536	0.30579858228494794	0.08442429273899994	0.08068842199374161	0.0336547672265151	31318	1
203	500	81	0	0.9876543209876543	0.012345679012345678	0	0	81	1
203	1000	316	0.04430379746835443	0.9082278481012658	0.04746835443037975	0	0	316	1
203	2000	1135	0.14625550660792952	0.8123348017621146	0.04140969162995595	0	0	1255	0.9043824701195219
203	5000	6572	0.3015824710894705	0.6345100426049909	0.032866707242848445	0.005173463177115033	0.025867315885575167	7824	0.8399795501022495
203	10000	22805	0.2560403420302565	0.6228020171015128	0.07853540890155668	0.016092962069721554	0.026529269896952423	31302	0.728547696632803
205	500	74	0.527027027027027	0	0.47297297297297297	0	0	74	1
205	1000	311	0.6077170418006431	0.012861736334405145	0.37942122186495175	0	0	311	1
205	2000	1246	0.5890850722311396	0.07142857142857142	0.29775280898876405	0	0.04173354735152488	1246	1
205	5000	7822	0.747379186908719	0.021222193812324215	0.05152135003835336	0	0.17987726924060343	7822	1
205	10000	31292	0.6260705611657932	0.03144573692956666	0.014125015978524863	0.00760577783459031	0.320752908091525	31292	1
206	500	79	0	1	0	0	0	79	1
206	1000	312	0	1	0	0	0	312	1
206	2000	1252	0.09584664536741214	0.8730031948881789	0	0.019968051118210862	0.011182108626198083	1252	1
206	5000	7838	0.10602194437356469	0.7896146976269457	0.008165348303138555	0.06072977800459301	0.0354682316917581	7838	1
206	10000	31301	0.23219705440720745	0.6661767994632759	0.012331874381010192	0.06405546148685345	0.02523881026165298	31301	1
207	500	80	0.5875	0.4125	0	0	0	80	1
207	1000	315	0.2920634920634921	0.707936507936508	0	0	0	315	1
207	2000	1253	0.10135674381484437	0.8571428571428571	0	0.035115722266560255	0.006384676775738229	1253	1
207	5000	7831	0.14417060400970502	0.7550759800791725	0.008172647171497892	0.051206742433916486	0.041374026305708085	7831	1
207	10000	31316	0.23240516030144334	0.6294545919019032	0.014561246647081364	0.06728190062587815	0.05629710052369396	31316	1
210	500	79	0.379746835443038	0.620253164556962	0	0	0	79	1
210	1000	308	0.4155844155844156	0.40584415584415584	0	0.17857142857142858	0	312	0.9871794871794872
210	2000	1190	0.3739495798319328	0.5722689075630252	0	0.05378151260504202	0	1252	0.950479233226837
210	5000	7569	0.26053639846743293	0.6933544721891928	0	0.03791782269784648	0.00819130664552781	7817	0.9682742740181656
210	10000	27196	0.24544050595675834	0.6894028533607883	4.780114722753346e-4	0.024635975878805706	0.04004265333137226	31312	0.8685487991824221
212	500	80	0	0.85	0	0.15	0	80	1
212	1000	316	0.18037974683544303	0.7151898734177216	0	0.10443037974683544	0	316	1
212	2000	1254	0.2838915470494418	0.4513556618819777	0	0.25199362041467305	0.012759170653907496	1254	1
212	5000	6299	0.36227972694078425	0.2898872836958247	0	0.33926020003175106	0.008572789331639942	7823	0.8051898248753675
213	500	77	0.2077922077922078	0.5844155844155844	0	0.2077922077922078	0	77	1
213	1000	308	0.21428571428571427	0.474025974025974	0	0.3116883116883117	0	308	1
213	2000	1248	0.4182692307692308	0.4078525641025641	0	0.17387820512820512	0	1248	1
213	5000	7820	0.6187979539641943	0.2615089514066496	0.028516624040920716	0.07966751918158568	0.011508951406649617	7820	1
213	10000	31298	0.6489232538820372	0.19688158987794746	0.037095022046137134	0.0909003770208959	0.0261997571729823	31298	1
214	500	77	0.2857142857142857	0.7142857142857143	0	0	0	77	1
214	1000	312	0.3814102564102564	0.6185897435897436	0	0	0	312	1
214	2000	1251	0.2565947242206235	0.627498001598721	0.11590727418065548	0	0	1251	1
214	5000	7823	0.2963057650517704	0.5546465550300397	0.11172184583919213	0.01572286846478333	0.021602965614214497	7823	1
214	10000	31294	0.3572569821691059	0.5053364862273918	0.05608103789863872	0.02003578960823161	0.06128970409663194	31294	1
215	500	78	0	1	0	0	0	78	1
215	1000	316	0	1	0	0	0	316	1
215	2000	1254	0.03588516746411483	0.9370015948963317	0.0055821371610845294	0.0215311004784689	0	1254	1
215	5000	7827	0.20442059537498403	0.7062731570205698	0.0493164686342149	0.011754184234061582	0.02823559473616967	7827	1
215	10000	31320	0.3109833971902937	0.5522030651340997	0.041379310344827586	0.024457215836526183	0.07097701149425287	31320	1
216	500	79	0	0	1	0	0	79	1
216	1000	313	0	0	0.9968051118210862	0.003194888178913738	0	313	1
216	2000	1255	0.030278884462151396	0.01593625498007968	0.8637450199203187	0.07649402390438247	0.013545816733067729	1255	1
216	5000	7819	0.1648548407724773	0.21524491622969688	0.46527688962782965	0.05525003197339813	0.09937332139659803	7819	1
216	10000	31326	0.36401072591457573	0.352390985124178	0.17656259975739003	0.030038945285066718	0.07699674391878951	31326	1
217	500	79	0.5189873417721519	0.4810126582278481	0	0	0	79	1
217	1000	317	0.4353312302839117	0.5646687697160884	0	0	0	317	1
217	2000	1255	0.2892430278884462	0.7107569721115538	0	0	0	1255	1
217	5000	7834	0.12420219555782487	0.7752106203727342	0	0.031146285422517232	0.06944089864692367	7834	1
217	10000	31310	0.1264771638454168	0.6784733312040881	0.008559565633982753	0.035483870967741936	0.15100606834877037	31310	1
218	500	79	0.13924050632911392	0	0.46835443037974683	0	0.3924050632911392	79	1
218	1000	316	0.12341772151898735	0.056962025316455694	0.3449367088607595	0	0.47468354430379744	316	1
218	2000	1250	0.1768	0.1088	0.3176	0.0104	0.3864	1250	1
218	5000	7826	0.37682085356503964	0.25721952466138515	0.1043956043956044	0.004472271914132379	0.2570917454638385	7826	1
218	10000	31291	0.27324150714262885	0.2467802243456585	0.09210316065322297	0.003930842734332556	0.3839442651241571	31291	1
219	500	79	0.9493670886075949	0.05063291139240506	0	0	0	79	1
219	1000	315	0.7968253968253968	0.12698412698412698	0	0.0761904761904762	0	315	1
219	2000	1255	0.7099601593625497	0.22231075697211156	0	0.06772908366533864	0	1255	1
219	5000	7293	0.5955025366790073	0.2767036884683943	0.003290826820238585	0.1245029480323598	0	7826	0.9318936877076412
219	10000	23059	0.6285181490957977	0.2584240426731428	0.022854416930482676	0.09020339130057678	0	31301	0.7366857288904508
221	500	79	0	0.6835443037974683	0.31645569620253167	0	0	79	1
221	1000	314	0	0.7834394904458599	0.21019108280254778	0	0.006369426751592357	314	1
221	2000	1254	0.06539074960127592	0.8118022328548644	0.0645933014354067	0	0.058213716108452954	1254	1
221	5000	7824	0.08537832310838446	0.7502556237218814	0.022367075664621677	0.007413087934560327	0.13458588957055215	7824	1
221	10000	31283	0.08698014896269539	0.6985583224115334	0.021289518268708243	0.013585653549851357	0.17958635680721158	31283	1
222	500	77	0	0.8571428571428571	0	0.14285714285714285	0	77	1
222	1000	309	0.0970873786407767	0.7831715210355987	0	0.11974110032362459	0	309	1
222	2000	1249	0.1689351481184948	0.7421937550040032	0	0.029623698959167333	0.059247397918334666	1249	1
222	5000	7810	0.08028169014084507	0.6752880921895006	0.010243277848911651	0.024455825864276567	0.20973111395646607	7810	1
222	10000	31305	0.09726880689985626	0.5988180801788852	0.004504072831816004	0.021849544801149975	0.2775594952882926	31305	1
224	500	79	0.7721518987341772	0.20253164556962025	0.02531645569620253	0	0	79	1
224	1000	313	0.5942492012779552	0.25559105431309903	0.07667731629392971	0.07348242811501597	0	313	1
224	2000	1249	0.44275420336269017	0.3010408326661329	0.18494795836669337	0.07125700560448359	0	1249	1
224	5000	7828	0.39563106796116504	0.43472151251916197	0.0984925907000511	0.07064384261624936	5.10986203372509e-4	7828	1
224	10000	31313	0.40235684859323606	0.4128317312298406	0.03512917957397886	0.07096094273943729	0.07872129786350716	31313	1
225	500	79	0	0.8987341772151899	0	0.10126582278481013	0	79	1
225	1000	316	0.012658227848101266	0.7563291139240507	0	0.2310126582278481	0	316	1
225	2000	1250	0.2832	0.616	0	0.1008	0	1250	1
225	5000	7827	0.3623355053021592	0.5946084067969848	0.008304586687108727	0.03411268685320046	6.388143605468251e-4	7827	1
225	10000	26323	0.40151198571591384	0.4845952209094708	0.05113398928693538	0.042662310526915624	0.02009649356076435	31281	0.8415012307790671
227	500	80	0.05	0	0.85	0.1	0	80	1
227	1000	315	0.3047619047619048	0	0.6	0.09523809523809523	0	315	1
227	2000	1006	0.6928429423459245	0	0.27435387673956263	0.032803180914512925	0	1256	0.8009554140127388
227	5000	4678	0.7524583155194527	0.005771697306541257	0.17849508336896108	0.06327490380504489	0	7831	0.5973694291916741
227	10000	18538	0.7437156111770418	0.005502211673319667	0.2256446218578056	0.02513755529183299	0	31313	0.5920224826749273
232	500	77	0.6623376623376623	0.33766233766233766	0	0	0	77	1
232	1000	311	0.5048231511254019	0.4662379421221865	0	0.028938906752411574	0	311	1
232	2000	1252	0.38099041533546324	0.5455271565495208	0.03274760383386582	0.04073482428115016	0	1252	1
232	5000	7816	0.4321903787103378	0.4985926305015353	0.019959058341862845	0.04426816786079836	0.004989764585465711	7816	1
232	10000	29893	0.621784364232429	0.28418024286622284	0.028702371792727395	0.06312514635533402	0.002207874753286723	31281	0.955628017007129
234	500	78	0.3717948717948718	0.2564102564102564	0.3717948717948718	0	0	78	1
234	1000	315	0.42857142857142855	0.3238095238095238	0.24761904761904763	0	0	315	1
234	2000	1251	0.2414068745003997	0.5243804956035172	0.20623501199040767	0.027977617905675458	0	1251	1
234	5000	7835	0.46075303126994255	0.3668155711550734	0.1229100191448628	0.026675175494575622	0.02284620293554563	7835	1
234	10000	31289	0.4287449263319377	0.4862092109047908	0.04298635303141679	0.01316756687653808	0.028891942855316564	31289	1
235	500	78	0.3974358974358974	0.5641025641025641	0	0.038461538461538464	0	78	1
235	1000	310	0.35161290322580646	0.45161290322580644	0	0.12580645161290321	0.07096774193548387	310	1
235	2000	1249	0.3058446757405925	0.4755804643714972	0	0.1345076060848679	0.08406725380304243	1249	1
235	5000	7819	0.34595216779639343	0.5643944238393657	0.02557871850620284	0.02890395191200921	0.0351707379460289	7819	1
235	10000	31288	0.35866785988238303	0.5646893377652774	0.031353873689593456	0.02943620557402199	0.01585272308872411	31288	1
236	500	79	0	0.4050632911392405	0	0	0.5949367088607594	79	1
236	1000	313	0.01597444089456869	0.3738019169329074	0.0670926517571885	0	0.5431309904153354	313	1
236	2000	1252	0.08226837060702875	0.4217252396166134	0.035942492012779555	0.005591054313099041	0.4544728434504792	1252	1
236	5000	7825	0.1731629392971246	0.3579552715654952	0.03258785942492013	0.022619808306709264	0.41367412140575077	7825	1
236	10000	31316	0.18591135521778004	0.24073955805339123	0.0761910844296845	0.014369651296461873	0.48278835100268236	31316	1
239	500	79	0.35443037974683544	0.379746835443038	0.26582278481012656	0	0	79	1
239	1000	316	0.3639240506329114	0.4873417721518987	0.14873417721518986	0	0	316	1
239	2000	1259	0.5178713264495631	0.3494837172359015	0.08895949166004766	0.043685464654487687	0	1259	1
239	5000	7828	0.5581246806336229	0.2666070516096065	0.05505876341338784	0.10947879407256005	0.010730710270822688	7828	1
239	10000	31322	0.47998212119277184	0.32370219015388546	0.06168188493710491	0.10037673200945023	0.03425707170678756	31322	1
240	500	74	0.22972972972972974	0.7702702702702703	0	0	0	74	1
240	1000	312	0.4358974358974359	0.5224358974358975	0	0.041666666666666664	0	312	1
240	2000	1247	0.40096230954290296	0.5212510024057738	0.024859663191659984	0.05292702485966319	0	1247	1
240	5000	7818	0.3773343566129445	0.554489639293937	0.02430289076490151	0.03837298541826554	0.005500127909951394	7818	1
240	10000	31285	0.38203611954610833	0.5205689627617069	0.01019657983058974	0.04797826434393479	0.03922007351766022	31285	1
241	500	77	0	0	0.8961038961038961	0.1038961038961039	0	80	0.9625
241	1000	201	0	0	0.8208955223880597	0.13432835820895522	0.04477611940298507	316	0.6360759493670886
242	500	79	0.6455696202531646	0.012658227848101266	0.34177215189873417	0	0	79	1
242	1000	315	0.6063492063492063	0.24761904761904763	0.08888888888888889	0.05714285714285714	0	315	1
242	2000	1250	0.2368	0.5704	0.0224	0.1648	0.0056	1250	1
242	5000	7830	0.12950191570881225	0.7573435504469987	0.017752234993614304	0.08403575989782887	0.01136653895274585	7830	1
242	10000	31317	0.23568668774148227	0.5749912188268352	0.057285180572851806	0.07206948302838714	0.05996742983044353	31317	1
243	500	78	0.41025641025641024	0.5769230769230769	0.01282051282051282	0	0	78	1
243	1000	316	0.41139240506329117	0.3829113924050633	0.1360759493670886	0.06962025316455696	0	316	1
243	2000	1254	0.5287081339712919	0.3652312599681021	0.06698564593301436	0.03907496012759171	0	1254	1
243	5000	7829	0.45765742751309235	0.4874185719759867	0.014433516413335037	0.0404904840975859	0	7829	1
243	10000	31322	0.45373858629717134	0.4188429857608071	0.05468999425324053	0.033043866930591914	0.039684566758189134	31322	1
244	500	79	0.7721518987341772	0.17721518987341772	0	0.05063291139240506	0	79	1
244	1000	314	0.30254777070063693	0.554140127388535	0	0.14331210191082802	0	314	1
244	2000	1254	0.11084529505582137	0.7065390749601276	0	0.06220095693779904	0.12041467304625199	1254	1
244	5000	7830	0.12796934865900383	0.6793103448275862	0.0035759897828863347	0.05325670498084291	0.13588761174968073	7830	1
244	10000	31303	0.09826534198000192	0.7249145449317956	0.008785100469603553	0.058269175478388655	0.10976583714021021	31303	1
246	500	78	0	0.717948717948718	0	0	0.28205128205128205	78	1
246	1000	312	0	0.7051282051282052	0	0.009615384615384616	0.28525641025641024	312	1
246	2000	1252	0.004792332268370607	0.7244408945686901	0	0.04952076677316294	0.22124600638977635	1252	1
246	5000	7825	0.0039616613418530355	0.7500319488817891	0	0.07578274760383387	0.17022364217252395	7825	1
246	10000	31323	0.03712926603454331	0.7332630974044632	0.008683714842128787	0.06461705456054656	0.15630686715831818	31323	1
247	500	77	0	0.6363636363636364	0	0	0.36363636363636365	77	1
247	1000	311	0	0.6913183279742765	0	0.00964630225080386	0.2990353697749196	311	1
247	2000	1252	0.003194888178913738	0.7220447284345048	0	0.04792332268370607	0.2268370607028754	1252	1
247	5000	7824	0.003962167689161554	0.7502556237218814	0	0.0761758691206544	0.16960633946830267	7824	1
247	10000	31307	0.03730795029865525	0.7333184271888076	0.008656211071006484	0.06538473823745489	0.15533267320407576	31307	1
248	500	78	0	0.20512820512820512	0	0	0.7948717948717948	78	1
248	1000	312	0	0.5897435897435898	0	0	0.41025641025641024	312	1
248	2000	1253	0	0.6911412609736632	0	0.03671189146049481	0.27214684756584195	1253	1
248	5000	7830	0.00421455938697318	0.7491698595146871	0	0.07918263090676884	0.1674329501915709	7830	1
248	10000	31298	0.03735062943319062	0.735254648859352	0.008403092849383348	0.07179372483864783	0.14719790401942617	31298	1
249	500	78	0.5512820512820513	0.3333333333333333	0	0.0641025641025641	0.05128205128205128	78	1
249	1000	311	0.18971061093247588	0.5755627009646302	0	0.0932475884244373	0.1414790996784566	311	1
249	2000	1248	0.04807692307692308	0.59375	0	0.26121794871794873	0.09695512820512821	1248	1
249	5000	7821	0.0698120444955888	0.6997826364914973	0	0.13847334100498657	0.09193197800792738	7821	1
249	10000	31297	0.09282039812122568	0.6826532894526632	0.025721315142026392	0.08505607566220405	0.11374892162188069	31297	1
250	500	79	0.189873417721519	0.6582278481012658	0	0.1518987341772152	0	79	1
250	1000	312	0.1794871794871795	0.5544871794871795	0	0.21794871794871795	0.04807692307692308	312	1
250	2000	1252	0.05750798722044728	0.6413738019169329	0	0.2012779552715655	0.09984025559105432	1252	1
250	5000	7817	0.07330177817577076	0.6929768453370858	0	0.14212613534604068	0.09159524114110272	7817	1
250	10000	31319	0.09425588301031324	0.6791723873686899	0.025703247230115904	0.08569877710016284	0.1151697052907181	31319	1
251	500	77	0.4805194805194805	0.5194805194805194	0	0	0	77	1
251	1000	310	0.49032258064516127	0.5032258064516129	0	0.0064516129032258064	0	310	1
251	2000	1251	0.49640287769784175	0.3828936850519584	0.07034372501998401	0.050359712230215826	0	1251	1
251	5000	7824	0.6528629856850716	0.2623977505112474	0.05521472392638037	0.026840490797546013	0.0026840490797546013	7824	1
251	10000	31296	0.5396216768916156	0.3123721881390593	0.05099693251533742	0.07857234151329244	0.018436860940695295	31296	1
252	500	79	0.43037974683544306	0.16455696202531644	0	0	0.4050632911392405	79	1
252	1000	317	0.20189274447949526	0.39747634069400634	0	0	0.40063091482649843	317	1
252	2000	1256	0.07961783439490445	0.6719745222929936	0	0.006369426751592357	0.24203821656050956	1256	1
252	5000	7834	0.04148583099310697	0.8187388307378095	0.007658922644881287	0.047230022976767934	0.08488639264743426	7834	1
252	10000	31325	0.01937749401436552	0.8072146847565842	0.0025857940941739826	0.03454110135674381	0.13628092577813247	31325	1
253	500	79	0	0.379746835443038	0	0	0.620253164556962	79	1
253	1000	312	0.041666666666666664	0.20192307692307693	0	0	0.7564102564102564	312	1
253	2000	1251	0.19424460431654678	0.3405275779376499	0	0	0.46522781774580335	1251	1
253	5000	7823	0.19059184456091013	0.6208615620605906	0.00766969193404065	0.04525118241083983	0.1356257190336188	7823	1
253	10000	31294	0.17057582923244072	0.6544385505208666	0.021313989902217678	0.07317696683070238	0.0804946635137726	31294	1
254	500	78	0.7051282051282052	0.11538461538461539	0	0.11538461538461539	0.0641025641025641	78	1
254	1000	312	0.3269230769230769	0.28525641025641024	0	0.09935897435897435	0.28846153846153844	312	1
254	2000	1249	0.46277021617293834	0.0976781425140112	0	0.04803843074459568	0.3915132105684548	1249	1
254	5000	7822	0.4442597801073894	0.22296087957044233	0.052032728202505756	0.025057530043467145	0.25568908207619534	7822	1
254	10000	31291	0.2927678885302483	0.1937937426096961	0.09251861557636382	0.007733853184621776	0.41318590009907	31291	1
255	500	78	0.48717948717948717	0.5128205128205128	0	0	0	78	1
255	1000	313	0.38977635782747605	0.5335463258785943	0	0	0.07667731629392971	313	1
255	2000	1259	0.3598093725178713	0.47021445591739475	0	0	0.1699761715647339	1259	1
255	5000	7830	0.3052362707535121	0.4011494252873563	0.005236270753512133	0.03090676883780332	0.2574712643678161	7830	1
255	10000	31313	0.18640820106664963	0.4373902213138313	0.004023887842110305	0.04672180883339188	0.32545588094401684	31313	1
256	500	78	0	0	1	0	0	78	1
256	1000	316	0	0	1	0	0	316	1
256	2000	1253	0	0	1	0	0	1253	1
256	5000	7806	0	0.021393799641301562	0.890981296438637	0	0.08762490392006149	7823	0.9978269206186885
256	10000	30197	0.022286982150544758	0.21767062953273503	0.6438056760605358	0.006888101467033149	0.10934861078915124	31303	0.964667923202249
258	500	79	0.16455696202531644	0.8354430379746836	0	0	0	79	1
258	1000	314	0.3089171974522293	0.6910828025477707	0	0	0	314	1
258	2000	1253	0.40782122905027934	0.509976057462091	0.034317637669592976	0.02314445331205108	0.024740622505985636	1253	1
258	5000	7820	0.31611253196930944	0.6369565217391304	0.029539641943734016	0.012915601023017902	0.004475703324808184	7820	1
258	10000	31315	0.2030336899249561	0.6506147213795306	0.008430464633562191	0.020756825802331152	0.11716429825961999	31315	1
260	500	78	0	0	0.6410256410256411	0	0.358974358974359	78	1
260	1000	314	0	0	0.6337579617834395	0	0.3662420382165605	314	1
260	2000	1255	0	0	0.7792828685258965	0	0.22071713147410357	1255	1
260	5000	7784	0.0017985611510791368	0.012718396711202467	0.8414696813977389	0	0.14401336073997945	7829	0.9942521394814152
260	10000	29403	0.036152773526510903	0.11597456041900486	0.7506036798966091	0.014114206033397952	0.08315478012447709	31280	0.9399936061381075
261	500	79	0.6708860759493671	0	0	0	0.3291139240506329	79	1
261	1000	314	0.44904458598726116	0.2643312101910828	0	0	0.28662420382165604	314	1
261	2000	1257	0.24105011933174225	0.5640413683373111	0	0.027048528241845664	0.16785998408910102	1257	1
261	5000	7831	0.15144936789682034	0.6664538373132423	0.012386668369301494	0.061039458562124886	0.10867066785851105	7831	1
261	10000	31307	0.1495192768390456	0.6568499057718721	0.01539591784584917	0.07784201616251957	0.10039288338071357	31307	1
262	500	79	0.7974683544303798	0.20253164556962025	0	0	0	79	1
262	1000	313	0.670926517571885	0.2971246006389776	0.003194888178913738	0.02875399361022364	0	313	1
262	2000	1250	0.5016	0.3288	0.084	0.0856	0	1250	1
262	5000	7830	0.5464878671775224	0.28812260536398465	0.06219667943805875	0.06066411238825032	0.04252873563218391	7830	1
262	10000	31300	0.6085942492012779	0.2426517571884984	0.05667731629392971	0.057731629392971245	0.034345047923322686	31300	1
263	500	63	0	0	0.3492063492063492	0.6507936507936508	0	79	0.7974683544303798
263	1000	251	0.0199203187250996	0	0.6852589641434262	0.2948207171314741	0	316	0.7943037974683544
263	2000	975	0.12102564102564102	0	0.7589743589743589	0.12	0	1254	0.777511961722488
263	5000	5500	0.268	0	0.7070909090909091	0.02490909090909091	0	7833	0.7021575386186646
263	10000	21448	0.5028440880268557	0.003123834390152928	0.47668780305856023	0.017344274524431182	0	31286	0.6855462507191715
264	500	77	0.6493506493506493	0	0.35064935064935066	0	0	77	1
264	1000	311	0.662379421221865	0	0.3279742765273312	0.00964630225080386	0	311	1
264	2000	1046	0.4196940726577438	0	0.502868068833652	0.07743785850860421	0	1247	0.838813151563753
264	5000	5728	0.5109986033519553	0.011696927374301676	0.44937150837988826	0.027932960893854747	0	7816	0.7328556806550666
264	10000	22859	0.5550986482348309	0.002931011855286758	0.4206220744564504	0.02134826545343191	0	31298	0.7303661575819541
266	500	78	0.4358974358974359	0.38461538461538464	0.1794871794871795	0	0	78	1
266	1000	315	0.526984126984127	0.33015873015873015	0.14285714285714285	0	0	315	1
266	2000	1253	0.4389465283320032	0.4213886671987231	0.07901037509976057	0.060654429369513166	0	1253	1
266	5000	7815	0.3511196417146513	0.4253358925143954	0.09532949456174024	0.09980806142034548	0.028406909788867563	7833	0.9977020298736117
266	10000	25622	0.42697681679806415	0.26133791273124657	0.04656154866911248	0.1496760596362501	0.11544766216532668	31317	0.8181498866430373
267	500	78	0.2948717948717949	0.7051282051282052	0	0	0	78	1
267	1000	312	0.1955128205128205	0.8044871794871795	0	0	0	312	1
267	2000	1251	0.18225419664268586	0.7929656274980016	0	0.02478017585931255	0	1251	1
267	5000	7830	0.4850574712643678	0.48148148148148145	0.013793103448275862	0.01966794380587484	0	7830	1
267	10000	26632	0.4764944427756083	0.3203664764193451	0.04453289276058876	0.12331030339441273	0.03529588465004506	31292	0.8510801482807108
269	500	78	0.02564102564102564	0.28205128205128205	0.4230769230769231	0	0.2692307692307692	78	1
269	1000	314	0.10509554140127389	0.2961783439490446	0.30254777070063693	0.006369426751592357	0.2898089171974522	314	1
269	2000	1256	0.0875796178343949	0.4339171974522293	0.16719745222929935	0.030254777070063694	0.28105095541401276	1256	1
269	5000	7839	0.05574690649317515	0.49432325551728534	0.026916698558489605	0.050133945656333716	0.3728791937747162	7839	1
269	10000	31319	0.04128484306650915	0.43232542546058306	0.00884447140713305	0.06025096586736486	0.4572942941984099	31319	1
270	500	79	0.35443037974683544	0.27848101265822783	0	0	0.3670886075949367	79	1
270	1000	310	0.36129032258064514	0.33225806451612905	0	0	0.3064516129032258	310	1
270	2000	1246	0.3451043338683788	0.5240770465489567	0	0	0.13081861958266452	1246	1
270	5000	7800	0.3243589743589744	0.5974358974358974	0	0.018333333333333333	0.05987179487179487	7815	0.9980806142034548
270	10000	29413	0.30483119708972223	0.5893992452317003	0.032944616326114305	0.02842280624213783	0.04440213511032537	31278	0.9403734254108319
271	500	78	0.8333333333333334	0.16666666666666666	0	0	0	78	1
271	1000	311	0.7170418006430869	0.26688102893890675	0.01607717041800643	0	0	311	1
271	2000	1253	0.7398244213886672	0.22106943335993615	0.03910614525139665	0	0	1253	1
271	5000	7829	0.6841231319453315	0.21931281134244476	0.021714139736875717	0.060544130795759356	0.01430578617958871	7829	1
271	10000	31279	0.6466319255730681	0.2306659420058186	0.034464017391860356	0.06090348156910387	0.027334633460148982	31279	1
272	500	77	0.8051948051948052	0.19480519480519481	0	0	0	77	1
272	1000	311	0.6720257234726688	0.18006430868167203	0	0.14790996784565916	0	311	1
272	2000	1250	0.5896	0.1728	0	0.2296	0.008	1250	1
272	5000	7822	0.48465865507542827	0.3400664791613398	0.04346714395295321	0.09511633853234466	0.03669138327793403	7822	1
272	10000	31311	0.618344990578391	0.24247069719906741	0.042125770495991824	0.06505700871898056	0.03200153300756922	31311	1
274	500	77	0	0.9090909090909091	0	0.09090909090909091	0	77	1
274	1000	310	0	0.9258064516129032	0	0.07419354838709677	0	310	1
274	2000	1250	0.0032	0.9512	0	0.0456	0	1250	1
274	5000	7819	0.18672464509528072	0.783987722215117	0	0.02928763268960225	0	7819	1
274	10000	30073	0.24078076680078475	0.6699364878794932	0.011738103947062149	0.07082765271173477	0.006716988660925082	31262	0.9619666048237476
280	500	43	0.6046511627906976	0	0	0	0.3953488372093023	79	0.5443037974683544
280	1000	216	0.21296296296296297	0.25	0	0	0.5370370370370371	314	0.6878980891719745
280	2000	1049	0.21448999046711154	0.32983794089609153	0	0.00667302192564347	0.4489990467111535	1250	0.8392
280	5000	5491	0.20014569295210344	0.3494809688581315	0.01311236568930978	0.03769805135676561	0.3995629211436897	7823	0.7019046401636201
280	10000	17874	0.25248964977061655	0.3508448025064339	0.018910148819514378	0.04705158330535974	0.33070381559807543	31259	0.5718033206436546
283	500	79	0	0.08860759493670886	0.9113924050632911	0	0	79	1
283	1000	314	0.03503184713375796	0.2070063694267516	0.7579617834394905	0	0	314	1
283	2000	1254	0.2671451355661882	0.22807017543859648	0.5	0	0.004784688995215311	1254	1
283	5000	7831	0.2435193461882263	0.2980462265355638	0.16856084791214404	0.024645639126548335	0.26522794023751756	7831	1
283	10000	31296	0.3120207055214724	0.31515209611451944	0.044893916155419225	0.02882157464212679	0.29911170756646216	31296	1
284	500	77	0.4805194805194805	0.5194805194805194	0	0	0	77	1
284	1000	312	0.782051282051282	0.21794871794871795	0	0	0	312	1
284	2000	1250	0.8896	0.1104	0	0	0	1250	1
284	5000	7818	0.7688667178306472	0.14760808390892813	0.012407265285239192	0.022895881299565105	0.04822205167562036	7818	1
284	10000	31286	0.5532186920667391	0.31969571054145624	0.010451959342837052	0.022789746212363356	0.09384389183660423	31286	1
285	500	78	0.5384615384615384	0	0.46153846153846156	0	0	78	1
285	1000	314	0.44904458598726116	0.03184713375796178	0.43630573248407645	0	0.08280254777070063	314	1
285	2000	1256	0.267515923566879	0.05493630573248408	0.2890127388535032	0	0.3885350318471338	1256	1
285	5000	7840	0.2358418367346939	0.19553571428571428	0.14630102040816326	0.0034438775510204083	0.4188775510204082	7840	1
285	10000	31317	0.3221253632212536	0.23622952390075677	0.13133441900565188	0.011846600887696778	0.29846409298464094	31317	1
287	500	80	0.175	0.025	0.8	0	0	80	1
287	1000	316	0.310126582278481	0.27848101265822783	0.2689873417721519	0.14240506329113925	0	316	1
287	2000	1262	0.23137876386687797	0.4397781299524564	0.06735340729001585	0.26148969889064977	0	1262	1
287	5000	7830	0.2554278416347382	0.5462324393358876	0.01698595146871009	0.18135376756066413	0	7830	1
287	10000	27797	0.3800769867251862	0.45900636759362523	0.015073569090189589	0.1429650681728244	0.002878008418174623	31331	0.8872043662825955
288	500	78	0	0.6923076923076923	0	0.3076923076923077	0	78	1
288	1000	310	0	0.8129032258064516	0	0.12580645161290321	0.06129032258064516	310	1
288	2000	1251	0	0.9336530775379697	0	0.03117505995203837	0.035171862509992005	1251	1
288	5000	7827	0.12495208892295899	0.82407052510540435	0.0015331544653123803	0.011498658489842852	0.03794557301648141	7827	1
288	10000	31320	0.1465197956577267	0.6840996168582375	0.028927203065134098	0.015485312899106003	0.12496807151979565	31320	1
291	500	80	0.3625	0.6375	0	0	0	80	1
291	1000	315	0.15555555555555556	0.8444444444444444	0	0	0	315	1
291	2000	1255	0.08764940239043825	0.8318725099601594	0	0.024701195219123506	0.055776892430278883	1255	1
291	5000	7834	0.14934899157518508	0.6402859331120756	0.0016594332397242787	0.07709982129180495	0.1316058207812101	7834	1
291	10000	30471	0.28230120442387846	0.46769059105378885	0.058317744740901185	0.055035935807817266	0.13665452397361424	31322	0.9728305983015133
292	500	77	0.6103896103896104	0.025974025974025976	0	0.36363636363636365	0	77	1
292	1000	311	0.6752411575562701	0.12218649517684887	0.00964630225080386	0.19292604501607716	0	311	1
292	2000	1252	0.5694888178913738	0.21884984025559107	0.0694888178913738	0.0694888178913738	0.07268370607028754	1252	1
292	5000	7819	0.22394168052180585	0.576672208722343	0.013300933623225476	0.019056145287121115	0.16702903184550455	7819	1
292	10000	31315	0.2109851508861568	0.5936771515248284	0.02212996966310075	0.04477087657672042	0.12843685134919366	31315	1
293	500	79	0.2911392405063291	0.7088607594936709	0	0	0	79	1
293	1000	316	0.2120253164556962	0.7879746835443038	0	0	0	316	1
293	2000	1261	0.2656621728786677	0.7145122918318795	0.006344171292624901	0.0055511498810467885	0.007930214115781126	1261	1
293	5000	7831	0.18452304941897588	0.7091048397394969	0.010854297024645639	0.01723917762737837	0.07827863618950326	7831	1
293	10000	31322	0.1501500542749505	0.708479662856778	0.003958878743375263	0.022540067684055934	0.1148713364408403	31322	1
295	500	78	0.3717948717948718	0	0	0.28205128205128205	0.34615384615384615	78	1
295	1000	313	0.3546325878594249	0	0	0.14376996805111822	0.5015974440894568	313	1
295	2000	1253	0.40861931364724663	0	0	0.11093375897845172	0.48044692737430167	1253	1
295	5000	7820	0.3419437340153453	0.2539641943734015	0	0.07237851662404092	0.3317135549872123	7820	1
295	10000	31314	0.3881011688062847	0.3949032381682315	0.015679887590215238	0.09040684677779907	0.11090885865746951	31314	1
297	500	74	0	1	0	0	0	74	1
297	1000	308	0	0.9090909090909091	0	0.06493506493506493	0.025974025974025976	308	1
297	2000	1245	0.02891566265060241	0.7791164658634538	0.020883534136546186	0.023293172690763052	0.14779116465863454	1245	1
297	5000	7813	0.046717010111352875	0.7104825291181365	0.0949699219249968	0.0674516830922821	0.0803788557532318	7813	1
297	10000	31302	0.07692799182160884	0.7655740847230209	0.04169062679700978	0.06194492364705131	0.05386237301130918	31302	1
299	500	77	0	0.6753246753246753	0	0	0.3246753246753247	77	1
299	1000	308	0	0.6493506493506493	0	0	0.35064935064935066	308	1
299	2000	1250	0.0088	0.672	0	0	0.3192	1250	1
299	5000	7826	0.06210069000766675	0.6429849220546895	0	0.01763352926143624	0.2772808586762075	7826	1
299	10000	31301	0.061595476182869556	0.729209929395227	2.875307498162998e-4	0.019360403820964187	0.18954665985112296	31301	1
300	500	78	0.5256410256410257	0.47435897435897434	0	0	0	78	1
300	1000	312	0.5192307692307693	0.4807692307692308	0	0	0	312	1
300	2000	1252	0.5143769968051118	0.4776357827476038	0	0.007987220447284345	0	1252	1
300	5000	7828	0.23300970873786409	0.7152529381706694	0.007153806847215125	0.04113438937148697	0.0034491568727644355	7828	1
300	10000	31315	0.1354303049656714	0.7587418170205972	0.04129011655756028	0.03953376975890149	0.02500399169726968	31315	1
303	500	78	0.34615384615384615	0.6538461538461539	0	0	0	78	1
303	1000	312	0.3108974358974359	0.6634615384615384	0	0	0.02564102564102564	312	1
303	2000	1248	0.28685897435897434	0.5384615384615384	0	0	0.17467948717948717	1248	1
303	5000	7816	0.2305527123848516	0.630885363357216	0	0.01842374616171955	0.1201381780962129	7816	1
303	10000	31312	0.23511752682677567	0.5831630045988758	2.874297393970363e-4	0.019002299437915177	0.16242973939703628	31312	1
304	500	79	0	0.9367088607594937	0.06329113924050633	0	0	79	1
304	1000	315	0.031746031746031744	0.5904761904761905	0.37777777777777777	0	0	315	1
304	2000	1255	0.09243027888446215	0.398406374501992	0.5091633466135458	0	0	1255	1
304	5000	7827	0.027341254631404115	0.2984540692474767	0.6259103104637792	0.004854989140155871	0.0434393765171841	7827	1
304	10000	31310	0.07157457681251995	0.32999041839667836	0.46898754391568187	0.008399872245289045	0.12104758862983073	31310	1
305	500	80	1	0	0	0	0	80	1
305	1000	314	0.7420382165605095	0.18471337579617833	0	0	0.0732484076433121	314	1
305	2000	1255	0.4454183266932271	0.41434262948207173	0	0.01593625498007968	0.12430278884462151	1255	1
305	5000	7830	0.32988505747126434	0.5174968071519795	0.011621966794380588	0.06411238825031929	0.0768837803320562	7830	1
305	10000	31325	0.31731843575418994	0.5495929768555466	0.009289704708699121	0.06774142059058261	0.05605746209098164	31325	1
306	500	80	0.6	0.4	0	0	0	80	1
306	1000	312	0.5064102564102564	0.483974358974359	0.009615384615384616	0	0	312	1
306	2000	1251	0.3565147881694644	0.5851318944844125	0.03597122302158273	0.02238209432454037	0	1251	1
306	5000	7832	0.3176710929519918	0.6362359550561798	0.0296220633299285	0.008682328907048007	0.00778855975485189	7832	1
306	10000	31038	0.20574779302790128	0.7069398801469167	0.03682582640634061	0.016367033958373606	0.03411946646046781	31315	0.9911543988503911
307	500	50	0	0.5	0.5	0	0	78	0.6410256410256411
307	1000	199	0.09547738693467336	0.6130653266331658	0.2914572864321608	0	0	314	0.6337579617834395
307	2000	868	0.11059907834101383	0.6947004608294931	0.11981566820276497	0.0748847926267281	0	1258	0.6899841017488076
307	5000	5292	0.2208994708994709	0.7122071050642479	0.019652305366591082	0.0472411186696901	0	7826	0.6762075134168157
307	10000	19177	0.2754862595817907	0.6322156750273765	0.011576367523595974	0.04213380612191688	0.038587891745319916	31293	0.6128207586361167
309	500	76	0.8947368421052632	0.013157894736842105	0	0.09210526315789473	0	76	1
309	1000	309	0.7702265372168284	0.10679611650485436	0	0.12297734627831715	0	309	1
309	2000	1247	0.652766639935846	0.24619085805934243	0.0272654370489174	0.056134723336006415	0.01764234161988773	1247	1
309	5000	7591	0.3357923857199315	0.5951785008562772	0.04307732841522856	0.009484916348307205	0.016466868660255565	7815	0.9713371721049264
309	10000	26693	0.23552991420971792	0.6358970516614842	0.05537032180721538	0.006069006855729967	0.06713370546585247	31259	0.8539300681403755
311	500	78	0.358974358974359	0.6410256410256411	0	0	0	78	1
311	1000	311	0.19614147909967847	0.8038585209003215	0	0	0	311	1
311	2000	1251	0.21023181454836132	0.7322142286171063	0	0.020783373301358914	0.03677058353317346	1251	1
311	5000	7818	0.17779483243796368	0.6064210795599898	0.010616525965720132	0.019058582757738553	0.18610897927858788	7818	1
311	10000	31331	0.20187673550157992	0.5823944336280361	0.012703073633142893	0.040311512559445914	0.16271424467779516	31331	1
312	500	77	0.44155844155844154	0.5584415584415584	0	0	0	77	1
312	1000	311	0.2282958199356913	0.7717041800643086	0	0	0	311	1
312	2000	1253	0.1931364724660814	0.7326416600159616	0	0.02314445331205108	0.05107741420590583	1253	1
312	5000	7836	0.17713118938233793	0.6120469627360898	0.00880551301684533	0.019014803471158755	0.18300153139356815	7836	1
312	10000	31293	0.2013229795800978	0.584060332981817	0.01239893905985364	0.040775892372095994	0.16144185600613556	31293	1
313	500	79	0.1518987341772152	0.6075949367088608	0	0	0.24050632911392406	79	1
313	1000	312	0.16346153846153846	0.7564102564102564	0	0	0.08012820512820513	312	1
313	2000	1247	0.22614274258219727	0.7409783480352847	0	0	0.03287890938251804	1247	1
313	5000	7826	0.22961921799131102	0.6893687707641196	0	0.011755686174290826	0.06925632507027855	7826	1
313	10000	31306	0.2179134990097745	0.6536766115121702	0.001788794480291318	0.03449817926276113	0.09212291573500288	31306	1
316	500	80	0.125	0.875	0	0	0	80	1
316	1000	314	0.2484076433121019	0.7452229299363057	0.006369426751592357	0	0	314	1
316	2000	1252	0.29233226837060705	0.5958466453674122	0.05511182108626198	0.051916932907348244	0.004792332268370607	1252	1
316	5000	7825	0.3104153354632588	0.6273482428115016	0.022875399361022366	0.021853035143769968	0.017507987220447285	7825	1
316	10000	31145	0.2746829346604591	0.6505699149141114	0.014544870765772997	0.027516455289773638	0.03268582436988281	31284	0.9955568341644291
317	500	76	0.7763157894736842	0	0	0.2236842105263158	0	76	1
317	1000	309	0.5501618122977346	0.07766990291262135	0	0.34627831715210355	0.025889967637540454	309	1
317	2000	1249	0.5132105684547638	0.17053642914331466	0	0.21377101681345076	0.10248198558847077	1249	1
317	5000	7821	0.21122618590973022	0.2237565528704769	0.01304181051016494	0.04986574606827771	0.5021097046413502	7821	1
317	10000	31318	0.30005108883070436	0.29059965515039277	0.019445686186857398	0.03173893607510058	0.3581646337569449	31318	1
318	500	79	0	1	0	0	0	79	1
318	1000	316	0	0.8322784810126582	0	0	0.16772151898734178	316	1
318	2000	1254	0	0.8564593301435407	0	0.03349282296650718	0.11004784688995216	1254	1
318	5000	7828	0.01290240163515585	0.8137455288707205	0	0.0698773633111906	0.10347470618293306	7828	1
318	10000	31317	0.018743813264361208	0.7818756585879874	0.006641760066417601	0.07784909154772168	0.11488967653351215	31317	1
319	500	81	0.08641975308641975	0.9135802469135802	0	0	0	81	1
319	1000	317	0.1892744479495268	0.6435331230283912	0	0	0.167192429022082	317	1
319	2000	1255	0.18964143426294822	0.5888446215139442	0	0.02390438247011952	0.19760956175298805	1255	1
319	5000	7834	0.28695430176155223	0.5157007914220066	0	0.05067653816696451	0.14666836864947663	7834	1
319	10000	31317	0.18485167800236293	0.6126065715106811	0.007471980074719801	0.03767921576140754	0.15739055465082863	31317	1
320	500	75	0	0	1	0	0	79	0.9493670886075949
320	1000	276	0.11231884057971014	0.1956521739130435	0.6159420289855072	0.07608695652173914	0	315	0.8761904761904762
320	2000	1018	0.37328094302554027	0.3644400785854617	0.1856581532416503	0.07662082514734773	0	1248	0.8157051282051282
320	5000	5556	0.37041036717062636	0.5246580273578114	0.04013678905687545	0.057955363570914326	0.006839452843772498	7823	0.7102134730921641
320	10000	20513	0.3556768878272315	0.5819724077414322	0.019451079803051722	0.04104714083751767	0.0018524837907668307	31281	0.655765480643202
321	500	66	0.6818181818181818	0.19696969696969696	0.12121212121212122	0	0	78	0.8461538461538461
321	1000	212	0.2783018867924528	0.47641509433962265	0.24528301886792453	0	0	314	0.6751592356687898
321	2000	644	0.18788819875776397	0.6257763975155279	0.18633540372670807	0	0	1250	0.5152
322	500	53	0	1	0	0	0	78	0.6794871794871795
326	500	79	0.6075949367088608	0.3670886075949367	0	0	0.02531645569620253	79	1
326	1000	313	0.6357827476038339	0.28115015974440893	0	0	0.08306709265175719	313	1
326	2000	1250	0.4496	0.432	0	0.032	0.0864	1250	1
326	5000	7816	0.38331627430910953	0.4969293756397134	0	0.04593142272262027	0.0738229273285568	7816	1
326	10000	31308	0.2389165708445126	0.6301584259614156	0.0036093011370895616	0.03727481793790725	0.090040884119075	31308	1
327	500	79	0	0.6835443037974683	0	0.31645569620253167	0	79	1
327	1000	315	0	0.746031746031746	0	0.25396825396825395	0	315	1
327	2000	1259	0.017474185861795076	0.7823669579030977	0	0.20015885623510724	0	1259	1
327	5000	7829	0.26670072806233236	0.5484736237067314	0.009962958232213565	0.1656661131689871	0.009196576829735598	7829	1
327	10000	31308	0.42209658873131467	0.4091925386482688	0.04704867765427367	0.1095566628337805	0.012105532132362335	31308	1
330	500	78	0	1	0	0	0	78	1
330	1000	311	0	0.9389067524115756	0	0.06109324758842444	0	311	1
330	2000	1252	7.987220447284345e-4	0.9009584664536742	0	0.06150159744408946	0.036741214057507986	1252	1
330	5000	7825	0.1207667731629393	0.7810862619808306	0.015846645367412142	0.07271565495207667	0.009584664536741214	7825	1
330	10000	31315	0.28424077917930707	0.5577518760977167	0.03324285486188727	0.04592048539038799	0.07884400447070095	31315	1
331	500	78	0	0.9615384615384616	0	0	0.038461538461538464	78	1
331	1000	313	0	0.9105431309904153	0	0	0.08945686900958466	313	1
331	2000	1254	0.14752791068580542	0.8197767145135566	0	0.008771929824561403	0.023923444976076555	1254	1
331	5000	7817	0.3644620698477677	0.5787386465395932	0	0.009466547268773187	0.047332736343865936	7817	1
331	10000	31293	0.39814015914102197	0.4442527082734158	0.02431853769213562	0.013613268143035184	0.11967532675039146	31293	1
332	500	79	0	1	0	0	0	79	1
332	1000	314	0	1	0	0	0	314	1
332	2000	1258	0.2178060413354531	0.7710651828298887	0	0	0.011128775834658187	1258	1
332	5000	7832	0.34818692543411645	0.515194075587334	0	0.004851889683350358	0.1317671092951992	7832	1
332	10000	31305	0.3725283501038173	0.41354416227439705	0.02632167385401693	0.012170579779587925	0.1754352339881808	31305	1
334	500	79	0.6708860759493671	0.02531645569620253	0.3037974683544304	0	0	79	1
334	1000	314	0.6560509554140127	0.2484076433121019	0.09554140127388536	0	0	314	1
334	2000	1258	0.5961844197138315	0.3799682034976153	0.02384737678855326	0	0	1258	1
334	5000	7833	0.6060257883314184	0.3666539001659645	0.014553810800459595	0.012766500702157539	0	7833	1
334	10000	31314	0.5049498626812289	0.4309254646484001	0.03627770326371591	0.0230887143130868	0.004758255093568372	31314	1
335	500	79	0.9113924050632911	0.06329113924050633	0	0.02531645569620253	0	79	1
335	1000	314	0.7292993630573248	0.23248407643312102	0	0.03821656050955414	0	314	1
335	2000	1253	0.5554668794892259	0.33519553072625696	0.0335195530726257	0.07581803671189145	0	1253	1
335	5000	7828	0.5011497189575882	0.14614205416453754	0.11062851303014819	0.235947879407256	0.0061318344404701075	7828	1
335	10000	31304	0.7063634040378226	0.07967032967032966	0.06593406593406594	0.1361487349859443	0.011883465371837465	31304	1
336	500	79	0	1	0	0	0	79	1
336	1000	316	0.028481012658227847	0.9018987341772152	0	0	0.06962025316455696	316	1
336	2000	1259	0.11437648927720413	0.7911040508339953	0	0	0.09451945988880063	1259	1
336	5000	7831	0.197037415400332	0.7416677308134337	0.03013663644489848	0.012642063593410803	0.018516153747924913	7831	1
336	10000	29435	0.18974010531679972	0.6997112281297775	0.06682520808561236	0.037370477322914895	0.006352981144895533	31336	0.9393349502170029
341	500	75	0.4533333333333333	0.5466666666666666	0	0	0	75	1
341	1000	312	0.23397435897435898	0.7660256410256411	0	0	0	312	1
341	2000	1248	0.125	0.7419871794871795	0	0.04567307692307692	0.08733974358974358	1248	1
341	5000	7811	0.16988861861477403	0.6534374599923185	0.011778261426193828	0.04621687363973883	0.11867878632697478	7811	1
341	10000	30582	0.27457327839905826	0.49460466941338044	0.052972336668628606	0.051762474658295726	0.12608724086063697	31299	0.9770919198696444
342	500	77	0.2077922077922078	0.4675324675324675	0	0.3246753246753247	0	77	1
342	1000	311	0.3054662379421222	0.5884244372990354	0	0.10610932475884244	0	311	1
342	2000	1250	0.3432	0.6216	0	0.0264	0.0088	1250	1
342	5000	7821	0.19243063546861014	0.7455568341644291	0.027362229893875465	0.021352768188211226	0.013297532284874057	7821	1
342	10000	31304	0.17080884232047022	0.6768144646051623	0.03251980577561973	0.01520572450805009	0.10465116279069768	31304	1
343	500	79	0.34177215189873417	0.6582278481012658	0	0	0	79	1
343	1000	315	0.24444444444444444	0.7555555555555555	0	0	0	315	1
343	2000	1257	0.1614956245027844	0.7788385043754972	0.059665871121718374	0	0	1257	1
343	5000	7825	0.10952076677316294	0.8033226837060703	0.032076677316293926	0.013929712460063897	0.04115015974440894	7825	1
343	10000	31318	0.12376269238137812	0.7079954020052366	0.022255571875598696	0.0238520978351108	0.12213423590267578	31318	1
344	500	80	0	0.6625	0	0	0.3375	80	1
344	1000	316	0	0.3069620253164557	0	0	0.6930379746835443	316	1
344	2000	1256	0.0023885350318471337	0.2412420382165605	0	0	0.7563694267515924	1256	1
344	5000	7831	0.10547822755714469	0.6061805644234453	0.008428042395607202	0.04775890690844081	0.23215425871536202	7831	1
344	10000	31313	0.09551943282342797	0.7297927378405136	0.00712164276817935	0.05627055855395523	0.11129562801392393	31313	1
346	500	75	0	0.5733333333333334	0.4266666666666667	0	0	75	1
346	1000	312	0	0.5833333333333334	0.40064102564102566	0.016025641025641024	0	312	1
346	2000	1250	0.0352	0.6608	0.2464	0.0576	0	1250	1
346	5000	7812	0.11328725038402458	0.6904761904761905	0.1460573476702509	0.02624167946748592	0.02393753200204813	7812	1
346	10000	31303	0.10877551672363671	0.7038622496246366	0.08069514104079481	0.029390154298310066	0.07727693831262179	31303	1
348	500	80	0.95	0	0.0125	0.0375	0	80	1
348	1000	315	0.7904761904761904	0	0.13333333333333333	0.0761904761904762	0	315	1
348	2000	1257	0.7565632458233891	0	0.1368337311058075	0.10660302307080351	0	1257	1
348	5000	7835	0.8520740268028079	0.021442246330567964	0.06917677089980855	0.05730695596681557	0	7835	1
348	10000	31307	0.7555498770243076	0.05356629507777813	0.09381288529721787	0.08710512026064458	0.009965822340051746	31307	1
349	500	77	0.44155844155844154	0.5454545454545454	0	0	0.012987012987012988	77	1
349	1000	310	0.18064516129032257	0.6709677419354839	0	0	0.14838709677419354	310	1
349	2000	1251	0.20783373301358912	0.5235811350919265	0	0.04716227018385292	0.2214228617106315	1251	1
349	5000	7812	0.051075268817204304	0.7455197132616488	0	0.08717357910906298	0.11623143881208398	7812	1
349	10000	31300	0.12118210862619808	0.7177316293929712	0.004057507987220447	0.08230031948881789	0.07472843450479233	31300	1
351	500	76	0.3684210526315789	0	0.631578947368421	0	0	76	1
351	1000	309	0.4627831715210356	0.10032362459546926	0.4368932038834951	0	0	309	1
351	2000	1247	0.5308740978348035	0.18203688853247796	0.2165196471531676	0.044105854049719326	0.026463512429831595	1247	1
351	5000	7828	0.40789473684210525	0.11663260091977516	0.13719979560551865	0.016351558507920288	0.3219213081246806	7828	1
351	10000	31308	0.3099207870192922	0.19538137217324644	0.18174268557557174	0.013447042289510668	0.29950811294237895	31308	1
352	500	76	0.9078947368421053	0.09210526315789473	0	0	0	76	1
352	1000	310	0.5225806451612903	0.15483870967741936	0.13870967741935483	0.0967741935483871	0.08709677419354839	310	1
352	2000	1248	0.2419871794871795	0.34134615384615385	0.25961538461538464	0.03685897435897436	0.1201923076923077	1248	1
352	5000	7828	0.23249872253449158	0.6177823198773633	0.09695963208993358	0.009836484414920797	0.04292284108329075	7828	1
352	10000	31311	0.18357765641467855	0.6885120245281211	0.032480597872951995	0.03177796940372393	0.06365175178052442	31311	1
353	500	81	0.037037037037037035	0.9629629629629629	0	0	0	81	1
353	1000	316	0.18670886075949367	0.8132911392405063	0	0	0	316	1
353	2000	1253	0.41500399042298486	0.578611332801277	0	0	0.006384676775738229	1253	1
353	5000	7829	0.35815557542470305	0.5557542470302721	0	0.029250223527909056	0.05683995401711585	7829	1
353	10000	31301	0.2873710105108463	0.5774256413533114	0.0011181751381744993	0.020510526820229386	0.11357464617743843	31301	1
354	500	74	0.7432432432432432	0.25675675675675674	0	0	0	74	1
354	1000	311	0.5884244372990354	0.3987138263665595	0	0.012861736334405145	0	311	1
354	2000	1248	0.22115384615384615	0.7516025641025641	0	0.027243589743589744	0	1248	1
354	5000	7815	0.0890595009596929	0.8798464491362764	0	0.03109404990403071	0	7815	1
354	10000	31282	0.08819768556997634	0.8623169874048974	0.00543443513841826	0.03705006073780449	0.007000831148903523	31282	1
357	500	77	0.5064935064935064	0.42857142857142855	0.06493506493506493	0	0	77	1
357	1000	313	0.46006389776357826	0.2779552715654952	0.25559105431309903	0.006389776357827476	0	313	1
357	2000	1252	0.19568690095846644	0.48722044728434505	0.14616613418530353	0.12060702875399361	0.050319488817891375	1252	1
357	5000	7821	0.1277330264672037	0.614755146400716	0.030175169415675746	0.11187827643523846	0.11545838128116609	7821	1
357	10000	31293	0.08704822164701372	0.6312274310548684	0.025724602946345827	0.11970728277889624	0.13629246157287572	31293	1
358	500	43	0	0	0	0	1	76	0.5657894736842105
359	500	80	0.2	0.5375	0	0.2625	0	80	1
359	1000	314	0.60828025477707	0.2802547770700637	0	0.11146496815286625	0	314	1
359	2000	1252	0.7659744408945687	0.20607028753993611	0	0.027955271565495207	0	1252	1
359	5000	7825	0.8653035143769968	0.09150159744408946	0.005623003194888179	0.016613418530351438	0.02095846645367412	7825	1
359	10000	31308	0.8300114986584899	0.09432094033473873	0.04008560112431327	0.0116903027980069	0.02389165708445126	31308	1
360	500	79	0.012658227848101266	0.9873417721518988	0	0	0	79	1
360	1000	314	0.16878980891719744	0.8312101910828026	0	0	0	314	1
360	2000	1252	0.08865814696485623	0.6924920127795527	0.005591054313099041	0	0.213258785942492	1252	1
360	5000	7823	0.11632366099961651	0.59810814265627	0.00818100472964336	0.003834845967020325	0.27355234564744985	7823	1
360	10000	31310	0.0800383264132865	0.6287128712871287	0.007026509102523155	0.013925263494091344	0.2702970297029703	31310	1
361	500	78	0.20512820512820512	0.7948717948717948	0	0	0	78	1
361	1000	311	0.5852090032154341	0.37942122186495175	0	0.03536977491961415	0	311	1
361	2000	1253	0.5802075019952115	0.3479648842777334	0.027932960893854747	0.04389465283320032	0	1253	1
361	5000	7831	0.39318094751628146	0.4833354616268676	0.005874090154514111	0.07432001021580896	0.0432894904865279	7831	1
361	10000	31296	0.2644107873210634	0.5841321574642127	0.01789366053169734	0.05582183026584867	0.07774156441717792	31296	1
362	500	78	0.44871794871794873	0.14102564102564102	0	0	0.41025641025641024	78	1
362	1000	311	0.4565916398713826	0.31511254019292606	0.01929260450160772	0	0.2090032154340836	311	1
362	2000	1248	0.3421474358974359	0.33814102564102566	0.19791666666666666	0	0.12179487179487179	1248	1
362	5000	6595	0.20121304018195602	0.5657316148597422	0.17391963608794542	0.016224412433661864	0.04291129643669447	7815	0.8438899552143314
362	10000	18836	0.13325546825228285	0.6788065406668082	0.1470057337014228	0.02022722446379274	0.020705032915693353	31256	0.6026362938315843
363	500	79	0.4936708860759494	0	0.31645569620253167	0	0.189873417721519	79	1
363	1000	314	0.4012738853503185	0.15286624203821655	0.25477707006369427	0.006369426751592357	0.18471337579617833	314	1
363	2000	1251	0.3365307753796962	0.34292565947242204	0.2014388489208633	0.035171862509992005	0.08393285371702638	1251	1
363	5000	6654	0.1704238052299369	0.6151187255785994	0.15629696423204087	0.01562969642320409	0.042530808536218816	7817	0.8512216963029295
363	10000	16896	0.13636363636363635	0.6683238636363636	0.15565814393939395	0.019294507575757576	0.020359848484848484	31268	0.540360752206729
364	500	78	0	1	0	0	0	78	1
364	1000	312	0	0.9743589743589743	0	0.02564102564102564	0	312	1
364	2000	1249	0	0.9527622097678142	0	0.04083266613290633	0.006405124099279423	1249	1
364	5000	7819	0.07814298503644967	0.8275994372681929	0.017649315769279958	0.03721703542652513	0.03939122649955237	7819	1
364	10000	31326	0.09707591138351529	0.7820979378152334	0.011268594777501117	0.0256017365766456	0.08395581944710465	31326	1
365	500	79	0	0.7721518987341772	0	0.22784810126582278	0	79	1
365	1000	314	0	0.8789808917197452	0	0.12101910828025478	0	314	1
365	2000	1252	0	0.9257188498402555	0	0.04153354632587859	0.03274760383386582	1252	1
365	5000	7822	0.0604704679110202	0.8603937611863973	0.008565584249552545	0.039759652262848375	0.03081053439018154	7822	1
365	10000	31318	0.09665368158886263	0.7827447474295932	0.010952168082253017	0.02516124912191072	0.08448815377738042	31318	1
367	500	79	0	0.05063291139240506	0.9493670886075949	0	0	79	1
367	1000	312	0.08974358974358974	0.32051282051282054	0.5641025641025641	0	0.02564102564102564	312	1
367	2000	1253	0.03990422984836393	0.42697525937749403	0.41101356743814843	0	0.12210694333599362	1253	1
367	5000	7838	0.04261291145700434	0.49591732584843073	0.22186782342434294	0.03508548099004848	0.2045164582801735	7838	1
367	10000	31298	0.10550194900632628	0.6345453383602786	0.09061281871046073	0.030704837369799988	0.13863505655313438	31298	1
368	500	81	0.3950617283950617	0.6049382716049383	0	0	0	81	1
368	1000	316	0.2911392405063291	0.6012658227848101	0	0	0.10759493670886076	316	1
368	2000	1254	0.2113237639553429	0.6722488038277512	0.003189792663476874	0.024720893141945772	0.08851674641148326	1254	1
368	5000	7835	0.1326100829610721	0.7465220165922144	0.005488194001276325	0.029993618379068283	0.08538608806636885	7835	1
368	10000	31319	0.13081516012644082	0.7904466937003097	0.005779239439317986	0.027842523707653503	0.045116383026277976	31319	1
373	500	79	0	0.8607594936708861	0	0.13924050632911392	0	79	1
373	1000	314	0	0.8726114649681529	0	0.07961783439490445	0.04777070063694268	314	1
373	2000	1250	0	0.9192	0	0.02	0.0608	1250	1
373	5000	7819	0.012661465660570406	0.9079166133776698	0.015091443918659676	0.036193886686277016	0.028136590356823123	7819	1
373	10000	31315	0.13124700622704774	0.7786364362126776	0.008813667571451382	0.02902762254510618	0.05227526744371707	31315	1
374	500	77	0	0	0.2077922077922078	0.4155844155844156	0.37662337662337664	77	1
374	1000	311	0.06109324758842444	0.13183279742765272	0.26366559485530544	0.21221864951768488	0.3311897106109325	311	1
374	2000	1252	0.13817891373801916	0.21725239616613418	0.38817891373801916	0.08865814696485623	0.16773162939297126	1252	1
374	5000	7820	0.17685421994884912	0.42161125319693094	0.2143222506393862	0.031202046035805626	0.15601023017902813	7820	1
374	10000	31304	0.2017633529261436	0.4684065934065934	0.11758880654229491	0.03156146179401993	0.1806797853309481	31304	1
376	500	79	0	0.8354430379746836	0	0.05063291139240506	0.11392405063291139	79	1
376	1000	313	0	0.8242811501597445	0	0.07348242811501597	0.10223642172523961	313	1
376	2000	1252	0	0.9257188498402555	0	0.0463258785942492	0.027955271565495207	1252	1
376	5000	7829	0.006897432622301699	0.8755907523310767	0	0.04138459573381019	0.07612721931281134	7829	1
376	10000	31299	0.0584683216716189	0.8237323876162178	7.987475638199303e-4	0.035879740566791274	0.08112080258155213	31299	1
380	500	67	0	1	0	0	0	79	0.8481012658227848
383	500	80	0	0.6875	0.3125	0	0	80	1
383	1000	313	0.07667731629392971	0.7284345047923323	0.19488817891373802	0	0	313	1
383	2000	1248	0.09375	0.8293269230769231	0.05608974358974359	0.020833333333333332	0	1248	1
383	5000	7822	0.05177703912042956	0.8391715673740732	0.018920992073638454	0.03950396318077218	0.05062643825108668	7822	1
383	10000	31313	0.06993900297001246	0.8145498674671862	0.010123590840864817	0.04831858972311819	0.057068948998818383	31313	1
384	500	79	0	0.9367088607594937	0.06329113924050633	0	0	79	1
384	1000	315	0.009523809523809525	0.8507936507936508	0.13968253968253969	0	0	315	1
384	2000	1255	0.05099601593625498	0.8701195219123506	0.055776892430278883	0.020717131474103586	0.002390438247011952	1255	1
384	5000	7833	0.05681092812460105	0.8293118856121537	0.019022086046214734	0.03766117707136474	0.05719392314566577	7833	1
384	10000	31317	0.07037711147300188	0.8124980042788262	0.009739119328160423	0.04831241817543187	0.05907334674457962	31317	1
387	500	78	0.05128205128205128	0.9487179487179487	0	0	0	78	1
387	1000	311	0.17041800643086816	0.684887459807074	0.028938906752411574	0.10610932475884244	0.00964630225080386	311	1
387	2000	1050	0.31142857142857144	0.5314285714285715	0.039047619047619046	0.08952380952380952	0.02857142857142857	1253	0.8379888268156425
387	5000	5930	0.6534569983136593	0.22225969645868465	0.07521079258010117	0.03811129848229342	0.010961214165261383	7819	0.7584090037089142
387	10000	24219	0.8038729922787894	0.07440439324497296	0.088855856971799	0.029439696106362774	0.0034270613980758907	31305	0.773646382367034
389	500	79	1	0	0	0	0	79	1
389	1000	315	1	0	0	0	0	315	1
389	2000	1251	1	0	0	0	0	1251	1
389	5000	7825	0.9262619808306709	0	0.06952076677316293	0.004217252396166134	0	7825	1
389	10000	24380	0.8556603773584905	0	0.1134946677604594	0.02977850697292863	0.001066447908121411	31306	0.7787644540982559
390	500	79	0.0759493670886076	0.9240506329113924	0	0	0	79	1
390	1000	314	0.14331210191082802	0.856687898089172	0	0	0	315	0.9968253968253968
390	2000	1100	0.17909090909090908	0.8181818181818182	0.0027272727272727275	0	0	1258	0.8744038155802861
390	5000	5483	0.1300383002006201	0.6399781141710742	0.20116724420937443	0	0.028816341418931243	7825	0.700702875399361
390	10000	21009	0.11000047598648198	0.48802893997810465	0.37217383026322054	0.008282164786520062	0.02151458898567281	31295	0.6713212973318421
391	500	79	0.0759493670886076	0.9240506329113924	0	0	0	79	1
391	1000	314	0.14331210191082802	0.856687898089172	0	0	0	315	0.9968253968253968
391	2000	1100	0.17909090909090908	0.8181818181818182	0.0027272727272727275	0	0	1258	0.8744038155802861
391	5000	5483	0.1300383002006201	0.6399781141710742	0.20116724420937443	0	0.028816341418931243	7825	0.700702875399361
391	10000	21009	0.11000047598648198	0.48802893997810465	0.37217383026322054	0.008282164786520062	0.02151458898567281	31295	0.6713212973318421
395	500	80	0.15	0.5	0.35	0	0	80	1
395	1000	313	0.09584664536741214	0.5271565495207667	0.3769968051118211	0	0	313	1
395	2000	1248	0.06169871794871795	0.5817307692307693	0.34615384615384615	0.010416666666666666	0	1248	1
395	5000	7820	0.0721227621483376	0.5461636828644502	0.3313299232736573	0.01687979539641944	0.03350383631713555	7820	1
395	10000	28876	0.09007480260423882	0.48649397423465857	0.3638315556171215	0.017176894306690678	0.04242277323729048	31304	0.9224380270891899
396	500	74	0.02702702702702703	0.6081081081081081	0.36486486486486486	0	0	74	1
396	1000	312	0.12179487179487179	0.7339743589743589	0.14423076923076922	0	0	312	1
396	2000	1248	0.2988782051282051	0.5136217948717948	0.16105769230769232	0.026442307692307692	0	1248	1
396	5000	7813	0.42365288621528224	0.3847433764239089	0.0820427492640471	0.1095609880967618	0	7813	1
396	10000	31302	0.4469043511596703	0.29298447383553766	0.05469299086320363	0.14762634975400932	0.057791834387579066	31302	1
398	500	76	0	0.2631578947368421	0.631578947368421	0.10526315789473684	0	76	1
398	1000	310	0	0.26129032258064516	0.5645161290322581	0.17419354838709677	0	310	1
398	2000	1247	0	0.5196471531676022	0.351242983159583	0.12910986367281477	0	1247	1
398	5000	6925	0.08895306859205776	0.5568231046931408	0.24592057761732852	0.0971841155234657	0.01111913357400722	7820	0.8855498721227621
398	10000	22860	0.34615048118985126	0.4890201224846894	0.0989501312335958	0.05888013998250219	0.00699912510936133	31274	0.7309586237769393
403	500	79	1	0	0	0	0	79	1
403	1000	314	0.8949044585987261	0	0	0.10509554140127389	0	314	1
403	2000	1254	0.8110047846889952	0.046251993620414676	0.03987240829346093	0.10287081339712918	0	1254	1
403	5000	7831	0.7849572212999617	0.11007534159111225	0.024901034350657644	0.06231643468267144	0.017749968075596985	7831	1
403	10000	31319	0.6193684344966315	0.25023148887256935	0.04122098406717967	0.07500239471247486	0.014176697851144672	31319	1
404	500	50	0	1	0	0	0	77	0.6493506493506493
405	500	78	0	0	1	0	0	78	1
405	1000	299	0.05016722408026756	0	0.939799331103679	0	0.010033444816053512	311	0.9614147909967846
405	2000	1163	0.16337059329320722	0.0885640584694755	0.7128116938950989	0	0.0352536543422184	1250	0.9304
405	5000	6789	0.15539843865075859	0.38474002062159374	0.423479157460598	0.02238915893356901	0.01399322433348063	7817	0.8684917487527184
405	10000	24936	0.13983798524222008	0.6180221366698749	0.18956528713506576	0.01668270773179339	0.035891883221045875	31270	0.7974416373520946
406	500	79	0.5443037974683544	0.45569620253164556	0	0	0	79	1
406	1000	315	0.3396825396825397	0.6603174603174603	0	0	0	315	1
406	2000	1218	0.25287356321839083	0.7454844006568144	0	0.0016420361247947454	0	1255	0.9705179282868526
406	5000	5643	0.34290271132376393	0.5966684387737019	0.00531632110579479	0.028530923267765372	0.02658160552897395	7830	0.7206896551724138
406	10000	25012	0.2913401567247721	0.6366544058851751	0.03470334239565009	0.02254917639533024	0.014752918599072445	31289	0.7993863658154623
407	500	79	0	0.0379746835443038	0.6835443037974683	0.27848101265822783	0	79	1
407	1000	315	0	0.12380952380952381	0.6412698412698413	0.23492063492063492	0	315	1
407	2000	1252	0	0.3426517571884984	0.5295527156549521	0.12779552715654952	0	1252	1
407	5000	6536	0.07466340269277846	0.5362607099143207	0.27402080783353733	0.10113219094247246	0.013922888616891066	7822	0.8355919202250064
407	10000	21918	0.32858837485172004	0.4991331325850899	0.10475408340177024	0.06022447303586093	0.007299936125558902	31285	0.7005913377017741
409	500	77	0.7922077922077922	0.2077922077922078	0	0	0	77	1
409	1000	311	0.44694533762057875	0.4758842443729904	0	0	0.07717041800643087	311	1
409	2000	1224	0.1707516339869281	0.7573529411764706	0.0016339869281045752	0.0196078431372549	0.05065359477124183	1249	0.9799839871897518
409	5000	4125	0.08848484848484849	0.8082424242424242	0.00896969696969697	0.07927272727272727	0.015030303030303031	7815	0.527831094049904
410	500	77	0	0	1	0	0	77	1
410	1000	311	0	0	1	0	0	311	1
410	2000	1245	0.018473895582329317	0	0.9815261044176706	0	0	1245	1
410	5000	7823	0.6057778345903106	0.0014061101879074523	0.36482167966253354	0.027994375559248372	0	7823	1
410	10000	31150	0.7735794542536115	0.019101123595505618	0.18420545746388442	0.023113964686998396	0	31304	0.9950805008944544
411	500	74	0.28378378378378377	0.013513513513513514	0.3918918918918919	0.04054054054054054	0.2702702702702703	74	1
411	1000	310	0.17096774193548386	0.1870967741935484	0.44516129032258067	0.04838709677419355	0.14838709677419354	310	1
411	2000	1246	0.10272873194221509	0.3812199036918138	0.3739967897271268	0.05377207062600321	0.08828250401284109	1246	1
411	5000	7811	0.2269875816156702	0.4781718089873256	0.19421328895147869	0.04877736525412879	0.05184995519139675	7811	1
411	10000	31254	0.27193319255135345	0.5343636014590133	0.11371344467908108	0.035291482690215654	0.044698278620336596	31262	0.9997440982662658
412	500	74	0	0.20270270270270271	0	0.4864864864864865	0.3108108108108108	74	1
412	1000	311	0	0.5401929260450161	0	0.24758842443729903	0.21221864951768488	311	1
412	2000	1249	0.04243394715772618	0.8254603682946358	0	0.06164931945556445	0.07045636509207366	1249	1
412	5000	7815	0.345489443378119	0.5902751119641715	0.02034548944337812	0.02380038387715931	0.020089571337172103	7815	1
412	10000	31283	0.29258702809832815	0.6139436754786946	0.032733433494230094	0.040277466994853434	0.020458395933893807	31283	1
415	500	72	0	0.6805555555555556	0	0	0.3194444444444444	77	0.935064935064935
415	1000	230	0.05217391304347826	0.6782608695652174	0	0.05652173913043478	0.21304347826086956	311	0.7395498392282959
415	2000	876	0.2899543378995434	0.58675799086758	0.026255707762557076	0.03767123287671233	0.0593607305936073	1249	0.7013610888710968
415	5000	5343	0.3352049410443571	0.5197454613513007	0.08459666853827438	0.028635597978663673	0.03181733108740408	7822	0.6830733827665558
415	10000	17806	0.22531730877232395	0.6470852521621925	0.08637537908570145	0.026339436145119622	0.014882623834662474	31308	0.5687364251948384
416	500	78	0	0	1	0	0	78	1
416	1000	311	0	0	1	0	0	311	1
416	2000	1252	0	0	1	0	0	1252	1
416	5000	7426	0.17721518987341772	0	0.8103959062752492	0.012388903851333153	0	7823	0.949252205036431
416	10000	24105	0.5044181705040448	0.0037751503837378138	0.4758348890271728	0.015971790085044596	0	31281	0.7705955691953582
417	500	80	0.6625	0.3375	0	0	0	80	1
417	1000	314	0.7802547770700637	0.2197452229299363	0	0	0	314	1
417	2000	1253	0.7557861133280128	0.22426177174780526	0	0.019952114924181964	0	1253	1
417	5000	7834	0.7038549910645903	0.2088332907837631	0.036507531273934135	0.046464130712279804	0.004340056165432729	7834	1
417	10000	29683	0.5269009197183573	0.3666408381902099	0.03837213219688037	0.05770980022234949	0.010376309672202945	31297	0.948429561938844
419	500	54	0	0.8888888888888888	0	0	0.1111111111111111	79	0.6835443037974683
419	1000	184	0.010869565217391304	0.717391304347826	0	0.03804347826086957	0.23369565217391305	315	0.5841269841269842
419	2000	824	0.25485436893203883	0.5910194174757282	0.05339805825242718	0.04004854368932039	0.06067961165048544	1254	0.6570972886762361
419	5000	5309	0.33170088528913166	0.5196835562252778	0.08815219438689019	0.028442267847052175	0.032021096251648146	7828	0.6782064384261625
419	10000	17728	0.22433438628158844	0.6496502707581228	0.0858528880866426	0.02611687725631769	0.01404557761732852	31315	0.566118473574964
420	500	78	0.28205128205128205	0.6025641025641025	0	0	0.11538461538461539	78	1
420	1000	313	0.14376996805111822	0.7763578274760383	0	0	0.07987220447284345	313	1
420	2000	1255	0.16334661354581673	0.8159362549800797	0	0	0.020717131474103586	1255	1
420	5000	7816	0.21699078812691913	0.6956243602865916	0	0.013689866939611054	0.0736949846468782	7816	1
420	10000	31302	0.2150341831192895	0.660213404894256	0.0017890230656188103	0.03622771707878091	0.08673567184205482	31302	1
422	500	78	0	0.5641025641025641	0	0.4358974358974359	0	78	1
422	1000	310	0.2161290322580645	0.36129032258064514	0	0.42258064516129035	0	310	1
422	2000	1251	0.3149480415667466	0.3796962430055955	0	0.26458832933653076	0.0407673860911271	1251	1
422	5000	7830	0.31008939974457217	0.3016602809706258	0.009450830140485313	0.08339719029374201	0.29540229885057473	7830	1
422	10000	31312	0.29359351047521715	0.4030403679100664	0.023409555442003065	0.04538196218702095	0.23457460398569238	31312	1
423	500	79	0.4810126582278481	0.43037974683544306	0	0.08860759493670886	0	79	1
423	1000	314	0.5254777070063694	0.39171974522292996	0	0.08280254777070063	0	314	1
423	2000	1259	0.41382049245432884	0.44797458300238285	0.07307386814932486	0.06513105639396347	0	1259	1
423	5000	7830	0.14227330779054917	0.568837803320562	0.1694763729246488	0.04980842911877394	0.06960408684546615	7830	1
423	10000	31304	0.11771658573984155	0.6551558906210069	0.09040378226424738	0.04098517761308459	0.09573856376181958	31304	1
424	500	79	0.2911392405063291	0.10126582278481013	0.6075949367088608	0	0	79	1
424	1000	313	0.3610223642172524	0.29073482428115016	0.24600638977635783	0	0.10223642172523961	313	1
424	2000	1247	0.34161988773055335	0.21010425020048115	0.0673616680032077	0.034482758620689655	0.34643143544506816	1247	1
424	5000	7810	0.11254801536491678	0.42727272727272725	0.020742637644046096	0.020230473751600513	0.41920614596670935	7810	1
424	10000	31300	0.10872204472843451	0.6089456869009585	0.05447284345047923	0.013067092651757189	0.2147923322683706	31300	1
425	500	78	0.0641025641025641	0.38461538461538464	0.5	0.01282051282051282	0.038461538461538464	78	1
425	1000	312	0.22115384615384615	0.2916666666666667	0.22115384615384615	0.09935897435897435	0.16666666666666666	312	1
425	2000	1256	0.29777070063694266	0.24920382165605096	0.08598726114649681	0.05573248407643312	0.31130573248407645	1256	1
425	5000	7831	0.1155663389094624	0.4392797854680118	0.01532371344655855	0.020176222704635424	0.4096539394713319	7831	1
425	10000	31293	0.1024829834148212	0.613939219633784	0.05630652222541783	0.012942191544434857	0.2143290831815422	31293	1
426	500	79	0	0.6455696202531646	0.02531645569620253	0.3291139240506329	0	79	1
426	1000	316	0	0.620253164556962	0.2088607594936709	0.17088607594936708	0	316	1
426	2000	1251	0	0.7114308553157475	0.14948041566746603	0.04636290967226219	0.09272581934452438	1251	1
426	5000	7822	0.09217591408846842	0.5678854512912299	0.07338276655586806	0.026080286371771927	0.24047558169266173	7822	1
426	10000	31291	0.0797353871720303	0.7021507781790292	0.030743664312422102	0.02195519478444281	0.16541497555207568	31291	1
427	500	78	0	0.8205128205128205	0	0	0.1794871794871795	78	1
427	1000	313	0	0.7763578274760383	0	0	0.22364217252396165	313	1
427	2000	1256	0	0.8670382165605095	0	0.022292993630573247	0.1106687898089172	1256	1
427	5000	7820	0.030818414322250638	0.8505115089514067	0	0.031713554987212275	0.08695652173913043	7820	1
427	10000	31302	0.07481950035141524	0.7829212190914319	0	0.02568525972781292	0.11657402082933997	31302	1
428	500	78	0.24358974358974358	0.01282051282051282	0.6923076923076923	0	0.05128205128205128	78	1
428	1000	312	0.15064102564102563	0.1858974358974359	0.5865384615384616	0	0.07692307692307693	315	0.9904761904761905
428	2000	1061	0.0999057492931197	0.23468426013195098	0.6126295947219604	0	0.0527803958529689	1254	0.8460925039872408
428	5000	6522	0.11974854339159767	0.36016559337626497	0.42118981907390374	0.01349279362158847	0.0854032505366452	7829	0.8330565844935496
428	10000	27593	0.13623020331243432	0.4548254992208169	0.34371036132352406	0.016018555430725185	0.04921538071249955	31278	0.8821855617366839
435	500	78	0.3974358974358974	0.38461538461538464	0	0.21794871794871795	0	78	1
435	1000	312	0.40705128205128205	0.3717948717948718	0.08653846153846154	0.1346153846153846	0	312	1
435	2000	1251	0.33253397282174263	0.42046362909672264	0.16786570743405277	0.07913669064748201	0	1251	1
435	5000	7811	0.376520291896044	0.4364357956727692	0.11163743438740238	0.04404045576750736	0.03136602227627704	7811	1
435	10000	31292	0.2406046273808002	0.6237376965358558	0.05806595935063275	0.027674805061996675	0.04991691167071456	31292	1
438	500	74	0.013513513513513514	0	0.9864864864864865	0	0	74	1
438	1000	307	0.1563517915309446	0.035830618892508145	0.8078175895765473	0	0	307	1
438	2000	1243	0.3829444891391794	0.337087691069992	0.2759452936444087	0.004022526146419952	0	1243	1
438	5000	7808	0.2744620901639344	0.6048924180327869	0.04444159836065574	0.05584016393442623	0.02036372950819672	7808	1
438	10000	31276	0.30483437779767236	0.612482414631027	0.015634991686916486	0.04450697020079294	0.02254124568359125	31276	1
439	500	78	0	0	0.6153846153846154	0	0.38461538461538464	78	1
439	1000	314	0	0	0.7133757961783439	0	0.28662420382165604	314	1
439	2000	1258	0	0	0.8449920508744038	0	0.15500794912559618	1258	1
439	5000	7831	0.009577320904099093	0.03562763376324863	0.8124122078917124	0.0010215808964372365	0.14136125654450263	7831	1
439	10000	29606	0.042558940755252316	0.11582111734107951	0.7354590285752888	0.01675336080524218	0.0894075525231372	31299	0.9459088149781143
440	500	57	0	1	0	0	0	80	0.7125
440	1000	177	0	1	0	0	0	317	0.5583596214511041
440	2000	789	0.21926489226869456	0.7807351077313055	0	0	0	1255	0.6286852589641434
440	5000	6667	0.38923053847307637	0.5488225588720564	0.046347682615869204	0.00839958002099895	0.0071996400179991	7835	0.8509253350350989
440	10000	20009	0.2751761707231746	0.609425758408716	0.03673346993852766	0.06971862661802189	0.008945974311559798	31331	0.6386326641345632
441	500	77	0	0.2987012987012987	0	0.6233766233766234	0.07792207792207792	77	1
441	1000	308	0	0.6623376623376623	0	0.2077922077922078	0.12987012987012986	308	1
441	2000	1248	0	0.7780448717948718	0	0.14583333333333334	0.07612179487179487	1248	1
441	5000	7814	0.009854108011261837	0.7851292551830049	0.0014077297158945482	0.0788328640900947	0.12477604299974406	7814	1
441	10000	31299	0.05057669574107799	0.7734112910955622	0.001341895907217483	0.058052972938432534	0.11661714431770984	31299	1
443	500	76	0.631578947368421	0.3684210526315789	0	0	0	76	1
443	1000	309	0.8543689320388349	0.14563106796116504	0	0	0	309	1
443	2000	1248	0.8181089743589743	0.1762820512820513	0	0.005608974358974359	0	1248	1
443	5000	7820	0.3932225063938619	0.4979539641943734	0.015856777493606138	0.07749360613810742	0.015473145780051151	7820	1
443	10000	31304	0.2181829798108868	0.6533989266547406	0.040537950421671354	0.04571300792231025	0.042167135190391	31304	1
444	500	79	0.5822784810126582	0.4050632911392405	0	0	0.012658227848101266	79	1
444	1000	314	0.40445859872611467	0.47770700636942676	0.01910828025477707	0	0.09872611464968153	314	1
444	2000	1253	0.35514764565043894	0.5291300877893057	0.02314445331205108	0.023942537909018357	0.06863527533918595	1253	1
444	5000	7825	0.25150159744408945	0.4792332268370607	0.008562300319488817	0.044089456869009586	0.21661341853035143	7825	1
444	10000	31311	0.24103350260291911	0.5836926319823704	0.032257034269106706	0.04586247644597745	0.09715435469962633	31311	1
445	500	79	0.08860759493670886	0.9113924050632911	0	0	0	79	1
445	1000	315	0.24126984126984127	0.6761904761904762	0	0.08253968253968254	0	315	1
445	2000	1255	0.2095617529880478	0.6741035856573705	0	0.11633466135458168	0	1255	1
445	5000	7830	0.06590038314176246	0.7094508301404853	0	0.16934865900383142	0.055300127713920816	7830	1
445	10000	31287	0.1928916163262697	0.5993224022757055	0.024898520152139867	0.1422635599450251	0.040623901300859785	31287	1
446	500	78	0	0.5641025641025641	0.4358974358974359	0	0	78	1
446	1000	316	0	0.6867088607594937	0.31329113924050633	0	0	316	1
446	2000	1253	0.04549082202713488	0.6312849162011173	0.18595371109337588	0.052673583399840386	0.08459696727853153	1253	1
446	5000	7826	0.09021211346792742	0.6009455660618451	0.14860720674674163	0.042167135190391	0.11806797853309481	7826	1
446	10000	31294	0.19390298459768646	0.5610021090304851	0.14248737777209688	0.05090432670799514	0.05170320189173643	31294	1
447	500	79	0.012658227848101266	0.9873417721518988	0	0	0	79	1
447	1000	316	0.0379746835443038	0.9620253164556962	0	0	0	316	1
447	2000	1253	0.1707901037509976	0.8260175578611333	0	0.0031923383878691143	0	1253	1
447	5000	7826	0.19792997699974443	0.7586250958343982	0.02146690518783542	0.015972399693329926	0.0060056222846920524	7826	1
447	10000	31289	0.2336603918309949	0.6859918821311004	0.01729042155390073	0.03256735593978714	0.030489948544216817	31289	1
448	500	79	0.06329113924050633	0.5443037974683544	0.3924050632911392	0	0	79	1
448	1000	313	0.16613418530351437	0.4472843450479233	0.34185303514376997	0.04472843450479233	0	313	1
448	2000	1250	0.2264	0.476	0.2408	0.0568	0	1250	1
448	5000	7833	0.2240520873228648	0.6599004212945232	0.050044682752457555	0.046597727562875016	0.019405081067279457	7833	1
448	10000	31289	0.30029722905813544	0.6004985777749369	0.015532615296110453	0.04637412509188533	0.03729745277893189	31289	1
450	500	78	0	0.5256410256410257	0	0.2564102564102564	0.21794871794871795	78	1
450	1000	316	0	0.5981012658227848	0.0189873417721519	0.14873417721518986	0.23417721518987342	316	1
450	2000	1263	0	0.7054631828978623	0.0625494853523357	0.0498812351543943	0.18210609659540775	1263	1
450	5000	7825	0.07450479233226837	0.6566134185303515	0.11680511182108626	0.032843450479233226	0.1192332268370607	7825	1
450	10000	31294	0.17338786987921007	0.581101808653416	0.13836518182399182	0.056432542979484884	0.050712596663897234	31294	1
451	500	78	0	0.23076923076923078	0.7692307692307693	0	0	78	1
451	1000	314	0.18471337579617833	0.12738853503184713	0.6878980891719745	0	0	314	1
451	2000	1258	0.5286168521462639	0.03179650238473768	0.4379968203497615	0.001589825119236884	0	1258	1
451	5000	7282	0.6143916506454271	0.06069761054655314	0.2828893161219445	0.042021422686075255	0	7833	0.9296565811311119
451	10000	23933	0.7452053649772281	0.10433292942798646	0.11782893912171478	0.03121213387373083	0.0014206325993398237	31306	0.764486041014502
452	500	78	0.11538461538461539	0.44871794871794873	0.4358974358974359	0	0	78	1
452	1000	312	0.3173076923076923	0.1282051282051282	0.5544871794871795	0	0	312	1
452	2000	1255	0.5960159362549801	0.03187250996015936	0.36812749003984063	0.00398406374501992	0	1255	1
452	5000	7441	0.6281413788469292	0.05872866550194866	0.2761725574519554	0.036957398199166776	0	7818	0.9517779483243797
452	10000	24408	0.7470091773189118	0.10594886922320551	0.1152490986561783	0.030399868895444118	0.0013929859062602426	31294	0.7799578193902985
453	500	78	0	1	0	0	0	78	1
453	1000	298	0.013422818791946308	0.9865771812080537	0	0	0	310	0.9612903225806452
453	2000	1140	0.02894736842105263	0.9447368421052632	0	0.02631578947368421	0	1249	0.9127301841473179
453	5000	5629	0.11938177296144964	0.8404689998223486	0	0.024160596908864806	0.015988630307337003	7823	0.7195449316119136
453	10000	20290	0.17821586988664367	0.735731887629374	0.026761951700344996	0.023164120256283883	0.036126170527353375	31292	0.6484085389236866
456	500	79	0	0.8987341772151899	0.10126582278481013	0	0	79	1
456	1000	315	0	0.6253968253968254	0.3746031746031746	0	0	315	1
456	2000	1252	0.010383386581469648	0.7060702875399361	0.22763578274760382	0.05591054313099041	0	1252	1
456	5000	7826	0.12177357526194736	0.6767186302070023	0.14899054433938155	0.029900332225913623	0.022616917965755174	7826	1
456	10000	31307	0.10952822052576101	0.6941897978087967	0.08898968281853899	0.028715622704187562	0.07857667614271568	31307	1
457	500	79	0.3924050632911392	0.3670886075949367	0	0.24050632911392406	0	79	1
457	1000	312	0.3557692307692308	0.48717948717948717	0.08333333333333333	0.07371794871794872	0	312	1
457	2000	1253	0.29928172386272944	0.4245810055865922	0.257781324820431	0.018355945730247406	0	1253	1
457	5000	7839	0.14121699196326062	0.6097716545477739	0.17145044010715652	0.036866947314708506	0.04069396606710039	7839	1
457	10000	31291	0.08315490077018951	0.6307244894698156	0.05167620082451823	0.04838451951040235	0.18605988942507432	31291	1
458	500	78	0	0	0.6794871794871795	0	0.32051282051282054	78	1
458	1000	313	0	0.019169329073482427	0.6485623003194888	0	0.33226837060702874	313	1
458	2000	1250	0	0.22	0.4696	0	0.3104	1250	1
458	5000	7837	0.01709837948194462	0.5337501594998086	0.18029858364169962	0.01773637871634554	0.2511164986602016	7837	1
458	10000	31312	0.04308252427184466	0.6761305569749617	0.07032447623914154	0.04464741951967297	0.16581502299437914	31312	1
459	500	78	0	0.9230769230769231	0	0.07692307692307693	0	78	1
459	1000	316	0	0.8164556962025317	0	0.18354430379746836	0	316	1
459	2000	1252	0	0.7763578274760383	0	0.11980830670926518	0.10383386581469649	1252	1
459	5000	7831	0.015962201506831822	0.5870259226152471	0.019026944196143532	0.06806282722513089	0.30992210445664664	7831	1
459	10000	31309	0.040371778082979336	0.6717557251908397	0.03772078316139129	0.06397521479446805	0.18617649877032164	31309	1
460	500	77	0	0.7532467532467533	0.19480519480519481	0	0.05194805194805195	77	1
460	1000	312	0	0.5641025641025641	0.21153846153846154	0	0.22435897435897437	312	1
460	2000	1252	0	0.5942492012779552	0.09664536741214058	0.037539936102236424	0.2715654952076677	1252	1
460	5000	7827	0.0056215663728120605	0.6434138239427623	0.03973425322601252	0.051360674587964734	0.25986968187044845	7827	1
460	10000	31302	0.022266947798862693	0.6727685131940451	0.0631589035844355	0.054341575618171364	0.18746405980448533	31302	1
461	500	80	0.0375	0	0.9625	0	0	80	1
461	1000	313	0.5111821086261981	0	0.48881789137380194	0	0	313	1
461	2000	1249	0.7365892714171337	0	0.2634107285828663	0	0	1249	1
461	5000	7356	0.8825448613376835	0	0.06443719412724307	0.05301794453507341	0	7826	0.9399437771530795
461	10000	24085	0.8495744239153	0	0.10375752543076604	0.04575461905750467	9.134315964293129e-4	31307	0.7693167662184176
462	500	77	0.42857142857142855	0.22077922077922077	0	0.35064935064935066	0	77	1
462	1000	311	0.7106109324758842	0.17041800643086816	0	0.1189710610932476	0	311	1
462	2000	1249	0.6837469975980784	0.27301841473178545	0	0.04323458767013611	0	1249	1
462	5000	7821	0.7217747091164812	0.18258534714230917	0.028129395218002812	0.0333716915995397	0.03413885692366705	7821	1
462	10000	31308	0.7257889357352754	0.174651846173502	0.04212980707806312	0.028075891146032962	0.02935351986712661	31308	1
463	500	77	0	0.38961038961038963	0	0.37662337662337664	0.23376623376623376	77	1
463	1000	311	0.09003215434083602	0.5273311897106109	0	0.21221864951768488	0.17041800643086816	311	1
463	2000	1247	0.048115477145148355	0.640737770649559	0	0.19727345629510826	0.11387329591018444	1247	1
463	5000	7822	0.06801329583226796	0.697647660444899	0	0.12873945282536436	0.10559959089746868	7822	1
463	10000	31322	0.09111806398058872	0.68708894706596	0.02570078539046038	0.08399846753080902	0.11209373603218185	31322	1
464	500	75	0.13333333333333333	0.30666666666666664	0.12	0.44	0	75	1
464	1000	313	0.13099041533546327	0.5271565495207667	0.1182108626198083	0.19808306709265175	0.025559105431309903	313	1
464	2000	1248	0.0673076923076923	0.6153846153846154	0.11057692307692307	0.09615384615384616	0.11057692307692307	1248	1
464	5000	7819	0.10512853306049368	0.60276250159867	0.028136590356823123	0.14567080189282516	0.11830157309118813	7819	1
464	10000	31303	0.07657413027505351	0.5820528383860972	0.019582787592243554	0.11714532153467719	0.20464492221192856	31303	1
465	500	77	0.44155844155844154	0.5584415584415584	0	0	0	77	1
465	1000	311	0.3633440514469453	0.6366559485530546	0	0	0	311	1
465	2000	1251	0.33733013589128696	0.662669864108713	0	0	0	1251	1
465	5000	7814	0.23304325569490658	0.6210647555669312	0.031609930893268495	0.0862554389557205	0.02802661888917328	7814	1
465	10000	31305	0.4194857051589203	0.4371825586966938	0.04909758824468935	0.05650854496086887	0.037725602938827665	31305	1
466	500	78	0.8205128205128205	0.1794871794871795	0	0	0	78	1
466	1000	310	0.4161290322580645	0.5838709677419355	0	0	0	310	1
466	2000	1250	0.3248	0.6744	0	8e-4	0	1250	1
466	5000	7822	0.21171055995908974	0.6394783942725646	0.03157760163641012	0.08718997698798261	0.030043467143952955	7822	1
466	10000	31306	0.4110713601226602	0.4474541621414425	0.04631699993611448	0.05634702612917652	0.038810451670606275	31306	1
467	500	79	0.25316455696202533	0.5569620253164557	0	0.11392405063291139	0.0759493670886076	79	1
467	1000	315	0.3333333333333333	0.42857142857142855	0	0.09523809523809523	0.14285714285714285	315	1
467	2000	1255	0.2541832669322709	0.5697211155378487	0	0.06454183266932272	0.11155378486055777	1255	1
467	5000	7834	0.34171559867245344	0.5615266785805464	0.004850651008424815	0.04148583099310697	0.05042124074546847	7834	1
467	10000	31303	0.32402645113886847	0.6021467590965722	0.003929335846404498	0.05133693256237421	0.018560521355780596	31303	1
468	500	79	0.0379746835443038	0.31645569620253167	0	0.4430379746835443	0.20253164556962025	79	1
468	1000	315	0.0761904761904762	0.49206349206349204	0	0.13333333333333333	0.2984126984126984	315	1
468	2000	1255	0.2613545816733068	0.5442231075697211	0	0.06932270916334661	0.1250996015936255	1255	1
468	5000	7835	0.35162731333758773	0.5633694958519464	0.00612635609444799	0.04441608168474793	0.03446075303126994	7835	1
468	10000	31305	0.3315764254911356	0.5960070276313688	0.003513815684395464	0.051876697013256666	0.017026034179843476	31305	1
469	500	78	0.8333333333333334	0.16666666666666666	0	0	0	78	1
469	1000	313	0.7507987220447284	0.24920127795527156	0	0	0	313	1
469	2000	1253	0.7039106145251397	0.21787709497206703	0.017557861133280128	0.060654429369513166	0	1253	1
469	5000	7827	0.47055065797879136	0.41177973680848345	0.048038839913121245	0.06963076529960394	0	7827	1
469	10000	31303	0.3784940740504105	0.5332076797751014	0.029517937577867935	0.0575344216209309	0.001245886975689231	31303	1
470	500	79	0.20253164556962025	0.7974683544303798	0	0	0	79	1
470	1000	314	0.6592356687898089	0.34076433121019106	0	0	0	314	1
470	2000	1252	0.8274760383386581	0.14456869009584664	0	0.027955271565495207	0	1252	1
470	5000	7830	0.5103448275862069	0.3759897828863346	0.04865900383141762	0.06500638569604086	0	7830	1
470	10000	31310	0.39872245289045033	0.5050143724049825	0.03478122005748962	0.05892686042797828	0.0025550942190993293	31310	1
471	500	79	0.379746835443038	0.46835443037974683	0	0	0.1518987341772152	79	1
471	1000	313	0.35782747603833864	0.48242811501597443	0	0	0.1597444089456869	313	1
471	2000	1250	0.4144	0.4272	0	0.0048	0.1536	1250	1
471	5000	7435	0.3444519166106254	0.4316072629455279	0.09509078681909885	0.08890383322125084	0.03994620040349697	7812	0.9517409114183307
471	10000	26948	0.5440849042600564	0.3079634852308149	0.07930087576072435	0.05135817129286032	0.01729256345554401	31305	0.8608209551189906
472	500	77	0.42857142857142855	0.4025974025974026	0	0	0.16883116883116883	77	1
472	1000	310	0.4774193548387097	0.3935483870967742	0	0	0.12903225806451613	310	1
472	2000	1248	0.43509615384615385	0.40544871794871795	0	0.004006410256410256	0.15544871794871795	1248	1
472	5000	7376	0.3495119305856833	0.4231290672451193	0.09720715835140997	0.08866594360086767	0.04148590021691974	7828	0.9422585590189065
472	10000	26756	0.5392809089550007	0.3123411571236358	0.07919718941545821	0.05157721632531021	0.017603528180595008	31301	0.8547969713427686
473	500	78	0.038461538461538464	0.7435897435897436	0	0.21794871794871795	0	78	1
473	1000	313	0.28434504792332266	0.48242811501597443	0.10223642172523961	0.13099041533546327	0	313	1
473	2000	1255	0.4454183266932271	0.450996015936255	0.05657370517928287	0.04701195219123506	0	1255	1
473	5000	7825	0.5814696485623003	0.1300958466453674	0.11565495207667732	0.17277955271565495	0	7825	1
473	10000	31282	0.7076913240841378	0.07521897576881273	0.07445176139633015	0.1307461159772393	0.011891822773479957	31282	1
474	500	77	0.012987012987012988	0.38961038961038963	0.2077922077922078	0.38961038961038963	0	77	1
474	1000	311	0.3022508038585209	0.3665594855305466	0.19935691318327975	0.13183279742765272	0	311	1
474	2000	1247	0.4490777866880513	0.40096230954290296	0.09703287890938252	0.05292702485966319	0	1247	1
474	5000	7819	0.612354521038496	0.125975188643049	0.10934902161401713	0.1523212687044379	0	7819	1
474	10000	31292	0.7151668157995654	0.07081682219097533	0.07886999872171802	0.12325834078997827	0.011888022497763006	31292	1
475	500	79	0.0759493670886076	0.9240506329113924	0	0	0	79	1
475	1000	315	0.09523809523809523	0.9047619047619048	0	0	0	315	1
475	2000	1250	0.0584	0.9304	0	0	0.0112	1250	1
475	5000	7826	0.10784564272936366	0.7563250702785587	0.06299514439049322	0.05162279580884232	0.021211346792742142	7826	1
475	10000	31303	0.14583266779541898	0.7208893716257228	0.028879021180078585	0.04315880267067054	0.06124013672810913	31303	1
476	500	79	0.22784810126582278	0.7721518987341772	0	0	0	79	1
476	1000	313	0.09584664536741214	0.9041533546325878	0	0	0	313	1
476	2000	1253	0.041500399042298484	0.9553072625698324	0	0	0.0031923383878691143	1253	1
476	5000	7824	0.11209100204498977	0.7523006134969326	0.06313905930470348	0.053169734151329244	0.01929959100204499	7824	1
476	10000	31300	0.14840255591054313	0.7167092651757189	0.029361022364217254	0.04434504792332268	0.061182108626198085	31300	1
477	500	76	0.5789473684210527	0	0	0.42105263157894735	0	76	1
477	1000	310	0.7935483870967742	0.0064516129032258064	0	0.2	0	310	1
477	2000	1247	0.7914995990376904	0.060144346431435444	0.007217321571772253	0.14113873295910184	0	1247	1
477	5000	7824	0.6234662576687117	0.19785276073619631	0.0924079754601227	0.08627300613496933	0	7824	1
477	10000	31302	0.5581113027921538	0.33029838348987284	0.037090281771132834	0.07395693565906332	5.430962877771389e-4	31302	1
478	500	77	0.5844155844155844	0	0	0.4155844155844156	0	77	1
478	1000	311	0.729903536977492	0	0	0.27009646302250806	0	311	1
478	2000	1251	0.762589928057554	0.09352517985611511	0.003996802557953637	0.1398880895283773	0	1251	1
478	5000	7827	0.6391976491631531	0.1829564328606107	0.08956177334866487	0.08828414462757123	0	7827	1
478	10000	31282	0.5645099418195767	0.3201201969183556	0.04018285275877501	0.07518700850329263	0	31282	1
479	500	79	0.620253164556962	0.379746835443038	0	0	0	79	1
479	1000	314	0.6592356687898089	0.31210191082802546	0	0.028662420382165606	0	314	1
479	2000	1260	0.542063492063492	0.42857142857142855	0	0.029365079365079365	0	1260	1
479	5000	7212	0.411120354963949	0.4848863006100943	0.008596783139212423	0.06253466444814199	0.03286189683860233	7829	0.9211904457785157
479	10000	24619	0.35964092773873835	0.44274747146512855	0.08046630651123117	0.055241886347942644	0.06190340793695926	31292	0.7867506071839447
480	500	79	0.4810126582278481	0	0.5189873417721519	0	0	79	1
480	1000	315	0.3619047619047619	0	0.638095238095238	0	0	315	1
480	2000	1250	0.432	0	0.568	0	0	1250	1
480	5000	7452	0.487788513150832	0.09702093397745572	0.4011003757380569	0.014090177133655395	0	7825	0.952332268370607
480	10000	25039	0.46966731898238745	0.2466552178601382	0.22924238188426055	0.04960261991293582	0.004832461360277966	31301	0.7999424938500368
481	500	71	0	0.9295774647887324	0.07042253521126761	0	0	78	0.9102564102564102
481	1000	247	0	0.9109311740890689	0.08906882591093117	0	0	314	0.7866242038216561
481	2000	822	0.07785888077858881	0.8807785888077859	0.0413625304136253	0	0	1259	0.6528991262907069
483	500	77	1	0	0	0	0	77	1
483	1000	310	0.9096774193548387	0	0.09032258064516129	0	0	310	1
483	2000	1246	0.7776886035313002	0.002407704654895666	0.21508828250401285	0.004815409309791332	0	1246	1
483	5000	7819	0.7344929019056146	0.10461695869036962	0.135183527305282	0.025706612098733855	0	7819	1
483	10000	31289	0.7050401099427914	0.18060660295950653	0.08910479721307808	0.025248489884623988	0	31289	1
485	500	75	0	1	0	0	0	75	1
485	1000	310	0	1	0	0	0	310	1
485	2000	1245	0	0.9397590361445783	0	0.060240963855421686	0	1245	1
485	5000	7812	0.015104966717869943	0.8561187916026626	0.011904761904761904	0.08883768561187916	0.02803379416282642	7812	1
485	10000	31304	0.028910043444927164	0.8758944543828264	0.010350115001277792	0.06650907232302582	0.018336314847942754	31304	1
486	500	79	0	0.8227848101265823	0	0	0.17721518987341772	79	1
486	1000	314	0.06687898089171974	0.5605095541401274	0.01910828025477707	0	0.3535031847133758	314	1
486	2000	1260	0.06587301587301587	0.3753968253968254	0.049206349206349205	0.034126984126984124	0.4753968253968254	1260	1
486	5000	7839	0.04566909044520985	0.3467278989667049	0.026916698558489605	0.035973976272483735	0.5447123357571119	7839	1
486	10000	31311	0.0531442623997956	0.3872760371754336	0.008782855865350835	0.05918047970361854	0.49161636485580146	31311	1
487	500	51	0.5294117647058824	0	0	0.47058823529411764	0	80	0.6375
487	1000	171	0.6081871345029239	0	0.1286549707602339	0.2631578947368421	0	313	0.5463258785942492
487	2000	640	0.6234375	0	0.2921875	0.084375	0	1248	0.5128205128205128
487	5000	4210	0.6836104513064133	0	0.268646080760095	0.040142517814726844	0.007600950118764846	7822	0.5382255177703912
488	500	53	0.18867924528301888	0.22641509433962265	0	0	0.5849056603773585	79	0.6708860759493671
488	1000	227	0.18061674008810572	0.3303964757709251	0	0	0.4889867841409692	314	0.7229299363057324
488	2000	1057	0.2109744560075686	0.3954588457899716	0	0.017029328287606435	0.37653736991485337	1255	0.8422310756972111
488	5000	5392	0.20419139465875372	0.3475519287833828	0.012425816023738873	0.032640949554896145	0.40318991097922846	7827	0.6888974064136962
488	10000	18204	0.25796528235552624	0.3581081081081081	0.018512414853878268	0.04515491100856955	0.3202592836739178	31280	0.5819693094629156
489	500	78	0.41025641025641024	0.5769230769230769	0	0.01282051282051282	0	78	1
489	1000	314	0.12420382165605096	0.7547770700636943	0	0.1178343949044586	0.0031847133757961785	314	1
489	2000	1253	0.03112529928172386	0.8228252194732641	0	0.06225059856344772	0.08379888268156424	1253	1
489	5000	7818	0.01419800460475825	0.8989511383985674	0.0028140189306728063	0.04310565361985162	0.04093118444614991	7818	1
489	10000	31318	0.15987610958554185	0.690625199565745	0.035123571109266234	0.030493645826681143	0.08388147391276582	31318	1
491	500	77	0	0.6883116883116883	0	0.3116883116883117	0	77	1
491	1000	309	0	0.8414239482200647	0	0.13915857605177995	0.019417475728155338	309	1
491	2000	1248	0	0.8181089743589743	0	0.0641025641025641	0.11778846153846154	1248	1
491	5000	7812	0.017793138760880695	0.8626472094214029	0	0.05696364567332309	0.06259600614439324	7812	1
491	10000	31305	0.026864718096150774	0.7593355693978597	0	0.03625618910717138	0.17754352339881807	31305	1
495	500	80	0.1	0.9	0	0	0	80	1
495	1000	315	0.14285714285714285	0.8571428571428571	0	0	0	315	1
495	2000	1254	0.1251993620414673	0.854066985645933	0	0.02073365231259968	0	1254	1
495	5000	7829	0.04955933069357517	0.8850427896283051	0.013283944309618087	0.02273598160684634	0.029377953761655383	7829	1
495	10000	31299	0.06559314994089269	0.8288124221221125	0.00894597271478322	0.03964982906802134	0.05699862615419023	31299	1
498	500	79	0.7215189873417721	0	0	0.08860759493670886	0.189873417721519	79	1
498	1000	302	0.39072847682119205	0	0	0.24172185430463577	0.3675496688741722	313	0.9648562300319489
498	2000	963	0.35202492211838005	0	0	0.2897196261682243	0.3582554517133956	1251	0.7697841726618705
498	5000	4542	0.3379568472038749	0	0.0048436811977102595	0.24966974900924702	0.40752972258916775	7821	0.5807441503644035
499	500	79	0.7721518987341772	0	0	0.22784810126582278	0	79	1
499	1000	315	0.5555555555555556	0.3619047619047619	0	0.08253968253968254	0	315	1
499	2000	1250	0.6888	0.268	0	0.0432	0	1250	1
499	5000	7832	0.7711950970377937	0.16062308478038814	0.015321756894790603	0.028472931562819204	0.024387129724208374	7832	1
499	10000	31305	0.7784060054304425	0.1414151094074429	0.03692700846510142	0.01875099824309216	0.0245008784539211	31305	1
500	500	79	0.379746835443038	0.620253164556962	0	0	0	79	1
500	1000	315	0.2857142857142857	0.6507936507936508	0	0	0.06349206349206349	315	1
500	2000	1252	0.15415335463258786	0.8146964856230032	0	0	0.031150159744408944	1252	1
500	5000	7830	0.16538952745849297	0.6411238825031929	0.045210727969348656	0.008045977011494253	0.14022988505747128	7830	1
500	10000	31295	0.117015497683336	0.6390477712094583	0.04355328327208819	0.01016136763061192	0.1902220802045055	31295	1
502	500	79	0	0	1	0	0	79	1
502	1000	314	0	0	1	0	0	314	1
502	2000	1064	0.02913533834586466	0.03383458646616541	0.9370300751879699	0	0	1254	0.8484848484848485
502	5000	6098	0.03148573302722204	0.40406690718268284	0.5537881272548376	0	0.010659232535257461	7829	0.7788989653851066
502	10000	23467	0.04035454041845996	0.42536327608982827	0.4994673371116888	0.0017897473047257851	0.03302509907529723	31278	0.7502717565061705
504	500	79	0.6708860759493671	0.3291139240506329	0	0	0	79	1
504	1000	316	0.5917721518987342	0.40822784810126583	0	0	0	316	1
504	2000	1254	0.6052631578947368	0.2902711323763955	0	0.025518341307814992	0.07894736842105263	1254	1
504	5000	7833	0.4381463040980467	0.4132516277288395	0.005361930294906166	0.064343163538874	0.07889697433933358	7833	1
504	10000	31321	0.27195811117141855	0.563647393122825	0.006066217553717953	0.06296095271543055	0.09536732543660803	31321	1
505	500	77	0	0	0.012987012987012988	0	0.987012987012987	77	1
505	1000	312	0	0.016025641025641024	0.10256410256410256	0	0.8814102564102564	312	1
505	2000	1251	0	0.050359712230215826	0.37090327737809753	0.005595523581135092	0.5731414868105515	1251	1
505	5000	7828	0.0774144098109351	0.1660705160960654	0.42973939703628	0.01852324987225345	0.308252427184466	7828	1
505	10000	31313	0.09574298214798965	0.30936032957557563	0.16635263309168716	0.0181394309072909	0.41040462427745666	31313	1
517	500	79	0	0	1	0	0	79	1
517	1000	315	0	0	0.9015873015873016	0	0.09841269841269841	315	1
517	2000	1256	0	0.019904458598726114	0.7062101910828026	0.007165605095541401	0.26671974522292996	1256	1
517	5000	7833	0.030001276650070217	0.18460360015319802	0.39499553172475427	0.01493680582152432	0.3754627856504532	7833	1
517	10000	31328	0.12340398365679264	0.32501276813074564	0.17412538304392236	0.017300817160367722	0.3601570480081716	31328	1
518	500	77	0	0.8441558441558441	0	0.15584415584415584	0	77	1
518	1000	309	0.012944983818770227	0.7055016181229773	0	0.2815533980582524	0	309	1
518	2000	1249	0.19055244195356286	0.5668534827862289	0	0.22257806244995998	0.020016012810248198	1249	1
518	5000	7828	0.2719724067450179	0.6039856923863056	0.009325498211548287	0.09453244762391415	0.0201839550332141	7828	1
518	10000	31318	0.2393831023692445	0.5945781978414969	0.007439810971326394	0.10441279775209145	0.05418609106584073	31318	1
519	500	79	0	0.8481012658227848	0	0	0.1518987341772152	79	1
519	1000	313	0	0.731629392971246	0	0.051118210862619806	0.21725239616613418	313	1
519	2000	1254	0	0.7296650717703349	0	0.05582137161084529	0.21451355661881977	1254	1
519	5000	7828	0.0035769034236075624	0.7538323965252938	3.832396525293817e-4	0.07907511497189576	0.1631323454266735	7828	1
519	10000	31303	0.038366929687250424	0.7264479442864901	0.008593425550266747	0.06258186116346676	0.16400983931252597	31303	1
520	500	79	0	0.7974683544303798	0	0.13924050632911392	0.06329113924050633	79	1
520	1000	315	0	0.7492063492063492	0	0.09206349206349207	0.15873015873015872	315	1
520	2000	1254	0	0.7368421052631579	0	0.08293460925039872	0.18022328548644337	1254	1
520	5000	7833	0.005361930294906166	0.741733690795353	0.0075322354142729475	0.07979062938848462	0.16558151410698327	7833	1
520	10000	31309	0.04049953687438117	0.7057395637037274	0.008975055095978792	0.05876904404484334	0.18601680028106934	31309	1
521	500	79	0	0.9367088607594937	0	0	0.06329113924050633	79	1
521	1000	313	0.10862619808306709	0.5686900958466453	0.04153354632587859	0	0.28115015974440893	313	1
521	2000	1258	0.06518282988871224	0.39109697933227344	0.054848966613672494	0.04213036565977742	0.4467408585055644	1258	1
521	5000	7827	0.047144499808355694	0.3586303820109876	0.02695796601507602	0.035007026957966016	0.5322601252076147	7827	1
521	10000	31303	0.05162444494137942	0.38897230297415586	0.008880937929271955	0.0590039293358464	0.4915183848193464	31303	1
522	500	77	0.7012987012987013	0.05194805194805195	0.24675324675324675	0	0	77	1
522	1000	310	0.5903225806451613	0.12580645161290321	0.2838709677419355	0	0	310	1
522	2000	1251	0.30935251798561153	0.3413269384492406	0.34932054356514786	0	0	1251	1
522	5000	7814	0.28525723061172253	0.32851292551830047	0.34937292039928336	0.032633734323009984	0.004223189147683644	7814	1
522	10000	31275	0.45346123101518787	0.31402078337330136	0.17390887290167867	0.022190247801758593	0.03641886490807354	31275	1
524	500	80	0	1	0	0	0	80	1
524	1000	315	0	0.8571428571428571	0.06666666666666667	0.0761904761904762	0	315	1
524	2000	1254	0.05741626794258373	0.7543859649122807	0.10526315789473684	0.06060606060606061	0.022328548644338118	1254	1
524	5000	7836	0.04211332312404288	0.7317508933129148	0.028203164880040838	0.06291475242470648	0.13501786625829504	7836	1
524	10000	31311	0.06454600619590559	0.7755740793970171	0.007441474242279071	0.06004279646130753	0.09239564370349079	31311	1
526	500	77	0	1	0	0	0	77	1
526	1000	311	0	1	0	0	0	311	1
526	2000	1249	0.03042433947157726	0.8791032826261009	0	0.06405124099279423	0.02642113690952762	1249	1
526	5000	7816	0.11732343909928353	0.7831371545547595	0.00831627430910952	0.06601842374616172	0.025204708290685773	7816	1
526	10000	31299	0.17914310361353397	0.6373366561231988	0.050097447202786034	0.037796734719959105	0.09562605834052205	31299	1
527	500	78	0.34615384615384615	0.6538461538461539	0	0	0	78	1
527	1000	313	0.4281150159744409	0.5431309904153354	0	0	0.02875399361022364	313	1
527	2000	1254	0.430622009569378	0.4569377990430622	0	0.046251993620414676	0.06618819776714513	1254	1
527	5000	7828	0.3920541645375575	0.4532447623914154	0.07920286152273888	0.03231987736331119	0.043178334184977005	7828	1
527	10000	30343	0.26164189434136376	0.552944665985565	0.06960419207065881	0.04353557657449824	0.07227367102791418	31289	0.9697657323660073
528	500	78	0.10256410256410256	0.717948717948718	0.1794871794871795	0	0	78	1
528	1000	314	0.4554140127388535	0.35987261146496813	0.18471337579617833	0	0	314	1
528	2000	1254	0.6722488038277512	0.2025518341307815	0.10287081339712918	0.022328548644338118	0	1254	1
528	5000	7717	0.4817934430478165	0.3271996889983154	0.0546844628741739	0.030711416353505248	0.10561098872618893	7818	0.9870810949091839
528	10000	28534	0.31516786990958157	0.477605663419079	0.07454265087264317	0.04825821826592837	0.08442559753276793	31289	0.911949886541596
529	500	79	0.4177215189873418	0.5822784810126582	0	0	0	79	1
529	1000	317	0.4416403785488959	0.5583596214511041	0	0	0	317	1
529	2000	1257	0.4375497215592681	0.5338106603023071	0.008750994431185362	0.01988862370723946	0	1257	1
529	5000	7831	0.4480909206997829	0.41808198186693907	0.0849189120163453	0.04482186183118376	0.004086323585748946	7831	1
529	10000	31315	0.5122784608015328	0.2809516206290915	0.04662302410985151	0.1372824524988025	0.0228644419607217	31315	1
531	500	78	0	0.5641025641025641	0.28205128205128205	0	0.15384615384615385	78	1
531	1000	312	0.0641025641025641	0.46474358974358976	0.3717948717948718	0	0.09935897435897435	312	1
531	2000	1249	0.17053642914331466	0.45956765412329864	0.32425940752602084	0	0.045636509207365894	1249	1
531	5000	7831	0.2962584599667986	0.3890946239305325	0.2704635423317584	0.013535946877793385	0.0306474268931171	7831	1
531	10000	31310	0.3711274353241776	0.4241775790482274	0.13695305014372405	0.04011497923985947	0.0276269562440115	31310	1
533	500	74	0	1	0	0	0	77	0.961038961038961
533	1000	208	0	1	0	0	0	311	0.6688102893890675
534	500	42	0	0	1	0	0	79	0.5316455696202531
534	1000	199	0	0.12060301507537688	0.8793969849246231	0	0	315	0.6317460317460317
534	2000	892	0.24663677130044842	0.20964125560538116	0.5067264573991032	0.03699551569506727	0	1251	0.7130295763389288
534	5000	4354	0.3927423059255857	0.24207625172255398	0.18810289389067525	0.10978410656867249	0.06729444189251263	7826	0.556350626118068
534	10000	18324	0.3422287710106964	0.45082951320672343	0.0887906570617769	0.0771665575201921	0.04098450120061122	31287	0.5856745613193979
535	500	76	0.5131578947368421	0.27631578947368424	0	0.21052631578947367	0	76	1
535	1000	310	0.2064516129032258	0.6096774193548387	0	0.13225806451612904	0.05161290322580645	310	1
535	2000	1249	0.1465172137710168	0.745396317053643	0	0.08566853482786228	0.02241793434747798	1249	1
535	5000	7828	0.25025549310168627	0.6332396525293817	0.03602452733776188	0.07639243740419009	0.004087889626980072	7828	1
535	10000	31313	0.3554114904352825	0.4562003001948073	0.05317280362788618	0.04359211828952831	0.09162328745249577	31313	1
536	500	79	0.3037974683544304	0.4430379746835443	0	0	0.25316455696202533	79	1
536	1000	316	0.2626582278481013	0.5253164556962026	0	0.12341772151898735	0.08860759493670886	316	1
536	2000	1256	0.1536624203821656	0.6520700636942676	0.01910828025477707	0.15286624203821655	0.022292993630573247	1256	1
536	5000	7840	0.1971938775510204	0.6885204081632653	0.028316326530612244	0.07716836734693877	0.008801020408163265	7840	1
536	10000	31323	0.36720620630207834	0.4725281741851036	0.040992242122402066	0.04195000478881333	0.07732337260160266	31323	1
537	500	78	0.2564102564102564	0	0.7435897435897436	0	0	78	1
537	1000	311	0.3729903536977492	0	0.6270096463022508	0	0	311	1
537	2000	1252	0.4968051118210863	0	0.5031948881789138	0	0	1252	1
537	5000	7821	0.6079785193709244	0.004219409282700422	0.36082342411456336	0.02697864723181179	0	7821	1
537	10000	31303	0.7926396830974667	0.015397885186723317	0.17116570296776668	0.02079672874804332	0	31303	1
539	500	77	0.5714285714285714	0	0.42857142857142855	0	0	77	1
539	1000	312	0.5192307692307693	0.04487179487179487	0.4358974358974359	0	0	312	1
539	2000	1251	0.328537170263789	0.3229416466826539	0.34852118305355717	0	0	1251	1
539	5000	7828	0.40789473684210525	0.48377618804292283	0.09389371486969852	0.008559018906489526	0.005876341338783853	7828	1
539	10000	31298	0.37321873602147104	0.48140456259185893	0.06946130743178477	0.016135216307751294	0.059780177647134	31298	1
541	500	79	0.4936708860759494	0.24050632911392406	0.26582278481012656	0	0	79	1
541	1000	315	0.5365079365079365	0.30158730158730157	0.1619047619047619	0	0	315	1
541	2000	1089	0.4315886134067952	0.19008264462809918	0.29660238751147844	0.05601469237832874	0.025711662075298437	1255	0.8677290836653386
541	5000	5262	0.40421892816419613	0.16913721018624098	0.2540858988977575	0.11345496009122007	0.05910300266058533	7833	0.6717732669475297
541	10000	18603	0.48986722571628233	0.17362790947696607	0.09326452722679138	0.13712842014728807	0.10611191743267215	31327	0.593832795990679
542	500	79	0.5949367088607594	0	0	0.4050632911392405	0	79	1
542	1000	312	0.6987179487179487	0.028846153846153848	0	0.2724358974358974	0	312	1
542	2000	1252	0.7124600638977636	0.12380191693290735	0	0.16373801916932906	0	1252	1
542	5000	7836	0.6466309341500766	0.17457886676875958	0.0874170495150587	0.09137314956610515	0	7836	1
542	10000	31277	0.5781884451833615	0.30137161492470504	0.041947757137832914	0.0783962656264987	9.591712760175209e-5	31277	1
543	500	78	0.48717948717948717	0.5128205128205128	0	0	0	78	1
543	1000	312	0.1762820512820513	0.8237179487179487	0	0	0	312	1
543	2000	1250	0.052	0.904	0	0.044	0	1250	1
543	5000	7826	0.19562995144390494	0.7117301303347815	0.0035778175313059034	0.07922310247891644	0.009838998211091235	7826	1
543	10000	31311	0.26604068857589985	0.6270320334706653	0.024432308134521415	0.059627606911309125	0.022867362907604355	31311	1
545	500	80	0.2	0.0375	0	0.35	0.4125	80	1
545	1000	313	0.2364217252396166	0.07987220447284345	0.019169329073482427	0.24600638977635783	0.4185303514376997	313	1
545	2000	1253	0.2761372705506784	0.15722266560255388	0.027932960893854747	0.1827613727055068	0.3559457302474062	1253	1
545	5000	7828	0.3205160960654062	0.3854113438937149	0.03410832907511497	0.10130301481859989	0.15866121614716402	7828	1
545	10000	31303	0.5662716033607003	0.19790435421525093	0.05737469252148356	0.12797495447720666	0.050474395425358594	31303	1
546	500	78	0.358974358974359	0.0641025641025641	0	0.3076923076923077	0.2692307692307692	78	1
546	1000	315	0.2984126984126984	0.14603174603174604	0	0.2126984126984127	0.34285714285714286	315	1
546	2000	1254	0.19936204146730463	0.18660287081339713	0.022328548644338118	0.23843700159489634	0.3532695374800638	1254	1
546	5000	7832	0.28983656792645557	0.4009193054136874	0.039708886618998976	0.11363636363636363	0.15589887640449437	7832	1
546	10000	31300	0.5506070287539936	0.2111182108626198	0.060031948881789136	0.12776357827476037	0.05047923322683706	31300	1
547	500	80	0.475	0	0	0.525	0	80	1
547	1000	316	0.7341772151898734	0.015822784810126583	0	0.25	0	316	1
547	2000	1266	0.6848341232227488	0.02843601895734597	0	0.24486571879936808	0.04186413902053712	1266	1
547	5000	7773	0.6387495175607873	0.1321240190402676	0.041425447060337066	0.1286504567091213	0.05905055962948669	7825	0.9933546325878594
547	10000	25923	0.5428384060486826	0.20672761640242257	0.08544535740462138	0.10785788681865525	0.057130733325618174	31329	0.8274442210092885
548	500	78	0.5128205128205128	0.01282051282051282	0	0.47435897435897434	0	78	1
548	1000	312	0.6826923076923077	0.07051282051282051	0	0.24358974358974358	0.003205128205128205	312	1
548	2000	1251	0.6578737010391686	0.02877697841726619	0	0.21982414068745004	0.09352517985611511	1251	1
548	5000	7698	0.6393868537282411	0.127435697583788	0.04767472070667706	0.12782540919719407	0.05767731878409977	7821	0.9842731108553894
548	10000	25590	0.5503321610003907	0.21082454083626417	0.08636186010160218	0.10191481047284096	0.050566627588901916	31311	0.8172846603430104
549	500	81	0.4074074074074074	0.5555555555555556	0	0.037037037037037035	0	81	1
549	1000	316	0.46835443037974683	0.25316455696202533	0	0.07278481012658228	0.20569620253164558	316	1
549	2000	1253	0.266560255387071	0.08699122106943336	0.019154030327214685	0.1077414205905826	0.5195530726256983	1253	1
549	5000	7832	0.37665985699693566	0.1524514811031665	0.023748723186925433	0.05273237997957099	0.39440755873340144	7832	1
549	10000	30651	0.44719585005383183	0.17849336073863822	0.04401161462921275	0.10149750415973377	0.2288016704185834	31315	0.9787961041034648
550	500	78	0.5128205128205128	0.47435897435897434	0	0.01282051282051282	0	78	1
550	1000	312	0.5673076923076923	0.22756410256410256	0	0.07692307692307693	0.1282051282051282	312	1
550	2000	1251	0.2789768185451639	0.08713029576338929	0.02478017585931255	0.11191047162270183	0.49720223820943243	1251	1
550	5000	7818	0.38679969301611666	0.14773599386032232	0.019442312611921208	0.05845484778715784	0.38756715272448194	7818	1
550	10000	30837	0.4480656354379479	0.1830917404416772	0.04426500632357233	0.09663715666245096	0.2279404611343516	31313	0.9847986459298055
551	500	75	0.5733333333333334	0.4266666666666667	0	0	0	75	1
551	1000	310	0.8096774193548387	0.18064516129032257	0	0.00967741935483871	0	310	1
551	2000	1243	0.9235720032180209	0.05631536604987932	0	0.02011263073209976	0	1243	1
551	5000	7811	0.9338112917680195	0.021764178722314686	0.02560491614389963	0.01881961336576623	0	7811	1
551	10000	31293	0.8039817211516953	0.060492761959543666	0.024670054005688172	0.04122327677116288	0.06963218611191001	31293	1
552	500	77	0.6493506493506493	0.35064935064935066	0	0	0	77	1
552	1000	311	0.8167202572347267	0.1832797427652733	0	0	0	311	1
552	2000	1249	0.922337870296237	0.05684547638110488	0.0024019215372297837	0.018414731785428344	0	1249	1
552	5000	7824	0.9339212678936605	0.021600204498977506	0.025434560327198364	0.0190439672801636	0	7824	1
552	10000	31297	0.8046138607534269	0.06010160718279707	0.024571045148097263	0.04265584560820526	0.06805764130747356	31297	1
553	500	78	0.358974358974359	0.16666666666666666	0	0.47435897435897434	0	78	1
553	1000	312	0.1891025641025641	0.40705128205128205	0.09294871794871795	0.3108974358974359	0	312	1
553	2000	1253	0.05826017557861133	0.432561851556265	0.2298483639265762	0.27932960893854747	0	1253	1
553	5000	7817	0.37674299603428424	0.3978508379173596	0.08430344121785852	0.1238326723807087	0.017270052449788922	7817	1
553	10000	31306	0.276336804446432	0.5946463936625567	0.04689196959049383	0.07158372197022934	0.010541110330288124	31306	1
554	500	79	0.3291139240506329	0.16455696202531644	0.05063291139240506	0.45569620253164556	0	79	1
554	1000	312	0.18269230769230768	0.24358974358974358	0.23076923076923078	0.34294871794871795	0	312	1
554	2000	1251	0.06314948041566747	0.35251798561151076	0.3029576338928857	0.28137490007993604	0	1251	1
554	5000	7814	0.36524187356027643	0.41080112618377274	0.08216022523675455	0.12452009214230868	0.017276682876887637	7814	1
554	10000	31307	0.27715846296355445	0.5925511866355767	0.046283578752355704	0.07346599801961223	0.010540773628900884	31307	1
555	500	79	0.13924050632911392	0.27848101265822783	0	0.5822784810126582	0	79	1
555	1000	314	0.13694267515923567	0.6242038216560509	0	0.23885350318471338	0	314	1
555	2000	1254	0.12200956937799043	0.7711323763955343	0	0.10685805422647528	0	1254	1
555	5000	7835	0.17038927887683472	0.7236758136566688	0.009317166560306317	0.07568602425015954	0.020931716656030632	7835	1
555	10000	31281	0.26092516223905887	0.6508423643745405	0.004411623669320034	0.0531632620440523	0.030657587673028355	31281	1
556	500	80	0.4875	0.35	0	0.1625	0	80	1
556	1000	315	0.20634920634920634	0.5111111111111111	0	0.28253968253968254	0	315	1
556	2000	1257	0.2307080350039777	0.6332537788385044	0.002386634844868735	0.13365155131264916	0	1257	1
556	5000	7831	0.18018133060911762	0.7280040863235857	0.009321925679989785	0.061550249010343505	0.020942408376963352	7831	1
556	10000	31324	0.27174051845230496	0.6407227684842294	0.004277870003830928	0.051398288851998465	0.03186055420763632	31324	1
557	500	76	0.21052631578947367	0.23684210526315788	0	0.5526315789473685	0	76	1
557	1000	309	0.343042071197411	0.36893203883495146	0	0.28802588996763756	0	309	1
557	2000	1250	0.2464	0.4136	0.0672	0.2728	0	1250	1
557	5000	7818	0.584932207725761	0.14492197492964953	0.07700179073931952	0.1931440266052699	0	7818	1
557	10000	31295	0.6528518932736859	0.1204026202268733	0.06908451829365714	0.1457740853171433	0.011886882888640357	31295	1
558	500	77	0.09090909090909091	0.4805194805194805	0	0.42857142857142855	0	77	1
558	1000	309	0.27184466019417475	0.4919093851132686	0	0.23624595469255663	0	309	1
558	2000	1247	0.27506014434643145	0.43063352044907777	0.04570970328789094	0.24859663191659984	0	1247	1
558	5000	7818	0.5711179329751854	0.14709644410335124	0.08288564850345356	0.19889997441800972	0	7818	1
558	10000	31293	0.6580385389703768	0.11584060332981817	0.069248713769852685	0.14498450132617519	0.011887642603777202	31293	1
559	500	78	0.34615384615384615	0.0641025641025641	0	0.5897435897435898	0	78	1
559	1000	312	0.30448717948717946	0.36217948717948717	0	0.3333333333333333	0	312	1
559	2000	1249	0.433146517213771	0.36989591673338673	0	0.1969575660528423	0	1249	1
559	5000	7830	0.6392081736909323	0.23754789272030652	0.007662835249042145	0.11558109833971902	0	7830	1
559	10000	31306	0.6387593432568837	0.2858557465022679	0.0063246661981728744	0.06906024404267552	0	31306	1
560	500	78	0.5512820512820513	0.0641025641025641	0	0.38461538461538464	0	78	1
560	1000	315	0.3492063492063492	0.32063492063492066	0	0.33015873015873015	0	315	1
560	2000	1253	0.46288906624102155	0.35195530726256985	0	0.18515562649640863	0	1253	1
560	5000	7830	0.638058748403576	0.24022988505747125	0.007662835249042145	0.1140485312899106	0	7830	1
560	10000	31320	0.6372924648786717	0.2875159642401022	0.00632183908045977	0.06883780332056194	3.192848020434228e-5	31320	1
561	500	78	0.2948717948717949	0.2564102564102564	0	0	0.44871794871794873	78	1
561	1000	312	0.32371794871794873	0.3333333333333333	0	0	0.34294871794871795	312	1
561	2000	1253	0.3304070231444533	0.4748603351955307	0.026336791699920193	0.07501995211492418	0.09337589784517158	1253	1
561	5000	7828	0.45605518650996424	0.4061062851303015	0.021972406745017884	0.09133878385283598	0.02452733776188043	7828	1
561	10000	31285	0.48023014224069044	0.3307975067923925	0.06498321879494966	0.07316605401949816	0.05082307815246923	31285	1
562	500	77	0.5064935064935064	0.4935064935064935	0	0	0	77	1
562	1000	310	0.3419354838709677	0.4774193548387097	0	0	0.18064516129032257	310	1
562	2000	1248	0.3108974358974359	0.5456730769230769	0.009615384615384616	0.04006410256410257	0.09375	1248	1
562	5000	7821	0.4835698759749393	0.3848612709372203	0.027362229893875465	0.08668968162639049	0.017516941567574478	7821	1
562	10000	31314	0.4857891039151817	0.3298524621575014	0.06109088586574695	0.07424794021843265	0.049019607843137254	31314	1
563	500	78	0.3333333333333333	0.4230769230769231	0	0.24358974358974358	0	78	1
563	1000	311	0.42443729903536975	0.27009646302250806	0	0.3054662379421222	0	311	1
563	2000	1253	0.6121308858739026	0.1779728651237031	0	0.20989624900239426	0	1253	1
563	5000	7822	0.7151623625671184	0.17131168499105087	0.008437739708514446	0.10508821273331628	0	7822	1
563	10000	31311	0.6909392865127272	0.23413496854140717	0.006323656223052601	0.06860208872281306	0	31311	1
564	500	76	0.039473684210526314	0.6447368421052632	0	0.3157894736842105	0	76	1
564	1000	308	0.2824675324675325	0.30194805194805197	0	0.4155844155844156	0	308	1
564	2000	1245	0.5413654618473895	0.2497991967871486	0	0.20883534136546184	0	1245	1
564	5000	7822	0.6888263871132703	0.19112758885195602	0.008437739708514446	0.11160828432625927	0	7822	1
564	10000	31305	0.677176169940904	0.24781983708672736	0.006324868231911835	0.0686791247404568	0	31305	1
565	500	79	0	0.620253164556962	0	0.379746835443038	0	79	1
565	1000	316	0.04113924050632911	0.7436708860759493	0	0.21518987341772153	0	316	1
565	2000	1257	0.066030230708035	0.7374701670644391	0	0.19649960222752585	0	1257	1
565	5000	7834	0.1838141434771509	0.7098544804697473	0.0035741639009446006	0.08386520296145009	0.018892009190707174	7834	1
565	10000	31333	0.23671528420515112	0.6460281492356301	0.028883285992404174	0.06226661985765806	0.02610666070915648	31333	1
566	500	78	0	0.5384615384615384	0	0.46153846153846156	0	78	1
566	1000	311	0.04823151125401929	0.7588424437299035	0	0.19292604501607716	0	311	1
566	2000	1250	0.068	0.7528	0	0.1792	0	1250	1
566	5000	7827	0.18385077296537627	0.7095949916954133	0.0035773604190622206	0.08521783569694646	0.01775903922320174	7827	1
566	10000	31307	0.23397323282333024	0.6567860222953333	0.024531254990896603	0.06008240968473504	0.024627080205704796	31307	1
567	500	79	0.3924050632911392	0.6075949367088608	0	0	0	79	1
567	1000	312	0.1762820512820513	0.7980769230769231	0	0.02564102564102564	0	312	1
567	2000	1252	0.04952076677316294	0.8905750798722045	0	0.05990415335463259	0	1252	1
567	5000	7814	0.1910673150755055	0.7105195802405938	0.0035833120040952137	0.08305605323777834	0.01177373944202713	7814	1
567	10000	31308	0.2596780375622844	0.6326817426855755	0.02465823431710745	0.06043183850772965	0.022550146927302925	31308	1
568	500	80	0	0	0.7	0	0.3	80	1
568	1000	312	0	0	0.7115384615384616	0	0.28846153846153844	312	1
568	2000	1253	0	0	0.75658419792498	0	0.24341580207501995	1253	1
568	5000	7546	0	0.004240657301881791	0.8970315398886828	0	0.09872780280943547	7818	0.9652084932207726
568	10000	29349	0.009608504548706941	0.17734846161709086	0.7220007495996457	0.00681454223312549	0.08422774200143106	31292	0.9379074523839959
569	500	78	0	0.8717948717948718	0	0	0.1282051282051282	78	1
569	1000	314	0	0.8248407643312102	0	0	0.1751592356687898	314	1
569	2000	1252	0.019968051118210862	0.9201277955271565	0	0	0.05990415335463259	1252	1
569	5000	7835	0.09176770899808552	0.8043395022335673	0.030504148053605615	0.01633694958519464	0.0570516911295469	7835	1
569	10000	30917	0.16573406216644565	0.6923052042565578	0.09836012549729922	0.01183814729760326	0.03176246078209399	31279	0.9884267399852936
570	500	78	0	0.8717948717948718	0	0	0.1282051282051282	78	1
570	1000	314	0	0.8248407643312102	0	0	0.1751592356687898	314	1
570	2000	1252	0.019968051118210862	0.9201277955271565	0	0	0.05990415335463259	1252	1
570	5000	7835	0.09176770899808552	0.8043395022335673	0.030504148053605615	0.01633694958519464	0.0570516911295469	7835	1
570	10000	30917	0.16573406216644565	0.6923052042565578	0.09836012549729922	0.01183814729760326	0.03176246078209399	31279	0.9884267399852936
571	500	76	0	0.9868421052631579	0	0.013157894736842105	0	76	1
571	1000	310	0	0.896774193548387	0	0.07741935483870968	0.025806451612903226	310	1
571	2000	1250	0.0104	0.872	0.0528	0.0448	0.02	1250	1
571	5000	7826	0.11116790186557629	0.7081523128034756	0.0995399948888321	0.04293381037567084	0.03820598006644518	7826	1
571	10000	31303	0.15014535348049707	0.7104750343417564	0.03763217582979267	0.03715298853145066	0.06459444781650321	31303	1
572	500	76	0	0.25	0	0	0.75	79	0.9620253164556962
572	1000	231	0	0.3116883116883117	0	0	0.6883116883116883	311	0.7427652733118971
572	2000	831	0	0.457280385078219	0	0	0.542719614921781	1248	0.6658653846153846
572	5000	4536	0.027998236331569663	0.5764991181657848	0.016313932980599646	0.011243386243386243	0.3679453262786596	7814	0.5804965446634246
573	500	79	0	1	0	0	0	79	1
573	1000	315	0	0.9206349206349206	0	0.07936507936507936	0	315	1
573	2000	1248	0.003205128205128205	0.8701923076923077	0.020032051282051284	0.024839743589743588	0.08173076923076923	1248	1
573	5000	7822	0.11927895678854512	0.7694962925083099	0.04423421119918179	0.01150600869342879	0.05548453081053439	7822	1
573	10000	31284	0.17763073775732002	0.7252589182968929	0.055427694668200994	0.011379618974555684	0.030303030303030304	31284	1
574	500	77	0	0	1	0	0	77	1
574	1000	311	0	0	1	0	0	311	1
574	2000	1252	0.09744408945686901	0	0.902555910543131	0	0	1252	1
574	5000	7816	0.5963408393039918	0.004222108495394063	0.36924257932446264	0.030194472876151485	0	7816	1
574	10000	31278	0.7760726389155317	0.019598439797941045	0.1828441716222265	0.021484749664300785	0	31279	0.9999680296684677
575	500	77	0.8311688311688312	0.16883116883116883	0	0	0	77	1
575	1000	311	0.7041800643086816	0.2861736334405145	0.00964630225080386	0	0	311	1
575	2000	1250	0.68	0.2816	0.0336	0.0048	0	1250	1
575	5000	7585	0.5774555042847725	0.2510217534607779	0.018721160184574818	0.15266974291364535	1.3183915622940013e-4	7818	0.9701969813251471
575	10000	22738	0.5308294485003079	0.226053302841059	0.04727768493271176	0.1839651684404961	0.01187439528542528	31313	0.7261520774119375
576	500	78	0.4358974358974359	0.46153846153846156	0	0	0.10256410256410256	78	1
576	1000	311	0.39228295819935693	0.37942122186495175	0	0	0.2282958199356913	311	1
576	2000	1248	0.33573717948717946	0.24759615384615385	0	0	0.4166666666666667	1248	1
576	5000	7823	0.29656142144957176	0.30844944394733476	0.023776044995526012	0.021091652818611785	0.35012143678895563	7823	1
576	10000	31282	0.4130490377853078	0.34748417620356753	0.037849242375807175	0.016718879867016177	0.18489866376830125	31282	1
579	500	78	0.8076923076923077	0.19230769230769232	0	0	0	78	1
579	1000	312	0.5705128205128205	0.3333333333333333	0.09615384615384616	0	0	312	1
579	2000	1249	0.45316253002401924	0.36429143314651724	0.14171337069655723	0.04083266613290633	0	1249	1
579	5000	7826	0.41272680807564527	0.49757219524661384	0.03692818809097879	0.027600306670074112	0.02517250191668796	7826	1
579	10000	31266	0.214386234248065	0.6812831830102988	0.014104778353483017	0.03511801957397812	0.055107784814175144	31266	1
581	500	80	0.3	0.2	0.5	0	0	80	1
581	1000	317	0.416403785488959	0.1892744479495268	0.3943217665615142	0	0	317	1
581	2000	1256	0.49761146496815284	0.37579617834394907	0.11863057324840764	0.007961783439490446	0	1256	1
581	5000	7832	0.43360572012257403	0.5097037793667007	0.019024514811031665	0.037665985699693566	0	7832	1
581	10000	31303	0.5278407820336709	0.40596747915535253	0.029645720857425804	0.03523623933808261	0.001309778615468166	31303	1
582	500	78	0.5128205128205128	0.48717948717948717	0	0	0	78	1
582	1000	311	0.5434083601286174	0.41479099678456594	0	0	0.04180064308681672	311	1
582	2000	1250	0.3464	0.544	0	0.0384	0.0712	1250	1
582	5000	7818	0.28152980301867486	0.6234331030954208	0.009849066257354822	0.030314658480429777	0.05487336914811972	7818	1
582	10000	30120	0.2787848605577689	0.5616201859229748	0.02901726427622842	0.038944223107569724	0.09163346613545817	31281	0.9628848182602858
583	500	79	0.8354430379746836	0	0.16455696202531644	0	0	79	1
583	1000	317	0.8769716088328076	0.03785488958990536	0.08517350157728706	0	0	317	1
583	2000	1256	0.7579617834394905	0.14729299363057324	0.09474522292993631	0	0	1256	1
583	5000	7831	0.5659558166262291	0.16651768611926956	0.06308262035499936	0.002681649853147746	0.20176222704635424	7831	1
583	10000	31300	0.3661341853035144	0.20661341853035145	0.0636741214057508	0.005175718849840256	0.35840255591054315	31300	1
584	500	79	1	0	0	0	0	79	1
584	1000	315	0.7873015873015873	0.12698412698412698	0	0.08571428571428572	0	315	1
584	2000	1253	0.578611332801277	0.39106145251396646	0	0.030327214684756583	0	1253	1
584	5000	7832	0.3910878447395301	0.291879468845761	0.010725229826353423	0.007533197139938713	0.29877425944841673	7832	1
584	10000	31313	0.2814485996231597	0.21112636923961295	0.02120525021556542	0.006738415354645036	0.47948136556701687	31313	1
585	500	74	0.4189189189189189	0.17567567567567569	0.40540540540540543	0	0	74	1
585	1000	311	0.4694533762057878	0.27009646302250806	0.2604501607717042	0	0	311	1
585	2000	1066	0.3780487804878049	0.1726078799249531	0.3677298311444653	0.055347091932457786	0.02626641651031895	1246	0.85553772070626
585	5000	5123	0.4024985360140543	0.18172945539722818	0.2639078664844817	0.10033183681436658	0.05153230528986922	7817	0.6553665088908789
585	10000	18350	0.484850136239782	0.1729700272479564	0.0940599455040872	0.13989100817438693	0.10822888283378747	31292	0.586411862456858
586	500	78	0.6538461538461539	0	0	0.34615384615384615	0	78	1
586	1000	314	0.6624203821656051	0.009554140127388535	0	0.32802547770700635	0	314	1
586	2000	1257	0.6953062848050915	0.14001591089896578	0	0.16467780429594273	0	1257	1
586	5000	7833	0.6412613302693732	0.17924166985829185	0.0897484999361675	0.0897484999361675	0	7833	1
586	10000	31326	0.5789440081721254	0.3003894528506672	0.041562918981038116	0.07910361999616931	0	31326	1
587	500	77	0.012987012987012988	0.4155844155844156	0.5584415584415584	0.012987012987012988	0	77	1
587	1000	311	0.15755627009646303	0.4790996784565916	0.2315112540192926	0.13183279742765272	0	311	1
587	2000	1245	0.1686746987951807	0.4779116465863454	0.09799196787148594	0.19116465863453816	0.0642570281124498	1245	1
587	5000	7818	0.26426195958045534	0.37093885904323354	0.06766436428754156	0.1696085955487337	0.12752622154003582	7818	1
587	10000	31293	0.5089317099670853	0.24174735563864122	0.06416770523759308	0.1314990572971591	0.0536541718595213	31293	1
588	500	78	0.08974358974358974	0.9102564102564102	0	0	0	78	1
588	1000	314	0.28343949044585987	0.7133757961783439	0.0031847133757961785	0	0	314	1
588	2000	1257	0.5083532219570406	0.46459824980111375	0.017501988862370723	0.00954653937947494	0	1257	1
588	5000	7828	0.635539090444558	0.3094021461420542	0.035385794583546244	0.019672968829841594	0	7828	1
588	10000	29999	0.5898863295443182	0.3402446748224941	0.017833927797593255	0.05203506783559452	0	31287	0.9588327420334324
589	500	79	0.3670886075949367	0.6329113924050633	0	0	0	79	1
589	1000	314	0.3184713375796178	0.6719745222929936	0	0	0.009554140127388535	314	1
589	2000	1254	0.15550239234449761	0.7049441786283892	0	0.04226475279106858	0.09728867623604466	1254	1
589	5000	7833	0.1400485127026682	0.7583301417081578	0.00331929018256096	0.026043661432401378	0.07225839397421167	7833	1
589	10000	31330	0.0914458984998404	0.8015639961698053	0.007660389403127992	0.047973188637089055	0.05135652729013725	31330	1
590	500	77	0	0.07792207792207792	0.23376623376623376	0.14285714285714285	0.5454545454545454	77	1
590	1000	310	0.15483870967741936	0.08064516129032258	0.1870967741935484	0.08709677419354839	0.49032258064516127	310	1
590	2000	1249	0.21377101681345076	0.27862289831865494	0.14731785428342675	0.02802241793434748	0.3322658126501201	1249	1
590	5000	7817	0.3107330177817577	0.21939362926954076	0.08609440962005885	0.004477421005500831	0.37930152232314185	7817	1
590	10000	31304	0.2571556350626118	0.2584653718374649	0.07602862254025045	0.0053028366981855354	0.40304753386148734	31304	1
591	500	78	0.7564102564102564	0.24358974358974358	0	0	0	78	1
591	1000	311	0.5048231511254019	0.4630225080385852	0	0.03215434083601286	0	311	1
591	2000	1250	0.1976	0.764	0	0.0384	0	1250	1
591	5000	7820	0.17608695652173914	0.7113810741687979	0.022250639386189257	0.07966751918158568	0.01061381074168798	7820	1
591	10000	31298	0.3256118601827593	0.5537734040513771	0.041184740238992906	0.06441306153747843	0.015016933989392293	31298	1
592	500	77	0	0.935064935064935	0	0.06493506493506493	0	77	1
592	1000	313	0.025559105431309903	0.9041533546325878	0	0.07028753993610223	0	313	1
592	2000	1250	0.036	0.916	0	0.0264	0.0216	1250	1
592	5000	7819	0.03171761094769152	0.8952551477170994	0	0.01739352858421793	0.055633712750991174	7819	1
592	10000	31300	0.036293929712460066	0.8604153354632588	0	0.020830670926517574	0.08246006389776357	31300	1
593	500	80	0.225	0.5375	0	0.025	0.2125	80	1
593	1000	315	0.26666666666666666	0.5015873015873016	0	0.14285714285714285	0.08888888888888889	315	1
593	2000	1254	0.1467304625199362	0.6682615629984051	0.008771929824561403	0.15390749601275916	0.022328548644338118	1254	1
593	5000	7827	0.19879902900217197	0.6894084579021337	0.025680337293982367	0.07755206337038456	0.008560112431327456	7827	1
593	10000	31307	0.36618008752036285	0.4718433577155269	0.04126872584406043	0.042003385824256556	0.07870444309579328	31307	1
595	500	80	0.6875	0.3125	0	0	0	80	1
595	1000	315	0.9174603174603174	0.08253968253968254	0	0	0	315	1
595	2000	1254	0.9370015948963317	0.05661881977671451	0	0.006379585326953748	0	1254	1
595	5000	7832	0.8124361593462717	0.021067415730337078	0.12129724208375894	0.04519918283963228	0	7832	1
595	10000	31311	0.7611063204624573	0.03637699211139855	0.13372297275717798	0.06879371466896618	0	31311	1
596	500	77	1	0	0	0	0	77	1
596	1000	310	0.9903225806451613	0.00967741935483871	0	0	0	310	1
596	2000	1249	0.9127301841473179	0.051240992794235385	0.01521216973578863	0.020816653322658127	0	1249	1
596	5000	7821	0.8050121467842987	0.010996036312492009	0.14563355069684183	0.038358266206367474	0	7821	1
596	10000	31303	0.7831198287704054	0.03542791425741942	0.13231958598217422	0.04913267099000096	0	31303	1
598	500	79	0.810126582278481	0.17721518987341772	0.012658227848101266	0	0	79	1
598	1000	316	0.6993670886075949	0.2563291139240506	0.04430379746835443	0	0	316	1
598	2000	1254	0.543859649122807	0.37559808612440193	0.05342902711323764	0.02711323763955343	0	1254	1
598	5000	7438	0.46154880344178545	0.44407098682441515	0.009276687281527292	0.08510352245227211	0	7829	0.9500574786051859
598	10000	26513	0.44842152906121524	0.4716931316712556	0.022894429147965148	0.05699091011956399	0	31280	0.8476023017902813
599	500	62	0	0.3064516129032258	0	0	0.6935483870967742	77	0.8051948051948052
599	1000	179	0	0.16759776536312848	0.13966480446927373	0	0.6927374301675978	310	0.5774193548387097
599	2000	632	0	0.06645569620253164	0.3860759493670886	0	0.5474683544303798	1251	0.5051958433253397
600	500	77	0.5194805194805194	0.18181818181818182	0	0.2987012987012987	0	77	1
600	1000	309	0.6245954692556634	0.10355987055016182	0.09061488673139159	0.18122977346278318	0	309	1
600	2000	1248	0.7572115384615384	0.0673076923076923	0.0889423076923077	0.08653846153846154	0	1248	1
600	5000	7825	0.7523322683706071	0.02619808306709265	0.19041533546325878	0.031054313099041532	0	7825	1
600	10000	31292	0.7603860411606801	0.036622778985044104	0.1417934296305765	0.061197750223699346	0	31292	1
601	500	79	0.31645569620253167	0.4177215189873418	0	0.26582278481012656	0	79	1
601	1000	312	0.40384615384615385	0.2980769230769231	0	0.2980769230769231	0	312	1
601	2000	1251	0.513189448441247	0.38928856914468424	0.011191047162270184	0.08633093525179857	0	1251	1
601	5000	7835	0.5137204850031908	0.41365666879387364	0.048117421825143586	0.02450542437779196	0	7835	1
601	10000	28970	0.4275112185018985	0.4790472903003107	0.05236451501553331	0.034380393510528136	0.006696582671729375	31309	0.9252930467277779
602	500	79	0.02531645569620253	0.7468354430379747	0	0.22784810126582278	0	79	1
602	1000	313	0.13738019169329074	0.6645367412140575	0	0.19808306709265175	0	313	1
602	2000	1250	0.2624	0.5224	0	0.2152	0	1250	1
602	5000	7822	0.2844541038097673	0.5915366913832779	0.006520071592942982	0.09754538481206852	0.019943748401943236	7822	1
602	10000	31324	0.2436789682032946	0.5879198058996297	0.0074383859021836295	0.10812795300727876	0.05283488698761333	31324	1
603	500	79	0.11392405063291139	0.25316455696202533	0	0.6329113924050633	0	79	1
603	1000	313	0.12779552715654952	0.29073482428115016	0	0.5814696485623003	0	313	1
603	2000	1252	0.07907348242811502	0.40814696485623003	0.07827476038338659	0.38099041533546324	0.05351437699680511	1252	1
603	5000	7821	0.29535864978902954	0.46835443037974683	0.08400460299194476	0.1350210970464135	0.01726121979286536	7821	1
603	10000	31302	0.25662896939492685	0.6115903137179733	0.05204140310523289	0.0687176538240368	0.01102165995783017	31302	1
604	500	69	0	0.057971014492753624	0.9420289855072463	0	0	78	0.8846153846153846
604	1000	259	0	0.25868725868725867	0.7413127413127413	0	0	315	0.8222222222222222
604	2000	926	0	0.27213822894168466	0.7278617710583153	0	0	1255	0.7378486055776893
605	500	49	0	1	0	0	0	80	0.6125
605	1000	182	0	0.9835164835164835	0.016483516483516484	0	0	315	0.5777777777777777
606	500	79	0.4430379746835443	0.379746835443038	0	0.17721518987341772	0	79	1
606	1000	316	0.49050632911392406	0.2563291139240506	0	0.25316455696202533	0	316	1
606	2000	1261	0.42981760507533706	0.3576526566217288	0.035685963521015066	0.17684377478191912	0	1261	1
606	5000	7825	0.3888817891373802	0.5283067092651758	0.011118210862619809	0.07169329073482428	0	7825	1
606	10000	31319	0.43708292091062934	0.45432485072958906	0.013633896356844089	0.07081963025639389	0.02413870174654363	31319	1
608	500	80	0.4	0.6	0	0	0	80	1
608	1000	316	0.3069620253164557	0.6550632911392406	0	0	0.0379746835443038	316	1
608	2000	1252	0.2507987220447284	0.7276357827476039	0	0	0.02156549520766773	1252	1
608	5000	7832	0.27234422880490294	0.6574310520939735	0	0.01174668028600613	0.05847803881511747	7832	1
608	10000	31307	0.22822371993483886	0.6617050499888204	0.0018206790813556073	0.03149455393362507	0.07675599706136008	31307	1
609	500	80	0.125	0.25	0.625	0	0	80	1
609	1000	312	0.38461538461538464	0.1891025641025641	0.3301282051282051	0.09615384615384616	0	312	1
609	2000	1250	0.6208	0.256	0.0896	0.0336	0	1250	1
609	5000	7827	0.555129679315191	0.25986968187044845	0.051999488948511564	0.1033601635364763	0.029640986329372683	7827	1
609	10000	31315	0.5089254350950024	0.31333226888072807	0.06169567300015967	0.08950981957528341	0.026536803448826442	31315	1
613	500	78	0.08974358974358974	0.20512820512820512	0	0.7051282051282052	0	78	1
613	1000	312	0.2564102564102564	0.4583333333333333	0	0.28525641025641024	0	312	1
613	2000	1252	0.43450479233226835	0.3761980830670926	0	0.18929712460063897	0	1252	1
613	5000	7824	0.5972648261758691	0.28067484662576686	0.009458077709611452	0.08128834355828221	0.03131390593047035	7824	1
613	10000	31292	0.42502876134475265	0.23670586731432955	0.03042311133836124	0.030646810686437428	0.2771954493161191	31292	1
614	500	80	0	0.6375	0	0.3625	0	80	1
614	1000	316	0.0031645569620253164	0.759493670886076	0	0.23734177215189872	0	316	1
614	2000	1256	0.050955414012738856	0.6441082802547771	0	0.12261146496815287	0.1823248407643312	1256	1
614	5000	7834	0.11143732448302272	0.6275210620372734	0.006765381669645136	0.10301250957365331	0.1512637222364054	7834	1
614	10000	31318	0.08755348361964366	0.5782617025352832	0.02123379526151095	0.09745194456861869	0.21549907401494348	31318	1
616	500	79	0	1	0	0	0	79	1
616	1000	315	0	1	0	0	0	315	1
616	2000	1248	0.036057692307692304	0.8782051282051282	0	0.06570512820512821	0.020032051282051284	1248	1
616	5000	7380	0.155420054200542	0.6586720867208672	0.0024390243902439024	0.17615176151761516	0.007317073170731708	7822	0.9434927128611609
616	10000	22764	0.20897030398875419	0.6208487084870848	0.01111403971182569	0.1392988929889299	0.019768054823405375	31272	0.7279355333844973
617	500	75	0	0.9733333333333334	0	0	0.02666666666666667	77	0.974025974025974
617	1000	274	0.09854014598540146	0.8284671532846716	0	0	0.072992700729927	311	0.8810289389067524
617	2000	982	0.11303462321792261	0.7922606924643585	0.05702647657841141	0	0.03767820773930754	1250	0.7856
617	5000	6235	0.15461106655974338	0.7488372093023256	0.07746591820368885	0.0022453889334402566	0.016840417000801924	7825	0.7968051118210863
617	10000	18455	0.1886209699268491	0.673150907613113	0.10078569493362233	0.012516933080465998	0.024925494445949607	31296	0.5896919734151329
618	500	78	0.0641025641025641	0.4358974358974359	0.5	0	0	78	1
618	1000	312	0.16346153846153846	0.6474358974358975	0.16987179487179488	0.019230769230769232	0	312	1
618	2000	1253	0.055865921787709494	0.7230646448523543	0.04229848363926576	0.1779728651237031	7.980845969672786e-4	1253	1
618	5000	7831	0.020814710764908696	0.8571063721108415	0.006895671050951347	0.09002681649853148	0.02515642957476695	7831	1
618	10000	31305	0.0242453282223287	0.8719693339722089	0.010477559495288292	0.0776872704040888	0.01562050790608529	31305	1
620	500	75	0.7066666666666667	0.29333333333333333	0	0	0	75	1
620	1000	311	0.4790996784565916	0.4983922829581994	0.022508038585209004	0	0	311	1
620	2000	1246	0.34590690208667735	0.4678972712680578	0.11235955056179775	0.03691813804173355	0.03691813804173355	1246	1
620	5000	7823	0.31305125910775916	0.4072606416975585	0.09727725936341557	0.028633516553751757	0.15377732327751503	7823	1
620	10000	31282	0.2516463141742855	0.4967713061824692	0.025861517805766895	0.015152483856530912	0.21056837798094752	31282	1
621	500	80	0	0.1625	0.425	0.4125	0	80	1
621	1000	315	0	0.46984126984126984	0.37142857142857144	0.15873015873015872	0	315	1
621	2000	1253	0	0.5993615323224262	0.2944932162809258	0.10614525139664804	0	1253	1
621	5000	7113	0.10740896949247856	0.5650217910867426	0.2284549416561226	0.0906790383804302	0.008435259384226065	7829	0.9085451526376294
621	10000	23359	0.3537394580247442	0.4849522667922428	0.09640823665396635	0.05805043024102059	0.0068496082880260285	31289	0.74655629774042
624	500	73	0	0	0	0	1	79	0.9240506329113924
624	1000	159	0	0	0.06918238993710692	0	0.9308176100628931	312	0.5096153846153846
625	500	69	0	0	0.014492753623188406	0	0.9855072463768116	78	0.8846153846153846
625	1000	184	0	0	0.17391304347826086	0	0.8260869565217391	310	0.5935483870967742
626	500	78	0	0	1	0	0	78	1
626	1000	311	0	0.10610932475884244	0.8938906752411575	0	0	311	1
626	2000	1249	0.008807045636509208	0.2626100880704564	0.699759807846277	0	0.028823058446757407	1249	1
626	5000	7822	0.028637177192533878	0.5333674252109435	0.18435182817693685	0.01764254666325748	0.2360010227563283	7822	1
626	10000	31318	0.04712944632479724	0.672297081550546	0.07069416948719587	0.05377099431636759	0.1561083083210933	31318	1
627	500	70	0.5	0	0.5	0	0	79	0.8860759493670886
627	1000	222	0.6846846846846847	0	0.3153153153153153	0	0	316	0.7025316455696202
627	2000	767	0.7679269882659713	0	0.22946544980443284	0.002607561929595828	0	1255	0.6111553784860557
627	5000	4041	0.8678544914625093	0	0.12249443207126949	0.009651076466221232	0	7831	0.5160260503128592
628	500	77	0.2987012987012987	0.7012987012987013	0	0	0	77	1
628	1000	311	0.10610932475884244	0.8938906752411575	0	0	0	311	1
628	2000	1250	0.0312	0.9392	0.0056	0.024	0	1250	1
628	5000	7817	0.0683126519124984	0.7928872969169758	0.02737623129077651	0.09722399897658948	0.01419982090315978	7817	1
628	10000	31309	0.04509885336484717	0.8138873806253792	0.012137085183174167	0.057012360663068126	0.07186432016353125	31309	1
629	500	80	0	1	0	0	0	80	1
629	1000	312	0	0.9326923076923077	0	0	0.0673076923076923	312	1
629	2000	1254	0.10845295055821372	0.6618819776714514	0.09808612440191387	0	0.13157894736842105	1254	1
629	5000	7826	0.1385126501405571	0.49552772808586765	0.1533350370559673	0.0020444671607462305	0.21058011755686173	7826	1
629	10000	31290	0.13374880153403643	0.5564717162032599	0.07951422179610099	0.029689996804090762	0.200575263662512	31290	1
630	500	80	0	1	0	0	0	80	1
630	1000	316	0	1	0	0	0	316	1
630	2000	1263	0	0.8764845605700713	0	0.011876484560570071	0.11163895486935867	1263	1
630	5000	7835	0.04913848117421825	0.6260370134014039	0.018123803446075303	0.037013401403956606	0.26968730057434587	7835	1
630	10000	31324	0.042363682799131656	0.507981100753416	0.020974332779977015	0.024901034350657644	0.40377984931681776	31324	1
631	500	78	0	0.28205128205128205	0.6282051282051282	0	0.08974358974358974	78	1
631	1000	315	0.05396825396825397	0.23492063492063492	0.6063492063492063	0	0.10476190476190476	315	1
631	2000	1253	0.09337589784517158	0.23623304070231443	0.5937749401436552	0	0.07661612130885874	1253	1
631	5000	7673	0.09943959337938225	0.3719536035448977	0.4287762283331161	0.03675224814283853	0.06307832659976541	7828	0.9801992846193153
631	10000	30918	0.12930978717898958	0.2831683808784527	0.4735752636004916	0.022252409599586003	0.0916941587424801	31289	0.9881427977883601
632	500	50	0	0.88	0	0	0.12	77	0.6493506493506493
632	1000	187	0.06951871657754011	0.8716577540106952	0	0	0.058823529411764705	312	0.5993589743589743
632	2000	750	0.10533333333333333	0.8173333333333334	0	0	0.07733333333333334	1248	0.6009615384615384
632	5000	4699	0.19748882741008725	0.7005745903383699	0.001276867418599702	0.025111725899127475	0.0755479889338157	7825	0.6005111821086262
633	500	68	0	1	0	0	0	78	0.8717948717948718
633	1000	224	0.008928571428571428	0.9910714285714286	0	0	0	313	0.7156549520766773
633	2000	812	0.13916256157635468	0.8497536945812808	0	0	0.011083743842364532	1251	0.6490807354116707
634	500	78	0.6666666666666666	0	0.3333333333333333	0	0	78	1
634	1000	312	0.842948717948718	0	0.15705128205128205	0	0	312	1
634	2000	1252	0.9560702875399361	0	0.0439297124600639	0	0	1252	1
634	5000	7821	0.9046157780334996	0.03234880450070324	0.040787623066104076	0.022247794399693134	0	7821	1
634	10000	30684	0.8259679311693391	0.060259418589492894	0.08981879807065572	0.02294355364359275	0.0010102985269195672	31304	0.9801942243802709
635	500	79	0.3037974683544304	0.0379746835443038	0.12658227848101267	0.5316455696202531	0	79	1
635	1000	314	0.37898089171974525	0.35668789808917195	0.08917197452229299	0.1751592356687898	0	314	1
635	2000	1257	0.2537788385043755	0.573587907716786	0.09626093874303898	0.07637231503579953	0	1257	1
635	5000	7830	0.17292464878671776	0.695530012771392	0.0859514687100894	0.043933588761174966	0.0016602809706257981	7830	1
635	10000	31312	0.20091338783852836	0.5786918753193664	0.04602069494123659	0.07632856412876853	0.09804547777210015	31312	1
636	500	78	0.15384615384615385	0.21794871794871795	0	0	0.6282051282051282	78	1
636	1000	312	0.2564102564102564	0.5032051282051282	0	0	0.2403846153846154	312	1
636	2000	1249	0.2898318654923939	0.6140912730184147	0	0.03362690152121697	0.06244995996797438	1249	1
636	5000	7826	0.2760030667007411	0.5177613084589828	0	0.01916687963199591	0.1870687452082801	7826	1
636	10000	31307	0.16229597214680422	0.6779633947679433	0.00245951384674354	0.03363465039767464	0.12364646884083431	31307	1
638	500	77	0.012987012987012988	0.987012987012987	0	0	0	77	1
638	1000	309	0.03559870550161812	0.9255663430420712	0	0	0.038834951456310676	309	1
638	2000	1249	0.10728582866293035	0.7085668534827863	0	0	0.18414731785428343	1249	1
638	5000	7825	0.2359105431309904	0.6489456869009584	0.0033226837060702876	0.035527156549520766	0.07629392971246006	7825	1
638	10000	31296	0.16506901840490798	0.6897367075664622	0.002364519427402863	0.04620398773006135	0.09662576687116564	31296	1
640	500	78	0	0.48717948717948717	0	0.5128205128205128	0	78	1
640	1000	312	0	0.4551282051282051	0	0.5448717948717948	0	312	1
640	2000	1252	0.04792332268370607	0.5079872204472844	0.019968051118210862	0.4241214057507987	0	1252	1
640	5000	7193	0.30348950368413735	0.37508689003197554	0.014875573474211038	0.3000139024051161	0.006534130404559989	7815	0.9204094689699296
640	10000	23780	0.3772497897392767	0.4507989907485282	0.02338099243061396	0.14402859545836838	0.004541631623212783	31306	0.7595987989522776
641	500	78	0	0.48717948717948717	0	0.5128205128205128	0	78	1
641	1000	312	0	0.4551282051282051	0	0.5448717948717948	0	312	1
641	2000	1252	0.04792332268370607	0.5079872204472844	0.019968051118210862	0.4241214057507987	0	1252	1
641	5000	7193	0.30348950368413735	0.37508689003197554	0.014875573474211038	0.3000139024051161	0.006534130404559989	7815	0.9204094689699296
641	10000	23780	0.3772497897392767	0.4507989907485282	0.02338099243061396	0.14402859545836838	0.004541631623212783	31306	0.7595987989522776
642	500	78	0.782051282051282	0	0	0.21794871794871795	0	78	1
642	1000	312	0.657051282051282	0.003205128205128205	0.022435897435897436	0.3173076923076923	0	312	1
642	2000	1257	0.6515513126491647	0.06762132060461416	0.04136833731105807	0.2394590294351631	0	1257	1
642	5000	6255	0.4844124700239808	0.2751398880895284	0.04508393285371703	0.19536370903277378	0	7833	0.798544618919954
642	10000	22428	0.391653290529695	0.44096664883181735	0.021580167647583377	0.14223292313179953	0.0035669698591046907	31328	0.7159090909090909
643	500	78	0.782051282051282	0	0	0.21794871794871795	0	78	1
643	1000	312	0.657051282051282	0.003205128205128205	0.022435897435897436	0.3173076923076923	0	312	1
643	2000	1257	0.6515513126491647	0.06762132060461416	0.04136833731105807	0.2394590294351631	0	1257	1
643	5000	6255	0.4844124700239808	0.2751398880895284	0.04508393285371703	0.19536370903277378	0	7833	0.798544618919954
643	10000	22428	0.391653290529695	0.44096664883181735	0.021580167647583377	0.14223292313179953	0.0035669698591046907	31328	0.7159090909090909
644	500	79	0.8860759493670886	0	0	0.11392405063291139	0	79	1
644	1000	314	0.732484076433121	0	0	0.18471337579617833	0.08280254777070063	314	1
644	2000	1255	0.7219123505976096	0.04462151394422311	0	0.200796812749004	0.03266932270916335	1255	1
644	5000	7832	0.791241062308478	0.07520429009193054	0.01570480081716037	0.11146578140960163	0.006384065372829418	7832	1
644	10000	30882	0.7154005569587462	0.12055566349329706	0.06599313515963992	0.07289035684217343	0.025160287546143384	31330	0.9857006064474945
645	500	79	0.8860759493670886	0	0	0.11392405063291139	0	79	1
645	1000	314	0.732484076433121	0	0	0.18471337579617833	0.08280254777070063	314	1
645	2000	1255	0.7219123505976096	0.04462151394422311	0	0.200796812749004	0.03266932270916335	1255	1
645	5000	7832	0.791241062308478	0.07520429009193054	0.01570480081716037	0.11146578140960163	0.006384065372829418	7832	1
645	10000	30882	0.7154005569587462	0.12055566349329706	0.06599313515963992	0.07289035684217343	0.025160287546143384	31330	0.9857006064474945
646	500	81	0	0.654320987654321	0	0.345679012345679	0	81	1
646	1000	316	0	0.8892405063291139	0	0.11075949367088607	0	316	1
646	2000	1257	0.03898170246618934	0.8973747016706444	0.011137629276054098	0.05250596658711217	0	1257	1
646	5000	7837	0.03381395942324869	0.875717749138701	0.020671175194589768	0.06418272298073242	0.005614393262728085	7837	1
646	10000	31315	0.052722337537921125	0.796231837777423	0.02838895098195753	0.06891266166373942	0.05374421203895897	31315	1
647	500	81	0	0.654320987654321	0	0.345679012345679	0	81	1
647	1000	316	0	0.8892405063291139	0	0.11075949367088607	0	316	1
647	2000	1257	0.03898170246618934	0.8973747016706444	0.011137629276054098	0.05250596658711217	0	1257	1
647	5000	7837	0.03381395942324869	0.875717749138701	0.020671175194589768	0.06418272298073242	0.005614393262728085	7837	1
647	10000	31315	0.052722337537921125	0.796231837777423	0.02838895098195753	0.06891266166373942	0.05374421203895897	31315	1
648	500	77	0	0.8571428571428571	0	0.14285714285714285	0	77	1
648	1000	311	0	0.8520900321543409	0	0.14790996784565916	0	311	1
648	2000	1252	0	0.9169329073482428	0	0.08306709265175719	0	1252	1
648	5000	7820	0.016240409207161126	0.7898976982097187	0.01815856777493606	0.05127877237851662	0.12442455242966752	7820	1
648	10000	31297	0.06399974438444579	0.76623957567818	0.01409080742563185	0.05470172860018532	0.10096814391155702	31297	1
649	500	77	0	0.8571428571428571	0	0.14285714285714285	0	77	1
649	1000	311	0	0.8520900321543409	0	0.14790996784565916	0	311	1
649	2000	1252	0	0.9169329073482428	0	0.08306709265175719	0	1252	1
649	5000	7820	0.016240409207161126	0.7898976982097187	0.01815856777493606	0.05127877237851662	0.12442455242966752	7820	1
649	10000	31297	0.06399974438444579	0.76623957567818	0.01409080742563185	0.05470172860018532	0.10096814391155702	31297	1
650	500	48	0.020833333333333332	0	0	0.9791666666666666	0	77	0.6233766233766234
650	10000	16890	0.7232089994079337	0.004558910597986974	0.15737122557726466	0.10615748963883954	0.008703374777975134	31274	0.5400652299034342
651	500	48	0.020833333333333332	0	0	0.9791666666666666	0	77	0.6233766233766234
651	10000	16890	0.7232089994079337	0.004558910597986974	0.15737122557726466	0.10615748963883954	0.008703374777975134	31274	0.5400652299034342
652	500	79	0	0.8481012658227848	0.05063291139240506	0	0.10126582278481013	79	1
652	1000	312	0.035256410256410256	0.6794871794871795	0.07051282051282051	0	0.21474358974358973	312	1
652	2000	1249	0.12249799839871897	0.5532425940752602	0.07686148919135308	0.03923138510808647	0.20816653322658127	1249	1
652	5000	7824	0.0705521472392638	0.753323108384458	0.05291411042944785	0.04524539877300614	0.07796523517382413	7824	1
652	10000	31304	0.0662854587273192	0.7909212880143113	0.02395859953999489	0.051143623818042425	0.06769102990033223	31304	1
653	500	79	0	0.8481012658227848	0.05063291139240506	0	0.10126582278481013	79	1
653	1000	312	0.035256410256410256	0.6794871794871795	0.07051282051282051	0	0.21474358974358973	312	1
653	2000	1249	0.12249799839871897	0.5532425940752602	0.07686148919135308	0.03923138510808647	0.20816653322658127	1249	1
653	5000	7824	0.0705521472392638	0.753323108384458	0.05291411042944785	0.04524539877300614	0.07796523517382413	7824	1
653	10000	31304	0.0662854587273192	0.7909212880143113	0.02395859953999489	0.051143623818042425	0.06769102990033223	31304	1
654	500	79	0.4177215189873418	0.5822784810126582	0	0	0	79	1
654	1000	315	0.5238095238095238	0.44761904761904764	0.02857142857142857	0	0	315	1
654	2000	1252	0.4073482428115016	0.4992012779552716	0.027156549520766772	0.031150159744408944	0.03514376996805112	1252	1
654	5000	7831	0.5372238539139318	0.31975482058485505	0.028604265100242627	0.09385774486017112	0.020559315540799386	7831	1
654	10000	31318	0.5006066798646146	0.31553739063797176	0.061051152691742765	0.07775081422823935	0.04505396257743151	31318	1
655	500	78	0.717948717948718	0.28205128205128205	0	0	0	78	1
655	1000	314	0.5477707006369427	0.43630573248407645	0.01592356687898089	0	0	314	1
655	2000	1253	0.42857142857142855	0.4493216280925778	0.04628890662410216	0.017557861133280128	0.05826017557861133	1253	1
655	5000	7827	0.5282994761722244	0.3187683659128657	0.026830203142966653	0.09722754567522678	0.028874409096716493	7827	1
655	10000	31321	0.5029213626640273	0.3084831263369624	0.06519587497206347	0.07748794738354459	0.04591168864340219	31321	1
656	500	77	0	0.6623376623376623	0	0	0.33766233766233766	77	1
656	1000	311	0.006430868167202572	0.5787781350482315	0	0	0.41479099678456594	311	1
656	2000	1250	0.072	0.452	0	0	0.476	1250	1
656	5000	7823	0.1720567557203119	0.5573309472069539	0.004218330563722357	0.0204525118241084	0.2459414546849035	7823	1
656	10000	31315	0.21536005109372505	0.5156953536643781	0.020820692958646015	0.04461120868593326	0.20351269359731758	31315	1
657	500	77	0	0.6623376623376623	0	0	0.33766233766233766	77	1
657	1000	311	0.006430868167202572	0.5787781350482315	0	0	0.41479099678456594	311	1
657	2000	1250	0.072	0.452	0	0	0.476	1250	1
657	5000	7823	0.1720567557203119	0.5573309472069539	0.004218330563722357	0.0204525118241084	0.2459414546849035	7823	1
657	10000	31315	0.21536005109372505	0.5156953536643781	0.020820692958646015	0.04461120868593326	0.20351269359731758	31315	1
658	500	80	0.0375	0	0.9625	0	0	80	1
658	1000	313	0.5111821086261981	0	0.48881789137380194	0	0	313	1
658	2000	1249	0.7365892714171337	0	0.2634107285828663	0	0	1249	1
658	5000	7356	0.8825448613376835	0	0.06443719412724307	0.05301794453507341	0	7826	0.9399437771530795
658	10000	24085	0.8495744239153	0	0.10375752543076604	0.04575461905750467	9.134315964293129e-4	31307	0.7693167662184176
659	500	79	0	0.22784810126582278	0	0.5443037974683544	0.22784810126582278	79	1
659	1000	313	0.06389776357827476	0.09904153354632587	0	0.30670926517571884	0.5303514376996805	313	1
659	2000	1252	0.29313099041533547	0.0463258785942492	0.04552715654952077	0.21884984025559107	0.3961661341853035	1252	1
659	5000	7835	0.5438417358008935	0.0582003828972559	0.18213146139119335	0.12469687300574346	0.09112954690491384	7835	1
659	10000	31313	0.5282470539392584	0.21048765688372242	0.102257848178073	0.08035001437102801	0.07865742662791812	31313	1
660	500	79	0	0.22784810126582278	0	0.5443037974683544	0.22784810126582278	79	1
660	1000	313	0.06389776357827476	0.09904153354632587	0	0.30670926517571884	0.5303514376996805	313	1
660	2000	1252	0.29313099041533547	0.0463258785942492	0.04552715654952077	0.21884984025559107	0.3961661341853035	1252	1
660	5000	7835	0.5438417358008935	0.0582003828972559	0.18213146139119335	0.12469687300574346	0.09112954690491384	7835	1
660	10000	31313	0.5282470539392584	0.21048765688372242	0.102257848178073	0.08035001437102801	0.07865742662791812	31313	1
661	500	77	0	0.23376623376623376	0.05194805194805195	0.6883116883116883	0.025974025974025976	77	1
661	1000	313	0	0.12460063897763578	0.2971246006389776	0.41214057507987223	0.16613418530351437	313	1
661	2000	1250	0.1472	0.0464	0.3016	0.2576	0.2472	1250	1
661	5000	7820	0.49744245524296676	0.0370843989769821	0.2432225063938619	0.12301790281329923	0.09923273657289003	7820	1
661	10000	31307	0.5320535343533395	0.17507266745456287	0.10186220334110582	0.09272686619605838	0.0982847286549334	31307	1
662	500	79	0	0.12658227848101267	0.35443037974683544	0.379746835443038	0.13924050632911392	79	1
662	1000	316	0	0.06645569620253164	0.2310126582278481	0.41139240506329117	0.2911392405063291	316	1
662	2000	1252	0.039936102236421724	0.03913738019169329	0.2755591054313099	0.3402555910543131	0.305111821086262	1252	1
662	5000	7831	0.4902311326778189	0.0320521006257183	0.2601200357553314	0.11326778189247862	0.1043289490486528	7831	1
662	10000	31312	0.5380045988758303	0.16456949412365865	0.10187787429739396	0.09491568727644353	0.10063234542667349	31312	1
663	500	80	0.0375	0.1125	0	0.85	0	80	1
663	1000	316	0.20253164556962025	0.27531645569620256	0	0.5221518987341772	0	316	1
663	2000	1251	0.4860111910471623	0.21183053557154277	0.002398081534772182	0.2997601918465228	0	1251	1
663	5000	7832	0.6861593462717058	0.08171603677221655	0.07737487231869254	0.15066394279877426	0.0040858018386108275	7832	1
663	10000	31312	0.5490546755237609	0.1543178334184977	0.09983392948390393	0.10571027082268779	0.09108329075114972	31312	1
664	500	80	0.0375	0.1125	0	0.85	0	80	1
664	1000	316	0.20253164556962025	0.27531645569620256	0	0.5221518987341772	0	316	1
664	2000	1251	0.4860111910471623	0.21183053557154277	0.002398081534772182	0.2997601918465228	0	1251	1
664	5000	7832	0.6861593462717058	0.08171603677221655	0.07737487231869254	0.15066394279877426	0.0040858018386108275	7832	1
664	10000	31312	0.5490546755237609	0.1543178334184977	0.09983392948390393	0.10571027082268779	0.09108329075114972	31312	1
665	500	74	0	0.918918918918919	0	0.08108108108108109	0	74	1
665	1000	308	0.1038961038961039	0.8181818181818182	0	0.07792207792207792	0	308	1
665	2000	1243	0.1995172968624296	0.5977473853580049	0.1166532582461786	0.08608205953338696	0	1243	1
665	5000	7811	0.23633337600819357	0.30508257585456405	0.12008705671488926	0.11074126232236589	0.2277557290999872	7811	1
665	10000	31287	0.3207722057084412	0.41736184357720457	0.04688848403490267	0.07249017163678205	0.1424872950426695	31287	1
666	500	78	0.02564102564102564	0.8461538461538461	0	0.1282051282051282	0	78	1
666	1000	311	0.15112540192926044	0.7491961414790996	0	0.09967845659163987	0	311	1
666	2000	1252	0.29233226837060705	0.5750798722044729	0.06549520766773163	0.0670926517571885	0	1252	1
666	5000	7826	0.23843598262202914	0.33120368004088935	0.11385126501405571	0.1121901354459494	0.20431893687707642	7826	1
666	10000	31285	0.30554578871663735	0.4323477704970433	0.047147195141441584	0.07246284161738853	0.1424964040274892	31285	1
667	500	78	0	0.8589743589743589	0	0.14102564102564102	0	78	1
667	1000	313	0.04472843450479233	0.7060702875399361	0	0.24920127795527156	0	313	1
667	2000	1254	0.20494417862838915	0.44178628389154706	0.007177033492822967	0.24561403508771928	0.10047846889952153	1254	1
667	5000	7821	0.3136427566807314	0.3071218514256489	0.058560286408387674	0.10880961513872907	0.211865490346503	7821	1
667	10000	31299	0.3645483881274162	0.3969455893159526	0.04536886162497204	0.06252595929582415	0.130611201635835	31299	1
668	500	78	0	0.9743589743589743	0	0.02564102564102564	0	78	1
668	1000	313	0.006389776357827476	0.8083067092651757	0	0.1853035143769968	0	313	1
668	2000	1251	0.2014388489208633	0.4892086330935252	0.01838529176658673	0.21103117505995203	0.07993605115907274	1251	1
668	5000	7821	0.2988108937476026	0.307377573200358	0.06789413118527042	0.10727528449047437	0.2186421173762946	7821	1
668	10000	31299	0.3562733633662417	0.4022492731397169	0.04533691172241925	0.06207866066008499	0.1340617911115371	31299	1
669	500	75	0.05333333333333334	0	0.38666666666666666	0.56	0	75	1
669	1000	312	0.22756410256410256	0.01282051282051282	0.3942307692307692	0.36538461538461536	0	312	1
669	2000	1248	0.33413461538461536	0.14743589743589744	0.3189102564102564	0.19951923076923078	0	1248	1
669	5000	7812	0.6881720430107527	0.13338453661034305	0.06797235023041474	0.1104710701484895	0	7812	1
669	10000	31293	0.6367877800146998	0.1295177835298629	0.08136004857316333	0.13865720768222925	0.013677180200044738	31293	1
670	500	75	0.05333333333333334	0	0.38666666666666666	0.56	0	75	1
670	1000	312	0.22756410256410256	0.01282051282051282	0.3942307692307692	0.36538461538461536	0	312	1
670	2000	1248	0.33413461538461536	0.14743589743589744	0.3189102564102564	0.19951923076923078	0	1248	1
670	5000	7812	0.6881720430107527	0.13338453661034305	0.06797235023041474	0.1104710701484895	0	7812	1
670	10000	31293	0.6367877800146998	0.1295177835298629	0.08136004857316333	0.13865720768222925	0.013677180200044738	31293	1
671	500	78	0	0.9871794871794872	0	0	0.01282051282051282	78	1
671	1000	312	0	0.9230769230769231	0	0	0.07692307692307693	312	1
671	2000	1254	0.03668261562998405	0.8987240829346093	0	0.001594896331738437	0.06299840510366826	1254	1
671	5000	7823	0.11095487664578806	0.72453023136904	0.06404192764923942	0.06097405087562316	0.03949891346030934	7823	1
671	10000	31294	0.1840927973413434	0.6719818495558254	0.04783664600242858	0.0700453761104365	0.026043330989966126	31294	1
672	500	78	0	0.9871794871794872	0	0	0.01282051282051282	78	1
672	1000	312	0	0.9230769230769231	0	0	0.07692307692307693	312	1
672	2000	1254	0.03668261562998405	0.8987240829346093	0	0.001594896331738437	0.06299840510366826	1254	1
672	5000	7823	0.11095487664578806	0.72453023136904	0.06404192764923942	0.06097405087562316	0.03949891346030934	7823	1
672	10000	31294	0.1840927973413434	0.6719818495558254	0.04783664600242858	0.0700453761104365	0.026043330989966126	31294	1
673	500	79	0.5063291139240507	0	0	0	0.4936708860759494	79	1
673	1000	313	0.5111821086261981	0.003194888178913738	0	0	0.48562300319488816	313	1
673	2000	1251	0.48521183053557154	0.053557154276578735	0	0.011990407673860911	0.4492406075139888	1251	1
673	5000	7815	0.5223288547664747	0.12770313499680103	0.048112603966730644	0.06308381317978247	0.23877159309021112	7815	1
673	10000	31301	0.5606210664196032	0.19545701415290245	0.05504616465927606	0.04868854030222677	0.1401872144659915	31301	1
674	500	78	0.6666666666666666	0	0	0	0.3333333333333333	78	1
674	1000	314	0.5987261146496815	0.01592356687898089	0	0	0.3853503184713376	314	1
674	2000	1254	0.5039872408293461	0.0861244019138756	0	0	0.4098883572567783	1254	1
674	5000	7833	0.5346610494063577	0.12179241669858291	0.048129707647133924	0.05770458317375207	0.23771224307417338	7833	1
674	10000	31315	0.5741976688487945	0.1810633881526425	0.05716110490180425	0.047229762094842725	0.140348076001916	31315	1
675	500	78	0.3717948717948718	0.1282051282051282	0	0.47435897435897434	0.02564102564102564	78	1
675	1000	315	0.2698412698412698	0.09841269841269841	0	0.2984126984126984	0.3333333333333333	315	1
675	2000	1252	0.26757188498402557	0.18370607028753994	0	0.2563897763578275	0.29233226837060705	1252	1
675	5000	7829	0.366330310384468	0.32788351002682337	0.035636735215225444	0.11125303359305147	0.15889641078043173	7829	1
675	10000	31306	0.4098894780553249	0.3828339615409187	0.041110330288123685	0.06414105922187441	0.10202517089375839	31306	1
676	500	79	0.379746835443038	0.13924050632911392	0	0.4430379746835443	0.0379746835443038	79	1
676	1000	313	0.29073482428115016	0.09904153354632587	0	0.3226837060702875	0.28753993610223644	313	1
676	2000	1250	0.2816	0.184	0	0.2632	0.2712	1250	1
676	5000	7817	0.36126391198669566	0.3343993859536907	0.03556351541512089	0.11206345145196367	0.1567097351925291	7817	1
676	10000	31301	0.40513082649116644	0.3880067729465512	0.04121274080700297	0.06392767004249066	0.10172198971278873	31301	1
677	500	77	0	0.33766233766233766	0.6623376623376623	0	0	77	1
677	1000	310	0	0.46774193548387094	0.5064516129032258	0	0.025806451612903226	310	1
677	2000	1247	0.04731355252606255	0.5854049719326383	0.3360064153969527	0	0.03127506014434643	1247	1
677	5000	7820	0.21572890025575447	0.5329923273657289	0.14846547314578004	0.03375959079283888	0.06905370843989769	7820	1
677	10000	31299	0.1270967123550273	0.5928623917697051	0.08390044410364549	0.03038435732771015	0.16575609444391196	31299	1
678	500	78	0.07692307692307693	0.7435897435897436	0	0	0.1794871794871795	78	1
678	1000	315	0.12063492063492064	0.5333333333333333	0	0	0.346031746031746	315	1
678	2000	1254	0.0773524720893142	0.45773524720893144	0	0	0.4649122807017544	1254	1
678	5000	7832	0.15270684371807966	0.3938968335035751	0	0.0011491317671092952	0.45224719101123595	7832	1
678	10000	31289	0.14845472849883345	0.3690434337946243	0.0028764102400204543	0.005529099683594873	0.47409632778292693	31289	1
679	500	78	0.11538461538461539	0.6923076923076923	0	0	0.19230769230769232	78	1
679	1000	311	0.08038585209003216	0.7106109324758842	0	0	0.2090032154340836	311	1
679	2000	1218	0.060755336617405585	0.7692939244663383	0	0	0.16995073891625614	1249	0.9751801441152922
679	5000	5735	0.12414995640802093	0.7332170880557978	0.08456843940714909	0.015344376634699215	0.042720139494333044	7821	0.7332821889783915
679	10000	23143	0.10793760532342393	0.4253986086505639	0.42475046450330556	0.011148079332843624	0.030765242189863026	31279	0.7398893826528982
682	500	78	0.34615384615384615	0.2692307692307692	0.38461538461538464	0	0	78	1
682	1000	313	0.1757188498402556	0.3194888178913738	0.48562300319488816	0	0.019169329073482427	313	1
682	2000	1255	0.08286852589641434	0.30916334661354583	0.5633466135458167	0	0.04462151394422311	1257	0.9984089101034208
682	5000	7619	0.08859430371439822	0.3273395458721617	0.4742092138075863	0.05171282320514503	0.058144113400708755	7821	0.9741721007543792
682	10000	30908	0.11048919373624952	0.26510935680082826	0.5234567102368319	0.02154781933480005	0.07939691989129027	31307	0.9872552464305108
683	500	79	0	0.759493670886076	0.24050632911392406	0	0	79	1
683	1000	312	0	0.4358974358974359	0.4166666666666667	0	0.14743589743589744	312	1
683	2000	1253	0	0.28012769353551475	0.538707102952913	0	0.18116520351157223	1253	1
683	5000	7826	0.06337848198313314	0.2817531305903399	0.4203935599284436	0.007922310247891643	0.22655251725019168	7826	1
683	10000	31283	0.09816833423904357	0.19847840680241666	0.5158392737269444	0.00345235431384458	0.18406163091775085	31283	1
684	500	80	0	1	0	0	0	80	1
684	1000	315	0.07936507936507936	0.8984126984126984	0	0	0.022222222222222223	315	1
684	2000	1257	0.1805887032617343	0.7677008750994431	0	0	0.05171042163882259	1257	1
684	5000	7836	0.13654925982644206	0.7477029096477795	0.030627871362940276	0.03802960694231751	0.04709035222052067	7836	1
684	10000	31310	0.11951453209837112	0.7198339188757585	0.024784413925263492	0.04778026189715746	0.08808687320344938	31310	1
685	500	78	0.4230769230769231	0.5769230769230769	0	0	0	78	1
685	1000	312	0.4230769230769231	0.5352564102564102	0	0.016025641025641024	0.02564102564102564	312	1
685	2000	1252	0.4225239616613419	0.48242811501597443	0	0.034345047923322686	0.06070287539936102	1252	1
685	5000	7832	0.2293156281920327	0.6193820224719101	0	0.019152196118488254	0.13215015321756896	7832	1
685	10000	31312	0.15594660194174756	0.6863502810424118	0.0024591211037301992	0.02736969851814001	0.12787429739397035	31312	1
686	500	77	0.11688311688311688	0.8701298701298701	0	0	0.012987012987012988	77	1
686	1000	310	0.29354838709677417	0.5709677419354838	0	0.035483870967741936	0.1	310	1
686	2000	1247	0.3913392141138733	0.5148356054530874	0	0.03368083400160385	0.060144346431435444	1247	1
686	5000	7829	0.2392387278068719	0.5952228892578874	0	0.019159535061949163	0.1463788478732916	7829	1
686	10000	31298	0.15818902166272605	0.683110741900441	0.0024602211003898014	0.027957057958975014	0.1282829573774682	31298	1
687	500	78	0.038461538461538464	0.9358974358974359	0	0	0.02564102564102564	78	1
687	1000	313	0.20447284345047922	0.610223642172524	0	0.025559105431309903	0.1597444089456869	313	1
687	2000	1251	0.36850519584332536	0.5379696243005595	0	0.03357314148681055	0.05995203836930456	1251	1
687	5000	7828	0.24655084312723557	0.5799693408277976	0	0.019161982626469086	0.1543178334184977	7828	1
687	10000	31309	0.1584528410361238	0.6822638857836405	0.002459356734485292	0.028394391389057458	0.12842952505669297	31309	1
688	500	79	0	0.7468354430379747	0	0	0.25316455696202533	79	1
688	1000	315	0.10476190476190476	0.6349206349206349	0	0.022222222222222223	0.23809523809523808	315	1
688	2000	1250	0.3376	0.5688	0	0.0336	0.06	1250	1
688	5000	7827	0.2583365274051361	0.5558962565478472	0	0.019164430816404752	0.16660278523061198	7827	1
688	10000	31308	0.16037434521528043	0.6807205825986968	0.0024594352881052764	0.02983263063753673	0.12661300626038074	31308	1
689	500	81	0.8518518518518519	0.037037037037037035	0	0	0.1111111111111111	81	1
689	1000	317	0.45110410094637227	0.35962145110410093	0	0	0.1892744479495268	317	1
689	2000	1256	0.2054140127388535	0.6186305732484076	0	0.012738853503184714	0.16321656050955413	1256	1
689	5000	7831	0.2776146086068191	0.49993615119397267	0	0.01953773464436215	0.20291150555484613	7831	1
689	10000	31286	0.16480214792558973	0.6768203030109314	0.0024611647382215686	0.03707728696541584	0.11883909735984147	31286	1
690	500	79	0.6455696202531646	0.35443037974683544	0	0	0	79	1
690	1000	312	0.5608974358974359	0.32371794871794873	0	0	0.11538461538461539	312	1
690	2000	1252	0.20287539936102236	0.41293929712460065	0	0	0.384185303514377	1252	1
690	5000	7824	0.25408997955010226	0.5093302658486708	0	0.021088957055214724	0.21549079754601227	7824	1
690	10000	31293	0.16585178793979485	0.6819736043204551	0.0024606141948678617	0.03844310229124724	0.111270891253635	31293	1
691	500	77	0.5714285714285714	0.42857142857142855	0	0	0	77	1
691	1000	310	0.47419354838709676	0.3580645161290323	0	0	0.16774193548387098	310	1
691	2000	1253	0.20191540303272146	0.3974461292897047	0	0	0.40063846767757383	1253	1
691	5000	7813	0.25393574811212083	0.5108153078202995	0	0.024318443619608346	0.21093050044797132	7813	1
691	10000	31301	0.17082521325197278	0.6785086738442861	0.0024599853039838984	0.03862496405865627	0.10958116354110092	31301	1
692	500	80	0	0.5125	0	0.4875	0	80	1
692	1000	316	0	0.6012658227848101	0	0.3987341772151899	0	316	1
692	2000	1255	0.05099601593625498	0.7187250996015936	0.013545816733067729	0.17609561752988048	0.04063745019920319	1255	1
692	5000	7831	0.05797471587281318	0.7822755714468139	0.04494955944323841	0.07725705529306602	0.037543097944068446	7831	1
692	10000	31321	0.07806264167810734	0.7774017432393602	0.021072124133967626	0.05762906676032055	0.06583442418824431	31321	1
695	500	79	0.16455696202531644	0.8227848101265823	0.012658227848101266	0	0	79	1
695	1000	316	0.21518987341772153	0.6360759493670886	0.11708860759493671	0	0.03164556962025317	316	1
695	2000	1251	0.2246203037569944	0.4108713029576339	0.16386890487609912	0.002398081534772182	0.1982414068745004	1251	1
695	5000	7827	0.3375495081129424	0.34943145521911334	0.1365785102849112	0.025680337293982367	0.15076018908905073	7827	1
695	10000	31307	0.23841313444277637	0.575174881017025	0.043344938831571214	0.03583863033826301	0.10722841537036445	31307	1
696	500	80	0.425	0.3625	0	0.2125	0	80	1
696	1000	313	0.5239616613418531	0.3769968051118211	0	0.09904153354632587	0	313	1
696	2000	1248	0.5272435897435898	0.28685897435897434	0.01201923076923077	0.0625	0.11137820512820513	1248	1
696	5000	7821	0.2718322465157908	0.5637386523462473	0.034266717811021606	0.02710650811916635	0.10305587520777394	7821	1
696	10000	31314	0.18368780737050522	0.6319218241042345	0.020693619467330907	0.0222903493645015	0.14140639969342786	31314	1
697	500	78	0	0.8846153846153846	0	0	0.11538461538461539	78	1
697	1000	312	0.1282051282051282	0.5576923076923077	0.02564102564102564	0	0.28846153846153844	312	1
697	2000	1250	0.0584	0.4064	0.0552	0.0376	0.4424	1250	1
697	5000	7819	0.048599565161785395	0.3570789103465916	0.026985548024043994	0.03363601483565674	0.5336999616319222	7819	1
697	10000	31317	0.05211227129035348	0.3874892231056615	0.008940830858639079	0.058338921352619984	0.493118753392726	31317	1
698	500	81	0	0.9629629629629629	0	0.037037037037037035	0	81	1
698	1000	316	0.04746835443037975	0.8639240506329114	0	0.08860759493670886	0	316	1
698	2000	1255	0.2589641434262948	0.6701195219123506	0	0.07091633466135458	0	1255	1
698	5000	7829	0.23119172308085323	0.6375015966279218	0.011878911738408481	0.04317281900625878	0.07625494954655768	7829	1
698	10000	31287	0.15773324383929427	0.695081024067504	0.0113785278230575	0.05532649343177678	0.08048071083836737	31287	1
700	500	80	0	0.525	0.475	0	0	80	1
700	1000	314	0.06369426751592357	0.7229299363057324	0.21337579617834396	0	0	314	1
700	2000	1250	0.0568	0.8152	0.0552	0.0344	0.0384	1250	1
700	5000	7831	0.1380411186310816	0.722002298557017	0.008811135231771166	0.01647299195505044	0.11467245562507981	7831	1
700	10000	31291	0.26397366654948706	0.5903614457831325	0.024288133968233677	0.0141893835288102	0.10718737017033651	31291	1
701	500	78	0.44871794871794873	0.5512820512820513	0	0	0	78	1
701	1000	311	0.36012861736334406	0.639871382636656	0	0	0	311	1
701	2000	1203	0.23025768911055694	0.6957605985037406	0.059850374064837904	0	0.014131338320864505	1252	0.9608626198083067
701	5000	6990	0.15536480686695278	0.5989985693848355	0.18397711015736767	0.024892703862660945	0.036766809728183115	7819	0.8939762117917892
701	10000	24590	0.14595363969093128	0.5263521756811712	0.2746644977633184	0.01862545750305002	0.03440422936152908	31286	0.7859745573099789
702	500	77	0.45454545454545453	0.3116883116883117	0.06493506493506493	0	0.16883116883116883	77	1
702	1000	312	0.17307692307692307	0.5448717948717948	0.14423076923076922	0	0.13782051282051283	312	1
702	2000	1250	0.1928	0.5992	0.0872	0	0.1208	1250	1
702	5000	7832	0.2537027579162411	0.6280643513789581	0.015321756894790603	0.030643513789581207	0.07226762002042901	7832	1
702	10000	31309	0.26826152224599953	0.5707624005876905	0.027883356223450124	0.0272126225685905	0.10588009837426939	31309	1
703	500	67	0.11940298507462686	0	0	0.8805970149253731	0	79	0.8481012658227848
703	1000	223	0.23766816143497757	0	0	0.7623318385650224	0	311	0.7170418006430869
703	2000	674	0.4658753709198813	0.04599406528189911	0.07863501483679525	0.4094955489614243	0	1252	0.5383386581469649
703	5000	4198	0.3232491662696522	0.33206288708909004	0.24511672224868986	0.08170557408289662	0.01786565030967127	7815	0.5371721049264235
703	10000	15889	0.2703757316382403	0.4068223299137768	0.24262068097425893	0.05821637610925798	0.021964881364465984	31265	0.5082040620502158
704	500	78	0.2564102564102564	0.7435897435897436	0	0	0	78	1
704	1000	314	0.267515923566879	0.732484076433121	0	0	0	314	1
704	2000	1255	0.18645418326693228	0.8135458167330677	0	0	0	1255	1
704	5000	7834	0.09918304825121266	0.8417155986724534	0	0.026678580546336483	0.032422772529997444	7834	1
704	10000	31327	0.13126057394579754	0.8069397005777763	0.007373830880709931	0.024100616081974016	0.03032527851374214	31327	1
706	500	77	0	0.012987012987012988	0.987012987012987	0	0	77	1
706	1000	308	0	0.045454545454545456	0.8474025974025974	0	0.10714285714285714	308	1
706	2000	1247	0.06415396952686447	0.18444266238973536	0.51242983159583	0.020850040096230954	0.2181234963913392	1247	1
706	5000	7810	0.14276568501920614	0.5829705505761844	0.13137003841229195	0.04084507042253521	0.10204865556978233	7810	1
706	10000	31286	0.13331841718340473	0.6201815508534169	0.12590295979032154	0.059291695966246886	0.06130537620660999	31286	1
707	500	74	0	0.4594594594594595	0.40540540540540543	0	0.13513513513513514	79	0.9367088607594937
707	1000	240	0.09583333333333334	0.3416666666666667	0.4375	0	0.125	311	0.7717041800643086
707	2000	857	0.36406067677946324	0.3500583430571762	0.24620770128354727	0.003500583430571762	0.03617269544924154	1247	0.6872493985565357
707	5000	4688	0.4658703071672355	0.38545221843003413	0.06036689419795222	0.06399317406143344	0.02431740614334471	7827	0.5989523444487032
707	10000	15866	0.36801966469179376	0.5175847724694315	0.031450901298373884	0.048783562334551875	0.034161099205848984	31284	0.5071602096918553
708	500	79	0	0.12658227848101267	0	0.16455696202531644	0.7088607594936709	79	1
708	1000	311	0	0.24758842443729903	0	0.3279742765273312	0.42443729903536975	311	1
708	2000	1179	0.016963528413910092	0.5199321458863444	0	0.1806615776081425	0.2824427480916031	1251	0.9424460431654677
708	5000	4980	0.2751004016064257	0.5333333333333333	0.016666666666666666	0.07088353413654619	0.10401606425702811	7829	0.6360965640567122
709	500	78	0	0.11538461538461539	0.6666666666666666	0	0.21794871794871795	78	1
709	1000	313	0	0.40894568690095845	0.46006389776357826	0	0.13099041533546327	313	1
709	2000	1252	0.09424920127795527	0.6533546325878594	0.13498402555910544	0.02875399361022364	0.08865814696485623	1252	1
709	5000	7822	0.08258757351061109	0.6944515469189466	0.021605727435438506	0.09204806954743032	0.10930708258757352	7822	1
709	10000	31327	0.05630925399814856	0.6718166437897022	0.010725572190123536	0.06026750087783701	0.2008810291441887	31327	1
710	500	79	0.26582278481012656	0.06329113924050633	0.35443037974683544	0.31645569620253167	0	79	1
710	1000	316	0.39556962025316456	0.17721518987341772	0.12025316455696203	0.2120253164556962	0.0949367088607595	316	1
710	2000	1255	0.47410358565737054	0.18645418326693228	0.031075697211155377	0.13227091633466134	0.17609561752988048	1255	1
710	5000	7830	0.44061302681992337	0.28607918263090676	0.02681992337164751	0.0913154533844189	0.15517241379310345	7830	1
710	10000	31310	0.6067390610028744	0.1765889492175024	0.04477802618971575	0.12302778664963271	0.048866176940274675	31310	1
711	500	77	0.24675324675324675	0.3246753246753247	0	0.4025974025974026	0.025974025974025976	77	1
711	1000	309	0.2459546925566343	0.31715210355987056	0.03559870550161812	0.20388349514563106	0.19741100323624594	309	1
711	2000	1247	0.1483560545308741	0.36728147554129914	0.06255012028869286	0.18043303929430635	0.2413793103448276	1247	1
711	5000	7817	0.24037354483817322	0.38352309069975693	0.05577587309709607	0.1701419982090316	0.15018549315594218	7817	1
711	10000	31302	0.5157178455050796	0.2350329052456712	0.064660405085937	0.13015142802376845	0.0544374161395438	31302	1
712	500	78	0	0.6538461538461539	0.34615384615384615	0	0	78	1
712	1000	314	0	0.5286624203821656	0.4713375796178344	0	0	314	1
712	2000	1252	0	0.40415335463258784	0.5351437699680511	0	0.06070287539936102	1252	1
712	5000	7816	0.0040941658137154556	0.3302200614124872	0.5935261003070624	0	0.07215967246673491	7816	1
712	10000	31079	0.02882975642716947	0.40744554200585603	0.5077383442195695	0.014575758550789922	0.04141059879661508	31292	0.9931931484085389
714	500	78	0.717948717948718	0.28205128205128205	0	0	0	78	1
714	1000	311	0.3054662379421222	0.6945337620578779	0	0	0	311	1
714	2000	1250	0.1472	0.8528	0	0	0	1250	1
714	5000	7831	0.10049802068701315	0.8185416932703359	0.01787766568765164	0.0306474268931171	0.03243519346188226	7831	1
714	10000	31302	0.10318829467765638	0.8266244968372628	0.015206696057759888	0.030732860520094562	0.024247651907226376	31302	1
718	500	77	0	0.5454545454545454	0.45454545454545453	0	0	77	1
718	1000	309	0.025889967637540454	0.6084142394822006	0.3106796116504854	0	0.05501618122977346	309	1
718	2000	1249	0.0656525220176141	0.5060048038430744	0.3514811849479584	0	0.07686148919135308	1249	1
718	5000	7827	0.16021464162514373	0.637025680337294	0.13274562412163027	0.00843234955921809	0.06158170435671394	7827	1
718	10000	31299	0.17102782836512348	0.7008530623981597	0.0355602415412633	0.02533627272436819	0.06722259497108533	31299	1
722	500	78	0.6794871794871795	0.19230769230769232	0	0.1282051282051282	0	78	1
722	1000	316	0.3291139240506329	0.45569620253164556	0.0031645569620253164	0.18670886075949367	0.02531645569620253	316	1
722	2000	1262	0.21315372424722662	0.528526148969889	0.06497622820919176	0.12282091917591126	0.0705229793977813	1262	1
722	5000	7827	0.17899578382522038	0.7336144116519739	0.014948256036795707	0.033601635364763	0.03883991312124697	7827	1
722	10000	31316	0.1884659598927066	0.7092540554349215	0.010282283816579384	0.01995784902286371	0.07203985183292885	31316	1
726	500	79	0.4810126582278481	0.189873417721519	0	0.3291139240506329	0	79	1
726	1000	315	0.4888888888888889	0.10476190476190476	0.2698412698412698	0.1365079365079365	0	315	1
726	2000	1254	0.405103668261563	0.09250398724082935	0.46810207336523124	0.0342902711323764	0	1254	1
726	5000	7826	0.45987733197035524	0.14924610273447483	0.36493738819320215	0.01699463327370304	0.008944543828264758	7826	1
726	10000	31324	0.3583514238283744	0.31394457923636826	0.16935895798748563	0.01366364448984804	0.14468139445792363	31324	1
727	500	77	0.05194805194805195	0.948051948051948	0	0	0	77	1
727	1000	309	0.15210355987055016	0.8317152103559871	0	0	0.016181229773462782	309	1
727	2000	1251	0.2070343725019984	0.7450039968025579	0	0	0.047961630695443645	1251	1
727	5000	7814	0.13795751215766572	0.7448169951369337	0.030714102892244688	0.03890453033017661	0.04760685948297927	7814	1
727	10000	31304	0.11893048811653463	0.7228788653207258	0.024182213135701507	0.046511627906976744	0.08749680552006134	31304	1
728	500	80	0.0125	0.9875	0	0	0	80	1
728	1000	315	0.14603174603174604	0.8507936507936508	0	0	0.0031746031746031746	315	1
728	2000	1252	0.20766773162939298	0.7531948881789138	0	0	0.03913738019169329	1252	1
728	5000	7834	0.13900944600459536	0.7413837120245086	0.030635690579525147	0.04033699259637478	0.04863415879499617	7834	1
728	10000	31303	0.1200843369645082	0.7232214164776539	0.022841261220969238	0.04657700539884356	0.0872759799380251	31303	1
729	500	77	0	1	0	0	0	77	1
729	1000	311	0.022508038585209004	0.977491961414791	0	0	0	311	1
729	2000	1250	0.1864	0.7896	0	0	0.024	1250	1
729	5000	7821	0.1411584196394323	0.7326428845416187	0.03068661296509398	0.04040404040404041	0.055108042449814605	7821	1
729	10000	31307	0.12339093493467915	0.7245025074264542	0.02015523684798927	0.046443287443702685	0.08550803334717476	31307	1
730	500	78	0	1	0	0	0	78	1
730	1000	312	0.10897435897435898	0.8910256410256411	0	0	0	312	1
730	2000	1253	0.19154030327214686	0.7725458898643256	0	0	0.035913806863527534	1253	1
730	5000	7826	0.14055711730130335	0.7376693074367493	0.030667007411193457	0.040633784819831334	0.05047278303092256	7826	1
730	10000	31291	0.12134479562813588	0.722731775910006	0.02195519478444281	0.04675465788884983	0.08721357578856541	31291	1
732	500	79	0	0.8354430379746836	0	0	0.16455696202531644	79	1
732	1000	312	0	0.907051282051282	0	0	0.09294871794871795	312	1
732	2000	1251	0.042366107114308556	0.8369304556354916	0	0.004796163069544364	0.11590727418065548	1251	1
732	5000	7814	0.1707192219093934	0.6310468390069107	0.009598157153826465	0.052213974916815974	0.13642180701305348	7814	1
732	10000	31313	0.21329799124964072	0.6090122313416153	0.01392392935841344	0.03187174655893718	0.13189410149139336	31313	1
733	500	74	0	0.7972972972972973	0	0.05405405405405406	0.14864864864864866	74	1
733	1000	309	0.045307443365695796	0.7508090614886731	0	0.08414239482200647	0.11974110032362459	309	1
733	2000	1246	0.14526484751203853	0.7030497592295345	0	0.048154093097913325	0.10353130016051364	1246	1
733	5000	7812	0.29621095750128007	0.5848694316436251	0.02291346646185356	0.027265745007680493	0.06874039938556067	7812	1
733	10000	31295	0.26777440485700593	0.5530915481706343	0.014826649624540661	0.042690525643073976	0.12161687170474517	31295	1
734	500	78	0.15384615384615385	0.6538461538461539	0	0.1794871794871795	0.01282051282051282	78	1
734	1000	286	0.28321678321678323	0.40559440559440557	0	0.1888111888111888	0.12237762237762238	310	0.9225806451612903
734	2000	1007	0.29791459781529295	0.33664349553128103	0	0.2512413108242304	0.11420059582919563	1248	0.8068910256410257
734	5000	5163	0.29595196591129186	0.4080960681774162	0.024791787720317645	0.10652721286073988	0.16463296533023436	7825	0.6598083067092652
734	10000	17453	0.31793960923623443	0.42657422792643096	0.05420271586546725	0.04749899730705323	0.15378444966481408	31282	0.5579246851224346
735	500	60	0	0.38333333333333336	0.03333333333333333	0.5833333333333334	0	79	0.759493670886076
735	1000	200	0	0.54	0.185	0.275	0	314	0.6369426751592356
735	2000	723	0.30428769017980634	0.5504840940525588	0.06915629322268327	0.07607192254495158	0	1250	0.5784
735	5000	3941	0.5143364628266938	0.3285968028419183	0.0771377822887592	0.07992895204262877	0	7831	0.5032562891073937
738	500	77	0.19480519480519481	0.8051948051948052	0	0	0	77	1
738	1000	311	0.3215434083601286	0.5691318327974276	0.06430868167202572	0.04501607717041801	0	311	1
738	2000	1251	0.2478017585931255	0.6370903277378097	0.02238209432454037	0.09272581934452438	0	1251	1
738	5000	7820	0.15115089514066496	0.732992327365729	0.02404092071611253	0.08132992327365729	0.010485933503836318	7820	1
738	10000	31307	0.2621458459769381	0.5451496470437921	0.05775066279106909	0.06838726163477817	0.06656658255342256	31307	1
739	500	79	0.5443037974683544	0.45569620253164556	0	0	0	79	1
739	1000	316	0.5063291139240507	0.4936708860759494	0	0	0	316	1
739	2000	1252	0.3059105431309904	0.6413738019169329	0	0.052715654952076675	0	1252	1
739	5000	7829	0.33439775194788607	0.49354962319581047	0.010090688465959893	0.11559586154042661	0.04636607484991698	7829	1
739	10000	31309	0.38461784151521927	0.45654604107445146	0.03436711488709317	0.0714491040914753	0.05301989843176084	31309	1
743	500	78	0	0.23076923076923078	0	0.44871794871794873	0.32051282051282054	79	0.9873417721518988
743	1000	254	0	0.11023622047244094	0.031496062992125984	0.6259842519685039	0.23228346456692914	315	0.8063492063492064
743	2000	834	0	0.09232613908872901	0.290167865707434	0.4904076738609113	0.12709832134292565	1255	0.6645418326693228
744	500	58	0	0	0.9827586206896551	0	0.017241379310344827	77	0.7532467532467533
744	1000	196	0	0	0.9132653061224489	0.030612244897959183	0.05612244897959184	309	0.6343042071197411
745	500	78	0	0	0.21794871794871795	0.782051282051282	0	78	1
745	1000	275	0	0	0.2872727272727273	0.7127272727272728	0	316	0.870253164556962
745	2000	720	0.041666666666666664	0.04722222222222222	0.34305555555555556	0.5680555555555555	0	1256	0.5732484076433121
746	500	79	0.0759493670886076	0.6708860759493671	0	0.25316455696202533	0	79	1
746	1000	312	0.08333333333333333	0.8076923076923077	0	0.10897435897435898	0	312	1
746	2000	1252	0.07827476038338659	0.8250798722044729	0	0.06789137380191693	0.02875399361022364	1252	1
746	5000	7821	0.1359161232578954	0.7041299066615523	0	0.04935430251885948	0.11059966756169287	7821	1
746	10000	31306	0.14355075704337827	0.729285121063055	0.004567814476458187	0.026256947549990417	0.09633935986711813	31306	1
747	500	80	0.2	0.525	0	0	0.275	80	1
747	1000	312	0.15064102564102563	0.6282051282051282	0	0	0.22115384615384615	312	1
747	2000	1248	0.23958333333333334	0.6394230769230769	0	0.020032051282051284	0.10096153846153846	1248	1
747	5000	7818	0.25121514453824506	0.6125607572269123	0.028907649015093375	0.028651829112304936	0.07866462010744436	7818	1
747	10000	31300	0.2863897763578275	0.5175399361022365	0.01523961661341853	0.04191693290734824	0.13891373801916934	31300	1
749	500	77	0.8441558441558441	0	0	0.15584415584415584	0	77	1
749	1000	310	0.6967741935483871	0.01935483870967742	0.11935483870967742	0.16451612903225807	0	310	1
749	2000	1247	0.53728949478749	0.1339214113873296	0.10425020048115477	0.22453889334402566	0	1247	1
749	5000	7820	0.6433503836317136	0.16470588235294117	0.05358056265984655	0.13836317135549872	0	7820	1
749	10000	31312	0.5946921308124681	0.2217360756259581	0.05390904445579969	0.09290367910066429	0.03675907000510986	31312	1
750	500	78	0.8717948717948718	0	0.11538461538461539	0.01282051282051282	0	78	1
750	1000	312	0.5737179487179487	0.08653846153846154	0.2692307692307692	0.07051282051282051	0	312	1
750	2000	1254	0.4880382775119617	0.17543859649122806	0.1419457735247209	0.19457735247208932	0	1254	1
750	5000	7819	0.657756746387006	0.1576927995907405	0.052947947307839874	0.13160250671441362	0	7819	1
750	10000	31312	0.5916581502299438	0.2308699540112417	0.050970873786407765	0.09347853857945836	0.03302248339294839	31312	1
751	500	77	0.8961038961038961	0	0.025974025974025976	0.07792207792207792	0	77	1
751	1000	312	0.625	0.0673076923076923	0.21474358974358973	0.09294871794871795	0	312	1
751	2000	1252	0.5135782747603834	0.1573482428115016	0.12300319488817892	0.20607028753993611	0	1252	1
751	5000	7816	0.6518679631525077	0.1604401228249744	0.052968270214943707	0.1347236438075742	0	7816	1
751	10000	31283	0.5927820221845731	0.22775948598280216	0.05223284211872263	0.09353322891027076	0.033692420803631364	31283	1
753	500	77	0.2077922077922078	0.7272727272727273	0.06493506493506493	0	0	77	1
753	1000	309	0.27184466019417475	0.46601941747572817	0.19093851132686085	0	0.07119741100323625	309	1
753	2000	1048	0.23950381679389313	0.5028625954198473	0.16603053435114504	0.008587786259541985	0.08301526717557252	1248	0.8397435897435898
753	5000	6780	0.32418879056047195	0.5541297935103244	0.05221238938053097	0.008702064896755162	0.0607669616519174	7826	0.8663429593662152
753	10000	23902	0.27817755836331687	0.5456028784202159	0.035017990126349256	0.019036063927704794	0.12216550916241319	31286	0.7639838905580771
754	500	77	0.012987012987012988	0.6493506493506493	0	0	0.33766233766233766	77	1
754	1000	312	0.16346153846153846	0.6217948717948718	0	0	0.21474358974358973	312	1
754	2000	1245	0.11004016064257029	0.6393574297188755	0.018473895582329317	0	0.2321285140562249	1245	1
754	5000	7819	0.21652385215500702	0.4184678347614785	0.009336232254764036	0.01342882721575649	0.342243253612994	7819	1
754	10000	31289	0.23158298443542458	0.2115120329828374	0.005113618204480808	0.006935344689827096	0.5448560196874301	31289	1
755	500	79	0	1	0	0	0	79	1
755	1000	315	0.06666666666666667	0.9333333333333333	0	0	0	315	1
755	2000	1253	0.12769353551476456	0.8052673583399841	0	0.05826017557861133	0.008778930566640064	1253	1
755	5000	7838	0.05447818321000255	0.80862464914519006	0	0.062260780811431486	0.07463638683337587	7838	1
755	10000	31295	0.10982585077488417	0.6739734781914044	0.002492410928263301	0.04754753155456143	0.16616072855088673	31295	1
756	500	77	0	0.935064935064935	0	0.06493506493506493	0	77	1
756	1000	313	0.025559105431309903	0.9041533546325878	0	0.07028753993610223	0	313	1
756	2000	1250	0.036	0.916	0	0.0264	0.0216	1250	1
756	5000	7819	0.03171761094769152	0.8952551477170994	0	0.01739352858421793	0.055633712750991174	7819	1
756	10000	31300	0.036293929712460066	0.8604153354632588	0	0.020830670926517574	0.08246006389776357	31300	1
757	500	77	0.09090909090909091	0.7142857142857143	0	0	0.19480519480519481	77	1
757	1000	310	0.14516129032258066	0.3419354838709677	0	0	0.5129032258064516	310	1
757	2000	1246	0.044141252006420544	0.3956661316211878	0	0	0.5601926163723917	1246	1
757	5000	7811	0.04775316860837281	0.5618998847778773	0.02214825246447318	0.003968762002304442	0.36422993214697225	7811	1
757	10000	31284	0.10225674466180795	0.5035161744022504	0.007032348804500703	0.009909218769978264	0.3772855133614627	31284	1
758	500	79	0.6329113924050633	0.27848101265822783	0	0.0379746835443038	0.05063291139240506	79	1
758	1000	315	0.26666666666666666	0.3746031746031746	0	0.24444444444444444	0.11428571428571428	315	1
758	2000	1255	0.16175298804780877	0.5665338645418326	0.0015936254980079682	0.2358565737051793	0.034262948207171316	1255	1
758	5000	7834	0.2058973704365586	0.6022466173091652	0.005233597140668879	0.1220321674751085	0.06459024763849885	7834	1
758	10000	31301	0.35449346666240694	0.5052873710105108	0.009967732660298392	0.09897447365898852	0.03127695600779528	31301	1
759	500	78	0.7051282051282052	0	0	0.2948717948717949	0	78	1
759	1000	312	0.7564102564102564	0.08012820512820513	0	0.16346153846153846	0	312	1
759	2000	1254	0.6985645933014354	0.18740031897926634	0	0.11403508771929824	0	1254	1
759	5000	7828	0.7451456310679612	0.13055697496167604	0.019545222278998468	0.10475217169136433	0	7828	1
759	10000	31292	0.5964463760705612	0.31244407516298095	0.014668285823852743	0.06800460181516042	0.008436661127444714	31292	1
760	500	79	0.0379746835443038	0	0	0	0.9620253164556962	79	1
760	1000	314	0.4872611464968153	0	0	0	0.5127388535031847	314	1
760	2000	1261	0.7248215701823949	0.08881839809674862	0.04203013481363997	0.0015860428231562252	0.14274385408406026	1261	1
760	5000	7833	0.7735222775437253	0.10621728584195073	0.02770330652368186	0.06932209881271544	0.02323503127792672	7833	1
760	10000	31322	0.7088947065960028	0.1843432730987804	0.04025924270480812	0.05896813741140412	0.007534640189004534	31322	1
761	500	76	0.4605263157894737	0.32894736842105265	0	0	0.21052631578947367	76	1
761	1000	311	0.5241157556270096	0.12540192926045016	0	0	0.3504823151125402	311	1
761	2000	1247	0.4498797113071371	0.21331194867682438	0	0.024859663191659984	0.3119486768243785	1247	1
761	5000	7820	0.5386189258312021	0.19833759590792838	0.008312020460358057	0.018414322250639385	0.23631713554987213	7820	1
761	10000	31299	0.39684973960829417	0.23422473561455637	0.01881849260359756	0.018051694942330426	0.33205533723122144	31299	1
762	500	77	0.5584415584415584	0.44155844155844154	0	0	0	77	1
762	1000	309	0.8414239482200647	0.15857605177993528	0	0	0	309	1
762	2000	1249	0.6236989591673339	0.27381905524419536	0.03923138510808647	0.013610888710968775	0.049639711769415534	1249	1
762	5000	7826	0.43981599795553283	0.3687707641196013	0.04382826475849732	0.005238947099412215	0.1423460260669563	7826	1
762	10000	31300	0.2821725239616613	0.3484345047923323	0.033993610223642175	0.008722044728434505	0.3266773162939297	31300	1
763	500	77	0.948051948051948	0	0.05194805194805195	0	0	77	1
763	1000	312	0.907051282051282	0	0.09294871794871795	0	0	312	1
763	2000	1253	0.9433359936153233	0	0.035115722266560255	0.019952114924181964	0.0015961691939345571	1253	1
763	5000	7828	0.7572815533980582	0.14320388349514562	0.0062595809913132345	0.02644353602452734	0.06681144609095555	7828	1
763	10000	31300	0.568594249201278	0.28587859424920126	0.01523961661341853	0.039105431309904154	0.09118210862619808	31300	1
764	500	79	0.7974683544303798	0.20253164556962025	0	0	0	79	1
764	1000	314	0.7292993630573248	0.18152866242038215	0	0.08917197452229299	0	314	1
764	2000	1259	0.7307386814932486	0.23510722795869737	0	0.03415409054805401	0	1259	1
764	5000	7835	0.4986598596043395	0.46649649010848754	0.0034460753031269943	0.031397574984045946	0	7835	1
764	10000	31307	0.4606956910595075	0.44855783051713677	0.018590091672788835	0.05024435429776088	0.021912032452806082	31307	1
765	500	75	0.4666666666666667	0	0	0.4	0.13333333333333333	75	1
765	1000	312	0.5512820512820513	0	0.028846153846153848	0.2403846153846154	0.1794871794871795	312	1
765	2000	1246	0.6340288924558587	0.06982343499197431	0.03531300160513644	0.12439807383627609	0.13643659711075443	1246	1
765	5000	7815	0.7033909149072297	0.20601407549584133	0.005630198336532309	0.032245681381957776	0.0527191298784389	7815	1
765	10000	31289	0.5740675636805267	0.2668989101601202	0.02189267793793346	0.034772603790469495	0.10236824443095018	31289	1
766	500	80	0.7375	0.25	0	0	0.0125	80	1
766	1000	315	0.45396825396825397	0.3238095238095238	0.08253968253968254	0	0.13968253968253969	315	1
766	2000	1253	0.19872306464485234	0.578611332801277	0.027932960893854747	0.02154828411811652	0.17318435754189945	1253	1
766	5000	7831	0.08351423828374409	0.763759417698889	0.00446941642191291	0.0404801430213255	0.10777678457412847	7831	1
766	10000	31299	0.09843764976516822	0.7718776957730279	0.006709479536087415	0.05076839515639477	0.0722067797693217	31299	1
767	500	78	0.01282051282051282	0.9615384615384616	0	0.02564102564102564	0	78	1
767	1000	312	0.13141025641025642	0.7307692307692307	0	0.07371794871794872	0.0641025641025641	312	1
767	2000	1250	0.1248	0.564	0	0.108	0.2032	1250	1
767	5000	7816	0.06857727737973388	0.7769959058341863	0.00447799385875128	0.041453428863868984	0.10849539406345957	7816	1
767	10000	31306	0.09126046125343384	0.7842266658148598	0.005110841372260908	0.04273941097553185	0.07666262058391363	31306	1
768	500	79	0	0.8354430379746836	0	0.10126582278481013	0.06329113924050633	79	1
768	1000	315	0.006349206349206349	0.7492063492063492	0	0.13968253968253969	0.10476190476190476	315	1
768	2000	1251	0.09272581934452438	0.5715427657873701	0	0.11750599520383694	0.2182254196642686	1251	1
768	5000	7825	0.07258785942492013	0.7734185303514377	0.0044728434504792336	0.04357827476038339	0.10594249201277955	7825	1
768	10000	31308	0.09141433499425067	0.783793279672927	0.004982752012265236	0.04251309569439121	0.07729653762616584	31308	1
769	500	78	0.5512820512820513	0.4230769230769231	0	0.02564102564102564	0	78	1
769	1000	312	0.33653846153846156	0.38782051282051283	0.0641025641025641	0.09935897435897435	0.11217948717948718	312	1
769	2000	1250	0.1344	0.5264	0.0432	0.1712	0.1248	1250	1
769	5000	7816	0.09506141248720573	0.6985670419651996	0.016760491299897647	0.09646878198567042	0.093142272262026607	7816	1
769	10000	31307	0.10987957964672437	0.7164212476442968	0.02136902290222634	0.0802695882709937	0.07206056153575878	31307	1
770	500	79	0	0.5569620253164557	0.1518987341772152	0.2911392405063291	0	79	1
770	1000	313	0	0.5718849840255591	0.21725239616613418	0.2108626198083067	0	313	1
770	2000	1250	0	0.5912	0.2896	0.0976	0.0216	1250	1
770	5000	7824	0.017510224948875254	0.5838445807770961	0.3424079754601227	0.027223926380368097	0.029013292433537834	7824	1
770	10000	31294	0.04684604077458938	0.719179395411261	0.15335208027097846	0.033712532753882536	0.04690995078928868	31294	1
771	500	79	0.5569620253164557	0.4430379746835443	0	0	0	79	1
771	1000	315	0.42857142857142855	0.5714285714285714	0	0	0	315	1
771	2000	1251	0.2038369304556355	0.7961630695443646	0	0	0	1251	1
771	5000	7826	0.13467927421415793	0.7754919499105546	0.04612829031433682	0.02402248913876821	0.01967799642218247	7826	1
771	10000	31307	0.0850608490114032	0.7817421024052129	0.044654550100616475	0.04797649088063372	0.040566007602133705	31307	1
772	500	79	0.11392405063291139	0.8860759493670886	0	0	0	79	1
772	1000	316	0.07278481012658228	0.9272151898734177	0	0	0	316	1
772	2000	1252	0.10143769968051118	0.8650159744408946	0	0	0.03354632587859425	1252	1
772	5000	7830	0.03793103448275862	0.8579821200510855	0	0.027713920817369092	0.07637292464878671	7830	1
772	10000	31307	0.07260357108633853	0.7832753058421439	0.014789024818730635	0.05356629507777813	0.07576580317500878	31307	1
773	500	78	0.4230769230769231	0.5256410256410257	0	0.05128205128205128	0	78	1
773	1000	312	0.3108974358974359	0.5897435897435898	0	0.09935897435897435	0	312	1
773	2000	1253	0.19154030327214686	0.6879489225857941	0	0.08778930566640064	0.03272146847565842	1253	1
773	5000	7819	0.14669395063307328	0.702263716587799	0.03018288783731935	0.07328302852027113	0.04757641642153728	7819	1
773	10000	31304	0.11423460260669563	0.7141579350881676	0.018591873243036034	0.06666879631995912	0.08634679274214158	31304	1
774	500	62	0.24193548387096775	0.7580645161290323	0	0	0	77	0.8051948051948052
774	1000	230	0.41739130434782606	0.5826086956521739	0	0	0	310	0.7419354838709677
774	2000	841	0.40071343638525564	0.5992865636147443	0	0	0	1249	0.6733386709367494
774	5000	5880	0.3062925170068027	0.5780612244897959	0.04115646258503401	0.03503401360544218	0.03945578231292517	7824	0.7515337423312883
774	10000	21665	0.23969536118162935	0.5819063004846526	0.05012693284098777	0.034802677129009925	0.09346872836372029	31285	0.6925043950775132
777	500	79	0	0.31645569620253167	0	0.21518987341772153	0.46835443037974683	79	1
777	1000	314	0	0.42356687898089174	0	0.11464968152866242	0.46178343949044587	314	1
777	2000	1255	0.0015936254980079682	0.42868525896414345	0	0.07808764940239044	0.49163346613545816	1255	1
777	5000	7824	0.04435071574642127	0.3341002044989775	0.025434560327198364	0.06416155419222903	0.5319529652351738	7824	1
777	10000	31315	0.051476927989781256	0.42184256745968385	0.011112885198786525	0.07695992335941242	0.43860769599233596	31315	1
778	500	78	0	0.07692307692307693	0	0.2948717948717949	0.6282051282051282	78	1
778	1000	314	0	0.34076433121019106	0	0.09235668789808917	0.5668789808917197	314	1
778	2000	1254	0.027910685805422646	0.33413078149920256	0.015151515151515152	0.09250398724082935	0.5303030303030303	1254	1
778	5000	7839	0.03214695752009185	0.3172598545732874	0.026916698558489605	0.0471998979461666	0.5764765914019645	7839	1
778	10000	31298	0.06009968688095086	0.3996741005815068	0.008978209470253691	0.06732059556521183	0.4639274075020768	31298	1
779	500	79	0	0	0	0.06329113924050633	0.9367088607594937	79	1
779	1000	315	0	0	0	0.13015873015873017	0.8698412698412699	315	1
779	2000	1253	0	0.10534716679968077	0	0.0670391061452514	0.8276137270550679	1253	1
779	5000	7826	0.026705852287247638	0.2165857398415538	0.020316892409915667	0.044722719141323794	0.6916687963199591	7826	1
779	10000	31312	0.08536663260091977	0.37611778231987736	0.008846448645886561	0.0626596831885539	0.4670094532447624	31312	1
780	500	79	0	0	0	0.25316455696202533	0.7468354430379747	79	1
780	1000	312	0	0	0	0.14743589743589744	0.8525641025641025	312	1
780	2000	1251	0	0	0	0.05435651478816946	0.9456434852118305	1251	1
780	5000	7835	0.023994894703254627	0.1541799617102744	0.009700063816209317	0.0404594767070836	0.771665603063178	7835	1
780	10000	31312	0.1098939703628002	0.352899846704139	0.008782575370464998	0.060424118548799186	0.4679994890137966	31312	1
781	500	80	0	0	0	0	1	80	1
781	1000	317	0	0	0	0	1	317	1
781	2000	1256	0	0.06767515923566879	0	0.003980891719745223	0.928343949044586	1256	1
781	5000	7828	0.04471129279509453	0.19775166070516095	0.02171691364333163	0.03231987736331119	0.7035002554931017	7828	1
781	10000	31317	0.09285691477472299	0.3459462911517706	0.008940830858639079	0.048567870485678705	0.5036880927291886	31317	1
782	500	78	0	0	0	0	1	78	1
782	1000	312	0	0	0	0	1	312	1
782	2000	1249	0	0.008807045636509208	0	0.05844675740592474	0.932746196957566	1249	1
782	5000	7817	0.040168862735064606	0.1748752718434182	0.016630420877574516	0.03377254701292056	0.7345528975310222	7817	1
782	10000	31308	0.10240194199565607	0.3383160853455986	0.009103104637792257	0.04928452791618756	0.5008943401047655	31308	1
783	500	78	0	0	0	0	1	78	1
783	1000	312	0	0	0	0	1	312	1
783	2000	1249	0	0	0	0.08646917534027222	0.9135308246597278	1249	1
783	5000	7818	0.030314658480429777	0.14402660526989	0.011000255819902788	0.03619851624456383	0.7784599641852136	7818	1
783	10000	31308	0.11086623227290149	0.334706784208509	0.011019547719432733	0.04899706145394148	0.4944103743452153	31308	1
784	500	79	0	0	0	0	1	79	1
784	1000	315	0	0	0	0.044444444444444446	0.9555555555555556	315	1
784	2000	1254	0	0	0	0.09011164274322168	0.9098883572567783	1254	1
784	5000	7825	0.024408945686900958	0.1192332268370607	0.00817891373801917	0.03769968051118211	0.810479233226837	7825	1
784	10000	31317	0.11939202350161254	0.33138550946770123	0.011399559344764824	0.05102659897180445	0.48679630871411694	31317	1
785	500	79	0.4430379746835443	0.5569620253164557	0	0	0	79	1
785	1000	315	0.30158730158730157	0.6984126984126984	0	0	0	315	1
785	2000	1251	0.14068745003996802	0.8537170263788969	0	0.003996802557953637	0.0015987210231814548	1251	1
785	5000	7824	0.18762781186094069	0.7543456032719836	0.02223926380368098	0.03233640081799591	0.003450920245398773	7824	1
785	10000	27929	0.2576175301657775	0.6436320670271044	0.05241863296215404	0.03584088223710122	0.010490887607862796	31279	0.8928993893666677
786	500	79	0.4936708860759494	0	0.5063291139240507	0	0	79	1
786	1000	315	0.8253968253968254	0	0.1746031746031746	0	0	315	1
786	2000	1253	0.9561053471667997	0	0.04389465283320032	0	0	1253	1
786	5000	7834	0.9068164411539443	0.024125606331376052	0.047230022976767934	0.021827929537911666	0	7834	1
786	10000	30913	0.8194934170090253	0.06110697764694465	0.09704654999514767	0.021479636398926017	8.73418949956329e-4	31291	0.9879198491579049
788	500	78	0	0.7948717948717948	0	0.20512820512820512	0	78	1
788	1000	312	0	0.8717948717948718	0	0.11217948717948718	0.016025641025641024	312	1
788	2000	1251	0	0.7897681854516387	0	0.035171862509992005	0.1750599520383693	1251	1
788	5000	7836	0.014420622766717713	0.7908371618172537	0	0.04415518121490557	0.15058703420112302	7836	1
788	10000	31313	0.019289113147893847	0.8320825216363811	0.0019161370676715741	0.036917574170472325	0.1097946539775812	31313	1
789	500	77	0	0	1	0	0	77	1
789	1000	309	0	0.009708737864077669	0.9902912621359223	0	0	309	1
789	2000	1249	0	0.1721377101681345	0.8278622898318655	0	0	1249	1
789	5000	7713	0.07182678594580579	0.21820303383897316	0.6419032801763257	0.030338389731621937	0.037728510307273436	7822	0.9860649450268474
789	10000	27977	0.12327983700897166	0.2638595989562855	0.5428745040569039	0.029345533831361476	0.040640526146477465	31290	0.8941195270054331
792	500	79	0.4430379746835443	0.5569620253164557	0	0	0	79	1
792	1000	313	0.19808306709265175	0.792332268370607	0	0.009584664536741214	0	313	1
792	2000	1254	0.13556618819776714	0.8181818181818182	0	0.03110047846889952	0.015151515151515152	1254	1
792	5000	7598	0.07475651487233483	0.8643063964201105	0.008949723611476704	0.024348512766517505	0.027638852329560412	7817	0.971984137137009
792	10000	29049	0.052290956659437504	0.883920272642776	0.0023408723191848256	0.018004062101965645	0.043443836276636026	31308	0.9278459179762361
793	500	79	0	0.3670886075949367	0	0.189873417721519	0.4430379746835443	79	1
793	1000	314	0	0.4840764331210191	0	0.08598726114649681	0.4299363057324841	314	1
793	2000	1252	0	0.6238019169329073	0	0.029552715654952075	0.3466453674121406	1252	1
793	5000	7829	0.02158640950312939	0.7078809554221485	0	0.020053646698173458	0.25047898837654875	7829	1
793	10000	31300	0.028594249201277955	0.6164856230031949	0.007412140575079872	0.025527156549520768	0.32198083067092653	31300	1
794	500	45	0	0.6222222222222222	0.37777777777777777	0	0	78	0.5769230769230769
794	1000	174	0.005747126436781609	0.7586206896551724	0.23563218390804597	0	0	312	0.5576923076923077
794	2000	741	0.19973009446693657	0.6342780026990553	0.10661268556005399	0	0.059379217273954114	1248	0.59375
795	500	57	0.07017543859649122	0.45614035087719296	0.3684210526315789	0	0.10526315789473684	80	0.7125
795	1000	210	0.1619047619047619	0.4666666666666667	0.28095238095238095	0	0.09047619047619047	316	0.6645569620253164
795	2000	875	0.15428571428571428	0.5622857142857143	0.21714285714285714	0	0.06628571428571428	1254	0.6977671451355661
795	5000	4131	0.09198741224885015	0.7772936335027838	0.11086903897361414	0	0.019849915274751877	7822	0.5281257990283815
795	10000	16730	0.0799163179916318	0.8083084279737	0.06467423789599522	0.0060370591751344885	0.04106395696353855	31299	0.5345218697082974
796	500	80	0.5875	0.325	0.075	0.0125	0	80	1
796	1000	314	0.39171974522292996	0.39490445859872614	0.1178343949044586	0.09554140127388536	0	314	1
796	2000	1225	0.44571428571428573	0.40816326530612246	0.11755102040816326	0.02857142857142857	0	1252	0.9784345047923323
796	5000	6880	0.2787790697674419	0.5815406976744186	0.07950581395348837	0.029215116279069767	0.030959302325581396	7821	0.8796829049993607
796	10000	21649	0.20231881380202318	0.6823409857268234	0.04974825627049748	0.03196452492031965	0.033627419280336274	31288	0.6919266172334442
797	500	79	0.6708860759493671	0.22784810126582278	0	0	0.10126582278481013	79	1
797	1000	317	0.38485804416403785	0.4384858044164038	0	0	0.17665615141955837	317	1
797	2000	1255	0.39362549800796814	0.4749003984063745	0.014342629482071713	0.026294820717131476	0.09083665338645418	1255	1
797	5000	7822	0.3959345435949885	0.46918946560981845	0.0718486320634109	0.04244438762464843	0.020582971107133724	7822	1
797	10000	31298	0.31864655888555177	0.5205124928110423	0.10396830468400536	0.021918333439836412	0.03495431017956419	31298	1
798	500	43	0	0	0.18604651162790697	0	0.813953488372093	78	0.5512820512820513
799	500	78	0.14102564102564102	0	0	0	0.8589743589743589	78	1
799	1000	311	0.2315112540192926	0	0.0932475884244373	0	0.6752411575562701	311	1
799	2000	1085	0.21751152073732719	0.02304147465437788	0.05898617511520737	0	0.7004608294930875	1250	0.868
799	5000	4577	0.20209744374044133	0.2619619838322045	0.03954555385623771	0.001529386060738475	0.49486563251037796	7819	0.585368973014452
800	500	78	0.32051282051282054	0.6794871794871795	0	0	0	78	1
800	1000	312	0.21153846153846154	0.7692307692307693	0.019230769230769232	0	0	312	1
800	2000	1251	0.18305355715427657	0.6219024780175859	0.1926458832933653	0.002398081534772182	0	1251	1
800	5000	7834	0.32639775338269084	0.3922644881286699	0.19964258360990553	0.03982639775338269	0.04186877712535103	7834	1
800	10000	31301	0.4126705217085716	0.2859333567617648	0.1740519472221335	0.027091786204913582	0.10025238810261652	31301	1
801	500	79	0	0.21518987341772153	0.7848101265822784	0	0	79	1
801	1000	310	0.03225806451612903	0.47096774193548385	0.4806451612903226	0.016129032258064516	0	310	1
801	2000	1247	0.10425020048115477	0.5284683239775461	0.3392141138732959	0.028067361668003207	0	1247	1
801	5000	7820	0.270460358056266	0.3571611253196931	0.29539641943734013	0.03721227621483376	0.03976982097186701	7820	1
801	10000	31314	0.40646356262374655	0.3020693619467331	0.17605543846202976	0.03005045666475059	0.08536118030274	31314	1
802	500	80	0	1	0	0	0	80	1
802	1000	315	0.26666666666666666	0.7238095238095238	0.009523809523809525	0	0	315	1
802	2000	1258	0.2519872813990461	0.49761526232114467	0.24085850556438793	0.009538950715421303	0	1258	1
802	5000	7830	0.26756066411238827	0.37203065134099617	0.23026819923371647	0.040102171136653895	0.09003831417624521	7830	1
802	10000	31320	0.40651340996168583	0.28952745849297573	0.17429757343550448	0.027650063856960408	0.10201149425287356	31320	1
803	500	75	0	1	0	0	0	75	1
803	1000	312	0.060897435897435896	0.9391025641025641	0	0	0	312	1
803	2000	1248	0.26121794871794873	0.6834935897435898	0.052083333333333336	0.003205128205128205	0	1248	1
803	5000	7809	0.34908438980663337	0.41990011525163273	0.1974644640799078	0.0335510308618261	0	7809	1
803	10000	31279	0.4433965280219956	0.32430704306403657	0.1705936890565555	0.023306371687074393	0.038396368170337924	31279	1
805	500	78	0.01282051282051282	0.9871794871794872	0	0	0	78	1
805	1000	315	0.08253968253968254	0.8857142857142857	0	0.012698412698412698	0.01904761904761905	315	1
805	2000	1254	0.14035087719298245	0.6092503987240829	0.025518341307814992	0.04226475279106858	0.18261562998405104	1254	1
805	5000	7830	0.08160919540229886	0.5994891443167305	0.04431673052362708	0.030779054916985953	0.2438058748403576	7830	1
805	10000	31301	0.07651512731222644	0.6392447525638159	0.024663748762020384	0.018146385099517586	0.24142998626241974	31301	1
807	500	66	0.42424242424242425	0.5757575757575758	0	0	0	80	0.825
807	1000	232	0.2025862068965517	0.7413793103448276	0	0.05603448275862069	0	317	0.7318611987381703
807	2000	956	0.28765690376569036	0.6443514644351465	0	0.06799163179916318	0	1256	0.7611464968152867
807	5000	5733	0.2855398569684284	0.670155241583813	0	0.03366474795046224	0.010640153497296355	7828	0.7323709759836484
807	10000	23996	0.24320720120020003	0.6334805800966827	0.03875645940990165	0.03292215369228205	0.05163360560093349	31279	0.7671600754499824
809	500	57	0.22807017543859648	0.7719298245614035	0	0	0	77	0.7402597402597403
809	2000	689	0.4644412191582003	0.3134978229317852	0.17126269956458637	0	0.05079825834542816	1249	0.5516413130504404
809	5000	4982	0.4120835006021678	0.40867121637896425	0.11019670814933762	0.05881172219991971	0.010236852669610599	7824	0.6367586912065439
809	10000	22910	0.3166302924487124	0.528633784373636	0.09118288956787429	0.04692274116106504	0.016630292448712353	31269	0.7326745338833989
811	500	79	0.22784810126582278	0.7721518987341772	0	0	0	79	1
811	1000	242	0.49173553719008267	0.49173553719008267	0	0.01652892561983471	0	314	0.7707006369426752
811	2000	725	0.7475862068965518	0.1986206896551724	0	0.05379310344827586	0	1251	0.5795363709032774
812	500	79	0.9873417721518988	0	0	0.012658227848101266	0	79	1
812	1000	314	0.9171974522292994	0	0	0.08280254777070063	0	314	1
812	2000	1250	0.9096	0.0208	0.0296	0.04	0	1250	1
812	5000	7410	0.8341430499325236	0.07219973009446694	0.0592442645074224	0.012010796221322537	0.022402159244264506	7825	0.9469648562300319
812	10000	23999	0.7820742530938789	0.08533688903704321	0.05866911121296721	0.052043835159798324	0.021875911496312347	31308	0.7665452919381628
813	500	78	1	0	0	0	0	78	1
813	1000	316	0.9841772151898734	0	0	0.015822784810126583	0	316	1
813	2000	1252	0.8825878594249201	0.054313099041533544	0.020766773162939296	0.04233226837060703	0	1252	1
813	5000	7447	0.8254330602927353	0.07103531623472539	0.06834967100845979	0.011951121256881966	0.02323083120719753	7828	0.9513285641287685
813	10000	23970	0.7785982478097622	0.08460575719649562	0.058281184814351274	0.05661243220692532	0.02190237797246558	31306	0.7656679230818374
814	500	79	0.6835443037974683	0.31645569620253167	0	0	0	79	1
814	1000	317	0.3312302839116719	0.4227129337539432	0	0.24605678233438485	0	317	1
814	2000	1253	0.2745411013567438	0.4828411811652035	0	0.24261771747805266	0	1253	1
814	5000	7829	0.5418316515519224	0.3387405798952612	0	0.11942776855281645	0	7829	1
814	10000	31315	0.5608174996008303	0.35727287242535527	0.006482516365958806	0.07456490499760499	8.622066102506786e-4	31315	1
815	500	78	0.038461538461538464	0.9615384615384616	0	0	0	78	1
815	1000	312	0.23397435897435898	0.6987179487179487	0	0.0673076923076923	0	312	1
815	2000	1249	0.1433146517213771	0.7397918334667735	0	0.11369095276220977	0.0032025620496397116	1249	1
815	5000	7829	0.28266700728062333	0.6474645548601354	0.004726018648614127	0.04215097713628816	0.022991442074338998	7829	1
815	10000	31308	0.365497636386866	0.5535326434138239	0.016417529066053406	0.04510029385460585	0.019451897278650824	31308	1
816	500	77	0.4805194805194805	0.5194805194805194	0	0	0	77	1
816	1000	313	0.30990415335463256	0.6900958466453674	0	0	0	313	1
816	2000	1247	0.15717722534081796	0.7265437048917401	0	0.07297514033680834	0.04330392943063352	1247	1
816	5000	7824	0.2854038854805726	0.6278118609406953	0.004729038854805726	0.04562883435582822	0.03642638036809816	7824	1
816	10000	31301	0.36053161240854925	0.5610363886137824	0.016772627072617487	0.04220312450081467	0.019456247404236286	31301	1
817	500	78	0.2692307692307692	0	0	0.7307692307692307	0	78	1
817	1000	313	0.476038338658147	0.1182108626198083	0	0.4057507987220447	0	313	1
817	2000	1253	0.6193136472466081	0.22186751795690343	0	0.15881883479648842	0	1253	1
817	5000	7823	0.6477054838297328	0.17895947846094848	0.008692317525246069	0.09727725936341557	0.06736546082065703	7823	1
817	10000	31314	0.6957910199910583	0.1742351663792553	0.01938430095165102	0.07871878393051031	0.03187072874752507	31314	1
818	500	63	0	0.5079365079365079	0	0.49206349206349204	0	75	0.84
818	1000	157	0	0.4840764331210191	0	0.5159235668789809	0	311	0.5048231511254019
819	500	76	0.11842105263157894	0.881578947368421	0	0	0	76	1
819	1000	310	0.3387096774193548	0.6483870967741936	0.012903225806451613	0	0	310	1
819	2000	1247	0.25421010425020046	0.56214915797915	0.15236567762630313	0.03127506014434643	0	1247	1
819	5000	7819	0.46092850748177516	0.38329709681544955	0.08428187747793836	0.07149251822483693	0	7819	1
819	10000	31310	0.4835835196422868	0.29386777387416163	0.052507186202491216	0.12890450335356116	0.0411370169274992	31310	1
820	500	79	0.6455696202531646	0.1518987341772152	0.20253164556962025	0	0	79	1
820	1000	316	0.6645569620253164	0.14240506329113925	0.18670886075949367	0.006329113924050633	0	316	1
820	2000	1253	0.5993615323224262	0.2928970470869912	0.07023144453312051	0.03750997605746209	0	1253	1
820	5000	7828	0.5521205927439959	0.3666326009197752	0.056719468574348494	0.02452733776188043	0	7828	1
820	10000	31316	0.5243964746455486	0.3127155447694469	0.05026184697917997	0.09547834972538	0.017147783880444502	31316	1
821	500	78	0.5	0.10256410256410256	0.3974358974358974	0	0	78	1
821	1000	312	0.5705128205128205	0.1762820512820513	0.2532051282051282	0	0	312	1
821	2000	1256	0.642515923566879	0.25636942675159236	0.07006369426751592	0.03105095541401274	0	1256	1
821	5000	7832	0.5291113381001021	0.3847037793667007	0.061542390194075584	0.024642492339121552	0	7832	1
821	10000	31327	0.5259041721198966	0.310275481214288	0.049414243304497715	0.09688128451495515	0.01752481884636256	31327	1
822	500	78	0.10256410256410256	0.2692307692307692	0	0.6282051282051282	0	78	1
822	1000	312	0.4198717948717949	0.1794871794871795	0	0.40064102564102566	0	312	1
822	2000	1255	0.4334661354581673	0.2836653386454183	0.09721115537848606	0.1856573705179283	0	1255	1
822	5000	7816	0.36450870010235414	0.3665557830092119	0.07510235414534289	0.18666837256908905	0.007164790174002047	7816	1
822	10000	31300	0.42654952076677316	0.29389776357827474	0.05916932907348243	0.16546325878594248	0.05492012779552716	31300	1
823	500	77	0.4025974025974026	0.23376623376623376	0	0.36363636363636365	0	77	1
823	1000	311	0.5562700964630225	0.17363344051446947	0	0.27009646302250806	0	311	1
823	2000	1249	0.7317854283426741	0.1921537229783827	0	0.07606084867894315	0	1249	1
823	5000	7823	0.6686693084494439	0.2657548255145085	0.009331458519749456	0.0527930461459798	0.003451361370318292	7823	1
823	10000	31307	0.6600440795988117	0.27437953173411694	0.0113393170856358	0.05337464464816175	8.624269332737088e-4	31307	1
824	500	66	0	0.3333333333333333	0.22727272727272727	0.4393939393939394	0	80	0.825
825	500	80	0	0	0.7	0.3	0	80	1
825	1000	315	0.3746031746031746	0.0380952380952381	0.2920634920634921	0.29523809523809524	0	315	1
825	2000	1255	0.7083665338645418	0.026294820717131476	0.17928286852589642	0.08605577689243028	0	1255	1
825	5000	7832	0.7173135852911133	0.017492339121552604	0.24310520939734423	0.022088866189989786	0	7832	1
825	10000	31297	0.76623957567818	0.03578617758890629	0.15333738057960827	0.04463686615330543	0	31297	1
826	500	79	0.9873417721518988	0	0.012658227848101266	0	0	79	1
826	1000	315	0.8539682539682539	0	0.14285714285714285	0.0031746031746031746	0	315	1
826	2000	1250	0.7928	0	0.1376	0.0696	0	1250	1
826	5000	7823	0.6679023392560399	0.15301035408411096	0.07797520132941327	0.0976607439601176	0.003451361370318292	7823	1
826	10000	31309	0.5494266824235843	0.3159794308345843	0.06506116452138362	0.06867035037848541	8.62371841962375e-4	31309	1
827	500	78	0.9358974358974359	0	0.0641025641025641	0	0	78	1
827	1000	312	0.8012820512820513	0	0.1987179487179487	0	0	312	1
827	2000	1255	0.8111553784860558	0	0.14422310756972112	0.04462151394422311	0	1255	1
827	5000	7822	0.6734850421886985	0.15673740731270774	0.0715929429813347	0.09473280490923038	0.0034518026080286373	7822	1
827	10000	31289	0.5589504298635303	0.3051551663523922	0.06663683722714053	0.06839464348493081	8.629230720061363e-4	31289	1
828	500	81	0.1728395061728395	0.8148148148148148	0	0	0.012345679012345678	81	1
828	1000	316	0.11075949367088607	0.6582278481012658	0	0.012658227848101266	0.21835443037974683	316	1
828	2000	1257	0.02784407319013524	0.747016706443914	7.955449482895784e-4	0.046141607000795545	0.17820206841686556	1257	1
828	5000	7838	0.049374840520540954	0.6860168410308752	0.06187803010972187	0.03853023730543506	0.16420005103342689	7838	1
828	10000	31317	0.09761471405307022	0.7557875914040297	0.03359197879745825	0.05169716128620238	0.06130855445923939	31317	1
829	500	80	0.4	0.6	0	0	0	80	1
829	1000	313	0.11182108626198083	0.6837060702875399	0	0.019169329073482427	0.1853035143769968	313	1
829	2000	1249	0.02802241793434748	0.7445956765412329	0	0.04243394715772618	0.18494795836669337	1249	1
829	5000	7823	0.05100345136137032	0.696791512207593	0.05036431036686693	0.03796497507350122	0.16387575099066853	7823	1
829	10000	31308	0.09920787019292193	0.7490737191772071	0.033601635364763	0.052798006899195095	0.06531876836591287	31308	1
830	500	79	0.7341772151898734	0.16455696202531644	0.10126582278481013	0	0	79	1
830	1000	313	0.5878594249201278	0.16613418530351437	0.14696485623003194	0.012779552715654952	0.08626198083067092	313	1
830	2000	1250	0.3464	0.368	0.1784	0.0784	0.0288	1250	1
830	5000	7835	0.26113592852584555	0.5488194001276324	0.048500319081046586	0.0790044671346522	0.06253988513082323	7835	1
830	10000	31309	0.2368009198632981	0.6152863393912293	0.046376441278865504	0.07595260148838992	0.025583697978217124	31309	1
831	500	78	0.8205128205128205	0.1794871794871795	0	0	0	78	1
831	1000	311	0.6366559485530546	0.15434083601286175	0.06752411575562701	0.06430868167202572	0.07717041800643087	311	1
831	2000	1252	0.41773162939297126	0.32028753993610226	0.15415335463258786	0.07667731629392971	0.031150159744408944	1252	1
831	5000	7818	0.2705295471987721	0.5404195446405731	0.055768738807879255	0.08109490918393451	0.052187260168841135	7818	1
831	10000	31300	0.24399361022364216	0.6089137380191694	0.046134185303514375	0.07536741214057507	0.02559105431309904	31300	1
832	500	56	0.5357142857142857	0	0	0.4642857142857143	0	78	0.717948717948718
832	1000	185	0.5405405405405406	0.08108108108108109	0.16216216216216217	0.21621621621621623	0	311	0.594855305466238
832	2000	671	0.35767511177347244	0.32488822652757077	0.15350223546944858	0.16393442622950818	0	1248	0.5376602564102564
834	500	67	0.6716417910447762	0.3283582089552239	0	0	0	79	0.8481012658227848
834	1000	207	0.7439613526570048	0.23671497584541062	0.01932367149758454	0	0	315	0.6571428571428571
834	2000	673	0.826151560178306	0.0861812778603269	0.07578008915304606	0	0.01188707280832095	1255	0.5362549800796813
834	5000	3984	0.8943273092369478	0.018323293172690762	0.044929718875502005	0.0303714859437751	0.012048192771084338	7830	0.5088122605363985
834	10000	16218	0.884326057467012	0.041497101985448266	0.03366629670736219	0.031384880996423725	0.009125662843753853	31305	0.5180642069956876
835	500	60	0	0	0	1	0	80	0.75
835	1000	159	0.32075471698113206	0	0	0.6792452830188679	0	313	0.5079872204472844
835	10000	17204	0.4147872587770286	0.19524529179260636	0.10532434317600559	0.15130202278539875	0.1333410834689607	31320	0.5492975734355044
836	500	79	0.9873417721518988	0	0	0.012658227848101266	0	79	1
836	1000	312	0.8012820512820513	0	0	0.1987179487179487	0	316	0.9873417721518988
836	2000	1011	0.7487636003956478	9.891196834817012e-4	0	0.2502472799208704	0	1265	0.799209486166008
836	5000	4900	0.5622448979591836	0.19387755102040816	0.05673469387755102	0.16612244897959183	0.021020408163265305	7832	0.625638406537283
836	10000	18714	0.41006732927220263	0.18451426739339533	0.08832959281821097	0.16549107619963663	0.15159773431655446	31332	0.5972807353504405
837	500	79	0.6835443037974683	0.13924050632911392	0	0.17721518987341772	0	79	1
837	1000	315	0.5523809523809524	0.33650793650793653	0	0.1111111111111111	0	315	1
837	2000	1255	0.4796812749003984	0.36892430278884464	0.031075697211155377	0.12031872509960159	0	1255	1
837	5000	7836	0.41373149566105155	0.4826442062276672	0.05308831036242981	0.05053598774885146	0	7836	1
837	10000	31305	0.5675131768088165	0.3186711387957195	0.08014694138316562	0.03280626098067401	8.624820316243412e-4	31305	1
838	500	74	0.8918918918918919	0.06756756756756757	0	0.04054054054054054	0	74	1
838	1000	310	0.5967741935483871	0.3225806451612903	0	0.08064516129032258	0	310	1
838	2000	1242	0.4581320450885668	0.40660225442834136	0.023349436392914653	0.11191626409017713	0	1242	1
838	5000	7811	0.4004608884905902	0.4978875944181283	0.05441044680578671	0.04724107028549482	0	7811	1
838	10000	31290	0.5750399488654522	0.30639181847235536	0.08533077660594439	0.032374560562480025	8.628954937679769e-4	31290	1
839	500	78	0.8076923076923077	0	0	0.19230769230769232	0	78	1
839	1000	314	0.678343949044586	0	0	0.321656050955414	0	314	1
839	2000	1257	0.7080350039777248	0.1280827366746221	0	0.16388225934765313	0	1257	1
839	5000	7833	0.6065364483595047	0.20426401123452062	0.09396144516787948	0.09523809523809523	0	7833	1
839	10000	31330	0.5691988509415895	0.313086498563677	0.03852537503989786	0.07902968400893712	1.5959144589849984e-4	31330	1
840	500	78	0.8974358974358975	0	0	0.10256410256410256	0	78	1
840	1000	312	0.7403846153846154	0	0	0.25961538461538464	0	312	1
840	2000	1249	0.743795036028823	0.09367493995196156	0	0.16253002401921537	0	1249	1
840	5000	7831	0.5922615247094879	0.22078917124249778	0.09487932575660835	0.09206997829140595	0	7831	1
840	10000	31311	0.5642106607901376	0.3198556417872313	0.037207371211395356	0.07792788476893105	7.984414423046214e-4	31311	1
841	500	78	0.0641025641025641	0.11538461538461539	0.11538461538461539	0.7051282051282052	0	78	1
841	1000	316	0.34177215189873417	0.16139240506329114	0.16455696202531644	0.3322784810126582	0	316	1
841	2000	1253	0.5179569034317638	0.11332801276935354	0.19473264166001597	0.1739824421388667	0	1253	1
841	5000	6640	0.4618975903614458	0.1578313253012048	0.19427710843373494	0.12439759036144578	0.061596385542168675	7828	0.8482370975983649
841	10000	21434	0.4844172809554913	0.16511150508537836	0.0828590090510404	0.14920220210879911	0.11841000279929084	31308	0.6846173501980325
842	500	77	0.09090909090909091	0.23376623376623376	0.012987012987012988	0.6623376623376623	0	77	1
842	1000	312	0.25	0.22115384615384615	0.14743589743589744	0.3814102564102564	0	312	1
842	2000	1252	0.48642172523961663	0.10862619808306709	0.18929712460063897	0.18450479233226838	0.031150159744408944	1252	1
842	5000	7092	0.46813310772701633	0.1676536943034405	0.16962774957698815	0.11562323745064862	0.07896221094190638	7832	0.9055158324821246
842	10000	22431	0.4824127323792965	0.1596451339663858	0.08497169096339886	0.14961437296598457	0.12335606972493424	31279	0.7171265066018735
843	500	64	0.125	0	0	0	0.875	78	0.8205128205128205
843	1000	288	0.0798611111111111	0.16319444444444445	0	0	0.7569444444444444	313	0.9201277955271565
843	2000	1074	0.14059590316573556	0.33054003724394787	0	0.002793296089385475	0.5260707635009311	1251	0.8585131894484412
843	5000	5972	0.192397856664434	0.3936704621567314	0.011386470194239785	0.031815137307434696	0.3707300736771601	7822	0.7634875990795194
843	10000	16403	0.23465219776870086	0.35200877888191184	0.01956959092848869	0.049625068585014934	0.3441443638358837	31264	0.5246609518935517
844	500	78	0	0.5512820512820513	0.11538461538461539	0	0.3333333333333333	79	0.9873417721518988
844	1000	280	0	0.5607142857142857	0.10357142857142858	0	0.3357142857142857	311	0.9003215434083601
844	2000	931	0	0.2728249194414608	0.08915145005370569	0.00966702470461869	0.6283566058002148	1251	0.7442046362909672
845	500	79	0	1	0	0	0	79	1
845	1000	316	0	0.9620253164556962	0	0.0379746835443038	0	316	1
845	2000	1262	0.003169572107765452	0.9350237717908082	0	0.04833597464342314	0.01347068145800317	1262	1
845	5000	7825	0.08204472843450479	0.8798722044728434	0.00523961661341853	0.017124600638977635	0.01571884984025559	7825	1
845	10000	31019	0.23337309391018407	0.6650762435926367	0.051678003804120055	0.030013862471388503	0.01985879622167059	31294	0.9912123729788458
846	500	77	0.3116883116883117	0.6233766233766234	0	0	0.06493506493506493	77	1
846	1000	310	0.12903225806451613	0.7258064516129032	0	0	0.14516129032258066	310	1
846	2000	1249	0.0976781425140112	0.7646116893514812	0	8.006405124099279e-4	0.13690952762209768	1249	1
846	5000	7826	0.07602862254025045	0.8717096856631741	0	0.02811142346026067	0.024150268336314847	7826	1
846	10000	31300	0.061182108626198085	0.8782747603833866	0.003003194888178914	0.04182108626198083	0.01571884984025559	31300	1
847	500	79	0.27848101265822783	0.3291139240506329	0	0.3924050632911392	0	79	1
847	1000	316	0.27848101265822783	0.5474683544303798	0	0.17405063291139242	0	316	1
847	2000	1254	0.15629984051036683	0.7208931419457735	0	0.051036682615629984	0.07177033492822966	1254	1
847	5000	7828	0.0844404701073071	0.845426673479816	0	0.018267756770567193	0.051865099642309655	7828	1
847	10000	31322	0.0564140220930975	0.7831556094757678	0.005810612349147564	0.019411276419130322	0.1352084796628568	31322	1
848	500	77	0	0.2727272727272727	0	0.6363636363636364	0.09090909090909091	77	1
848	1000	310	0.12903225806451613	0.46774193548387094	0.00967741935483871	0.2967741935483871	0.0967741935483871	310	1
848	2000	1248	0.14102564102564102	0.5608974358974359	0.11939102564102565	0.07612179487179487	0.10256410256410256	1248	1
848	5000	7819	0.11331372298247858	0.7224709042076992	0.054098989640619	0.030054994244788337	0.08006138892441489	7819	1
848	10000	31316	0.09956571720526249	0.7781645165410652	0.01382679780303998	0.027238472346404394	0.08120449610422788	31316	1
849	500	77	0.2727272727272727	0.7272727272727273	0	0	0	77	1
849	1000	309	0.13915857605177995	0.7119741100323624	0	0	0.1488673139158576	309	1
849	2000	1251	0.19424460431654678	0.5931254996003198	0	0	0.21262989608313348	1251	1
849	5000	7826	0.15576284180935343	0.6644518272425249	0	0.06708407871198568	0.11270125223613596	7826	1
849	10000	31308	0.08119330522550147	0.7714002810783186	0.001117925130956944	0.05477833141689025	0.09151015714833269	31308	1
850	500	76	0.32894736842105265	0.4868421052631579	0	0	0.18421052631578946	76	1
850	1000	308	0.2077922077922078	0.525974025974026	0	0	0.2662337662337662	308	1
850	2000	1251	0.08872901678657075	0.6083133493205436	0	0	0.3029576338928857	1251	1
850	5000	7821	0.1301623833269403	0.6488940033243831	0	0.01457614115841964	0.206367472190257	7821	1
850	10000	31310	0.1140530182050463	0.7363781539444267	0.0015011178537208559	0.05630788885340147	0.09175982114340467	31310	1
851	500	77	0	0.8311688311688312	0	0	0.16883116883116883	77	1
851	1000	312	0	0.7115384615384616	0	0	0.28846153846153844	312	1
851	2000	1248	0.021634615384615384	0.782051282051282	0	0.020833333333333332	0.17548076923076922	1248	1
851	5000	7814	0.08651138981315587	0.7213974916815972	0	0.02866649603276171	0.1634246224724853	7814	1
851	10000	31286	0.1178802020072876	0.7295595474013936	0.0013744166719938632	0.051077159112702164	0.10010867480662278	31286	1
852	500	80	0	1	0	0	0	80	1
852	1000	317	0	0.8548895899053628	0	0.07570977917981073	0.0694006309148265	317	1
852	2000	1255	0	0.7649402390438247	0	0.054183266932270914	0.18087649402390438	1255	1
852	5000	7832	0.07162921348314606	0.7450204290091931	0.004468845760980593	0.03932584269662921	0.13955566905005107	7832	1
852	10000	31293	0.12354200619946953	0.7068673505256766	0.01131243409069121	0.04483430799220273	0.11344390119195986	31293	1
853	500	80	0.3	0.3875	0	0	0.3125	80	1
853	1000	314	0.1751592356687898	0.5318471337579618	0	0	0.2929936305732484	314	1
853	2000	1256	0.09156050955414012	0.6090764331210191	0	0	0.29936305732484075	1256	1
853	5000	7833	0.12957998212689903	0.6499425507468403	0	0.013787820758330141	0.20668964636793055	7833	1
853	10000	31331	0.11416807634611088	0.7364590980179375	0.0017873671443618142	0.05630206504739715	0.09128339344419266	31331	1
854	500	80	0	1	0	0	0	80	1
854	1000	315	0	0.9111111111111111	0	0.006349206349206349	0.08253968253968254	315	1
854	2000	1256	0	0.8057324840764332	0	0.06130573248407643	0.13296178343949044	1256	1
854	5000	7831	0.04660962839994892	0.7535436087345166	0.00446941642191291	0.05861320393308645	0.13676414251053506	7831	1
854	10000	31293	0.12894257501677692	0.6899945674751542	0.012079378774805867	0.04099958457162944	0.12798389416163358	31293	1
855	500	79	0	1	0	0	0	79	1
855	1000	316	0	0.939873417721519	0	0.060126582278481014	0	316	1
855	2000	1258	0.0047694753577106515	0.8529411764705882	0	0.08108108108108109	0.06120826709062003	1258	1
855	5000	7831	0.04852509258076874	0.7526497254501341	0.00446941642191291	0.06333801557910868	0.1310177499680756	7831	1
855	10000	31298	0.12815515368394145	0.6767205572241037	0.012301105501949006	0.03958719406990862	0.14323598952009714	31298	1
856	500	79	0.02531645569620253	0.6708860759493671	0	0.3037974683544304	0	79	1
856	1000	315	0.23174603174603176	0.5873015873015873	0	0.18095238095238095	0	315	1
856	2000	1255	0.29163346613545815	0.6111553784860557	0	0.09721115537848606	0	1255	1
856	5000	7819	0.11919682823890523	0.7980560173935286	0.003325233405806369	0.05179690497506075	0.027625015986699065	7819	1
856	10000	31311	0.09140557631503306	0.7735620069624094	0.00881479352304302	0.051802880776723834	0.07441474242279071	31311	1
857	500	79	0.06329113924050633	0.7848101265822784	0	0.1518987341772152	0	79	1
857	1000	313	0.20447284345047922	0.670926517571885	0	0.12460063897763578	0	313	1
857	2000	1253	0.28810853950518756	0.6249002394253791	0	0.0742218675179569	0.012769353551476457	1253	1
857	5000	7826	0.1267569639662663	0.801558906210069	0	0.04996166624073601	0.0217224635829287	7826	1
857	10000	31295	0.09646908451829365	0.7602811950790861	0.017031474676465888	0.05045534430420195	0.07576290142195238	31295	1
858	500	79	0	1	0	0	0	79	1
858	1000	313	0	0.987220447284345	0	0.012779552715654952	0	313	1
858	2000	1254	7.974481658692185e-4	0.8261562998405104	0	0.07974481658692185	0.09330143540669857	1254	1
858	5000	7830	0.09719029374201787	0.6426564495530013	0	0.06117496807151979	0.19897828863346104	7830	1
858	10000	31304	0.11455405060056223	0.650076667518528	0.005430615895732175	0.026258625095834397	0.20368004088934322	31304	1
859	500	77	0	0.987012987012987	0	0.012987012987012988	0	77	1
859	1000	309	0	0.8220064724919094	0	0.12944983818770225	0.04854368932038835	309	1
859	2000	1249	0.029623698959167333	0.7117694155324259	0	0.08326661329063251	0.1753402722177742	1249	1
859	5000	7819	0.08581660058831053	0.6378053459521678	0	0.05998209489704566	0.216395958562476	7819	1
859	10000	31305	0.10963104935313847	0.6536974924133525	0.006516530905606133	0.02705638076984507	0.2030985465580578	31305	1
860	500	79	0	0	0	0.10126582278481013	0.8987341772151899	79	1
860	1000	315	0	0.08571428571428572	0	0.11746031746031746	0.7968253968253968	315	1
860	2000	1254	0	0.16188197767145135	0	0.037480063795853266	0.8006379585326954	1254	1
860	5000	7833	0.11694114643176305	0.42359249329758714	0.004340610238733563	0.040725137239882546	0.4144006127920337	7833	1
860	10000	31304	0.11867492972144135	0.5240224891387683	0.003066700741119346	0.04785330948121646	0.30638257091745463	31304	1
861	500	78	0	0	0	0.4358974358974359	0.5641025641025641	78	1
861	1000	316	0	0.0189873417721519	0	0.14873417721518986	0.8322784810126582	316	1
861	2000	1253	0	0.10933758978451716	0	0.04628890662410216	0.8443735035913806	1253	1
861	5000	7831	0.11288468905631464	0.38385902183629167	0.0061294853786234196	0.03933086451283361	0.45779593921593664	7831	1
861	10000	31314	0.11649741329756659	0.5129654467650252	0.003065721402567542	0.04793383151306125	0.3195375870217794	31314	1
862	500	77	0	0	0	0	1	77	1
862	1000	309	0	0.012944983818770227	0	0	0.9870550161812298	309	1
862	2000	1250	0.0184	0.1496	0	0.0304	0.8016	1250	1
862	5000	7815	0.127191298784389	0.46436340371081253	0.003071017274472169	0.05527831094049904	0.3500959692898273	7815	1
862	10000	31287	0.12465241154473104	0.5324256080800333	0.003292102151053153	0.04823089462076901	0.29139898360341354	31287	1
863	500	80	0	0	0	0	1	80	1
863	1000	314	0	0	0	0	1	314	1
863	2000	1252	0	0.09424920127795527	0	0.06549520766773163	0.8402555910543131	1252	1
863	5000	7836	0.04109239407861154	0.3044920877998979	0	0.1031138335885656	0.5513016845329249	7836	1
863	10000	31304	0.15445310503450038	0.42528111423460263	0.010190391004344494	0.07954255047278302	0.3305328392537695	31304	1
864	500	81	0	1	0	0	0	81	1
864	1000	315	0	0.9968253968253968	0	0.0031746031746031746	0	315	1
864	2000	1251	0	0.8409272581934453	0	0.06954436450839328	0.08952837729816147	1251	1
864	5000	7829	0.10703793587942266	0.6435049176139992	0	0.06041640056201303	0.18904074594456508	7829	1
864	10000	31301	0.11970863550685282	0.6462732820037699	0.004089326219609597	0.02619724609437398	0.20373151017539376	31301	1
865	500	78	0	0	0	0.1282051282051282	0.8717948717948718	78	1
865	1000	314	0	0	0	0.10828025477707007	0.89171974522293	314	1
865	2000	1258	0	0	0	0.06836248012718601	0.931637519872814	1258	1
865	5000	7830	0.037547892720306515	0.25734355044699875	0	0.09374201787994892	0.6113665389527458	7830	1
865	10000	31311	0.14898917313404236	0.4036281179138322	0.0111781801922647	0.07933314170738719	0.35687138705247357	31311	1
866	500	79	0	0	0	0.27848101265822783	0.7215189873417721	79	1
866	1000	313	0	0	0	0.1597444089456869	0.8402555910543131	313	1
866	2000	1253	0	0.03112529928172386	0	0.05666400638467677	0.9122106943335994	1253	1
866	5000	7823	0.03285184711747412	0.29771187523967785	0	0.1073756870765691	0.5620605905662789	7823	1
866	10000	31320	0.13176883780332055	0.42193486590038315	0.010664112388250319	0.08243933588761175	0.3531928480204342	31320	1
867	500	77	0	0	0	0.18181818181818182	0.8181818181818182	77	1
867	1000	310	0	0	0	0.12258064516129032	0.8774193548387097	310	1
867	2000	1246	0	0	0	0.045746388443017656	0.9542536115569823	1246	1
867	5000	7820	0.012404092071611254	0.12097186700767264	0.007033248081841432	0.038107416879795394	0.8214833759590793	7820	1
867	10000	31313	0.12467665186983042	0.3378149650304985	0.010890045667933446	0.058729601124133744	0.46788873630760386	31313	1
868	500	78	0	0	0	0	1	78	1
868	1000	312	0	0	0	0.041666666666666664	0.9583333333333334	312	1
868	2000	1253	0	0	0	0.06464485235434957	0.9353551476456504	1253	1
868	5000	7819	0.009336232254764036	0.090164982734365	0.005371530886302597	0.04130963038751759	0.8538176237370507	7819	1
868	10000	31316	0.13778898965385106	0.3274683867671478	0.010857069868437859	0.056424830757440286	0.467460722953123	31316	1
869	500	78	0	0	0	0	1	78	1
869	1000	313	0	0	0	0	1	313	1
869	2000	1252	0	0	0	0.0463258785942492	0.9536741214057508	1252	1
869	5000	7824	0.0019171779141104294	0.06978527607361963	0	0.041794478527607364	0.8865030674846626	7824	1
869	10000	31316	0.15480904330054923	0.31443990292502233	0.010984800102184188	0.0579895261208328	0.4617767275514114	31316	1
873	500	78	0.6538461538461539	0.34615384615384615	0	0	0	78	1
873	1000	311	0.29260450160771706	0.707395498392283	0	0	0	311	1
873	2000	1250	0.0944	0.9056	0	0	0	1250	1
873	5000	7814	0.11812132070642437	0.8294087535193243	0.002559508574353724	0.011005886869721013	0.03890453033017661	7814	1
873	10000	31318	0.10859569576601316	0.7563701385784533	0.0024586499776486368	0.0238520978351108	0.10872341784277412	31318	1
874	500	80	0.6875	0.3125	0	0	0	80	1
874	1000	317	0.2807570977917981	0.7192429022082019	0	0	0	317	1
874	2000	1255	0.09402390438247012	0.9059760956175299	0	0	0	1255	1
874	5000	7833	0.1214094216775182	0.8262479254436359	0.0029362951614962337	0.010723860589812333	0.038682497127537345	7833	1
874	10000	31321	0.1090003512020689	0.7557868522716389	0.002458414482296223	0.02369017592030906	0.10906420612368699	31321	1
875	500	78	0.24358974358974358	0.7564102564102564	0	0	0	78	1
875	1000	311	0.1864951768488746	0.8135048231511254	0	0	0	311	1
875	2000	1251	0.08553157474020784	0.9144684252597922	0	0	0	1251	1
875	5000	7820	0.14731457800511508	0.7976982097186701	0.007161125319693095	0.010869565217391304	0.036956521739130437	7820	1
875	10000	31308	0.11444359269196372	0.7483710233806056	0.0024594352881052764	0.02296537626165836	0.11176057237766705	31308	1
878	500	77	0.6233766233766234	0.3116883116883117	0	0.06493506493506493	0	77	1
878	1000	308	0.4772727272727273	0.34415584415584416	0.006493506493506494	0.07792207792207792	0.09415584415584416	308	1
878	2000	1248	0.4983974358974359	0.35657051282051283	0.044070512820512824	0.030448717948717948	0.07051282051282051	1248	1
878	5000	7810	0.4485275288092189	0.42445582586427655	0.02496798975672215	0.025224071702944943	0.07682458386683738	7810	1
878	10000	31301	0.45212613015558606	0.37283153892846876	0.02715568192709498	0.020957796875499184	0.126928852113351	31301	1
879	500	80	0.7625	0.2375	0	0	0	80	1
879	1000	316	0.7784810126582279	0.22151898734177214	0	0	0	316	1
879	2000	1264	0.6534810126582279	0.34651898734177217	0	0	0	1264	1
879	5000	7832	0.5240040858018387	0.3896833503575077	0	0.027706843718079674	0.058605720122574055	7832	1
879	10000	31324	0.503799003958626	0.41140978163708336	0.005107904482186183	0.026752649725450134	0.05293066019665432	31324	1
880	500	79	0.4177215189873418	0.5822784810126582	0	0	0	79	1
880	1000	315	0.2126984126984127	0.7523809523809524	0	0	0.03492063492063492	315	1
880	2000	1252	0.16932907348242812	0.7699680511182109	0	0.018370607028753993	0.04233226837060703	1252	1
880	5000	7826	0.18438538205980065	0.7770253002811143	0	0.018527983644262714	0.020061334014822386	7826	1
880	10000	31299	0.35496341736157705	0.5794434326975303	0.017476596696380076	0.022301031981852456	0.025815521262660148	31299	1
881	500	79	0.10126582278481013	0.8354430379746836	0	0	0.06329113924050633	79	1
881	1000	316	0.12658227848101267	0.7974683544303798	0	0	0.0759493670886076	316	1
881	2000	1251	0.16227018385291767	0.7569944044764189	0	0.015187849720223821	0.06554756195043965	1251	1
881	5000	7828	0.17897291773122126	0.7782319877363311	0	0.01852324987225345	0.024271844660194174	7828	1
881	10000	31309	0.35338081701747104	0.5805998275256317	0.0164808840908365	0.022389728193171293	0.027148743172889584	31309	1
883	500	77	0.11688311688311688	0.38961038961038963	0	0.4935064935064935	0	77	1
883	1000	311	0.26688102893890675	0.5401929260450161	0	0.19292604501607716	0	311	1
883	2000	1245	0.15903614457831325	0.7100401606425703	0	0.05140562248995984	0.07951807228915662	1245	1
883	5000	7819	0.08006138892441489	0.8503644967387134	0	0.01828878373193503	0.051285330604936695	7819	1
883	10000	31298	0.05613777238162183	0.7827017700811554	0.004089718192855774	0.01917055402901144	0.1379001853153556	31298	1
884	500	77	0.6883116883116883	0.3116883116883117	0	0	0	77	1
884	1000	310	0.7032258064516129	0.29354838709677417	0.0032258064516129032	0	0	310	1
884	2000	1251	0.6107114308553158	0.2589928057553957	0.1079136690647482	0.02238209432454037	0	1251	1
884	5000	7816	0.6787359263050153	0.2191658137154555	0.026484135107471853	0.040429887410440124	0.035184237461617196	7816	1
884	10000	31281	0.5960806879575461	0.32428630798248137	0.009430644800358046	0.041047281097151625	0.029155078162462836	31281	1
887	500	78	0.44871794871794873	0.5512820512820513	0	0	0	78	1
887	1000	316	0.370253164556962	0.629746835443038	0	0	0	316	1
887	2000	1258	0.23052464228934816	0.6788553259141494	0	0.09062003179650238	0	1258	1
887	5000	7830	0.3448275862068966	0.4888888888888889	0.012515964240102172	0.11226053639846743	0.041507024265644954	7830	1
887	10000	31310	0.3979239859469818	0.45174065793676144	0.02890450335356116	0.07230916640051102	0.049121686362184606	31310	1
888	500	78	0.3974358974358974	0.32051282051282054	0	0	0.28205128205128205	78	1
888	1000	312	0.6121794871794872	0.24358974358974358	0	0	0.14423076923076922	312	1
888	2000	1255	0.6733067729083665	0.2597609561752988	7.968127490039841e-4	0.004780876494023904	0.06135458167330677	1255	1
888	5000	7828	0.42245784363822175	0.4592488502810424	0.06400102197240674	0.02669902912621359	0.027593254982115484	7828	1
888	10000	31289	0.2639905398063217	0.6299658026782575	0.042251270414522674	0.026494934321966188	0.03729745277893189	31289	1
890	500	75	0.25333333333333335	0.49333333333333335	0	0.25333333333333335	0	75	1
890	1000	312	0.4230769230769231	0.3974358974358974	0.02564102564102564	0.15384615384615385	0	312	1
890	2000	1248	0.4935897435897436	0.24599358974358973	0.028044871794871796	0.23237179487179488	0	1248	1
890	5000	7811	0.447958007937524	0.16720010241966457	0.08513634617846627	0.27384457815900654	0.025860965305338626	7811	1
890	10000	31283	0.6605504587155964	0.11431128728063165	0.06246204008566953	0.14669309209474796	0.015983121823354537	31283	1
891	500	77	0	0.18181818181818182	0	0.23376623376623376	0.5844155844155844	77	1
891	1000	312	0.009615384615384616	0.41346153846153844	0.1346153846153846	0.1346153846153846	0.3076923076923077	312	1
891	2000	1248	0.09054487179487179	0.5600961538461539	0.13541666666666666	0.057692307692307696	0.15625	1248	1
891	5000	7816	0.1058085977482088	0.5671699078812692	0.18103889457523029	0.040301944728761516	0.1056806550665302	7816	1
891	10000	31270	0.21247201790853854	0.5803325871442276	0.11343140390150304	0.042244963223536935	0.051519027822193794	31270	1
892	500	79	0	0.25316455696202533	0	0	0.7468354430379747	79	1
892	1000	316	0.07911392405063292	0.4208860759493671	0	0	0.5	316	1
892	2000	1253	0.04948124501197127	0.7334397446129289	0	0	0.21707901037509977	1253	1
892	5000	7829	0.09362626133605824	0.7907778771235151	0.008941116362242943	0.03729722825392771	0.06935751692425597	7829	1
892	10000	31317	0.1244691381677683	0.727113069578823	0.0452469904524699	0.032282785707443244	0.07088801609349554	31317	1
895	500	79	0.3037974683544304	0.4177215189873418	0	0	0.27848101265822783	79	1
895	1000	313	0.12779552715654952	0.5718849840255591	0	0	0.3003194888178914	313	1
895	2000	1248	0.11618589743589744	0.7564102564102564	0	0	0.12740384615384615	1248	1
895	5000	7820	0.20115089514066495	0.6717391304347826	0	0.037340153452685425	0.089769820971867	7820	1
895	10000	31318	0.21208250846158758	0.6449645571236988	0.005268535666389936	0.04192477169678779	0.09575962705153586	31318	1
897	500	78	1	0	0	0	0	78	1
897	1000	310	0.9032258064516129	0.0967741935483871	0	0	0	310	1
897	2000	1249	0.8686949559647719	0.11849479583666933	0	0.007205764611689352	0.005604483586869495	1249	1
897	5000	7826	0.6391515461282903	0.29427549194991054	0.011244569384104269	0.029389215435727065	0.0259391771019678	7826	1
897	10000	31281	0.33349317477062757	0.5034685591892842	0.0834691985550334	0.036699594002749275	0.042869473482305555	31281	1
898	500	76	0	0	0	0.3026315789473684	0.6973684210526315	76	1
898	1000	308	0.006493506493506494	0	0	0.3246753246753247	0.6688311688311688	308	1
898	2000	1248	0.10817307692307693	0.10416666666666667	0	0.3814102564102564	0.40625	1248	1
898	5000	7791	0.2522140931844436	0.19484020023103582	0.007059427544602747	0.3253754331921448	0.22051084584777308	7818	0.9965464313123561
898	10000	25340	0.3409234411996843	0.17486187845303866	0.032754538279400155	0.24368587213891083	0.20777426992896605	31287	0.8099210534726884
899	500	80	0	0.8375	0	0	0.1625	80	1
899	1000	314	0	0.8662420382165605	0.006369426751592357	0	0.12738853503184713	314	1
899	2000	1256	0	0.857484076433121	0.04538216560509554	0	0.09713375796178345	1256	1
899	5000	7829	0.015072167582066675	0.8829991058883637	0.020053646698173458	0.04955933069357517	0.03231574913782092	7829	1
899	10000	31291	0.016490364641590233	0.7936467354830462	0.028730305838739572	0.04617941261065482	0.11495318142596912	31291	1
900	500	79	0	0.31645569620253167	0.3924050632911392	0	0.2911392405063291	79	1
900	1000	314	0	0.42356687898089174	0.3662420382165605	0	0.21019108280254778	314	1
900	2000	1254	0	0.36921850079744817	0.3405103668261563	0	0.2902711323763955	1254	1
900	5000	7831	0.01672838717915975	0.5307112756991444	0.18120291150555484	0.025284127186821607	0.24607329842931938	7831	1
900	10000	31299	0.0401610275088661	0.6800856257388415	0.07022588581104827	0.04418671523051855	0.16534074571072557	31299	1
903	500	79	0.7341772151898734	0	0.26582278481012656	0	0	79	1
903	1000	314	0.6019108280254777	0.04777070063694268	0.3503184713375796	0	0	314	1
903	2000	1251	0.3149480415667466	0.2573940847322142	0.3964828137490008	0.019184652278177457	0.011990407673860911	1251	1
903	5000	7820	0.330690537084399	0.5034526854219948	0.12608695652173912	0.013043478260869565	0.02672634271099744	7820	1
903	10000	31317	0.3682983682983683	0.5383976753839768	0.037519558067503275	0.019190854807293163	0.03659354344285851	31317	1
905	500	69	0	0.463768115942029	0.5362318840579711	0	0	78	0.8846153846153846
905	1000	221	0.11312217194570136	0.47058823529411764	0.416289592760181	0	0	312	0.7083333333333334
905	2000	714	0.14565826330532214	0.5868347338935574	0.26750700280112044	0	0	1251	0.5707434052757794
905	5000	4654	0.13515255694026643	0.6961753330468414	0.05543618392780404	0.10936828534593898	0.003867640739149119	7833	0.5941529426784119
905	10000	20656	0.18096436870642912	0.6367641363284275	0.02154337722695585	0.1297443841982959	0.030983733539891558	31268	0.660611487783037
911	500	81	0.41975308641975306	0.4691358024691358	0.1111111111111111	0	0	81	1
911	1000	317	0.2555205047318612	0.6561514195583596	0.08832807570977919	0	0	317	1
911	2000	1255	0.20717131474103587	0.6972111553784861	0.023107569721115537	0.014342629482071713	0.05816733067729084	1255	1
911	5000	7832	0.1942032686414709	0.6412155260469867	0.0037027579162410623	0.012895812053115423	0.1479826353421859	7832	1
911	10000	31324	0.17654194866555994	0.5983590856850977	0.0037032307495849827	0.022538628527646532	0.19885710637211085	31324	1
912	500	80	0.7	0.3	0	0	0	80	1
912	1000	313	0.49201277955271566	0.43769968051118213	0	0.07028753993610223	0	313	1
912	2000	1250	0.5448	0.3984	8e-4	0.056	0	1250	1
912	5000	7824	0.5705521472392638	0.2992075664621677	0.061477505112474434	0.06876278118609407	0	7824	1
912	10000	31127	0.5272271661258714	0.32463777427956436	0.04870369775436117	0.08365727503453593	0.015774086805667106	31310	0.9941552219738102
915	500	81	0.19753086419753085	0.8024691358024691	0	0	0	81	1
915	1000	316	0.13924050632911392	0.7246835443037974	0	0	0.1360759493670886	316	1
915	2000	1254	0.05980861244019139	0.5853269537480064	0	0.012759170653907496	0.34210526315789475	1254	1
915	5000	7833	0.056938593131622625	0.6159836588791012	0	0.024256351334099324	0.3028213966551768	7833	1
915	10000	31285	0.11590218954770656	0.6346811571040435	0.00565766341697299	0.032347770497043314	0.21141121943423366	31285	1
916	500	79	0.0379746835443038	0.8987341772151899	0	0	0.06329113924050633	79	1
916	1000	317	0.15141955835962145	0.6340694006309149	0	0	0.21451104100946372	317	1
916	2000	1253	0.11093375897845172	0.5985634477254589	0	0	0.2905027932960894	1253	1
916	5000	7831	0.057208530200485254	0.5700421402119781	0	0.02796577703996935	0.3447835525475674	7831	1
916	10000	31291	0.1275127033332268	0.6181010514205363	0.004793710651625068	0.02936946725895625	0.2202230673356556	31291	1
917	500	79	0.22784810126582278	0.7468354430379747	0	0	0.02531645569620253	79	1
917	1000	313	0.12779552715654952	0.7092651757188498	0	0	0.16293929712460065	313	1
917	2000	1254	0.11483253588516747	0.6722488038277512	0	0.01594896331738437	0.19696969696969696	1254	1
917	5000	7828	0.05633622892181911	0.5711548288196219	0	0.027976494634644865	0.34453244762391416	7828	1
917	10000	31313	0.13652476607159966	0.6095232012263277	0.0030338836904799924	0.0290933478108134	0.22182480120077924	31313	1
918	500	79	0.0759493670886076	0.620253164556962	0	0.3037974683544304	0	79	1
918	1000	315	0.05714285714285714	0.8222222222222222	0	0.12063492063492064	0	315	1
918	2000	1251	0.2573940847322142	0.6802557953637091	0	0.0319744204636291	0.030375699440447643	1251	1
918	5000	7834	0.24725555271891753	0.5811845800357417	0.01059484299208578	0.041996425836099055	0.11896859841715599	7834	1
918	10000	31319	0.21252274976851113	0.5731345189820876	0.028066030205306684	0.029790223187202657	0.156486477856892	31319	1
919	500	76	0	0.881578947368421	0.11842105263157894	0	0	76	1
919	1000	310	0.0064516129032258064	0.7741935483870968	0.1032258064516129	0.041935483870967745	0.07419354838709677	310	1
919	2000	1250	0.2032	0.6384	0.068	0.0528	0.0376	1250	1
919	5000	7826	0.24789164324048044	0.5333503705596729	0.10810120112445694	0.013416815742397137	0.09723996933299259	7826	1
919	10000	31308	0.2183467484349048	0.4819534943145522	0.15254886929858183	0.023636131340232527	0.12351475661172863	31308	1
920	500	79	0	0.6835443037974683	0.31645569620253167	0	0	79	1
920	1000	316	0.0031645569620253164	0.8639240506329114	0.13291139240506328	0	0	316	1
920	2000	1255	0.09721115537848606	0.5490039840637451	0.3035856573705179	0	0.050199203187251	1255	1
920	5000	7828	0.15840572304547776	0.4183699540112417	0.3067194685743485	0.022994379151762903	0.09351047521716914	7828	1
920	10000	31323	0.19075439772690994	0.441241260415669	0.1578392874245762	0.01692047377326565	0.19324458065957922	31323	1
921	500	79	0.012658227848101266	0.9873417721518988	0	0	0	79	1
921	1000	316	0.23417721518987342	0.7436708860759493	0.00949367088607595	0	0.012658227848101266	316	1
921	2000	1253	0.24022346368715083	0.5051875498802874	0.11412609736632083	0	0.14046288906624102	1253	1
921	5000	7831	0.2299833993104329	0.47248116460222195	0.17788277359213384	0.010343506576427021	0.10930915591878432	7831	1
921	10000	31297	0.20640956002172733	0.4534300412180081	0.14004537176087165	0.019682397673898455	0.18043262932549445	31297	1
922	500	78	0.358974358974359	0.6410256410256411	0	0	0	78	1
922	1000	310	0.3225806451612903	0.5451612903225806	0	0	0.13225806451612904	310	1
922	2000	1250	0.2632	0.4336	0	0.02	0.2832	1250	1
922	5000	7818	0.14300332565873625	0.5354310565361985	0	0.01266308518802763	0.3089025326170376	7818	1
922	10000	31308	0.14893956816149226	0.6410182700907117	0.002970486776542737	0.023508368468123163	0.18356330650313019	31308	1
923	500	79	0.4177215189873418	0.5822784810126582	0	0	0	79	1
923	1000	314	0.43630573248407645	0.5222929936305732	0	0	0.041401273885350316	314	1
923	2000	1254	0.26953748006379585	0.43381180223285487	0	0.018341307814992026	0.2783094098883573	1254	1
923	5000	7827	0.14475533409991057	0.5165452919381628	0	0.012265235722499043	0.32643413823942763	7827	1
923	10000	31299	0.1454998562254385	0.6381993034921244	0.0017252947378510496	0.026326719703504906	0.18824882584108119	31299	1
924	500	81	0.19753086419753085	0.8024691358024691	0	0	0	81	1
924	1000	317	0.2555205047318612	0.7318611987381703	0	0.012618296529968454	0	317	1
924	2000	1256	0.16003184713375795	0.7292993630573248	0.02308917197452229	0.04538216560509554	0.04219745222929936	1256	1
924	5000	7829	0.1646442712990165	0.7216758206667518	0.0037041767786435047	0.028100651424192106	0.0818750798313961	7829	1
924	10000	31290	0.1631511665068712	0.6298817513582614	0.004410354745925216	0.02099712368168744	0.1815596037072547	31290	1
925	500	79	0.3670886075949367	0.6329113924050633	0	0	0	79	1
925	1000	315	0.13333333333333333	0.8412698412698413	0	0.025396825396825397	0	315	1
925	2000	1253	0.0335195530726257	0.7661612130885874	0	0.20031923383878691	0	1253	1
925	5000	7826	0.026322514694607717	0.8297981088678763	0	0.1294403271147457	0.014439049322770252	7826	1
925	10000	31311	0.014244195330714445	0.8516815176774936	0.003577017661524704	0.10073137236115104	0.029765896969116284	31311	1
926	500	75	0	0.25333333333333335	0	0.7466666666666667	0	75	1
926	1000	310	0.035483870967741936	0.5064516129032258	0	0.45806451612903226	0	310	1
926	2000	1247	0.061748195669607056	0.6872493985565357	0	0.25100240577385724	0	1247	1
926	5000	7824	0.040516359918200406	0.803680981595092	0.006007157464212679	0.1412321063394683	0.008563394683026585	7824	1
926	10000	31305	0.01568439546398339	0.8409519246126816	0.004376297716019805	0.10605334611084491	0.032934036096470214	31305	1
927	500	79	0.810126582278481	0	0	0.189873417721519	0	79	1
927	1000	312	0.8910256410256411	0	0	0.10897435897435898	0	312	1
927	2000	1249	0.8863090472377902	0.07766212970376302	0	0.036028823058446756	0	1249	1
927	5000	7826	0.7662918476871965	0.1319959110656785	0.026833631484794274	0.04395604395604396	0.030922565806286738	7826	1
927	10000	31302	0.5936361893808703	0.29736119097821223	0.015558111302792154	0.03769727173982493	0.05574723659830043	31302	1
928	500	78	0.6794871794871795	0.32051282051282054	0	0	0	78	1
928	1000	314	0.7738853503184714	0.22611464968152867	0	0	0	314	1
928	2000	1254	0.8014354066985646	0.19457735247208932	0	0.003987240829346092	0	1254	1
928	5000	7831	0.7250670412463287	0.19320648703869236	0.024517941514493678	0.04367258332269187	0.013535946877793385	7831	1
928	10000	31299	0.5871114093102016	0.33093709064187354	0.012620211508354899	0.038116233745487074	0.03121505479408288	31299	1
929	500	79	0.7215189873417721	0	0	0.27848101265822783	0	79	1
929	1000	315	0.9079365079365079	0	0	0.09206349206349207	0	315	1
929	2000	1250	0.9616	0.0048	0	0.0336	0	1250	1
929	5000	7836	0.7006125574272588	0.28611536498213375	0	0.013272077590607452	0	7836	1
929	10000	31294	0.6187448073113057	0.3419824886559724	0.0038346008819582027	0.02984597686457468	0.005592126286189046	31294	1
931	500	78	0.5512820512820513	0.02564102564102564	0.16666666666666666	0	0.2564102564102564	78	1
931	1000	316	0.41455696202531644	0.31329113924050633	0.09177215189873418	0	0.18037974683544303	316	1
931	2000	1252	0.20926517571884984	0.5998402555910544	0.0231629392971246	0.01437699680511182	0.15335463258785942	1252	1
931	5000	7830	0.1793103448275862	0.6647509578544061	0.003703703703703704	0.01800766283524904	0.1342273307790549	7830	1
931	10000	31319	0.1791883521185223	0.6027970241706313	0.004597847951722596	0.019764360292474217	0.19365241546664963	31319	1
932	500	79	0.3670886075949367	0.6075949367088608	0	0	0.02531645569620253	79	1
932	1000	314	0.2611464968152866	0.6019108280254777	0	0	0.13694267515923567	314	1
932	2000	1257	0.21877486077963404	0.4478918058870326	0	0	0.3333333333333333	1257	1
932	5000	7830	0.2103448275862069	0.4164750957854406	0.003703703703703704	0.009067688378033206	0.36040868454661557	7830	1
932	10000	31298	0.14393890983449423	0.60735510256246406	9.265767780688861e-4	0.028532174579845356	0.21924723624512749	31298	1
933	500	78	0	0.44871794871794873	0	0.5512820512820513	0	78	1
933	1000	315	0.025396825396825397	0.6095238095238096	0	0.3619047619047619	0.0031746031746031746	315	1
933	2000	1254	0.11802232854864433	0.569377990430622	0	0.28708133971291866	0.025518341307814992	1254	1
933	5000	7835	0.17791959157626036	0.5023611997447351	0	0.202680280791321	0.11703892788768347	7835	1
933	10000	31304	0.22105801175568618	0.4556606184513161	0.007219524661385126	0.17135190391004346	0.14470994122156913	31304	1
934	500	78	0.28205128205128205	0.5128205128205128	0	0.20512820512820512	0	78	1
934	1000	312	0.1346153846153846	0.6891025641025641	0	0.1762820512820513	0	312	1
934	2000	1255	0.21115537848605578	0.6733067729083665	0	0.11553784860557768	0	1255	1
934	5000	7826	0.30692563250702787	0.5770508561206236	0.001533350370559673	0.05443393815486839	0.06005622284692052	7826	1
934	10000	31320	0.2268199233716475	0.595051085568327	0.01583652618135377	0.04176245210727969	0.12053001277139208	31320	1
935	500	78	0	0.0641025641025641	0	0	0.9358974358974359	78	1
935	1000	310	0	0.15483870967741936	0	0.05806451612903226	0.7870967741935484	310	1
935	2000	1247	0	0.24458700882117082	0	0.1491579791499599	0.6062550120288693	1247	1
935	5000	7821	0.05242296381536888	0.3484209180411712	1.2786088735455825e-4	0.09781357882623705	0.5012146784298683	7821	1
935	10000	31296	0.06706927402862986	0.4519746932515337	0.013771728016359917	0.08451559304703476	0.38266871165644173	31296	1
936	500	77	0	0.12987012987012986	0	0.4805194805194805	0.38961038961038963	77	1
936	1000	310	0	0.29354838709677417	0	0.2838709677419355	0.42258064516129035	310	1
936	2000	1254	0.007177033492822967	0.31738437001594894	0	0.1762360446570973	0.49920255183413076	1254	1
936	5000	7828	0.05940214614205416	0.3727644353602453	0.0024271844660194173	0.10756259580991313	0.457843638221768	7828	1
936	10000	31291	0.07800965133744527	0.4625611198108082	0.013773928605669361	0.08842798248697709	0.35722731775910005	31291	1
937	500	79	0	0	0	0.012658227848101266	0.9873417721518988	79	1
937	1000	314	0	0	0	0.09235668789808917	0.9076433121019108	314	1
937	2000	1255	0	0.043824701195219126	0	0.14661354581673305	0.8095617529880478	1255	1
937	5000	7823	0.0334909881119775	0.279815927393583	0	0.09446503898760067	0.5922280455068388	7823	1
937	10000	31301	0.10073160601897703	0.4313919683077218	0.01376952813009169	0.08277690808600364	0.37132998945720586	31301	1
938	500	80	0	0	0	0.025	0.975	80	1
938	1000	317	0	0	0	0.10410094637223975	0.8958990536277602	317	1
938	2000	1256	0	0.024681528662420384	0	0.12101910828025478	0.8542993630573248	1256	1
938	5000	7842	0.024738587095128793	0.26511094108645755	0	0.0966590155572558	0.6134914562611579	7842	1
938	10000	31322	0.10870953323542558	0.4228018645041824	0.013760296277376923	0.0816359108613754	0.3730923951216397	31322	1
939	500	79	0	0	0	0.17721518987341772	0.8227848101265823	79	1
939	1000	312	0	0	0	0.13141025641025642	0.8685897435897436	312	1
939	2000	1249	0	0.018414731785428344	0	0.08967173738991192	0.8919135308246597	1249	1
939	5000	7825	0.020319488817891373	0.24012779552715655	0	0.08702875399361022	0.6525239616613419	7825	1
939	10000	31311	0.10801315831496917	0.41573249017917024	0.013701255149947304	0.07840694963431381	0.3841461467215994	31311	1
940	500	79	0	0	0	0.5063291139240507	0.4936708860759494	79	1
940	1000	313	0	0	0	0.1501597444089457	0.8498402555910544	313	1
940	2000	1255	0	0.024701195219123506	0	0.05976095617529881	0.9155378486055777	1255	1
940	5000	7824	0.031952965235173825	0.24539877300613497	0	0.08320552147239264	0.6394427402862985	7824	1
940	10000	31319	0.09291484402439414	0.4215971135732303	0.013538107857849868	0.07793990868163096	0.39401002586289474	31319	1
941	500	77	0	0	0	0	1	77	1
941	1000	312	0	0.19230769230769232	0	0	0.8076923076923077	312	1
941	2000	1246	0	0.2447833065810594	0	0.08587479935794542	0.6693418940609952	1246	1
941	5000	7825	0.04817891373801917	0.36971246006389774	0	0.12332268370607029	0.45878594249201277	7825	1
941	10000	31292	0.13281349865780392	0.45455707529080913	0.008053176530742681	0.08516553751757638	0.31941071200306786	31292	1
942	500	74	0	0	0	0	1	74	1
942	1000	311	0	0	0	0.08038585209003216	0.9196141479099679	311	1
942	2000	1250	0	8e-4	0	0.0592	0.94	1250	1
942	5000	7819	0.054738457603274074	0.2484972502877606	0	0.07443407085305026	0.6223302212559151	7819	1
942	10000	31296	0.16756134969325154	0.4010416666666667	0.009841513292433537	0.07793328220858896	0.3436221881390593	31296	1
943	500	78	0	0	0	0	1	78	1
943	1000	312	0	0	0	0.05448717948717949	0.9455128205128205	312	1
943	2000	1254	0.003987240829346092	0.13476874003189793	0	0.13556618819776714	0.7256778309409888	1254	1
943	5000	7819	0.09144391865967515	0.2831564138636654	0	0.0694462207443407	0.5559534467323187	7819	1
943	10000	31326	0.18463895805401265	0.4117346613037094	0.00836365957990168	0.07824171614633212	0.3170210049160442	31326	1
944	500	79	0	0	0	0	1	79	1
944	1000	315	0	0.050793650793650794	0	0.08253968253968254	0.8666666666666667	315	1
944	2000	1256	0.022292993630573247	0.1480891719745223	0	0.11464968152866242	0.714968152866242	1256	1
944	5000	7824	0.14506646216768918	0.2393916155419223	0	0.05291411042944785	0.5626278118609407	7824	1
944	10000	31305	0.20750678805302666	0.37952403769365917	0.006963743810892828	0.07835808976201884	0.32764734068040247	31305	1
945	500	77	0	0	0	0	1	77	1
945	1000	312	0	0.038461538461538464	0	0.009615384615384616	0.9519230769230769	312	1
945	2000	1251	0.019184652278177457	0.15027977617905675	0	0.0903277378097522	0.7402078337330136	1251	1
945	5000	7824	0.15337423312883436	0.20488241308793456	0	0.05138036809815951	0.5903629856850716	7824	1
945	10000	31291	0.21347991435236968	0.36381068038733183	0.00632769806014509	0.07912818382282445	0.33725352337732895	31291	1
946	500	79	0	0	0	0	1	79	1
946	1000	315	0	0.050793650793650794	0	0.05714285714285714	0.8920634920634921	315	1
946	2000	1257	0.02545743834526651	0.24264120922832141	0	0.10023866348448687	0.6316626889419252	1257	1
946	5000	7839	0.07679550963133053	0.32682740145426714	0	0.08904196963898456	0.5073351192754177	7839	1
946	10000	31321	0.17837872354011686	0.4323297468152358	0.00964209316433064	0.07563615465662016	0.3040132818236966	31321	1
948	500	78	0	0.7435897435897436	0	0	0.2564102564102564	78	1
948	1000	312	0	0.75	0	0	0.25	312	1
948	2000	1252	0.04472843450479233	0.7292332268370607	0.006389776357827476	0.007987220447284345	0.21166134185303515	1252	1
948	5000	7818	0.07047838321821438	0.7654131491430033	0.014837554361729342	0.030442568431823996	0.11882834484522896	7818	1
948	10000	31311	0.09728210533039507	0.6250199610360576	0.03366229120756284	0.04963112005365526	0.19440452237232922	31311	1
950	500	77	0.2727272727272727	0.5324675324675324	0.19480519480519481	0	0	77	1
950	1000	309	0.4174757281553398	0.3851132686084142	0.19741100323624594	0	0	309	1
950	2000	1251	0.5475619504396483	0.3645083932853717	0.05755395683453238	0	0.030375699440447643	1251	1
950	5000	7822	0.3863462030171312	0.5054973152646381	0.009204806954743032	0.014702122219381232	0.08424955254410636	7822	1
950	10000	31302	0.3809980192958916	0.5445019487572679	0.008306178518944477	0.02689923966519711	0.03929461376269887	31302	1
951	500	80	0.225	0.7625	0	0	0.0125	80	1
951	1000	317	0.11987381703470032	0.807570977917981	0	0	0.07255520504731862	317	1
951	2000	1255	0.0549800796812749	0.8661354581673307	0	0.00398406374501992	0.0749003984063745	1255	1
951	5000	7828	0.06182933060807358	0.8578180889115994	0	0.027337761880429228	0.0530148185998978	7828	1
951	10000	30993	0.17620107766269802	0.6998354467137741	0.021198335107927596	0.03746007162907753	0.06530506888652277	31304	0.9900651673907488
958	500	80	0.7625	0.1625	0.075	0	0	80	1
958	1000	315	0.39365079365079364	0.326984126984127	0.27936507936507937	0	0	315	1
958	2000	1250	0.2592	0.396	0.3448	0	0	1250	1
958	5000	7837	0.29169324996810003	0.31848921781293865	0.34069159117009057	0.030751563098124282	0.018374377950746458	7837	1
958	10000	31289	0.42506951324746717	0.33308830579436866	0.17226501326344723	0.021349356003707375	0.04822781169100962	31289	1
960	500	78	0.717948717948718	0	0.28205128205128205	0	0	78	1
960	1000	311	0.8006430868167203	0	0.19935691318327975	0	0	311	1
960	2000	1253	0.9273743016759777	0	0.07262569832402235	0	0	1253	1
960	5000	7822	0.9589619023267707	0	0.02965993352083866	0.011378164152390693	0	7822	1
960	10000	29117	0.8588453480784422	0.02486519902462479	0.08146443658343923	0.034825016313493835	0	31293	0.9304636819736043
961	500	74	0.3108108108108108	0.6891891891891891	0	0	0	78	0.9487179487179487
961	1000	248	0.38306451612903225	0.5846774193548387	0	0.03225806451612903	0	313	0.792332268370607
961	2000	858	0.30303030303030304	0.6701631701631702	0	0.026806526806526808	0	1253	0.684756584197925
961	5000	5009	0.43461768816130963	0.5382311838690358	0	0.02435615891395488	0.0027949690556997404	7822	0.6403733060598312
961	10000	18064	0.40057573073516384	0.524856067316209	0.013673604960141719	0.05879096545615589	0.002103631532329495	31270	0.5776782858970259
962	500	79	0	0	0	0.05063291139240506	0.9493670886075949	79	1
962	1000	315	0	0	0	0.23174603174603176	0.7682539682539683	315	1
962	2000	1254	0.20494417862838915	0	0	0.18899521531100477	0.6060606060606061	1254	1
962	5000	6199	0.22051943861913212	0	0	0.2519761251814809	0.527504436199387	7831	0.7915974971268037
962	10000	19352	0.32198222405952875	0.011420008267879289	0.01545059942124845	0.2958867300537412	0.35526043819760234	31309	0.6180970328020697
963	500	77	0.07792207792207792	0.922077922077922	0	0	0	77	1
963	1000	309	0.13268608414239483	0.7119741100323624	0	0	0.1553398058252427	309	1
963	2000	1250	0.1104	0.5072	0	0	0.3824	1250	1
963	5000	7813	0.11032893894790734	0.6231921157045949	0.02239856649174453	0.0034557788301548703	0.24062460002559835	7813	1
963	10000	31288	0.11410125287650218	0.6979353106622347	0.013903093837893121	0.004570442342111992	0.169489900281258	31288	1
965	500	78	0	0.8846153846153846	0	0.11538461538461539	0	78	1
965	1000	312	0.019230769230769232	0.7852564102564102	0	0.1955128205128205	0	312	1
965	2000	1253	0.07901037509976057	0.7589784517158819	0	0.13966480446927373	0.0223463687150838	1253	1
965	5000	7827	0.2624249393126358	0.634598185767216	0.015331544653123802	0.07882969209147822	0.008815638175546186	7827	1
965	10000	31321	0.35088279429137	0.45882953928674053	0.04600747102582932	0.04367676638676926	0.1006034290092909	31321	1
966	500	79	0.31645569620253167	0.6835443037974683	0	0	0	79	1
966	1000	314	0.5254777070063694	0.4745222929936306	0	0	0	314	1
966	2000	1252	0.6621405750798722	0.3354632587859425	0.0023961661341853034	0	0	1252	1
966	5000	7825	0.5677955271565496	0.3647284345047923	0.025814696485623	0.04166134185303515	0	7825	1
966	10000	31317	0.519111025960341	0.3955359708784366	0.014975891688220456	0.05798767442603059	0.012389437046971293	31317	1
967	500	80	0	0.6875	0.3125	0	0	80	1
967	1000	313	0	0.5239616613418531	0.476038338658147	0	0	313	1
967	2000	1252	0	0.365814696485623	0.634185303514377	0	0	1252	1
967	5000	7819	0.02314874024811357	0.43394295945773115	0.4972502877605832	0.03478705716843586	0.010870955365136206	7819	1
967	10000	31278	0.06669224374960035	0.5081526951851142	0.3478163565445361	0.03651128588784449	0.04082741863290492	31278	1
970	500	79	0	0.17721518987341772	0.31645569620253167	0	0.5063291139240507	79	1
970	1000	316	0	0.18037974683544303	0.28164556962025317	0	0.5379746835443038	316	1
970	2000	1255	0.02549800796812749	0.24621513944223108	0.30199203187250995	0.0015936254980079682	0.42470119521912353	1255	1
970	5000	7827	0.142455602401942	0.3802223073974703	0.2220518717260764	0.02133639964226396	0.23393381883224734	7827	1
970	10000	31257	0.15871644751575648	0.3009245928911924	0.28771155261221487	0.029401414083245352	0.22324599289759095	31303	0.9985304922850845
973	500	80	0.275	0.725	0	0	0	80	1
973	1000	315	0.473015873015873	0.526984126984127	0	0	0	315	1
973	2000	1251	0.4460431654676259	0.5539568345323741	0	0	0	1251	1
973	5000	7834	0.5319121776870054	0.42481490936941535	0.011998978810314016	0.031273934133265256	0	7834	1
973	10000	26275	0.4895908658420552	0.3498382492863939	0.041522359657469074	0.10462416745956232	0.014424357754519505	31313	0.8391083575511769
974	500	78	0	0.1794871794871795	0.8205128205128205	0	0	78	1
974	1000	312	0	0.1346153846153846	0.8653846153846154	0	0	312	1
974	2000	1247	0.011226944667201283	0.11146752205292702	0.8356054530874097	0.04170008019246191	0	1247	1
974	5000	7656	0.024947753396029258	0.07719435736677116	0.81478578892372	0.054205851619644724	0.0288662486938349	7829	0.9779026695618853
974	10000	29711	0.04802934939921241	0.15048298609942445	0.6825754770960251	0.019958937767156945	0.09895324963818114	31291	0.9495062478028826
975	500	80	0	0	1	0	0	80	1
975	1000	315	0	0.04126984126984127	0.9587301587301588	0	0	315	1
975	2000	1255	0	0.08685258964143426	0.8876494023904382	0.019123505976095617	0.006374501992031873	1255	1
975	5000	7646	0.016609992152759614	0.07729531781323568	0.8225215799110646	0.04368297148835993	0.03989013863458017	7836	0.9757529351710056
975	10000	29400	0.04523809523809524	0.140578231292517	0.7042857142857143	0.020170068027210886	0.08972789115646258	31298	0.9393571474215605
976	500	80	0	0.6125	0	0.3875	0	80	1
976	1000	316	0	0.689873417721519	0.0949367088607595	0.21518987341772153	0	316	1
976	2000	1256	0	0.30971337579617836	0.5501592356687898	0.14012738853503184	0	1256	1
976	5000	7467	0.04084639078612562	0.12468193384223919	0.7559930360251774	0.06468461229409402	0.013794027052363734	7832	0.9533963227783453
976	10000	29253	0.048234369124534236	0.17034150343554508	0.6858441869209996	0.020271425152975763	0.07530851536594538	31288	0.9349590897468678
977	500	80	0	0	1	0	0	80	1
977	1000	315	0	0	1	0	0	315	1
977	2000	1252	0	0.09904153354632587	0.8825878594249201	0.004792332268370607	0.013578274760383386	1252	1
977	5000	7543	0.011003579477661408	0.07835078881081797	0.831366830173671	0.03592734986079809	0.043351451677051574	7828	0.9635922330097088
977	10000	28584	0.031311223061852786	0.12891827595857822	0.7423733557234816	0.020745871816400783	0.07665127343968654	31290	0.9135186960690317
979	500	78	0.47435897435897434	0.05128205128205128	0.47435897435897434	0	0	78	1
979	1000	314	0.6910828025477707	0.15605095541401273	0.15286624203821655	0	0	314	1
979	2000	1258	0.5977742448330684	0.3386327503974563	0.03815580286168521	0.025437201907790145	0	1258	1
979	5000	7833	0.6392186901570279	0.2597982892889059	0.034341886888803776	0.04698072258393974	0.01966041108132261	7833	1
979	10000	31319	0.644624668731441	0.25093393786519363	0.0381557520993646	0.035697180625179604	0.030588460678821164	31319	1
981	500	78	0	0.038461538461538464	0.9615384615384616	0	0	78	1
981	1000	312	0	0.27884615384615385	0.7211538461538461	0	0	312	1
981	2000	1251	0.12709832134292565	0.533972821742606	0.31974420463629094	0.019184652278177457	0	1251	1
981	5000	7824	0.23006134969325154	0.6729294478527608	0.054447852760736194	0.02965235173824131	0.012908997955010226	7824	1
981	10000	31309	0.1605289213964036	0.6889073429365358	0.04487527547989396	0.05142291353923792	0.05426554664792871	31309	1
982	500	79	0	0.8860759493670886	0.11392405063291139	0	0	79	1
982	1000	316	0	0.7310126582278481	0.2689873417721519	0	0	316	1
982	2000	1256	0.054140127388535034	0.6727707006369427	0.26990445859872614	0.0031847133757961785	0	1256	1
982	5000	7834	0.20781210109777892	0.6923666070972683	0.053484809803420984	0.0321674751085014	0.01416900689303038	7834	1
982	10000	31327	0.15414817888722188	0.6959172598716762	0.039167491301433266	0.05238292846426405	0.058384141475404605	31327	1
983	500	78	0.14102564102564102	0.19230769230769232	0.6666666666666666	0	0	78	1
983	1000	312	0.15064102564102563	0.4326923076923077	0.4166666666666667	0	0	312	1
983	2000	1252	0.13338658146964857	0.4289137380191693	0.3546325878594249	0.054313099041533544	0.02875399361022364	1252	1
983	5000	7825	0.24345047923322682	0.419297124600639	0.2136741214057508	0.03450479233226837	0.08907348242811501	7825	1
983	10000	31305	0.3892349464941703	0.3425331416706596	0.16403130490337006	0.01951764893786935	0.08468295799393068	31305	1
984	500	78	0.19230769230769232	0.8076923076923077	0	0	0	78	1
984	1000	312	0.26282051282051283	0.5961538461538461	0.14102564102564102	0	0	312	1
984	2000	1176	0.28401360544217685	0.49489795918367346	0.10714285714285714	0.08928571428571429	0.02465986394557823	1251	0.9400479616306955
984	5000	5323	0.590832237460079	0.28761976329137706	0.05222618823971445	0.06387375540108961	0.005448055607739997	7828	0.6799948901379663
984	10000	18795	0.6696993881351423	0.22064378824155362	0.06783719074221868	0.04027666932694866	0.0015429635541367385	31296	0.600555981595092
986	500	80	0.475	0	0.525	0	0	80	1
986	1000	315	0.5841269841269842	0	0.4158730158730159	0	0	315	1
986	2000	1252	0.7204472843450479	0	0.2771565495207668	0	0.0023961661341853034	1252	1
986	5000	7831	0.807048908185417	0.039713957348997575	0.11543864129740773	0.020942408376963352	0.016856084791214403	7831	1
986	10000	26118	0.7870817061030707	0.10755034841871507	0.06972203078336779	0.01719120912780458	0.018454705567041887	31312	0.8341211037301993
987	500	56	0	0	1	0	0	78	0.717948717948718
987	1000	205	0.0975609756097561	0	0.8829268292682927	0.01951219512195122	0	311	0.6591639871382636
987	2000	821	0.2862362971985384	0	0.6735688185140073	0.0389768574908648	0.001218026796589525	1250	0.6568
987	5000	4178	0.5981330780277645	0	0.29344183820009573	0.09502154140737194	0.013403542364767831	7818	0.5344077769250448
992	500	77	0.5324675324675324	0.4675324675324675	0	0	0	77	1
992	1000	311	0.33440514469453375	0.5691318327974276	0.09646302250803858	0	0	311	1
992	2000	1187	0.2443133951137321	0.42881213142375735	0.32687447346251053	0	0	1244	0.9541800643086816
992	5000	5917	0.10427581544701707	0.5710664187933074	0.2862937299307081	0.00861923271928342	0.02974480310968396	7814	0.7572306117225492
992	10000	21918	0.1010128661374213	0.4645953097910393	0.3736198558262615	0.02025732274842595	0.0405146454968519	31275	0.7008153477218225
994	500	79	0.7215189873417721	0.25316455696202533	0	0.02531645569620253	0	79	1
994	1000	314	0.4745222929936306	0.4426751592356688	0	0.08280254777070063	0	314	1
994	2000	1260	0.2261904761904762	0.42936507936507934	0.09841269841269841	0.24603174603174602	0	1260	1
994	5000	7831	0.4714595837057847	0.33469544119524963	0.07764014812922998	0.11275699144425999	0.0034478355254756736	7831	1
994	10000	31313	0.38680420272730176	0.47536167087152303	0.05470571328202344	0.07763548685849328	0.0054929262606585125	31313	1
998	500	79	0	0.810126582278481	0	0	0.189873417721519	79	1
998	1000	315	0	0.7873015873015873	0	0	0.2126984126984127	315	1
998	2000	1255	0	0.8207171314741036	0	0.028685258964143426	0.150597609561753	1255	1
998	5000	7833	0.014809140814502745	0.9002936295161497	0	0.01685178092684795	0.06804544874249968	7833	1
998	10000	31294	0.1944142647152809	0.7239726465137087	0.017862849108455293	0.0170000639100147	0.046750175752540424	31294	1
1001	500	79	0	1	0	0	0	79	1
1001	1000	315	0.08253968253968254	0.873015873015873	0	0.044444444444444446	0	315	1
1001	2000	1257	0.0477326968973747	0.8973747016706444	0.0294351630867144	0.02545743834526651	0	1257	1
1001	5000	7829	0.09822454975092604	0.7887341933835739	0.015583088517051986	0.0289947630604164	0.06846340528803167	7829	1
1001	10000	31295	0.10471321297331843	0.697299888161048	0.08771369228311232	0.04438408691484263	0.06588911966767855	31295	1
1002	500	77	0	1	0	0	0	77	1
1002	1000	312	0.1858974358974359	0.8141025641025641	0	0	0	312	1
1002	2000	1251	0.12629896083133493	0.7729816147082335	0	0	0.10071942446043165	1251	1
1002	5000	7817	0.15504669310477165	0.685301266470513	0.021875399769732636	0.008954842011001662	0.12882179864398108	7817	1
1002	10000	31291	0.09846281678437889	0.724074014892461	0.007669937042600108	0.029497299542999584	0.14029593173756033	31291	1
1003	500	80	0.1125	0.525	0.3625	0	0	80	1
1003	1000	293	0.09215017064846416	0.515358361774744	0.3924914675767918	0	0	314	0.9331210191082803
1003	2000	895	0.2748603351955307	0.5307262569832403	0.19441340782122904	0	0	1254	0.7137161084529505
1003	5000	5367	0.32643935159306875	0.5517048630519843	0.1218557853549469	0	0	7820	0.6863171355498722
1003	10000	21193	0.21223989052989195	0.6291700089652243	0.1499551738781673	0.002972679658377766	0.005662246968338602	31293	0.677244112101748
1004	500	77	0	1	0	0	0	77	1
1004	1000	311	0	1	0	0	0	311	1
1004	2000	1252	0.03913738019169329	0.8857827476038339	0	0	0.07507987220447285	1252	1
1004	5000	7827	0.20735914143349943	0.7318257314424428	0.030152037817810146	0.013031812955155231	0.017631276351092372	7827	1
1004	10000	29018	0.18757323040871182	0.7024605417327177	0.06795781928458199	0.035564132607347164	0.006444275966641395	31283	0.927596458140204
1005	500	78	0.5512820512820513	0	0	0	0.44871794871794873	78	1
1005	1000	312	0.3782051282051282	0.05128205128205128	0	0	0.5705128205128205	312	1
1005	2000	1252	0.1573482428115016	0.305111821086262	0.04952076677316294	0	0.48801916932907347	1252	1
1005	5000	7823	0.09740508756231625	0.6443819506583153	0.049597341173462865	0.020580340023009076	0.1880352805828966	7823	1
1005	10000	31292	0.07548255145085006	0.7114278409817205	0.030742681835612937	0.02486258468618177	0.15748434104563466	31292	1
1006	500	74	0.4189189189189189	0	0	0.581081081081081	0	74	1
1006	1000	311	0.7202572347266881	0	0	0.24115755627009647	0.03858520900321544	311	1
1006	2000	1244	0.6422829581993569	0.07234726688102894	0	0.0747588424437299	0.21061093247588425	1244	1
1006	5000	7817	0.3422028911347064	0.3100933862095433	0	0.07291799923244212	0.27478572342330815	7817	1
1006	10000	31289	0.38582249352807696	0.3981590974463869	0.015213014158330403	0.08661190833839369	0.11419348652881205	31289	1
1007	500	81	0.49382716049382713	0.5061728395061729	0	0	0	81	1
1007	1000	316	0.40189873417721517	0.5981012658227848	0	0	0	316	1
1007	2000	1255	0.26055776892430277	0.7195219123505976	0	0.0199203187250996	0	1255	1
1007	5000	7835	0.23714103382259094	0.6279514996809189	0.001021059349074665	0.0616464582003829	0.07223994894703255	7835	1
1007	10000	31328	0.2281664964249234	0.5715653728294178	0.013246935648621042	0.05391343207354443	0.13310776302349336	31328	1
1008	500	77	0.42857142857142855	0.5714285714285714	0	0	0	77	1
1008	1000	309	0.3786407766990291	0.6213592233009708	0	0	0	309	1
1008	2000	1251	0.26458832933653076	0.7130295763389288	0	0.02238209432454037	0	1251	1
1008	5000	7820	0.25179028132992326	0.6172634271099744	0.002813299232736573	0.05664961636828644	0.07148337595907929	7820	1
1008	10000	31311	0.2327935869183354	0.5772731627862413	0.012934751365334866	0.05352751429210182	0.12347098463798666	31311	1
1009	500	78	0.5256410256410257	0.47435897435897434	0	0	0	78	1
1009	1000	312	0.40064102564102566	0.5993589743589743	0	0	0	312	1
1009	2000	1253	0.2561851556264964	0.7262569832402235	0	0.014365522745411013	0.0031923383878691143	1253	1
1009	5000	7830	0.22720306513409963	0.635632183908046	1.277139208173691e-4	0.06475095785440613	0.07228607918263091	7830	1
1009	10000	31317	0.2256282530255133	0.5685410479931028	0.013411246287958617	0.053964300539643004	0.1384551521537823	31317	1
1010	500	78	0.32051282051282054	0.6794871794871795	0	0	0	78	1
1010	1000	316	0.4208860759493671	0.5791139240506329	0	0	0	316	1
1010	2000	1259	0.43606036536934073	0.4892772041302621	0.021445591739475776	0.05003971405877681	0.003177124702144559	1259	1
1010	5000	7834	0.5132754659177943	0.41447536379882566	0.02297676793464386	0.045315292315547616	0.003957110033188665	7834	1
1010	10000	31321	0.47600651320200504	0.3476581207496568	0.01803901535710865	0.06851633089620382	0.0897800197950257	31321	1
1011	500	79	0.3670886075949367	0.6329113924050633	0	0	0	79	1
1011	1000	315	0.44761904761904764	0.5523809523809524	0	0	0	315	1
1011	2000	1253	0.4533120510774142	0.47406225059856344	0.01596169193934557	0.05426975259377494	0.0023942537909018356	1253	1
1011	5000	7831	0.5337760183884561	0.39560720214531986	0.022985570169837825	0.04367258332269187	0.003958625973694292	7831	1
1011	10000	31312	0.4836484414920797	0.3440853346959632	0.016638988247317323	0.06891926417986714	0.08670797138477261	31312	1
1012	500	77	0.7792207792207793	0.22077922077922077	0	0	0	77	1
1012	1000	312	0.6762820512820513	0.32371794871794873	0	0	0	312	1
1012	2000	1249	0.5244195356285029	0.388310648518815	0.016813450760608487	0.06485188150520416	0.005604483586869495	1249	1
1012	5000	7820	0.5360613810741688	0.39168797953964196	0.023017902813299233	0.04526854219948849	0.003964194373401534	7820	1
1012	10000	31314	0.48109471801750014	0.35517659832662707	0.0177237018585936	0.06888292776393945	0.07712205403333972	31314	1
1013	500	79	0.6835443037974683	0.31645569620253167	0	0	0	79	1
1013	1000	316	0.6234177215189873	0.37658227848101267	0	0	0	316	1
1013	2000	1251	0.495603517186251	0.4132693844924061	0.02158273381294964	0.06314948041566747	0.006394884092725819	1251	1
1013	5000	7827	0.5257442187300371	0.40232528427239045	0.022997316979685704	0.044972530982496484	0.003960649035390316	7827	1
1013	10000	31309	0.4765083522309879	0.3559998722412086	0.018109808681209875	0.06908556645054138	0.08029640039605225	31309	1
1014	500	79	0.189873417721519	0.810126582278481	0	0	0	79	1
1014	1000	311	0.09967845659163987	0.8295819935691319	0	0	0.0707395498392283	311	1
1014	2000	1249	0.0488390712570056	0.7237790232185749	0	0	0.22738190552441953	1249	1
1014	5000	7814	0.030074225748656258	0.7615817762989506	0	0.04568722805221397	0.16265676990017916	7814	1
1014	10000	31306	0.05625119785344662	0.7568197789561106	0.023637641346706702	0.0376924551204242	0.12559892672331183	31306	1
1015	500	79	0.20253164556962025	0.7974683544303798	0	0	0	79	1
1015	1000	316	0.10126582278481013	0.8481012658227848	0	0	0.05063291139240506	316	1
1015	2000	1254	0.050239234449760764	0.7296650717703349	0	0	0.22009569377990432	1254	1
1015	5000	7831	0.02962584599667986	0.7629932320265611	0	0.04520495466734772	0.1621759673094113	7831	1
1015	10000	31286	0.05622323083807454	0.7583583711564278	0.022534040785015662	0.03800421913955124	0.12488013808093076	31286	1
1016	500	79	0.17721518987341772	0.8227848101265823	0	0	0	79	1
1016	1000	314	0.09554140127388536	0.8503184713375797	0	0	0.054140127388535034	314	1
1016	2000	1258	0.04769475357710652	0.7305246422893482	0	0	0.2217806041335453	1258	1
1016	5000	7827	0.029896512073591414	0.7621055321323623	0	0.04535581959882458	0.16264213619522166	7827	1
1016	10000	31300	0.05603833865814697	0.7569968051118211	0.023226837060702877	0.037891373801916935	0.12584664536741214	31300	1
1017	500	79	0	0.9746835443037974	0	0	0.02531645569620253	79	1
1017	1000	312	0.04807692307692308	0.8461538461538461	0	0	0.10576923076923077	312	1
1017	2000	1250	0.0976	0.7376	0	0.0312	0.1336	1250	1
1017	5000	7816	0.01842374616171955	0.8188331627430911	3.8382804503582393e-4	0.033520982599795295	0.12883828045035825	7816	1
1017	10000	31312	0.07188937148696985	0.795669391926418	0.004726622381195708	0.0345873786407767	0.09312723556463975	31312	1
1018	500	78	0	0.8846153846153846	0	0	0.11538461538461539	78	1
1018	1000	312	0.03205128205128205	0.7948717948717948	0	0.03205128205128205	0.14102564102564102	312	1
1018	2000	1249	0.11048839071257005	0.7309847878302642	0	0.03282626100880705	0.1257005604483587	1249	1
1018	5000	7820	0.01930946291560102	0.8166240409207162	0	0.03312020460358056	0.1309462915601023	7820	1
1018	10000	31288	0.06906801329583227	0.7964075683968295	0.0047302480184096135	0.03435822040398875	0.09543594988493992	31288	1
1019	500	78	0.3717948717948718	0.6282051282051282	0	0	0	78	1
1019	1000	312	0.14102564102564102	0.8589743589743589	0	0	0	312	1
1019	2000	1251	0.08713029576338929	0.8657074340527577	0	0.03597122302158273	0.011191047162270184	1251	1
1019	5000	7826	0.07794531050345004	0.7995144390493227	0.0014055711730130336	0.03360592895476616	0.087528750319448	7826	1
1019	10000	31286	0.06904046538387777	0.8005497666687975	0.005114108546953909	0.04644249824202519	0.07885316115834559	31286	1
1020	500	73	0.5342465753424658	0.4657534246575342	0	0	0	73	1
1020	1000	310	0.14838709677419354	0.8516129032258064	0	0	0	310	1
1020	2000	1246	0.10192616372391654	0.8571428571428571	0	0.028089887640449437	0.012841091492776886	1246	1
1020	5000	7813	0.07564315883783437	0.8096761807244336	0.0017918853193395622	0.031997952131063614	0.08089082298732882	7813	1
1020	10000	31275	0.06919264588329337	0.8007673860911271	0.005403677058353317	0.04623501199040767	0.07840127897681855	31275	1
1021	500	79	0.379746835443038	0.4810126582278481	0	0.13924050632911392	0	79	1
1021	1000	315	0.5936507936507937	0.2857142857142857	0	0.12063492063492064	0	315	1
1021	2000	1253	0.7374301675977654	0.18994413407821228	0	0.07262569832402235	0	1253	1
1021	5000	7829	0.6649635968833822	0.3050197981862307	0.006003320986077404	0.016860390854515264	0.007152893089794355	7829	1
1021	10000	31303	0.5525349008082292	0.37363830942721143	0.01498258952816024	0.016068747404402135	0.042775452831996935	31303	1
1022	500	78	0.3717948717948718	0.5769230769230769	0	0.05128205128205128	0	78	1
1022	1000	315	0.526984126984127	0.36507936507936506	0	0.10793650793650794	0	315	1
1022	2000	1253	0.7549880287310455	0.1787709497206704	0	0.06624102154828412	0	1253	1
1022	5000	7836	0.6587544665645738	0.30755487493619194	0.0059979581419091375	0.016845329249617153	0.010847371107708014	7836	1
1022	10000	31291	0.5459077690070627	0.377041321785817	0.016937777635741908	0.01629861621552523	0.04381451535585312	31291	1
1023	500	79	0.43037974683544306	0.4050632911392405	0	0.16455696202531644	0	79	1
1023	1000	315	0.6126984126984127	0.2634920634920635	0	0.12380952380952381	0	315	1
1023	2000	1251	0.7314148681055156	0.19184652278177458	0	0.07673860911270983	0	1251	1
1023	5000	7826	0.667262969588551	0.3036033733708152	0.0060056222846920524	0.0168668540761564	0.006261180679785331	7826	1
1023	10000	31299	0.5542030096808205	0.37240806415540434	0.014505255758969935	0.016070800984057	0.042812869420748266	31299	1
1024	500	79	1	0	0	0	0	79	1
1024	1000	315	1	0	0	0	0	315	1
1024	2000	1250	0.9376	0.0624	0	0	0	1250	1
1024	5000	7830	0.7022988505747126	0.2033205619412516	0	0	0.09438058748403576	7830	1
1024	10000	31292	0.472453023136904	0.15601431675827687	0.011408666751885467	0.006487281094209383	0.3536367122587243	31292	1
1025	500	57	0	0	0	0	1	78	0.7307692307692307
1026	500	65	0	0	0	0	1	81	0.8024691358024691
1027	500	58	0	0	0	0	1	78	0.7435897435897436
1028	500	64	0	0.078125	0	0.546875	0.375	77	0.8311688311688312
1028	1000	233	0.008583690987124463	0.26180257510729615	0	0.5278969957081545	0.2017167381974249	311	0.7491961414790996
1028	2000	742	0.07951482479784366	0.3692722371967655	0	0.3221024258760108	0.22911051212938005	1242	0.5974235104669887
1028	5000	3990	0.2699248120300752	0.45588972431077696	0.01929824561403509	0.13333333333333333	0.12155388471177944	7813	0.5106873160117752
1028	10000	20124	0.31832637646591133	0.3814351023653349	0.11533492347445835	0.056797853309481214	0.12810574438481415	31270	0.6435561240805884
1029	500	77	0	1	0	0	0	77	1
1029	1000	311	0	0.9453376205787781	0	0.05466237942122187	0	311	1
1029	2000	1248	0	0.8822115384615384	0.022435897435897436	0.0953525641025641	0	1248	1
1029	5000	7824	0.08678425357873211	0.7148517382413088	0.05265848670756646	0.05086912065439673	0.09483640081799591	7824	1
1029	10000	31280	0.07794117647058824	0.7684143222506394	0.03152173913043478	0.05220588235294118	0.06991687979539642	31280	1
1030	500	78	0	1	0	0	0	78	1
1030	1000	314	0	0.964968152866242	0	0.03503184713375796	0	314	1
1030	2000	1262	0	0.8922345483359746	0.009508716323296355	0.098256735340729	0	1262	1
1030	5000	7829	0.09273214969983395	0.7067313833184314	0.05441307957593562	0.05351896793971133	0.09260441946608762	7829	1
1030	10000	31304	0.07813697929977	0.7704127268080756	0.03149757219524661	0.05168668540761564	0.0682660362892921	31304	1
1031	500	78	0.358974358974359	0.5256410256410257	0	0.11538461538461539	0	78	1
1031	1000	313	0.10543130990415335	0.6964856230031949	0	0.11182108626198083	0.08626198083067092	313	1
1031	2000	1249	0.02642113690952762	0.7469975980784628	0	0.11208967173738991	0.11449159327461969	1249	1
1031	5000	7816	0.028915046059365405	0.6956243602865916	0	0.05706243602865916	0.21839815762538384	7816	1
1031	10000	31301	0.04322545605571707	0.6886041979489473	0.0018849238043512986	0.040062617807737774	0.22622280438324655	31301	1
1032	500	77	0.2857142857142857	0.6883116883116883	0	0.012987012987012988	0.012987012987012988	77	1
1032	1000	308	0.10714285714285714	0.7337662337662337	0	0.07467532467532467	0.08441558441558442	308	1
1032	2000	1248	0.026442307692307692	0.75	0	0.11458333333333333	0.10897435897435898	1248	1
1032	5000	7806	0.02908019472200871	0.6924160901870356	0	0.06059441455290802	0.21790930053804766	7806	1
1032	10000	31287	0.04324479815897977	0.6897113817240388	0.0018857672515741363	0.04008054463515198	0.22507750823025538	31287	1
1033	500	77	0.8051948051948052	0.19480519480519481	0	0	0	77	1
1033	1000	311	0.7041800643086816	0.2797427652733119	0	0.01607717041800643	0	311	1
1033	2000	1248	0.6538461538461539	0.30528846153846156	0	0.040865384615384616	0	1248	1
1033	5000	7827	0.46761211192027596	0.44193177462629357	0.006771432221796346	0.08368468123163408	0	7827	1
1033	10000	31287	0.5046185316585163	0.39278294499312816	0.012976635663374564	0.077636078882603	0.011985808802377984	31287	1
1034	500	78	0	0.8974358974358975	0	0.10256410256410256	0	78	1
1034	1000	310	0.2161290322580645	0.6	0	0.18387096774193548	0	310	1
1034	2000	1249	0.2714171337069656	0.45876701361088873	0	0.2674139311449159	0.0024019215372297837	1249	1
1034	5000	7825	0.3404472843450479	0.5031309904153355	0.0028115015974440895	0.13942492012779553	0.014185303514376997	7825	1
1034	10000	31291	0.339554504490109	0.5144290690613914	0.007446230545524272	0.09338148349365633	0.045188712409318973	31291	1
1035	500	79	0	0.8607594936708861	0	0	0.13924050632911392	79	1
1035	1000	313	0	0.8370607028753994	0	0.06070287539936102	0.10223642172523961	313	1
1035	2000	1251	0.0015987210231814548	0.9040767386091128	0	0.03836930455635491	0.055955235811350916	1251	1
1035	5000	7822	0.061365379698286884	0.7763998977243671	0	0.053694707236001026	0.10854001534134493	7822	1
1035	10000	31305	0.08893148059415429	0.7460469573550551	0.006005430442421338	0.055709950487142626	0.10330618112122664	31305	1
1036	500	78	0.5256410256410257	0.47435897435897434	0	0	0	78	1
1036	1000	311	0.39228295819935693	0.6077170418006431	0	0	0	311	1
1036	2000	1252	0.33626198083067094	0.6317891373801917	0	0.03194888178913738	0	1252	1
1036	5000	7822	0.22705190488366148	0.6408846842239836	0	0.08949117872666837	0.04257223216568653	7822	1
1036	10000	31288	0.15715290207108157	0.6828496548197392	0.013487599079519304	0.08009460496036819	0.06641523906929174	31288	1
1037	500	78	0.47435897435897434	0.5256410256410257	0	0	0	78	1
1037	1000	312	0.34294871794871795	0.657051282051282	0	0	0	312	1
1037	2000	1250	0.3304	0.6464	0	0.0232	0	1250	1
1037	5000	7817	0.23013943968274275	0.6345145196366893	0	0.09031597799667392	0.045030062683894076	7817	1
1037	10000	31312	0.15629790495656617	0.683252427184466	0.012934338272866632	0.07990546755237608	0.06760986203372508	31312	1
1038	500	80	0.225	0.7375	0	0.0375	0	80	1
1038	1000	315	0.3968253968253968	0.5333333333333333	0	0.06984126984126984	0	315	1
1038	2000	1252	0.44009584664536744	0.4033546325878594	0	0.15654952076677317	0	1252	1
1038	5000	7832	0.4558222676200204	0.32711950970377934	0.013661899897854953	0.0843973442288049	0.11899897854954035	7832	1
1038	10000	31300	0.36610223642172524	0.22182108626198083	0.028690095846645367	0.030990415335463258	0.3523961661341853	31300	1
1039	500	78	0	0.9615384615384616	0	0.038461538461538464	0	78	1
1039	1000	310	0.1064516129032258	0.8096774193548387	0	0.08387096774193549	0	310	1
1039	2000	1249	0.03042433947157726	0.8526821457165733	0	0.11689351481184948	0	1249	1
1039	5000	7829	0.0602886703282667	0.7823476816962575	0.061055051730744665	0.09630859624473113	0	7829	1
1039	10000	31298	0.06326282829573775	0.7227618378171129	0.11809061281871046	0.06591475493641766	0.029969966132021214	31298	1
1040	500	79	0	0.9873417721518988	0	0.012658227848101266	0	79	1
1040	1000	313	0.08945686900958466	0.8210862619808307	0	0.08945686900958466	0	313	1
1040	2000	1252	0.03035143769968051	0.8570287539936102	7.987220447284345e-4	0.11182108626198083	0	1252	1
1040	5000	7818	0.06216423637759018	0.7825530826298286	0.06280378613456127	0.09247889485801995	0	7818	1
1040	10000	31305	0.0640472767928446	0.7230793802906884	0.11857530745887239	0.06535697172975563	0.028941063727839004	31305	1
1041	500	79	0.4430379746835443	0.4936708860759494	0.0379746835443038	0.02531645569620253	0	79	1
1041	1000	313	0.18210862619808307	0.5207667731629393	0.16613418530351437	0.12460063897763578	0.006389776357827476	313	1
1041	2000	1253	0.15003990422984836	0.37829209896249	0.25059856344772546	0.10534716679968077	0.11572226656025539	1253	1
1041	5000	7832	0.16611338100102144	0.6355975485188968	0.07073544433094994	0.03894279877425945	0.08861082737487232	7832	1
1041	10000	31285	0.16362474029087423	0.6703851686111555	0.05475467476426402	0.04177720952533163	0.06945820680837463	31285	1
1042	500	78	0	0.9230769230769231	0	0	0.07692307692307693	78	1
1042	1000	312	0	0.7852564102564102	0	0	0.21474358974358973	312	1
1042	2000	1255	0.004780876494023904	0.8772908366533865	0	0	0.11792828685258964	1255	1
1042	5000	7828	0.1327286663260092	0.7639243740419008	0.0062595809913132345	0.021589167092488502	0.0754982115482882	7828	1
1042	10000	31289	0.19086579948224616	0.6175333184186136	0.08939243823708012	0.046470005433219344	0.055738438428840804	31289	1
1043	500	73	0	0.9178082191780822	0	0	0.0821917808219178	73	1
1043	1000	309	0	0.7831715210355987	0	0	0.2168284789644013	309	1
1043	2000	1246	0.004815409309791332	0.8756019261637239	0	0	0.11958266452648475	1246	1
1043	5000	7812	0.13044034818228367	0.7676651305683564	0.005120327700972862	0.02124935995903738	0.07552483358934972	7812	1
1043	10000	31263	0.19009691968141254	0.6185266928957553	0.08956274189936986	0.046156798771710965	0.05565684675175127	31263	1
1044	500	74	0	1	0	0	0	74	1
1044	1000	310	0.02903225806451613	0.9709677419354839	0	0	0	310	1
1044	2000	1245	0.06506024096385542	0.8393574297188755	0.036947791164658635	0	0.058634538152610445	1245	1
1044	5000	7812	0.05849974398361495	0.7817460317460317	0.006784434203789043	0.07130056323604711	0.08166922683051715	7812	1
1044	10000	31285	0.2894997602684993	0.5967716157903149	0.018123701454371106	0.049832187949496565	0.045772734537318206	31285	1
1045	500	78	0	1	0	0	0	78	1
1045	1000	312	0.01282051282051282	0.9871794871794872	0	0	0	312	1
1045	2000	1251	0.0671462829736211	0.8473221422861711	0.03916866506794564	0	0.04636290967226219	1251	1
1045	5000	7821	0.05472445978775093	0.782636491497251	0.006776627029791587	0.07019562715765247	0.08566679452755402	7821	1
1045	10000	31316	0.28471069102056457	0.6018648614126964	0.017722569932302975	0.04997445395325074	0.045727423681185334	31316	1
1046	500	72	0.4861111111111111	0.5138888888888888	0	0	0	80	0.9
1046	1000	244	0.3401639344262295	0.6598360655737705	0	0	0	313	0.7795527156549521
1046	2000	917	0.17121046892039257	0.6793893129770993	0.14940021810250817	0	0	1249	0.734187349879904
1046	5000	6172	0.23460790667530784	0.6591056383668179	0.06804925469863901	0.03289047310434219	0.005346727154893065	7818	0.7894602200051164
1046	10000	26341	0.23860141983979347	0.633423180592992	0.07805322501044	0.020804069701226224	0.029118104855548384	31307	0.8413773277541764
1047	500	78	0.01282051282051282	0.9871794871794872	0	0	0	80	0.975
1047	1000	208	0.15865384615384615	0.8317307692307693	0.009615384615384616	0	0	315	0.6603174603174603
1047	2000	918	0.14161220043572983	0.710239651416122	0.14814814814814814	0	0	1253	0.7326416600159616
1047	5000	6319	0.24719101123595505	0.6559582212375376	0.06393416679854408	0.0313340718468112	0.001582528881152081	7827	0.8073335888590776
1047	10000	26437	0.2388319400839732	0.6323334720278397	0.07527329122063774	0.021220259484812952	0.032341037182736315	31306	0.8444707084903852
1048	500	78	0	0.9230769230769231	0	0	0.07692307692307693	78	1
1048	1000	316	0.07278481012658228	0.8069620253164557	0	0	0.12025316455696203	316	1
1048	2000	1255	0.22310756972111553	0.7123505976095618	0	0.030278884462151396	0.034262948207171316	1255	1
1048	5000	7833	0.25992595429592746	0.5848333971658368	0.02017107110940891	0.08821651985190859	0.04685305757691817	7833	1
1048	10000	31325	0.23080606544293694	0.6056504389465284	0.026177174780526734	0.09197126895450917	0.045395051875498804	31325	1
1049	500	78	0	0.5128205128205128	0.48717948717948717	0	0	78	1
1049	1000	313	0	0.865814696485623	0.13099041533546327	0.003194888178913738	0	313	1
1049	2000	1255	0.02390438247011952	0.8796812749003984	0.03266932270916335	0.018326693227091632	0.04541832669322709	1255	1
1049	5000	7825	0.08383386581469648	0.67629392971246	0.019169329073482427	0.044472843450479235	0.1762300319488818	7825	1
1049	10000	31291	0.12629829663481512	0.646799399188265	0.012367773481192675	0.04816081301332652	0.1663737176824007	31291	1
1050	500	78	0	0.5769230769230769	0.4230769230769231	0	0	78	1
1050	1000	313	0	0.865814696485623	0.13099041533546327	0.003194888178913738	0	313	1
1050	2000	1253	0.030327214684756583	0.8930566640063847	0.03272146847565842	0.018355945730247406	0.025538707102952914	1253	1
1050	5000	7830	0.08288633461047254	0.683397190293742	0.01685823754789272	0.044572158365261814	0.17228607918263092	7830	1
1050	10000	31293	0.12689738919247115	0.6467261048796855	0.012239158917329754	0.04787013070015658	0.16626721631035696	31293	1
1051	500	78	0.5897435897435898	0.3076923076923077	0	0.10256410256410256	0	78	1
1051	1000	315	0.5746031746031746	0.3523809523809524	0	0.07301587301587302	0	315	1
1051	2000	1254	0.5909090909090909	0.291866028708134	0	0.11722488038277512	0	1254	1
1051	5000	7825	0.7079872204472843	0.16370607028753995	0.019552715654952077	0.10875399361022364	0	7825	1
1051	10000	31318	0.5887668433488729	0.3208378568235519	0.014017497924516252	0.06785235327926432	0.008525448623794623	31318	1
1052	500	76	0	0.9078947368421053	0	0.09210526315789473	0	76	1
1052	1000	310	0.02903225806451613	0.8354838709677419	0	0.13548387096774195	0	310	1
1052	2000	1248	0.052884615384615384	0.8189102564102564	8.012820512820513e-4	0.12740384615384615	0	1248	1
1052	5000	7827	0.07039734253226013	0.7886802095311103	0.031174140794685064	0.10872620416506963	0.0010221029768749201	7827	1
1052	10000	31306	0.07005046955855107	0.7171149300453588	0.09790455503737303	0.07972912540727017	0.03520091995144701	31306	1
1053	500	79	1	0	0	0	0	79	1
1053	1000	317	0.9211356466876972	0	0	0.07886435331230283	0	317	1
1053	2000	1256	0.8781847133757962	0.02786624203821656	0	0.0804140127388535	0.013535031847133758	1256	1
1053	5000	7831	0.6429574766951858	0.2510535052994509	0.005235602094240838	0.07406461499169965	0.026688800919422807	7831	1
1053	10000	31327	0.5321288345516647	0.3402496249241868	0.028058862961662465	0.06962045519839116	0.02994222236409487	31327	1
1054	500	79	1	0	0	0	0	79	1
1054	1000	317	0.9369085173501577	0	0	0.06309148264984227	0	317	1
1054	2000	1254	0.8692185007974481	0.03269537480063796	0	0.07814992025518341	0.019936204146730464	1254	1
1054	5000	7828	0.6484414920797138	0.2468063362289218	0.005237608584568216	0.07281553398058252	0.02669902912621359	7828	1
1054	10000	31314	0.5324774861084499	0.3391454301590343	0.029060484128504822	0.06936194673309062	0.029954652870920355	31314	1
1055	500	80	0.8375	0.1625	0	0	0	80	1
1055	1000	313	0.46645367412140576	0.41533546325878595	0	0.1182108626198083	0	313	1
1055	2000	1254	0.30701754385964913	0.5247208931419458	0	0.1674641148325359	7.974481658692185e-4	1254	1
1055	5000	7835	0.17753669432035737	0.6735162731333759	0.0056158264199106574	0.11206126356094448	0.031269942565411615	7835	1
1055	10000	31329	0.19754859714641387	0.642918701522551	0.011746305340100226	0.09502377988445211	0.052762616106482814	31329	1
1056	500	77	0.5064935064935064	0.19480519480519481	0.2987012987012987	0	0	77	1
1056	1000	310	0.7064516129032258	0.10967741935483871	0.18387096774193548	0	0	310	1
1056	2000	1247	0.8861267040898155	0.03608660785886127	0.04731355252606255	0.030473135525260625	0	1247	1
1056	5000	7829	0.8109592540554349	0.043428279473751434	0.09605313577723847	0.04955933069357517	0	7829	1
1056	10000	31302	0.7150980768002044	0.15883969075458437	0.04491725768321513	0.066928630758418	0.014216344003578046	31302	1
1057	500	78	0.9358974358974359	0	0	0.0641025641025641	0	78	1
1057	1000	312	0.7692307692307693	0	0.016025641025641024	0.21474358974358973	0	312	1
1057	2000	1253	0.6799680766161214	0.13567438148443736	0.09896249002394254	0.0853950518754988	0	1253	1
1057	5000	7820	0.6202046035805626	0.27672634271099744	0.023017902813299233	0.07608695652173914	0.003964194373401534	7820	1
1057	10000	31286	0.5403055679856805	0.31442178610241	0.011378891516972448	0.07453813207185322	0.059355622323083806	31286	1
1058	500	78	0.05128205128205128	0.9487179487179487	0	0	0	78	1
1058	1000	312	0.2564102564102564	0.7019230769230769	0	0	0.041666666666666664	312	1
1058	2000	1254	0.3787878787878788	0.5095693779904307	0	0.0215311004784689	0.09011164274322168	1254	1
1058	5000	7818	0.23842414939882323	0.6382706574571502	0	0.09606037349705807	0.027244819646968534	7818	1
1058	10000	31308	0.1366423917209659	0.69870320684809	0.014660789574549636	0.07601890890507218	0.07397470295132234	31308	1
1059	500	79	0.5949367088607594	0.24050632911392406	0	0.16455696202531644	0	79	1
1059	1000	317	0.5520504731861199	0.22082018927444794	0	0.22712933753943218	0	317	1
1059	2000	1254	0.5757575757575758	0.23444976076555024	0.008771929824561403	0.1810207336523126	0	1254	1
1059	5000	7833	0.6471339205923656	0.2550746840291076	0.014426145793438018	0.08336524958508873	0	7833	1
1059	10000	31301	0.4664387719242197	0.2537299127823392	0.03223539184051628	0.03063799878598128	0.21695792466694355	31301	1
1060	500	77	0.4805194805194805	0.5194805194805194	0	0	0	77	1
1060	1000	310	0.3193548387096774	0.6806451612903226	0	0	0	310	1
1060	2000	1248	0.3349358974358974	0.6634615384615384	0	0.0016025641025641025	0	1248	1
1060	5000	7822	0.28291996931731017	0.5525441063666582	0.003068268984914344	0.052032728202505756	0.10943492712861161	7822	1
1060	10000	31314	0.29389410487321965	0.3466819952736795	0.011847735837005812	0.04094015456345405	0.30663600945264097	31314	1
1061	500	76	0.42105263157894735	0.5789473684210527	0	0	0	76	1
1061	1000	309	0.2750809061488673	0.7249190938511327	0	0	0	309	1
1061	2000	1251	0.3317346123101519	0.6610711430855316	0	0.007194244604316547	0	1251	1
1061	5000	7824	0.29256134969325154	0.5521472392638037	0.0035787321063394683	0.05125255623721881	0.1004601226993865	7824	1
1061	10000	31308	0.29743196627060176	0.3501980324517695	0.011850006388143606	0.04101188194710617	0.29950811294237895	31308	1
1064	500	80	0	0.9125	0	0.0875	0	80	1
1064	1000	316	0.0189873417721519	0.8259493670886076	0	0.1550632911392405	0	316	1
1064	2000	1265	0.05691699604743083	0.8173913043478261	0.0015810276679841897	0.1241106719367589	0	1265	1
1064	5000	7829	0.07012389832673394	0.7893728445523055	0.03142163750159663	0.10818750798313961	8.941116362242943e-4	7829	1
1064	10000	31314	0.06993676949607204	0.7168678546337102	0.09864597304719934	0.07942134508526538	0.035128057737753085	31314	1
1067	500	77	0.4935064935064935	0.19480519480519481	0	0.3116883116883117	0	77	1
1067	1000	311	0.4340836012861736	0.2282958199356913	0	0.21543408360128619	0.12218649517684887	311	1
1067	2000	1250	0.4976	0.0984	0.0272	0.2664	0.1104	1250	1
1067	5000	7660	0.5399477806788512	0.12075718015665797	0.1356396866840731	0.12114882506527415	0.0825065274151436	7825	0.9789137380191694
1067	10000	24289	0.4850343777018403	0.15500844003458356	0.0936637984272716	0.14726831075795627	0.11902507307834823	31300	0.7760063897763578
1068	500	77	0.5714285714285714	0.2077922077922078	0	0.14285714285714285	0.07792207792207792	77	1
1068	1000	310	0.3419354838709677	0.13870967741935483	0	0.20967741935483872	0.3096774193548387	310	1
1068	2000	1252	0.5383386581469649	0.09744408945686901	0	0.2539936102236422	0.11022364217252396	1252	1
1068	5000	7792	0.573023613963039	0.10651950718685832	0.11242299794661191	0.12718172484599588	0.08085215605749486	7826	0.9956555072834142
1068	10000	25125	0.48425870646766167	0.15713432835820895	0.09385074626865672	0.14809950248756218	0.11665671641791045	31293	0.8028952161825328
1069	500	80	0	0	0.025	0.975	0	80	1
1069	1000	317	0.138801261829653	0	0.26813880126182965	0.5930599369085173	0	317	1
1069	2000	1256	0.37261146496815284	0.1337579617834395	0.2340764331210191	0.25955414012738853	0	1256	1
1069	5000	7832	0.660367722165475	0.14415219611848826	0.06945863125638406	0.1260214504596527	0	7832	1
1069	10000	31317	0.6263371331864482	0.14353226681993805	0.06945109684835712	0.14477759683239136	0.015901906312865217	31317	1
1070	500	79	0.02531645569620253	0	0.10126582278481013	0.8734177215189873	0	79	1
1070	1000	313	0.08306709265175719	0.11182108626198083	0.25878594249201275	0.5463258785942492	0	313	1
1070	2000	1250	0.4072	0.104	0.1872	0.3016	0	1250	1
1070	5000	7826	0.6432404804497828	0.15001277791975468	0.06874520828009201	0.13800153335037055	0	7826	1
1070	10000	31311	0.6184088658937753	0.15336463223787167	0.06429050493436811	0.14736035259174093	0.01657564434224394	31311	1
1071	500	79	0.810126582278481	0.189873417721519	0	0	0	79	1
1071	1000	313	0.4217252396166134	0.5399361022364217	0	0.038338658146964855	0	313	1
1071	2000	1250	0.28	0.6888	0	0.0232	0.008	1250	1
1071	5000	7829	0.18789117384084814	0.7289564439902925	0.009324307063481927	0.05683995401711585	0.01698812108826159	7829	1
1071	10000	31309	0.2824746877894535	0.6239419975087036	0.017726532307004376	0.05586253154045163	0.019994250854386917	31309	1
1072	500	79	0.810126582278481	0.189873417721519	0	0	0	79	1
1072	1000	313	0.4217252396166134	0.5399361022364217	0	0.038338658146964855	0	313	1
1072	2000	1250	0.28	0.6888	0	0.0232	0.008	1250	1
1072	5000	7829	0.18789117384084814	0.7289564439902925	0.009324307063481927	0.05683995401711585	0.01698812108826159	7829	1
1072	10000	31309	0.2824746877894535	0.6239419975087036	0.017726532307004376	0.05586253154045163	0.019994250854386917	31309	1
1073	500	76	0.6973684210526315	0.3026315789473684	0	0	0	76	1
1073	1000	310	0.7806451612903226	0.21935483870967742	0	0	0	310	1
1073	2000	1248	0.3541666666666667	0.6322115384615384	0	0.013621794871794872	0	1248	1
1073	5000	7822	0.23906929174124264	0.687164408079775	0.008949117872666838	0.05599590897468678	0.00882127333162874	7822	1
1073	10000	31304	0.34008433427038076	0.5392282136468183	0.02581139790442116	0.06622156912854588	0.028654485049833887	31304	1
1074	500	76	0.6973684210526315	0.3026315789473684	0	0	0	76	1
1074	1000	310	0.7806451612903226	0.21935483870967742	0	0	0	310	1
1074	2000	1248	0.3541666666666667	0.6322115384615384	0	0.013621794871794872	0	1248	1
1074	5000	7822	0.23906929174124264	0.687164408079775	0.008949117872666838	0.05599590897468678	0.00882127333162874	7822	1
1074	10000	31304	0.34008433427038076	0.5392282136468183	0.02581139790442116	0.06622156912854588	0.028654485049833887	31304	1
1075	500	79	0.4810126582278481	0.5189873417721519	0	0	0	79	1
1075	1000	311	0.3311897106109325	0.6688102893890675	0	0	0	311	1
1075	2000	1253	0.27773343974461295	0.7198723064644852	0	0.0023942537909018356	0	1253	1
1075	5000	7824	0.22034764826175868	0.6894171779141104	0.018660531697341512	0.07157464212678936	0	7824	1
1075	10000	31304	0.3183618706874521	0.5336698185535395	0.030954510605673398	0.06801047789419883	0.049003322259136214	31304	1
1076	500	79	0.4810126582278481	0.5189873417721519	0	0	0	79	1
1076	1000	311	0.3311897106109325	0.6688102893890675	0	0	0	311	1
1076	2000	1253	0.27773343974461295	0.7198723064644852	0	0.0023942537909018356	0	1253	1
1076	5000	7824	0.22034764826175868	0.6894171779141104	0.018660531697341512	0.07157464212678936	0	7824	1
1076	10000	31304	0.3183618706874521	0.5336698185535395	0.030954510605673398	0.06801047789419883	0.049003322259136214	31304	1
1077	500	79	0.0759493670886076	0.5822784810126582	0.17721518987341772	0.16455696202531644	0	79	1
1077	1000	315	0.273015873015873	0.3619047619047619	0.25396825396825395	0.1111111111111111	0	315	1
1077	2000	1253	0.4485235434956105	0.2841181165203512	0.1636073423782921	0.10375099760574621	0	1253	1
1077	5000	7832	0.6746680286006129	0.12448927477017364	0.10776302349336057	0.09307967313585291	0	7832	1
1077	10000	31311	0.7180862955510843	0.061064801507457446	0.10475551723036633	0.10421257704959919	0.011880808661492766	31311	1
1078	500	78	0	0.6025641025641025	0.20512820512820512	0.19230769230769232	0	78	1
1078	1000	311	0.13183279742765272	0.5466237942122186	0.22186495176848875	0.09967845659163987	0	311	1
1078	2000	1252	0.3985623003194888	0.3466453674121406	0.134185303514377	0.12060702875399361	0	1252	1
1078	5000	7825	0.6687539936102237	0.12408945686900959	0.10747603833865815	0.09968051118210862	0	7825	1
1078	10000	31299	0.7153583181571296	0.0643471037413336	0.10297453592766542	0.10543467842423081	0.011885363749640564	31299	1
1080	500	79	1	0	0	0	0	79	1
1080	1000	312	0.9551282051282052	0.04487179487179487	0	0	0	312	1
1080	2000	1251	0.8097521982414069	0.19024780175859313	0	0	0	1251	1
1080	5000	7822	0.6552032728202506	0.3022244950140629	0.0033239580669905395	0.019048836614676552	0.020199437484019433	7822	1
1080	10000	31313	0.5023792035256922	0.2533133203461821	0.017277169226838692	0.017756203493756586	0.20927410340753042	31313	1
1081	500	80	0	1	0	0	0	80	1
1081	1000	312	0.02564102564102564	0.9743589743589743	0	0	0	312	1
1081	2000	1249	0.07766212970376302	0.8678943154523618	0.02802241793434748	0	0.02642113690952762	1249	1
1081	5000	7823	0.11888022497763007	0.7236354339767352	0.004473986961523712	0.04295027483062764	0.11006007925348332	7823	1
1081	10000	31314	0.10570351919269336	0.755157437567861	0.005939835217474612	0.06294309254646484	0.07025611547550617	31314	1
1082	500	79	0.45569620253164556	0.5063291139240507	0	0.0379746835443038	0	79	1
1082	1000	315	0.35555555555555557	0.20634920634920634	0	0.10158730158730159	0.33650793650793653	315	1
1082	2000	1252	0.24361022364217252	0.19968051118210864	0	0.054313099041533544	0.5023961661341853	1252	1
1082	5000	7834	0.43911156497319376	0.32958897115139135	0.02118968598417156	0.034975746744957875	0.17513403114628542	7834	1
1082	10000	31294	0.44759378794657123	0.3393302230459513	0.026362881063462646	0.019013229373042756	0.16769987857097207	31294	1
1083	500	81	0	1	0	0	0	81	1
1083	1000	317	0.04416403785488959	0.9558359621451105	0	0	0	317	1
1083	2000	1256	0.058121019108280256	0.8734076433121019	0.003980891719745223	0.042993630573248405	0.021496815286624203	1256	1
1083	5000	7833	0.09089748499936168	0.8243329503383122	0.015575130856632197	0.03855483212051577	0.030639601685178094	7833	1
1083	10000	31306	0.168050852871654	0.7212994314188973	0.009774484124448988	0.05098064268830256	0.049894588896697116	31306	1
1085	500	80	0.4375	0.1875	0.175	0.2	0	80	1
1085	1000	316	0.4588607594936709	0.14873417721518986	0.11075949367088607	0.28164556962025317	0	316	1
1085	2000	1254	0.47368421052631576	0.19298245614035087	0.027910685805422646	0.3054226475279107	0	1254	1
1085	5000	7832	0.4772727272727273	0.16509193054136875	0.06945863125638406	0.2640449438202247	0.0241317671092952	7832	1
1085	10000	31299	0.619029361960446	0.14773634940413433	0.06294130802901052	0.15099523946451962	0.019297741141889518	31299	1
1086	500	79	0.9493670886075949	0.05063291139240506	0	0	0	79	1
1086	1000	315	0.7714285714285715	0.2253968253968254	0.0031746031746031746	0	0	315	1
1086	2000	1253	0.6536312849162011	0.32561851556264965	0.020750199521149242	0	0	1253	1
1086	5000	7812	0.6719150025601639	0.28712237583205324	0.02572964669738863	0.015232974910394265	0	7820	0.9989769820971867
1086	10000	27141	0.6072362845878928	0.2968571533841789	0.024317453299436277	0.07158910872849195	0	31286	0.8675126254554753
1088	500	78	0.47435897435897434	0.5256410256410257	0	0	0	78	1
1088	1000	315	0.4634920634920635	0.5015873015873016	0	0.03492063492063492	0	315	1
1088	2000	1253	0.38786911412609737	0.5019952114924182	0.028731045490822026	0.055865921787709494	0.025538707102952914	1253	1
1088	5000	7831	0.20469927212361128	0.5974971268037288	0.007406461499169965	0.0736815221555357	0.11671561741795429	7831	1
1088	10000	31314	0.11106853164718657	0.7186242575205978	0.003289263588171425	0.07574886632177301	0.09126908092227119	31314	1
1089	500	78	0.5	0.2564102564102564	0.08974358974358974	0	0.15384615384615385	78	1
1089	1000	311	0.5369774919614148	0.1864951768488746	0.0932475884244373	0.05466237942122187	0.12861736334405144	311	1
1089	2000	1252	0.6972843450479234	0.1134185303514377	0.08067092651757188	0.019968051118210862	0.08865814696485623	1252	1
1089	5000	7823	0.6359452895308705	0.15352166687971366	0.11325578422600026	0.005240956154927777	0.0920363032084878	7823	1
1089	10000	31285	0.5896435991689308	0.23391401630174205	0.05456288956368867	0.010164615630493846	0.11171487933514464	31285	1
1090	500	77	0.6103896103896104	0	0.2857142857142857	0	0.1038961038961039	77	1
1090	1000	310	0.5580645161290323	0.035483870967741936	0.2903225806451613	0.025806451612903226	0.09032258064516129	310	1
1090	2000	1252	0.6022364217252396	0.14696485623003194	0.17092651757188498	0.019968051118210862	0.05990415335463259	1252	1
1090	5000	7813	0.613208754639703	0.17266094969921925	0.13016766926916679	0.011263279150134392	0.07269934724177653	7813	1
1090	10000	31287	0.6212804040016621	0.22402275705564612	0.05398408284591044	0.00818231214242337	0.09253044395435804	31287	1
1091	500	80	0	0.675	0	0.325	0	80	1
1091	1000	315	0.06031746031746032	0.6412698412698413	0	0.26666666666666666	0.031746031746031744	315	1
1091	2000	1252	0.15495207667731628	0.547923322683706	0	0.15175718849840256	0.14536741214057508	1252	1
1091	5000	7831	0.1810752138935002	0.5780870897714213	0.012131273145192184	0.087983654705657	0.14072276848422935	7831	1
1091	10000	31311	0.218900705822235	0.6300022356360384	0.00980486091150075	0.06384337772667753	0.07744881990354828	31311	1
1093	500	77	0.4935064935064935	0.5064935064935064	0	0	0	77	1
1093	1000	312	0.32371794871794873	0.6346153846153846	0	0.02564102564102564	0.016025641025641024	312	1
1093	2000	1255	0.1553784860557769	0.6438247011952192	0.005577689243027889	0.10199203187250996	0.09322709163346614	1255	1
1093	5000	7833	0.1856249202093706	0.6125367036895187	0.022213711221754116	0.0751946891357079	0.10442997574364866	7833	1
1093	10000	31308	0.2554938035007027	0.608853967037179	0.011307014181678805	0.05637536731825731	0.0679698479621822	31308	1
1094	500	77	0.44155844155844154	0.5584415584415584	0	0	0	77	1
1094	1000	312	0.6506410256410257	0.3141025641025641	0	0.035256410256410256	0	312	1
1094	2000	1252	0.7731629392971247	0.1477635782747604	0.052715654952076675	0.026357827476038338	0	1252	1
1094	5000	7830	0.5291187739463602	0.22158365261813537	0.23116219667943805	0.018135376756066413	0	7830	1
1094	10000	31304	0.5236072067467417	0.28900460005111167	0.16346153846153846	0.02309608995655507	8.305647840531562e-4	31304	1
1095	500	77	0.24675324675324675	0.7532467532467533	0	0	0	77	1
1095	1000	310	0.1	0.9	0	0	0	310	1
1095	2000	1249	0.03042433947157726	0.9511609287429944	0	0	0.018414731785428344	1249	1
1095	5000	7810	0.06325224071702945	0.7830985915492957	0	0.009218950064020487	0.14443021766965428	7810	1
1095	10000	31299	0.08338924566280073	0.818652353110323	0.009457171155627976	0.020575737244001406	0.06792549282724687	31299	1
1097	500	79	0.4050632911392405	0.5949367088607594	0	0	0	79	1
1097	1000	316	0.5474683544303798	0.4525316455696203	0	0	0	316	1
1097	2000	1252	0.3426517571884984	0.6190095846645367	0	0.038338658146964855	0	1252	1
1097	5000	7828	0.3239652529381707	0.5107307102708227	0.008175779253960144	0.11343893714869699	0.043689320388349516	7828	1
1097	10000	31303	0.3764175957575951	0.4637574673353992	0.03504456441874581	0.07213366131041753	0.05264671117784238	31303	1
1098	500	80	0.0875	0.6	0.125	0.1875	0	80	1
1098	1000	317	0.14511041009463724	0.5331230283911672	0.07570977917981073	0.21451104100946372	0.031545741324921134	317	1
1098	2000	1253	0.2194732641660016	0.4788507581803671	0.10614525139664804	0.09417398244213887	0.10135674381484437	1253	1
1098	5000	7834	0.13352055144243044	0.422644881286699	0.02131733469491958	0.022849119223895837	0.39966811335205515	7834	1
1098	10000	31304	0.09695246613851265	0.4159212880143113	0.007666751852798364	0.015940454893943266	0.46351903910043446	31304	1
1099	500	80	0.325	0.675	0	0	0	80	1
1099	1000	315	0.38095238095238093	0.6190476190476191	0	0	0	315	1
1099	2000	1253	0.2817238627294493	0.6983240223463687	0	0.019952114924181964	0	1253	1
1099	5000	7830	0.27381864623243934	0.6171136653895275	0.05887611749680715	0.04495530012771392	0.005236270753512133	7830	1
1099	10000	31309	0.3091762751924367	0.5820690536267527	0.02967197930307579	0.07346130505605417	0.005621386821680667	31309	1
1100	500	55	0	0.5454545454545454	0.45454545454545453	0	0	77	0.7142857142857143
1100	1000	194	0	0.7319587628865979	0.26804123711340205	0	0	311	0.6237942122186495
1100	2000	750	0.012	0.684	0.304	0	0	1252	0.5990415335463258
1100	5000	4634	0.1599050496331463	0.6642209753992231	0.12063012516184722	0.04833836858006042	0.0069054812257229176	7824	0.592280163599182
1100	10000	23836	0.20213123007215975	0.5979191139452928	0.08260614197012922	0.06502768920959892	0.052315824802819266	31286	0.7618743207824586
1101	500	77	0	0.8961038961038961	0	0	0.1038961038961039	77	1
1101	1000	309	0.025889967637540454	0.6051779935275081	0.061488673139158574	0	0.3074433656957929	309	1
1101	2000	1251	0.12470023980815348	0.5475619504396483	0.1286970423661071	0.03677058353317346	0.16227018385291767	1251	1
1101	5000	7820	0.1789002557544757	0.6179028132992327	0.06649616368286446	0.028005115089514067	0.10869565217391304	7820	1
1101	10000	31312	0.22042667347981604	0.5603921819110884	0.06748211548288197	0.03295861011752683	0.11874041900868676	31312	1
1102	500	81	0.654320987654321	0.1111111111111111	0.2345679012345679	0	0	81	1
1102	1000	316	0.5727848101265823	0.3291139240506329	0.0981012658227848	0	0	316	1
1102	2000	1254	0.5015948963317385	0.4609250398724083	0.024720893141945772	0.012759170653907496	0	1254	1
1102	5000	7832	0.4562053115423902	0.3816394279877426	0.06179775280898876	0.10035750766087845	0	7832	1
1102	10000	31313	0.3742854405518475	0.48561300418356595	0.07025835914795772	0.06390317120684699	0.0059400249097818795	31313	1
1103	500	79	0.5949367088607594	0.3670886075949367	0.0379746835443038	0	0	79	1
1103	1000	313	0.46645367412140576	0.4440894568690096	0.08945686900958466	0	0	313	1
1103	2000	1250	0.4296	0.5424	0.0248	0.0032	0	1250	1
1103	5000	7826	0.47482749808331204	0.37426526961410683	0.055583950932788145	0.095323281369793	0	7826	1
1103	10000	31319	0.3774705450365593	0.48516874740572813	0.0686164947795268	0.0647210958204285	0.004023116957757272	31319	1
1104	500	79	0.6708860759493671	0.189873417721519	0	0	0.13924050632911392	79	1
1104	1000	314	0.767515923566879	0.1337579617834395	0	0	0.09872611464968153	314	1
1104	2000	1255	0.9163346613545816	0.03346613545816733	0.014342629482071713	0	0.035856573705179286	1255	1
1104	5000	7831	0.8153492529689694	0.10445664666070745	0.061550249010343505	0.012897458817520113	0.005746392542459456	7831	1
1104	10000	31271	0.8585590483195292	0.06884973297943782	0.04064468677049023	0.015061878417703303	0.01688465351283937	31331	0.9980849637738981
1105	500	79	0.6835443037974683	0.08860759493670886	0	0	0.22784810126582278	79	1
1105	1000	315	0.7777777777777778	0.10476190476190476	0	0	0.11746031746031746	315	1
1105	2000	1254	0.9074960127591707	0.03349282296650718	0.023125996810207338	0	0.03588516746411483	1254	1
1105	5000	7832	0.8249489274770173	0.0953779366700715	0.06409601634320736	0.009831460674157303	0.005745658835546476	7832	1
1105	10000	31231	0.8621241714962697	0.06701674618167847	0.03989625692420992	0.015273286157984055	0.015689539239857834	31310	0.9974768444586394
2617	500	80	0	0.125	0.875	0	0	80	1
2617	1000	316	0	0.27531645569620256	0.7246835443037974	0	0	316	1
2617	2000	1264	0	0.3884493670886076	0.6115506329113924	0	0	1264	1
2617	5000	7823	0.0017895947846094848	0.42042694618432824	0.5303591972389109	3.834845967020325e-4	0.047040777195449315	7823	1
2617	10000	31299	0.03571999105402728	0.46650052717339213	0.43352822773890537	0.02153423432058532	0.042717019713089874	31299	1
2622	500	64	0	0.8125	0	0	0.1875	78	0.8205128205128205
2622	1000	203	0.014778325123152709	0.6995073891625616	0	0.04926108374384237	0.23645320197044334	313	0.6485623003194888
2622	2000	846	0.2765957446808511	0.5780141843971631	0.04728132387706856	0.03900709219858156	0.0591016548463357	1255	0.6741035856573705
2622	5000	5360	0.33246268656716416	0.5194029850746269	0.08880597014925373	0.027611940298507463	0.03171641791044776	7824	0.6850715746421268
2622	10000	17859	0.22436866565877148	0.649532448625343	0.08600705526625231	0.025981297945013717	0.01411053250461952	31301	0.570556851218811
2623	500	50	0	0.5	0.5	0	0	78	0.6410256410256411
2623	1000	196	0.09183673469387756	0.6122448979591837	0.29591836734693877	0	0	314	0.6242038216560509
2623	2000	863	0.10892236384704519	0.6952491309385863	0.1205098493626883	0.07531865585168018	0	1253	0.6887470071827614
2623	5000	5283	0.22032935831913686	0.7126632595116411	0.019685784592087828	0.0473215975771342	0	7826	0.675057500638896
2623	10000	19169	0.27528822578120926	0.632375189107413	0.011581198810579582	0.04215139026553289	0.03860399603526527	31295	0.6125259626138361
2624	500	79	0.4936708860759494	0.4430379746835443	0	0.06329113924050633	0	79	1
2624	1000	313	0.44089456869009586	0.36421725239616615	0	0.19488817891373802	0	313	1
2624	2000	1249	0.3450760608486789	0.41393114491593275	0	0.2409927942353883	0	1249	1
2624	5000	7826	0.2878865320725786	0.27740863787375414	0.012394582162024022	0.07155635062611806	0.3507538972655252	7826	1
2624	10000	31313	0.19982116054035065	0.33612237728738864	0.0076645482706862965	0.03861016191358222	0.4177817519879922	31313	1
2638	500	80	0.625	0.375	0	0	0	80	1
2638	1000	315	0.3111111111111111	0.6888888888888889	0	0	0	315	1
2638	2000	1257	0.15035799522673032	0.8027048528241846	0.0031821797931583136	0.04375497215592681	0	1257	1
2638	5000	7830	0.047126436781609195	0.8982120051085568	0.00983397190293742	0.02681992337164751	0.01800766283524904	7830	1
2638	10000	31294	0.06838371572825462	0.8228094842461814	0.008947402057902473	0.04125391448840033	0.0586054834792612	31294	1
2639	500	76	0.7368421052631579	0	0.06578947368421052	0.013157894736842105	0.18421052631578946	76	1
2639	1000	309	0.5792880258899676	0.11003236245954692	0.08737864077669903	0.05501618122977346	0.16828478964401294	309	1
2639	2000	1248	0.5280448717948718	0.2155448717948718	0.10336538461538461	0.028044871794871796	0.125	1248	1
2639	5000	7809	0.3994109360993725	0.4090152388269945	0.030605711358688694	0.023818670764502496	0.1371494429504418	7820	0.9985933503836317
2639	10000	28512	0.3115179573512907	0.48176206509539843	0.061658249158249155	0.04822530864197531	0.09683641975308642	31295	0.9110720562390158
2640	500	79	0.22784810126582278	0.5063291139240507	0	0	0.26582278481012656	79	1
2640	1000	315	0.18412698412698414	0.4507936507936508	0	0	0.36507936507936506	315	1
2640	2000	1252	0.39696485623003197	0.41134185303514376	0	0	0.19169329073482427	1252	1
2640	5000	7830	0.35670498084291186	0.4710089399744572	0.03218390804597701	0.03358876117496807	0.10651340996168582	7830	1
2640	10000	30222	0.26067103434584077	0.5522797961749719	0.05727615644232678	0.045231950234928195	0.08454106280193237	31284	0.9660529344073648
2643	500	76	0.4605263157894737	0.5	0	0.039473684210526314	0	76	1
2643	1000	310	0.41935483870967744	0.4096774193548387	0	0.17096774193548386	0	310	1
2643	2000	1246	0.24558587479935795	0.43258426966292135	0	0.20626003210272872	0.11556982343499198	1246	1
2643	5000	7825	0.2056230031948882	0.24728434504792332	0.002939297124600639	0.07156549520766774	0.47258785942492015	7825	1
2643	10000	31292	0.17966253355490222	0.30014061101879075	0.007509906685414802	0.035919723891090376	0.4767672248498019	31292	1
2644	500	78	0	0.5	0	0.5	0	78	1
2644	1000	312	0.01282051282051282	0.6282051282051282	0	0.358974358974359	0	312	1
2644	2000	1251	0.1806554756195044	0.586730615507594	0	0.23261390887290168	0	1251	1
2644	5000	7831	0.33469544119524963	0.4176988890307751	0.004086323585748946	0.0722768484229345	0.1712424977652918	7831	1
2644	10000	31291	0.24732351155284268	0.35019654213671664	0.00792560161068678	0.03457863283372216	0.3599757118660318	31291	1
2645	500	79	0	0.5443037974683544	0	0.45569620253164556	0	79	1
2645	1000	314	0.11464968152866242	0.49363057324840764	0	0.39171974522292996	0	314	1
2645	2000	1252	0.2731629392971246	0.43130990415335463	0	0.23242811501597443	0.06309904153354633	1252	1
2645	5000	7824	0.24501533742331288	0.2995910020449898	0.00408997955010225	0.07157464212678936	0.37972903885480574	7824	1
2645	10000	31314	0.1984735262183049	0.3134061442166443	0.00539694705243661	0.03343552404675225	0.4492878584658619	31314	1
2648	500	78	0.46153846153846156	0.5384615384615384	0	0	0	78	1
2648	1000	311	0.3183279742765273	0.6816720257234726	0	0	0	315	0.9873015873015873
2648	2000	1108	0.194043321299639	0.7373646209386282	0.02888086642599278	0.039711191335740074	0	1254	0.8835725677830941
2649	500	81	0.6172839506172839	0.38271604938271603	0	0	0	81	1
2649	1000	317	0.4416403785488959	0.5078864353312302	0.012618296529968454	0.03785488958990536	0	317	1
2649	2000	1254	0.44258373205741625	0.46730462519936206	0.0645933014354067	0.025518341307814992	0	1254	1
2649	5000	7828	0.3932038834951456	0.5187787429739397	0.03972917731221257	0.0482881962187021	0	7828	1
2649	10000	31299	0.46033419598070224	0.45975909773475193	0.04437841464583533	0.03418639573149302	0.001341895907217483	31299	1
2651	500	80	0	1	0	0	0	80	1
2651	1000	196	0	1	0	0	0	314	0.6242038216560509
2654	500	46	0.5	0.021739130434782608	0.4782608695652174	0	0	76	0.6052631578947368
2654	1000	184	0.32608695652173914	0.358695652173913	0.31521739130434784	0	0	309	0.5954692556634305
2654	2000	767	0.33376792698826596	0.4954367666232073	0.09126466753585398	0	0.07953063885267275	1248	0.6145833333333334
2654	5000	3986	0.16532865027596588	0.43100852985449073	0.045408931259407925	0	0.35825388861013546	7810	0.510371318822023
2655	500	77	0.35064935064935066	0.2077922077922078	0.44155844155844154	0	0	77	1
2655	1000	312	0.20512820512820512	0.20833333333333334	0.5	0	0.08653846153846154	312	1
2655	2000	1248	0.25080128205128205	0.1362179487179487	0.359775641025641	0	0.2532051282051282	1248	1
2655	5000	7819	0.2813659035682312	0.35631154879140553	0.2639723749840133	0.010103593809950122	0.08824657884639979	7819	1
2655	10000	30024	0.24660271782573942	0.3566480149213962	0.32377431388222755	0.01642019717559286	0.056554756195043965	31295	0.9593864834638121
2656	500	76	0.039473684210526314	0.5657894736842105	0	0	0.39473684210526316	77	0.987012987012987
2656	1000	251	0.17131474103585656	0.46613545816733065	0	0	0.36254980079681276	311	0.8070739549839229
2656	2000	953	0.20776495278069254	0.2497376705141658	0.0031479538300104933	0	0.5393494228751312	1245	0.7654618473895582
2656	5000	4238	0.14134025483718735	0.2744218971212836	0.04270882491741387	0.013213780084945729	0.5283152430391694	7802	0.5431940528069725
2660	500	78	0	1	0	0	0	78	1
2660	1000	312	0	1	0	0	0	312	1
2660	2000	1255	0	0.895617529880478	0	0.030278884462151396	0.07410358565737052	1255	1
2660	5000	7833	0.04851270266819865	0.6528788459083366	0.018128430997063703	0.03715051704327844	0.24332950338312268	7833	1
2660	10000	31330	0.04382381104372805	0.519789339291414	0.01975742100223428	0.024992020427705076	0.3916374082349186	31330	1
2664	500	58	0.6896551724137931	0	0	0	0.3103448275862069	79	0.7341772151898734
2664	1000	232	0.646551724137931	0	0	0	0.35344827586206895	314	0.7388535031847133
2664	2000	897	0.3411371237458194	0.046822742474916385	0	0	0.6120401337792643	1249	0.7181745396317054
2664	5000	5206	0.2120630042258932	0.24779101037264695	0.016903572800614674	0.009412216673069535	0.5138301959277757	7825	0.6653035143769968
2665	500	79	0	0.5189873417721519	0	0	0.4810126582278481	79	1
2665	1000	314	0	0.5191082802547771	0	0	0.48089171974522293	314	1
2665	2000	1259	0	0.5409054805401112	0	0	0.45909451945988883	1259	1
2665	5000	7833	0.028341631558789736	0.518958253542704	0.013021830716200689	0.036767522022213714	0.4029107621600919	7833	1
2665	10000	31323	0.035341442390575614	0.4670370015643457	0.021581585416467132	0.021038853238834084	0.4550011173897775	31323	1
2667	500	79	0	0	0	0	1	79	1
2667	1000	313	0	0.06070287539936102	0	0.003194888178913738	0.9361022364217252	313	1
2667	2000	1254	0.007177033492822967	0.42902711323763953	0.007177033492822967	0.14354066985645933	0.4130781499202552	1254	1
2667	5000	7823	0.16387575099066853	0.5183433465422472	0.041032851847117476	0.20874344880480633	0.06800460181516042	7823	1
2667	10000	31286	0.1714504890366298	0.6058620469219459	0.012050118263760148	0.1829572332672761	0.027680112510388034	31286	1
2668	500	79	0	0.8481012658227848	0.1518987341772152	0	0	79	1
2668	1000	317	0	0.5993690851735016	0.40063091482649843	0	0	317	1
2668	2000	1253	0	0.34477254588986433	0.6552274541101357	0	0	1253	1
2668	5000	7741	0.01963570598113939	0.15062653403952977	0.788270249321793	0.00516729104766826	0.036300219609869525	7829	0.9887597394303231
2668	10000	27475	0.026169244767970883	0.31956323930846225	0.5951592356687898	0.01732484076433121	0.04178343949044586	31298	0.8778516199118155
2670	500	80	0.25	0.75	0	0	0	80	1
2670	1000	315	0.09206349206349207	0.8952380952380953	0	0.012698412698412698	0	315	1
2670	2000	1253	0.05506783719074222	0.8914604948124502	0	0.0446927374301676	0.008778930566640064	1253	1
2670	5000	7823	0.10456346670075418	0.7824364054710469	0	0.07145596318547871	0.041544164642720184	7823	1
2670	10000	31314	0.11004662451299738	0.7509420706393306	0.029571437695599414	0.05435268569968704	0.05508718145238552	31314	1
2673	500	79	0	0	0.379746835443038	0.620253164556962	0	79	1
2673	1000	293	0	0	0.3412969283276451	0.658703071672355	0	315	0.9301587301587302
2673	2000	790	0.0379746835443038	0.053164556962025315	0.36455696202531646	0.5443037974683544	0	1253	0.6304868316041501
2676	500	79	0.5063291139240507	0.4936708860759494	0	0	0	79	1
2676	1000	315	0.5650793650793651	0.3682539682539683	0	0.06666666666666667	0	315	1
2676	2000	1249	0.7421937550040032	0.1313050440352282	0.01200960768614892	0.11449159327461969	0	1249	1
2676	5000	7671	0.7163342458610351	0.18889323425889715	0.011080693521053318	0.08369182635901447	0	7826	0.9801942243802709
2676	10000	22053	0.5667709608670022	0.32340271164920875	0.022899378769328436	0.08692694871446062	0	31267	0.7053123101033038
2680	500	79	0	0.22784810126582278	0.7721518987341772	0	0	79	1
2680	1000	315	0	0.27936507936507937	0.7206349206349206	0	0	315	1
2680	2000	1237	0	0.4074373484236055	0.5852869846402587	0.007275666936135812	0	1257	0.9840891010342084
2680	5000	7302	0.0843604491920022	0.6344837030950424	0.22980005477951246	0.046562585592988225	0.00479320734045467	7827	0.9329244921425833
2680	10000	29740	0.18328850033624747	0.6675184936112979	0.07854741089441829	0.04774714189643578	0.02289845326160054	31284	0.9506456974811405
2681	500	80	0	0.15	0.85	0	0	80	1
2681	1000	315	0	0.33650793650793653	0.6634920634920635	0	0	315	1
2681	2000	1253	0	0.44533120510774143	0.49561053471668	0	0.05905826017557861	1253	1
2681	5000	7825	0.05009584664536741	0.4892012779552716	0.3768690095846645	0.012779552715654952	0.07105431309904153	7825	1
2681	10000	30863	0.07808702977675534	0.4609726857402067	0.397984641804102	0.008327123092375984	0.05462851958655996	31294	0.9862273918323001
2682	500	79	0.3037974683544304	0.46835443037974683	0.22784810126582278	0	0	79	1
2682	1000	316	0.25	0.6107594936708861	0.13291139240506328	0	0.006329113924050633	316	1
2682	2000	1256	0.160828025477707	0.643312101910828	0.03821656050955414	0	0.15764331210191082	1256	1
2682	5000	7831	0.16932703358447196	0.7170220916868855	0.03383986719448346	0.02400715106627506	0.05580385646788405	7831	1
2682	10000	31306	0.24995208586213505	0.6385357439468472	0.016674119977001214	0.028780425477544242	0.06605762473647224	31306	1
2683	500	79	0	0.7468354430379747	0	0	0.25316455696202533	79	1
2683	1000	316	0.06962025316455696	0.6645569620253164	0	0	0.26582278481012656	316	1
2683	2000	1256	0.07802547770700637	0.6839171974522293	0.034235668789808917	0.024681528662420384	0.17914012738853502	1256	1
2683	5000	7830	0.142911877394636	0.6893997445721584	0.016602809706257982	0.03397190293742018	0.11711366538952746	7830	1
2683	10000	31284	0.16637897967011891	0.6799961641733794	0.01307377573200358	0.03206111750415548	0.10848996292034267	31284	1
2684	500	79	0.0379746835443038	0.5949367088607594	0.22784810126582278	0	0.13924050632911392	79	1
2684	1000	315	0.047619047619047616	0.7555555555555555	0.08253968253968254	0.022222222222222223	0.09206349206349207	315	1
2684	2000	1253	0.060654429369513166	0.7916999201915403	0.02314445331205108	0.05027932960893855	0.0742218675179569	1253	1
2684	5000	7825	0.11680511182108626	0.745814696485623	0.01891373801916933	0.046517571884984024	0.07194888178913739	7825	1
2684	10000	28800	0.17857638888888888	0.7060069444444445	0.049166666666666664	0.02701388888888889	0.03923611111111111	31292	0.9203630320848779
2685	500	58	0	0.9137931034482759	0	0.08620689655172414	0	79	0.7341772151898734
2688	500	80	0.375	0.625	0	0	0	80	1
2688	1000	315	0.3968253968253968	0.6031746031746031	0	0	0	315	1
2688	2000	1253	0.20510774142059057	0.6735833998403831	0	0.03750997605746209	0.08379888268156424	1253	1
2688	5000	7829	0.044194660876229405	0.7340656533401456	0	0.09094392642738536	0.13079575935623963	7829	1
2688	10000	31314	0.08893785527240212	0.7246598965319027	0.0025867024334163633	0.09063038896340295	0.0931851567988759	31314	1
2689	500	80	0.375	0.625	0	0	0	80	1
2689	1000	315	0.3968253968253968	0.6031746031746031	0	0	0	315	1
2689	2000	1254	0.20414673046251994	0.6746411483253588	0	0.037480063795853266	0.08373205741626795	1254	1
2689	5000	7831	0.044183373770910486	0.7338781764780998	0	0.09104839739496871	0.13089005235602094	7831	1
2689	10000	31309	0.08898399821137692	0.7246478648311987	0.002587115525887125	0.09061292280175029	0.09316809862978696	31309	1
2690	500	76	0	1	0	0	0	76	1
2690	1000	312	0.01282051282051282	0.9551282051282052	0	0.03205128205128205	0	312	1
2690	2000	1250	0.0432	0.9368	0	0.02	0	1250	1
2690	5000	7820	0.04872122762148338	0.8842710997442456	7.672634271099745e-4	0.021739130434782608	0.044501278772378514	7820	1
2690	10000	31287	0.08962188768498099	0.8299613257902644	9.269025473838975e-4	0.01761114840029405	0.06187873557707674	31287	1
2692	500	76	0.7631578947368421	0.21052631578947367	0.02631578947368421	0	0	76	1
2692	1000	309	0.7605177993527508	0.16181229773462782	0.07766990291262135	0	0	309	1
2692	2000	1247	0.7113071371291099	0.24859663191659984	0.03929430633520449	8.019246190858059e-4	0	1247	1
2692	5000	7819	0.6232254764036321	0.34249904079805604	0.013556720808287504	0.0207187619900243	0	7819	1
2692	10000	31302	0.6663791451025494	0.2515813686026452	0.011692543607437225	0.024950482397290908	0.04539646029007731	31302	1
2693	500	58	0	0.4482758620689655	0	0	0.5517241379310345	78	0.7435897435897436
2693	1000	189	0	0.6137566137566137	0.031746031746031744	0	0.3544973544973545	312	0.6057692307692307
2694	500	76	0.11842105263157894	0	0.881578947368421	0	0	76	1
2694	1000	310	0.4645161290322581	0.06774193548387097	0.46774193548387094	0	0	310	1
2694	2000	1246	0.48314606741573035	0.3362760834670947	0.17415730337078653	0.006420545746388443	0	1246	1
2694	5000	7812	0.4138504864311316	0.49449564772145416	0.042242703533026116	0.025217613927291348	0.024193548387096774	7812	1
2694	10000	31305	0.21926209870627694	0.6723846030985465	0.01558856412713624	0.032614598306979714	0.060150135761060534	31305	1
2696	500	81	0	0.7283950617283951	0	0.2716049382716049	0	81	1
2696	1000	317	0	0.6277602523659306	0	0.3722397476340694	0	317	1
2696	2000	1256	0.07484076433121019	0.7062101910828026	0	0.21496815286624205	0.003980891719745223	1256	1
2696	5000	7830	0.15108556832694764	0.6597701149425287	0.0016602809706257981	0.11417624521072797	0.07330779054916986	7830	1
2696	10000	31314	0.1296864022481957	0.7058184837452897	0.004534712907964489	0.0818803091269081	0.07808009197164208	31314	1
2699	500	76	0.6052631578947368	0.39473684210526316	0	0	0	76	1
2699	1000	311	0.33762057877813506	0.662379421221865	0	0	0	311	1
2699	2000	1248	0.27724358974358976	0.6971153846153846	0.02564102564102564	0	0	1248	1
2699	5000	7802	0.3595231991796975	0.6013842604460394	0.022045629325813894	0.01448346577800564	0.002563445270443476	7820	0.9976982097186701
2699	10000	24395	0.3730682516909203	0.43385939741750357	0.06673498667759786	0.06325066612010657	0.0630866980938717	31272	0.7800908160654899
2700	500	77	0.4675324675324675	0.45454545454545453	0	0.07792207792207792	0	77	1
2700	1000	311	0.3086816720257235	0.4340836012861736	0	0.07395498392282958	0.1832797427652733	311	1
2700	2000	1249	0.20176140912730184	0.4699759807846277	0.03122497998398719	0.02241793434747798	0.2746196957566053	1249	1
2700	5000	7824	0.1142638036809816	0.6071063394683026	0.05547034764826176	0.05662065439672802	0.16653885480572597	7824	1
2700	10000	31313	0.03404336856896497	0.7197968894708268	0.014658448567687542	0.0931242614888385	0.13837703190368217	31313	1
2703	500	80	0.275	0.725	0	0	0	80	1
2703	1000	317	0.3659305993690852	0.5930599369085173	0	0.04100946372239748	0	317	1
2703	2000	1253	0.3304070231444533	0.5913806863527534	0.0111731843575419	0.053471667996807665	0.013567438148443736	1253	1
2703	5000	6827	0.3285484107221327	0.48571847077779406	0.03984180459938479	0.05507543576973781	0.09081587813095064	7826	0.8723485816509072
2703	10000	19318	0.34165027435552336	0.4441971218552645	0.03597680919349829	0.0590640853090382	0.11911170928667564	31279	0.6176028645417053
2704	500	78	0	0.11538461538461539	0.8846153846153846	0	0	78	1
2704	1000	312	0.08333333333333333	0.3076923076923077	0.5833333333333334	0.003205128205128205	0.022435897435897436	312	1
2704	2000	1253	0.11731843575418995	0.3192338387869114	0.475658419792498	0.025538707102952914	0.06225059856344772	1253	1
2704	5000	7814	0.2690043511645764	0.45866393652418735	0.17762989506014845	0.04747888405426158	0.04722293319682621	7814	1
2704	10000	31280	0.2842071611253197	0.5312340153452686	0.10834398976982097	0.03296035805626599	0.04325447570332481	31290	0.9996804090763822
2707	500	79	0.27848101265822783	0.22784810126582278	0.4936708860759494	0	0	79	1
2707	1000	314	0.37261146496815284	0.22611464968152867	0.4012738853503185	0	0	314	1
2707	2000	1258	0.5246422893481717	0.16216216216216217	0.31319554848966613	0	0	1258	1
2707	5000	7832	0.3812563840653728	0.27132277834525026	0.3336312563840654	0.013789581205311542	0	7832	1
2707	10000	31299	0.49490399054282885	0.2907441132304546	0.1745103677433784	0.025815521262660148	0.014026007220677978	31299	1
2708	500	71	0	0	1	0	0	78	0.9102564102564102
2708	1000	206	0	0	0.8203883495145631	0	0.1796116504854369	313	0.65814696485623
2709	500	79	0.21518987341772153	0.2911392405063291	0	0.20253164556962025	0.2911392405063291	79	1
2709	1000	301	0.33222591362126247	0.11960132890365449	0	0.21262458471760798	0.33554817275747506	314	0.9585987261146497
2709	2000	974	0.3295687885010267	0.14989733059548255	0	0.17761806981519507	0.34291581108829566	1260	0.773015873015873
2709	5000	4636	0.3056514236410699	0.3826574633304573	0.030629853321829163	0.10720448662640207	0.17385677308024158	7825	0.5924600638977636
2709	10000	15790	0.27441418619379354	0.4533882203926536	0.042241925269157696	0.052691576947435086	0.1772640911969601	31283	0.5047469871815363
2710	500	77	0	0.38961038961038963	0	0.6103896103896104	0	77	1
2710	1000	311	0.2733118971061093	0.5048231511254019	0	0.21543408360128619	0.006430868167202572	311	1
2710	2000	1252	0.3865814696485623	0.4784345047923323	7.987220447284345e-4	0.08306709265175719	0.051118210862619806	1252	1
2710	5000	6434	0.3270127447932857	0.45539322350015543	0.028442648430214486	0.07615791109729561	0.1129934721790488	7818	0.8229726272704017
2710	10000	18488	0.3491453916053656	0.43503894418000866	0.0441367373431415	0.05095196884465599	0.12072695802682822	31284	0.5909730213527682
2711	500	79	0	0.5822784810126582	0	0.4177215189873418	0	79	1
2711	1000	313	0.0670926517571885	0.792332268370607	0.012779552715654952	0.12779552715654952	0	313	1
2711	2000	1253	0.2857142857142857	0.5522745411013568	0.04628890662410216	0.052673583399840386	0.06304868316041501	1253	1
2711	5000	7840	0.2211734693877551	0.4572704081632653	0.010714285714285714	0.048852040816326534	0.26198979591836735	7840	1
2711	10000	31313	0.25168460383866126	0.430332449781241	0.014051671829591543	0.043719860760706414	0.2602114137897998	31313	1
2712	500	79	0.12658227848101267	0.35443037974683544	0.21518987341772153	0	0.3037974683544304	79	1
2712	1000	313	0.16613418530351437	0.2939297124600639	0.16932907348242812	0	0.3706070287539936	313	1
2712	2000	1252	0.07747603833865814	0.3738019169329074	0.0670926517571885	0.04233226837060703	0.43929712460063897	1252	1
2712	5000	7819	0.10193119324721832	0.4042716459905359	0.010743061772605193	0.047960097199130323	0.4350940017905103	7819	1
2712	10000	31320	0.19722222222222222	0.3946360153256705	0.01219667943805875	0.03847381864623244	0.35747126436781607	31320	1
2713	500	79	0	0	1	0	0	79	1
2713	1000	315	0	0.09523809523809523	0.9047619047619048	0	0	315	1
2713	2000	1224	0	0.26715686274509803	0.7328431372549019	0	0	1250	0.9792
2713	5000	7346	0.07119520827661312	0.6640348488973591	0.22229784916961612	0.03539341138034304	0.007078682276068609	7822	0.9391459984658656
2713	10000	29927	0.16891101680756507	0.6800882146556622	0.07922611688441875	0.043672937481204266	0.0281017141711498	31298	0.9561952840437089
2717	500	78	0.48717948717948717	0	0.5128205128205128	0	0	78	1
2717	1000	312	0.3108974358974359	0	0.6891025641025641	0	0	312	1
2717	2000	1253	0.3687150837988827	0.15802075019952114	0.45570630486831604	0	0.017557861133280128	1253	1
2717	5000	7824	0.3512269938650307	0.3532719836400818	0.21242331288343558	0.03156952965235174	0.0515081799591002	7824	1
2717	10000	31305	0.38137677687270405	0.39952084331576426	0.14646222648139276	0.018399616674652612	0.054240536655486345	31305	1
2722	500	78	0.19230769230769232	0.7435897435897436	0.0641025641025641	0	0	78	1
2722	1000	310	0.267741935483871	0.6516129032258065	0.08064516129032258	0	0	310	1
2722	2000	1248	0.3189102564102564	0.5560897435897436	0.055288461538461536	0.06971153846153846	0	1248	1
2722	5000	7810	0.364404609475032	0.5439180537772087	0.030345710627400768	0.061331626120358515	0	7810	1
2722	10000	29249	0.27385551642791206	0.5827549659817429	0.07658381483127628	0.04444596396457998	0.0223597387944887	31301	0.9344429890418836
2723	500	78	0.21794871794871795	0.782051282051282	0	0	0	78	1
2723	1000	314	0.1751592356687898	0.8248407643312102	0	0	0	314	1
2723	2000	1257	0.35879077167859985	0.5791567223548131	0	0.031026252983293555	0.031026252983293555	1257	1
2723	5000	7757	0.31932448111383266	0.5990718061106097	0.030166301405182415	0.02952172231532809	0.021915689055047056	7828	0.990929994890138
2723	10000	26222	0.3069559911524674	0.649340248646175	0.01578826939211349	0.019563725116314545	0.008351765692929601	31301	0.8377368135203348
2725	500	77	0.935064935064935	0.06493506493506493	0	0	0	77	1
2725	1000	312	0.483974358974359	0.3814102564102564	0	0	0.1346153846153846	312	1
2725	2000	1249	0.5364291433146517	0.32986389111289033	0	0	0.13370696557245795	1249	1
2725	5000	7819	0.33917380739224967	0.5640107430617726	0	0.02557871850620284	0.0712367310397749	7819	1
2725	10000	31309	0.232265482768533	0.5961225206809544	0.01207320578747325	0.019227698105975917	0.14031109265706346	31309	1
2728	500	80	0	0.4875	0.5125	0	0	80	1
2728	1000	313	0.038338658146964855	0.7060702875399361	0.25559105431309903	0	0	313	1
2728	2000	1248	0.1794871794871795	0.6738782051282052	0.10977564102564102	0.03685897435897436	0	1248	1
2728	5000	7821	0.24971231300345226	0.6144994246260069	0.040787623066104076	0.08106380258278992	0.013936836721646848	7821	1
2728	10000	31300	0.38670926517571885	0.5008306709265176	0.04	0.05910543130990415	0.013354632587859424	31300	1
2732	500	74	0.8513513513513513	0.14864864864864866	0	0	0	74	1
2732	1000	310	0.7580645161290323	0.24193548387096775	0	0	0	310	1
2732	2000	1245	0.5759036144578313	0.38072289156626504	0	0.043373493975903614	0	1245	1
2732	5000	7815	0.3393474088291747	0.4099808061420345	0.00345489443378119	0.072552783109405	0.1746641074856046	7815	1
2732	10000	31287	0.4214210374916099	0.36756480327292484	0.012816824879342858	0.08562661808418832	0.11257071627193403	31287	1
2740	500	62	0	0.41935483870967744	0	0	0.5806451612903226	79	0.7848101265822784
2740	1000	201	0.12437810945273632	0.47761194029850745	0	0	0.39800995024875624	316	0.6360759493670886
2740	2000	927	0.10571736785329018	0.6839266450916937	0	0	0.21035598705501618	1249	0.7421937550040032
2740	5000	6143	0.2624125020348364	0.5147322155298714	0.04216181019046069	0.018720494872212275	0.16197297737261923	7820	0.7855498721227622
2740	10000	24595	0.2597682455783696	0.4546859117706851	0.05537710916853019	0.01321406789997967	0.21695466558243545	31282	0.7862348954670417
2741	500	74	0.10810810810810811	0.8918918918918919	0	0	0	74	1
2741	1000	308	0.2662337662337662	0.7337662337662337	0	0	0	308	1
2741	2000	1245	0.42730923694779116	0.5622489959839357	0.00963855421686747	0	8.032128514056225e-4	1245	1
2741	5000	7811	0.3975163231340417	0.3799769555754705	0.044424529509665855	0.005249007809499424	0.1728331839713225	7811	1
2741	10000	31291	0.2501038637307852	0.3129014732670736	0.014221341599821035	0.0060400754210475855	0.4167332459812726	31291	1
2743	500	79	0	0.8354430379746836	0.13924050632911392	0.02531645569620253	0	79	1
2743	1000	293	0	0.6075085324232082	0.17747440273037543	0.2150170648464164	0	316	0.9272151898734177
2743	2000	943	0	0.6203605514316013	0.19618239660657477	0.18345705196182396	0	1254	0.751993620414673
2743	5000	5461	0.29866324848928766	0.29628273210034795	0.2100347921626076	0.17414392968320822	0.020875297564548617	7839	0.6966449802270698
2743	10000	19397	0.5114192916430376	0.14141362066298913	0.0831056348919936	0.15363200494921894	0.11042944785276074	31299	0.6197322598166075
2744	500	76	0.3157894736842105	0.02631578947368421	0.6578947368421053	0	0	78	0.9743589743589743
2744	1000	259	0.416988416988417	0.23552123552123552	0.3474903474903475	0	0	312	0.8301282051282052
2744	2000	798	0.2857142857142857	0.35964912280701755	0.3007518796992481	0.05388471177944862	0	1254	0.6363636363636364
2746	500	78	0.46153846153846156	0.5384615384615384	0	0	0	78	1
2746	1000	313	0.2939297124600639	0.6932907348242812	0	0.012779552715654952	0	313	1
2746	2000	1254	0.11961722488038277	0.7759170653907496	0	0.07814992025518341	0.02631578947368421	1254	1
2746	5000	7834	0.10518253765636967	0.7370436558590758	0.026167985703344398	0.041741128414603014	0.0898646923666071	7834	1
2746	10000	31320	0.10395913154533844	0.7682630906768838	0.012739463601532566	0.05459770114942529	0.060440613026819925	31320	1
2747	5000	4130	0.024939467312348668	0.6026634382566586	0.3387409200968523	0	0.033656174334140435	7810	0.528809218950064
2748	500	79	0.6835443037974683	0.31645569620253167	0	0	0	79	1
2748	1000	315	0.5650793650793651	0.4222222222222222	0	0.012698412698412698	0	315	1
2748	2000	1252	0.5646964856230032	0.3777955271565495	0	0.05750798722044728	0	1252	1
2748	5000	7830	0.4646232439335888	0.41008939974457215	0.0035759897828863347	0.09016602809706258	0.03154533844189017	7830	1
2748	10000	31326	0.38147225946498114	0.4454766009065952	0.029911255825831578	0.06508970184511269	0.07805018195747941	31326	1
2750	500	78	0.7564102564102564	0	0.24358974358974358	0	0	78	1
2750	1000	313	0.28434504792332266	0.08626198083067092	0.6293929712460063	0	0	313	1
2750	2000	1257	0.18854415274463007	0.42561654733492443	0.3850437549721559	7.955449482895784e-4	0	1257	1
2750	5000	7828	0.3045477772100153	0.3690597853857946	0.3134900357690342	0.01290240163515585	0	7828	1
2750	10000	31307	0.39824959274283706	0.3382630082729102	0.177500239563037	0.03178202957804964	0.05420512984316606	31307	1
2752	500	78	0	0.46153846153846156	0.5384615384615384	0	0	78	1
2752	1000	313	0	0.5878594249201278	0.41214057507987223	0	0	313	1
2752	2000	1254	0	0.5653907496012759	0.43460925039872406	0	0	1254	1
2752	5000	7825	0.017763578274760383	0.5831309904153354	0.33686900958466454	0.02453674121405751	0.03769968051118211	7825	1
2752	10000	31282	0.0716066747650406	0.6897257208618375	0.15405025254139762	0.03097628028898408	0.05364107154274023	31282	1
2753	500	78	0	1	0	0	0	78	1
2753	1000	314	0	0.9904458598726115	0	0	0.009554140127388535	314	1
2753	2000	1254	0	0.9433811802232854	0	0.01674641148325359	0.03987240829346093	1254	1
2753	5000	7819	0	0.9066376774523597	0	0.010103593809950122	0.08325872873769025	7819	1
2753	10000	31321	0.02202994795823888	0.852750550748699	0.0011813160499345486	0.030363015229398806	0.09367517001372881	31321	1
2754	500	79	0.22784810126582278	0.16455696202531644	0	0	0.6075949367088608	79	1
2754	1000	310	0.44516129032258067	0.18387096774193548	0	0	0.3709677419354839	314	0.9872611464968153
2754	2000	1088	0.2931985294117647	0.28400735294117646	0	0.01838235294117647	0.40441176470588236	1260	0.8634920634920635
2754	5000	5115	0.24437927663734116	0.3300097751710655	0	0.037341153470185726	0.3882697947214076	7828	0.6534236075625958
2755	500	75	0	0	1	0	0	75	1
2755	1000	309	0	0.032362459546925564	0.9676375404530745	0	0	311	0.9935691318327974
2755	2000	1089	0.08172635445362718	0.2644628099173554	0.6538108356290174	0	0	1248	0.8725961538461539
2755	5000	5405	0.2651248843663275	0.4706753006475486	0.25975948196114707	0.004440333024976873	0	7821	0.6910880961513873
2755	10000	24475	0.2755464759959142	0.5877834525025536	0.10042900919305414	0.011235955056179775	0.025005107252298264	31269	0.7827241037449231
2758	500	79	0.20253164556962025	0.6835443037974683	0.11392405063291139	0	0	79	1
2758	1000	315	0.33015873015873015	0.38412698412698415	0.2857142857142857	0	0	315	1
2758	2000	1258	0.26629570747217807	0.3298887122416534	0.28298887122416533	0	0.12082670906200318	1258	1
2758	5000	7828	0.20516096065406234	0.39767501277465506	0.21563617782319877	0.026188042922841083	0.1553398058252427	7828	1
2758	10000	31308	0.3306503130190367	0.3596844257058899	0.07534815382649802	0.019739363740896895	0.21457774370767854	31308	1
2759	500	77	0.16883116883116883	0.7402597402597403	0.025974025974025976	0	0.06493506493506493	77	1
2759	1000	311	0.09967845659163987	0.6913183279742765	0.07395498392282958	0.028938906752411574	0.10610932475884244	311	1
2759	2000	1243	0.1335478680611424	0.6950925181013676	0.02574416733708769	0.03700724054706356	0.1086082059533387	1243	1
2759	5000	7817	0.08609440962005885	0.7391582448509658	0.004733273634386593	0.040552641678393245	0.12946143021619547	7817	1
2759	10000	31275	0.11478816946442846	0.6420783373301359	0.04393285371702638	0.03181454836131095	0.16738609112709832	31275	1
2762	500	78	0.3717948717948718	0.6282051282051282	0	0	0	78	1
2762	1000	311	0.4887459807073955	0.4340836012861736	0	0.05787781350482315	0.01929260450160772	311	1
2762	2000	1252	0.5343450479233227	0.31789137380191695	0	0.0439297124600639	0.10383386581469649	1252	1
2762	5000	7829	0.36007152893089794	0.5102822838165794	0.006897432622301699	0.06284327500319326	0.05990547962702772	7829	1
2762	10000	31286	0.29287860384836667	0.5754650642459886	0.0198171706194464	0.05347439749408681	0.05836476379211149	31286	1
2764	500	78	0.3333333333333333	0.6666666666666666	0	0	0	78	1
2764	1000	316	0.4050632911392405	0.4810126582278481	0	0.11392405063291139	0	316	1
2764	2000	1251	0.2509992006394884	0.530775379696243	0	0.06634692246203037	0.1518784972022382	1251	1
2764	5000	7829	0.07599948907906501	0.6567888619236173	0.010857069868437859	0.020947758334397753	0.23540682079448205	7829	1
2764	10000	31312	0.06150996423096576	0.5913707204905467	0.0027146142054164536	0.019992335206949412	0.3244123658661216	31312	1
2765	500	79	0	1	0	0	0	79	1
2765	1000	314	0	1	0	0	0	314	1
2765	2000	1259	0	0.9110405083399523	0	0	0.08895949166004766	1259	1
2765	5000	7826	0.3481983133145924	0.5897009966777409	0.0010222335803731152	0.015972399693329926	0.04510605673396371	7826	1
2765	10000	31287	0.34557483939016204	0.45268002684821174	0.09269025473838975	0.02946910857544667	0.07958577044778982	31287	1
2767	500	77	0.22077922077922077	0.6103896103896104	0	0.16883116883116883	0	77	1
2767	1000	312	0.3141025641025641	0.5448717948717948	0	0.14102564102564102	0	312	1
2767	2000	1251	0.14468425259792167	0.7697841726618705	0	0.08553157474020784	0	1251	1
2767	5000	7818	0.09861857252494244	0.7994371962138654	0	0.04464057303658225	0.05730365822460987	7818	1
2767	10000	31307	0.08831890631488165	0.7376305618551762	0.00689941546618967	0.04768901523620916	0.11946210112754337	31307	1
2768	500	77	0.4935064935064935	0.1038961038961039	0	0.4025974025974026	0	77	1
2768	1000	311	0.6109324758842444	0.1607717041800643	0	0.2282958199356913	0	311	1
2768	2000	1251	0.5683453237410072	0.14068745003996802	0	0.22302158273381295	0.06794564348521183	1251	1
2768	5000	7826	0.22846920521339126	0.23562484027600306	0.014566828520316892	0.05392282136468183	0.46741630462560696	7826	1
2768	10000	31307	0.3029993292234963	0.293225157313061	0.0198358194652953	0.032676398249592745	0.35126329574855464	31307	1
2769	500	78	0.34615384615384615	0.6538461538461539	0	0	0	78	1
2769	1000	315	0.09523809523809523	0.8317460317460318	0	0.0031746031746031746	0.06984126984126984	315	1
2769	2000	1253	0.023942537909018357	0.7494014365522745	0	0.1077414205905826	0.1189146049481245	1253	1
2769	5000	7830	0.021583652618135378	0.7609195402298851	0.021455938697318006	0.11698595146871009	0.07905491698595146	7830	1
2769	10000	31301	0.019839621737324686	0.7887926903293825	0.022810772818759786	0.10025238810261652	0.06830452701191655	31301	1
2770	500	79	0.0379746835443038	0.8987341772151899	0	0	0.06329113924050633	79	1
2770	1000	313	0.1597444089456869	0.5686900958466453	0.07987220447284345	0	0.19169329073482427	313	1
2770	2000	1254	0.11483253588516747	0.48724082934609253	0.291866028708134	0.003189792663476874	0.10287081339712918	1254	1
2770	5000	7816	0.041325486182190375	0.7387410440122825	0.0913510747185261	0.06345957011258956	0.06512282497441146	7816	1
2770	10000	31321	0.035726828645317836	0.7990485616678905	0.024679927205389356	0.09032278662877942	0.05022189585262284	31321	1
2771	500	77	0	0.7922077922077922	0.16883116883116883	0.03896103896103896	0	77	1
2771	1000	309	0.038834951456310676	0.5857605177993528	0.2588996763754045	0.11650485436893204	0	309	1
2771	2000	1250	0.116	0.536	0.1704	0.1304	0.0472	1250	1
2771	5000	7821	0.15662958700933385	0.5822784810126582	0.07940161104718067	0.06751054852320675	0.1141797724076205	7821	1
2771	10000	31309	0.1105432942604363	0.6577341978344885	0.02571145676961896	0.1316234948417388	0.07438755629371746	31309	1
2772	500	74	0	0.7432432432432432	0	0.25675675675675674	0	74	1
2772	1000	310	0.016129032258064516	0.8290322580645161	0	0.15483870967741936	0	310	1
2772	2000	1250	0.108	0.732	0	0.1568	0.0032	1250	1
2772	5000	7823	0.09587114917550811	0.7246580595679407	0	0.1431675827687588	0.03630320848779241	7823	1
2772	10000	31290	0.25602428891019496	0.5834771492489613	0.04292106104186641	0.08124001278363695	0.03633748801534036	31290	1
2773	500	78	0.10256410256410256	0.8974358974358975	0	0	0	78	1
2773	1000	312	0.23397435897435898	0.6987179487179487	0	0.0673076923076923	0	312	1
2773	2000	1251	0.3852917665867306	0.542765787370104	0	0.07194244604316546	0	1251	1
2773	5000	7839	0.34940681209337926	0.5597652761831866	0	0.09082791172343412	0	7839	1
2773	10000	31306	0.5230626716923273	0.4159905449434613	0.01699354756276752	0.043953235801443814	0	31306	1
2774	500	77	0.5194805194805194	0.2857142857142857	0	0.19480519480519481	0	77	1
2774	1000	311	0.44694533762057875	0.3215434083601286	0	0.1382636655948553	0.0932475884244373	311	1
2774	2000	1250	0.5416	0.1072	0	0.0544	0.2968	1250	1
2774	5000	7816	0.46430399181166837	0.22492323439099285	0.05539918116683726	0.025076765609007165	0.23029682702149437	7816	1
2774	10000	31319	0.29493278840320575	0.19406749896229125	0.09910916695935375	0.007726938918867141	0.40416360675628216	31319	1
2775	500	78	0	0.0641025641025641	0	0.5512820512820513	0.38461538461538464	78	1
2775	1000	312	0.04807692307692308	0.15705128205128205	0	0.34615384615384615	0.44871794871794873	312	1
2775	2000	1253	0.17637669592976857	0.13487629688747008	0	0.12290502793296089	0.5658419792498005	1253	1
2775	5000	7825	0.32370607028753995	0.12945686900958467	0.01099041533546326	0.031693290734824284	0.5041533546325878	7825	1
2775	10000	31313	0.433973110209817	0.2523552518123463	0.04799923354517293	0.018618465174208794	0.24705393925845495	31313	1
2776	500	77	0	0.23376623376623376	0.7662337662337663	0	0	77	1
2776	1000	283	0	0.40636042402826855	0.5936395759717314	0	0	311	0.909967845659164
2776	2000	1100	0.11818181818181818	0.5918181818181818	0.28454545454545455	0	0.005454545454545455	1246	0.8828250401284109
2776	5000	6624	0.19006642512077296	0.6982185990338164	0.06717995169082126	0.01917270531400966	0.025362318840579712	7816	0.8474923234390993
2776	10000	28107	0.17358665101220336	0.7441918383320881	0.021275838759028	0.03952751983491657	0.021418152061763972	31273	0.898762510792057
2777	500	79	1	0	0	0	0	79	1
2777	1000	312	1	0	0	0	0	312	1
2777	2000	1253	0.9816440542697525	0	0	0.018355945730247406	0	1253	1
2777	5000	6659	0.9205586424388046	0.008710016518996846	0.031536266706712716	0.03333833908995345	0.005856735245532362	7830	0.8504469987228608
2777	10000	21905	0.9120748687514266	0.026432321387811004	0.02985619721524766	0.025336681123031272	0.006299931522483451	31319	0.6994156901561353
2778	500	78	0	1	0	0	0	78	1
2778	1000	315	0.0031746031746031746	0.9968253968253968	0	0	0	315	1
2778	2000	1254	0.14274322169059012	0.7384370015948963	0	0.11881977671451356	0	1254	1
2778	5000	7835	0.28998085513720484	0.5365666879387364	0.02820676451818762	0.14499042756860242	2.5526483726866624e-4	7835	1
2778	10000	31298	0.4046264937056681	0.40986644514026455	0.05364560035785034	0.11307431784778581	0.01878714294843121	31298	1
2780	500	79	0.189873417721519	0	0.45569620253164556	0	0.35443037974683544	79	1
2780	1000	315	0.26031746031746034	0.0031746031746031746	0.23492063492063492	0	0.5015873015873016	315	1
2780	2000	1255	0.37211155378486055	0.26374501992031874	0.16334661354581673	0.007171314741035857	0.19362549800796813	1255	1
2780	5000	7830	0.34968071519795657	0.4011494252873563	0.19042145593869733	0.011749680715197957	0.046998722860791826	7830	1
2780	10000	30376	0.48962997102976036	0.28565314722149066	0.1746444561495918	0.01435343692388728	0.03571898867526995	31325	0.9697047086991221
2781	500	77	0.4935064935064935	0.5064935064935064	0	0	0	77	1
2781	1000	311	0.31511254019292606	0.6237942122186495	0	0	0.06109324758842444	311	1
2781	2000	1251	0.266986410871303	0.6282973621103117	0	0.042366107114308556	0.06235011990407674	1251	1
2781	5000	7828	0.1641543178334185	0.682805314256515	0	0.05799693408277976	0.09504343382728667	7828	1
2781	10000	31288	0.15913449245717207	0.6889542316543084	0.014670161084121709	0.05180900025568908	0.08543211454870878	31288	1
2782	500	52	0.9423076923076923	0.057692307692307696	0	0	0	78	0.6666666666666666
2782	1000	249	0.6626506024096386	0.3373493975903614	0	0	0	312	0.7980769230769231
2782	2000	1146	0.3542757417102967	0.5959860383944153	0.04712041884816754	0.002617801047120419	0	1252	0.9153354632587859
2782	5000	7061	0.177311995468064	0.6945191899164425	0.1036680356889959	0.024500778926497664	0	7825	0.9023642172523961
2782	10000	21184	0.1195713746223565	0.7366408610271903	0.10073640483383686	0.02280022658610272	0.020251132930513595	31285	0.6771296148313889
2785	500	80	0.45	0.55	0	0	0	80	1
2785	1000	315	0.4793650793650794	0.47619047619047616	0.009523809523809525	0.03492063492063492	0	315	1
2785	2000	1255	0.299601593625498	0.6151394422310758	0.055776892430278883	0.02948207171314741	0	1255	1
2785	5000	7833	0.2059236563258011	0.6689646367930551	0.09000382995021065	0.017873100983020553	0.017234775947912676	7833	1
2785	10000	31285	0.13763784561291353	0.7545469074636407	0.07153587981460764	0.02445261307335784	0.011826754035480263	31331	0.99853180555998855
2787	500	78	0	0.3333333333333333	0	0	0.6666666666666666	78	1
2787	1000	312	0.17307692307692307	0.38461538461538464	0.057692307692307696	0	0.38461538461538464	312	1
2787	2000	1131	0.251105216622458	0.40760389036251105	0.08841732979664015	0.007957559681697613	0.24491600353669318	1250	0.9048
2787	5000	6291	0.307105388650453	0.351931330472103	0.043077412176124624	0.03846765220155778	0.25941821649976154	7824	0.8040644171779141
2787	10000	21477	0.2739675001164036	0.4994645434651022	0.03431577967127625	0.02956651301392187	0.16268566373329607	31261	0.6870221681967947
2791	500	78	0.41025641025641024	0	0.5897435897435898	0	0	78	1
2791	1000	260	0.40384615384615385	0	0.5961538461538461	0	0	312	0.8333333333333334
2791	2000	768	0.6328125	0	0.3671875	0	0	1251	0.6139088729016786
2791	10000	16903	0.6070520026030882	0.18665325681831627	0.16109566349168786	0.04028870614683784	0.00491037094006981	31292	0.5401700115045379
2793	500	80	0.425	0.575	0	0	0	80	1
2793	1000	312	0.3942307692307692	0.5833333333333334	0.022435897435897436	0	0	312	1
2793	2000	1252	0.3466453674121406	0.5646964856230032	0.08865814696485623	0	0	1252	1
2793	5000	6668	0.3719256148770246	0.3773245350929814	0.22045590881823635	0.027894421115776846	0.0023995200959808036	7817	0.8530126647051298
2793	10000	18803	0.3553156411210977	0.352656490985481	0.19199063979152262	0.07775354996543105	0.022283678136467585	31283	0.6010612792890707
2795	500	77	0	0.8181818181818182	0	0.18181818181818182	0	77	1
2795	1000	309	0	0.6699029126213593	0	0.3300970873786408	0	309	1
2795	2000	1249	0.04803843074459568	0.7365892714171337	0	0.2153722978382706	0	1249	1
2795	5000	7830	0.14993614303959132	0.6600255427841635	0.002426564495530013	0.11353767560664113	0.07407407407407407	7830	1
2795	10000	31310	0.1303736825295433	0.704694985627595	0.004854679016288725	0.08195464707761099	0.078122005748962	31310	1
2796	500	76	0.11842105263157894	0.02631578947368421	0.8552631578947368	0	0	79	0.9620253164556962
2796	1000	243	0.32510288065843623	0.15637860082304528	0.5185185185185185	0	0	314	0.7738853503184714
2796	2000	832	0.31850961538461536	0.1971153846153846	0.40384615384615385	0.08052884615384616	0	1252	0.6645367412140575
2796	10000	16664	0.3443350936149784	0.41070571291406627	0.10855736917906865	0.08389342294767163	0.052508401344215076	31296	0.5324642126789366
2797	500	59	0.2033898305084746	0.7966101694915254	0	0	0	78	0.7564102564102564
2797	1000	197	0.233502538071066	0.766497461928934	0	0	0	314	0.6273885350318471
2797	2000	742	0.1334231805929919	0.7924528301886793	0	0.06199460916442048	0.012129380053908356	1257	0.5902943516308672
2797	5000	5614	0.17616672604203776	0.755967224795155	0.029034556465977912	0.01816886355539722	0.020662629141432135	7833	0.7167113494191242
2797	10000	25780	0.26811481768813034	0.585065942591156	0.01726144297905353	0.10356865787432118	0.025989138867339022	31314	0.8232739349811586
2799	500	78	0.4358974358974359	0.2948717948717949	0	0	0.2692307692307692	78	1
2799	1000	311	0.3890675241157556	0.3954983922829582	0	0.028938906752411574	0.1864951768488746	311	1
2799	2000	1251	0.2853717026378897	0.5643485211830536	0	0.05995203836930456	0.0903277378097522	1251	1
2799	5000	7822	0.13858348248529787	0.7512145231398619	0	0.03528509332651496	0.07491690104832524	7822	1
2799	10000	31318	0.0863720544096047	0.6789066990229261	0.01178236158119931	0.03799731783638802	0.18494156714988186	31318	1
2800	500	80	0	0.575	0	0.425	0	80	1
2800	1000	315	0.09523809523809523	0.7365079365079366	0	0.16825396825396827	0	315	1
2800	2000	1256	0.23089171974522293	0.677547770700637	0	0.09156050955414012	0	1256	1
2800	5000	7830	0.11890166028097063	0.7977011494252874	0.00421455938697318	0.042656449553001276	0.03652618135376756	7830	1
2800	10000	31321	0.08483126336962421	0.7814565307621085	0.0075668082117429205	0.052712237795728104	0.07343315986079627	31321	1
2801	500	78	0	0.4230769230769231	0.038461538461538464	0.3974358974358974	0.14102564102564102	78	1
2801	1000	315	0.11746031746031746	0.37777777777777777	0.15555555555555556	0.20317460317460317	0.14603174603174604	315	1
2801	2000	1256	0.12420382165605096	0.5286624203821656	0.10031847133757962	0.06289808917197452	0.1839171974522293	1256	1
2801	5000	7821	0.12082853855005754	0.6276690960235264	0.05076077227975962	0.06316327835315177	0.13757831479350466	7821	1
2801	10000	31308	0.11498658489842851	0.6778139772582088	0.029960393509646098	0.04810272134917593	0.1291363229845407	31308	1
2802	500	78	0.16666666666666666	0.44871794871794873	0	0	0.38461538461538464	78	1
2802	1000	316	0.25316455696202533	0.27531645569620256	0	0	0.47151898734177217	316	1
2802	2000	1251	0.17026378896882494	0.38049560351718625	0.0407673860911271	0	0.4084732214228617	1251	1
2802	5000	7826	0.07385637618195758	0.676463071811909	0.03028366981855354	0.029005877843087145	0.19039100434449271	7826	1
2802	10000	31292	0.09056627892113	0.6413779879841494	0.042822446631726956	0.020580340023009076	0.20465294643998466	31292	1
2803	500	79	0.26582278481012656	0.620253164556962	0	0.11392405063291139	0	79	1
2803	1000	315	0.14285714285714285	0.7523809523809524	0	0.09206349206349207	0.012698412698412698	315	1
2803	2000	1251	0.07114308553157474	0.7617905675459632	0	0.04476418864908074	0.1223021582733813	1251	1
2803	5000	7828	0.09683188553909045	0.6145886561062851	0	0.04483903934593766	0.24374041900868676	7828	1
2803	10000	31304	0.10752619473549706	0.7113467927421416	8.944543828264759e-4	0.03673651929465883	0.14349603884487605	31304	1
2804	500	77	0	1	0	0	0	77	1
2804	1000	310	0	1	0	0	0	310	1
2804	2000	1247	0	0.8917401764234162	0	0.07056936647955092	0.03769045709703288	1247	1
2804	5000	7819	0.044762757385854966	0.7770814682184423	0	0.08082875047960097	0.0973270239161018	7819	1
2804	10000	31306	0.034146808918418196	0.806874081645691	0	0.05800804957516131	0.10097105986072957	31306	1
2805	500	77	0	0.7792207792207793	0	0	0.22077922077922077	77	1
2805	1000	310	0	0.7451612903225806	0	0.05161290322580645	0.2032258064516129	310	1
2805	2000	1250	0.0192	0.7424	0.0216	0.0344	0.1824	1250	1
2805	5000	7818	0.053850089536965975	0.7138654387311333	0.004476848298797647	0.07214121258633922	0.1556664108467639	7818	1
2805	10000	31314	0.14587724340550554	0.6716803985437824	0.013731877115667113	0.03864086351152839	0.13006961742351664	31314	1
2806	500	77	0.8831168831168831	0	0	0	0.11688311688311688	77	1
2806	1000	310	0.5129032258064516	0.06774193548387097	0	0.1774193548387097	0.24193548387096775	310	1
2806	2000	1250	0.3752	0.2576	0	0.1456	0.2216	1250	1
2806	5000	7809	0.15328467153284672	0.5160711998975541	0.002048917915226021	0.10513510052503522	0.22346011012933795	7809	1
2806	10000	31299	0.130611201635835	0.4666602766861561	0.0038020384037828685	0.06207866066008499	0.33684782261414103	31299	1
2807	500	79	0.759493670886076	0.24050632911392406	0	0	0	79	1
2807	1000	312	0.532051282051282	0.46794871794871795	0	0	0	312	1
2807	2000	1252	0.24201277955271566	0.7196485623003195	0.02875399361022364	0.009584664536741214	0	1252	1
2807	5000	7819	0.14528712111523212	0.468218442256043	0.048855352346847424	0.03184550454022254	0.30579357974165494	7819	1
2807	10000	31315	0.07775826281334823	0.3710362446112087	0.013188567779019639	0.030975570812709564	0.5070413539837139	31315	1
2808	500	76	0	0.7236842105263158	0	0.27631578947368424	0	76	1
2808	1000	310	0	0.832258064516129	0	0.15483870967741936	0.012903225806451613	310	1
2808	2000	1249	0	0.5564451561248999	0	0.0632506004803843	0.38030424339471575	1249	1
2808	5000	7830	0.07624521072796935	0.2776500638569604	0.01136653895274585	0.017879948914431672	0.6168582375478927	7830	1
2808	10000	31309	0.06260180778689833	0.2914497428854323	0.012392602765977834	0.021399597559807085	0.6121562490018845	31309	1
2809	500	78	0.3076923076923077	0.6923076923076923	0	0	0	78	1
2809	1000	312	0.22435897435897437	0.6666666666666666	0	0.04487179487179487	0.0641025641025641	312	1
2809	2000	1252	0.0950479233226837	0.5103833865814696	0	0.07028753993610223	0.3242811501597444	1252	1
2809	5000	7835	0.16247606892150607	0.4282067645181876	0	0.06777281429483088	0.3415443522654754	7835	1
2809	10000	31313	0.18401302973206016	0.36828154440647654	0.009261329160412609	0.040941462012582634	0.397502634688468	31313	1
2810	500	78	0.9102564102564102	0.08974358974358974	0	0	0	78	1
2810	1000	316	0.6993670886075949	0.2721518987341772	0.028481012658227847	0	0	316	1
2810	2000	1257	0.45346062052505964	0.507557677008751	0.031026252983293555	0.007955449482895784	0	1257	1
2810	5000	7833	0.258266309204647	0.5670879611898378	0.005106600280863015	0.06970509383378017	0.09983403549087196	7833	1
2810	10000	31311	0.18089489316853502	0.5287598607518125	0.004662898023058989	0.08156877774584012	0.20411357031075342	31311	1
2811	500	77	0.935064935064935	0	0	0	0.06493506493506493	77	1
2811	1000	311	0.5980707395498392	0.09646302250803858	0	0	0.3054662379421222	311	1
2811	2000	1250	0.3344	0.1848	0	0	0.4808	1250	1
2811	5000	7828	0.21320899335717935	0.29356157383750636	0	0.025293817066939193	0.46793561573837505	7828	1
2811	10000	31309	0.1856654636047143	0.41975150915072346	0.002267718547382542	0.03513366763550417	0.35718164106167555	31309	1
2812	500	77	0.8571428571428571	0.012987012987012988	0.12987012987012986	0	0	77	1
2812	1000	310	0.5806451612903226	0.3032258064516129	0.11612903225806452	0	0	310	1
2812	2000	1247	0.3400160384923817	0.5404971932638332	0.1082598235765838	0	0.011226944667201283	1247	1
2812	5000	7825	0.16638977635782748	0.518849840255591	0.04626198083067093	0.04805111821086262	0.22044728434504793	7825	1
2812	10000	31311	0.083101785315065	0.4009134170099965	0.013349940915333269	0.03340678994602536	0.46922806681357987	31311	1
2813	500	80	0.6875	0.3125	0	0	0	80	1
2813	1000	314	0.5159235668789809	0.4681528662420382	0.01592356687898089	0	0	314	1
2813	2000	1254	0.25996810207336524	0.6682615629984051	0.051834130781499205	0.019936204146730464	0	1254	1
2813	5000	7833	0.15677262862249458	0.5161496233882293	0.04953402272437125	0.045193412485637685	0.2323503127792672	7833	1
2813	10000	31319	0.08033462115648647	0.3947763338548485	0.013729684855838309	0.031993358664069736	0.479166001468757	31319	1
2814	500	78	0.34615384615384615	0.6538461538461539	0	0	0	78	1
2814	1000	315	0.5111111111111111	0.4888888888888889	0	0	0	315	1
2814	2000	1253	0.27932960893854747	0.7166799680766162	0	0.0031923383878691143	7.980845969672786e-4	1253	1
2814	5000	7828	0.18638221768012264	0.7373530914665304	0	0.019417475728155338	0.05684721512519162	7828	1
2814	10000	31315	0.2198307520357656	0.682612166693278	0.023566980680185215	0.032508382564266324	0.04148171802650487	31315	1
2815	500	79	0	1	0	0	0	79	1
2815	1000	317	0	1	0	0	0	317	1
2815	2000	1253	0	0.9106145251396648	0.047885075818036714	0.041500399042298484	0	1253	1
2815	5000	7825	0.009968051118210863	0.6361661341853035	0.035654952076677314	0.04293929712460064	0.27527156549520765	7825	1
2815	10000	31316	0.01583854898454464	0.689583599437987	0.08072550772767914	0.04665346787584621	0.16719887597394303	31316	1
2816	500	79	0.5189873417721519	0.4810126582278481	0	0	0	79	1
2816	1000	316	0.560126582278481	0.439873417721519	0	0	0	316	1
2816	2000	1259	0.6100079428117554	0.34789515488482925	0.04209690230341541	0	0	1259	1
2816	5000	7828	0.5609351047521717	0.25396014307613696	0.1750127746550843	0.01009197751660705	0	7828	1
2816	10000	31304	0.4043572706363404	0.38851265014055714	0.16646434960388448	0.026961410682340915	0.013704318936877076	31304	1
2817	500	81	0.5185185185185185	0.48148148148148145	0	0	0	81	1
2817	1000	316	0.4810126582278481	0.5189873417721519	0	0	0	316	1
2817	2000	1256	0.45302547770700635	0.5151273885350318	0.016719745222929936	0.015127388535031847	0	1256	1
2817	5000	7835	0.45194639438417356	0.4119974473516273	0.08398213146139119	0.048883216336949586	0.003190810465858328	7835	1
2817	10000	31307	0.5071389785032101	0.2818858402274252	0.04673076308812726	0.13897850321014468	0.025265914971092727	31307	1
2818	500	80	0.9125	0.05	0	0	0.0375	80	1
2818	1000	314	0.7197452229299363	0.1910828025477707	0	0.0031847133757961785	0.08598726114649681	314	1
2818	2000	1255	0.49721115537848604	0.32749003984063746	0.005577689243027889	0.04063745019920319	0.12908366533864543	1255	1
2818	5000	7829	0.2098607740452165	0.3358027845190957	0.03308213054029889	0.013922595478349726	0.4073317154170392	7829	1
2818	10000	31304	0.24003322259136212	0.3104076156401738	0.014215435727063633	0.027568361870687452	0.40777536417071303	31304	1
2819	500	78	0.7435897435897436	0.2564102564102564	0	0	0	78	1
2819	1000	312	0.7307692307692307	0.2692307692307692	0	0	0	312	1
2819	2000	1253	0.6472466081404629	0.34477254588986433	0.007980845969672785	0	0	1253	1
2819	5000	7816	0.43692425793244627	0.3577277379733879	0.041325486182190375	0.005245649948822927	0.15877686796315252	7816	1
2819	10000	31319	0.27791436508189915	0.341613716913056	0.03285545515501772	0.008652894409144608	0.33896356844088255	31319	1
2821	500	79	0.6708860759493671	0.3291139240506329	0	0	0	79	1
2821	1000	315	0.4634920634920635	0.5174603174603175	0	0.01904761904761905	0	315	1
2821	2000	1254	0.3293460925039872	0.5645933014354066	0	0.06778309409888357	0.03827751196172249	1254	1
2821	5000	7821	0.1708221455056898	0.6028640838767421	0.009589566551591868	0.1279887482419128	0.08873545582406342	7821	1
2821	10000	31312	0.11736714358712315	0.6584695963208993	0.010571027082268779	0.12263668880940215	0.09095554420030659	31312	1
2822	500	79	0	1	0	0	0	79	1
2822	1000	315	0	1	0	0	0	315	1
2822	2000	1250	0.0216	0.9632	0	0	0.0152	1250	1
2822	5000	7823	0.034769270100984274	0.8724274574971239	0	0.024670842387830755	0.06813243001406111	7823	1
2822	10000	31306	0.04861687855363189	0.8085351050916757	0.02296684341659746	0.03338018271257906	0.08650099022551587	31306	1
2829	500	61	0	0	0.8852459016393442	0	0.11475409836065574	76	0.8026315789473685
2829	1000	181	0	0	0.8729281767955801	0	0.1270718232044199	313	0.5782747603833865
2830	500	79	0	0	1	0	0	79	1
2830	1000	314	0	0	0.6942675159235668	0.3057324840764331	0	314	1
2830	2000	950	0	0.0431578947368421	0.49157894736842106	0.4652631578947368	0	1256	0.7563694267515924
2831	500	79	0.6329113924050633	0	0.3670886075949367	0	0	79	1
2831	1000	316	0.7278481012658228	0	0.2721518987341772	0	0	316	1
2831	2000	1252	0.8162939297124601	0.10782747603833866	0.07587859424920128	0	0	1252	1
2831	5000	7830	0.775095785440613	0.1839080459770115	0.02541507024265645	0.014942528735632184	6.385696040868455e-4	7830	1
2831	10000	31307	0.5674130386175615	0.34557766633660203	0.022071741144153063	0.04519755965119622	0.01973999425048711	31307	1
2832	500	80	0.2	0	0.8	0	0	80	1
2832	1000	314	0.4394904458598726	0	0.5605095541401274	0	0	314	1
2832	2000	1253	0.5642458100558659	0	0.43575418994413406	0	0	1253	1
2832	5000	7833	0.7861611132388612	0.06025788331418358	0.13340993233754628	0.02017107110940891	0	7833	1
2832	10000	31325	0.824708699122107	0.09602553870710295	0.05040702314445331	0.023782920989624902	0.0050758180367118915	31325	1
2833	500	78	0	0.14102564102564102	0.47435897435897434	0	0.38461538461538464	78	1
2833	1000	312	0.18269230769230768	0.16025641025641027	0.3525641025641026	0	0.30448717948717946	312	1
2833	2000	1143	0.3324584426946632	0.14348206474190725	0.2379702537182852	0.026246719160104987	0.25984251968503935	1252	0.9129392971246006
2833	5000	5593	0.25424637940282496	0.23618809225817985	0.10030395136778116	0.025031289111389236	0.38423028785982477	7813	0.7158581850761552
2834	500	79	0	0.6582278481012658	0	0.34177215189873417	0	79	1
2834	1000	312	0	0.6923076923076923	0	0.30128205128205127	0.00641025641025641	312	1
2834	2000	1252	0	0.8059105431309904	0	0.12140575079872204	0.07268370607028754	1252	1
2834	5000	7830	0.00280970625798212	0.7859514687100894	0	0.09821200510855684	0.11302681992337164	7830	1
2834	10000	31300	0.053099041533546325	0.7108626198083067	0.007028753993610224	0.10514376996805112	0.12386581469648562	31300	1
2835	500	78	0.9487179487179487	0.038461538461538464	0	0.01282051282051282	0	78	1
2835	1000	312	0.7083333333333334	0.04807692307692308	0	0.10897435897435898	0.1346153846153846	312	1
2835	2000	1256	0.36703821656050956	0.24681528662420382	0.013535031847133758	0.07643312101910828	0.2961783439490446	1256	1
2835	5000	7823	0.38310111210533043	0.22574459925859644	0.05317653074268183	0.051259107759171675	0.2867186501342196	7823	1
2835	10000	31311	0.44885184120596594	0.2599725336143847	0.03928331896138737	0.020312350292229567	0.2315799559260324	31311	1
2836	500	79	0.8354430379746836	0.012658227848101266	0.1518987341772152	0	0	79	1
2836	1000	313	0.8019169329073482	0.10223642172523961	0.09584664536741214	0	0	313	1
2836	2000	1256	0.7492038216560509	0.19665605095541402	0.054140127388535034	0	0	1256	1
2836	5000	7829	0.66330310384468	0.2590369140375527	0.0731894239366458	0.0044705581811214715	0	7829	1
2836	10000	31313	0.4613738702775205	0.2849934531983521	0.12413374636732348	0.02966818893111487	0.09983074122568901	31313	1
2853	500	50	0	0	0.94	0.06	0	76	0.6578947368421053
2853	1000	182	0	0	0.8846153846153846	0.11538461538461539	0	310	0.5870967741935483
2853	2000	704	0	0.052556818181818184	0.8295454545454546	0.11789772727272728	0	1246	0.565008025682183
2853	5000	4028	0.07100297914597815	0.31504468718967227	0.4461271102284012	0.14796425024826215	0.019860973187686197	7818	0.515221284215912
2853	10000	16699	0.2786993233127732	0.5069165818312473	0.1430025750044913	0.06180010779088568	0.009581412060602432	31276	0.5339237754188515
2854	500	41	0.24390243902439024	0	0	0	0.7560975609756098	78	0.5256410256410257
2854	1000	161	0.18633540372670807	0	0	0	0.8136645962732919	309	0.5210355987055016
2855	500	75	0.6	0.4	0	0	0	79	0.9493670886075949
2855	1000	298	0.3389261744966443	0.587248322147651	0	0.03691275167785235	0.03691275167785235	315	0.946031746031746
2855	2000	979	0.11031664964249234	0.7466802860061287	0	0.0755873340143003	0.06741573033707865	1258	0.7782193958664547
2855	5000	4573	0.09162475399081565	0.7909468620161819	0.020118084408484584	0.043953640935928275	0.053356658648589544	7823	0.5845583535727982
2855	10000	18563	0.17529494155039596	0.662339061574099	0.015999569035177505	0.07703496202122502	0.06933146581910252	31293	0.5931997571341834
2859	500	77	0	1	0	0	0	77	1
2859	1000	311	0	1	0	0	0	311	1
2859	2000	1250	0.0856	0.8728	0	0.02	0.0216	1250	1
2859	5000	7818	0.08211818879508825	0.814402660526989	0.007802507035047326	0.059861857252494245	0.03581478639038117	7818	1
2859	10000	31291	0.21920040906330893	0.6785657217730338	0.01223994119714934	0.06468313572592758	0.02531079224058036	31291	1
2860	500	78	0.3076923076923077	0.4230769230769231	0	0.14102564102564102	0.1282051282051282	78	1
2860	1000	313	0.22044728434504793	0.41214057507987223	0	0.134185303514377	0.23322683706070288	313	1
2860	2000	1252	0.2507987220447284	0.5511182108626198	0	0.0878594249201278	0.11022364217252396	1252	1
2860	5000	7836	0.12685043389484432	0.723583460949464	0.0128892291985707	0.057299642674834096	0.07937723328228688	7836	1
2860	10000	31306	0.054366575097425415	0.783428096850444	0.006867693093975596	0.07062543921293044	0.08471219574522455	31306	1
2863	500	80	0	0.55	0.1125	0	0.3375	80	1
2863	1000	317	0.031545741324921134	0.38801261829652994	0.40063091482649843	0	0.17981072555205047	317	1
2863	2000	1257	0.081145584725537	0.35083532219570407	0.5091487669053302	0	0.0588703261734288	1257	1
2863	5000	7148	0.1559876888640179	0.3584219362059317	0.41606043648573027	0.010492445439283717	0.05903749300503637	7826	0.9133657040633785
2863	10000	28311	0.16491822966338174	0.4444208964713362	0.3176150612836	0.017802267669810322	0.05524354491187171	31292	0.9047360347692701
2866	500	79	0.17721518987341772	0.0759493670886076	0.7468354430379747	0	0	79	1
2866	1000	315	0.28888888888888886	0.12698412698412698	0.4793650793650794	0	0.10476190476190476	315	1
2866	2000	1251	0.47002398081534774	0.21422861710631494	0.19984012789768185	0	0.11590727418065548	1251	1
2866	5000	7827	0.2841446275712278	0.5758272645969081	0.04625015970359014	0.004216174779609045	0.08956177334866487	7827	1
2866	10000	31311	0.19788572706077737	0.6789307272204657	0.03449267030755964	0.01178499568841621	0.07690587972278114	31311	1
2869	500	72	0	0	1	0	0	74	0.972972972972973
2869	1000	295	0	0	1	0	0	310	0.9516129032258065
2869	2000	768	0	0	1	0	0	1246	0.6163723916532905
2869	5000	6341	0.01860905219996846	0.16290805866582558	0.7759028544393629	0	0.04258003469484308	7820	0.8108695652173913
2869	10000	26319	0.02401307040541054	0.24104259280367796	0.6860822979596489	0.0013298377597933053	0.04753220107146928	31278	0.8414540571647804
2870	500	77	0.15584415584415584	0	0	0.24675324675324675	0.5974025974025974	77	1
2870	1000	311	0.37942122186495175	0.003215434083601286	0	0.12861736334405144	0.4887459807073955	311	1
2870	2000	1249	0.5396317053642914	0.13610888710968774	0	0.1297037630104083	0.1945556445156125	1249	1
2870	5000	7819	0.5889499936053204	0.30157309118813147	0.007034147589205781	0.04373960864560685	0.05870315897173552	7819	1
2870	10000	31290	0.5796100990731863	0.2657718120805369	0.022914669223394055	0.03275806967082135	0.09894534995206136	31290	1
2871	500	78	0	0.2692307692307692	0.7307692307692307	0	0	78	1
2871	1000	312	0.057692307692307696	0.1762820512820513	0.7660256410256411	0	0	312	1
2871	2000	1255	0.07569721115537849	0.16733067729083664	0.747410358565737	0	0.009561752988047808	1255	1
2871	5000	7701	0.31697182184131933	0.14881184261784183	0.45838202830801195	0.031034930528502792	0.044799376704324115	7833	0.9831482190731521
2871	10000	29231	0.4591016386712736	0.26249529608976774	0.1917142759399268	0.028531353699839213	0.05815743559919264	31298	0.9339574413700555
2872	500	60	0.05	0.38333333333333336	0.5666666666666667	0	0	78	0.7692307692307693
2872	1000	195	0.30256410256410254	0.37435897435897436	0.3230769230769231	0	0	312	0.625
2872	2000	724	0.20303867403314918	0.4958563535911602	0.3011049723756906	0	0	1249	0.5796637309847879
2872	5000	4164	0.11983669548511047	0.5079250720461095	0.37223823246878	0	0	7828	0.5319366377107818
2872	10000	20143	0.11180062552747853	0.5346274139899717	0.3262175445564216	0.01017723278558308	0.017177183140545102	31258	0.6444110307761213
2873	500	59	0	1	0	0	0	78	0.7564102564102564
2873	1000	164	0	0.9329268292682927	0	0.012195121951219513	0.054878048780487805	313	0.5239616613418531
2873	2000	665	0.06917293233082707	0.7984962406015037	0	0.07819548872180451	0.05413533834586466	1256	0.5294585987261147
2873	5000	6055	0.1727497935590421	0.7385631709331131	0.019983484723369117	0.021139554087530966	0.04756399669694467	7827	0.7736041906222052
2873	10000	21524	0.20586322244935887	0.630830700613269	0.015656941089016913	0.07786656755249953	0.06978256829585579	31298	0.6877116748674037
2874	500	49	0	1	0	0	0	79	0.620253164556962
2874	1000	225	0	0.9911111111111112	0	0.008888888888888889	0	314	0.7165605095541401
2874	2000	845	0	0.8757396449704142	0	0.1242603550295858	0	1252	0.6749201277955271
2874	5000	4778	0.016743407283382167	0.7509418166596903	0.025742988698200082	0.15424863959815824	0.052323147760569275	7824	0.6106850715746421
2874	10000	18494	0.06704877257488916	0.6885476370714826	0.006650805666702715	0.14150535308748782	0.09624743159943766	31286	0.5911270216710349
2876	500	78	0.16666666666666666	0.8333333333333334	0	0	0	78	1
2876	1000	313	0.21405750798722045	0.744408945686901	0	0.04153354632587859	0	313	1
2876	2000	1255	0.24780876494023904	0.648605577689243	0	0.10358565737051793	0	1255	1
2876	5000	7823	0.31087817972644766	0.5725425028761345	0	0.10200690272274064	0.014572414674677233	7823	1
2876	10000	31304	0.34481216457960645	0.5277280858676208	0.036385126501405574	0.05631868131868132	0.03475594173268592	31304	1
2877	500	80	0.1375	0.8625	0	0	0	80	1
2877	1000	313	0.23961661341853036	0.7348242811501597	0	0.025559105431309903	0	313	1
2877	2000	1252	0.26916932907348246	0.6373801916932907	0	0.09345047923322684	0	1252	1
2877	5000	7828	0.31080735820132854	0.5758814512008176	0	0.100408788962698	0.01290240163515585	7828	1
2877	10000	31309	0.35657478680251686	0.5206490146603213	0.03478233095914913	0.0548085215113865	0.03318534606662621	31309	1
2878	500	79	0.13924050632911392	0.8607594936708861	0	0	0	79	1
2878	1000	314	0.2070063694267516	0.7643312101910829	0	0.028662420382165606	0	314	1
2878	2000	1252	0.2563897763578275	0.6461661341853036	0	0.09744408945686901	0	1252	1
2878	5000	7832	0.3102655771195097	0.573799795709908	0	0.10278345250255362	0.013151174668028601	7832	1
2878	10000	31298	0.3532813598312991	0.5223975972905617	0.03520991756661768	0.055562655760751485	0.03354846955077002	31298	1
2879	500	54	0	1	0	0	0	79	0.6835443037974683
2879	1000	173	0.017341040462427744	0.9826589595375722	0	0	0	315	0.5492063492063493
2879	2000	942	0.15180467091295116	0.8280254777070064	0.009554140127388535	0.010615711252653927	0	1252	0.7523961661341853
2879	5000	7139	0.2361675304664519	0.6527524863426251	0.03557921277489844	0.06373441658495588	0.011766353831068777	7825	0.912332268370607
2879	10000	28625	0.244646288209607	0.6615545851528384	0.029240174672489083	0.043493449781659387	0.021065502183406113	31286	0.9149459822284728
2880	500	76	0.7105263157894737	0.2894736842105263	0	0	0	76	1
2880	1000	310	0.6870967741935484	0.31290322580645163	0	0	0	310	1
2880	2000	1009	0.7928642220019821	0.17145688800792863	0.035678889990089196	0	0	1250	0.8072
2880	5000	4847	0.495564266556633	0.08871466886734063	0.03940581803177223	0.12605735506498866	0.2502578914792655	7817	0.6200588461046437
2880	10000	16762	0.3246629280515452	0.058763870659825794	0.04271566638825916	0.21375730819711253	0.36010022670325736	31287	0.5357496723878927
2881	500	78	0	0.3076923076923077	0.10256410256410256	0.5897435897435898	0	78	1
2881	1000	310	0	0.5806451612903226	0.11935483870967742	0.3	0	310	1
2881	2000	1253	0.0015961691939345571	0.7326416600159616	0.13966480446927373	0.11652035115722266	0.009577015163607342	1253	1
2881	5000	7823	0.017512463249392814	0.6190719672759811	0.2954109676594657	0.04141633644381951	0.026588265371340916	7823	1
2881	10000	31292	0.04544292470919085	0.7214623545954237	0.14987856321104437	0.03882781541608079	0.044388342068260256	31292	1
2883	500	80	0.7625	0	0.2375	0	0	80	1
2883	1000	315	0.8507936507936508	0	0.1492063492063492	0	0	315	1
2883	2000	1254	0.8971291866028708	0	0.07814992025518341	0.024720893141945772	0	1254	1
2883	5000	7830	0.9168582375478928	0.01583652618135377	0.04559386973180077	0.021711366538952746	0	7830	1
2883	10000	31102	0.8139669474631857	0.06015690309304868	0.10732428782714938	0.017876663880136326	6.751977364799691e-4	31302	0.9936106319085043
2884	500	78	0.6794871794871795	0	0.2948717948717949	0.02564102564102564	0	78	1
2884	1000	311	0.7909967845659164	0	0.16720257234726688	0.04180064308681672	0	311	1
2884	2000	1251	0.9104716227018386	0	0.06794564348521183	0.02158273381294964	0	1251	1
2884	5000	7831	0.8490614225513983	0.04482186183118376	0.06767973438896692	0.03843698122845103	0	7831	1
2884	10000	27995	0.8278621182353991	0.026719056974459726	0.10041078764065012	0.04500803714949098	0	31273	0.8951811466760464
2885	500	79	0.17721518987341772	0.8227848101265823	0	0	0	79	1
2885	1000	312	0.28846153846153844	0.7115384615384616	0	0	0	312	1
2885	2000	1253	0.38946528332003194	0.6105347166799681	0	0	0	1253	1
2885	5000	7814	0.4842590222677246	0.4383158433580753	0.01177373944202713	0.050422318914768366	0.015229076017404659	7814	1
2885	10000	25409	0.49490338069188083	0.35164705419339604	0.03207524892754536	0.11523475933724271	0.0061395568499350624	31304	0.8116854076156401
2886	500	80	0	0.8625	0	0.1125	0.025	80	1
2886	1000	315	0	0.638095238095238	0	0.08571428571428572	0.2761904761904762	315	1
2886	2000	1254	0.05422647527910686	0.6371610845295056	0	0.03349282296650718	0.2751196172248804	1254	1
2886	5000	7834	0.043017615522083226	0.3447791677304059	0	0.02833801378606076	0.5838652029614501	7834	1
2886	10000	31312	0.060328308635666836	0.2553334184977006	0	0.03279892692897292	0.6515393459376597	31312	1
2887	500	77	0	0	1	0	0	78	0.9871794871794872
2887	1000	249	0	0	1	0	0	313	0.7955271565495208
2887	2000	834	0.05635491606714628	0	0.9436450839328537	0	0	1252	0.6661341853035144
2887	5000	4347	0.3528870485392224	0	0.6224982746721878	0.02461467678858983	0	7814	0.5563091886357819
2887	10000	17517	0.5753839127704515	0.031169720842610035	0.3709539304675458	0.02249243591939259	0	31297	0.5597022078793494
2888	500	77	1	0	0	0	0	77	1
2888	1000	311	0.9163987138263665	0	0.08360128617363344	0	0	311	1
2888	2000	1247	0.921411387329591	0	0.06255012028869286	0.01603849238171612	0	1247	1
2888	5000	7822	0.9013040143185886	0.011122475070314497	0.08322679621580159	0.004346714395295321	0	7822	1
2888	10000	30024	0.8451239008792966	0.026112443378630428	0.09152677857713828	0.03723687716493472	0	31309	0.9589574882621611
2889	500	79	0	0.0379746835443038	0.8354430379746836	0	0.12658227848101267	79	1
2889	1000	314	0	0.050955414012738856	0.7006369426751592	0	0.2484076433121019	314	1
2889	2000	1259	0.046068308181096106	0.19301032565528198	0.505957108816521	0.0055599682287529786	0.2494042891183479	1259	1
2889	5000	7829	0.13794865244603396	0.5944565078554094	0.13054029888874696	0.04074594456507855	0.09630859624473113	7829	1
2889	10000	31304	0.13170840787119856	0.6212305136723741	0.12723613595706618	0.05836314847942755	0.061461794019933555	31304	1
2890	500	75	0	0.8533333333333334	0	0.14666666666666667	0	75	1
2890	1000	311	0.04501607717041801	0.7620578778135049	0	0.1864951768488746	0.006430868167202572	311	1
2890	2000	1246	0.0754414125200642	0.7078651685393258	8.025682182985554e-4	0.19341894060995185	0.02247191011235955	1246	1
2890	5000	7825	0.15859424920127796	0.7253674121405751	0.015207667731629394	0.07987220447284345	0.02095846645367412	7825	1
2890	10000	31305	0.3746366395144546	0.4732470851301709	0.035585369749241334	0.04107969972847788	0.07545120587765533	31305	1
2891	500	78	0	0	1	0	0	78	1
2891	1000	287	0.10452961672473868	0.05574912891986063	0.8397212543554007	0	0	313	0.9169329073482428
2891	2000	1021	0.21449559255631734	0.20372184133202742	0.5817825661116552	0	0	1258	0.8116057233704292
2891	5000	5172	0.15506573859242073	0.4804717710750193	0.28364269141531323	0.04137664346481052	0.03944315545243619	7828	0.660705160960654
2891	10000	18715	0.22548757681004541	0.4939353459791611	0.2139460325941758	0.04141063318193962	0.025220411434678066	31291	0.5980952989677543
2894	500	80	0.2625	0.7375	0	0	0	80	1
2894	1000	316	0.18354430379746836	0.7721518987341772	0.04430379746835443	0	0	316	1
2894	2000	1256	0.35828025477707004	0.5820063694267515	0.037420382165605094	0.021496815286624203	7.961783439490446e-4	1256	1
2894	5000	7837	0.29220364935562076	0.5170345795585045	0.01059078729105525	0.034579558504529796	0.14559142529028965	7837	1
2894	10000	31322	0.20589362109699252	0.5606283123683035	0.058648872996615795	0.02352978736989975	0.1512994061681885	31322	1
2899	500	76	0.6447368421052632	0	0.35526315789473684	0	0	76	1
2899	1000	310	0.8838709677419355	0.02903225806451613	0.08709677419354839	0	0	310	1
2899	2000	1248	0.9158653846153846	0.06169871794871795	0.021634615384615384	8.012820512820513e-4	0	1248	1
2899	5000	7823	0.9063019302058034	0.048319059184456094	0.01674549405598875	0.028633516553751757	0	7823	1
2899	10000	31311	0.7517166491009549	0.16307368017629587	0.031075340934495863	0.053272013030564336	8.623167576889911e-4	31311	1
2903	500	74	0.25675675675675674	0.1891891891891892	0	0.5540540540540541	0	74	1
2903	1000	310	0.3870967741935484	0.4290322580645161	0	0.18387096774193548	0	310	1
2903	2000	1245	0.22409638554216868	0.5903614457831325	0.08353413654618475	0.10200803212851406	0	1245	1
2903	5000	7821	0.18335251246643652	0.6878915739675233	0.057025955760132974	0.062268252141669866	0.00946170566423731	7821	1
2903	10000	31281	0.274351842971772	0.6084843834915764	0.01892522617563377	0.04868770179981458	0.04955084556120329	31281	1
2904	500	77	0.974025974025974	0.025974025974025976	0	0	0	77	1
2904	1000	312	0.8173076923076923	0.18269230769230768	0	0	0	312	1
2904	2000	1249	0.566052842273819	0.42033626901521215	0	0.013610888710968775	0	1249	1
2904	5000	7823	0.45903106225233287	0.484341045634667	0.013294132685670458	0.03208487792407005	0.011248881503259619	7823	1
2904	10000	31283	0.38580059457213184	0.5295208260077359	0.028226193140044112	0.030655627657194002	0.025796758622894225	31283	1
2905	500	79	0	0.8734177215189873	0.12658227848101267	0	0	79	1
2905	1000	314	0	0.9331210191082803	0.06687898089171974	0	0	314	1
2905	2000	1255	0	0.8828685258964143	0.05816733067729084	0.05896414342629482	0	1255	1
2905	5000	7827	0.05787658106554235	0.7960904561134534	0.07180273412546315	0.03769004727226268	0.036540181423278396	7827	1
2905	10000	31315	0.06354782053329075	0.7872904358933418	0.03582947469263931	0.03787322369471499	0.0754590451860131	31315	1
2907	500	55	0.8	0	0	0.2	0	77	0.7142857142857143
2907	1000	175	0.7314285714285714	0	0	0.26857142857142857	0	309	0.5663430420711975
2907	5000	4148	0.6128254580520733	0	0.2598842815814851	0.12463837994214079	0.002651880424300868	7822	0.5302991562260292
2907	10000	16130	0.7176689398636081	0.004773713577185369	0.16323620582765033	0.10520768753874768	0.009113453192808431	31285	0.5155825475467476
2908	500	62	1	0	0	0	0	78	0.7948717948717948
2908	1000	201	1	0	0	0	0	316	0.6360759493670886
2908	2000	739	0.9174560216508796	0.06089309878213803	0.02165087956698241	0	0	1254	0.5893141945773525
2908	5000	4185	0.6348864994026284	0.05017921146953405	0.05949820788530466	0.08984468339307049	0.16559139784946236	7831	0.5344145064487295
2910	500	77	0.45454545454545453	0	0.5454545454545454	0	0	77	1
2910	1000	261	0.42911877394636017	0	0.5708812260536399	0	0	311	0.8392282958199357
2910	2000	780	0.6384615384615384	0	0.36153846153846153	0	0	1252	0.6230031948881789
2910	10000	16931	0.6066387100584726	0.18699427086409545	0.16100643789498553	0.0404583308723643	0.0049022503100820975	31273	0.541393534358712
2911	500	78	0	1	0	0	0	78	1
2911	1000	312	0	1	0	0	0	312	1
2911	2000	1254	0	0.9385964912280702	0.02073365231259968	0.04066985645933014	0	1254	1
2911	5000	7823	0.01636200945928672	0.6529464399846606	0.03630320848779241	0.044100728620733734	0.25028761344752654	7823	1
2911	10000	31321	0.014878196737013506	0.6917403658887009	0.07898853804156955	0.05015804093100476	0.16423485840171131	31321	1
2912	500	78	0	0.8846153846153846	0.11538461538461539	0	0	78	1
2912	1000	311	0	0.77491961414791	0.16720257234726688	0	0.05787781350482315	311	1
2912	2000	1249	0.012810248198558846	0.7662129703763011	0.16413130504403523	0	0.05684547638110488	1249	1
2912	5000	7817	0.05129845209159524	0.675578866572854	0.2131252398618396	0.019316873480875015	0.04068056799283613	7817	1
2912	10000	31305	0.04111164350742693	0.586519725283501	0.2725443219932918	0.027152212106692223	0.07267209710908801	31305	1
2913	500	79	0	0.3924050632911392	0.6075949367088608	0	0	79	1
2913	1000	314	0	0.6210191082802548	0.3630573248407643	0	0.01592356687898089	314	1
2913	2000	1254	0	0.7623604465709729	0.18421052631578946	0.004784688995215311	0.04864433811802233	1254	1
2913	5000	7827	0.047144499808355694	0.5917976236105787	0.26855755717388524	0.004343937651718411	0.08815638175546187	7827	1
2913	10000	31285	0.03736614991209845	0.5706568643119706	0.31254594853763784	0.017644238452932715	0.0617867987853604	31285	1
2915	500	80	0.0125	0.4875	0.5	0	0	80	1
2915	1000	315	0.19365079365079366	0.4444444444444444	0.35873015873015873	0.0031746031746031746	0	315	1
2915	2000	1255	0.3673306772908366	0.3139442231075697	0.2653386454183267	0.05338645418326693	0	1255	1
2915	5000	6968	0.32964982778415614	0.1961825487944891	0.17738231917336394	0.1690585533869116	0.1277267508610792	7832	0.8896833503575077
2915	10000	22579	0.49993356658842286	0.1449577040612959	0.08273174188405155	0.14469197041498738	0.1276850170512423	31322	0.7208671221505651
2916	500	79	0.7341772151898734	0	0	0.26582278481012656	0	79	1
2916	1000	315	0.692063492063492	0.012698412698412698	0	0.29523809523809524	0	315	1
2916	2000	1254	0.7432216905901117	0.11562998405103668	0	0.14114832535885166	0	1254	1
2916	5000	7040	0.6372159090909091	0.23778409090909092	0.020596590909090908	0.10440340909090909	0	7823	0.8999105202607696
2916	10000	21929	0.5319440010944412	0.3636280724155228	0.02708741848693511	0.07734050800310091	0	31298	0.7006517988369864
2917	500	78	0	0.5512820512820513	0.44871794871794873	0	0	78	1
2917	1000	312	0	0.4358974358974359	0.5641025641025641	0	0	312	1
2917	2000	1253	0.007980845969672785	0.39106145251396646	0.6009577015163607	0	0	1253	1
2917	5000	7812	0.023553507424475168	0.2846902201740911	0.634536610343062	0.007040450588837685	0.05017921146953405	7812	1
2917	10000	29142	0.023985999588223183	0.359206643332647	0.562212614096493	0.008269851074051197	0.04632489190858555	31288	0.9314114037330606
2918	500	79	0.5949367088607594	0	0.4050632911392405	0	0	79	1
2918	1000	313	0.5527156549520766	0	0.4472843450479233	0	0	313	1
2918	2000	1253	0.6145251396648045	0	0.37829209896249	0.007182761372705506	0	1253	1
2918	5000	7822	0.791869087189977	0.051393505497315264	0.1327026335975454	0.024034773715162362	0	7822	1
2918	10000	31303	0.8329872536178641	0.09545410982972878	0.05018688304635339	0.021371753506053734	0	31303	1
2919	500	78	0.5128205128205128	0.4358974358974359	0	0	0.05128205128205128	78	1
2919	1000	311	0.20257234726688103	0.5884244372990354	0	0	0.2090032154340836	311	1
2919	2000	1251	0.050359712230215826	0.7689848121502798	0	0	0.1806554756195044	1251	1
2919	5000	7827	0.04369490226140284	0.7693880158425962	0	0.020825348153826497	0.16609173374217454	7827	1
2919	10000	31299	0.04290871912840666	0.7713025975270775	0.00252404230167098	0.016581999424901753	0.16668264161794308	31299	1
2920	500	76	0	0	0.8947368421052632	0.10526315789473684	0	76	1
2920	1000	274	0.15693430656934307	0	0.7262773722627737	0.11678832116788321	0	310	0.8838709677419355
2920	2000	884	0.6131221719457014	0	0.31334841628959276	0.07352941176470588	0	1246	0.709470304975923
2920	5000	4534	0.7205558006175562	4.411116012351125e-4	0.22981914424349362	0.04918394353771504	0	7818	0.5799437196213866
2920	10000	18177	0.7315288551466138	0.007151895252241844	0.23612257248170765	0.025196677119436652	0	31289	0.5809389881427978
2922	500	80	0	0	1	0	0	80	1
2922	1000	315	0.012698412698412698	0	0.9873015873015873	0	0	315	1
2922	2000	1252	0.13578274760383385	0	0.8642172523961661	0	0	1252	1
2922	5000	7786	0.36783971230413565	0	0.611610583097868	0.020549704597996404	0	7831	0.9942536074575405
2922	10000	26585	0.5355651683280045	0.014669926650366748	0.42994169644536395	0.019823208576264812	0	31306	0.8491982367597266
2924	500	64	0.46875	0	0	0.53125	0	79	0.810126582278481
2927	500	76	0.8026315789473685	0.19736842105263158	0	0	0	76	1
2927	1000	308	0.5064935064935064	0.2824675324675325	0.21103896103896103	0	0	308	1
2927	2000	1248	0.4551282051282051	0.3333333333333333	0.19230769230769232	0	0.019230769230769232	1248	1
2927	5000	7815	0.5164427383237364	0.3371721049264235	0.12412028150991683	0.007677543186180422	0.014587332053742802	7815	1
2927	10000	31298	0.47437535944788806	0.4042111317017062	0.08358361556648987	0.02051249281104224	0.017317400472873667	31298	1
2928	500	78	0.6410256410256411	0	0.358974358974359	0	0	78	1
2928	1000	312	0.4551282051282051	0.2532051282051282	0.2916666666666667	0	0	312	1
2928	2000	1253	0.4134078212290503	0.3343974461292897	0.20670391061452514	0	0.04549082202713488	1253	1
2928	5000	7833	0.4962338822928635	0.3749521256223669	0.10519596578577811	0.009064215498531852	0.014553810800459595	7833	1
2928	10000	31307	0.4762193758584342	0.40332832912767114	0.08087648129811224	0.02203979940588367	0.017536014309898745	31307	1
2930	500	78	0.6153846153846154	0.2692307692307692	0	0	0.11538461538461539	78	1
2930	1000	314	0.25796178343949044	0.5573248407643312	0	0	0.18471337579617833	314	1
2930	2000	1258	0.11685214626391097	0.5588235294117647	0	0.031001589825119236	0.2933227344992051	1258	1
2930	5000	7833	0.13021830716200689	0.5696412613302694	0.0011489850631941786	0.10608962083492915	0.1929018256096004	7833	1
2930	10000	31340	0.11225271218889597	0.592884492661136	0.019495851946394385	0.1335673261008296	0.1417996171027441	31340	1
2932	500	79	0.6329113924050633	0	0.3670886075949367	0	0	79	1
2932	1000	314	0.7229299363057324	0	0.2770700636942675	0	0	314	1
2932	2000	1195	0.7129707112970711	0	0.2518828451882845	0.035146443514644354	0	1250	0.956
2932	5000	5378	0.7554853105243585	0	0.1885459278542209	0.05169207883971737	0.0042766827817032355	7824	0.6873721881390593
2932	10000	16427	0.739331588238875	0.004687404882206124	0.16503317708650392	0.08206002313264747	0.008887806659767456	31307	0.5247069345513783
2933	500	78	0	0.7307692307692307	0	0.08974358974358974	0.1794871794871795	78	1
2933	1000	310	0	0.5129032258064516	0	0.15161290322580645	0.33548387096774196	310	1
2933	2000	1251	0.03677058353317346	0.6155075939248601	0	0.13509192645883294	0.21262989608313348	1251	1
2933	5000	7822	0.10240347737151624	0.7142674507798517	0.013679365891076451	0.05906417795960112	0.11058552799795449	7822	1
2933	10000	31304	0.28625734730385893	0.5974635829286992	0.025332225913621262	0.04552133912599029	0.04542550472783031	31304	1
2934	500	78	0	1	0	0	0	78	1
2934	1000	310	0	0.9709677419354839	0	0	0.02903225806451613	310	1
2934	2000	1250	0	0.8456	0	0	0.1544	1250	1
2934	5000	7819	0.08146821844225605	0.8064969945005755	0	0.011638316920322292	0.10039647013684615	7819	1
2934	10000	31312	0.09258431272355647	0.7731859989780276	0	0.024782830863566682	0.10944685743484926	31312	1
2935	500	78	0.14102564102564102	0.8589743589743589	0	0	0	78	1
2935	1000	285	0.2982456140350877	0.7017543859649122	0	0	0	316	0.9018987341772152
2935	2000	990	0.32525252525252524	0.6747474747474748	0	0	0	1259	0.7863383637807784
2935	5000	6758	0.30378810298905	0.5984018940514946	0.08597218111867416	0.007250665877478544	0.0045871559633027525	7825	0.8636421725239617
2935	10000	23290	0.24577071704594247	0.6407900386431945	0.056762559038213825	0.023271790468012022	0.03340489480463718	31299	0.7441132304546472
2937	500	81	0.12345679012345678	0.24691358024691357	0.6296296296296297	0	0	81	1
2937	1000	316	0.3924050632911392	0.22784810126582278	0.379746835443038	0	0	316	1
2937	2000	1253	0.4692737430167598	0.31444533120510776	0.1827613727055068	0.0335195530726257	0	1253	1
2937	5000	7829	0.5434921445906246	0.3732277430067697	0.03193255843658194	0.05134755396602376	0	7829	1
2937	10000	31291	0.37365376625866864	0.5130229139369148	0.015307916014189384	0.09414847719791633	0.003866926592310888	31291	1
2940	500	79	0	0.16455696202531644	0.8354430379746836	0	0	79	1
2940	1000	316	0.0031645569620253164	0.5569620253164557	0.439873417721519	0	0	316	1
2940	2000	1255	0.23187250996015937	0.5211155378486055	0.20717131474103587	0.03266932270916335	0.007171314741035857	1255	1
2940	5000	7829	0.2558436581938945	0.39213181760122623	0.2406437603780815	0.048282028356111895	0.06309873547068591	7829	1
2940	10000	31306	0.28930556442854405	0.45572733661278986	0.13812048808535105	0.02977065099341979	0.08707595987989523	31306	1
2941	500	80	0.7	0	0	0.3	0	80	1
2941	1000	313	0.7188498402555911	0.09904153354632587	0	0.18210862619808307	0	313	1
2941	2000	1252	0.5071884984025559	0.3977635782747604	0	0.0950479233226837	0	1252	1
2941	5000	7828	0.3316300459887583	0.5587634133878385	0.0034491568727644355	0.10615738375063874	0	7828	1
2941	10000	31305	0.45347388596070914	0.428941063727839	0.00881648298993771	0.10790608528988979	8.624820316243412e-4	31305	1
2944	500	80	0	0	0	0	1	80	1
2944	1000	314	0	0	0	0.1464968152866242	0.8535031847133758	314	1
2944	2000	1254	0.1467304625199362	0	0	0.23365231259968103	0.6196172248803827	1254	1
2944	5000	6353	0.21973870612309146	6.296237997796317e-4	0	0.24555328191405634	0.5340783881630725	7832	0.8111593462717058
2944	10000	19909	0.32211562609874933	0.012657592043799288	0.009242051333567734	0.30629363604400023	0.34969109447988345	31304	0.635989010989011
2946	500	78	0	0.23076923076923078	0.7692307692307693	0	0	78	1
2946	1000	316	0	0.24367088607594936	0.7563291139240507	0	0	316	1
2946	2000	1252	0.03274760383386582	0.3266773162939297	0.6405750798722045	0	0	1252	1
2946	5000	7825	0.07591054313099041	0.5015974440894568	0.36996805111821085	0.0048562300319488815	0.04766773162939297	7825	1
2946	10000	31298	0.08109144354271838	0.44146590836475175	0.3638571154706371	0.009233816857307175	0.1043517157645856	31298	1
2947	500	79	0	0.8987341772151899	0	0.10126582278481013	0	79	1
2947	1000	312	0.04487179487179487	0.8493589743589743	0	0.10576923076923077	0	312	1
2947	2000	1249	0.053642914331465175	0.899919935948759	0	0.04643714971977582	0	1249	1
2947	5000	7828	0.11688809402146141	0.8344404701073072	0	0.04266734798160449	0.00600408788962698	7828	1
2947	10000	31314	0.11355943028677269	0.6253432969278917	0.004662451299738136	0.039535032253943926	0.21689978923165357	31314	1
2948	500	77	0.16883116883116883	0.45454545454545453	0.37662337662337664	0	0	77	1
2948	1000	311	0.24758842443729903	0.6334405144694534	0.1189710610932476	0	0	311	1
2948	2000	1250	0.2848	0.6856	0.0296	0	0	1250	1
2948	5000	7825	0.39399361022364215	0.557444089456869	0.004728434504792332	0.043833865814696484	0	7825	1
2948	10000	31288	0.40334952697519816	0.49705957555612373	0.011410125287650218	0.043850677576067504	0.04433009460496037	31288	1
2949	500	79	0.34177215189873417	0.06329113924050633	0.17721518987341772	0.4177215189873418	0	79	1
2949	1000	317	0.444794952681388	0.13249211356466878	0.14511041009463724	0.277602523659306	0	317	1
2949	2000	1228	0.495928338762215	0.07166123778501629	0.03908794788273615	0.3933224755700326	0	1254	0.9792663476874003
2949	5000	5955	0.44836272040302266	0.26767422334172963	0.04752308984047019	0.23543240973971452	0.0010075566750629723	7829	0.7606335419593818
2949	10000	21898	0.3999452004749292	0.4290346150333364	0.022102475111882364	0.14499041008311261	0.003927299296739429	31319	0.6991921836584821
2950	500	76	0.3157894736842105	0.3026315789473684	0.17105263157894737	0.21052631578947367	0	76	1
2950	1000	309	0.24271844660194175	0.11974110032362459	0.14563106796116504	0.4919093851132686	0	309	1
2950	2000	1141	0.32164767747589834	0.1165644171779141	0.042068361086765996	0.5197195442594216	0	1246	0.9157303370786517
2950	5000	5616	0.3970797720797721	0.28187321937321935	0.04718660968660968	0.2719017094017094	0.001958689458689459	7822	0.7179749424699565
2950	10000	21263	0.4068569816112496	0.4167803226261581	0.022151154587781594	0.14988477637210176	0.004326764802708931	31312	0.6790687276443536
2951	500	80	0	0.9875	0	0	0.0125	80	1
2951	1000	316	0	0.9556962025316456	0	0	0.04430379746835443	316	1
2951	2000	1257	0	0.9371519490851233	0	0	0.06284805091487669	1257	1
2951	5000	7834	0.02208322695940771	0.8616287975491448	0.006127138115905029	0.05565483788613735	0.054505999489405155	7834	1
2951	10000	31311	0.056465778799782824	0.7899140877008081	0.015489763980709654	0.07511737089201878	0.06301299862668072	31311	1
2952	500	78	0	1	0	0	0	78	1
2952	1000	316	0	0.9683544303797469	0	0	0.03164556962025317	316	1
2952	2000	1253	0	0.9353551476456504	0	0	0.06464485235434957	1253	1
2952	5000	7832	0.022088866189989786	0.8654239019407559	0.006511746680286006	0.05158324821246169	0.054392236976506636	7832	1
2952	10000	31326	0.05611951733384409	0.7889293238843134	0.015035433824937751	0.07504947966545361	0.06486624529145119	31326	1
2953	500	81	0.654320987654321	0.1111111111111111	0.2345679012345679	0	0	81	1
2953	1000	316	0.5727848101265823	0.3291139240506329	0.0981012658227848	0	0	316	1
2953	2000	1254	0.5015948963317385	0.4609250398724083	0.024720893141945772	0.012759170653907496	0	1254	1
2953	5000	7832	0.4562053115423902	0.3816394279877426	0.06179775280898876	0.10035750766087845	0	7832	1
2953	10000	31313	0.3742854405518475	0.48561300418356595	0.07025835914795772	0.06390317120684699	0.0059400249097818795	31313	1
2954	500	74	0.5540540540540541	0	0	0.44594594594594594	0	74	1
2954	1000	308	0.7954545454545454	0.006493506493506494	0	0.19805194805194806	0	308	1
2954	2000	1243	0.7916331456154465	0.06033789219629927	0.008045052292839904	0.13998390989541432	0	1243	1
2954	5000	7815	0.6255918106206014	0.19680102367242483	0.09200255918106207	0.0856046065259117	0	7815	1
2954	10000	31309	0.5576671244690026	0.33063975214794467	0.037305567089335336	0.07390846082596059	4.7909546775687503e-4	31309	1
2955	500	78	0.5384615384615384	0.07692307692307693	0	0.38461538461538464	0	78	1
2955	1000	301	0.4053156146179402	0.1461794019933555	0.006644518272425249	0.4418604651162791	0	310	0.9709677419354839
2955	2000	1002	0.5189620758483033	0.08782435129740519	0.06487025948103792	0.3283433133732535	0	1250	0.8016
2955	5000	5364	0.5434377330350485	0.19444444444444445	0.04548844146159582	0.2162565249813572	3.728560775540641e-4	7825	0.6854952076677316
2955	10000	20359	0.3926518984233017	0.42703472665651554	0.023773269806964977	0.152512402377327	0.004027702735890761	31308	0.6502810783186406
2956	500	78	0.01282051282051282	0.9871794871794872	0	0	0	78	1
2956	1000	316	0.12974683544303797	0.8449367088607594	0.02531645569620253	0	0	316	1
2956	2000	1257	0.294351630867144	0.6412092283214001	0.06443914081145585	0	0	1257	1
2956	5000	7832	0.31320224719101125	0.3787027579162411	0.2635342185903984	0.04124106230847804	0.003319713993871297	7832	1
2956	10000	31304	0.4355673396371071	0.3244633273703041	0.17208663429593662	0.023032200357781755	0.044850498338870434	31304	1
2957	500	80	0.4875	0.35	0	0.1625	0	80	1
2957	1000	315	0.20634920634920634	0.5111111111111111	0	0.28253968253968254	0	315	1
2957	2000	1257	0.2307080350039777	0.6332537788385044	0.002386634844868735	0.13365155131264916	0	1257	1
2957	5000	7831	0.18018133060911762	0.7280040863235857	0.009321925679989785	0.061550249010343505	0.020942408376963352	7831	1
2957	10000	31324	0.27174051845230496	0.6407227684842294	0.004277870003830928	0.051398288851998465	0.03186055420763632	31324	1
2958	500	79	0.8860759493670886	0	0	0.11392405063291139	0	79	1
2958	1000	314	0.732484076433121	0	0	0.18471337579617833	0.08280254777070063	314	1
2958	2000	1255	0.7219123505976096	0.04462151394422311	0	0.200796812749004	0.03266932270916335	1255	1
2958	5000	7832	0.791241062308478	0.07520429009193054	0.01570480081716037	0.11146578140960163	0.006384065372829418	7832	1
2958	10000	30882	0.7154005569587462	0.12055566349329706	0.06599313515963992	0.07289035684217343	0.025160287546143384	31330	0.9857006064474945
2959	500	77	0.025974025974025976	0.4155844155844156	0	0.5584415584415584	0	77	1
2959	1000	312	0.0641025641025641	0.5096153846153846	0	0.42628205128205127	0	312	1
2959	2000	1249	0.19615692554043235	0.49399519615692555	0	0.2570056044835869	0.05284227381905524	1249	1
2959	5000	7821	0.27349443805140006	0.49865746068277716	0.0860503771896177	0.12453650428333973	0.01726121979286536	7821	1
2959	10000	31295	0.25093465409809873	0.6096501038504554	0.059722000319539864	0.06739095702188848	0.012302284710017574	31295	1
2960	500	75	0	1	0	0	0	75	1
2960	1000	312	0.01282051282051282	0.9871794871794872	0	0	0	312	1
2960	2000	1247	0.2694466720128308	0.6888532477947072	0	0.04170008019246191	0	1247	1
2960	5000	7823	0.42848012271507097	0.4849801866291704	0.007925348331842004	0.02850568835485108	0.050108653969065574	7823	1
2960	10000	31268	0.35128565946015095	0.4646603556351542	0.10585902520148395	0.02955097863630549	0.04864398106690546	31268	1
3115	500	79	0	1	0	0	0	79	1
3115	1000	316	0.015822784810126583	0.9841772151898734	0	0	0	316	1
3115	2000	1256	0.09872611464968153	0.8686305732484076	0	0	0.03264331210191083	1256	1
3115	5000	7837	0.09212708944749266	0.8491769809876228	0	0.02858236570116116	0.030113563863723363	7837	1
3115	10000	31333	0.12143746210066064	0.7816040596176556	0.009000095745699422	0.03983021095969106	0.048128171576293365	31333	1
3128	500	78	0	1	0	0	0	78	1
3128	1000	313	0	0.8434504792332268	0.08945686900958466	0	0.0670926517571885	313	1
3128	2000	1255	0	0.7625498007968128	0.06772908366533864	0	0.1697211155378486	1255	1
3128	5000	7831	0.06065636572596093	0.49010343506576426	0.010854297024645639	0.016345294342995784	0.42204060784063335	7831	1
3128	10000	31302	0.028400741166698613	0.4861670180819117	0.0027154814388856943	0.01769854961344323	0.46501820969906077	31302	1
3129	500	79	0	0.6708860759493671	0	0	0.3291139240506329	79	1
3129	1000	315	0	0.5587301587301587	0	0	0.44126984126984126	315	1
3129	2000	1253	0	0.5019952114924182	0.019952114924181964	0	0.47805267358339987	1253	1
3129	5000	7831	0.022474779721619206	0.39318094751628146	0.010854297024645639	0.01532371344655855	0.5581662622908952	7831	1
3129	10000	31316	0.027557797930770213	0.42441563418061057	0.0064823093626261334	0.01382679780303998	0.5277174607229531	31316	1
3130	500	78	0	0.8333333333333334	0	0	0.16666666666666666	78	1
3130	1000	311	0.01929260450160772	0.8102893890675241	0	0.04180064308681672	0.12861736334405144	311	1
3130	2000	1253	0.20430965682362331	0.6935355147645651	0.012769353551476457	0.025538707102952914	0.06384676775738228	1253	1
3130	5000	7812	0.3992575524833589	0.489247311827957	0.03917050691244239	0.05913978494623656	0.01318484383000512	7812	1
3130	10000	31286	0.336284600140638	0.5009588953525539	0.06804960685290545	0.038611519529502016	0.05609537812440069	31286	1
3132	500	77	0.22077922077922077	0.7792207792207793	0	0	0	77	1
3132	1000	311	0.6752411575562701	0.3247588424437299	0	0	0	311	1
3132	2000	1247	0.8901363271852446	0.08821170809943865	0.02165196471531676	0	0	1247	1
3132	5000	7820	0.9355498721227622	0.041176470588235294	0.02276214833759591	5.115089514066496e-4	0	7820	1
3132	10000	27153	0.8166685080838213	0.06422863035392037	0.08599418112179133	0.031893345118403124	0.0012153353220638603	31303	0.8674248474587101
3135	500	78	0.15384615384615385	0.8461538461538461	0	0	0	78	1
3135	1000	312	0.09935897435897435	0.9006410256410257	0	0	0	312	1
3135	2000	1250	0.0296	0.9544	0	0	0.016	1250	1
3135	5000	7826	0.064528494761052907	0.7872476360848454	0	0.009200102223358037	0.13902376693074367	7826	1
3135	10000	31265	0.08178474332320486	0.8187749880057572	0.009467455621301775	0.020630097553174475	0.06934271549656165	31265	1
3136	500	77	0	0.987012987012987	0	0	0.012987012987012988	77	1
3136	1000	311	0	0.8842443729903537	0	0	0.1157556270096463	311	1
3136	2000	1251	0	0.9024780175859313	0	0	0.09752198241406874	1251	1
3136	5000	7818	0.0037093885904323355	0.9091839345101049	0	0	0.08710667689946278	7818	1
3136	10000	31325	0.04255387071029529	0.8343814844373504	0.011428571428571429	0.01698324022346369	0.09465283320031924	31325	1
3137	500	78	0	1	0	0	0	78	1
3137	1000	316	0	1	0	0	0	316	1
3137	2000	1264	0	0.9335443037974683	0	0.037183544303797465	0.029272151898734177	1264	1
3137	5000	7831	0.14289362788915846	0.787766568765164	0.014685225386285276	0.02515642957476695	0.02949814838462521	7831	1
3137	10000	31317	0.15614522463837532	0.7425360028099754	0.01641281093335888	0.018648018648018648	0.06625794297027174	31317	1
3139	500	79	0	0	1	0	0	79	1
3139	1000	315	0.025396825396825397	0.0031746031746031746	0.9714285714285714	0	0	315	1
3139	2000	1238	0.1429725363489499	0.017770597738287562	0.8319870759289176	8.077544426494346e-4	0.006462035541195477	1253	0.9880287310454908
3139	5000	7417	0.3931508696238371	0.058514224079816636	0.4410138870163139	0.05716597006876095	0.0501550492112714	7828	0.9474961676034747
3139	10000	28604	0.3484128093972871	0.2967766745909663	0.20643965878898057	0.03052020696406097	0.11785065025870507	31323	0.9131947770009259
3140	500	79	0.012658227848101266	0.17721518987341772	0	0.810126582278481	0	79	1
3140	1000	278	0.2841726618705036	0.2517985611510791	0.07913669064748201	0.28776978417266186	0.09712230215827339	313	0.8881789137380192
3140	2000	860	0.336046511627907	0.40348837209302324	0.1058139534883721	0.09302325581395349	0.06162790697674419	1254	0.6858054226475279
3140	5000	4469	0.11792347281270978	0.7390915193555605	0.030879391362720967	0.07898858805101812	0.0331170284179906	7836	0.5703164880040837
3141	500	77	0.33766233766233766	0.6623376623376623	0	0	0	77	1
3141	1000	311	0.2379421221864952	0.7620578778135049	0	0	0	311	1
3141	2000	1249	0.12810248198558846	0.8126501200960768	0	0.02241793434747798	0.03682946357085669	1249	1
3141	5000	5535	0.0874435411020777	0.7024390243902439	0.024932249322493227	0.05745257452574526	0.12773261065943992	7820	0.7078005115089514
3145	500	77	0	1	0	0	0	77	1
3145	1000	310	0	1	0	0	0	310	1
3145	2000	1250	0.0032	0.9216	0	0.048	0.0272	1250	1
3145	5000	7824	0.012269938650306749	0.913982617586912	0	0.024028629856850715	0.04971881390593047	7824	1
3145	10000	31289	0.05426827319505258	0.8470069353446898	0.008852951516507399	0.039502700629614244	0.05036913931413596	31289	1
3146	500	79	0	0	0.189873417721519	0.810126582278481	0	79	1
3146	1000	256	0	0	0.30078125	0.69921875	0	314	0.8152866242038217
3146	2000	801	0.0299625468164794	0.052434456928838954	0.34581772784019976	0.5717852684144819	0	1255	0.6382470119521912
3147	500	78	0.34615384615384615	0.6538461538461539	0	0	0	78	1
3147	1000	312	0.13782051282051283	0.8621794871794872	0	0	0	312	1
3147	2000	1256	0.11464968152866242	0.8519108280254777	0	0.013535031847133758	0.019904458598726114	1256	1
3147	5000	7827	0.06592564200843234	0.8272645969081385	0	0.010476555512967932	0.096333205570461225	7827	1
3147	10000	31280	0.065153452685422	0.7853580562659846	0	0.019789002557544757	0.1296994884910486	31280	1
3148	500	76	0	0	1	0	0	78	0.9743589743589743
3148	1000	282	0	0	0.9680851063829787	0	0.031914893617021274	316	0.8924050632911392
3148	2000	953	0	0	0.9569779643231899	0	0.04302203567681007	1259	0.7569499602859412
3148	5000	4689	0	0.03049690765621668	0.8873960332693538	0.02452548517807635	0.05758157389635317	7827	0.5990801073208126
3148	10000	19946	0.031284468063772185	0.2144289581871052	0.6455429660082223	0.027975533941642435	0.080768073799258	31301	0.6372320373151018
3149	500	78	0.4230769230769231	0.3974358974358974	0	0	0.1794871794871795	78	1
3149	1000	311	0.2829581993569132	0.3954983922829582	0	0	0.3215434083601286	311	1
3149	2000	1254	0.08373205741626795	0.42822966507177035	0	0.04066985645933014	0.4473684210526316	1254	1
3149	5000	7818	0.07559478127398311	0.6170376055257099	0	0.0588385776413405	0.2485290355589665	7818	1
3149	10000	31293	0.08442782730962196	0.5281053270699517	9.586808551433227e-4	0.045984725018374716	0.34052343974690824	31293	1
3150	500	78	0	0.6025641025641025	0.3974358974358974	0	0	78	1
3150	1000	268	0	0.8246268656716418	0.17537313432835822	0	0	315	0.8507936507936508
3150	2000	1058	0	0.7088846880907372	0.2655954631379962	0.02551984877126654	0	1249	0.8470776621297038
3150	5000	5896	0.11397557666214382	0.7157394843962008	0.13805970149253732	0.024932157394843963	0.007293080054274084	7816	0.7543500511770727
3150	10000	18434	0.11614408158836932	0.7536617120538136	0.10231094716285126	0.020885320603233157	0.006997938591732668	31285	0.5892280645676842
3151	500	53	0	0	1	0	0	79	0.6708860759493671
3151	1000	190	0	0	1	0	0	314	0.6050955414012739
3151	2000	779	0	0	1	0	0	1255	0.6207171314741036
3151	5000	4479	0.029694128153605715	0	0.9629381558383567	0.007367716008037508	0	7828	0.5721768012263669
3152	500	79	0	0	1	0	0	79	1
3152	1000	315	0	0	1	0	0	315	1
3152	2000	1255	0	0	1	0	0	1255	1
3152	5000	6448	0.06405086848635236	0	0.934863523573201	0.0010856079404466502	0	7829	0.8236045471963214
3152	10000	19396	0.42482986182718085	0	0.5373272839760775	0.0378428541967416	0	31301	0.6196607137152168
3154	500	81	0	0	1	0	0	81	1
3154	1000	316	0	0	1	0	0	316	1
3154	2000	1167	0	0	1	0	0	1254	0.930622009569378
3154	5000	5842	0.051181102362204724	0	0.9457377610407395	0.0030811365970558027	0	7834	0.7457237681899412
3154	10000	17956	0.39000891067052795	0	0.5701158387168634	0.0398752506126086	0	31304	0.5736008177868643
3155	500	76	0.18421052631578946	0	0.7105263157894737	0.10526315789473684	0	76	1
3155	1000	298	0.42953020134228187	0	0.31208053691275167	0.25838926174496646	0	310	0.9612903225806452
3155	2000	924	0.6396103896103896	0	0.22510822510822512	0.13528138528138528	0	1249	0.7397918334667735
3156	500	79	0	0.8607594936708861	0	0.13924050632911392	0	79	1
3156	1000	317	0	0.8801261829652997	0	0.11987381703470032	0	317	1
3156	2000	1253	0	0.8659217877094972	0	0.052673583399840386	0.08140462889066241	1253	1
3156	5000	7826	0	0.8154868387426527	0	0.07986199846664963	0.10465116279069768	7826	1
3156	10000	31316	0.004949546557670201	0.7798569421382041	0.005173074466726274	0.09116745433644144	0.11885298250095798	31316	1
3162	500	79	0.35443037974683544	0	0.5949367088607594	0.05063291139240506	0	79	1
3162	1000	271	0.6273062730627307	0	0.2730627306273063	0.0996309963099631	0	315	0.8603174603174604
3162	2000	935	0.8663101604278075	0	0.07914438502673797	0.05454545454545454	0	1252	0.7468051118210862
3162	5000	5258	0.8238874096614682	0.008558387219475086	0.11563332065424116	0.05192088246481552	0	7827	0.6717771815510413
3162	10000	19568	0.7061529026982829	0.14314186426819298	0.09132256745707278	0.05498773507767784	0.004394930498773508	31293	0.6253155657814847
3163	500	76	0.4868421052631579	0.5131578947368421	0	0	0	76	1
3163	1000	310	0.3548387096774194	0.6	0	0	0.04516129032258064	310	1
3163	2000	1217	0.16926869350862778	0.7502054231717338	0.007395234182415777	0.02218570254724733	0.05094494658997535	1246	0.9767255216693419
3163	5000	4136	0.08752417794970986	0.8075435203094777	0.008945841392649903	0.08099613152804643	0.014990328820116054	7819	0.5289678987082748
3165	500	77	0	0	1	0	0	77	1
3165	1000	310	0	0	0.8354838709677419	0	0.16451612903225807	310	1
3165	2000	1244	0	0	0.889871382636656	0	0.11012861736334405	1244	1
3165	5000	7703	0.00973646631182656	0.042061534467090746	0.8265610800986628	0.01531870699727379	0.10632221212514605	7807	0.9866786217497118
3165	10000	28927	0.03902928060289695	0.11055415355895876	0.7547274172918035	0.017077470874961108	0.07861167767137968	31273	0.9249832123557062
3166	500	80	1	0	0	0	0	80	1
3166	1000	314	0.9681528662420382	0.03184713375796178	0	0	0	314	1
3166	2000	1251	0.7569944044764189	0.12629896083133493	0	0	0.11670663469224621	1251	1
3166	5000	7835	0.5452456924058711	0.2257817485641353	0.003190810465858328	0.01684747925973197	0.20893426930440331	7835	1
3166	10000	31292	0.4521283395116963	0.33165026204780773	0.03969065575866036	0.023072989901572288	0.15345775278026333	31292	1
3167	500	77	0.4155844155844156	0.4025974025974026	0	0.18181818181818182	0	77	1
3167	1000	311	0.5562700964630225	0.3247588424437299	0.03536977491961415	0.08360128617363344	0	311	1
3167	2000	1058	0.4820415879017013	0.2939508506616257	0.19187145557655955	0.03213610586011342	0	1248	0.8477564102564102
3167	5000	5612	0.3487170349251604	0.5085531004989309	0.12241625089094797	0.011225944404846757	0.009087669280114041	7818	0.7178306472243541
3167	10000	24206	0.28790382549781046	0.5612658018673057	0.09576138147566719	0.04267536974303891	0.012393621416177808	31292	0.7735523456474498
3170	500	79	0.12658227848101267	0.5443037974683544	0	0	0.3291139240506329	79	1
3170	1000	316	0.28164556962025317	0.41455696202531644	0	0	0.3037974683544304	316	1
3170	2000	1252	0.20447284345047922	0.604632587859425	0	0.08306709265175719	0.10782747603833866	1252	1
3170	5000	7836	0.1555640632976008	0.6294027565084227	0.06878509443593671	0.12136294027565084	0.024885145482388973	7836	1
3170	10000	31284	0.23267484976345737	0.6304820355453267	0.05750543408771257	0.06476153944508375	0.01457614115841964	31284	1
3171	500	77	0	0	1	0	0	77	1
3171	1000	311	0.03215434083601286	0.12218649517684887	0.8456591639871383	0	0	311	1
3171	2000	1250	0.1912	0.2632	0.5456	0	0	1250	1
3171	5000	6516	0.6054327808471455	0.17280540208717005	0.19352363413136894	0.01642111724984653	0.011817065684468999	7813	0.833994624344042
3171	10000	25535	0.7533189739573135	0.12324260818484434	0.09614254944194243	0.0240454278441355	0.003250440571764245	31293	0.8159971878694916
3172	500	78	0	0.3076923076923077	0.358974358974359	0	0.3333333333333333	79	0.9873417721518988
3172	1000	218	0.05045871559633028	0.3669724770642202	0.26605504587155965	0.0963302752293578	0.22018348623853212	313	0.6964856230031949
3173	500	78	0.20512820512820512	0.5	0	0.2948717948717949	0	78	1
3173	1000	311	0.617363344051447	0.27009646302250806	0	0.11254019292604502	0	311	1
3173	2000	1255	0.7689243027888446	0.20318725099601595	0	0.027888446215139442	0	1255	1
3173	5000	7821	0.8652346247282956	0.09116481268380003	0.006137322593018795	0.01662191535609257	0.020841324638792992	7821	1
3173	10000	31302	0.8300108619257556	0.09424317934956233	0.04012523161459332	0.011724490447894703	0.02389623666219411	31302	1
3176	500	79	0.26582278481012656	0.7341772151898734	0	0	0	79	1
3176	1000	313	0.3929712460063898	0.6038338658146964	0.003194888178913738	0	0	313	1
3176	2000	1249	0.48839071257005606	0.46597277822257804	0.020816653322658127	0	0.024819855884707767	1250	0.9992
3176	5000	6780	0.18215339233038347	0.721976401179941	0.009144542772861357	0.014749262536873156	0.071976401179941	7808	0.8683401639344263
3176	10000	22850	0.19698030634573305	0.6343544857768052	0.060350109409190375	0.011072210065645514	0.09724288840262582	31273	0.7306622325968087
3177	500	47	0	0	0	0	1	77	0.6103896103896104
3182	500	52	0.057692307692307696	0	0.9423076923076923	0	0	78	0.6666666666666666
3182	1000	194	0.4072164948453608	0	0.44329896907216493	0.14948453608247422	0	312	0.6217948717948718
3182	2000	719	0.6773296244784422	0.005563282336578581	0.19749652294853964	0.11961057023643949	0	1253	0.5738228252194733
3182	5000	4710	0.8182590233545648	0.03651804670912951	0.05201698513800425	0.09320594479830148	0	7826	0.6018400204446716
3182	10000	17951	0.7787309899169963	0.08161105230906356	0.10149852375912205	0.034482758620689655	0.0036766753941284607	31281	0.5738627281736517
3183	500	79	0	1	0	0	0	79	1
3183	1000	316	0	1	0	0	0	316	1
3183	2000	1250	0.0072	0.936	0.0352	0.0216	0	1250	1
3183	5000	7826	0.061334014822386915	0.7220802453360593	0.0995399948888321	0.03935599284436494	0.07768975210835675	7826	1
3183	10000	31312	0.1536152273888605	0.6865099642309658	0.03164920797138477	0.05486714358712315	0.07335845682166582	31312	1
3184	500	79	0	0.7215189873417721	0	0.27848101265822783	0	79	1
3184	1000	316	0.0981012658227848	0.7278481012658228	0	0.17405063291139242	0	316	1
3184	2000	1254	0.24082934609250398	0.6913875598086124	0	0.06778309409888357	0	1254	1
3184	5000	7828	0.11918753193663771	0.7944557996934083	0	0.04394481349003577	0.04241185487991824	7828	1
3184	10000	31310	0.1306291919514532	0.7061961034813159	0.026956244011497925	0.03225806451612903	0.10396039603960396	31310	1
3185	500	78	0.0641025641025641	0.20512820512820512	0.7307692307692307	0	0	78	1
3185	1000	312	0.11217948717948718	0.26282051282051283	0.625	0	0	312	1
3185	2000	1256	0.09076433121019108	0.2340764331210191	0.6751592356687898	0	0	1256	1
3185	5000	7729	0.3556734377021607	0.15461249838271446	0.41881226549359557	0.03079311683270798	0.040108681588821325	7834	0.9865968853714577
3185	10000	29126	0.49533063242463776	0.2417427727803337	0.1893497218979606	0.027020531483897547	0.04655634141317036	31299	0.9305728617527717
3186	500	79	0	0	1	0	0	79	1
3186	1000	314	0.012738853503184714	0	0.9522292993630573	0.03503184713375796	0	314	1
3186	2000	1162	0.16523235800344235	0	0.7418244406196214	0.031841652323580036	0.06110154905335628	1259	0.9229547259729944
3186	5000	6104	0.5688073394495413	0.028669724770642203	0.29456094364351243	0.08011140235910878	0.027850589777195282	7826	0.7799642218246869
3186	10000	19796	0.653616892301475	0.1335118205698121	0.1365932511618509	0.06582137805617297	0.010456657910689029	31297	0.6325206888839185
3187	500	76	0	1	0	0	0	76	1
3187	1000	303	0.013201320132013201	0.7095709570957096	0	0.27722772277227725	0	308	0.9837662337662337
3187	2000	1125	0.14933333333333335	0.5013333333333333	0	0.34933333333333333	0	1248	0.9014423076923077
3187	5000	5730	0.1769633507853403	0.5052356020942408	0.004886561954624782	0.30034904013961605	0.012565445026178011	7811	0.7335808475227243
3187	10000	21279	0.20489684665632785	0.6098030922505757	0.0013158513088021055	0.15771417829785234	0.026270031486442032	31255	0.6808190689489682
3189	500	81	0	0.16049382716049382	0.8395061728395061	0	0	81	1
3189	1000	316	0	0.3227848101265823	0.6772151898734177	0	0	316	1
3189	2000	1254	0	0.46810207336523124	0.41626794258373206	0	0.11562998405103668	1254	1
3189	5000	7833	0.08949316992212435	0.6839014426145793	0.1068556108770586	0.026298991446444528	0.09345078513979319	7833	1
3189	10000	31296	0.1554192229038855	0.6841129856850716	0.031729294478527605	0.05070935582822086	0.07802914110429447	31296	1
3190	500	75	0	1	0	0	0	75	1
3190	1000	312	0.09294871794871795	0.8685897435897436	0	0	0.038461538461538464	312	1
3190	2000	1250	0.18	0.7776	0	0.0144	0.028	1250	1
3190	5000	7826	0.19320214669051877	0.5067722974699719	0.00651673907487861	0.059033989266547404	0.23447482749808332	7826	1
3190	10000	31289	0.2500878903128895	0.5141423503467673	0.05970149253731343	0.042379110869634695	0.13368915593339512	31289	1
3192	500	78	0	0.3076923076923077	0.5384615384615384	0	0.15384615384615385	78	1
3192	1000	314	0.006369426751592357	0.4681528662420382	0.4299363057324841	0	0.09554140127388536	314	1
3192	2000	1252	0.04233226837060703	0.6661341853035144	0.20766773162939298	0.005591054313099041	0.07827476038338659	1252	1
3192	5000	7836	0.07873915262889229	0.5892036753445635	0.05347115875446656	0.05959673302705462	0.21898928024502298	7836	1
3192	10000	31304	0.10653590595451061	0.6446460516227958	0.025683618706874523	0.04430743674929721	0.17882698696652186	31304	1
3193	500	78	0.15384615384615385	0.47435897435897434	0	0.02564102564102564	0.34615384615384615	78	1
3193	1000	314	0.14331210191082802	0.3821656050955414	0	0.08917197452229299	0.3853503184713376	314	1
3193	2000	1250	0.1008	0.4456	0.0216	0.0248	0.4072	1250	1
3193	5000	7816	0.23413510747185262	0.3718014329580348	0.026100307062436028	0.04196519959058342	0.32599795291709316	7816	1
3193	10000	31322	0.25751867696826514	0.29282932124385413	0.030713236702637123	0.036140731754038695	0.3827980333312049	31322	1
3195	500	77	0	0	0.8961038961038961	0.1038961038961039	0	77	1
3195	1000	273	0.15384615384615385	0	0.7289377289377289	0.11721611721611722	0	311	0.8778135048231511
3195	2000	884	0.6131221719457014	0	0.31334841628959276	0.07352941176470588	0	1247	0.7089013632718525
3195	5000	4531	0.7205914809092916	4.414036636504083e-4	0.22997130876186272	0.04899580666519532	0	7817	0.5796341307406934
3195	10000	18172	0.7315100154083205	0.007153863086066476	0.23613251155624038	0.025203609949372662	0	31288	0.5807977499360777
3196	500	78	0.5	0.3076923076923077	0.19230769230769232	0	0	78	1
3196	1000	315	0.2253968253968254	0.24761904761904763	0.526984126984127	0	0	315	1
3196	2000	1254	0.19936204146730463	0.46730462519936206	0.3229665071770335	0.01036682615629984	0	1254	1
3196	5000	7833	0.4491254947019022	0.22111579216136856	0.21856249202093705	0.0037022852036256862	0.10749393591216648	7833	1
3196	10000	31295	0.5663844064547052	0.175970602332641	0.07451669595782073	0.015849177184853812	0.16727911806997922	31295	1
3219	500	41	0	0.5853658536585366	0.4146341463414634	0	0	78	0.5256410256410257
3219	1000	171	0	0.7076023391812866	0.29239766081871343	0	0	315	0.5428571428571428
3219	2000	764	0.058900523560209424	0.8507853403141361	0.09031413612565445	0	0	1252	0.610223642172524
3219	5000	4153	0.241271370093908	0.6580784974717072	0.09150012039489526	0.008186852877437997	9.63159162051529e-4	7824	0.5308026584867076
3219	10000	15793	0.21275248527828786	0.6625720255809536	0.06692838599379472	0.02285822832900652	0.03488887481795732	31269	0.5050689180977965
3220	500	80	0	0.875	0	0.125	0	80	1
3220	1000	314	0	0.8184713375796179	0	0.18152866242038215	0	314	1
3220	2000	1253	0.08060654429369513	0.7637669592976856	0.0015961691939345571	0.14924181963288108	0.004788507581803671	1253	1
3220	5000	7831	0.24173157961946112	0.5898352700804494	0.11211850338398673	0.039713957348997575	0.016600689567105094	7831	1
3220	10000	28393	0.2654527524389814	0.5055823618497517	0.16937273271581024	0.03902370302539358	0.020568449970063043	31278	0.9077626446703754
3221	500	76	0	0.7894736842105263	0	0.21052631578947367	0	76	1
3221	1000	310	0	0.8	0	0.2	0	310	1
3221	2000	1248	0.0673076923076923	0.7740384615384616	0	0.15064102564102563	0.008012820512820512	1248	1
3221	5000	7809	0.24049174029965426	0.5941861954155462	0.1084645921372775	0.04021001408631067	0.016647458061211422	7809	1
3221	10000	28351	0.26443511692709254	0.5059433529681493	0.17082289866318648	0.03876406475962047	0.020034566681951253	31277	0.9064488282124245
3222	500	78	0	0.8461538461538461	0	0.15384615384615385	0	78	1
3222	1000	314	0	0.802547770700637	0	0.19745222929936307	0	314	1
3222	2000	1253	0.07741420590582601	0.762170790103751	0.0015961691939345571	0.15003990422984836	0.008778930566640064	1253	1
3222	5000	7827	0.2407052510540437	0.5916698607384694	0.11051488437460075	0.04050083045866871	0.016609173374217454	7827	1
3222	10000	28509	0.2646532673892455	0.5073485565961626	0.16906941667543582	0.03833877021291522	0.020589989126240837	31283	0.9113256401240291
3223	500	78	0	0.6538461538461539	0	0.34615384615384615	0	78	1
3223	1000	312	0	0.7147435897435898	0	0.2532051282051282	0.03205128205128205	312	1
3223	2000	1247	0.044105854049719326	0.7762630312750601	0	0.12830793905372895	0.05132317562149158	1247	1
3223	5000	7816	0.2052200614124872	0.6164278403275333	0.1202661207778915	0.041325486182190375	0.016760491299897647	7816	1
3223	10000	28845	0.2279771190847634	0.5378055122204888	0.18231929277171086	0.0327613104524181	0.019136765470618825	31300	0.9215654952076677
3225	500	79	0.20253164556962025	0.7974683544303798	0	0	0	79	1
3225	1000	314	0.6719745222929936	0.32802547770700635	0	0	0	314	1
3225	2000	1258	0.6796502384737679	0.178060413354531	0.11764705882352941	0.0246422893481717	0	1258	1
3225	5000	7830	0.5466155810983397	0.3136653895274585	0.09310344827586207	0.04661558109833972	0	7830	1
3225	10000	31304	0.5151737797086634	0.38180424226935855	0.04018655762841809	0.05385893176590851	0.008976488627651418	31304	1
3226	500	78	0.6282051282051282	0.3717948717948718	0	0	0	78	1
3226	1000	314	0.7866242038216561	0.21337579617834396	0	0	0	314	1
3226	2000	1257	0.7462211614956245	0.23707239459029436	0.016706443914081145	0	0	1257	1
3226	5000	7832	0.6058478038815117	0.3189479060265577	0.0580949948927477	0.0028089887640449437	0.014300306435137897	7832	1
3226	10000	31327	0.44782456028346157	0.40610336131771313	0.018642065949500432	0.01752481884636256	0.1099051936029623	31327	1
3227	500	77	0.33766233766233766	0.6363636363636364	0.025974025974025976	0	0	77	1
3227	1000	311	0.3311897106109325	0.4855305466237942	0.17041800643086816	0.012861736334405145	0	311	1
3227	2000	1251	0.22541966426858512	0.4756195043964828	0.21262989608313348	0.04716227018385292	0.03916866506794564	1251	1
3227	5000	7828	0.1562340316811446	0.6098620337250894	0.05940214614205416	0.07562595809913132	0.09887583035258048	7828	1
3227	10000	31283	0.11434325352427836	0.7199437394111818	0.020362497202953682	0.07694274845762875	0.06840776140395742	31283	1
3229	500	78	0	0.8846153846153846	0	0.11538461538461539	0	78	1
3229	1000	314	0	0.7229299363057324	0	0.2770700636942675	0	314	1
3229	2000	1252	0.001597444089456869	0.6876996805111821	0.07587859424920128	0.16932907348242812	0.06549520766773163	1252	1
3229	5000	7821	0.06444188722669736	0.6648766142437028	0.03055875207773942	0.08259813323104462	0.15752461322081576	7821	1
3229	10000	31316	0.05527525865372333	0.6755652062843275	0.07152893089794354	0.07826670072806233	0.11936390343594329	31316	1
3230	500	78	0	0.6794871794871795	0	0.32051282051282054	0	78	1
3230	1000	312	0	0.6025641025641025	0	0.3974358974358974	0	312	1
3230	2000	1254	0.001594896331738437	0.6634768740031898	0.09728867623604466	0.1634768740031898	0.07416267942583732	1254	1
3230	5000	7826	0.06465627395859953	0.6620240224891387	0.03833375926399182	0.07283414260158447	0.16215180168668542	7826	1
3230	10000	31309	0.05522373758344246	0.6747261170909323	0.07154492318502667	0.07834807882717429	0.12015714331342425	31309	1
3231	500	78	0	0.6153846153846154	0.2564102564102564	0	0.1282051282051282	78	1
3231	1000	311	0	0.5016077170418006	0.22508038585209003	0.003215434083601286	0.27009646302250806	311	1
3231	2000	1252	0	0.5694888178913738	0.09984025559105432	0.03913738019169329	0.2915335463258786	1252	1
3231	5000	7832	0.0056179775280898875	0.6348314606741573	0.04341164453524004	0.052604698672114404	0.2635342185903984	7832	1
3231	10000	31309	0.021591235746909833	0.67456641860168	0.06397521479446805	0.05337123510811588	0.18649589574882622	31309	1
3238	500	78	0.1794871794871795	0.5256410256410257	0	0	0.2948717948717949	78	1
3238	1000	316	0.2120253164556962	0.6234177215189873	0.03164556962025317	0	0.13291139240506328	316	1
3238	2000	1259	0.18030182684670373	0.6576648133439238	0.04130262112787927	0.023034154090548053	0.0976965845909452	1259	1
3238	5000	7831	0.13140084280423955	0.7036138424211468	0.006895671050951347	0.034733750478866045	0.12335589324479632	7831	1
3238	10000	31297	0.10016934530466179	0.693069623286577	0.009329967728536281	0.10179889446272805	0.09563216921749688	31297	1
3239	500	80	0.425	0.025	0.1125	0	0.4375	80	1
3239	1000	317	0.38801261829652994	0.2082018927444795	0.17350157728706625	0	0.2302839116719243	317	1
3239	2000	1252	0.34824281150159747	0.3250798722044728	0.21485623003194887	0.025559105431309903	0.08626198083067092	1252	1
3239	5000	6615	0.181859410430839	0.5966742252456538	0.16311413454270596	0.015570672713529856	0.04278155706727135	7822	0.8456916389670162
3239	10000	17598	0.13404932378679396	0.6715535856347312	0.15427889532901465	0.020172746903057166	0.019945448346403	31278	0.5626318818338768
3244	500	80	0.6875	0.2625	0	0.05	0	80	1
3244	1000	314	0.42356687898089174	0.42038216560509556	0	0.15605095541401273	0	314	1
3244	2000	1253	0.3343974461292897	0.5794094173982443	0	0.08619313647246608	0	1253	1
3244	5000	7829	0.11878911738408482	0.8013794865244603	0	0.058372716822071784	0.021458679269383062	7829	1
3244	10000	31305	0.09905765852100304	0.76268966618751	0.01367193739019326	0.050471170739498486	0.07410956716179525	31305	1
3245	500	76	0.2894736842105263	0.5526315789473685	0.15789473684210525	0	0	76	1
3245	1000	273	0.32967032967032966	0.4542124542124542	0.16117216117216118	0.054945054945054944	0	310	0.8806451612903226
3245	2000	1120	0.24464285714285713	0.6464285714285715	0.039285714285714285	0.044642857142857144	0.025	1246	0.898876404494382
3245	5000	7430	0.2962314939434724	0.6383580080753701	0.013458950201884253	0.014670255720053836	0.03728129205921938	7818	0.9503709388590432
3245	10000	27634	0.2896431931678367	0.5541362090178765	0.02945646667149164	0.017008033581819498	0.10975609756097561	31278	0.8834963872370356
3248	500	78	0	0.9615384615384616	0	0.038461538461538464	0	78	1
3248	1000	312	0.035256410256410256	0.8942307692307693	0	0.07051282051282051	0	312	1
3248	2000	1252	0.10143769968051118	0.8314696485623003	0	0.0670926517571885	0	1252	1
3248	5000	7818	0.1073164492197493	0.826682015860834	0	0.05500127909951394	0.011000255819902788	7818	1
3248	10000	31315	0.11789877055724093	0.76567140348076	0.053137474053967744	0.04713396136037043	0.016158390547660866	31315	1
3253	500	77	0	0.8051948051948052	0	0	0.19480519480519481	77	1
3253	1000	310	0.08064516129032258	0.7483870967741936	0	0	0.17096774193548386	310	1
3253	2000	1248	0.10416666666666667	0.7540064102564102	0	0.016826923076923076	0.125	1248	1
3253	5000	7828	0.17897291773122126	0.629535002554931	0.011369443025038324	0.0314256515074093	0.1486969851814001	7828	1
3253	10000	31303	0.10130019486950133	0.7011788007539214	0.009328179407724499	0.09443184359326583	0.093760981375587	31303	1
3254	500	77	0.11688311688311688	0.7532467532467533	0.012987012987012988	0.11688311688311688	0	77	1
3254	1000	311	0.3022508038585209	0.45337620578778137	0.06109324758842444	0.1832797427652733	0	311	1
3254	2000	1251	0.3181454836131095	0.41886490807354115	0.05675459632294165	0.16147082334132695	0.04476418864908074	1251	1
3254	5000	7825	0.2017891373801917	0.42875399361022365	0.06977635782747604	0.09840255591054313	0.2012779552715655	7825	1
3254	10000	31305	0.36131608369270085	0.3917904488100942	0.05855294681360805	0.06213065005590161	0.12620987062769526	31305	1
3255	500	78	0.9358974358974359	0	0	0.0641025641025641	0	78	1
3255	1000	311	0.6977491961414791	0.19935691318327975	0	0.10289389067524116	0	311	1
3255	2000	1251	0.513189448441247	0.34852118305355717	0.04316546762589928	0.09512390087929656	0	1251	1
3255	5000	7825	0.42428115015974444	0.47067092651757186	0.05635782747603834	0.04869009584664537	0	7825	1
3255	10000	31295	0.574468764978431	0.3108164243489375	0.0816104809074932	0.03224157213612398	8.627576290142195e-4	31295	1
3259	500	80	0	1	0	0	0	80	1
3259	1000	316	0	1	0	0	0	316	1
3259	2000	1256	0.009554140127388535	0.964968152866242	0	0.025477707006369428	0	1256	1
3259	5000	7829	0.07829863328649891	0.8319070123898327	0.01417805594584238	0.0579895261208328	0.01762677225699323	7829	1
3259	10000	31326	0.10438613292472707	0.7357466641128775	0.024005618336206347	0.07259145757517717	0.06327012705101194	31326	1
3263	500	78	0	0.1282051282051282	0.8717948717948718	0	0	78	1
3263	1000	312	0	0.20833333333333334	0.7916666666666666	0	0	312	1
3263	2000	1250	0.004	0.1328	0.8576	0	0.0056	1250	1
3263	5000	7106	0.15493948775682523	0.30917534477905995	0.48480157613284547	0	0.05108359133126935	7830	0.9075351213282248
3263	10000	28196	0.12569158745921408	0.4005532699673713	0.39409845368137325	0.020180167399631153	0.05947652149241027	31271	0.9016660803939752
3265	500	79	0	0.6329113924050633	0	0.3670886075949367	0	79	1
3265	1000	315	0	0.4507936507936508	0	0.4857142857142857	0.06349206349206349	315	1
3265	2000	1254	0.11802232854864433	0.21770334928229665	0	0.5207336523125997	0.14354066985645933	1254	1
3265	5000	7837	0.3854791374250351	0.14508102590276892	0.02143677427587087	0.40053591935689675	0.04746714303942835	7837	1
3265	10000	31296	0.5928553169734151	0.15420501022494887	0.05821830265848671	0.1530866564417178	0.04163471370143149	31296	1
3266	500	74	0.10810810810810811	0.5675675675675675	0	0.32432432432432434	0	74	1
3266	1000	311	0.2379421221864952	0.662379421221865	0.00964630225080386	0.09003215434083602	0	311	1
3266	2000	1141	0.2787028921998247	0.6546888694127958	0.03856266432953549	0.028045574057843997	0	1244	0.9172025723472669
3266	5000	7470	0.29129852744310575	0.636813922356091	0.013386880856760375	0.01459170013386881	0.04390896921017403	7812	0.956221198156682
3266	10000	27794	0.29053033028711234	0.5559473267611714	0.026948262214866518	0.01856515794775851	0.10800892278909117	31255	0.8892657174852023
3267	500	53	0.49056603773584906	0.4716981132075472	0.03773584905660377	0	0	80	0.6625
3267	1000	244	0.29918032786885246	0.610655737704918	0.06967213114754098	0.020491803278688523	0	315	0.7746031746031746
3267	2000	1099	0.17925386715195632	0.643312101910828	0.040036396724294813	0.06915377616014559	0.06824385805277525	1255	0.8756972111553785
3267	5000	7503	0.2734906037584966	0.6660002665600426	0.013861122217779555	0.014527522324403573	0.03212048513927762	7826	0.9587273191924355
3267	10000	28106	0.2950615526933751	0.5815840034156408	0.030171493631253113	0.01458763253397851	0.07859531772575251	31290	0.8982422499201023
3269	500	76	0	0.9736842105263158	0	0.02631578947368421	0	76	1
3269	1000	310	0	0.8838709677419355	0	0.06451612903225806	0.05161290322580645	310	1
3269	2000	1250	8e-4	0.8104	0	0.0192	0.1696	1250	1
3269	5000	7821	0.015854750031965223	0.7756041426927502	0	0.024293568597366064	0.18424753867791843	7821	1
3269	10000	31298	0.07534027733401495	0.7579078535369672	0.026998530257524442	0.017029842162438493	0.12272349670905489	31298	1
3270	500	80	0	0.975	0	0.025	0	80	1
3270	1000	315	0	0.8952380952380953	0	0.06349206349206349	0.04126984126984127	315	1
3270	2000	1251	0	0.8097521982414069	0	0.019184652278177457	0.17106314948041568	1251	1
3270	5000	7835	0.015826419910657308	0.7790682833439694	0	0.023994894703254627	0.1811104020421187	7835	1
3270	10000	31322	0.07617648936849498	0.7573271183193921	0.02697784304961369	0.01682523465934487	0.12269331460315433	31322	1
3271	500	77	0	0.7272727272727273	0	0.18181818181818182	0.09090909090909091	77	1
3271	1000	309	0	0.7475728155339806	0	0.07766990291262135	0.17475728155339806	309	1
3271	2000	1247	8.019246190858059e-4	0.7722534081796311	0	0.019246190858059342	0.20769847634322375	1247	1
3271	5000	7822	0.01585272308872411	0.7864996164663769	0	0.021477882894400408	0.1761697775504986	7822	1
3271	10000	31303	0.07331565664632783	0.7605660799284414	0.026994217806600006	0.01827300897677539	0.12085103664185541	31303	1
3272	500	78	0	0.6538461538461539	0	0.23076923076923078	0.11538461538461539	78	1
3272	1000	311	0	0.6784565916398714	0	0.07717041800643087	0.24437299035369775	311	1
3272	2000	1251	0	0.7673860911270983	0	0.019184652278177457	0.21342925659472423	1251	1
3272	5000	7819	0.01585880547384576	0.792172912137102	0	0.019567719657245172	0.17240056273180715	7819	1
3272	10000	31302	0.07376525461631844	0.7606862181330266	0.02699508018656955	0.018401380103507763	0.1201520669605776	31302	1
3273	500	79	0.16455696202531644	0.06329113924050633	0.7721518987341772	0	0	79	1
3273	1000	314	0.2643312101910828	0.27070063694267515	0.3853503184713376	0	0.07961783439490445	314	1
3273	2000	1251	0.45083932853717024	0.3749000799360512	0.09992006394884093	0	0.07434052757793765	1251	1
3273	5000	7829	0.2608251373100013	0.6504023502363009	0.025929237450504534	0.02631242815174352	0.036530846851449736	7829	1
3273	10000	31312	0.21902146142054166	0.6046244251405212	0.011369443025038324	0.0433699540112417	0.12161471640265713	31312	1
3274	500	77	0	0	1	0	0	77	1
3274	1000	311	0	0	1	0	0	311	1
3274	2000	1248	0	0	0.9751602564102564	0	0.024839743589743588	1248	1
3274	5000	7811	0.001664319549353476	0.12251952374855972	0.8101395467929843	0	0.06567660990910255	7811	1
3274	10000	30947	0.04533557372281643	0.22625779558600187	0.5977639189582189	0.008239894012343684	0.12240281772061912	31279	0.9893858499312638
3275	500	81	0.037037037037037035	0.9629629629629629	0	0	0	81	1
3275	1000	318	0.09119496855345911	0.9088050314465409	0	0	0	318	1
3275	2000	1258	0.3410174880763116	0.6534181240063593	0	0.005564387917329093	0	1258	1
3275	5000	7834	0.25810569313249937	0.6554761296910901	0	0.04288996681133521	0.043528210365075315	7834	1
3275	10000	31315	0.19444355740060673	0.669615200383203	0.011208685933258822	0.042759061152802175	0.08197349513012933	31315	1
3277	500	77	0.1038961038961039	0	0.6883116883116883	0.2077922077922078	0	77	1
3277	1000	311	0.19292604501607716	0.01929260450160772	0.6012861736334405	0.1864951768488746	0	311	1
3277	2000	1252	0.2539936102236422	0.17252396166134185	0.4904153354632588	0.08306709265175719	0	1252	1
3277	5000	7827	0.25143733231123033	0.3301392615305992	0.3330778075891146	0.030918615050466336	0.054426983518589496	7827	1
3277	10000	31298	0.40986644514026455	0.3296696274522334	0.172630839031248	0.023004664834813726	0.06482842354144035	31298	1
3278	500	78	0.24358974358974358	0.21794871794871795	0	0.5384615384615384	0	78	1
3278	1000	315	0.35873015873015873	0.35555555555555557	0	0.2857142857142857	0	315	1
3278	2000	1253	0.2298483639265762	0.4166001596169194	0.08300079808459697	0.27055067837190744	0	1253	1
3278	5000	7828	0.5927439959121104	0.14218191108840061	0.0760091977516607	0.1890648952478283	0	7828	1
3278	10000	31312	0.6531361778231988	0.1207843638221768	0.06943025038323965	0.14476877874297395	0.011880429228410833	31312	1
3279	500	78	0	0	1	0	0	78	1
3279	1000	311	0	0	1	0	0	311	1
3279	2000	1252	0	0	1	0	0	1252	1
3279	5000	7355	0.15948334466349423	0	0.8285520054384772	0.011964649898028552	0	7825	0.9399361022364218
3279	10000	23907	0.5015685782406827	0.003555444012213996	0.4786045927970887	0.01627138495001464	0	31292	0.7639971877796242
3282	500	81	0	0	1	0	0	81	1
3282	1000	262	0	0.04198473282442748	0.9580152671755725	0	0	315	0.8317460317460318
3282	2000	768	0	0.09505208333333333	0.9049479166666666	0	0	1252	0.6134185303514377
3282	5000	4340	0.23617511520737328	0.173963133640553	0.505299539170507	0.04055299539170507	0.044009216589861753	7834	0.5539954046464131
3282	10000	17065	0.47278054497509525	0.24260181658365074	0.2283035452680926	0.03469088778200996	0.02162320539115148	31313	0.5449813176635901
3285	500	80	0	0.7625	0	0.2375	0	80	1
3285	1000	314	0	0.6369426751592356	0	0.3630573248407643	0	314	1
3285	2000	1256	0.018312101910828025	0.6321656050955414	0	0.28503184713375795	0.06449044585987261	1256	1
3285	5000	7831	0.05682543736432129	0.5866428297790831	0.007917251947388584	0.22883412080194102	0.11978036010726599	7831	1
3285	10000	31309	0.08243636015203296	0.5701236066306813	0.008400140534670543	0.17911782554537034	0.15992206713724488	31309	1
3286	500	78	0	0.8205128205128205	0	0.1794871794871795	0	78	1
3286	1000	312	0	0.6378205128205128	0	0.2724358974358974	0.08974358974358974	312	1
3286	2000	1250	0.0088	0.5176	0	0.3056	0.168	1250	1
3286	5000	7830	0.03550446998722861	0.647765006385696	0	0.21098339719029374	0.10574712643678161	7830	1
3286	10000	31318	0.06628775783894246	0.6052429912510378	0.006034868126955744	0.17255252570406795	0.1498818570789961	31318	1
3287	500	80	0	0	1	0	0	80	1
3287	1000	315	0	0	1	0	0	315	1
3287	2000	1257	0	0	1	0	0	1257	1
3287	5000	6652	0.07185808779314491	0	0.9147624774503909	0.013379434756464222	0	7831	0.8494445153875623
3287	10000	22149	0.4720754887353831	0.003024967267145244	0.5048986410221681	0.020000902975303627	0	31300	0.7076357827476039
3288	500	70	0	0	1	0	0	78	0.8974358974358975
3288	1000	243	0	0.06172839506172839	0.9382716049382716	0	0	313	0.7763578274760383
3288	2000	1003	0	0.4077766699900299	0.5922233300099701	0	0	1252	0.8011182108626198
3288	5000	5182	0.1285218062524122	0.5868390582786569	0.28039367039752994	0	0.0042454650714010035	7835	0.6613911933631142
3288	10000	17820	0.20280583613916947	0.6049382716049383	0.14769921436588104	0.02962962962962963	0.014927048260381593	31286	0.5695838394169916
3289	500	70	0	0	1	0	0	78	0.8974358974358975
3289	1000	241	0	0.06224066390041494	0.9377593360995851	0	0	311	0.77491961414791
3289	2000	995	0	0.40904522613065325	0.5909547738693467	0	0	1253	0.7940941739824421
3289	5000	5147	0.12764717311054982	0.5879152904604624	0.2801632018651642	0	0.004274334563823586	7817	0.658436740437508
3289	10000	17796	0.20195549561699258	0.6054731400314678	0.1478422117329737	0.029669588671611596	0.015059563946954372	31328	0.5680541368743616
3290	500	78	0	1	0	0	0	78	1
3290	1000	313	0	1	0	0	0	313	1
3290	2000	1256	0	1	0	0	0	1256	1
3290	5000	7821	0.06405830456463368	0.9041043344840813	2.557217747091165e-4	0.012530366960746707	0.01905127221582918	7821	1
3290	10000	31305	0.1482830218814886	0.7672256827982751	0.04583932279188628	0.02648139274876218	0.012170579779587925	31305	1
3291	500	80	0	1	0	0	0	80	1
3291	1000	315	0	1	0	0	0	315	1
3291	2000	1257	0	1	0	0	0	1257	1
3291	5000	7832	0.06613891726251277	0.9020684371807968	0	0.01251276813074566	0.019279877425944843	7832	1
3291	10000	31312	0.1497508942258559	0.7658405723045478	0.0461803781297905	0.026156106285130303	0.012072049054675524	31312	1
3292	500	80	0	1	0	0	0	80	1
3292	1000	317	0	1	0	0	0	317	1
3292	2000	1254	0	1	0	0	0	1254	1
3292	5000	7835	0.06496490108487556	0.9032546266751755	2.5526483726866624e-4	0.012507977026164645	0.019017230376515634	7835	1
3292	10000	31329	0.14919084554246864	0.7662868269015928	0.04596380350474002	0.02639726770723611	0.012161256343962463	31329	1
3293	500	77	0	0.922077922077922	0	0	0.07792207792207792	77	1
3293	1000	311	0.022508038585209004	0.8327974276527331	0	0.00964630225080386	0.13504823151125403	311	1
3293	2000	1249	0.1801441152922338	0.7013610888710968	0.0016012810248198558	0.036028823058446756	0.08086469175340272	1249	1
3293	5000	7814	0.37803941643204503	0.5078065011517788	0.0482467366265677	0.052725876631686715	0.013181469157921679	7814	1
3293	10000	31283	0.33874628392417605	0.4917686922609724	0.07237157561614935	0.04002173704567976	0.05709171115302241	31283	1
3294	500	71	0	0.5915492957746479	0.4084507042253521	0	0	74	0.9594594594594594
3294	1000	245	0	0.6653061224489796	0.3346938775510204	0	0	309	0.7928802588996764
3294	2000	811	0	0.7595561035758323	0.2404438964241677	0	0	1245	0.6514056224899598
3294	5000	4192	0.06393129770992366	0.6925095419847328	0.22948473282442747	0	0.01407442748091603	7814	0.5364729971845406
3295	500	77	0.6103896103896104	0.38961038961038963	0	0	0	77	1
3295	1000	311	0.6141479099678456	0.2829581993569132	0	0.006430868167202572	0.09646302250803858	311	1
3295	2000	1251	0.44764188649080733	0.36051159072741806	0	0.06874500399680256	0.12310151878497202	1251	1
3295	5000	7832	0.40283452502553624	0.5361338100102145	0.0034473953013278856	0.03664453524004086	0.02093973442288049	7832	1
3295	10000	31314	0.2753081688701539	0.6116433544101679	0.024429967426710098	0.04461263332694641	0.04400587596602159	31314	1
3296	500	79	0	0.9620253164556962	0	0.0379746835443038	0	79	1
3296	1000	315	0	0.9333333333333333	0	0.06666666666666667	0	315	1
3296	2000	1253	0.04549082202713488	0.8786911412609737	0	0.05905826017557861	0.01675977653631285	1253	1
3296	5000	7821	0.15164301240250608	0.7632016366193581	0.0030686612965093976	0.041554788390231426	0.04053190129139496	7821	1
3296	10000	31294	0.13906819198568415	0.7446155812615837	0.011759442704671823	0.04288361986323257	0.06167316418482776	31294	1
3298	1000	160	0	1	0	0	0	313	0.5111821086261981
3299	500	78	0	1	0	0	0	78	1
3299	1000	315	0	0.8793650793650793	0.12063492063492064	0	0	315	1
3299	2000	1054	0.0018975332068311196	0.7713472485768501	0.22675521821631878	0	0	1258	0.8378378378378378
3299	5000	4785	0.05621734587251829	0.6495297805642634	0.2819226750261233	0	0.01233019853709509	7826	0.6114234602606695
3299	10000	16132	0.06576989833870568	0.6208157698983388	0.29977684106124475	0.002789486734440863	0.010848003967270023	31296	0.5154652351738241
3302	500	80	0.1125	0.2875	0.6	0	0	80	1
3302	1000	312	0.2467948717948718	0.3108974358974359	0.4423076923076923	0	0	312	1
3302	2000	1248	0.4375	0.35336538461538464	0.20592948717948717	0.003205128205128205	0	1248	1
3302	5000	7804	0.41542798564838546	0.4730907227063045	0.04805228088159918	0.007816504356740134	0.05561250640697078	7818	0.998209260680481
3302	10000	28715	0.3145394393174299	0.5560508445063556	0.05345638168204771	0.014104126763015845	0.06184920773115097	31293	0.9176173585146838
3304	500	77	0.14285714285714285	0.8571428571428571	0	0	0	77	1
3304	1000	311	0.26366559485530544	0.6527331189710611	0	0	0.08360128617363344	311	1
3304	2000	1246	0.23354735152487963	0.6540930979133226	0	0.07704654895666131	0.03531300160513644	1246	1
3304	5000	7821	0.19115202659506458	0.6582278481012658	0.004986574606827772	0.06418616545198824	0.08144738524485359	7821	1
3304	10000	31301	0.1531899939299064	0.6755375227628511	0.04207533305645187	0.05070125555094086	0.07849589469984984	31301	1
3305	500	80	0.1875	0.8125	0	0	0	80	1
3305	1000	314	0.1592356687898089	0.8407643312101911	0	0	0	314	1
3305	2000	1252	0.10702875399361023	0.8682108626198083	0	0.02476038338658147	0	1252	1
3305	5000	7830	0.3427841634738186	0.49386973180076627	0.019029374201787994	0.11098339719029374	0.03333333333333333	7830	1
3305	10000	26872	0.4286618041083656	0.24490175647514142	0.045623697529026494	0.17706162548377494	0.10375111640369157	31310	0.8582561481954647
3559	500	79	0	0.06329113924050633	0.9367088607594937	0	0	79	1
3559	1000	314	0	0.17834394904458598	0.7993630573248408	0	0.022292993630573247	315	0.9968253968253968
3559	2000	1174	0	0.22998296422487224	0.7240204429301533	0	0.04599659284497445	1250	0.9392
3559	5000	7034	0	0.22931475689508105	0.7173727608757464	0	0.05331248222917259	7836	0.8976518631955079
3559	10000	28601	0.017516870039509108	0.2109017167231915	0.6982273347085767	0.004790042306213069	0.0685640362225097	31291	0.9140327889808572
3560	500	78	0.20512820512820512	0.7948717948717948	0	0	0	78	1
3560	1000	313	0.23961661341853036	0.7476038338658147	0	0	0.012779552715654952	313	1
3560	2000	1253	0.23304070231444532	0.6201117318435754	0	0.03192338387869114	0.1149241819632881	1253	1
3560	5000	7817	0.20353076627862351	0.6244083407957016	0	0.06485864142254062	0.1072022515031342	7817	1
3560	10000	31332	0.21036001531980084	0.6509638708030129	0.02447976509638708	0.038682497127537345	0.07551385165326184	31332	1
3563	500	77	0.4025974025974026	0.5974025974025974	0	0	0	77	1
3563	1000	311	0.34726688102893893	0.6141479099678456	0.03858520900321544	0	0	311	1
3563	2000	1251	0.19344524380495604	0.5771382893685052	0.07673860911270983	0	0.15267785771382894	1251	1
3563	5000	7827	0.18793918487287595	0.5868148715983136	0.029896512073591414	0.004471700523827776	0.19087773093139135	7827	1
3563	10000	31289	0.17683530953370194	0.6539039278979834	0.00923647288184346	0.016363578254338585	0.1436607114321327	31289	1
3564	500	77	0	0.6103896103896104	0.38961038961038963	0	0	77	1
3564	1000	311	0	0.5434083601286174	0.4115755627009646	0.04501607717041801	0	311	1
3564	2000	1249	0.04723779023218575	0.733386709367494	0.15612489991993594	0.04803843074459568	0.01521216973578863	1249	1
3564	5000	7823	0.11900805317653074	0.6696919340406494	0.02492649878563211	0.07477949635689633	0.11159401764029145	7823	1
3564	10000	31304	0.15339892665474061	0.6796256069511883	0.020796064400715564	0.049067211857909535	0.09711219013544595	31304	1
3566	500	79	0.012658227848101266	0.6329113924050633	0.35443037974683544	0	0	79	1
3566	1000	316	0.189873417721519	0.6424050632911392	0.16139240506329114	0	0.006329113924050633	316	1
3566	2000	1261	0.2624900872323553	0.5376685170499603	0.09912767644726407	0.02458366375892149	0.0761300555114988	1261	1
3566	5000	7834	0.1779423027827419	0.6527955067653817	0.11858565228491193	0.03140158284401327	0.01927495532295124	7834	1
3566	10000	30849	0.14194949593179682	0.7310447664429965	0.08674511329378586	0.024830626600538103	0.015429997730882687	31329	0.9846787321650866
3567	500	79	0.189873417721519	0.810126582278481	0	0	0	79	1
3567	1000	314	0.13694267515923567	0.8630573248407644	0	0	0	314	1
3567	2000	1255	0.0796812749003984	0.8892430278884462	0	0.0199203187250996	0.011155378486055778	1255	1
3567	5000	7826	0.06721185790953232	0.8161257347303859	0	0.02517250191668796	0.09148990544339382	7826	1
3567	10000	31322	0.1170104080199221	0.7470787306046868	0.0017878807228146351	0.03703467211544601	0.09708830853713045	31322	1
3568	500	76	0.631578947368421	0.10526315789473684	0.2631578947368421	0	0	76	1
3568	1000	310	0.6709677419354839	0.17096774193548386	0.15806451612903225	0	0	310	1
3568	2000	1249	0.4955964771817454	0.32265812650120096	0.10168134507606084	0.06725380304243395	0.012810248198558846	1249	1
3568	5000	7830	0.3573435504469987	0.5042145593869731	0.023499361430395913	0.08148148148148149	0.0334610472541507	7830	1
3568	10000	31308	0.24712533537753928	0.595374984029641	0.03970231250798518	0.0688322473489204	0.04896512073591414	31308	1
3574	500	78	0.2564102564102564	0.5897435897435898	0	0	0.15384615384615385	78	1
3574	1000	311	0.17041800643086816	0.639871382636656	0	0	0.18971061093247588	311	1
3574	2000	1252	0.31869009584664537	0.555111821086262	0	0	0.12619808306709265	1252	1
3574	5000	7620	0.3253280839895013	0.5856955380577428	0.04120734908136483	0.00931758530183727	0.03845144356955381	7812	0.9754224270353302
3574	10000	25192	0.25452524610987615	0.6399253731343284	0.06525881232137186	0.014369641155922515	0.02592092727850111	31285	0.8052421288157264
3575	500	78	0.15384615384615385	0	0.2692307692307692	0.5769230769230769	0	78	1
3575	1000	313	0.33226837060702874	0.009584664536741214	0.3003194888178914	0.35782747603833864	0	313	1
3575	2000	1025	0.48	0.10439024390243902	0.20682926829268292	0.20878048780487804	0	1253	0.8180367118914605
3575	5000	5383	0.6682147501393275	0.06873490618614156	0.062232955600966006	0.20081738807356492	0	7831	0.6873962456902056
3575	10000	20767	0.7982857418018973	0.031588578032455336	0.06799248808205326	0.10020705927673713	0.001926132806857033	31304	0.6633976488627651
3576	500	73	0	0.6712328767123288	0	0.3287671232876712	0	77	0.948051948051948
3576	1000	267	0.06741573033707865	0.6779026217228464	0	0.2546816479400749	0	314	0.8503184713375797
3576	2000	987	0.0668693009118541	0.5754812563323202	0	0.3576494427558257	0	1252	0.7883386581469649
3576	5000	5276	0.17380591357088704	0.5047384382107657	0.00530705079605762	0.3004169825625474	0.01573161485974223	7828	0.6739908022483393
3576	10000	20385	0.20245278390973756	0.6037282315428011	0.0013735589894530293	0.1650233014471425	0.027422124110865833	31248	0.6523617511520737
3601	500	78	0.9871794871794872	0.01282051282051282	0	0	0	78	1
3601	1000	310	0.896774193548387	0.1032258064516129	0	0	0	310	1
3601	2000	1252	0.84185303514377	0.15814696485623003	0	0	0	1252	1
3601	5000	7832	0.733273748723187	0.23174157303370788	0.004468845760980593	0.004213483146067416	0.026302349336057202	7832	1
3601	10000	31288	0.579231654308361	0.33134108923548966	0.010675019176681155	0.02566479161339811	0.05308744566607006	31288	1
3602	500	79	0	0.8227848101265823	0	0	0.17721518987341772	79	1
3602	1000	315	0	0.746031746031746	0	0	0.25396825396825395	315	1
3602	2000	1250	0.0208	0.7504	0	0	0.2288	1250	1
3602	5000	7817	0.24600230267365997	0.6876039401304849	0	0.0029423052321862608	0.06345145196366893	7817	1
3602	10000	30495	0.2733890801770782	0.6025250040990326	0.03413674372848008	0.021249385145105756	0.06869978685030333	31278	0.9749664300786496
3604	500	77	0	0.2987012987012987	0	0.4805194805194805	0.22077922077922077	77	1
3604	1000	310	0.0064516129032258064	0.46774193548387094	0.03225806451612903	0.2709677419354839	0.22258064516129034	310	1
3604	2000	1250	0.0672	0.5424	0.1384	0.1064	0.1456	1250	1
3604	5000	7823	0.08257701648983766	0.3928160552217819	0.3980570113767097	0.030806595935063276	0.09574332097660744	7823	1
3604	10000	31280	0.03829923273657289	0.4235613810741688	0.47535166240409205	0.00907928388746803	0.05370843989769821	31280	1
3605	500	77	0.24675324675324675	0.5974025974025974	0	0	0.15584415584415584	77	1
3605	1000	311	0.17041800643086816	0.6720257234726688	0	0	0.15755627009646303	311	1
3605	2000	1250	0.1016	0.7808	0	0	0.1176	1250	1
3605	5000	7815	0.18566858605246322	0.709916826615483	0	0.020985284708893156	0.08342930262316059	7815	1
3605	10000	31319	0.25878859478271976	0.6096299370988857	0.01382547335483253	0.02107346977872857	0.09668252498483348	31319	1
3610	500	78	0.47435897435897434	0.5256410256410257	0	0	0	78	1
3610	1000	310	0.2129032258064516	0.7870967741935484	0	0	0	310	1
3610	2000	1250	0.0696	0.8152	0.056	0.0216	0.0376	1250	1
3610	5000	7825	0.10083067092651757	0.8134185303514377	0.04293929712460064	0.019424920127795526	0.023386581469648563	7825	1
3610	10000	31305	0.2390352978757387	0.6594473726241814	0.02708832454879412	0.04545599744449769	0.028973007506788055	31305	1
3614	500	77	0.36363636363636365	0.6233766233766234	0	0.012987012987012988	0	77	1
3614	1000	311	0.12540192926045016	0.7620578778135049	0	0.11254019292604502	0	311	1
3614	2000	1248	0.03125	0.8237179487179487	0	0.058493589743589744	0.08653846153846154	1248	1
3614	5000	7827	0.013926153059920787	0.9004727226268047	0.0022997316979685703	0.04356713938929347	0.03973425322601252	7827	1
3614	10000	31297	0.16196440553407676	0.6889478224749976	0.034987378982011055	0.030386299006294533	0.08371409400262006	31297	1
3617	500	79	0	0.8354430379746836	0.16455696202531644	0	0	79	1
3617	1000	312	0	0.46794871794871795	0.48717948717948717	0	0.04487179487179487	312	1
3617	2000	1250	0.0976	0.272	0.4608	0.0456	0.124	1250	1
3617	5000	7824	0.21689672801635992	0.4386503067484663	0.18916155419222905	0.034764826175869123	0.12052658486707567	7824	1
3617	10000	31292	0.38987600664706634	0.3371468746005369	0.16125527291320466	0.019557714431803656	0.09216413140738847	31292	1
3624	500	78	0.2692307692307692	0.34615384615384615	0.38461538461538464	0	0	78	1
3624	1000	311	0.3311897106109325	0.36977491961414793	0.29260450160771706	0	0.006430868167202572	311	1
3624	2000	1252	0.2787539936102236	0.4712460063897764	0.09105431309904154	0	0.15894568690095848	1252	1
3624	5000	7825	0.09610223642172525	0.5463258785942492	0.06466453674121406	0.025047923322683706	0.2678594249201278	7825	1
3624	10000	31284	0.09103695179644547	0.5535737118015599	0.07639688019434855	0.017644802454929037	0.26134765375271707	31284	1
3626	500	81	0.012345679012345678	0.5432098765432098	0.4444444444444444	0	0	81	1
3626	1000	317	0.15141955835962145	0.583596214511041	0.26498422712933756	0	0	317	1
3626	2000	1258	0.3163751987281399	0.5	0.10095389507154214	0.04292527821939587	0.0397456279809221	1258	1
3626	5000	7838	0.28514927277366675	0.6129114570043378	0.03904057157438122	0.04746108701199286	0.015437611635621332	7838	1
3626	10000	31320	0.21752873563218392	0.6670498084291188	0.026851851851851852	0.06315453384418902	0.02541507024265645	31320	1
3627	500	79	0	0.7721518987341772	0.22784810126582278	0	0	79	1
3627	1000	315	0.20317460317460317	0.580952380952381	0.2126984126984127	0	0.0031746031746031746	315	1
3627	2000	1253	0.24022346368715083	0.46608140462889064	0.22426177174780526	0.01596169193934557	0.053471667996807665	1253	1
3627	5000	7833	0.2096259415294268	0.6069194433805694	0.062045193412485634	0.03255457679050172	0.08885484488701646	7833	1
3627	10000	31311	0.1948516495800198	0.6817731787550702	0.015521701638401839	0.0423812717575293	0.06547219826897896	31311	1
3628	500	80	0	1	0	0	0	80	1
3628	1000	315	0.006349206349206349	0.9936507936507937	0	0	0	315	1
3628	2000	1257	0.273667462211615	0.726332537788385	0	0	0	1257	1
3628	5000	7831	0.37887881496616016	0.5580385646788405	0.03703230749584983	0.020814710764908696	0.005235602094240838	7831	1
3628	10000	31306	0.4096978215038651	0.515045039289593	0.016226921356928384	0.043985178560020446	0.015045039289593049	31306	1
3630	500	78	0.0641025641025641	0.47435897435897434	0	0.46153846153846156	0	78	1
3630	1000	315	0.1365079365079365	0.5206349206349207	0.10476190476190476	0.23809523809523808	0	315	1
3630	2000	1252	0.17891373801916932	0.5143769968051118	0.17172523961661343	0.11182108626198083	0.0231629392971246	1252	1
3630	5000	7838	0.32661393212554224	0.48009696351109976	0.05345751467211023	0.04274049502424088	0.09709109466700688	7838	1
3630	10000	31299	0.3242595610083389	0.5204639125850666	0.02325952905843637	0.039394229847598966	0.09262276750055912	31299	1
3631	500	79	1	0	0	0	0	79	1
3631	1000	316	1	0	0	0	0	316	1
3631	2000	1255	0.9059760956175299	0.055776892430278883	0.02948207171314741	0.008764940239043825	0	1255	1
3631	5000	7831	0.7526497254501341	0.13191163325245817	0.012386668369301494	0.034222960030647426	0.06882901289745882	7831	1
3631	10000	31290	0.5659316075423458	0.29718759987216364	0.012464046021093002	0.0390540108660914	0.08536273569830617	31290	1
3632	500	78	1	0	0	0	0	78	1
3632	1000	314	1	0	0	0	0	314	1
3632	2000	1259	0.8705321683876092	0.09213661636219221	0.021445591739475776	0.015885623510722795	0	1259	1
3632	5000	7833	0.7445423209498276	0.12983531214094216	0.022341376228775692	0.037278182050300014	0.06600280863015448	7833	1
3632	10000	31301	0.5649340276668477	0.3003098942525798	0.011501229992651992	0.03916807769719817	0.08408677039072233	31301	1
3633	500	77	0.987012987012987	0.012987012987012988	0	0	0	77	1
3633	1000	309	0.8964401294498382	0.0744336569579288	0	0.02912621359223301	0	309	1
3633	2000	1249	0.8350680544435548	0.1257005604483587	0.0032025620496397116	0.036028823058446756	0	1249	1
3633	5000	7817	0.7467058974030958	0.12306511449405143	0.030702315466291416	0.044518357426122555	0.055008315210438787	7817	1
3633	10000	31308	0.5767854861377284	0.3032771176696052	0.011147310591542097	0.03883991312124697	0.06995017247987735	31308	1
3634	500	65	0.5230769230769231	0.4153846153846154	0.03076923076923077	0.03076923076923077	0	81	0.8024691358024691
3634	1000	241	0.5850622406639004	0.1991701244813278	0.12448132780082988	0.0912863070539419	0	316	0.7626582278481012
3634	2000	860	0.26627906976744187	0.4569767441860465	0.20465116279069767	0.07209302325581396	0	1254	0.6858054226475279
3634	5000	5117	0.4580809067813172	0.4531952315810045	0.04416650381082666	0.043971076802814146	5.86281024037522e-4	7831	0.6534286808836675
3634	10000	19351	0.3803421011834014	0.5575939227946876	0.024339827399100823	0.0357604258177872	0.0019637228050229964	31296	0.6183218302658486
3635	500	79	0.10126582278481013	0	0.8987341772151899	0	0	79	1
3635	1000	315	0.37777777777777777	0.1365079365079365	0.4857142857142857	0	0	315	1
3635	2000	1255	0.6031872509960159	0.24701195219123506	0.149800796812749	0	0	1255	1
3635	5000	7828	0.7524271844660194	0.19443025038323966	0.03346959632089934	0.019672968829841594	0	7828	1
3635	10000	31285	0.6056256992168771	0.3217836023653508	0.020968515262905545	0.05162218315486655	0	31297	0.9996165766686903
3636	500	80	0.4625	0.5375	0	0	0	80	1
3636	1000	285	0.37543859649122807	0.512280701754386	0	0.11228070175438597	0	315	0.9047619047619048
3636	2000	899	0.3704115684093437	0.5139043381535039	0	0.11568409343715239	0	1254	0.7169059011164274
3636	5000	4508	0.2619787045252884	0.6566104702750666	0.0022182786157941437	0.06898846495119787	0.01020408163265306	7833	0.5755138516532619
3636	10000	16610	0.2550270921131848	0.674473208910295	0.0197471402769416	0.04786273329319687	0.0028898254063816978	31322	0.5302981929634123
3637	500	79	0	0	1	0	0	79	1
3637	1000	314	0	0.06050955414012739	0.8949044585987261	0	0.044585987261146494	314	1
3637	2000	1259	0	0.19698173153296267	0.7307386814932486	0.012708498808578236	0.059571088165210485	1259	1
3637	5000	7833	0.0633218434827014	0.31724754244861486	0.5318524192518831	0.023618026298991446	0.06396016851780927	7833	1
3637	10000	31296	0.04665132924335378	0.3642957566462168	0.486036554192229	0.00910659509202454	0.09390976482617587	31296	1
3638	500	79	0.012658227848101266	0.11392405063291139	0.8734177215189873	0	0	79	1
3638	1000	270	0.11481481481481481	0.3814814814814815	0.5037037037037037	0	0	314	0.8598726114649682
3638	2000	897	0.16387959866220736	0.6153846153846154	0.22073578595317725	0	0	1249	0.7181745396317054
3638	5000	4450	0.2555056179775281	0.6343820224719101	0.05056179775280899	0.05955056179775281	0	7825	0.5686900958466453
3638	10000	19344	0.2958023159636063	0.5969292803970223	0.016232423490488007	0.08933002481389578	0.001705955334987593	31259	0.618829777024217
3640	500	79	0.620253164556962	0.08860759493670886	0	0	0.2911392405063291	79	1
3640	1000	313	0.36741214057507987	0.22044728434504793	0	0	0.41214057507987223	313	1
3640	2000	1252	0.2539936102236422	0.45527156549520764	0.11261980830670927	0	0.1781150159744409	1252	1
3640	5000	7826	0.10426782519805776	0.6576795297725531	0.10682340914899055	0.018527983644262714	0.11270125223613596	7826	1
3640	10000	31295	0.11484262661767056	0.586866911647228	0.07359003035628695	0.026457900623102732	0.19824253075571177	31295	1
3641	500	76	0	1	0	0	0	76	1
3641	1000	310	0.012903225806451613	0.9870967741935484	0	0	0	310	1
3641	2000	1247	0.06655974338412189	0.8612670408981555	0.028869286287089013	0	0.04330392943063352	1247	1
3641	5000	7816	0.16862845445240532	0.724539406345957	0.04695496417604913	0.011386898669396111	0.04849027635619243	7816	1
3641	10000	31192	0.18299563990766862	0.6660361631187484	0.09845473198255963	0.0210951526032316	0.03141831238779174	31286	0.9969954612286646
3642	500	43	0	0	1	0	0	78	0.5512820512820513
3642	10000	19715	0.1094598021810804	0.5498858737002282	0.3197058077605884	0.0039056555921886888	0.01704286076591428	31291	0.6300533699785881
3643	500	79	0.4936708860759494	0.10126582278481013	0	0.4050632911392405	0	79	1
3643	1000	314	0.5414012738853503	0.267515923566879	0	0.1910828025477707	0	314	1
3643	2000	1252	0.41773162939297126	0.4728434504792332	0.003993610223642172	0.10543130990415335	0	1252	1
3643	5000	7819	0.3577183783092467	0.5784627190177772	0.015603018288783733	0.02954341987466428	0.018672464509528072	7819	1
3643	10000	31301	0.3037283153892847	0.5895977764288681	0.06415130507012555	0.021724545541675983	0.020798057570045686	31301	1
3644	500	52	0	0.8653846153846154	0.1346153846153846	0	0	77	0.6753246753246753
3644	1000	208	0	0.8894230769230769	0.11057692307692307	0	0	311	0.6688102893890675
3644	2000	735	0.061224489795918366	0.8680272108843538	0.0707482993197279	0	0	1250	0.588
3644	5000	4091	0.2451723295037888	0.6582742605719872	0.0684429234905891	0.010755316548521144	0.017355169885113663	7810	0.5238156209987196
3644	10000	15693	0.21907857006308545	0.6515643917670298	0.07047728286497164	0.02313133244121583	0.03574842286369719	31287	0.5015821267619139
3645	500	61	0	1	0	0	0	78	0.782051282051282
3645	1000	213	0.014084507042253521	0.9295774647887324	0.056338028169014086	0	0	311	0.684887459807074
3645	2000	707	0.07213578500707214	0.8486562942008486	0.036775106082036775	0.042432814710042434	0	1248	0.5665064102564102
3646	500	79	0	0	1	0	0	79	1
3646	1000	290	0	0	0.9862068965517241	0.013793103448275862	0	314	0.9235668789808917
3646	2000	885	0	0.005649717514124294	0.8463276836158192	0.1480225988700565	0	1252	0.7068690095846646
3646	5000	4580	0.05829694323144105	0.3945414847161572	0.3982532751091703	0.13733624454148471	0.011572052401746726	7828	0.5850792028615227
3646	10000	17841	0.28361638921585114	0.5105655512583376	0.13082226332604674	0.06602768903088392	0.008968107168880668	31297	0.5700546378247117
3653	500	52	0	0.17307692307692307	0.8269230769230769	0	0	79	0.6582278481012658
3653	1000	199	0	0.22110552763819097	0.7638190954773869	0	0.01507537688442211	315	0.6317460317460317
3653	2000	988	0	0.16497975708502025	0.77834008097166	0	0.05668016194331984	1252	0.7891373801916933
3653	5000	6621	0.002114484216885667	0.2407491315511252	0.7130342848512309	0	0.044102099380758195	7829	0.845701877634436
3653	10000	27253	0.022603016181704766	0.21843466774300077	0.6977580449858731	3.669320808718306e-5	0.061167577881334166	31277	0.8713431595101832
3654	500	49	0.46938775510204084	0.5306122448979592	0	0	0	79	0.620253164556962
3654	1000	172	0.29069767441860467	0.7093023255813954	0	0	0	315	0.546031746031746
3654	2000	702	0.09544159544159544	0.8603988603988604	0.04415954415954416	0	0	1250	0.5616
3655	500	80	0	0.05	0.95	0	0	80	1
3655	1000	312	0	0.2564102564102564	0.7435897435897436	0	0	313	0.9968051118210862
3655	2000	1076	0	0.32063197026022305	0.679368029739777	0	0	1253	0.8587390263367917
3655	5000	6532	0.03138395590936926	0.41090018371096143	0.5373545621555419	0	0.020361298224127373	7818	0.835507802507035
3655	10000	24719	0.02694283749342611	0.34564505036611515	0.5852583033294227	0.0012136413285327077	0.040940167482503335	31284	0.7901483186293313
3656	500	78	0.0641025641025641	0.9358974358974359	0	0	0	78	1
3656	1000	315	0.11428571428571428	0.8825396825396825	0	0	0.0031746031746031746	315	1
3656	2000	1253	0.1332801276935355	0.8276137270550679	0	0	0.03910614525139665	1253	1
3656	5000	7822	0.16428023523395552	0.6921503451802608	0.029404244438762463	0.0016619790334952698	0.11250319611352595	7822	1
3656	10000	29803	0.2695366238298158	0.6133610710331174	0.03060094621346844	0.018488071670637183	0.06801328725296112	31294	0.9523550840416694
3657	500	47	0.7446808510638298	0	0	0	0.2553191489361702	77	0.6103896103896104
3657	1000	197	0.5228426395939086	0.050761421319796954	0.16243654822335024	0	0.2639593908629442	310	0.635483870967742
3657	2000	719	0.30598052851182195	0.1502086230876217	0.16689847009735745	0	0.3769123783031989	1245	0.5775100401606426
3659	500	79	0.35443037974683544	0.12658227848101267	0	0	0.5189873417721519	79	1
3659	1000	312	0.20192307692307693	0.30128205128205127	0	0	0.4967948717948718	312	1
3659	2000	1246	0.2640449438202247	0.3900481540930979	0	0.04173354735152488	0.3041733547351525	1249	0.9975980784627703
3659	5000	4131	0.23287339627208908	0.3626240619704672	0.0014524328249818446	0.058823529411764705	0.3442265795206972	7811	0.5288695429522469
3660	5000	4165	0.24009603841536614	0.21464585834333733	0.027130852340936373	0	0.5181272509003602	7812	0.5331541218637993
3661	500	77	0.15584415584415584	0	0.06493506493506493	0	0.7792207792207793	77	1
3661	1000	294	0.19727891156462585	0	0.13945578231292516	0	0.6632653061224489	311	0.9453376205787781
3661	2000	966	0.2525879917184265	0.025879917184265012	0.06935817805383022	0	0.6521739130434783	1248	0.7740384615384616
3661	5000	4354	0.21221864951768488	0.2549379880569591	0.04157096922370234	0	0.49127239320165367	7813	0.5572763343146039
3662	500	49	0.30612244897959184	0	0	0	0.6938775510204082	78	0.6282051282051282
3662	1000	174	0.1724137931034483	0	0	0	0.8275862068965517	310	0.5612903225806452
3662	5000	3944	0.23427991886409735	0.20765720081135902	0.03904665314401623	0	0.5190162271805274	7815	0.5046705054382598
3663	500	79	0	0.569620253164557	0.13924050632911392	0.2911392405063291	0	79	1
3663	1000	314	0	0.7388535031847133	0.09554140127388536	0.16560509554140126	0	314	1
3663	2000	1253	0.01596169193934557	0.7541899441340782	0.0710295291300878	0.10933758978451716	0.04948124501197127	1253	1
3663	5000	7829	0.03806360965640567	0.7003448716311151	0.027078809554221484	0.1656661131689871	0.06884659598927066	7829	1
3663	10000	31291	0.0847528043207312	0.6472787702534275	0.01856763925729443	0.13646096321626028	0.1129398229522866	31291	1
3664	500	47	0	1	0	0	0	80	0.5875
3664	1000	190	0	1	0	0	0	312	0.6089743589743589
3664	2000	682	0.01906158357771261	0.9809384164222874	0	0	0	1253	0.5442936951316839
3666	500	77	0.9090909090909091	0	0.09090909090909091	0	0	77	1
3666	1000	310	0.7548387096774194	0.14193548387096774	0.06129032258064516	0	0.041935483870967745	310	1
3666	2000	1249	0.6204963971176941	0.22818254603682947	0.025620496397117692	0	0.1257005604483587	1249	1
3666	5000	7814	0.22562068082928077	0.35474788840542615	0.3152034809316611	0.002303557716918352	0.10212439211671359	7814	1
3666	10000	30149	0.2173206408172742	0.3293309894192179	0.37633088991342994	0.0175793558658662	0.05943812398421175	31304	0.9631037567084079
3667	500	78	0.16666666666666666	0.2564102564102564	0.34615384615384615	0	0.23076923076923078	78	1
3667	1000	313	0.10543130990415335	0.1757188498402556	0.43769968051118213	0	0.28115015974440893	313	1
3667	2000	1249	0.23058446757405926	0.3466773418734988	0.22417934347477983	0	0.19855884707766214	1249	1
3667	5000	7342	0.13388722418959412	0.5038136747480251	0.26668482702260965	0.035276491419231816	0.06033778262053936	7813	0.9397158581850762
3667	10000	28617	0.19187895306985359	0.45298249292378656	0.28388719991613376	0.016913023727155186	0.054338330363070904	31298	0.9143395744137005
3668	500	80	1	0	0	0	0	80	1
3668	1000	314	0.945859872611465	0	0.054140127388535034	0	0	314	1
3668	2000	1255	0.8382470119521912	0.02948207171314741	0.027091633466135457	0.1051792828685259	0	1255	1
3668	5000	7832	0.6481103166496425	0.09397344228804903	0.07686414708886619	0.04111338100102145	0.13993871297242083	7832	1
3668	10000	31301	0.6221526468802914	0.19699051148525606	0.04153221941790997	0.04118079294591227	0.09814382927063033	31301	1
3669	500	79	0.3291139240506329	0.4177215189873418	0	0.25316455696202533	0	79	1
3669	1000	313	0.48562300319488816	0.41533546325878595	0	0.0926517571884984	0.006389776357827476	313	1
3669	2000	1250	0.4448	0.3784	0	0.064	0.1128	1250	1
3669	5000	7828	0.3983137455288707	0.4977005620848237	0.003321410321921308	0.05569749616760347	0.044966785896780784	7828	1
3669	10000	31310	0.3802618971574577	0.5500798466943468	0.0020121366975407217	0.049920153305653144	0.017725966145001597	31310	1
3670	500	80	0.1625	0.25	0	0.5875	0	80	1
3670	1000	314	0.410828025477707	0.4140127388535032	0	0.1751592356687898	0	314	1
3670	2000	1253	0.5203511572226656	0.3375897845171588	0	0.1420590582601756	0	1253	1
3670	5000	7831	0.7085940492912782	0.17724428553186056	0.011620482696973567	0.0973055803856468	0.005235602094240838	7831	1
3670	10000	31306	0.7134095700504696	0.16290806874081645	0.026033348239954002	0.07167955024595925	0.02596946272280074	31306	1
3671	500	81	0.024691358024691357	0.9629629629629629	0	0.012345679012345678	0	81	1
3671	1000	243	0.24279835390946503	0.6419753086419753	0	0.11522633744855967	0	316	0.7689873417721519
3671	2000	750	0.4013333333333333	0.49066666666666664	0.034666666666666665	0.07333333333333333	0	1255	0.5976095617529881
3673	500	79	0.6582278481012658	0.34177215189873417	0	0	0	79	1
3673	1000	316	0.6930379746835443	0.3037974683544304	0.0031645569620253164	0	0	316	1
3673	2000	1246	0.5850722311396469	0.391653290529695	0.023274478330658106	0	0	1253	0.994413407821229
3673	5000	7035	0.31058990760483296	0.5282160625444208	0.13176972281449895	0.014925373134328358	0.014498933901918977	7834	0.8980086801123308
3673	10000	23782	0.208182659153982	0.6661340509629131	0.0825414178790682	0.02842485913716256	0.014717012866874107	31307	0.7596384195227904
3674	500	80	0.3	0.7	0	0	0	80	1
3674	1000	317	0.14195583596214512	0.8454258675078864	0	0.012618296529968454	0	317	1
3674	2000	1254	0.09888357256778309	0.8652312599681021	0	0.03588516746411483	0	1255	0.999203187250996
3674	5000	6321	0.12118335706375573	0.8495491219743712	0	0.02926752096187312	0	7840	0.80625
3674	10000	19742	0.18746834160672676	0.7016513017931314	0.06802755546550501	0.02826461351433492	0.014588187620301894	31315	0.6304326999840332
3675	500	80	0.0125	0.8875	0	0	0.1	80	1
3675	1000	315	0.06349206349206349	0.7841269841269841	0	0	0.1523809523809524	316	0.9968354430379747
3675	2000	1101	0.09900090826521345	0.7211625794732062	0	0.022706630336058128	0.15712988192552224	1251	0.8800959232613909
3675	5000	6346	0.16482823826032147	0.7680428616451308	0.006303183107469272	0.016388276079420106	0.04443744090765837	7831	0.810369046098838
3675	10000	18681	0.16214335421016005	0.7865745945077887	0.01177667148439591	0.016540870403083347	0.022964509394572025	31311	0.5966273833477053
3676	500	80	0.725	0.275	0	0	0	80	1
3676	1000	316	0.7183544303797469	0.28164556962025317	0	0	0	316	1
3676	2000	1254	0.631578947368421	0.33253588516746413	0.011164274322169059	0.024720893141945772	0	1254	1
3676	5000	7432	0.3102798708288482	0.5499192680301399	0.11100645855758881	0.015877287405812703	0.012917115177610334	7832	0.9489274770173647
3676	10000	25351	0.20413395921265434	0.6742534811250049	0.07834010492682734	0.030491893810895034	0.012780560924618357	31322	0.8093672179298895
3677	500	44	0	1	0	0	0	80	0.55
3677	5000	5430	0.114548802946593	0.8664825046040515	0	0.014917127071823204	0.004051565377532229	7832	0.6933094994892748
3677	10000	22125	0.16167231638418078	0.7861242937853107	7.68361581920904e-4	0.01848587570621469	0.03294915254237288	31317	0.7064852955263914
3680	500	79	0.5316455696202531	0.4177215189873418	0.05063291139240506	0	0	79	1
3680	1000	315	0.43174603174603177	0.37777777777777777	0.19047619047619047	0	0	315	1
3680	2000	1256	0.3638535031847134	0.42595541401273884	0.21019108280254778	0	0	1256	1
3680	5000	7391	0.24719253145717765	0.5755648762007848	0.1523474496008659	0.0120416723041537	0.012853470437017995	7831	0.943813050695952
3680	10000	25850	0.2025918762088975	0.6807736943907157	0.07806576402321083	0.025299806576402323	0.013268858800773694	31316	0.8254566355856431
3684	500	79	0.6962025316455697	0	0	0	0.3037974683544304	79	1
3684	1000	312	0.34294871794871795	0.3076923076923077	0	0	0.34935897435897434	312	1
3684	2000	1250	0.1496	0.4872	0	0	0.3632	1250	1
3684	5000	7831	0.18094751628144554	0.595198569786745	0	0.028859660324351933	0.19499425360745753	7831	1
3684	10000	31192	0.20191074634521672	0.6228199538343165	0.0082392921261862009	0.04196588868940754	0.12506411900487305	31311	0.99619941873463
3685	500	71	0	1	0	0	0	77	0.922077922077922
3685	1000	218	0	0.981651376146789	0	0.01834862385321101	0	312	0.6987179487179487
3685	2000	663	0.06184012066365008	0.889894419306184	0	0.048265460030165915	0	1247	0.5316760224538893
3686	500	80	0.7125	0.1375	0.15	0	0	80	1
3686	1000	315	0.6412698412698413	0.2761904761904762	0.08253968253968254	0	0	315	1
3686	2000	1245	0.43373493975903615	0.42088353413654617	0.14538152610441768	0	0	1255	0.9920318725099602
3686	5000	7131	0.27345393352965924	0.5502734539335297	0.14500070116393213	0.0124807179918665	0.01879119338101248	7833	0.910379165070854
3686	10000	24360	0.20812807881773399	0.6701149425287356	0.08197865353037767	0.025697865353037766	0.014080459770114942	31317	0.7778522847015997
3688	500	78	0.21794871794871795	0.782051282051282	0	0	0	78	1
3688	1000	304	0.2631578947368421	0.7302631578947368	0	0.006578947368421052	0	312	0.9743589743589743
3688	2000	921	0.16286644951140064	0.7991313789359392	0	0.038002171552660155	0	1250	0.7368
3688	5000	5862	0.14960764244285227	0.8062094848174685	0.018935516888433982	0.010917775503241215	0.014329580348004094	7817	0.7499040552641678
3688	10000	21216	0.21733597285067874	0.6941459276018099	0.04218514328808447	0.025169683257918553	0.021163273001508297	31303	0.6777625147749416
3690	500	78	0.20512820512820512	0.7948717948717948	0	0	0	78	1
3690	1000	310	0.1870967741935484	0.8129032258064516	0	0	0	310	1
3690	2000	1231	0.08042242079610074	0.8968318440292445	0	0.022745735174654752	0	1253	0.9824421388667198
3690	5000	5759	0.09011981246744226	0.8775829137002952	6.945650286508074e-4	0.03160270880361174	0	7832	0.7353166496424923
3690	10000	19072	0.18624161073825504	0.6989303691275168	0.07041736577181208	0.028208892617449664	0.01620176174496644	31289	0.6095432899741123
3692	500	79	0.6455696202531646	0.35443037974683544	0	0	0	79	1
3692	1000	315	0.6412698412698413	0.3523809523809524	0.006349206349206349	0	0	315	1
3692	2000	1257	0.5290373906125696	0.40652346857597454	0.03977724741447892	0.024661893396976928	0	1257	1
3692	5000	7664	0.27335594989561585	0.5576722338204593	0.14926931106471816	0.011612734864300627	0.008089770354906054	7836	0.9780500255232262
3692	10000	26435	0.19867599773028183	0.6825042557215812	0.07667864573482126	0.028560620389634955	0.013580480423680727	31328	0.8438138406537283
3693	500	78	0.717948717948718	0.28205128205128205	0	0	0	78	1
3693	1000	309	0.47572815533980584	0.5242718446601942	0	0	0	313	0.987220447284345
3693	2000	1071	0.3034547152194211	0.6713352007469654	0	0.025210084033613446	0	1254	0.854066985645933
3693	5000	6221	0.1228098376466806	0.8180356855810963	0	0.027969779778170712	0.031184696994052404	7823	0.7952192253611147
3693	10000	24077	0.22012709224571167	0.7345599534825767	0.010964821198654317	0.014287494289155626	0.020060638783901647	31317	0.7688156592266181
3694	500	79	0.759493670886076	0.24050632911392406	0	0	0	79	1
3694	1000	312	0.4807692307692308	0.5192307692307693	0	0	0	312	1
3694	2000	1145	0.2349344978165939	0.7248908296943232	0	0.04017467248908297	0	1253	0.9138068635275339
3694	5000	6124	0.13536903984323972	0.812050947093403	0	0.028086218158066622	0.02449379490529066	7830	0.7821200510855684
3694	10000	24979	0.2381600544457344	0.71171784298811	0.010328676087913848	0.017895031826734457	0.021898394651507266	31314	0.7976943220284857
3695	500	77	0.05194805194805195	0.948051948051948	0	0	0	79	0.9746835443037974
3695	1000	274	0.18248175182481752	0.8175182481751825	0	0	0	317	0.8643533123028391
3695	2000	981	0.16615698267074414	0.8338430173292558	0	0	0	1253	0.7829209896249002
3695	5000	5155	0.1326867119301649	0.7920465567410281	0	0.016488845780795344	0.05877788554801164	7832	0.658197139938713
3695	10000	16029	0.13856135753945972	0.8064133757564415	0.013725123214174309	0.01721879094141868	0.024081352548505835	31303	0.5120595470082739
3696	500	73	0.1917808219178082	0.8082191780821918	0	0	0	81	0.9012345679012346
3696	1000	213	0.15492957746478872	0.8450704225352113	0	0	0	316	0.6740506329113924
3697	500	73	0.0136986301369863	0.9863013698630136	0	0	0	80	0.9125
3697	1000	173	0.13872832369942195	0.861271676300578	0	0	0	316	0.5474683544303798
3698	500	79	0	0.6582278481012658	0	0.1518987341772152	0.189873417721519	79	1
3698	1000	313	0	0.7380191693290735	0	0.07987220447284345	0.18210862619808307	313	1
3698	2000	1248	0	0.7676282051282052	0	0.055288461538461536	0.17708333333333334	1248	1
3698	5000	7822	0.01585272308872411	0.723855791357709	0	0.06430580414216314	0.19598568141140374	7822	1
3698	10000	31307	0.03146261219535567	0.7803366659213594	0.0022359216788577635	0.0613920209537803	0.12457277925064682	31307	1
3700	500	80	0.5	0.5	0	0	0	80	1
3700	1000	316	0.24367088607594936	0.7563291139240507	0	0	0	316	1
3700	2000	1133	0.1526919682259488	0.8473080317740512	0	0	0	1264	0.8963607594936709
3700	5000	5234	0.09361864730607566	0.8242262132212457	0	0.006495987772258311	0.07565915170042033	7831	0.668369301494062
3700	10000	20291	0.18387462421763343	0.7726085456606377	0	0.015031294662658321	0.028485535459070524	31317	0.6479228534023055
3702	500	81	0.3950617283950617	0.5925925925925926	0	0	0.012345679012345678	81	1
3702	1000	315	0.16825396825396827	0.726984126984127	0	0	0.10476190476190476	315	1
3702	2000	1254	0.07496012759170653	0.7870813397129187	0	0.04226475279106858	0.09569377990430622	1254	1
3702	5000	7828	0.017373530914665303	0.854496678589678	0	0.03934593765968319	0.08878385283597343	7828	1
3702	10000	31317	0.03518855573650094	0.7754893508318166	0.0022352077146597696	0.06089344445508829	0.1261934412619344	31317	1
3703	500	77	0	1	0	0	0	77	1
3703	1000	310	0	0.9903225806451613	0	0.00967741935483871	0	310	1
3703	2000	1249	0	0.8622898318654924	0	0.07285828662930344	0.06485188150520416	1249	1
3703	5000	7813	0	0.8470497888135159	0	0.053756559580186866	0.0991936516062972	7813	1
3703	10000	31302	0.010191042105935723	0.8326624496837263	0	0.06654526867292825	0.09060123953740976	31302	1
3704	500	79	0.34177215189873417	0.6455696202531646	0	0	0.012658227848101266	79	1
3704	1000	312	0.14102564102564102	0.625	0.08012820512820513	0	0.15384615384615385	312	1
3704	2000	1250	0.216	0.44	0.056	0.0216	0.2664	1250	1
3704	5000	7739	0.2089417237369169	0.6131283111513115	0.015118232329758367	0.01317999741568678	0.1496317353663264	7839	0.9872432708253603
3704	10000	30245	0.2381550669532154	0.6254256901967268	0.005620763762605389	0.03861795338072409	0.09218052570672838	31308	0.9660470167369363
3705	500	79	0.5063291139240507	0.4936708860759494	0	0	0	79	1
3705	1000	288	0.3194444444444444	0.6805555555555556	0	0	0	315	0.9142857142857143
3705	2000	1201	0.17735220649458786	0.8226477935054122	0	0	0	1254	0.9577352472089314
3705	5000	6241	0.12994712385835602	0.7974683544303798	0	0.005447844896651178	0.06713667681461304	7821	0.797979797979798
3705	10000	22070	0.19370185772541912	0.7582691436338922	0	0.021024014499320346	0.027004984141368375	31309	0.7049091315596154
3707	500	56	0	1	0	0	0	77	0.7272727272727273
3707	1000	226	0.02654867256637168	0.9734513274336283	0	0	0	310	0.7290322580645161
3707	2000	834	0.21942446043165467	0.7721822541966427	0	0.008393285371702638	0	1247	0.6688051323175621
3707	5000	4661	0.08732031752842738	0.8699849817635701	0	0.017592791246513622	0.02510190946148895	7817	0.5962645516182679
3707	10000	17203	0.14235889089112364	0.7906760448758937	0.01209091437539964	0.017090042434459107	0.037784107423123874	31288	0.5498274098695985
3708	500	80	0.5	0.3125	0	0.1875	0	80	1
3708	1000	309	0.29449838187702265	0.5792880258899676	0	0.1262135922330097	0	315	0.9809523809523809
3708	2000	1118	0.2522361359570662	0.6413237924865832	0	0.044722719141323794	0.061717352415026835	1257	0.8894192521877486
3708	5000	6348	0.1219281663516068	0.8045053560176434	0	0.030088216761184627	0.043478260869565216	7836	0.8101071975497703
3708	10000	22207	0.18701310397622373	0.7655694150493088	0.00990678614851173	0.014950240915026794	0.022560453910928986	31311	0.7092395643703491
3710	500	78	0.28205128205128205	0.717948717948718	0	0	0	78	1
3710	1000	313	0.11182108626198083	0.8466453674121406	0	0	0.04153354632587859	313	1
3710	2000	1218	0.1412151067323481	0.6699507389162561	0	0	0.18883415435139572	1253	0.9720670391061452
3710	5000	6499	0.17356516387136484	0.7327281120172334	0.02092629635328512	0.023849823049699955	0.04893060470841668	7823	0.830755464655503
3710	10000	17661	0.1497083970330106	0.7951984598833588	0.012456825774304965	0.017496178019364702	0.025140139289960933	31299	0.5642672289849516
3711	500	78	0.3333333333333333	0.6666666666666666	0	0	0	78	1
3711	1000	311	0.17684887459807075	0.6688102893890675	0	0	0.15434083601286175	311	1
3711	2000	1253	0.15802075019952114	0.6608140462889066	0	0.0111731843575419	0.16999201915403034	1253	1
3711	5000	6560	0.1826219512195122	0.7172256097560976	0.02804878048780488	0.023628048780487805	0.04847560975609756	7836	0.8371618172537009
3711	10000	17596	0.1509433962264151	0.7923959990907025	0.012502841554898841	0.01756080927483519	0.026596953853148444	31291	0.5623342175066313
3712	500	77	0.42857142857142855	0.2077922077922078	0	0.36363636363636365	0	79	0.9746835443037974
3712	1000	261	0.34099616858237547	0.4904214559386973	0	0.1685823754789272	0	313	0.8338658146964856
3712	2000	891	0.15039281705948374	0.7586980920314254	0.04152637485970819	0.04938271604938271	0	1251	0.7122302158273381
3715	500	80	0.5625	0.2875	0.15	0	0	80	1
3715	1000	316	0.6044303797468354	0.28164556962025317	0.11392405063291139	0	0	316	1
3715	2000	1244	0.38263665594855306	0.4091639871382637	0.20819935691318328	0	0	1255	0.9912350597609562
3715	5000	7076	0.26808931599773883	0.5602035048049746	0.1411814584511023	0.012577727529677785	0.0179479932165065	7835	0.9031269942565412
3715	10000	24332	0.20713463751438435	0.671050468518823	0.08240177543975012	0.02531645569620253	0.014096662830840045	31321	0.7768589764056064
3716	500	81	0.07407407407407407	0.9259259259259259	0	0	0	81	1
3716	1000	300	0.13333333333333333	0.8666666666666667	0	0	0	317	0.9463722397476341
3716	2000	1184	0.14695945945945946	0.825168918918919	0	0.02787162162162162	0	1255	0.9434262948207172
3716	5000	7286	0.1848751029371397	0.7684600603897886	0	0.00947021685424101	0.03719461981883063	7838	0.92957387088543
3716	10000	24127	0.1801715919923737	0.7654080490736519	0	0.025324325444522733	0.029096033489451653	31314	0.7704860445806987
3717	500	80	0	0.575	0.1875	0.2375	0	80	1
3717	1000	312	0	0.7532051282051282	0.16666666666666666	0.08012820512820513	0	313	0.9968051118210862
3717	2000	1183	0.028740490278951817	0.6035502958579881	0.33812341504649196	0.021132713440405747	0.0084530853761623	1252	0.944888178913738
3717	5000	6493	0.12844601878946557	0.6979824426305252	0.1455413522254736	0.014785153241952871	0.013245033112582781	7830	0.8292464878671775
3717	10000	23433	0.20377245764520122	0.6723424230785644	0.08146630819784065	0.026458413348696284	0.015960397729697436	31316	0.7482756418444245
3718	500	78	0	0.7948717948717948	0	0.20512820512820512	0	78	1
3718	1000	311	0	0.8778135048231511	0	0.12218649517684887	0	311	1
3718	2000	1251	0	0.9192645883293366	0	0.03117505995203837	0.0495603517186251	1251	1
3718	5000	7815	0	0.8195777351247601	0	0.032245681381957776	0.14817658349328214	7815	1
3718	10000	31303	0.006516947257451363	0.793278599495256	0	0.07488100182091173	0.12532345142638085	31303	1
3719	500	77	0.37662337662337664	0.35064935064935066	0.2727272727272727	0	0	77	1
3719	1000	311	0.6012861736334405	0.24437299035369775	0.15434083601286175	0	0	311	1
3719	2000	1245	0.363855421686747	0.41686746987951806	0.21927710843373494	0	0	1245	1
3719	5000	7182	0.2578668894458368	0.5708716235032024	0.14313561681982734	0.01239209133945976	0.015733778891673628	7824	0.9179447852760736
3719	10000	24943	0.2058693821913964	0.6751794090526401	0.08098464499057852	0.0242152106803512	0.013751353085033877	31303	0.796824585502987
3720	500	76	0	0.7236842105263158	0	0	0.27631578947368424	76	1
3720	1000	309	0	0.8932038834951457	0.006472491909385114	0	0.10032362459546926	309	1
3720	2000	983	0	0.9053916581892166	0.06307222787385554	0	0.03153611393692777	1247	0.7882919005613472
3721	500	78	0.11538461538461539	0.8846153846153846	0	0	0	80	0.975
3721	1000	285	0.1543859649122807	0.8456140350877193	0	0	0	317	0.8990536277602523
3721	2000	1049	0.12583412774070543	0.8741658722592945	0	0	0	1256	0.8351910828025477
3721	5000	5280	0.14545454545454545	0.7384469696969697	0.024053030303030302	0.02196969696969697	0.07007575757575757	7837	0.6737271915273702
3722	500	78	0	1	0	0	0	78	1
3722	1000	296	0.013513513513513514	0.9864864864864865	0	0	0	313	0.9456869009584664
3722	2000	990	0.07878787878787878	0.9212121212121213	0	0	0	1253	0.7901037509976058
3722	5000	5228	0.15627390971690897	0.7630068859984698	5.738332058148432e-4	0.021614384085692426	0.058530986993114	7823	0.6682858238527419
3723	1000	175	0.42857142857142855	0.38857142857142857	0	0.18285714285714286	0	315	0.5555555555555556
3723	5000	3996	0.1981981981981982	0.7247247247247247	0.0055055055055055055	0.057057057057057055	0.014514514514514515	7833	0.5101493680582152
3723	10000	21657	0.2259315694694556	0.6573394283603454	0.030752181742623633	0.028258761601329823	0.057718058826245554	31291	0.6921159438816273
3724	500	70	0.5714285714285714	0.21428571428571427	0	0.21428571428571427	0	79	0.8860759493670886
3724	1000	227	0.34801762114537443	0.5110132158590308	0	0.14096916299559473	0	316	0.7183544303797469
3724	2000	663	0.2684766214177979	0.6832579185520362	0	0.048265460030165915	0	1254	0.5287081339712919
3724	10000	21564	0.23247078464106843	0.6540530513819328	0.028287887219439808	0.02856612873307364	0.05662214802448525	31316	0.6885936901264529
3727	500	79	0.35443037974683544	0.6455696202531646	0	0	0	79	1
3727	1000	312	0.23397435897435898	0.7660256410256411	0	0	0	312	1
3727	2000	1254	0.16985645933014354	0.784688995215311	0	0.027910685805422646	0.017543859649122806	1254	1
3727	5000	6461	0.15369137904349173	0.773874013310633	0.004952793685188052	0.024454418820616004	0.043027395140071194	7836	0.824527820316488
3727	10000	21778	0.19827348700523464	0.753283129763982	0.010101937735329232	0.0152906602993847	0.02305078519606943	31294	0.6959161500607145
3729	500	77	0.06493506493506493	0.5584415584415584	0	0	0.37662337662337664	77	1
3729	1000	310	0.13870967741935483	0.567741935483871	0	0	0.29354838709677417	310	1
3729	2000	1249	0.1377101681345076	0.5972778222578062	0	0.02241793434747798	0.24259407526020815	1249	1
3729	5000	7819	0.22931321140810845	0.5903568231231615	0	0.03184550454022254	0.14848446092850748	7819	1
3729	10000	31311	0.19223276164926065	0.6366452684360129	0.004790648653827728	0.04017757337676855	0.12615374788413017	31311	1
3730	500	71	0.43661971830985913	0.5633802816901409	0	0	0	80	0.8875
3730	1000	287	0.13937282229965156	0.8501742160278746	0	0.010452961672473868	0	317	0.9053627760252366
3730	2000	860	0.056976744186046514	0.9058139534883721	0	0.037209302325581395	0	1255	0.6852589641434262
3730	5000	4022	0.07160616608652412	0.9147190452511188	0	0.007956240676280457	0.005718547986076579	7832	0.5135342185903984
3730	10000	16322	0.1276804313196912	0.8025977208675408	0.0037372870971694645	0.01887023649062615	0.04711432422497243	31313	0.5212531536422572
3731	500	75	0.09333333333333334	0.9066666666666666	0	0	0	79	0.9493670886075949
3731	1000	242	0.1446280991735537	0.8553719008264463	0	0	0	317	0.7634069400630915
3731	2000	815	0.046625766871165646	0.9533742331288344	0	0	0	1254	0.6499202551834131
3732	500	69	0.4927536231884058	0.5072463768115942	0	0	0	78	0.8846153846153846
3732	1000	245	0.15510204081632653	0.8448979591836735	0	0	0	313	0.7827476038338658
3732	2000	727	0.052269601100412656	0.9477303988995873	0	0	0	1254	0.5797448165869219
3733	500	79	0.5569620253164557	0.4430379746835443	0	0	0	79	1
3733	1000	258	0.35658914728682173	0.6434108527131783	0	0	0	316	0.8164556962025317
3733	2000	849	0.1707891637220259	0.8292108362779741	0	0	0	1254	0.6770334928229665
3733	5000	5408	0.12814349112426035	0.8065828402366864	0	0.015347633136094675	0.04992603550295858	7823	0.6912948996548639
3733	10000	17679	0.14531364896204538	0.8027037728378302	0.012444142768256124	0.01747836416086883	0.02206007127099949	31313	0.5645897869894293
3734	500	77	0	1	0	0	0	77	1
3734	1000	282	0.1773049645390071	0.8226950354609929	0	0	0	313	0.9009584664536742
3734	2000	1090	0.3165137614678899	0.681651376146789	0.001834862385321101	0	0	1252	0.8706070287539937
3734	5000	6202	0.23524669461464043	0.6941309255079007	0.05320864237342793	0.0043534343760077395	0.013060303128023218	7818	0.793297518546943
3734	10000	21001	0.2367030141421837	0.6211132803199848	0.09737631541355174	0.0162849388124375	0.028522451311842292	31294	0.6710871093500351
3735	500	78	0	0.9615384615384616	0.038461538461538464	0	0	78	1
3735	1000	303	0.066006600660066	0.8679867986798679	0.066006600660066	0	0	310	0.9774193548387097
3735	2000	1112	0.16276978417266186	0.7949640287769785	0.04226618705035971	0	0	1248	0.8910256410256411
3735	5000	6400	0.29796875	0.6371875	0.03546875	0.0053125	0.0240625	7817	0.8187284124344377
3735	10000	22561	0.25646026328620186	0.6251939187092771	0.07526262133770666	0.016267009441070873	0.02681618722574354	31289	0.721052126945572
3737	500	79	0.1518987341772152	0.8354430379746836	0	0.012658227848101266	0	79	1
3737	1000	308	0.1038961038961039	0.6785714285714286	0	0.21753246753246752	0	315	0.9777777777777777
3737	2000	1198	0.17779632721202004	0.7320534223706177	0	0.09015025041736227	0	1258	0.9523052464228935
3737	5000	6260	0.1779552715654952	0.7972843450479233	0	0.02476038338658147	0	7827	0.799795579404625
3737	10000	26151	0.2539864632327636	0.6938549195059462	0.006844862529157585	0.017628388971741044	0.027685365760391573	31329	0.8347218232308724
3739	500	79	0	1	0	0	0	79	1
3739	1000	316	0	1	0	0	0	316	1
3739	2000	1251	0.011990407673860911	0.9712230215827338	0	0	0.016786570743405275	1251	1
3739	5000	7825	0.013674121405750798	0.6700319488817892	0	0.032843450479233226	0.28345047923322686	7825	1
3739	10000	31293	0.07202888824976832	0.6549388042054134	0.0024286581663630845	0.032051896590291756	0.23855175278816348	31293	1
3741	500	79	0	0.6835443037974683	0	0.31645569620253167	0	79	1
3741	1000	315	0	0.8825396825396825	0	0.08253968253968254	0.03492063492063492	315	1
3741	2000	1251	0.0015987210231814548	0.8465227817745803	0	0.0319744204636291	0.11990407673860912	1251	1
3741	5000	7826	0.015844620495783286	0.7933810375670841	0	0.05034500383337592	0.1404293381037567	7826	1
3741	10000	31310	0.03513254551261578	0.7767805812839348	0.002235707441711913	0.06068348770360907	0.1251676780581284	31310	1
3742	500	66	0	1	0	0	0	79	0.8354430379746836
3742	1000	257	0	0.9494163424124513	0	0.05058365758754864	0	316	0.8132911392405063
3742	2000	966	0	0.9679089026915114	0	0.032091097308488616	0	1263	0.7648456057007126
3742	5000	4479	0.04956463496316142	0.8948425987943738	0	0.03549899531145345	0.020093770931011386	7829	0.572103716949802
3742	10000	17623	0.14163309311694944	0.7732508653464223	0.01163252567667253	0.013959030812007037	0.0595244850479487	31317	0.5627295079349874
3743	500	77	0.15584415584415584	0.8441558441558441	0	0	0	77	1
3743	1000	312	0.1794871794871795	0.8205128205128205	0	0	0	312	1
3743	2000	1139	0.18525021949078138	0.8147497805092186	0	0	0	1248	0.9126602564102564
3743	5000	6343	0.12943402175626675	0.8186977770770929	0	0.005360239634242472	0.04650796153239792	7824	0.8107106339468303
3743	10000	23231	0.18703456588179587	0.7613533640394301	0	0.02492359347423701	0.02668847660453704	31286	0.7425365978392892
3745	500	65	0	1	0	0	0	79	0.8227848101265823
3745	5000	4513	0.062486151118989586	0.9164635497451806	0	0.021050299135829825	0	7827	0.5765938418295643
3745	10000	17686	0.1481397715707339	0.7747936220739569	0.03330317765464209	0.018376116702476537	0.025387311998190658	31306	0.5649396281862902
3746	500	51	0.5686274509803921	0.43137254901960786	0	0	0	78	0.6538461538461539
3746	1000	213	0.460093896713615	0.539906103286385	0	0	0	314	0.678343949044586
3746	2000	1038	0.29672447013487474	0.7032755298651252	0	0	0	1257	0.8257756563245824
3746	5000	7024	0.30908314350797267	0.6104783599088838	0.05908314350797267	0.0076879271070615035	0.01366742596810934	7830	0.8970625798212005
3746	10000	24691	0.24907861163986877	0.6413267992385889	0.054756793973512616	0.02174881535782269	0.03308897979020696	31306	0.7886986520155881
3748	500	79	0	0.9367088607594937	0	0.06329113924050633	0	79	1
3748	1000	314	0	0.8694267515923567	0	0.1305732484076433	0	314	1
3748	2000	1251	0.007194244604316547	0.8952837729816147	0	0.07513988808952837	0.02238209432454037	1251	1
3748	5000	7829	0.05441307957593562	0.7578234768169626	0.006897432622301699	0.05454080980968195	0.12632520117511814	7829	1
3748	10000	31292	0.0740764412629426	0.8001086539690656	0.004793557458775406	0.026524351271890578	0.09449699603732584	31292	1
3749	500	78	0.5641025641025641	0.4358974358974359	0	0	0	78	1
3749	1000	313	0.5654952076677316	0.43450479233226835	0	0	0	313	1
3749	2000	1244	0.34726688102893893	0.6527331189710611	0	0	0	1251	0.9944044764188649
3749	5000	6335	0.19936858721389109	0.7493291239147593	0	0.008524072612470403	0.042778216258879245	7835	0.8085513720485004
3749	10000	24413	0.20169581780199075	0.7465694507024946	3.276942612542498e-4	0.015237783148322614	0.03616925408593782	31271	0.7806913753957341
3751	500	78	0.19230769230769232	0.8076923076923077	0	0	0	78	1
3751	1000	282	0.2198581560283688	0.7801418439716312	0	0	0	312	0.9038461538461539
3751	2000	1044	0.1388888888888889	0.8611111111111112	0	0	0	1253	0.8332003192338387
3751	5000	6338	0.1360050489113285	0.8531082360366046	0	0.005364468286525718	0.0055222467655411805	7833	0.8091408145027448
3751	10000	24387	0.17365809652683806	0.7758231844835363	0	0.024275228605404518	0.0262434903842211	31285	0.7795109477385328
3752	500	68	0.39705882352941174	0.6029411764705882	0	0	0	78	0.8717948717948718
3752	1000	264	0.2916666666666667	0.6931818181818182	0	0.015151515151515152	0	314	0.8407643312101911
3752	2000	823	0.1336573511543135	0.8213851761846902	0	0.04495747266099635	0	1257	0.654733492442323
3752	5000	5421	0.14167127836192583	0.8256779192030991	0.020291459140380004	0.010514665190924184	0.0018446781036709095	7831	0.6922487549482824
3752	10000	20088	0.20494822779769017	0.7066407805655117	0.039874551971326166	0.02618478693747511	0.022351652727996815	31304	0.6417071300792231
3755	500	77	0	0.8701298701298701	0	0	0.12987012987012986	77	1
3755	1000	301	0	0.7441860465116279	0	0	0.2558139534883721	310	0.9709677419354839
3755	2000	988	0.06983805668016195	0.6427125506072875	0	0	0.2874493927125506	1247	0.7923015236567763
3755	5000	4374	0.08070416095107454	0.8132144490169182	0	0.0054869684499314125	0.1005944215820759	7814	0.5597645252111595
3755	10000	16018	0.16650018728929955	0.7907354226495192	0	0.005244100387064552	0.03752028967411662	31309	0.5116100801686416
3756	500	75	0	1	0	0	0	79	0.9493670886075949
3756	1000	291	0.013745704467353952	0.9725085910652921	0	0.013745704467353952	0	312	0.9326923076923077
3756	2000	994	0.039235412474849095	0.9235412474849095	0	0.03722334004024145	0	1251	0.7945643485211831
3756	5000	5363	0.11579339921685623	0.8495245198582883	0	0.025358940891292186	0.009323140033563304	7833	0.6846674326567088
3756	10000	19566	0.17453746294592662	0.7414392313196361	0.03092098538280691	0.02448124297250332	0.028621077379127058	31282	0.6254715171664216
3757	500	79	0.25316455696202533	0.5569620253164557	0	0.11392405063291139	0.0759493670886076	79	1
3757	1000	315	0.3333333333333333	0.42857142857142855	0	0.09523809523809523	0.14285714285714285	315	1
3757	2000	1255	0.2541832669322709	0.5697211155378487	0	0.06454183266932272	0.11155378486055777	1255	1
3757	5000	7834	0.34171559867245344	0.5615266785805464	0.004850651008424815	0.04148583099310697	0.05042124074546847	7834	1
3757	10000	31303	0.32402645113886847	0.6021467590965722	0.003929335846404498	0.05133693256237421	0.018560521355780596	31303	1
3758	500	80	0	0.975	0	0.025	0	80	1
3758	1000	317	0.006309148264984227	0.7886435331230284	0	0.20504731861198738	0	317	1
3758	2000	1255	0.21673306772908366	0.602390438247012	0	0.18087649402390438	0	1255	1
3758	5000	7834	0.3585652284911922	0.547995915241256	0.04161347970385499	0.05182537656369671	0	7834	1
3758	10000	31316	0.5279090560735726	0.35263124281517433	0.08021458679269383	0.03710563290330821	0.0021394814152509898	31316	1
3759	500	79	0.3291139240506329	0.16455696202531644	0.05063291139240506	0.45569620253164556	0	79	1
3759	1000	312	0.18269230769230768	0.24358974358974358	0.23076923076923078	0.34294871794871795	0	312	1
3759	2000	1251	0.06314948041566747	0.35251798561151076	0.3029576338928857	0.28137490007993604	0	1251	1
3759	5000	7814	0.36524187356027643	0.41080112618377274	0.08216022523675455	0.12452009214230868	0.017276682876887637	7814	1
3759	10000	31307	0.27715846296355445	0.5925511866355767	0.046283578752355704	0.07346599801961223	0.010540773628900884	31307	1
3760	500	79	0.9873417721518988	0	0	0.012658227848101266	0	79	1
3760	1000	312	0.8012820512820513	0	0	0.1987179487179487	0	316	0.9873417721518988
3760	2000	1011	0.7487636003956478	9.891196834817012e-4	0	0.2502472799208704	0	1265	0.799209486166008
3760	5000	4900	0.5622448979591836	0.19387755102040816	0.05673469387755102	0.16612244897959183	0.021020408163265305	7832	0.625638406537283
3760	10000	18714	0.41006732927220263	0.18451426739339533	0.08832959281821097	0.16549107619963663	0.15159773431655446	31332	0.5972807353504405
3761	500	79	0.6835443037974683	0.13924050632911392	0	0.17721518987341772	0	79	1
3761	1000	315	0.5523809523809524	0.33650793650793653	0	0.1111111111111111	0	315	1
3761	2000	1255	0.4796812749003984	0.36892430278884464	0.031075697211155377	0.12031872509960159	0	1255	1
3761	5000	7836	0.41373149566105155	0.4826442062276672	0.05308831036242981	0.05053598774885146	0	7836	1
3761	10000	31305	0.5675131768088165	0.3186711387957195	0.08014694138316562	0.03280626098067401	8.624820316243412e-4	31305	1
3765	500	77	0	0.8961038961038961	0	0	0.1038961038961039	77	1
3765	1000	311	0	0.9421221864951769	0	0	0.05787781350482315	311	1
3765	2000	1250	0	0.94	0	0	0.06	1250	1
3765	5000	7820	0.013427109974424553	0.907928388746803	0	0.020588235294117647	0.05805626598465473	7820	1
3765	10000	31286	0.061113597136099214	0.8193760787572716	0.004538771335421595	0.01834686441219715	0.09662468835901042	31286	1
3766	500	79	0.8607594936708861	0	0.13924050632911392	0	0	79	1
3766	1000	316	0.5632911392405063	0	0.43670886075949367	0	0	316	1
3766	2000	1254	0.4266347687400319	0	0.5311004784688995	0.04226475279106858	0	1254	1
3766	5000	6044	0.5862011912640636	0.030774321641297155	0.3244540039708802	0.03871608206485771	0.01985440105890139	7824	0.7724948875255624
3766	10000	19233	0.700566734258826	0.09062548744345655	0.13949981802110956	0.06046898559767067	0.008838974678937243	31306	0.6143550757043378
3767	500	76	0	0.3026315789473684	0.618421052631579	0	0.07894736842105263	76	1
3767	1000	310	0	0.2645161290322581	0.6483870967741936	0	0.08709677419354839	310	1
3767	2000	1249	0.06965572457966374	0.24259407526020815	0.6341072858286629	0	0.053642914331465175	1249	1
3767	5000	7821	0.30878404296125816	0.3702851297788007	0.25431530494821636	0.02621148190768444	0.04040404040404041	7821	1
3767	10000	31281	0.35158722547233145	0.4399475720085675	0.10507976087720981	0.03513314791726607	0.06825229372462517	31281	1
3769	500	79	0.10126582278481013	0.8987341772151899	0	0	0	79	1
3769	1000	313	0.22364217252396165	0.7763578274760383	0	0	0	313	1
3769	2000	1251	0.2597921662669864	0.5875299760191847	0.05915267785771383	0	0.09352517985611511	1251	1
3769	5000	7831	0.29370450772570555	0.6078406333801558	0.021963989273400587	0.021070105989018005	0.055420763631720084	7831	1
3769	10000	31279	0.24789795070174878	0.6609226637680232	0.02832571373765146	0.025512324562805715	0.037341347229770776	31279	1
3770	500	79	0	0	0.6582278481012658	0	0.34177215189873417	79	1
3770	1000	314	0.050955414012738856	0.06050955414012739	0.49044585987261147	0	0.3980891719745223	314	1
3770	2000	1251	0.023980815347721823	0.07114308553157474	0.5011990407673861	0	0.40367705835331735	1251	1
3770	5000	7826	0.2159468438538206	0.10235113723485817	0.34244824942499363	0.004855609506772297	0.33439815997955535	7826	1
3770	10000	31315	0.31179945712917134	0.2604821970301772	0.21437011017084465	0.01999041992655277	0.19335781574325403	31315	1
3771	500	79	1	0	0	0	0	79	1
3771	1000	313	1	0	0	0	0	313	1
3771	2000	1254	0.9266347687400319	0.051036682615629984	0.022328548644338118	0	0	1254	1
3771	5000	7030	0.613371266002845	0.20825035561877667	0.11948790896159317	0.03812233285917496	0.020768136557610242	7814	0.899667263885334
3771	10000	24693	0.4533673510711538	0.3605070262827522	0.14404892074677034	0.03422022435508039	0.007856477544243307	31312	0.7886113949923352
3772	500	79	0	0	1	0	0	79	1
3772	1000	314	0	0.028662420382165606	0.9713375796178344	0	0	314	1
3772	2000	1251	0	0.17106314948041568	0.8289368505195843	0	0	1251	1
3772	5000	7820	0	0.36713554987212277	0.5888746803069054	0	0.043989769820971865	7820	1
3772	10000	31276	0.04505051796904975	0.44302340452743316	0.44929019056145286	0.023180713646246322	0.03945517329581788	31299	0.9992651522412856
3773	500	78	0.8717948717948718	0.1282051282051282	0	0	0	78	1
3773	1000	311	0.8135048231511254	0.13183279742765272	0.05466237942122187	0	0	311	1
3773	2000	1252	0.8019169329073482	0.08865814696485623	0.051118210862619806	0.007987220447284345	0.050319488817891375	1252	1
3773	5000	7829	0.3902158640950313	0.34959764976369906	0.008174734959764977	0.08481287520756163	0.16719887597394303	7829	1
3773	10000	31286	0.1916831809755162	0.46989068592980887	0.010867480662277057	0.1910119542287285	0.13654669820366938	31286	1
3774	500	79	0.4810126582278481	0.5189873417721519	0	0	0	79	1
3774	1000	316	0.6613924050632911	0.33544303797468356	0	0.0031645569620253164	0	316	1
3774	2000	1253	0.4876296887470072	0.35434956105347165	0.12689545091779728	0.03112529928172386	0	1253	1
3774	5000	7170	0.2534170153417015	0.34755927475592746	0.32203626220362624	0.05299860529986053	0.02398884239888424	7826	0.9161768464094046
3774	10000	24917	0.20251234097202714	0.2859894850905005	0.395633503230726	0.044146566601115704	0.07171810410563069	31275	0.7967066346922462
3781	500	78	0	0	1	0	0	78	1
3781	1000	313	0	0	0.7539936102236422	0	0.24600638977635783	313	1
3781	2000	1254	0	0.08213716108452951	0.5637958532695375	0.008771929824561403	0.3452950558213716	1254	1
3781	5000	7817	0.07867468338237175	0.3126519124984009	0.39094281693744404	0.007931431495458616	0.20979915568632468	7817	1
3781	10000	31310	0.11814116895560524	0.25998083679335676	0.4288406259980837	0.0032896838070903866	0.18974768444586393	31310	1
3784	500	79	0.05063291139240506	0.6075949367088608	0	0	0.34177215189873417	79	1
3784	1000	313	0.2012779552715655	0.4792332268370607	0	0	0.3194888178913738	313	1
3784	2000	1252	0.1805111821086262	0.44009584664536744	0.034345047923322686	0	0.3450479233226837	1252	1
3784	5000	7816	0.1265353121801433	0.6514841351074718	0.01023541453428864	0.02546059365404299	0.18628454452405321	7816	1
3784	10000	31305	0.13863600063887557	0.6841079699728478	0.035936751317680884	0.020955118990576584	0.12036415908001917	31305	1
3786	500	78	0.48717948717948717	0.15384615384615385	0	0	0.358974358974359	78	1
3786	1000	315	0.49523809523809526	0.2222222222222222	0	0	0.28253968253968254	315	1
3786	2000	1256	0.5605095541401274	0.1464968152866242	0.03105095541401274	0	0.2619426751592357	1256	1
3786	5000	7833	0.19519979573598878	0.5087450529809779	0.028086301544746586	0.027320311502617132	0.2406485382356696	7833	1
3786	10000	31300	0.07766773162939297	0.5794888178913739	0.007955271565495208	0.04015974440894569	0.29472843450479236	31300	1
3787	500	80	0	0.975	0	0.025	0	80	1
3787	1000	316	0	0.879746835443038	0	0.06645569620253164	0.05379746835443038	316	1
3787	2000	1252	0	0.853035143769968	0	0.0742811501597444	0.07268370607028754	1252	1
3787	5000	7830	0.0017879948914431673	0.8886334610472542	0.0033205619412515963	0.05606641123882503	0.050191570881226055	7830	1
3787	10000	31287	0.06360469204461917	0.7526448684757248	0.007223447438233132	0.05417585578674849	0.12235113625467446	31287	1
3788	500	77	1	0	0	0	0	77	1
3788	1000	311	0.8553054662379421	0.04180064308681672	0.10289389067524116	0	0	311	1
3788	2000	1251	0.442845723421263	0.4180655475619504	0.11750599520383694	0.007194244604316547	0.014388489208633094	1251	1
3788	5000	7821	0.21084260324766654	0.584068533435622	0.026467203682393557	0.0379746835443038	0.14064697609001406	7821	1
3788	10000	31294	0.074678852176136	0.6362881063462644	0.00795679683006327	0.03930465904007158	0.2417715856074647	31294	1
3789	500	79	0.17721518987341772	0.7341772151898734	0	0	0.08860759493670886	79	1
3789	1000	312	0.22756410256410256	0.4198717948717949	0	0	0.3525641025641026	312	1
3789	2000	1252	0.19249201277955272	0.33386581469648563	0	0	0.4736421725239617	1252	1
3789	5000	7840	0.2131377551020408	0.47270408163265304	0	0.027551020408163266	0.28660714285714284	7840	1
3789	10000	31295	0.2729509506310912	0.525067902220802	0.00546413165042339	0.02732065825211695	0.1691963572455664	31295	1
3790	500	78	0	0.8717948717948718	0	0	0.1282051282051282	78	1
3790	1000	316	0	0.8291139240506329	0	0.0949367088607595	0.0759493670886076	316	1
3790	2000	1254	0	0.777511961722488	0	0.13955342902711323	0.08293460925039872	1254	1
3790	5000	7830	0	0.8186462324393359	0	0.09655172413793103	0.08480204342273308	7830	1
3790	10000	31316	0.04090560735726147	0.7487226976625367	8.302465193511304e-4	0.08139609145484736	0.12814535700600332	31316	1
3791	500	79	0	1	0	0	0	79	1
3791	1000	315	0	1	0	0	0	315	1
3791	2000	1250	0	0.86	0	0.116	0.024	1250	1
3791	5000	7830	0.0020434227330779057	0.7987228607918263	0	0.1040868454661558	0.09514687100893997	7830	1
3791	10000	31308	0.055321323623355054	0.7342532260125207	8.304586687108727e-4	0.08991312124696563	0.11968187044844768	31308	1
3792	500	78	0	0.6025641025641025	0	0.3974358974358974	0	78	1
3792	1000	313	0	0.5431309904153354	0	0.45686900958466453	0	313	1
3792	2000	1254	0	0.6379585326953748	0	0.34290271132376393	0.019138755980861243	1254	1
3792	5000	7815	0.03544465770953295	0.7609724888035828	0.003326935380678183	0.10006397952655151	0.10019193857965451	7815	1
3792	10000	31324	0.051717532882135105	0.7465202400715106	8.300344783552547e-4	0.0785978802196399	0.12233431234835909	31324	1
3793	500	54	0.05555555555555555	0	0.5185185185185185	0.42592592592592593	0	75	0.72
3793	1000	158	0.18354430379746836	0	0.3987341772151899	0.4177215189873418	0	312	0.5064102564102564
3794	500	79	0	0.5822784810126582	0	0.4177215189873418	0	79	1
3794	1000	317	0	0.8958990536277602	0	0.10410094637223975	0	317	1
3794	2000	1255	0	0.8940239043824701	0	0.050199203187251	0.055776892430278883	1255	1
3794	5000	7821	0.029408004091548395	0.8603759110088224	0.009205983889528193	0.06380258278992457	0.03720751822017645	7821	1
3794	10000	31314	0.06738200166059909	0.7058184837452897	0.008973622022098742	0.04416554895573865	0.17366034361627386	31314	1
3796	500	78	0.46153846153846156	0.48717948717948717	0	0	0.05128205128205128	78	1
3796	1000	314	0.32802547770700635	0.5732484076433121	0	0	0.09872611464968153	314	1
3796	2000	1253	0.20430965682362331	0.6695929768555466	0	0.004788507581803671	0.12130885873902633	1253	1
3796	5000	7827	0.13747285038967677	0.6657723265619011	8.943401047655552e-4	0.06771432221796346	0.12814616072569313	7827	1
3796	10000	31323	0.12779746512147624	0.6767231746639849	0.004214155732209558	0.05526290585192989	0.1360022986303994	31323	1
3797	500	79	0.02531645569620253	0.2911392405063291	0	0.6835443037974683	0	79	1
3797	1000	313	0.15654952076677317	0.4185303514376997	0	0.4249201277955272	0	313	1
3797	2000	1250	0.1952	0.4792	0	0.2448	0.0808	1250	1
3797	5000	7830	0.19323116219667943	0.5039591315453384	0.004980842911877395	0.21787994891443166	0.07994891443167305	7830	1
3797	10000	31317	0.21247245904780152	0.5005268703898841	0.01759427786825047	0.1879171057253249	0.08148928696873903	31317	1
3798	500	79	0	1	0	0	0	79	1
3798	1000	315	0.08253968253968254	0.8476190476190476	0	0	0.06984126984126984	315	1
3798	2000	1252	0.1110223642172524	0.6517571884984026	0	0	0.23722044728434505	1252	1
3798	5000	7824	0.14238241308793456	0.7317229038854806	0	0.016232106339468304	0.10966257668711657	7824	1
3798	10000	31284	0.15816391765758855	0.751502365426416	0.004411200613732259	0.03481012658227848	0.051112389719984656	31284	1
3799	500	78	0	0.44871794871794873	0	0	0.5512820512820513	78	1
3799	1000	310	0.04516129032258064	0.4290322580645161	0	0	0.5258064516129032	310	1
3799	2000	1251	0.03597122302158273	0.4756195043964828	0	0.02158273381294964	0.46682653876898483	1251	1
3799	5000	7826	0.16151290569895221	0.6018400204446716	0.016611295681063124	0.027600306670074112	0.19243547150523896	7826	1
3799	10000	31284	0.1364595320291523	0.6704705280654648	0.027458125559391384	0.0246451860375911	0.14096662830840045	31284	1
3804	500	79	0.379746835443038	0	0.620253164556962	0	0	79	1
3804	1000	315	0.22857142857142856	0	0.7714285714285715	0	0	315	1
3804	2000	1096	0.21806569343065693	0	0.7545620437956204	0.02737226277372263	0	1253	0.8747007182761373
3804	5000	5478	0.47079225994888646	0	0.5045637093829864	0.024644030668127054	0	7834	0.6992596374776615
3804	10000	19075	0.6457667103538663	0.025897771952817825	0.30448230668414156	0.023853211009174313	0	31287	0.6096781410809602
3805	500	78	0	0.6410256410256411	0	0	0.358974358974359	78	1
3805	1000	312	0	0.7211538461538461	0	0	0.27884615384615385	312	1
3805	2000	1250	0	0.8144	0	0	0.1856	1250	1
3805	5000	7831	0	0.8223726216319754	0	0.02847656748818797	0.14915081087983656	7831	1
3805	10000	31317	0.013251588594054347	0.8290704729060894	0.018520292492895232	0.019446307117539995	0.11971133888942108	31317	1
3806	500	80	0.8625	0.1125	0.025	0	0	80	1
3806	1000	317	0.6340694006309149	0.14511041009463724	0.22082018927444794	0	0	317	1
3806	2000	1254	0.34768740031897927	0.22169059011164274	0.430622009569378	0	0	1254	1
3806	5000	7835	0.28181238034460754	0.2925335035098915	0.39936183790682833	0.026292278238672622	0	7835	1
3806	10000	31297	0.44480301626353963	0.2952679170527527	0.17691791545515545	0.03326197399111736	0.0497491772374349	31297	1
3807	500	75	0.7066666666666667	0.29333333333333333	0	0	0	75	1
3807	1000	311	0.4790996784565916	0.4983922829581994	0.022508038585209004	0	0	311	1
3807	2000	1246	0.34590690208667735	0.4678972712680578	0.11235955056179775	0.03691813804173355	0.03691813804173355	1246	1
3807	5000	7823	0.31305125910775916	0.4072606416975585	0.09727725936341557	0.028633516553751757	0.15377732327751503	7823	1
3807	10000	31282	0.2516463141742855	0.4967713061824692	0.025861517805766895	0.015152483856530912	0.21056837798094752	31282	1
3808	500	79	0.7721518987341772	0.22784810126582278	0	0	0	79	1
3808	1000	316	0.45569620253164556	0.5443037974683544	0	0	0	316	1
3808	2000	1251	0.2246203037569944	0.7705835331734612	0	0.004796163069544364	0	1251	1
3808	5000	7833	0.11119622111579217	0.778118217796502	0.00497893527384144	0.03804417209242947	0.06766245372143495	7833	1
3808	10000	31312	0.11056463975472662	0.7742079713847726	0.024303781297904958	0.021461420541645376	0.06946218702095043	31312	1
3812	500	79	0.6708860759493671	0	0.3291139240506329	0	0	79	1
3812	1000	312	0.6826923076923077	0.20512820512820512	0.11217948717948718	0	0	312	1
3812	2000	1250	0.636	0.264	0.028	0.0088	0.0632	1250	1
3812	5000	7818	0.43195190585827575	0.47595292913788695	0.01330263494499872	0.03683806600153492	0.04195446405730366	7818	1
3812	10000	31296	0.28486068507157464	0.6234023517382413	0.01303680981595092	0.03872699386503067	0.03997315950920245	31296	1
3813	500	77	0	0.5844155844155844	0.03896103896103896	0	0.37662337662337664	80	0.9625
3813	1000	242	0	0.35537190082644626	0.16115702479338842	0	0.4834710743801653	315	0.7682539682539683
3831	500	73	0.6301369863013698	0.3698630136986301	0	0	0	73	1
3831	1000	309	0.4110032362459547	0.48220064724919093	0	0.003236245954692557	0.10355987055016182	309	1
3831	2000	1245	0.15903614457831325	0.46265060240963857	0	0.09558232931726908	0.2827309236947791	1245	1
3831	5000	7816	0.1887154554759468	0.38024564994882293	0.0040941658137154556	0.07062436028659161	0.3563203684749232	7816	1
3831	10000	31284	0.2089566551591868	0.28401099603631247	0.009685462217107787	0.02982355197545071	0.46752333461194223	31284	1
3832	500	81	0.8271604938271605	0.1728395061728395	0	0	0	81	1
3832	1000	317	0.9053627760252366	0.0946372239747634	0	0	0	317	1
3832	2000	1255	0.9258964143426295	0.04143426294820717	0.03266932270916335	0	0	1255	1
3832	5000	7830	0.7273307790549169	0.20651340996168582	0.053384418901660284	0.012260536398467433	5.108556832694764e-4	7830	1
3832	10000	31306	0.41768351114802277	0.310068357503354	0.08059157988883921	0.021337762729189292	0.17031878873059478	31306	1
3833	500	78	0.782051282051282	0.1794871794871795	0.038461538461538464	0	0	78	1
3833	1000	311	0.5562700964630225	0.3311897106109325	0.11254019292604502	0	0	311	1
3833	2000	1250	0.5192	0.4088	0.032	0.04	0	1250	1
3833	5000	7821	0.2841068917018284	0.5377828922132719	0.09014192558496356	0.08796829049993607	0	7821	1
3833	10000	31316	0.2723208583471708	0.5486013539404777	0.07376420998850428	0.054668540043428276	0.050645037680418954	31316	1
3834	500	79	0	0.3291139240506329	0	0	0.6708860759493671	79	1
3834	1000	316	0.028481012658227847	0.3227848101265823	0	0	0.6487341772151899	316	1
3834	2000	1251	0.08393285371702638	0.293365307753797	0	0	0.6227018385291767	1251	1
3834	5000	7826	0.0836953743930488	0.2854587273191924	0.005877843087145413	0.004855609506772297	0.620112445693841	7826	1
3834	10000	31309	0.14187613785173592	0.27148743172889583	0.044715576990641666	0.020824682998498833	0.5210961704302277	31309	1
3883	500	80	0.2875	0.7125	0	0	0	80	1
3883	1000	315	0.41904761904761906	0.580952380952381	0	0	0	315	1
3883	2000	1256	0.5366242038216561	0.46178343949044587	0	7.961783439490446e-4	7.961783439490446e-4	1256	1
3883	5000	7836	0.35783563042368555	0.2885400714650332	0.001403777437468096	0.0037008677896886166	0.34851965288412456	7836	1
3883	10000	31313	0.29246638776227124	0.24219972535368697	0.014626512949893016	0.03720499473062307	0.41350237920352567	31313	1
3890	500	79	0.5443037974683544	0	0.4050632911392405	0.05063291139240506	0	79	1
3890	1000	314	0.5191082802547771	0.14331210191082802	0.2197452229299363	0.1178343949044586	0	314	1
3890	2000	1260	0.5484126984126985	0.22142857142857142	0.06666666666666667	0.1595238095238095	0.003968253968253968	1260	1
3890	5000	7837	0.45489345412785503	0.387520734975118	0.010718387137935435	0.09136149036621156	0.05550593339287993	7837	1
3890	10000	31312	0.2817450178845171	0.4136113949923352	0.0061957077158916705	0.05962570260602964	0.23882217680122636	31312	1
3891	500	79	0.4430379746835443	0.10126582278481013	0.379746835443038	0.0759493670886076	0	79	1
3891	1000	314	0.5509554140127388	0.18789808917197454	0.18152866242038215	0.07961783439490445	0	314	1
3891	2000	1252	0.5239616613418531	0.26677316293929715	0.0670926517571885	0.13578274760383385	0.006389776357827476	1252	1
3891	5000	7822	0.44323702377908464	0.3836614676553311	0.010738941447200204	0.09243160317054462	0.06993096394783943	7822	1
3891	10000	31316	0.27925022352790907	0.40800229914420744	0.006194916336696896	0.05939455869204241	0.2471580022991442	31316	1
3892	500	78	0.5897435897435898	0	0.07692307692307693	0.3333333333333333	0	78	1
3892	1000	311	0.49517684887459806	0.00964630225080386	0.2090032154340836	0.2861736334405145	0	311	1
3892	2000	1254	0.5287081339712919	0.13476874003189793	0.06698564593301436	0.26953748006379585	0	1254	1
3892	5000	7834	0.4697472555527189	0.39175389328567783	0.01327546591779423	0.09126882818483534	0.033954557058973704	7834	1
3892	10000	31307	0.2877631200689941	0.4230363816398888	0.006196697224262944	0.06056153575877599	0.22244226530807806	31307	1
3893	500	79	0.620253164556962	0.02531645569620253	0.3291139240506329	0.02531645569620253	0	79	1
3893	1000	316	0.5031645569620253	0.17405063291139242	0.19936708860759494	0.12341772151898735	0	316	1
3893	2000	1257	0.5298329355608592	0.2386634844868735	0.06682577565632458	0.162291169451074	0.002386634844868735	1257	1
3893	5000	7833	0.45142346482829054	0.39448487169666796	0.010723860589812333	0.09140814502744797	0.05195965785778118	7833	1
3893	10000	31316	0.2820283561118917	0.4178694597011113	0.006194916336696896	0.05936262613360582	0.23454464171669434	31316	1
3894	500	79	0	1	0	0	0	79	1
3894	1000	315	0.2761904761904762	0.7238095238095238	0	0	0	315	1
3894	2000	1253	0.43575418994413406	0.4509177972865124	0.035115722266560255	0.0782122905027933	0	1253	1
3894	5000	7830	0.39719029374201786	0.4598978288633461	0.010727969348659003	0.09565772669220945	0.03652618135376756	7830	1
3894	10000	31299	0.28039234480334835	0.46404038467682673	0.006198281095242659	0.05760567430269338	0.19176331512188888	31299	1
3896	500	46	0	0.6304347826086957	0.3695652173913043	0	0	78	0.5897435897435898
3896	1000	178	0	0.7247191011235955	0.2752808988764045	0	0	315	0.5650793650793651
3896	2000	779	0.059050064184852376	0.8382541720154044	0.10269576379974327	0	0	1255	0.6207171314741036
3896	5000	4181	0.24132982540062187	0.6543889021765128	0.09567089213106912	0.008132025831140876	4.7835446065534564e-4	7825	0.5343130990415336
3896	10000	15873	0.21136521136521136	0.664965664965665	0.06627606627606628	0.022743022743022742	0.03465003465003465	31284	0.5073839662447257
3898	500	49	0	0.5918367346938775	0.40816326530612246	0	0	78	0.6282051282051282
3898	1000	178	0	0.3707865168539326	0.6235955056179775	0.0056179775280898875	0	315	0.5650793650793651
3898	2000	695	0.09352517985611511	0.26187050359712233	0.5611510791366906	0.08345323741007195	0	1256	0.553343949044586
3898	5000	4177	0.18673689250658368	0.35719415848695235	0.337802250418961	0.0799616949964089	0.03830500359109409	7826	0.5337337081523128
3898	10000	16596	0.3057363220053025	0.47294528802120994	0.1376235237406604	0.06887201735357917	0.01482284887924801	31299	0.5302405827662225
3899	500	50	0.4	0.6	0	0	0	78	0.6410256410256411
3899	1000	192	0.296875	0.703125	0	0	0	311	0.617363344051447
3899	2000	643	0.10108864696734059	0.8989113530326595	0	0	0	1250	0.5144
3900	500	78	0.2564102564102564	0.7435897435897436	0	0	0	78	1
3900	1000	313	0.13099041533546327	0.49201277955271566	0.24920127795527156	0	0.12779552715654952	313	1
3900	2000	1211	0.1329479768786127	0.29149463253509494	0.5127993393889347	0	0.06275805119735756	1253	0.9664804469273743
3900	5000	6831	0.13804713804713806	0.38544868979651586	0.3896940418679549	0.01288244766505636	0.0739276826233348	7819	0.873641130579358
3900	10000	27913	0.15845663311002042	0.456274854010676	0.31820298785512124	0.0166589044531222	0.05040662057106008	31303	0.8917036705747053
3901	500	79	0	0	1	0	0	79	1
3901	1000	314	0	0	1	0	0	314	1
3901	2000	1251	0	0	0.9304556354916067	0	0.06954436450839328	1251	1
3901	5000	7667	0.00978218338333116	0.06586670144776315	0.8253554193295943	0.025564105908438762	0.07343158993087257	7827	0.9795579404625016
3901	10000	29091	0.04011549963906363	0.11670276030387405	0.7450414217455571	0.018528067099790314	0.07961225121171496	31292	0.9296625335549022
3904	500	59	0.847457627118644	0.13559322033898305	0.01694915254237288	0	0	80	0.7375
3904	1000	276	0.7101449275362319	0.10869565217391304	0.18115942028985507	0	0	315	0.8761904761904762
3904	2000	1163	0.3207222699914015	0.43680137575236455	0.1943250214961307	0.01633705932932072	0.03181427343078246	1256	0.9259554140127388
3904	5000	7270	0.2202200825309491	0.6298486932599725	0.08651994497936727	0.020082530949105913	0.04332874828060523	7823	0.9293110060079254
3904	10000	23405	0.19641102328562274	0.6916470839564196	0.04195684682760094	0.03977782525101474	0.03020722067934202	31291	0.7479786520085647
3905	500	78	0	0.44871794871794873	0	0.5512820512820513	0	78	1
3905	1000	310	0	0.3967741935483871	0	0.603225806451613	0	310	1
3905	2000	1247	0	0.6856455493183641	0	0.2806736166800321	0.03368083400160385	1247	1
3905	5000	7817	2.558526288857618e-4	0.8123320967122937	0	0.16297812460023026	0.024433926058590252	7817	1
3905	10000	31165	0.07055992299053425	0.7429488207925558	0.01713460612866998	0.11663725332905503	0.05271939675918498	31282	0.9962598299341474
3906	500	78	0.6025641025641025	0.19230769230769232	0.15384615384615385	0.05128205128205128	0	78	1
3906	1000	309	0.42718446601941745	0.3268608414239482	0.13915857605177995	0.10679611650485436	0	312	0.9903846153846154
3906	2000	1219	0.4479081214109926	0.4027891714520098	0.11812961443806398	0.031173092698933553	0	1250	0.9752
3906	5000	6932	0.28058280438545874	0.5794864396999423	0.07948643969994229	0.02971725331794576	0.030727062896710906	7811	0.8874663935475612
3906	10000	21826	0.20141116100064144	0.6834509300833868	0.04925318427563456	0.032209291670484745	0.03367543296985247	31274	0.6978960158598196
3918	500	70	0	0.5285714285714286	0	0.4714285714285714	0	80	0.875
3918	1000	223	0.1031390134529148	0.6547085201793722	0	0.242152466367713	0	314	0.7101910828025477
3918	2000	744	0.3064516129032258	0.5524193548387096	0.06720430107526881	0.0739247311827957	0	1251	0.5947242206235012
3920	500	80	0.1375	0.8625	0	0	0	80	1
3920	1000	314	0.14012738853503184	0.856687898089172	0.0031847133757961785	0	0	314	1
3920	2000	1257	0.1583134447096261	0.5449482895783612	0.2967382657120127	0	0	1257	1
3920	5000	7016	0.21465222348916763	0.467787913340935	0.2960376282782212	0.01653363740022805	0.004988597491448118	7836	0.8953547728432873
3920	10000	21668	0.2219863393021968	0.6212848440095994	0.13009968617315856	0.019060365515968247	0.0075687649990769795	31312	0.6920030659172203
3921	500	78	1	0	0	0	0	78	1
3921	1000	315	0.9746031746031746	0	0.009523809523809525	0.015873015873015872	0	315	1
3921	2000	1253	0.8515562649640862	0.05187549880287311	0.04628890662410216	0.05027932960893855	0	1253	1
3921	5000	7533	0.7318465418823842	0.07593256338776053	0.10619938935351121	0.08602150537634409	0	7834	0.9615777380648456
3921	10000	25928	0.8075439679111386	0.028232027152113544	0.11809626658438753	0.046127738352360385	0	31324	0.827735921338271
3922	500	77	0.6103896103896104	0	0.012987012987012988	0.37662337662337664	0	77	1
3922	1000	311	0.6237942122186495	0	0.17684887459807075	0.19935691318327975	0	311	1
3922	2000	1252	0.6980830670926518	0.05351437699680511	0.14456869009584664	0.10383386581469649	0	1252	1
3922	5000	6386	0.7377074851237081	0.03836517381772628	0.12339492640150329	0.10053241465706232	0	7818	0.8168329496034792
3922	10000	22803	0.7996316274174451	0.025084418716835505	0.13213173705214226	0.043152216813577164	0	31290	0.7287631831255992
3923	500	79	0	0.5949367088607594	0	0.4050632911392405	0	79	1
3923	1000	317	0	0.8675078864353313	0	0.13249211356466878	0	317	1
3923	2000	1253	0.09337589784517158	0.7956903431763767	0	0.11093375897845172	0	1253	1
3923	5000	7825	0.3233226837060703	0.5976996805111822	0.008945686900958467	0.06977635782747604	2.5559105431309905e-4	7825	1
3923	10000	31315	0.41516844962478044	0.43879929746128055	0.03103943796902443	0.03822449305444675	0.07676832189046782	31315	1
3924	500	78	0	0.5384615384615384	0.46153846153846156	0	0	78	1
3924	1000	311	0	0.6302250803858521	0.3665594855305466	0	0.003215434083601286	311	1
3924	2000	1249	0	0.6693354683746997	0.2658126501200961	0	0.06485188150520416	1249	1
3924	5000	7829	0.04623834461617065	0.6553838293524077	0.2734704304508877	0.011495721037169499	0.013411674543364414	7829	1
3924	10000	31281	0.0430612832070586	0.5390492631309741	0.3199705891755379	0.03350276525686519	0.06441609922956427	31281	1
3926	500	77	0.2987012987012987	0	0.7012987012987013	0	0	77	1
3926	1000	311	0.3247588424437299	0.06430868167202572	0.6109324758842444	0	0	311	1
3926	2000	1250	0.4376	0.032	0.5016	0.0288	0	1250	1
3926	5000	7192	0.6195773081201335	0.05853726362625139	0.2771134593993326	0.044771968854282536	0	7813	0.920517086906438
3926	10000	23817	0.7408153839694336	0.10870386698576646	0.11827686106562539	0.030776336230423647	0.0014275517487508922	31281	0.761388702407212
3927	500	81	0.7777777777777778	0.2222222222222222	0	0	0	81	1
3927	1000	305	0.6327868852459017	0.3377049180327869	0.006557377049180328	0.022950819672131147	0	317	0.9621451104100947
3927	2000	962	0.5083160083160083	0.3794178794178794	0.07068607068607069	0.04158004158004158	0	1254	0.7671451355661882
3927	5000	4712	0.6196943972835314	0.31451612903225806	0.051570458404074704	0.014219015280135824	0	7831	0.6017111480015324
3927	10000	18822	0.3987355222611837	0.46594410795877167	0.10960578046966316	0.022739347571990223	0.0029752417383912444	31318	0.6009962321987355
3928	500	80	0	0.15	0	0.3625	0.4875	80	1
3928	1000	314	0	0.2070063694267516	0	0.3535031847133758	0.4394904458598726	314	1
3928	2000	1254	0.10446570972886762	0.06618819776714513	0	0.3708133971291866	0.4585326953748006	1254	1
3928	5000	7800	0.2864102564102564	0.031025641025641027	0.009871794871794872	0.27935897435897433	0.3933333333333333	7831	0.9960413740263057
3928	10000	22933	0.3380281690140845	0.02036366807657088	0.009026293986831205	0.2824750359743601	0.3501068329481533	31310	0.7324496965825614
3929	500	39	0.4358974358974359	0	0	0.5641025641025641	0	77	0.5064935064935064
3929	1000	158	0.689873417721519	0	0	0.310126582278481	0	310	0.5096774193548387
3929	2000	662	0.5045317220543807	0.04833836858006042	0	0.4471299093655589	0	1247	0.5308740978348035
3930	500	80	0.1125	0.5375	0	0.35	0	80	1
3930	1000	312	0.42948717948717946	0.4230769230769231	0	0.14743589743589744	0	312	1
3930	2000	1250	0.6088	0.26	0.0472	0.084	0	1250	1
3930	5000	7180	0.48440111420612814	0.30905292479108637	0.01838440111420613	0.15584958217270195	0.03231197771587744	7828	0.9172202350536536
3930	10000	21913	0.43490165655090585	0.23976634874275543	0.022954410623830603	0.21160954684433897	0.09076803723816912	31309	0.6998945989970935
3931	500	78	0	0	0	0.05128205128205128	0.9487179487179487	78	1
3931	1000	311	0.09003215434083602	0	0	0.15434083601286175	0.7556270096463023	311	1
3931	2000	1255	0.07649402390438247	0	0	0.26693227091633465	0.6565737051792828	1255	1
3931	5000	7124	0.2595451993262212	0	0.03790005614823133	0.30179674340258283	0.4007580011229646	7832	0.9096016343207355
3931	10000	17320	0.3568129330254042	0.0043302540415704385	0.023960739030023093	0.23521939953810622	0.37967667436489605	31269	0.5539032268380825
3932	500	78	0.14102564102564102	0	0	0.14102564102564102	0.717948717948718	78	1
3932	1000	312	0.1891025641025641	0	0	0.3301282051282051	0.4807692307692308	312	1
3932	2000	1252	0.11980830670926518	0	0	0.3913738019169329	0.48881789137380194	1252	1
3932	5000	7818	0.18367869020209773	0.009593246354566385	0.0023023791250959325	0.35162445638270656	0.4528012279355334	7818	1
3932	10000	25873	0.3080817840992541	0.01812700498589263	0.012947860704209021	0.29818729950141076	0.36265605070923357	31304	0.8265077945310504
3933	500	76	0.05263157894736842	0.2236842105263158	0	0.6447368421052632	0.07894736842105263	76	1
3933	1000	310	0.43548387096774194	0.11612903225806452	0.01935483870967742	0.3193548387096774	0.10967741935483871	310	1
3933	2000	1247	0.5541299117882919	0.07538091419406576	0.026463512429831595	0.2822774659182037	0.061748195669607056	1247	1
3933	5000	5541	0.5188594116585454	0.07940804908861217	0.03952355170546833	0.32737772965168743	0.034831257895686696	7823	0.7082960501086539
3934	500	78	0	0.05128205128205128	0	0.9487179487179487	0	78	1
3934	1000	312	0.060897435897435896	0.34615384615384615	0	0.5288461538461539	0.0641025641025641	312	1
3934	2000	1255	0.17928286852589642	0.5434262948207171	0	0.24780876494023904	0.02948207171314741	1255	1
3934	5000	7778	0.3313191051684238	0.4975572126510671	0.05412702494214451	0.09719722293648753	0.01979943430187709	7834	0.9928516721981108
3934	10000	23920	0.4777173913043478	0.3471989966555184	0.03382107023411371	0.13281772575250836	0.008444816053511706	31288	0.7645103554078241
3935	500	77	0	0	0	0	1	77	1
3935	1000	312	0	0	0	0.05128205128205128	0.9487179487179487	312	1
3935	2000	1253	0.007980845969672785	0	0	0.17637669592976857	0.8156424581005587	1253	1
3935	5000	7832	0.13036261491317672	0	0.006639427987742594	0.31192543411644535	0.5510725229826353	7832	1
3935	10000	26516	0.29431286770251924	0.04310604917785488	0.014934379242721375	0.3327802081761955	0.314866495700709	31275	0.8478337330135891
3936	500	79	0.12658227848101267	0.26582278481012656	0	0.6075949367088608	0	79	1
3936	1000	307	0.34201954397394135	0.3127035830618892	0	0.2996742671009772	0.04560260586319218	314	0.9777070063694268
3936	2000	1015	0.37635467980295567	0.32019704433497537	0	0.26108374384236455	0.042364532019704436	1254	0.8094098883572568
3936	5000	5034	0.3657131505760826	0.3396901072705602	0.02443384982121573	0.17719507350019864	0.09296781883194279	7831	0.6428297790831311
3937	500	77	0.025974025974025976	0	0	0.6103896103896104	0.36363636363636365	77	1
3937	1000	311	0.21543408360128619	0.022508038585209004	0	0.4662379421221865	0.2958199356913183	311	1
3937	2000	1251	0.29576338928856916	0.11910471622701839	0.0031974420463629096	0.3005595523581135	0.28137490007993604	1251	1
3937	5000	7638	0.2906520031421838	0.2030636292223095	0.0072008379156847345	0.3100288033516627	0.1890547263681592	7817	0.9771011897147244
3937	10000	24198	0.34304487974212744	0.17687412182825027	0.028886684849987604	0.2510951318290768	0.2000991817505579	31315	0.7727287242535527
3938	500	79	0.45569620253164556	0.31645569620253167	0	0.22784810126582278	0	79	1
3938	1000	313	0.4792332268370607	0.3450479233226837	0	0.1757188498402556	0	313	1
3938	2000	1252	0.5870607028753994	0.28833865814696485	7.987220447284345e-4	0.12380191693290735	0	1252	1
3938	5000	7543	0.6205753678907596	0.23226832825135887	0.01789738830703964	0.12024393477396261	0.009014980776879226	7819	0.9647013684614401
3938	10000	21180	0.5829556185080265	0.1657695939565628	0.0465533522190746	0.19924457034938622	0.005476864966949953	31299	0.6766989360682449
3939	500	78	0.4230769230769231	0.5769230769230769	0	0	0	78	1
3939	1000	311	0.21543408360128619	0.7845659163987139	0	0	0	311	1
3939	2000	1254	0.1467304625199362	0.8269537480063796	7.974481658692185e-4	0.025518341307814992	0	1254	1
3939	5000	7825	0.35987220447284346	0.49456869009584664	0.02428115015974441	0.09354632587859425	0.027731629392971247	7825	1
3939	10000	26859	0.43061915931345174	0.2517219553967013	0.04586916862131874	0.1710041326929521	0.10078558397557616	31287	0.8584715696615207
3940	500	79	0	0.189873417721519	0	0.810126582278481	0	79	1
3940	1000	313	0.0926517571884984	0.3226837060702875	0	0.5846645367412141	0	313	1
3940	2000	1251	0.24300559552358114	0.4548361310951239	0.019984012789768184	0.2821742605915268	0	1251	1
3940	5000	7815	0.2523352527191299	0.5648112603966731	0.012667946257197697	0.17018554062699937	0	7815	1
3940	10000	28405	0.3511001584228129	0.488435134659391	0.015384615384615385	0.14187643020594964	0.003203661327231121	31307	0.907305075542211
3941	500	80	0	0.3875	0	0.6125	0	80	1
3941	1000	315	0.012698412698412698	0.37777777777777777	0	0.6095238095238096	0	315	1
3941	2000	1255	0.14741035856573706	0.49243027888446217	0.00398406374501992	0.3561752988047809	0	1255	1
3941	5000	7833	0.3007787565428316	0.46380697050938335	0.011106855610877058	0.22379675730882165	5.106600280863015e-4	7833	1
3941	10000	26014	0.34865841469977704	0.49231183209041285	0.020027677404474514	0.13500422849235028	0.003997847312985315	31311	0.8308262272044968
3942	500	79	0.7848101265822784	0.012658227848101266	0.20253164556962025	0	0	79	1
3942	1000	315	0.5523809523809524	0.15873015873015872	0.24444444444444444	0.044444444444444446	0	315	1
3942	2000	1250	0.4672	0.2016	0.16	0.1712	0	1250	1
3942	5000	7829	0.6627921829096948	0.15723591774172946	0.05313577723847235	0.12683612211010345	0	7829	1
3942	10000	31314	0.5906303889634029	0.23858338123523024	0.04962636520406208	0.09321709139681932	0.027942773200485407	31314	1
3943	500	79	0.012658227848101266	0.7468354430379747	0	0.24050632911392406	0	79	1
3943	1000	313	0.20766773162939298	0.6485623003194888	0	0.14376996805111822	0	313	1
3943	2000	1215	0.3374485596707819	0.405761316872428	0.019753086419753086	0.2139917695473251	0.023045267489711935	1252	0.9704472843450479
3943	5000	5683	0.3635403836002112	0.369699102586662	0.004399084990322013	0.2467006862572585	0.015660742565546365	7836	0.72524247064829
3943	10000	20078	0.389730052794103	0.40925390975196735	0.03272238270744098	0.16117143141747187	0.007122223329016834	31284	0.6417977240762051
3944	500	79	0.6329113924050633	0.06329113924050633	0.3037974683544304	0	0	79	1
3944	1000	315	0.5206349206349207	0.13015873015873017	0.2698412698412698	0.07936507936507936	0	315	1
3944	2000	1253	0.5865921787709497	0.060654429369513166	0.11093375897845172	0.2418196328810854	0	1253	1
3944	5000	7829	0.6552560991186613	0.16630476433771874	0.061949163366968964	0.11648997317665091	0	7829	1
3944	10000	31302	0.5881732796626413	0.18826273081592232	0.05833493067535621	0.1481055523608715	0.017123506485208613	31302	1
3945	500	77	0	0	1	0	0	77	1
3945	1000	312	0.25961538461538464	0.016025641025641024	0.7243589743589743	0	0	312	1
3945	2000	1247	0.4787489975942261	0.19326383319967924	0.29190056134723336	0.03608660785886127	0	1247	1
3945	5000	7824	0.4138548057259714	0.3496932515337423	0.07949897750511248	0.15695296523517382	0	7824	1
3945	10000	31310	0.42184605557329924	0.29092941552219737	0.05624401149792398	0.17419354838709677	0.056786969019482596	31310	1
3946	500	80	0	0.025	0	0.975	0	80	1
3946	1000	314	0	0.2898089171974522	0.0031847133757961785	0.7070063694267515	0	314	1
3946	2000	1253	0.09417398244213887	0.4493216280925778	0.019952114924181964	0.43655227454110135	0	1253	1
3946	5000	7473	0.3119229225210759	0.40385387394620637	0.012578616352201259	0.2654890940719925	0.00615549310852402	7831	0.9542842548844337
3946	10000	24453	0.3680121048542101	0.46411483253588515	0.020815441868073447	0.14247740563530037	0.004580215106530896	31316	0.7808468514497382
3947	500	78	0.08974358974358974	0.8974358974358975	0.01282051282051282	0	0	78	1
3947	1000	314	0.22929936305732485	0.5509554140127388	0.1178343949044586	0.10191082802547771	0	314	1
3947	2000	1259	0.5011914217633042	0.2374900714853058	0.1691818903891978	0.09213661636219221	0	1259	1
3947	5000	7837	0.6515248181702182	0.19382416741099912	0.052571136914635705	0.102079877504147	0	7837	1
3947	10000	31169	0.5614552921171677	0.2522378003785813	0.054124290160094964	0.10446276749334274	0.027719849850813306	31337	0.9946389252321537
3948	500	79	0.11392405063291139	0	0.27848101265822783	0.6075949367088608	0	79	1
3948	1000	313	0.3450479233226837	0.01597444089456869	0.2971246006389776	0.34185303514376997	0	313	1
3948	2000	1037	0.4802314368370299	0.11089681774349083	0.20057859209257473	0.20829315332690454	0	1249	0.8302642113690952
3948	5000	5418	0.6686969361387965	0.06866002214839424	0.06423034330011074	0.1984126984126984	0	7827	0.6922192410885397
3948	10000	20840	0.7977927063339731	0.031861804222648754	0.06809021113243761	0.10028790786948176	0.0019673704414587333	31316	0.6654745178183676
3949	500	78	0	0.20512820512820512	0	0.7948717948717948	0	78	1
3949	1000	312	0	0.1891025641025641	0	0.657051282051282	0.15384615384615385	312	1
3949	2000	1254	0.05582137161084529	0.18660287081339713	0	0.5917065390749602	0.16586921850079744	1254	1
3949	5000	7818	0.35264773599386035	0.14249168585315938	0.028268099258122282	0.36735738040419547	0.10923509849066257	7818	1
3949	10000	31308	0.5297368084834547	0.1975214002810783	0.048805417145777436	0.17238405519356076	0.05155231889612878	31308	1
3950	500	79	0	0.34177215189873417	0	0.6582278481012658	0	79	1
3950	1000	317	0	0.5678233438485805	0	0.43217665615141954	0	317	1
3950	2000	1137	0.11961301671064203	0.5848724714160071	0.03518029903254178	0.26033421284080915	0	1251	0.9088729016786571
3950	5000	6048	0.3498677248677249	0.2761243386243386	0.1509589947089947	0.18948412698412698	0.03356481481481482	7828	0.7726111394992335
3950	10000	20827	0.5182215393479618	0.14942142411293033	0.08042444903250588	0.1428434244010179	0.1090891631055841	31318	0.6650169231751708
3951	500	78	0	0.16666666666666666	0.1282051282051282	0.7051282051282052	0	78	1
3951	1000	315	0.031746031746031744	0.45396825396825397	0.2761904761904762	0.23809523809523808	0	315	1
3951	2000	1254	0.20813397129186603	0.3827751196172249	0.13875598086124402	0.18022328548644337	0.09011164274322168	1254	1
3951	5000	7837	0.42873548551741736	0.45821105014673985	0.023350771979073624	0.06877631746841904	0.020926374888350134	7837	1
3951	10000	31314	0.6135913648847161	0.24650316152519638	0.05786549147346235	0.06856358178450533	0.013476400332119819	31314	1
3952	500	78	0.01282051282051282	0.5384615384615384	0.1282051282051282	0.32051282051282054	0	78	1
3952	1000	313	0.21725239616613418	0.5079872204472844	0.07348242811501597	0.2012779552715655	0	313	1
3952	2000	1255	0.33386454183266934	0.4103585657370518	0.0350597609561753	0.22071713147410357	0	1255	1
3952	5000	7833	0.25954295927486276	0.24703178858674837	0.056555598110557895	0.294650836205796	0.142218817822035	7833	1
3952	10000	31326	0.44033710017238076	0.27386196769456683	0.05219306646236353	0.18208516886930984	0.051522696801379046	31326	1
3953	500	81	0.1111111111111111	0.24691358024691357	0.012345679012345678	0.6296296296296297	0	81	1
3953	1000	316	0.25949367088607594	0.21835443037974683	0.14556962025316456	0.37658227848101267	0	316	1
3953	2000	1255	0.48764940239043825	0.10916334661354582	0.18645418326693228	0.1848605577689243	0.03187250996015936	1255	1
3953	5000	7111	0.46885107579805935	0.16720573758964985	0.16917451835184924	0.11545492898326537	0.0793137392771762	7833	0.9078258649304226
3953	10000	22501	0.48237856095284654	0.15959290698191192	0.08546286831696369	0.1493266965912626	0.12323896715701524	31323	0.7183539252306612
3954	500	71	0	0.5774647887323944	0.4084507042253521	0.014084507042253521	0	77	0.922077922077922
3954	1000	221	0	0.5972850678733032	0.33031674208144796	0.07239819004524888	0	311	0.7106109324758842
3954	2000	798	0	0.5350877192982456	0.29448621553884713	0.17042606516290726	0	1247	0.6399358460304732
3954	5000	5027	0.27988860155162126	0.31788342948080367	0.230555002983887	0.16391485975731052	0.0077581062263775615	7820	0.6428388746803069
3954	10000	18503	0.5040263741014971	0.14322001837539858	0.08587796573528617	0.16019023942063448	0.1066854023671837	31305	0.5910557418942661
3955	500	79	0.11392405063291139	0.8860759493670886	0	0	0	79	1
3955	1000	313	0.21405750798722045	0.7571884984025559	0	0.02875399361022364	0	313	1
3955	2000	1251	0.2573940847322142	0.645083932853717	0	0.09752198241406874	0	1251	1
3955	5000	7821	0.3095512082853855	0.5752461322081576	0	0.10216084899629203	0.01304181051016494	7821	1
3955	10000	31302	0.35572806849402594	0.5208612868187337	0.03485400293910932	0.05536387451281068	0.03319276723532043	31302	1
3956	500	79	0.012658227848101266	0.379746835443038	0.5443037974683544	0.06329113924050633	0	79	1
3956	1000	316	0.0981012658227848	0.37658227848101267	0.3639240506329114	0.16139240506329114	0	316	1
3956	2000	1255	0.14262948207171314	0.45657370517928286	0.2151394422310757	0.12350597609561753	0.062151394422310755	1255	1
3956	5000	7825	0.3050479233226837	0.4952076677316294	0.04984025559105431	0.0392332268370607	0.11067092651757189	7825	1
3956	10000	31321	0.3247342038887647	0.5167140257335334	0.02324319146898247	0.04504964720155806	0.09025893170716133	31321	1
3959	500	79	0.26582278481012656	0.7215189873417721	0	0.012658227848101266	0	79	1
3959	1000	314	0.34076433121019106	0.6210191082802548	0	0.03821656050955414	0	314	1
3959	2000	1261	0.37351308485329104	0.5551149881046789	0.0023790642347343376	0.046788263283108644	0.022204599524187154	1261	1
3959	5000	7829	0.4372205901136799	0.525737642099885	0.014816707114574019	0.011112530335930515	0.011112530335930515	7829	1
3959	10000	31297	0.43710259769306964	0.48212288717768476	0.06380803271879094	0.011470747995015497	0.005495734415439179	31297	1
3961	500	78	0	1	0	0	0	78	1
3961	1000	313	0.01597444089456869	0.8945686900958466	0	0.08945686900958466	0	313	1
3961	2000	1253	0.2825219473264166	0.6943335993615323	7.980845969672786e-4	0.0223463687150838	0	1253	1
3961	5000	7825	0.38210862619808306	0.4405111821086262	0.09111821086261981	0.03884984025559105	0.04741214057507987	7825	1
3961	10000	31320	0.3208492975734355	0.4109514687100894	0.14090038314176245	0.040485312899106	0.08681353767560664	31320	1
3965	500	78	0.6153846153846154	0.2692307692307692	0	0	0.11538461538461539	78	1
3965	1000	314	0.25796178343949044	0.5573248407643312	0	0	0.18471337579617833	314	1
3965	2000	1258	0.11685214626391097	0.5588235294117647	0	0.031001589825119236	0.2933227344992051	1258	1
3965	5000	7833	0.13021830716200689	0.5696412613302694	0.0011489850631941786	0.10608962083492915	0.1929018256096004	7833	1
3965	10000	31340	0.11225271218889597	0.592884492661136	0.019495851946394385	0.1335673261008296	0.1417996171027441	31340	1
3966	500	72	0	0	0.75	0	0.25	79	0.9113924050632911
3966	1000	237	0	0	0.32489451476793246	0.1308016877637131	0.5443037974683544	313	0.7571884984025559
3966	2000	725	0	0.16	0.11310344827586206	0.23310344827586207	0.49379310344827587	1252	0.579073482428115
3968	500	75	0	0.04	0.44	0.52	0	75	1
3968	1000	311	0	0.12540192926045016	0.6045016077170418	0.27009646302250806	0	311	1
3968	2000	1247	8.019246190858059e-4	0.18123496391339214	0.7040898155573376	0.11387329591018444	0	1247	1
3968	5000	6104	0.0645478374836173	0.5080275229357798	0.2983289646133683	0.11058322411533421	0.018512450851900394	7808	0.7817622950819673
3968	10000	20960	0.31817748091603054	0.5032442748091603	0.11211832061068702	0.058826335877862596	0.007633587786259542	31273	0.6702267131391296
3973	500	79	0.2911392405063291	0.6835443037974683	0.02531645569620253	0	0	79	1
3973	1000	314	0.21656050955414013	0.5318471337579618	0.1624203821656051	0.07961783439490445	0.009554140127388535	314	1
3973	2000	1252	0.1621405750798722	0.39217252396166136	0.22124600638977635	0.10063897763578275	0.12380191693290735	1252	1
3973	5000	7823	0.165281861178576	0.6350504921385658	0.07145596318547871	0.035919723891090376	0.09229195960628915	7823	1
3973	10000	31319	0.16389412177911172	0.6687952999776493	0.05785625339250934	0.0422746575561161	0.0671796672946135	31319	1
3974	500	78	0.038461538461538464	0.9615384615384616	0	0	0	78	1
3974	1000	312	0.21153846153846154	0.7628205128205128	0.01282051282051282	0.01282051282051282	0	312	1
3974	2000	1254	0.3588516746411483	0.41706539074960125	0.18740031897926634	0.03668261562998405	0	1254	1
3974	5000	7821	0.4289732770745429	0.2696586114307633	0.2603247666538806	0.038358266206367474	0.002685078634445723	7821	1
3974	10000	31326	0.47656898423035177	0.27855455532145823	0.17547723935389134	0.030166634744301857	0.03923258634999681	31326	1
3979	500	77	0.07792207792207792	0	0.23376623376623376	0.4155844155844156	0.2727272727272727	77	1
3979	1000	310	0.1064516129032258	0.1064516129032258	0.29354838709677417	0.15806451612903225	0.33548387096774196	310	1
3979	2000	1249	0.06725380304243395	0.2433947157726181	0.4363490792634107	0.08406725380304243	0.1689351481184948	1249	1
3979	5000	7807	0.31446138081209174	0.2938388625592417	0.3016523632637377	0.04022031510183169	0.04982707826309722	7807	1
3979	10000	31285	0.31213041393639124	0.440178999520537	0.14019498162058494	0.029151350487454052	0.07834425443503276	31285	1
4055	500	78	0.6025641025641025	0.3974358974358974	0	0	0	78	1
4055	1000	316	0.35443037974683544	0.6455696202531646	0	0	0	316	1
4055	2000	1253	0.4421388667198723	0.5171588188347965	0.040702314445331206	0	0	1253	1
4055	5000	7822	0.34709792891843516	0.577218102787011	0.03899258501661979	0.015724878547686012	0.02096650473024802	7822	1
4055	10000	31312	0.2433571793561574	0.5912749105774144	0.05981732243229433	0.016319621870209505	0.08923096576392438	31312	1
4056	500	78	0	0.21794871794871795	0.782051282051282	0	0	78	1
4056	1000	311	0.003215434083601286	0.4340836012861736	0.3762057877813505	0.006430868167202572	0.18006430868167203	311	1
4056	2000	1250	0.0504	0.6976	0.1208	0.032	0.0992	1250	1
4056	5000	7822	0.06289951419074405	0.8239580669905395	0.01930452569675275	0.025568908207619534	0.06826898491434416	7822	1
4056	10000	31317	0.062042979851199026	0.760768911453843	0.009579461634256155	0.03375163649136252	0.13385701056933932	31317	1
4059	500	80	0.5875	0.4125	0	0	0	80	1
4059	1000	313	0.43130990415335463	0.5686900958466453	0	0	0	313	1
4059	2000	1252	0.19808306709265175	0.8019169329073482	0	0	0	1252	1
4059	5000	7831	0.21593666198442088	0.7083386540671689	0.03166900778955434	0.01723917762737837	0.02681649853147746	7831	1
4059	10000	31309	0.22293909099619919	0.6414768916286052	0.014436743428407168	0.022357788495320833	0.09878948545146762	31309	1
4060	500	79	0.12658227848101267	0.4177215189873418	0.45569620253164556	0	0	79	1
4060	1000	316	0.23734177215189872	0.47468354430379744	0.2563291139240506	0	0.03164556962025317	316	1
4060	2000	1095	0.3013698630136986	0.4666666666666667	0.2054794520547945	0	0.026484018264840183	1252	0.8746006389776357
4060	5000	5492	0.5191187181354697	0.3543335761107065	0.0721048798252003	0.04861616897305171	0.005826656955571741	7823	0.7020324683625208
4060	10000	17652	0.3955925674144573	0.503342397462044	0.028552005438477225	0.041808293677770225	0.030704736007251304	31291	0.564123869483238
4062	500	79	0.21518987341772153	0.4936708860759494	0.26582278481012656	0	0.02531645569620253	79	1
4062	1000	314	0.25477707006369427	0.4012738853503185	0.25477707006369427	0	0.08917197452229299	314	1
4062	2000	1249	0.31865492393915135	0.3634907926341073	0.2954363490792634	0	0.02241793434747798	1249	1
4062	5000	7822	0.3578368703656354	0.4679110201994375	0.09716185118895423	0.02927639989772437	0.04781385834824853	7822	1
4062	10000	31291	0.3886421015627497	0.4735227381675242	0.04953501006679237	0.021092326867150298	0.06720782333578346	31291	1
4066	500	79	0	0.27848101265822783	0.4810126582278481	0.24050632911392406	0	79	1
4066	1000	316	0.04746835443037975	0.2088607594936709	0.370253164556962	0.37341772151898733	0	316	1
4066	2000	1262	0.3312202852614897	0.2868462757527734	0.22820919175911253	0.1537242472266244	0	1262	1
4066	5000	7824	0.39775051124744376	0.3857361963190184	0.08780674846625768	0.1168200408997955	0.011886503067484663	7824	1
4066	10000	31319	0.28790829847696287	0.5746352054663303	0.05150228295922603	0.07822727417861362	0.007726938918867141	31319	1
4070	500	78	0	0.9615384615384616	0	0	0.038461538461538464	78	1
4070	1000	312	0	0.9006410256410257	0	0.057692307692307696	0.041666666666666664	312	1
4070	2000	1255	0.0653386454183267	0.8191235059760956	0	0.06772908366533864	0.04780876494023904	1255	1
4070	5000	7818	0.06664108467638782	0.8594269634177539	0	0.035303146584804296	0.03862880532105398	7818	1
4070	10000	31331	0.060770482908301685	0.8694902811911526	0.004149245156554212	0.018863106827104147	0.04672688391688743	31331	1
4071	500	78	0	0.8846153846153846	0	0.038461538461538464	0.07692307692307693	78	1
4071	1000	311	0.006430868167202572	0.8520900321543409	0	0.08038585209003216	0.06109324758842444	311	1
4071	2000	1253	0.061452513966480445	0.8148443735035914	0	0.07262569832402235	0.05107741420590583	1253	1
4071	5000	7834	0.06637732958897115	0.8600970130201685	0	0.033954557058973704	0.03957110033188665	7834	1
4071	10000	31289	0.06021285435776151	0.8705615391990795	0.004058934449806642	0.01840902553613091	0.046757646457221386	31289	1
4073	500	79	0	0.11392405063291139	0.8860759493670886	0	0	79	1
4073	1000	316	0	0.25949367088607594	0.740506329113924	0	0	316	1
4073	2000	1254	0	0.24720893141945774	0.7344497607655502	0.01036682615629984	0.007974481658692184	1254	1
4073	5000	7832	0.04034729315628192	0.3368232890704801	0.3933861082737487	0.03140960163432074	0.19803370786516855	7832	1
4073	10000	31319	0.08921102206328427	0.5462179507647115	0.12225805421629043	0.0761518567004055	0.16616111625530827	31319	1
4076	500	74	0	1	0	0	0	74	1
4076	1000	311	0	0.9967845659163987	0	0.003215434083601286	0	311	1
4076	2000	1248	0	0.8669871794871795	0	0.1330128205128205	0	1248	1
4076	5000	7822	0.014957811301457428	0.7936589107645103	0.021733571976476605	0.06251598056762976	0.10713372538992585	7822	1
4076	10000	31310	0.00670712232513574	0.8114340466304695	0.020249121686362184	0.05490258703289684	0.10670712232513574	31310	1
4077	500	79	0.569620253164557	0	0.43037974683544306	0	0	79	1
4077	1000	316	0.6582278481012658	0.11075949367088607	0.2310126582278481	0	0	316	1
4077	2000	1255	0.6613545816733067	0.2613545816733068	0.07729083665338646	0	0	1255	1
4077	5000	7836	0.7386421643695763	0.22919857069933638	0.026033690658499236	0.006125574272588055	0	7836	1
4077	10000	31316	0.5208838932175246	0.35464299399667903	0.009931025673776983	0.026440158385489847	0.08810192872652957	31316	1
4078	500	79	0	1	0	0	0	79	1
4078	1000	316	0.022151898734177215	0.9778481012658228	0	0	0	316	1
4078	2000	1249	0.1465172137710168	0.8486789431545236	0	0	0.004803843074459567	1249	1
4078	5000	7821	0.34062140391254314	0.587265055619486	0.009845288326300985	0.039764735967267616	0.02250351617440225	7821	1
4078	10000	31294	0.30609701540231354	0.5985492426663258	0.036428708378602924	0.03393621780533009	0.02498881574742762	31294	1
4079	500	54	0	0	0.8703703703703703	0.12962962962962962	0	79	0.6835443037974683
4079	1000	190	0.22105263157894736	0	0.46842105263157896	0.3105263157894737	0	317	0.5993690851735016
4079	2000	714	0.38795518207282914	0	0.18487394957983194	0.4271708683473389	0	1253	0.5698324022346368
4079	5000	4554	0.6442687747035574	0.05884936319718929	0.061703996486605184	0.23517786561264822	0	7835	0.5812380344607531
4079	10000	19059	0.8151529461146965	0.02303373734193819	0.06710740332651241	0.09470591321685293	0	31326	0.6084083508906339
4085	500	78	0	0.717948717948718	0	0	0.28205128205128205	78	1
4085	1000	312	0	0.7019230769230769	0	0	0.2980769230769231	312	1
4085	2000	1248	0.03445512820512821	0.7411858974358975	0	0	0.22435897435897437	1248	1
4085	5000	7806	0.2404560594414553	0.6904944914168588	0.0023059185242121443	6.405329233922624e-4	0.06610299769408147	7806	1
4085	10000	30444	0.27075942714492185	0.6041584548679543	0.03534358165812639	0.020726579950072262	0.06901195637892524	31279	0.9733047731704978
4086	500	78	0.8205128205128205	0.1794871794871795	0	0	0	78	1
4086	1000	312	0.7339743589743589	0.2403846153846154	0	0	0.02564102564102564	312	1
4086	2000	1254	0.5486443381180224	0.14114832535885166	0.045454545454545456	0.023923444976076555	0.24082934609250398	1254	1
4086	5000	7825	0.3812140575079872	0.23616613418530352	0.01060702875399361	0.0076677316293929714	0.3643450479233227	7825	1
4086	10000	31301	0.34567585700137377	0.4282930257819239	0.008721766077761093	0.01392926743554519	0.20338008370339605	31301	1
4090	500	78	0	1	0	0	0	78	1
4090	1000	312	0.09935897435897435	0.8493589743589743	0	0	0.05128205128205128	312	1
4090	2000	1252	0.15814696485623003	0.8059105431309904	0.005591054313099041	0	0.03035143769968051	1252	1
4090	5000	7817	0.1881796085454778	0.768069591915057	0.01419982090315978	0.004989126263272355	0.024561852373033134	7817	1
4090	10000	31307	0.1674066502699077	0.7451049286102149	0.04564474398696777	0.019388635129523747	0.022455042003385824	31313	0.9998083862932329
4091	500	77	0	0.974025974025974	0	0.025974025974025976	0	77	1
4091	1000	311	0	0.9228295819935691	0	0.07717041800643087	0	311	1
4091	2000	1246	0.004815409309791332	0.913322632423756	0	0.04654895666131621	0.03531300160513644	1246	1
4091	5000	7826	0.07794531050345004	0.847303858931766	0	0.046639407104523384	0.02811142346026067	7826	1
4091	10000	31131	0.11795316565481354	0.8077800263403039	0.012206482284539527	0.043975458546143716	0.01808486717419935	31310	0.9942829766847653
4092	500	46	0.021739130434782608	0.9782608695652174	0	0	0	76	0.6052631578947368
4092	1000	231	0.18614718614718614	0.8051948051948052	0	0.008658008658008658	0	310	0.7451612903225806
4092	2000	892	0.15807174887892378	0.7242152466367713	0	0.11771300448430494	0	1246	0.7158908507223114
4092	5000	4093	0.12435866112875642	0.7478622037625213	0.029562667969704373	0.09821646713901784	0	7819	0.5234684742294411
4092	10000	20058	0.1418885232824808	0.7551101804766178	0.014956625785222853	0.0751321168611028	0.012912553594575731	31283	0.6411789150656906
4093	500	77	0.24675324675324675	0.19480519480519481	0.5584415584415584	0	0	77	1
4093	1000	311	0.18006430868167203	0.33762057877813506	0.48231511254019294	0	0	311	1
4093	2000	1250	0.3344	0.3536	0.2888	0.0232	0	1250	1
4093	5000	7041	0.377929271410311	0.4965203806277517	0.11489845192444255	0.010651896037494673	0	7820	0.900383631713555
4093	10000	24175	0.26879007238883146	0.5900310237849018	0.12186142709410548	0.01373319544984488	0.005584281282316443	31309	0.7721421955348302
4094	500	80	0.05	0.95	0	0	0	80	1
4094	1000	313	0.3738019169329074	0.6261980830670927	0	0	0	313	1
4094	2000	1254	0.45055821371610844	0.39712918660287083	0.044657097288676235	0.1076555023923445	0	1254	1
4094	5000	7833	0.4078896974339334	0.4527001148985063	0.010723860589812333	0.09294012511170688	0.035746201966041107	7833	1
4094	10000	31313	0.28132085715198163	0.45849966467601316	0.006195509852138089	0.05783540382588701	0.19614856449398013	31313	1
4095	500	77	0.18181818181818182	0.8181818181818182	0	0	0	77	1
4095	1000	311	0.4405144694533762	0.5401929260450161	0.01607717041800643	0.003215434083601286	0	311	1
4095	2000	1247	0.4659182036888532	0.3504410585404972	0.056134723336006415	0.12750601443464316	0	1247	1
4095	5000	7823	0.4186373513997188	0.4394733478205292	0.01073756870765691	0.09280327240189186	0.03834845967020325	7823	1
4095	10000	31316	0.28193255843658194	0.44798186230680803	0.006194916336696896	0.057925661003959635	0.20596500191595352	31316	1
4096	500	79	0.43037974683544306	0.569620253164557	0	0	0	79	1
4096	1000	317	0.45741324921135645	0.4353312302839117	0.0914826498422713	0.015772870662460567	0	317	1
4096	2000	1255	0.4693227091633466	0.3298804780876494	0.06454183266932272	0.1362549800796813	0	1255	1
4096	5000	7826	0.4279325325836954	0.4240991566572962	0.01073345259391771	0.09238435982622029	0.044850498338870434	7826	1
4096	10000	31319	0.2824483540342923	0.4351352214310802	0.006194322934959609	0.058143618889492	0.21807848271017594	31319	1
4097	500	77	0.5714285714285714	0.42857142857142855	0	0	0	77	1
4097	1000	312	0.46153846153846156	0.3782051282051282	0.11217948717948718	0.04807692307692308	0	312	1
4097	2000	1248	0.47435897435897434	0.31650641025641024	0.0673076923076923	0.14182692307692307	0	1248	1
4097	5000	7827	0.4305608790085601	0.42008432349559216	0.010732081257186662	0.09224479366296154	0.046377922575699504	7827	1
4097	10000	31291	0.282828928445879	0.43239270077658115	0.006199865776101755	0.058291521523760825	0.22028698347767728	31291	1
4199	500	78	0	0.9358974358974359	0	0.0641025641025641	0	78	1
4199	1000	314	0	0.9235668789808917	0	0.07643312101910828	0	314	1
4199	2000	1257	0.04295942720763723	0.8448687350835322	0	0.060461416070007955	0.05171042163882259	1257	1
4199	5000	7834	0.04429410262956344	0.7450855246362011	0.004467704876180751	0.07122798059739596	0.13492468726065868	7834	1
4199	10000	31304	0.13090978788653207	0.6674865831842576	0.013225146946077179	0.03948377204191158	0.14889470994122156	31304	1
4200	500	76	0	0	0	0	1	76	1
4200	1000	309	0.022653721682847898	0	0.012944983818770227	0	0.9644012944983819	309	1
4200	2000	1228	0.19299674267100977	0	0.12133550488599348	0.08143322475570032	0.6042345276872965	1246	0.985553772070626
4200	5000	5725	0.3205240174672489	0	0.05117903930131004	0.21362445414847162	0.41467248908296944	7822	0.7319099974431091
4201	500	55	0	0.4	0	0.6	0	79	0.6962025316455697
4201	1000	187	0.16042780748663102	0.27807486631016043	0.016042780748663103	0.5454545454545454	0	315	0.5936507936507937
4201	2000	715	0.3972027972027972	0.12167832167832168	0.057342657342657345	0.42377622377622376	0	1252	0.5710862619808307
4201	5000	4645	0.5358449946178687	0.17029063509149622	0.05252960172228202	0.24004305705059203	0.0012917115177610333	7831	0.5931554079938706
4201	10000	18917	0.40402812285246076	0.40704128561611247	0.02558545223872707	0.15874610139028386	0.004599037902415817	31310	0.6041839667837752
4202	500	43	0	0.5116279069767442	0.27906976744186046	0	0.20930232558139536	78	0.5512820512820513
4202	1000	157	0.025477707006369428	0.5732484076433121	0.20382165605095542	0	0.19745222929936307	312	0.5032051282051282
4203	500	78	0	0.8717948717948718	0	0	0.1282051282051282	78	1
4203	1000	313	0	0.744408945686901	0	0	0.25559105431309903	313	1
4203	2000	1253	0.0023942537909018356	0.8834796488427773	0	0.02154828411811652	0.09257781324820431	1253	1
4203	5000	7826	0.028622540250447227	0.8083312036800409	0	0.04012266802964477	0.12292358803986711	7826	1
4203	10000	31305	0.03692700846510142	0.7018367672895703	0.0037374221370388115	0.03120907203322153	0.2262897300750679	31305	1
4204	500	72	0	0.625	0	0	0.375	72	1
4204	1000	306	0	0.7156862745098039	0	0	0.28431372549019607	306	1
4204	2000	1244	0.0040192926045016075	0.8729903536977492	0	0.021704180064308683	0.10128617363344052	1244	1
4204	5000	7811	0.028677506081167585	0.8212776853155805	0	0.03930354628088593	0.11074126232236589	7811	1
4204	10000	31294	0.03962420911356809	0.7019556464497987	0.003738735859909248	0.03096440212181249	0.2237170064549115	31294	1
4220	500	79	0.45569620253164556	0.5443037974683544	0	0	0	79	1
4220	1000	314	0.19745222929936307	0.802547770700637	0	0	0	314	1
4220	2000	1252	0.39456869009584666	0.5678913738019169	0	0.037539936102236424	0	1252	1
4220	5000	7827	0.5168008176823815	0.37012904050083045	0.06145394148460458	0.04535581959882458	0.006260380733358886	7827	1
4220	10000	30039	0.4396950630846566	0.40573920569925764	0.07989613502446818	0.0365524817736942	0.03811711441792336	31310	0.9594059405940594
4221	500	77	0.38961038961038963	0.6103896103896104	0	0	0	77	1
4221	1000	311	0.15112540192926044	0.8488745980707395	0	0	0	311	1
4221	2000	1250	0.0408	0.9	0	0.0592	0	1250	1
4221	5000	7772	0.1367730313947504	0.8153628409675759	0.009135357694287185	0.03872876994338652	0	7824	0.9933537832310838
4221	10000	24912	0.19183526011560695	0.7427745664739884	0.016779062299293514	0.04419556840077071	0.004415542710340398	31281	0.7963939771746428
4226	500	65	0	1	0	0	0	78	0.8333333333333334
4226	1000	245	0.09387755102040816	0.9061224489795918	0	0	0	313	0.7827476038338658
4226	2000	880	0.14545454545454545	0.8545454545454545	0	0	0	1252	0.7028753993610224
4226	5000	6536	0.35893512851897186	0.587515299877601	0.017288861689106486	0.028916768665850672	0.0073439412484700125	7832	0.8345250255362615
4226	10000	18499	0.2874749986485756	0.5870587599329693	0.04194821341694146	0.07400400021622791	0.009514027785285692	31286	0.5912868375631273
4227	500	78	0.34615384615384615	0.6538461538461539	0	0	0	78	1
4227	1000	315	0.19682539682539682	0.8031746031746032	0	0	0	315	1
4227	2000	1254	0.24401913875598086	0.715311004784689	0	0.0055821371610845294	0.03508771929824561	1254	1
4227	5000	6877	0.24894576123309584	0.6720953904318744	0.03824342009597208	0.033735640540933545	0.006979787698124182	7832	0.8780643513789581
4227	10000	21220	0.2565032987747408	0.6564561734213007	0.028652214891611686	0.05174363807728558	0.006644674835061263	31296	0.6780419222903885
4229	500	78	0	1	0	0	0	78	1
4229	1000	304	0.01644736842105263	0.9835526315789473	0	0	0	311	0.977491961414791
4229	2000	1050	0.10571428571428572	0.8666666666666667	0	0	0.02761904761904762	1254	0.8373205741626795
4229	5000	6568	0.34211327649208284	0.5942448233861145	0.026035322777101095	0.030298416565164434	0.007308160779537149	7820	0.8398976982097187
4229	10000	18525	0.2853981106612686	0.5956275303643724	0.03859649122807018	0.07163292847503373	0.00874493927125506	31293	0.5919854280510018
4231	500	79	0.25316455696202533	0.7468354430379747	0	0	0	79	1
4231	1000	314	0.18152866242038215	0.8184713375796179	0	0	0	314	1
4231	2000	1260	0.04523809523809524	0.9365079365079365	0	0	0.018253968253968255	1260	1
4231	5000	7837	0.021947173663391602	0.9051933137680235	0	0.03981115222661733	0.03304836034196759	7837	1
4231	10000	31339	0.013912377548741185	0.8524522160885797	0	0.07364625546443729	0.059989150898241805	31339	1
4232	500	40	0.3	0.7	0	0	0	76	0.5263157894736842
4232	2000	654	0.22477064220183487	0.7752293577981652	0	0	0	1246	0.5248796147672552
4232	5000	5675	0.2986784140969163	0.668546255506608	0	0.032775330396475774	0	7826	0.7251469460771787
4232	10000	26778	0.30532526701023227	0.6268578683994324	0.024273657480020912	0.0371573679886474	0.00638583912166704	31282	0.8560194360974362
4233	500	78	0.01282051282051282	0.5256410256410257	0.46153846153846156	0	0	78	1
4233	1000	316	0.19936708860759494	0.45569620253164556	0.3449367088607595	0	0	316	1
4233	2000	1253	0.37270550678371905	0.31763766959297685	0.2569832402234637	0.052673583399840386	0	1253	1
4233	5000	6985	0.32884753042233356	0.19570508231925554	0.1770937723693629	0.1695060844667144	0.12884753042233357	7835	0.8915124441608169
4233	10000	22638	0.5002650410813676	0.14480077745383868	0.08264864387313367	0.14453573637247108	0.12774980121918897	31321	0.7227738577950895
4243	500	78	0.7692307692307693	0	0.19230769230769232	0.038461538461538464	0	78	1
4243	1000	311	0.7813504823151125	0	0.17363344051446947	0.04501607717041801	0	311	1
4243	2000	1252	0.9105431309904153	0	0.0670926517571885	0.022364217252396165	0	1252	1
4243	5000	7815	0.8523352527191299	0.04401791426743442	0.06577095329494562	0.03787587971849008	0	7815	1
4243	10000	28076	0.8290354751389086	0.026535118962815216	0.09990739421570025	0.044522011682575864	0	31295	0.8971401182297492
4244	500	78	0	0.5512820512820513	0.44871794871794873	0	0	79	0.9873417721518988
4244	1000	264	0	0.3522727272727273	0.6477272727272727	0	0	316	0.8354430379746836
4244	2000	929	0	0.3369214208826695	0.6630785791173305	0	0	1255	0.7402390438247012
4244	5000	5478	0.044906900328587074	0.18729463307776562	0.7435195326761592	0	0.024278933917488133	7835	0.6991703892788769
4244	10000	25185	0.04196942624578122	0.2737740718681755	0.6287075640262061	0.009013301568393885	0.04653563629144332	31295	0.8047611439527081
4245	500	74	0.43243243243243246	0.5675675675675675	0	0	0	74	1
4245	1000	310	0.46774193548387094	0.532258064516129	0	0	0	310	1
4245	2000	1246	0.49919743178170145	0.398876404494382	0	0.07865168539325842	0.023274478330658106	1246	1
4245	5000	7811	0.45896812187940084	0.36013314556394826	0.020355908334400204	0.1389066700806555	0.021636154141595185	7812	0.9998719918074757
4245	10000	23622	0.4551265769198205	0.3392176784353569	0.04745576157818982	0.1496486326305986	0.008551350436034206	31284	0.7550824702723437
4246	500	79	0	0.27848101265822783	0.7215189873417721	0	0	79	1
4246	1000	316	0	0.3259493670886076	0.6740506329113924	0	0	316	1
4246	2000	1179	0.008481764206955046	0.455470737913486	0.5351993214588634	0	8.481764206955047e-4	1256	0.9386942675159236
4246	5000	6136	0.16150586701434158	0.5588331160365059	0.2666232073011734	0.009452411994784877	0.003585397653194263	7838	0.782852768563409
4246	10000	19853	0.20057422052082807	0.6249433335012341	0.13353145620309273	0.02659547675414295	0.01435551302070216	31315	0.6339773271595083
4248	500	78	0.46153846153846156	0.07692307692307693	0.46153846153846156	0	0	78	1
4248	1000	269	0.49070631970260226	0.19330855018587362	0.3159851301115242	0	0	312	0.8621794871794872
4248	2000	847	0.45690672963400236	0.3187721369539551	0.21133412042502953	0.012987012987012988	0	1250	0.6776
4248	5000	5113	0.3649520829258752	0.45491883434382946	0.14590260121259535	0.03422648151769998	0	7819	0.6539199386110756
4248	10000	25562	0.23460605586417338	0.6240513261873093	0.09228542367576872	0.044245364212502934	0.004811830060245677	31275	0.817330135891287
4250	500	77	0	0	1	0	0	79	0.9746835443037974
4250	1000	286	0.017482517482517484	0.027972027972027972	0.9545454545454546	0	0	316	0.9050632911392406
4250	2000	1048	0.13740458015267176	0.15839694656488548	0.6994274809160306	0	0.004770992366412214	1258	0.8330683624801272
4250	5000	7319	0.3332422462084984	0.396638885093592	0.1349911190053286	0.022134171334881814	0.11299357835769915	7825	0.9353354632587859
4250	10000	29980	0.32821881254169444	0.5251167444963308	0.07121414276184122	0.019179452968645764	0.05627084723148766	31291	0.958102968904797
4251	500	78	0	0.717948717948718	0.28205128205128205	0	0	78	1
4251	1000	277	0	0.4981949458483754	0.5018050541516246	0	0	312	0.8878205128205128
4251	2000	1188	0.07575757575757576	0.5622895622895623	0.3543771043771044	0	0.007575757575757576	1253	0.9481245011971269
4251	5000	5285	0.06206244087038789	0.6081362346263008	0.315042573320719	0	0.014758751182592242	7827	0.6752267790979941
4251	10000	20968	0.08441434566959176	0.5095383441434567	0.3894505913773369	0.003576879053796261	0.01301983975581839	31268	0.6705897403095816
4254	500	80	0.85	0.15	0	0	0	80	1
4254	1000	317	0.8391167192429022	0.1608832807570978	0	0	0	317	1
4254	2000	1260	0.5825396825396826	0.4126984126984127	0.0031746031746031746	0.0015873015873015873	0	1260	1
4254	5000	7834	0.5349757467449578	0.404646413071228	0.026933877967832524	0.027827418943068675	0.005616543272912944	7834	1
4254	10000	31307	0.4121442488900246	0.4103555115469384	0.014341840482959082	0.04043824064905612	0.12272015843102181	31307	1
4255	500	78	0.24358974358974358	0.7564102564102564	0	0	0	78	1
4255	1000	312	0.25	0.75	0	0	0	312	1
4255	2000	1147	0.26591107236268524	0.6835222319093287	0.006102877070619006	0.044463818657367045	0	1254	0.9146730462519936
4255	5000	6755	0.27757216876387864	0.6564026646928202	0.028867505551443375	0.027535159141376758	0.009622501850481125	7817	0.8641422540616605
4255	10000	26847	0.2536223786642828	0.6535553320668976	0.04853428688494059	0.021305918724624725	0.022982083659254294	31286	0.8581154510004475
4256	500	78	0.11538461538461539	0.6666666666666666	0.21794871794871795	0	0	78	1
4256	1000	311	0.45016077170418006	0.3729903536977492	0.17684887459807075	0	0	311	1
4256	2000	1251	0.6338928856914469	0.25499600319744203	0.07034372501998401	0	0.0407673860911271	1251	1
4256	5000	7823	0.4312923430908859	0.4877924070049853	0.029911798542758532	0.04307810302952832	0.007925348331842004	7823	1
4256	10000	31284	0.4897391637897967	0.43229766014576143	0.029439969313387035	0.04353663214422708	0.004986574606827772	31284	1
4257	500	75	0	0.04	0.96	0	0	75	1
4257	1000	311	0.04180064308681672	0.20257234726688103	0.7556270096463023	0	0	311	1
4257	2000	1247	0.0809943865276664	0.433841218925421	0.47634322373696875	0.008821170809943865	0	1247	1
4257	5000	7284	0.200164744645799	0.6154585392641406	0.16694124107633168	0.008237232289950576	0.009198242723778144	7818	0.9316960859554874
4257	10000	26019	0.20304392943618124	0.6817710134901418	0.07386909566086322	0.02651908220915485	0.014796879203658865	31292	0.8314904767991819
4258	500	76	0	0	0	0.3026315789473684	0.6973684210526315	76	1
4258	1000	309	0.07766990291262135	0	0	0.3365695792880259	0.5857605177993528	309	1
4258	2000	1247	0.23175621491579793	0	0	0.23416198877305533	0.5340817963111467	1247	1
4258	5000	6373	0.23913384591244313	0.008630158481092108	0	0.2439981170563314	0.5082378785501334	7818	0.8151701202353543
4258	10000	20407	0.31528397118635765	0.01259371784191699	0.0063213603175381	0.3225853873670799	0.34321556328710734	31295	0.6520849976034511
4259	500	79	0	1	0	0	0	79	1
4259	1000	315	0	1	0	0	0	315	1
4259	2000	1255	0	0.9968127490039841	0	0.0031872509960159364	0	1255	1
4259	5000	7830	0.0026819923371647508	0.928352490421456	0	0.06475095785440613	0.00421455938697318	7830	1
4259	10000	31319	0.020339091286439542	0.884574858711964	0.006162393435294869	0.07260768223761933	0.01631597432868227	31319	1
4260	500	79	0	0.9873417721518988	0.012658227848101266	0	0	79	1
4260	1000	315	0	0.8412698412698413	0.15873015873015872	0	0	315	1
4260	2000	1237	0.08003233629749394	0.5545675020210186	0.36459175424413903	0	8.084074373484236e-4	1253	0.9872306464485235
4260	5000	6328	0.15344500632111252	0.5640012642225032	0.2637484197218711	0.015328697850821745	0.00347661188369153	7831	0.8080704890818542
4260	10000	20325	0.18814268142681426	0.6384747847478475	0.12944649446494466	0.026961869618696187	0.016974169741697416	31307	0.6492158303254864
4262	500	72	0.20833333333333334	0.625	0.013888888888888888	0	0.1527777777777778	72	1
4262	1000	308	0.237012987012987	0.3961038961038961	0.2857142857142857	0	0.08116883116883117	308	1
4262	2000	1244	0.0972668810289389	0.3553054662379421	0.49517684887459806	0	0.0522508038585209	1244	1
4262	5000	7657	0.09390100561577641	0.33681598537286145	0.4640198511166253	0.047668799791040876	0.05759435810369597	7814	0.9799078576913233
4262	10000	30920	0.11872574385510996	0.2765523932729625	0.4871604139715395	0.02221862871927555	0.09534282018111255	31290	0.9881751358261426
4263	500	78	0	1	0	0	0	78	1
4263	1000	312	0	1	0	0	0	312	1
4263	2000	1259	0	0.9062748212867355	0	0.03256552819698173	0.06115965051628276	1259	1
4263	5000	7830	0.1259259259259259	0.7530012771392082	0	0.03908045977011494	0.08199233716475096	7830	1
4263	10000	31297	0.16976067993737418	0.684698213886315	0.003035434706201872	0.03492347509345944	0.10758219637664952	31297	1
4265	500	77	0	0.8051948051948052	0	0	0.19480519480519481	77	1
4265	1000	309	0.019417475728155338	0.7799352750809061	0	0	0.20064724919093851	309	1
4265	2000	1249	0.0600480384307446	0.8534827862289832	0	0	0.08646917534027222	1249	1
4265	5000	7813	0.08473057724305644	0.7938051964674261	0.02931012415205427	0.016894918725201588	0.07525918341226162	7813	1
4265	10000	31284	0.11632144227080936	0.7504794783275796	0.01531134126070835	0.025827899245620765	0.09205983889528194	31284	1
4266	500	80	0.2875	0.6	0	0	0.1125	80	1
4266	1000	316	0.12341772151898735	0.3291139240506329	0	0	0.5474683544303798	316	1
4266	2000	1263	0.08234362628661916	0.1955661124307205	0	0	0.7220902612826603	1263	1
4266	5000	7832	0.12346782431052095	0.48672114402451483	0.009576098059244127	0.017620020429009193	0.3626149131767109	7832	1
4266	10000	31324	0.1242497765291789	0.6359341080321798	0.0046609628399948925	0.02100625718299068	0.21414889541565574	31324	1
4267	500	78	0	0	1	0	0	78	1
4267	1000	290	0	0	1	0	0	312	0.9294871794871795
4267	2000	1168	0.030821917808219176	0.12585616438356165	0.8184931506849316	0	0.02482876712328767	1253	0.9321628092577813
4267	5000	7560	0.07261904761904762	0.3772486772486772	0.4546296296296296	0.04193121693121693	0.05357142857142857	7812	0.967741935483871
4267	10000	30477	0.11510319257144733	0.24746530170292352	0.5597991928339403	0.021983791055550088	0.05564852183613873	31297	0.9737994056938365
4271	500	80	0.0875	0.575	0.3375	0	0	80	1
4271	1000	316	0.5284810126582279	0.1550632911392405	0.31645569620253167	0	0	316	1
4271	2000	1254	0.6594896331738437	0.06618819776714513	0.2535885167464115	0.02073365231259968	0	1254	1
4271	5000	7835	0.7276324186343331	0.041863433312061264	0.20446713465220165	0.026037013401403956	0	7835	1
4271	10000	28681	0.7297862696558698	0.041734946480248246	0.21121997140964402	0.017258812454237996	0	31306	0.9161502587363445
4274	500	78	0	1	0	0	0	78	1
4274	1000	312	0	1	0	0	0	312	1
4274	2000	1255	0.012749003984063745	0.9641434262948207	0.004780876494023904	0.018326693227091632	0	1255	1
4274	5000	7829	0.15174351769063738	0.610678247541193	0.10754885681440797	0.009707497764720909	0.12032188018904075	7829	1
4274	10000	31300	0.3001916932907348	0.583035143769968	0.04405750798722045	0.016869009584664536	0.05584664536741214	31300	1
4275	500	79	0.1518987341772152	0.35443037974683544	0.1518987341772152	0.34177215189873417	0	79	1
4275	1000	316	0.4208860759493671	0.14873417721518986	0.22468354430379747	0.20569620253164558	0	316	1
4275	2000	1249	0.5612489991993594	0.07686148919135308	0.14011208967173738	0.22177742193755004	0	1254	0.9960127591706539
4275	5000	6168	0.7201686121919585	0.060635538261997406	0.059500648508430606	0.15969520103761348	0	7832	0.7875383043922369
4275	10000	22373	0.7912662584365083	0.035042238412372056	0.07303446118088767	0.09882447593080945	0.0018325660394225183	31308	0.7146096844257059
4278	500	79	0.06329113924050633	0.9367088607594937	0	0	0	79	1
4278	1000	314	0.17197452229299362	0.7961783439490446	0	0	0.03184713375796178	314	1
4278	2000	1252	0.11980830670926518	0.7492012779552716	0	0	0.13099041533546327	1252	1
4278	5000	7829	0.09809681951717972	0.6602375782347681	0.03257120960531358	0.003065525609911866	0.20602886703282666	7829	1
4278	10000	31302	0.1046578493387004	0.6692543607437225	0.03740975017570762	0.013928822439460737	0.1747492173024088	31302	1
4279	500	77	0.07792207792207792	0.2077922077922078	0.42857142857142855	0.2857142857142857	0	77	1
4279	1000	311	0.4115755627009646	0.1189710610932476	0.22508038585209003	0.24437299035369775	0	311	1
4279	2000	1244	0.6004823151125402	0.06752411575562701	0.15032154340836013	0.18167202572347266	0	1248	0.9967948717948718
4279	5000	6142	0.7232171930967112	0.0592640833604689	0.05454249430153044	0.1629762292412895	0	7821	0.7853215701316967
4279	10000	22374	0.7948511665325825	0.03343166175024582	0.07115401805667293	0.09873066952712971	0.001832484133369089	31307	0.71466445203948
4280	500	78	0.7435897435897436	0.2564102564102564	0	0	0	78	1
4280	1000	310	0.635483870967742	0.36451612903225805	0	0	0	310	1
4280	2000	1251	0.48201438848920863	0.49960031974420466	0	0.01838529176658673	0	1251	1
4280	5000	7821	0.29753228487405703	0.6323999488556451	0	0.06635980053701572	0.003707965733282189	7821	1
4280	10000	31282	0.2731922511348379	0.6398248193849498	0.009110670673230611	0.06374272744709418	0.014129531359887475	31282	1
4281	500	78	1	0	0	0	0	78	1
4281	1000	315	1	0	0	0	0	315	1
4281	2000	1193	0.7761944677284157	0	0.12992455993294216	0.09388097233864208	0	1253	0.9521149241819633
4281	5000	6250	0.83264	0	0.08784	0.07952	0	7832	0.7980081716036772
4281	10000	21977	0.8055239568639941	0.001820084633935478	0.1129362515356964	0.0763525503935933	0.003367156572780634	31307	0.7019835819465295
4282	500	77	0.7792207792207793	0.1038961038961039	0.11688311688311688	0	0	77	1
4282	1000	311	0.5980707395498392	0.21221864951768488	0.18971061093247588	0	0	311	1
4282	2000	1246	0.5	0.3234349919743178	0.17495987158908508	0.0016051364365971107	0	1246	1
4282	5000	6561	0.5333028501752781	0.2690138698369151	0.14723365340649291	0.047401310775796374	0.0030483158055174516	7823	0.838680812987345
4282	10000	20146	0.5775836394321453	0.2057976769582051	0.17169661471259803	0.03931301499056885	0.005609053906482676	31289	0.6438684521716898
4283	500	78	0	1	0	0	0	79	0.9873417721518988
4283	1000	228	0	1	0	0	0	316	0.7215189873417721
4283	2000	763	0	1	0	0	0	1252	0.6094249201277955
4283	5000	4642	0.08013787160706592	0.8649289099526066	0.034467901766479965	0.007755277897457992	0.012710038776389487	7823	0.5933784992969449
4283	10000	19466	0.1197472516182061	0.7737593753210726	0.05034418986951608	0.027535189561286345	0.028613993629918833	31263	0.6226529763618335
4284	500	78	0.4358974358974359	0.1282051282051282	0	0.4358974358974359	0	78	1
4284	1000	311	0.5659163987138264	0.1607717041800643	0	0.2733118971061093	0	311	1
4284	2000	1254	0.6610845295055822	0.20733652312599682	0	0.12360446570972887	0.007974481658692184	1254	1
4284	5000	7673	0.6319562100873192	0.22442330248924802	0.02072201225074938	0.11403623093965855	0.008862244233024893	7832	0.9796986721144024
4284	10000	20880	0.5931992337164751	0.1539750957854406	0.045689655172413794	0.20268199233716475	0.004454022988505747	31280	0.6675191815856778
4285	500	76	0.039473684210526314	0	0.9605263157894737	0	0	76	1
4285	1000	308	0.1266233766233766	0	0.8733766233766234	0	0	308	1
4285	2000	1005	0.27860696517412936	0	0.7213930348258707	0	0	1248	0.8052884615384616
4285	5000	4803	0.621070164480533	0	0.3466583385384135	0.032271496981053506	0	7815	0.6145873320537428
4285	10000	16624	0.7873556304138595	0.009744947064485083	0.1588065447545717	0.04409287776708373	0	31290	0.5312879514221797
4286	500	78	0.48717948717948717	0.5128205128205128	0	0	0	78	1
4286	1000	316	0.49683544303797467	0.5031645569620253	0	0	0	316	1
4286	2000	1257	0.45346062052505964	0.4964200477326969	0	0.050119331742243436	0	1257	1
4286	5000	7832	0.3375893769152196	0.49974463738508684	0.006001021450459653	0.1566649642492339	0	7832	1
4286	10000	29200	0.3273972602739726	0.5316780821917808	0.014965753424657535	0.1229109589041096	0.003047945205479452	31328	0.932073544433095
4291	500	79	0.27848101265822783	0.3037974683544304	0	0	0.4177215189873418	79	1
4291	1000	316	0.12025316455696203	0.439873417721519	0	0.06329113924050633	0.37658227848101267	316	1
4291	2000	1255	0.09322709163346614	0.45179282868525894	0	0.036653386454183264	0.41832669322709165	1255	1
4291	5000	7829	0.06399284710691021	0.5644399029250223	0.005747860518584749	0.027717460722953124	0.33810192872652955	7829	1
4291	10000	31317	0.09442156017498483	0.5807388958073889	0.019542101733882555	0.039690902704601336	0.2656065395791423	31317	1
4297	500	79	0	0	1	0	0	79	1
4297	1000	316	0	0	1	0	0	316	1
4297	2000	1249	0	0.1289031224979984	0.8710968775020016	0	0	1249	1
4297	5000	7475	0	0.22662207357859532	0.711438127090301	0	0.061939799331103676	7823	0.9555157867825642
4297	10000	29305	0.01832451800034124	0.22931240402661662	0.6701586759938577	0.0053233236649036	0.07688107831428084	31286	0.9366809435530269
4302	500	79	0.0379746835443038	0.26582278481012656	0.34177215189873417	0	0.35443037974683544	79	1
4302	1000	314	0.05732484076433121	0.28343949044585987	0.4554140127388535	0	0.20382165605095542	314	1
4302	2000	1253	0.05905826017557861	0.29768555466879487	0.5881883479648843	0	0.05506783719074222	1253	1
4302	5000	6998	0.153615318662475	0.336381823378108	0.4396970563018005	0.010860245784509859	0.059445555873106605	7817	0.8952283484712805
4302	10000	28188	0.15478217681282816	0.44494110969206757	0.3273378742727402	0.018234709805591033	0.05470412941677309	31308	0.9003449597546953
4303	500	79	0.21518987341772153	0.5316455696202531	0	0.25316455696202533	0	79	1
4303	1000	312	0.2948717948717949	0.5128205128205128	0	0.19230769230769232	0	312	1
4303	2000	1250	0.3384	0.5784	0	0.0736	0.0096	1250	1
4303	5000	7819	0.4471159994884256	0.43829134160378563	0.054738457603274074	0.03926333290702136	0.020590868397493287	7819	1
4303	10000	31278	0.3531555726069442	0.5178400153462498	0.08152695185114138	0.020685465822622928	0.026791994373041753	31278	1
4304	500	54	0.2777777777777778	0.42592592592592593	0.2962962962962963	0	0	78	0.6923076923076923
4304	1000	241	0.23236514522821577	0.42323651452282157	0.34439834024896265	0	0	314	0.767515923566879
4304	2000	1007	0.1400198609731877	0.4657398212512413	0.3614697120158888	9.930486593843098e-4	0.031777557100297914	1253	0.8036711891460495
4304	5000	6506	0.11558561328004918	0.43805717798954813	0.33615124500461113	0.01537042729787888	0.09483553642791269	7834	0.8304825121266275
4304	10000	27152	0.13777990571596935	0.458898055391868	0.3390542133176193	0.01473187978786093	0.049535945786682384	31278	0.8680861947694866
4305	500	79	0.2911392405063291	0.02531645569620253	0	0	0.6835443037974683	79	1
4305	1000	314	0.5063694267515924	0.14968152866242038	0.009554140127388535	0.009554140127388535	0.3248407643312102	314	1
4305	2000	1251	0.48840927258193445	0.31974420463629094	0.05275779376498801	0.045563549160671464	0.09352517985611511	1251	1
4305	5000	7828	0.3596065406234032	0.47547266223811957	0.09695963208993358	0.04739397036280021	0.020567194685743483	7828	1
4305	10000	31286	0.31854503611839163	0.49862558332800616	0.11982995589081379	0.021894777216646424	0.04110464744614204	31286	1
4308	500	75	0	0.6	0.4	0	0	79	0.9493670886075949
4309	500	78	0	0.38461538461538464	0.6153846153846154	0	0	78	1
4309	1000	312	0	0.3942307692307692	0.6057692307692307	0	0	312	1
4309	2000	1251	0	0.2589928057553957	0.7410071942446043	0	0	1251	1
4309	5000	7707	0.015570260801868432	0.13987284287011809	0.8027766965096665	0.005190086933956144	0.03659011288439081	7817	0.9859281054112831
4309	10000	27551	0.029944466625530835	0.3173024572610795	0.5919930311059489	0.018946680701244965	0.04181336430619578	31291	0.8804768144194817
4337	500	70	0	0.12857142857142856	0.6571428571428571	0	0.21428571428571427	78	0.8974358974358975
4337	1000	170	0	0.15294117647058825	0.27058823529411763	0	0.5764705882352941	313	0.5431309904153354
4340	500	80	0.375	0	0.3125	0	0.3125	80	1
4340	1000	261	0.36398467432950193	0	0.18007662835249041	0	0.4559386973180077	312	0.8365384615384616
4340	2000	797	0.2860727728983689	0.04893350062735257	0.11417816813048934	0	0.5508155583437893	1249	0.6381104883907126
4340	5000	4045	0.21903584672435106	0.2761433868974042	0.044746600741656366	0	0.4600741656365884	7810	0.5179257362355953
4341	500	77	0	0	0	1	0	79	0.9746835443037974
4341	1000	234	0	0	0	1	0	316	0.740506329113924
4344	500	78	0	0.44871794871794873	0	0.5512820512820513	0	78	1
4344	1000	310	0	0.3967741935483871	0	0.603225806451613	0	310	1
4344	2000	1247	0	0.6856455493183641	0	0.2806736166800321	0.03368083400160385	1247	1
4344	5000	7817	2.558526288857618e-4	0.8123320967122937	0	0.16297812460023026	0.024433926058590252	7817	1
4344	10000	31165	0.07055992299053425	0.7429488207925558	0.01713460612866998	0.11663725332905503	0.05271939675918498	31282	0.9962598299341474
