sit_uid	site	site_category	total_sum	lat	lon	county	datasource	clc_code	clc_name	habitat_hilda	presence
409	Söderboda, Gräsö	P	426	6704632.15556214	688531.845836103	Uppsala län	Svensk Dagfjärilsövervakning, LU	243.0	Land principally occupied by agriculture with significant areas of natural vegetation	Cropland	0
3163	Söderboda södra	T	81	6704399.24555465	688454.710717032	Uppsala län	Svensk Dagfjärilsövervakning, LU	243.0	Land principally occupied by agriculture with significant areas of natural vegetation	Cropland	0
2874	Rångsen	T	8	6703178.30259816	671708.332583238	Uppsala län	Svensk Dagfjärilsövervakning, LU	313.0	Mixed forest	Forest	0
3663	Mehedeby	P	232	6702475.03843307	633792.108609365	Uppsala län	Svensk Dagfjärilsövervakning, LU	313.0	Mixed forest	Forest	0
3794	Bergbyvallsvägen	T	1277	6701852.25954232	614446.992568072	Gävleborgs län	Svensk Dagfjärilsövervakning, LU	324.0	Transitional woodland-shrub	Unmanaged grass/shrubland	0
2795	Östanhede punkt	P	96	6700335.89458541	593726.572369451	Gävleborgs län	Svensk Dagfjärilsövervakning, LU	312.0	Coniferous forest	Forest	0
2696	Östanhede slinga	T	127	6700120.93692176	593562.246029785	Gävleborgs län	Svensk Dagfjärilsövervakning, LU	312.0	Coniferous forest	Forest	0
3248	Länsanvägen	T	4	6699788.10309324	515818.304248726	Dalarnas län	Biogeografisk uppföljning av fjärilar, LU	312.0	Coniferous forest	Forest	0
2855	Storskäret, Uppland	T	70	6697086.16305367	678719.781544751	Uppsala län	Svensk Dagfjärilsövervakning, LU	211.0	Non-irrigated arable land	Cropland	0
2873	Kallerö	T	6	6694842.92554812	679161.170510778	Uppsala län	Svensk Dagfjärilsövervakning, LU	311.0	Broad-leaved forest	Forest	0
3156	Lövberget, Gagnef	P	203	6694175.90891102	482556.855105645	Dalarnas län	Svensk Dagfjärilsövervakning, LU	312.0	Coniferous forest	Forest	0
925	Rännberg	T	208	6690045.5623843	371758.589034896	Värmlands län	Biogeografisk uppföljning av fjärilar, LU	242.0	Complex cultivation patterns	Cropland	0
926	Konradsfors	T	257	6689080.86764181	372724.918609771	Värmlands län	Biogeografisk uppföljning av fjärilar, LU	324.0	Transitional woodland-shrub	Unmanaged grass/shrubland	0
2821	Sixarby	P	314	6686576.86162557	649531.520964889	Uppsala län	Svensk Dagfjärilsövervakning, LU	211.0	Non-irrigated arable land	Cropland	0
3259	Nödens, Djupdalsvägen, Ljusfallet	T	0	6684209.74677592	573261.297953232	Dalarnas län	Biogeografisk uppföljning av fjärilar, LU	312.0	Coniferous forest	Forest	0
2700	Nyhammar, Ludvika	P	41	6679799.49876504	497217.326903115	Dalarnas län	Svensk Dagfjärilsövervakning, LU	243.0	Land principally occupied by agriculture with significant areas of natural vegetation	Cropland	0
2800	Gultbergets naturreservat	T	319	6679336.3435217	390933.301344778	Värmlands län	Biogeografisk uppföljning av fjärilar, LU	313.0	Mixed forest	Forest	0
4092	Solberget, Tvärnö	P	20	6678409.73912599	695376.721019912	Uppsala län	Svensk Dagfjärilsövervakning, LU	312.0	Coniferous forest	Forest	0
857	Fensbol, Petterstorp	T	411	6677951.5607449	390897.249992495	Värmlands län	Biogeografisk uppföljning av fjärilar, LU	312.0	Coniferous forest	Forest	0
702	Östanfors 9:4	P	87	6675133.36107238	573516.160219531	Dalarnas län	Svensk Dagfjärilsövervakning, LU	312.0	Coniferous forest	Forest	0
460	Storgårdsängarna Brunnsvik, punkt	P	39	6674137.39728498	506783.136829235	Dalarnas län	Svensk Dagfjärilsövervakning, LU	313.0	Mixed forest	Forest	0
3231	Storgårdsängarna Brunnsvik, slinga	T	35	6674000.24714101	506848.789511599	Dalarnas län	Biogeografisk uppföljning av fjärilar, LU	313.0	Mixed forest	Forest	0
2815	Gökbodarna	P	978	6668569.82458309	503547.272534413	Dalarnas län	Svensk Dagfjärilsövervakning, LU	311.0	Broad-leaved forest	Forest	0
3150	Norrby Udde	P	5	6668060.63159703	708514.390454172	Stockholms län	Svensk Dagfjärilsövervakning, LU	142.0	Sport and leisure facilities	Urban	0
3253	Ginbergsängen	T	177	6666752.58907692	418466.398186859	Värmlands län	Biogeografisk uppföljning av fjärilar, LU	312.0	Coniferous forest	Forest	0
3238	Rudsängen	T	189	6665735.64279607	419416.393955729	Värmlands län	Biogeografisk uppföljning av fjärilar, LU	313.0	Mixed forest	Forest	0
2782	Västerkulla	P	132	6664297.92179808	709318.229347386	Uppsala län	Svensk Dagfjärilsövervakning, LU	211.0	Non-irrigated arable land	Cropland	0
3230	Lillmossen	T	21	6663999.37659796	515749.854570708	Dalarnas län	Biogeografisk uppföljning av fjärilar, LU	312.0	Coniferous forest	Forest	0
3229	Stormossbäcken kraftledningsgata	T	4	6663915.83323152	515948.8068849	Dalarnas län	Biogeografisk uppföljning av fjärilar, LU	312.0	Coniferous forest	Forest	0
2937	Aftonvägen 14, Alunda	P	1	6663634.61166327	671353.899256781	Uppsala län	Svensk Dagfjärilsövervakning, LU	112.0	Discontinuous urban fabric	Urban	0
2770	Olsbo	T	188	6660899.61354135	551169.371459359	Västmanlands län	Länsstyrelsen i Västmanlands län	311.0	Broad-leaved forest	Forest	0
4344	Hummelsvedjans fjärilsstig 2	T	466	6660599.39993645	691454.793904177	Stockholms län	Svensk Dagfjärilsövervakning, LU	324.0	Transitional woodland-shrub	Unmanaged grass/shrubland	0
3904	Väddö kanal	T	44	6656574.42692526	711985.148907519	Stockholms län	Svensk Dagfjärilsövervakning, LU	312.0	Coniferous forest	Forest	0
3896	Väddö - Havsveda	P	34	6656339.95144099	716370.481756176	Stockholms län	Svensk Dagfjärilsövervakning, LU	142.0	Sport and leisure facilities	Urban	0
3219	Väddö 2	P	30	6656277.77304801	716437.232395212	Stockholms län	Svensk Dagfjärilsövervakning, LU	142.0	Sport and leisure facilities	Urban	0
874	Ransbysätter, Björns äng	T	60	6655935.45903714	401012.390796926	Värmlands län	Biogeografisk uppföljning av fjärilar, LU	242.0	Complex cultivation patterns	Cropland	0
3644	Sandviken - Seneby haken, Väddö	T	100	6655473.29296395	716881.993467685	Stockholms län	Svensk Dagfjärilsövervakning, LU	312.0	Coniferous forest	Forest	0
318	Abborrtjärntorpet	P	38	6654747.30400856	512370.887019581	Dalarnas län	Svensk Dagfjärilsövervakning, LU	312.0	Coniferous forest	Forest	0
796	Väddö-Älmsta	T	276	6654744.0463667	713739.262375007	Stockholms län	Svensk Dagfjärilsövervakning, LU	243.0	Land principally occupied by agriculture with significant areas of natural vegetation	Cropland	0
860	Brandområdet N1	P	63	6649614.09617545	558396.863836708	Västmanlands län	Svensk Dagfjärilsövervakning, LU	334.0	Burnt areas	Sparse/no vegetation	0
861	Brandområdet N2	P	58	6649100.05292832	558545.08616706	Västmanlands län	Svensk Dagfjärilsövervakning, LU	324.0	Transitional woodland-shrub	Unmanaged grass/shrubland	0
4291	Fritidsvägen 23, Ängelsberg	P	13	6647533.68838894	553882.549603234	Västmanlands län	Svensk Dagfjärilsövervakning, LU	243.0	Land principally occupied by agriculture with significant areas of natural vegetation	Cropland	0
4076	Snickartorp	T	38	6641725.29915577	494271.993842954	Örebro län	Svensk Dagfjärilsövervakning, LU	312.0	Coniferous forest	Forest	0
781	Vallsjövägen 1	P	199	6640736.55913246	562080.961249655	Västmanlands län	Svensk Dagfjärilsövervakning, LU	334.0	Burnt areas	Sparse/no vegetation	0
783	Vallsjövägen 3	P	186	6640602.37617885	563212.270323704	Västmanlands län	Svensk Dagfjärilsövervakning, LU	334.0	Burnt areas	Sparse/no vegetation	0
782	Vallsjövägen 2	P	103	6640515.91204769	562679.47634435	Västmanlands län	Svensk Dagfjärilsövervakning, LU	334.0	Burnt areas	Sparse/no vegetation	0
784	Vallsjövägen 4	P	266	6640496.43699312	563707.418691922	Västmanlands län	Svensk Dagfjärilsövervakning, LU	334.0	Burnt areas	Sparse/no vegetation	0
869	Trollmossen 3	P	78	6640267.13561731	565483.704600768	Västmanlands län	Svensk Dagfjärilsövervakning, LU	334.0	Burnt areas	Sparse/no vegetation	0
868	Trollmossen 2	P	157	6639904.44135699	564761.32735373	Västmanlands län	Svensk Dagfjärilsövervakning, LU	334.0	Burnt areas	Sparse/no vegetation	0
867	Trollmossen 1	P	300	6639495.211555	564404.412838979	Västmanlands län	Svensk Dagfjärilsövervakning, LU	334.0	Burnt areas	Sparse/no vegetation	0
697	Nordanö grusgrop	P	294	6638951.89792616	560999.007757577	Västmanlands län	Svensk Dagfjärilsövervakning, LU	312.0	Coniferous forest	Forest	0
780	Färnebovägen 3	P	219	6638879.44912802	564081.003724778	Västmanlands län	Svensk Dagfjärilsövervakning, LU	324.0	Transitional woodland-shrub	Unmanaged grass/shrubland	0
521	Vallsjöbäcken	T	1471	6638761.40558291	561118.292930929	Västmanlands län	Svensk Dagfjärilsövervakning, LU	312.0	Coniferous forest	Forest	0
779	Färnebovägen 2	P	127	6638323.4979404	563414.964144413	Västmanlands län	Svensk Dagfjärilsövervakning, LU	334.0	Burnt areas	Sparse/no vegetation	0
945	Öjesjöbrännan punkt 5	P	103	6637793.93549858	570994.271843762	Västmanlands län	Svensk Dagfjärilsövervakning, LU	334.0	Burnt areas	Sparse/no vegetation	0
778	Färnebovägen 1	P	227	6637698.59535709	562504.834439476	Västmanlands län	Svensk Dagfjärilsövervakning, LU	324.0	Transitional woodland-shrub	Unmanaged grass/shrubland	0
944	Öjesjöbrännan punkt 4	P	72	6637346.8040306	571219.653327386	Västmanlands län	Svensk Dagfjärilsövervakning, LU	334.0	Burnt areas	Sparse/no vegetation	0
2649	Vänge-Brunna, Uppsala	T	22	6636828.66569163	636905.09358578	Uppsala län	Svensk Dagfjärilsövervakning, LU	211.0	Non-irrigated arable land	Cropland	0
777	Uvsjövägen 1	P	395	6636460.82690978	563151.718766431	Västmanlands län	Svensk Dagfjärilsövervakning, LU	334.0	Burnt areas	Sparse/no vegetation	0
943	Öjesjöbrännan punkt 3	P	54	6636114.89485922	571034.703021757	Västmanlands län	Svensk Dagfjärilsövervakning, LU	334.0	Burnt areas	Sparse/no vegetation	0
942	Öjesjöbrännan punkt 2	P	57	6636011.79453626	569956.25881097	Västmanlands län	Svensk Dagfjärilsövervakning, LU	334.0	Burnt areas	Sparse/no vegetation	0
940	Bergtorpsvägen punkt 6	P	83	6635659.53191732	566476.52603667	Västmanlands län	Svensk Dagfjärilsövervakning, LU	324.0	Transitional woodland-shrub	Unmanaged grass/shrubland	0
939	Bergtorpsvägen punkt 5	P	170	6635591.74154218	567067.184194384	Västmanlands län	Svensk Dagfjärilsövervakning, LU	334.0	Burnt areas	Sparse/no vegetation	0
865	Brandområdet Ö2	P	53	6635590.53060091	569185.60281751	Västmanlands län	Svensk Dagfjärilsövervakning, LU	334.0	Burnt areas	Sparse/no vegetation	0
946	Öjesjöbrännan punkt 6	P	150	6635386.84819492	571178.526068222	Västmanlands län	Svensk Dagfjärilsövervakning, LU	334.0	Burnt areas	Sparse/no vegetation	0
334	Hembygdsgården, Kumla kyrkby	P	8	6635254.31458132	591668.675463325	Västmanlands län	Svensk Dagfjärilsövervakning, LU	112.0	Discontinuous urban fabric	Urban	0
938	Bergtorpsvägen punkt 4	P	195	6635207.19300107	567341.787889756	Västmanlands län	Svensk Dagfjärilsövervakning, LU	334.0	Burnt areas	Sparse/no vegetation	0
863	Brandområdet Ö1	P	45	6635135.1936467	569968.926607176	Västmanlands län	Svensk Dagfjärilsövervakning, LU	334.0	Burnt areas	Sparse/no vegetation	0
937	Bergtorpsvägen punkt 3	P	186	6635012.96439617	567154.205211339	Västmanlands län	Svensk Dagfjärilsövervakning, LU	334.0	Burnt areas	Sparse/no vegetation	0
866	Brandområdet Ö3	P	87	6634921.56420243	568597.911152947	Västmanlands län	Svensk Dagfjärilsövervakning, LU	334.0	Burnt areas	Sparse/no vegetation	0
935	Bergtorpsvägen punkt 1	P	127	6634581.72192639	565809.835356724	Västmanlands län	Svensk Dagfjärilsövervakning, LU	334.0	Burnt areas	Sparse/no vegetation	0
520	Lefelingskorset	P	535	6634516.46049136	554531.902860325	Västmanlands län	Svensk Dagfjärilsövervakning, LU	312.0	Coniferous forest	Forest	0
519	Avlångskullen	P	127	6634080.57008808	554037.355385885	Västmanlands län	Svensk Dagfjärilsövervakning, LU	312.0	Coniferous forest	Forest	0
941	Öjesjöbrännan punkt 1	P	97	6634048.19250996	569615.256947354	Västmanlands län	Svensk Dagfjärilsövervakning, LU	334.0	Burnt areas	Sparse/no vegetation	0
246	L:a Avlången	P	466	6633986.72797534	553801.567694743	Västmanlands län	Svensk Dagfjärilsövervakning, LU	312.0	Coniferous forest	Forest	0
247	St Avlången N	P	230	6633901.98474833	553820.593522047	Västmanlands län	Svensk Dagfjärilsövervakning, LU	312.0	Coniferous forest	Forest	0
936	Bergtorpsvägen punkt 2	P	207	6633742.54908087	566679.803137802	Västmanlands län	Svensk Dagfjärilsövervakning, LU	324.0	Transitional woodland-shrub	Unmanaged grass/shrubland	0
248	St Avlången S	P	82	6633435.50886724	553852.261848152	Västmanlands län	Svensk Dagfjärilsövervakning, LU	412.0	Peat bogs	Other	0
4078	Kroken, Uppsala	T	66	6633435.03962824	661361.719945776	Uppsala län	Svensk Dagfjärilsövervakning, LU	313.0	Mixed forest	Forest	0
983	Frimansvägen 3	P	25	6632549.84521515	646543.253448226	Uppsala län	Svensk Dagfjärilsövervakning, LU	112.0	Discontinuous urban fabric	Urban	0
4250	Brf Lönnen, innergård, Norrtälje	P	10	6630571.77202321	708383.426401528	Stockholms län	Svensk Dagfjärilsövervakning, LU	112.0	Discontinuous urban fabric	Urban	0
3239	Skällarholmen	T	38	6629603.86984263	723008.485512894	Stockholms län	Svensk Dagfjärilsövervakning, LU	243.0	Land principally occupied by agriculture with significant areas of natural vegetation	Cropland	0
2860	Stora Nyckelbäcken 1:11	P	99	6628160.04041665	519490.326816203	Örebro län	Svensk Dagfjärilsövervakning, LU	211.0	Non-irrigated arable land	Cropland	0
3645	Riddersholm	T	262	6626725.25181401	727699.011662898	Stockholms län	Svensk Dagfjärilsövervakning, LU	311.0	Broad-leaved forest	Forest	0
4062	Knivsta	P	172	6626204.08970532	656409.599663083	Uppsala län	Svensk Dagfjärilsövervakning, LU	312.0	Coniferous forest	Forest	0
3166	Simons backe och Rävbacken	T	65	6626011.05935188	641276.849603222	Uppsala län	Svensk Dagfjärilsövervakning, LU	211.0	Non-irrigated arable land	Cropland	0
3790	Hålsbo	P	68	6624320.53353808	553878.14917441	Västmanlands län	Svensk Dagfjärilsövervakning, LU	313.0	Mixed forest	Forest	0
4256	Bodaberg	T	50	6624242.74126026	586292.042239516	Västmanlands län	Svensk Dagfjärilsövervakning, LU	312.0	Coniferous forest	Forest	0
3792	Kabelgläntan	P	183	6623705.82006171	550679.581270845	Västmanlands län	Svensk Dagfjärilsövervakning, LU	312.0	Coniferous forest	Forest	0
3791	Abborrtjärnen	T	92	6622015.96678941	552870.472659631	Västmanlands län	Svensk Dagfjärilsövervakning, LU	312.0	Coniferous forest	Forest	0
500	Östra Speke	P	4	6621255.72188582	363532.162475499	Värmlands län	Svensk Dagfjärilsövervakning, LU	312.0	Coniferous forest	Forest	0
3632	Lilla Bärby betesmark	T	34	6621007.7468907	633519.278120552	Uppsala län	Länsstyrelsen i Västmanlands län	211.0	Non-irrigated arable land	Cropland	0
4278	Ottebol	T	9	6620047.14003388	356939.245205636	Värmlands län	Svensk Dagfjärilsövervakning, LU	312.0	Coniferous forest	Forest	0
849	Sundängarna västra	T	5	6619659.03827624	423762.936489041	Värmlands län	Biogeografisk uppföljning av fjärilar, LU	243.0	Land principally occupied by agriculture with significant areas of natural vegetation	Cropland	0
851	Hällekilssättern, vallen	T	1	6617201.11625144	420554.24611005	Värmlands län	Biogeografisk uppföljning av fjärilar, LU	312.0	Coniferous forest	Forest	0
3959	Nyhagen	P	23	6617101.98603045	672966.389195808	Stockholms län	Svensk Dagfjärilsövervakning, LU	312.0	Coniferous forest	Forest	0
2772	Kallmora	T	88	6617058.26683419	575072.384893287	Västmanlands län	Länsstyrelsen i Västmanlands län	312.0	Coniferous forest	Forest	0
850	Torsked p-platsen	T	3	6616926.17807363	422605.676307362	Värmlands län	Biogeografisk uppföljning av fjärilar, LU	243.0	Land principally occupied by agriculture with significant areas of natural vegetation	Cropland	0
2870	Hjälstaviken	T	146	6616492.43379226	633745.11503796	Uppsala län	Svensk Dagfjärilsövervakning, LU	411.0	Inland marshes	Other	0
1088	Nyhammar, Kolsva	P	4	6615989.56395913	542402.911055833	Västmanlands län	Svensk Dagfjärilsövervakning, LU	211.0	Non-irrigated arable land	Cropland	0
855	Fördarvern	T	839	6614765.22631985	418334.849298156	Värmlands län	Biogeografisk uppföljning av fjärilar, LU	312.0	Coniferous forest	Forest	0
4199	Torvbråten	T	53	6614392.65038069	418191.44211446	Värmlands län	Biogeografisk uppföljning av fjärilar, LU	312.0	Coniferous forest	Forest	0
1002	Jonstorp, Brunskog	T	102	6613942.63081674	380410.656717751	Värmlands län	Svensk Dagfjärilsövervakning, LU	313.0	Mixed forest	Forest	0
404	Svartlöga - Heden	T	986	6611221.69368007	729578.309874724	Stockholms län	Svensk Dagfjärilsövervakning, LU	313.0	Mixed forest	Forest	0
533	Lassas hagar, Svartlöga	P	183	6610637.64780929	728993.464935574	Stockholms län	Svensk Dagfjärilsövervakning, LU	311.0	Broad-leaved forest	Forest	0
3192	Älvdalsvägen 91	P	1	6609335.63877292	412653.39553382	Värmlands län	Artportalen, SLU	112.0	Discontinuous urban fabric	Urban	0
3643	Sjöängskullarna Vada	T	58	6609001.70409797	681149.49446849	Stockholms län	Svensk Dagfjärilsövervakning, LU	231.0	Pastures	Pasture/Rangeland	0
858	Rönningen kraftledningsgata	T	48	6608505.64640022	386035.987463598	Värmlands län	Biogeografisk uppföljning av fjärilar, LU	312.0	Coniferous forest	Forest	0
573	Hersby	T	126	6608461.32838227	688439.954159846	Stockholms län	Svensk Dagfjärilsövervakning, LU	312.0	Coniferous forest	Forest	0
608	Västra Ringstad, slinga 3	T	969	6608458.89536955	394532.476643001	Värmlands län	Svensk Dagfjärilsövervakning, LU	211.0	Non-irrigated arable land	Cropland	0
864	Rönningen	T	48	6608359.12709954	386316.631587767	Värmlands län	Biogeografisk uppföljning av fjärilar, LU	312.0	Coniferous forest	Forest	0
4303	Lindholmen - Angarnsjöängen	T	140	6608121.42685676	678068.669131669	Stockholms län	Svensk Dagfjärilsövervakning, LU	312.0	Coniferous forest	Forest	0
3770	Hamre koloniområde	P	39	6607119.30990506	590253.089248496	Västmanlands län	Svensk Dagfjärilsövervakning, LU	112.0	Discontinuous urban fabric	Urban	0
284	Löts-Eneby 7	P	182	6607115.16383415	629855.842550109	Uppsala län	Svensk Dagfjärilsövervakning, LU	312.0	Coniferous forest	Forest	0
797	Skesta hage-Kusta	T	106	6606340.59486848	678965.152109571	Stockholms län	Svensk Dagfjärilsövervakning, LU	211.0	Non-irrigated arable land	Cropland	0
570	Tärnholm	T	126	6606333.95520393	688465.784322554	Stockholms län	Svensk Dagfjärilsövervakning, LU	313.0	Mixed forest	Forest	0
3641	Bromesbyvägen	T	200	6605788.88745771	686641.672831981	Stockholms län	Svensk Dagfjärilsövervakning, LU	312.0	Coniferous forest	Forest	0
4305	Angarnsjöängen	T	56	6605287.99220813	678490.007422454	Stockholms län	Svensk Dagfjärilsövervakning, LU	412.0	Peat bogs	Other	0
2717	Vallmovägen 25, Vallentuna	P	236	6604819.21841324	673807.451947038	Stockholms län	Svensk Dagfjärilsövervakning, LU	112.0	Discontinuous urban fabric	Urban	0
1091	Malmviken	P	26	6604193.30208425	542986.001539045	Västmanlands län	Svensk Dagfjärilsövervakning, LU	312.0	Coniferous forest	Forest	0
1093	Orsta	T	18	6603157.95693867	544414.127714101	Västmanlands län	Svensk Dagfjärilsövervakning, LU	313.0	Mixed forest	Forest	0
4265	Gråbol	T	146	6602309.22381291	317248.269201971	Värmlands län	Svensk Dagfjärilsövervakning, LU	512.0	Water bodies	Other	0
1101	Löved	T	90	6599611.15011327	411918.820528219	Värmlands län	Svensk Dagfjärilsövervakning, LU	312.0	Coniferous forest	Forest	0
2655	Täby begravningsplats	T	8	6599005.12161484	672732.194294393	Stockholms län	Svensk Dagfjärilsövervakning, LU	211.0	Non-irrigated arable land	Cropland	0
305	Sällinge	T	2	6598510.50183946	528268.646617594	Örebro län	Svensk Dagfjärilsövervakning, LU	211.0	Non-irrigated arable land	Cropland	0
405	Tellusvägen 7, Åkersberga	P	712	6597463.5998569	687092.650559639	Stockholms län	Svensk Dagfjärilsövervakning, LU	112.0	Discontinuous urban fabric	Urban	0
3666	Hagby ekopark	T	10	6597457.25481435	670249.386325348	Stockholms län	Svensk Dagfjärilsövervakning, LU	243.0	Land principally occupied by agriculture with significant areas of natural vegetation	Cropland	0
3667	Ullnabacken	P	2	6596775.06200871	677560.469428784	Stockholms län	Svensk Dagfjärilsövervakning, LU	313.0	Mixed forest	Forest	0
2835	Hornsåsens gravfält	T	219	6596324.14025087	572532.824854453	Västmanlands län	Biogeografisk uppföljning av fjärilar, LU	243.0	Land principally occupied by agriculture with significant areas of natural vegetation	Cropland	0
2863	Skansberget, Täby	T	38	6595833.6604122	676031.134021257	Stockholms län	Svensk Dagfjärilsövervakning, LU	312.0	Coniferous forest	Forest	0
1089	Norsa	P	2	6595744.05375904	559403.590649848	Västmanlands län	Svensk Dagfjärilsövervakning, LU	211.0	Non-irrigated arable land	Cropland	0
4302	Rönningesjön	T	160	6595450.23821533	675908.804645078	Stockholms län	Svensk Dagfjärilsövervakning, LU	512.0	Water bodies	Other	0
2818	Säbyviken	T	57	6595406.41329193	614418.348299414	Södermanlands län	Biogeografisk uppföljning av fjärilar, LU	211.0	Non-irrigated arable land	Cropland	0
3900	Rönninge by, Täby	T	64	6595271.24470506	676813.830644705	Stockholms län	Svensk Dagfjärilsövervakning, LU	211.0	Non-irrigated arable land	Cropland	0
2894	Strömsberg	T	703	6595049.58335269	419942.550172162	Värmlands län	Svensk Dagfjärilsövervakning, LU	242.0	Complex cultivation patterns	Cropland	0
3263	Ensta, Täby kommun	P	58	6594463.21678031	674080.072618401	Stockholms län	Svensk Dagfjärilsövervakning, LU	112.0	Discontinuous urban fabric	Urban	0
4304	Hägernäsviken, Täby	T	204	6594369.6053485	677738.619456571	Stockholms län	Svensk Dagfjärilsövervakning, LU	523.0	Sea and ocean	Other	0
970	Bolinderstrands strandpromenad	P	55	6594025.99879104	658390.069466298	Stockholms län	Svensk Dagfjärilsövervakning, LU	121.0	Industrial or commercial units	Urban	0
2775	Billingen, Kolbäck	T	36	6594018.72597844	568982.775551624	Västmanlands län	Länsstyrelsen i Västmanlands län	231.0	Pastures	Pasture/Rangeland	0
631	Ravalen	P	125	6593623.45683835	665430.708368064	Stockholms län	Svensk Dagfjärilsövervakning, LU	312.0	Coniferous forest	Forest	0
3630	Hemdalsvägen/Hedvägen	P	49	6593019.43076634	521765.397657123	Örebro län	Svensk Dagfjärilsövervakning, LU	324.0	Transitional woodland-shrub	Unmanaged grass/shrubland	0
3956	Skomakaregatan, Frövi	P	64	6592863.31097506	521091.515956009	Örebro län	Artportalen, SLU	112.0	Discontinuous urban fabric	Urban	0
4267	Skälby	T	21	6592684.18045502	667043.822097581	Stockholms län	Svensk Dagfjärilsövervakning, LU	112.0	Discontinuous urban fabric	Urban	0
682	Knista Hammar	P	46	6592591.12679658	665636.191999798	Stockholms län	Svensk Dagfjärilsövervakning, LU	211.0	Non-irrigated arable land	Cropland	0
3654	Lillsved, Värmdö	P	10	6591214.63340196	698399.839474378	Stockholms län	Svensk Dagfjärilsövervakning, LU	523.0	Sea and ocean	Other	0
788	Bäcketorp 2:3	P	65	6591117.11299991	485563.279047643	Örebro län	Svensk Dagfjärilsövervakning, LU	312.0	Coniferous forest	Forest	0
285	Skräddartorp	P	215	6590883.37055388	582902.994134298	Södermanlands län	Svensk Dagfjärilsövervakning, LU	112.0	Discontinuous urban fabric	Urban	0
2872	Kullön, Vaxholm	T	34	6590721.11361322	687712.336288605	Stockholms län	Svensk Dagfjärilsövervakning, LU	312.0	Coniferous forest	Forest	0
391	Broknäs slinga 2, Bogesund	T	4910	6590486.02132816	685227.556755474	Stockholms län	Svensk Dagfjärilsövervakning, LU	312.0	Coniferous forest	Forest	0
489	Ramshytte ängar	T	6	6590366.23032105	502210.308166884	Örebro län	Svensk Dagfjärilsövervakning, LU	243.0	Land principally occupied by agriculture with significant areas of natural vegetation	Cropland	0
3614	Ramshytte ängar 2	T	41	6590311.03373236	502274.954393981	Örebro län	Svensk Dagfjärilsövervakning, LU	243.0	Land principally occupied by agriculture with significant areas of natural vegetation	Cropland	0
761	Helgaröåsen	T	0	6589838.95518779	601488.922012724	Södermanlands län	Biogeografisk uppföljning av fjärilar, LU	312.0	Coniferous forest	Forest	0
376	Fisklösens sydända	P	44	6589748.8232601	480135.917299696	Örebro län	Svensk Dagfjärilsövervakning, LU	312.0	Coniferous forest	Forest	0
252	Älvhöjden	P	99	6589610.06092029	489389.127749837	Örebro län	Svensk Dagfjärilsövervakning, LU	243.0	Land principally occupied by agriculture with significant areas of natural vegetation	Cropland	0
3642	Vaxholm	T	128	6589469.64673009	689473.251342351	Stockholms län	Svensk Dagfjärilsövervakning, LU	523.0	Sea and ocean	Other	0
921	Höjeängen	T	20	6589223.68632535	417344.382356337	Värmlands län	Biogeografisk uppföljning av fjärilar, LU	312.0	Coniferous forest	Forest	0
157	Edsgatan	T	125	6588398.49388491	418040.075055459	Värmlands län	Svensk Dagfjärilsövervakning, LU	243.0	Land principally occupied by agriculture with significant areas of natural vegetation	Cropland	0
920	Fallängens skjutbana	T	502	6587886.88950393	415249.538772394	Värmlands län	Biogeografisk uppföljning av fjärilar, LU	142.0	Sport and leisure facilities	Urban	0
3832	Sofiebergsåsens naturreservat	T	0	6586181.04048228	594243.056885316	Södermanlands län	Biogeografisk uppföljning av fjärilar, LU	312.0	Coniferous forest	Forest	0
4244	Tyktorpsvägen	T	128	6585871.46539793	677285.722439126	Stockholms län	Svensk Dagfjärilsövervakning, LU	312.0	Coniferous forest	Forest	0
152	Uddgränd 12, Hässelby Villastad	P	467	6585648.54702897	660951.172684202	Stockholms län	Svensk Dagfjärilsövervakning, LU	112.0	Discontinuous urban fabric	Urban	0
2741	Lilla Utåker	T	205	6585465.58410146	626870.089995313	Södermanlands län	Svensk Dagfjärilsövervakning, LU	312.0	Coniferous forest	Forest	0
934	Skinnerud	T	33	6585335.11365984	446110.017405188	Värmlands län	Biogeografisk uppföljning av fjärilar, LU	211.0	Non-irrigated arable land	Cropland	0
977	Råstasjön Solna	T	136	6585291.59337407	669861.961817143	Stockholms län	Svensk Dagfjärilsövervakning, LU	141.0	Green urban areas	Urban	0
975	Lötsjön Sundbyberg	T	46	6585193.83025147	668642.35157077	Stockholms län	Svensk Dagfjärilsövervakning, LU	141.0	Green urban areas	Urban	0
762	Sandåsa	T	26	6584930.32772075	624446.102182899	Södermanlands län	Biogeografisk uppföljning av fjärilar, LU	311.0	Broad-leaved forest	Forest	0
3901	Solna	T	8	6583691.78219292	669690.376161462	Stockholms län	Svensk Dagfjärilsövervakning, LU	112.0	Discontinuous urban fabric	Urban	0
517	Lambergsslingan	T	21	6582928.07430942	416647.017231527	Värmlands län	Svensk Dagfjärilsövervakning, LU	112.0	Discontinuous urban fabric	Urban	0
3165	Huvudsta, Solna	T	12	6582893.30804904	670217.962290076	Stockholms län	Svensk Dagfjärilsövervakning, LU	112.0	Discontinuous urban fabric	Urban	0
4251	Ekedalsspåret	T	32	6581920.7806532	691787.405181701	Stockholms län	Svensk Dagfjärilsövervakning, LU	312.0	Coniferous forest	Forest	0
505	Hammaröleden	T	4	6581243.65323846	414651.33390406	Värmlands län	Svensk Dagfjärilsövervakning, LU	411.0	Inland marshes	Other	0
260	Kristinebergs klipporna	P	734	6581155.17188529	670512.970035259	Stockholms län	Svensk Dagfjärilsövervakning, LU	112.0	Discontinuous urban fabric	Urban	0
2869	Djurgårdsbrunnskanalen	T	10	6581074.68386521	677983.731821614	Stockholms län	Svensk Dagfjärilsövervakning, LU	141.0	Green urban areas	Urban	0
965	Stormossen	P	756	6580897.76259984	517578.719352727	Örebro län	Svensk Dagfjärilsövervakning, LU	312.0	Coniferous forest	Forest	0
2747	Djurö Runö	T	158	6579398.64433883	711395.37768264	Stockholms län	Svensk Dagfjärilsövervakning, LU	312.0	Coniferous forest	Forest	0
3655	Ektorp, Nacka	P	34	6579327.95031155	682276.221200779	Stockholms län	Svensk Dagfjärilsövervakning, LU	112.0	Discontinuous urban fabric	Urban	0
155	Hammars Hammar 32	P	57	6579325.15646757	415859.031144139	Värmlands län	Svensk Dagfjärilsövervakning, LU	411.0	Inland marshes	Other	0
3653	Finnberget, Nacka	P	14	6579182.94894573	678228.607205214	Stockholms län	Svensk Dagfjärilsövervakning, LU	141.0	Green urban areas	Urban	0
502	Tryffelvägen 22	P	193	6579068.73678807	684979.950351818	Stockholms län	Svensk Dagfjärilsövervakning, LU	112.0	Discontinuous urban fabric	Urban	0
156	Hammars Hammar- slinga	T	87	6579058.99109207	415670.341261219	Värmlands län	Svensk Dagfjärilsövervakning, LU	211.0	Non-irrigated arable land	Cropland	0
568	Tantolundarna	T	390	6578840.16282977	673122.579557616	Stockholms län	Svensk Dagfjärilsövervakning, LU	141.0	Green urban areas	Urban	0
590	Menhammarsviken	P	5	6578558.68801828	651610.768279778	Stockholms län	Svensk Dagfjärilsövervakning, LU	142.0	Sport and leisure facilities	Urban	0
531	Uvberget i Vilstaskogen	P	4	6578338.01620035	584663.536387312	Södermanlands län	Svensk Dagfjärilsövervakning, LU	312.0	Coniferous forest	Forest	0
3559	Sickla	T	15	6577760.78736614	677370.966597948	Stockholms län	Svensk Dagfjärilsövervakning, LU	141.0	Green urban areas	Urban	0
3720	Runmarö	T	678	6576069.8592183	714270.351314686	Stockholms län	Biogeografisk uppföljning av fjärilar, LU	312.0	Coniferous forest	Forest	0
4297	Dalens Koloniförening	P	12	6576016.7778142	676769.180664233	Stockholms län	Svensk Dagfjärilsövervakning, LU	112.0	Discontinuous urban fabric	Urban	0
3739	Tegen	T	237	6575503.46781347	339874.013091482	Värmlands län	Biogeografisk uppföljning av fjärilar, LU	312.0	Coniferous forest	Forest	0
3805	Lövbråten	P	30	6575493.13150274	485246.710070824	Örebro län	Svensk Dagfjärilsövervakning, LU	312.0	Coniferous forest	Forest	0
683	Sätraskogen	P	10	6575492.93260659	665294.426684263	Stockholms län	Svensk Dagfjärilsövervakning, LU	313.0	Mixed forest	Forest	0
4055	Hallmyra gård	T	32	6574960.78001481	618769.106549934	Södermanlands län	Svensk Dagfjärilsövervakning, LU	211.0	Non-irrigated arable land	Cropland	0
3274	Västerängsvägen 2, Älvsjö	P	122	6574605.69560689	670218.333356568	Stockholms län	Svensk Dagfjärilsövervakning, LU	112.0	Discontinuous urban fabric	Urban	0
3834	Göransudde	P	122	6573898.32940129	441602.464979937	Värmlands län	Svensk Dagfjärilsövervakning, LU	512.0	Water bodies	Other	0
3781	Korpberget och Vårbergstoppen	T	970	6573681.48120204	663909.596133313	Stockholms län	Svensk Dagfjärilsövervakning, LU	141.0	Green urban areas	Urban	0
3299	Långviksträsk	P	11	6571774.98859969	698790.295482239	Stockholms län	Svensk Dagfjärilsövervakning, LU	312.0	Coniferous forest	Forest	0
304	Källbrinks IP – Källviks gård	T	3786	6571087.62023851	668015.287276811	Stockholms län	Svensk Dagfjärilsövervakning, LU	312.0	Coniferous forest	Forest	0
3294	Gruvvägen 6, Ingarö	T	177	6570939.66220656	698671.42181175	Stockholms län	Svensk Dagfjärilsövervakning, LU	112.0	Discontinuous urban fabric	Urban	0
216	Fjärilslunden	P	38	6570380.05269313	513176.562982159	Örebro län	Svensk Dagfjärilsövervakning, LU	112.0	Discontinuous urban fabric	Urban	0
2866	Åkerskolan, Åkers styckebruk	T	12	6570336.4618723	620309.731095109	Södermanlands län	Svensk Dagfjärilsövervakning, LU	112.0	Discontinuous urban fabric	Urban	0
3637	Hörningsnäs, Huddinge	P	1	6570129.93464544	671333.321911334	Stockholms län	Artportalen, SLU	112.0	Discontinuous urban fabric	Urban	0
3806	Lilla Charlottenlund	P	50	6569272.39732467	508297.657392481	Örebro län	Svensk Dagfjärilsövervakning, LU	243.0	Land principally occupied by agriculture with significant areas of natural vegetation	Cropland	0
3298	Norra Nämdö	P	232	6569106.55559808	712607.840723805	Stockholms län	Svensk Dagfjärilsövervakning, LU	312.0	Coniferous forest	Forest	0
3974	Södra skogen, Örebro	P	45	6568328.79112562	506732.622956921	Örebro län	Svensk Dagfjärilsövervakning, LU	313.0	Mixed forest	Forest	0
3604	Ågestaslingan	T	3	6568310.52810267	675076.726100959	Stockholms län	Svensk Dagfjärilsövervakning, LU	231.0	Pastures	Pasture/Rangeland	0
2946	Dymmelkärrsvägen	P	68	6567932.78112533	666744.678238481	Stockholms län	Svensk Dagfjärilsövervakning, LU	112.0	Discontinuous urban fabric	Urban	0
177	Lina Hage	T	124	6567719.59615772	647384.770503834	Stockholms län	Svensk Dagfjärilsövervakning, LU	313.0	Mixed forest	Forest	0
802	Markaskogen	P	148	6567392.62784218	515370.958396542	Örebro län	Svensk Dagfjärilsövervakning, LU	312.0	Coniferous forest	Forest	0
801	Granvägen, Brickebacken	P	78	6567113.70730471	514129.757343004	Örebro län	Svensk Dagfjärilsövervakning, LU	112.0	Discontinuous urban fabric	Urban	0
4075	Mörtö 161, Nämdö	P	29	6562802.50064629	706670.830012361	Stockholms län	Svensk Dagfjärilsövervakning, LU	312.0	Coniferous forest	Forest	0
142	Tillflykten	P	304	6561737.65228179	658790.000832924	Stockholms län	Svensk Dagfjärilsövervakning, LU	312.0	Coniferous forest	Forest	0
746	Solmora	P	576	6561245.81675714	609088.259788133	Södermanlands län	Svensk Dagfjärilsövervakning, LU	324.0	Transitional woodland-shrub	Unmanaged grass/shrubland	0
795	Sandemar	T	171	6560223.05357451	693456.775315268	Stockholms län	Svensk Dagfjärilsövervakning, LU	312.0	Coniferous forest	Forest	0
373	Svartsjö-Sörstugan	T	9032	6560029.23311303	581304.949213545	Södermanlands län	Svensk Dagfjärilsövervakning, LU	312.0	Coniferous forest	Forest	0
1032	Kråkviken 9784	T	35	6558780.88993522	340981.86423947	Västra Götalands län	Länsstyrelsen i Västra Götalands län	243.0	Land principally occupied by agriculture with significant areas of natural vegetation	Cropland	0
1031	Kråkviken 358	T	66	6558770.14930973	340672.161086224	Västra Götalands län	Länsstyrelsen i Västra Götalands län	243.0	Land principally occupied by agriculture with significant areas of natural vegetation	Cropland	0
3748	Yttre Hedane	T	87	6557621.63614172	361083.283096694	Värmlands län	Biogeografisk uppföljning av fjärilar, LU	312.0	Coniferous forest	Forest	0
504	Ekebo	P	515	6557375.93519705	563597.925826302	Södermanlands län	Svensk Dagfjärilsövervakning, LU	211.0	Non-irrigated arable land	Cropland	0
732	Sandåsen	P	805	6556130.08318579	608100.329178552	Södermanlands län	Svensk Dagfjärilsövervakning, LU	312.0	Coniferous forest	Forest	0
244	Fågelåsen	P	1079	6555595.73088403	466640.591549748	Örebro län	Svensk Dagfjärilsövervakning, LU	211.0	Non-irrigated arable land	Cropland	0
4254	Björnhovda	P	179	6555385.67630354	530179.202821398	Örebro län	Svensk Dagfjärilsövervakning, LU	211.0	Non-irrigated arable land	Cropland	0
733	Västertorp	T	3126	6554992.8213496	602925.311617068	Södermanlands län	Svensk Dagfjärilsövervakning, LU	313.0	Mixed forest	Forest	0
3807	Rosendalen 2	T	2004	6554592.60292838	378899.891364145	Värmlands län	Svensk Dagfjärilsövervakning, LU	211.0	Non-irrigated arable land	Cropland	0
747	Lillsjön norra, Malmköping	P	110	6553473.28886067	603264.588957906	Södermanlands län	Svensk Dagfjärilsövervakning, LU	242.0	Complex cultivation patterns	Cropland	0
2810	Sommerstakullarna	T	40	6552650.72709001	452639.848474521	Värmlands län	Biogeografisk uppföljning av fjärilar, LU	211.0	Non-irrigated arable land	Cropland	0
2928	Hällabrottet SO 2	T	242	6552059.46289113	512937.162219016	Örebro län	Svensk Dagfjärilsövervakning, LU	112.0	Discontinuous urban fabric	Urban	0
2927	Hällabrottet SO 1	T	565	6552058.54343609	512364.370825296	Örebro län	Svensk Dagfjärilsövervakning, LU	243.0	Land principally occupied by agriculture with significant areas of natural vegetation	Cropland	0
4283	Skärjedalen	T	16	6551263.49076882	279657.97478074	Västra Götalands län	Svensk Dagfjärilsövervakning, LU	312.0	Coniferous forest	Forest	0
1018	Bräcke ängar	T	27	6547861.26861146	355670.08559268	Västra Götalands län	Länsstyrelsen i Västra Götalands län	313.0	Mixed forest	Forest	0
2886	Lillvadet	P	79	6547801.71339345	442040.868385285	Värmlands län	Svensk Dagfjärilsövervakning, LU	313.0	Mixed forest	Forest	0
1017	Bräcke ängar slåtteräng	T	95	6547744.90674769	355883.380109767	Västra Götalands län	Länsstyrelsen i Västra Götalands län	313.0	Mixed forest	Forest	0
539	Soldatvägen 11-12	P	1511	6546602.20171411	504478.028955731	Örebro län	Svensk Dagfjärilsövervakning, LU	211.0	Non-irrigated arable land	Cropland	0
179	Källtorp	P	596	6546471.74955033	513215.552584042	Örebro län	Svensk Dagfjärilsövervakning, LU	313.0	Mixed forest	Forest	0
2811	Rudskoga	T	36	6545758.21582744	456999.316571703	Värmlands län	Biogeografisk uppföljning av fjärilar, LU	211.0	Non-irrigated arable land	Cropland	0
3712	Muskö	T	219	6542520.04949409	680078.608966036	Stockholms län	Biogeografisk uppföljning av fjärilar, LU	231.0	Pastures	Pasture/Rangeland	0
695	Sjöholms skola	P	2	6540525.37902945	565802.790588557	Södermanlands län	Svensk Dagfjärilsövervakning, LU	312.0	Coniferous forest	Forest	0
2808	Sörön	T	597	6540210.175868	443385.957841662	Västra Götalands län	Biogeografisk uppföljning av fjärilar, LU	231.0	Pastures	Pasture/Rangeland	0
3574	Andravägen 35, Ösmo	P	369	6540106.01000915	662890.571377847	Södermanlands län	Svensk Dagfjärilsövervakning, LU	313.0	Mixed forest	Forest	0
700	Oppeby 3:39	P	674	6539851.52112649	631022.773638121	Södermanlands län	Svensk Dagfjärilsövervakning, LU	112.0	Discontinuous urban fabric	Urban	0
1005	Baldersnäs 1677	T	15	6538943.04105447	343089.479359935	Västra Götalands län	Länsstyrelsen i Västra Götalands län	211.0	Non-irrigated arable land	Cropland	0
2812	Älvstorp	T	80	6538058.07572946	446865.462310793	Västra Götalands län	Biogeografisk uppföljning av fjärilar, LU	211.0	Non-irrigated arable land	Cropland	0
3302	Lånestaheden	T	370	6537375.22230306	643223.166484884	Södermanlands län	Svensk Dagfjärilsövervakning, LU	311.0	Broad-leaved forest	Forest	0
129	Ragnerud	T	1252	6536958.53003112	350911.264899407	Västra Götalands län	Svensk Dagfjärilsövervakning, LU	312.0	Coniferous forest	Forest	0
3734	Stora Vika A	T	105	6536059.98103954	661171.686993325	Södermanlands län	Biogeografisk uppföljning av fjärilar, LU	312.0	Coniferous forest	Forest	0
4266	Tisenö	P	36	6534610.56206611	553157.835215273	Östergötlands län	Svensk Dagfjärilsövervakning, LU	313.0	Mixed forest	Forest	0
353	Björkbacken	P	397	6534410.51135089	618572.118030818	Södermanlands län	Svensk Dagfjärilsövervakning, LU	312.0	Coniferous forest	Forest	0
3605	Mellanvik, Sättersta	P	9	6534138.83562967	630202.858822856	Södermanlands län	Artportalen, SLU	312.0	Coniferous forest	Forest	0
617	Grönsta	P	5	6533358.1852364	663636.842479191	Södermanlands län	Svensk Dagfjärilsövervakning, LU	313.0	Mixed forest	Forest	0
186	Brostugan Ludgo	T	679	6533193.84134783	623303.74010812	Södermanlands län	Svensk Dagfjärilsövervakning, LU	211.0	Non-irrigated arable land	Cropland	0
3172	Ramnefjällsvägen 33	P	10	6532214.57429213	272158.746308699	Västra Götalands län	Svensk Dagfjärilsövervakning, LU	142.0	Sport and leisure facilities	Urban	0
3746	Vårdkasberget	T	65	6530032.18746733	642602.841505388	Södermanlands län	Biogeografisk uppföljning av fjärilar, LU	243.0	Land principally occupied by agriculture with significant areas of natural vegetation	Cropland	0
2935	Trosaskogen	T	30	6529766.61917719	643380.889875349	Södermanlands län	Svensk Dagfjärilsövervakning, LU	312.0	Coniferous forest	Forest	0
130	Tollesbyn	P	30	6529672.39353513	362186.288598033	Västra Götalands län	Svensk Dagfjärilsövervakning, LU	211.0	Non-irrigated arable land	Cropland	0
116	Ekbacka	P	166	6529285.97045463	540615.876808307	Östergötlands län	Svensk Dagfjärilsövervakning, LU	243.0	Land principally occupied by agriculture with significant areas of natural vegetation	Cropland	0
3135	Trollemyr, Naverstads-Amunderöd	P	153	6528457.41706438	298885.945598019	Västra Götalands län	Svensk Dagfjärilsövervakning, LU	312.0	Coniferous forest	Forest	0
3147	Lersik Gård 1	P	6	6528403.03676019	303741.754862049	Västra Götalands län	Svensk Dagfjärilsövervakning, LU	211.0	Non-irrigated arable land	Cropland	0
360	Kasen, Känsbyn	P	2470	6527237.31622656	354695.562058574	Västra Götalands län	Svensk Dagfjärilsövervakning, LU	312.0	Coniferous forest	Forest	0
3688	Grönsö	T	358	6526352.54382678	642738.166143885	Södermanlands län	Biogeografisk uppföljning av fjärilar, LU	243.0	Land principally occupied by agriculture with significant areas of natural vegetation	Cropland	0
4056	Bränntorp, Rejmyre	T	4	6526043.21502842	560882.840742747	Östergötlands län	Svensk Dagfjärilsövervakning, LU	112.0	Discontinuous urban fabric	Urban	0
3752	Östra Grönsö	T	141	6525878.24827165	643203.790182562	Södermanlands län	Biogeografisk uppföljning av fjärilar, LU	312.0	Coniferous forest	Forest	0
696	Dohnaforsån	P	51	6524909.33470051	493311.73102245	Örebro län	Svensk Dagfjärilsövervakning, LU	211.0	Non-irrigated arable land	Cropland	0
4086	Källstugan Hagbyberga	P	3	6524455.14865743	589058.247204215	Södermanlands län	Svensk Dagfjärilsövervakning, LU	211.0	Non-irrigated arable land	Cropland	0
131	Dammen, Närke	P	378	6523880.69512132	485509.028421344	Örebro län	Svensk Dagfjärilsövervakning, LU	312.0	Coniferous forest	Forest	0
481	Verkarö	P	459	6523675.03685135	665145.302505621	Stockholms län	Svensk Dagfjärilsövervakning, LU	313.0	Mixed forest	Forest	0
3756	Yttervik, Trosa	T	307	6523537.94242773	642061.214125187	Södermanlands län	Biogeografisk uppföljning av fjärilar, LU	312.0	Coniferous forest	Forest	0
137	Sandviken	P	83	6522613.98711985	654003.06579746	Södermanlands län	Svensk Dagfjärilsövervakning, LU	312.0	Coniferous forest	Forest	0
133	Askö kraftledningsgata	T	17	6522503.95343939	653334.514673408	Södermanlands län	Svensk Dagfjärilsövervakning, LU	312.0	Coniferous forest	Forest	0
135	Askö 1-7	P	592	6522136.95011705	654324.753374095	Södermanlands län	Svensk Dagfjärilsövervakning, LU	312.0	Coniferous forest	Forest	0
136	Askötorp	P	29	6521637.88348782	654726.691474223	Södermanlands län	Svensk Dagfjärilsövervakning, LU	312.0	Coniferous forest	Forest	0
2651	Torö-Örudden	P	38	6521556.75580147	662269.319296442	Stockholms län	Svensk Dagfjärilsövervakning, LU	312.0	Coniferous forest	Forest	0
3742	Tofsö	T	146	6521064.56329018	641740.073031081	Södermanlands län	Biogeografisk uppföljning av fjärilar, LU	523.0	Sea and ocean	Other	0
380	Brandgata södra Askö	T	31	6520957.5850258	655438.755838723	Södermanlands län	Svensk Dagfjärilsövervakning, LU	312.0	Coniferous forest	Forest	0
134	Askö skjutfält	T	117	6520812.30473907	655911.419663762	Södermanlands län	Svensk Dagfjärilsövervakning, LU	312.0	Coniferous forest	Forest	0
358	Silltäck	P	118	6520105.77278817	278850.720234328	Västra Götalands län	Svensk Dagfjärilsövervakning, LU	333.0	Sparsely vegetated areas	Sparse/no vegetation	0
343	Uddeberg	P	128	6519840.77855402	503572.08258043	Örebro län	Svensk Dagfjärilsövervakning, LU	211.0	Non-irrigated arable land	Cropland	0
491	Bosjö mossar	P	170	6518804.62111333	478701.767843422	Örebro län	Svensk Dagfjärilsövervakning, LU	324.0	Transitional woodland-shrub	Unmanaged grass/shrubland	0
895	Hålstorp	P	4	6517951.12089908	584431.793740049	Södermanlands län	Svensk Dagfjärilsövervakning, LU	242.0	Complex cultivation patterns	Cropland	0
222	Torstorpamon	T	1573	6516954.77021045	488371.38144457	Örebro län	Svensk Dagfjärilsövervakning, LU	312.0	Coniferous forest	Forest	0
2787	Björnås	P	175	6510739.81642724	284354.245681111	Västra Götalands län	Svensk Dagfjärilsövervakning, LU	311.0	Broad-leaved forest	Forest	0
3129	Olshammar Hindstorp	T	152	6510468.53207726	488316.481834727	Örebro län	Svensk Dagfjärilsövervakning, LU	312.0	Coniferous forest	Forest	0
3798	Häljebo	T	573	6507398.08736511	301896.015517982	Västra Götalands län	Svensk Dagfjärilsövervakning, LU	312.0	Coniferous forest	Forest	0
283	Rosenfors	P	222	6506490.60185968	430844.717589983	Västra Götalands län	Svensk Dagfjärilsövervakning, LU	112.0	Discontinuous urban fabric	Urban	0
2643	Hallen	P	284	6505110.15548629	420449.95841323	Västra Götalands län	Artportalen, SLU	211.0	Non-irrigated arable land	Cropland	0
604	Stenvik, Oxelösund	P	29	6504600.16202218	621229.53001761	Södermanlands län	Svensk Dagfjärilsövervakning, LU	112.0	Discontinuous urban fabric	Urban	0
2624	Högarud, Hästhagen	T	206	6504173.96029096	420731.094036839	Västra Götalands län	Artportalen, SLU	312.0	Coniferous forest	Forest	0
2645	Hjorthygget	P	19	6504162.46797706	419442.814721389	Västra Götalands län	Artportalen, SLU	324.0	Transitional woodland-shrub	Unmanaged grass/shrubland	0
1100	Ejdervägen 8, Kolmården	P	19	6503830.7550323	577688.507214621	Östergötlands län	Svensk Dagfjärilsövervakning, LU	112.0	Discontinuous urban fabric	Urban	0
3831	Årnäs Torsmadsvägen 10	P	5	6503702.20852685	417658.161395503	Västra Götalands län	Artportalen, SLU	211.0	Non-irrigated arable land	Cropland	0
605	Femöre naturreservat	T	12	6503269.63464588	621327.50811488	Södermanlands län	Svensk Dagfjärilsövervakning, LU	312.0	Coniferous forest	Forest	0
2644	Visslaren	P	233	6502189.86076263	418652.900400252	Västra Götalands län	Artportalen, SLU	324.0	Transitional woodland-shrub	Unmanaged grass/shrubland	0
1024	Grinstad	T	13	6502125.94899612	356807.932771845	Västra Götalands län	Länsstyrelsen i Västra Götalands län	211.0	Non-irrigated arable land	Cropland	0
754	Dordislund	T	357	6501181.10307717	389450.777009918	Västra Götalands län	Svensk Dagfjärilsövervakning, LU	313.0	Mixed forest	Forest	0
2797	Österhagen	P	1	6500487.68852608	597988.429960666	Östergötlands län	Svensk Dagfjärilsövervakning, LU	211.0	Non-irrigated arable land	Cropland	0
1060	Österäng A	T	9	6500423.92974491	415681.492123098	Västra Götalands län	Länsstyrelsen i Västra Götalands län	243.0	Land principally occupied by agriculture with significant areas of natural vegetation	Cropland	0
1061	Österäng B	T	40	6500325.44578125	415720.658529051	Västra Götalands län	Länsstyrelsen i Västra Götalands län	243.0	Land principally occupied by agriculture with significant areas of natural vegetation	Cropland	0
3923	Gubbalyckan	P	389	6498905.91317787	428181.117789166	Västra Götalands län	Svensk Dagfjärilsövervakning, LU	324.0	Transitional woodland-shrub	Unmanaged grass/shrubland	0
2660	Bölets ängar 2	T	414	6497581.56252404	471777.81242348	Västra Götalands län	Svensk Dagfjärilsövervakning, LU	313.0	Mixed forest	Forest	0
3139	Rösgången-De Geersgatan	T	3	6497212.17589222	567006.033885735	Östergötlands län	Svensk Dagfjärilsövervakning, LU	112.0	Discontinuous urban fabric	Urban	0
2665	Klangahamn	P	14	6497165.48367306	473255.234068247	Västra Götalands län	Svensk Dagfjärilsövervakning, LU	313.0	Mixed forest	Forest	0
584	Läckö	T	14	6496951.84995415	392169.314186991	Västra Götalands län	Trafikverket	211.0	Non-irrigated arable land	Cropland	0
2694	Ängsvägen, Färgelanda	P	175	6496368.82479246	324697.636599103	Västra Götalands län	Svensk Dagfjärilsövervakning, LU	112.0	Discontinuous urban fabric	Urban	0
579	Åbacken	P	115	6496195.24004978	323726.270879532	Västra Götalands län	Svensk Dagfjärilsövervakning, LU	211.0	Non-irrigated arable land	Cropland	0
2682	Stigevivägen 18	P	170	6496187.47929562	329067.372027507	Västra Götalands län	Svensk Dagfjärilsövervakning, LU	112.0	Discontinuous urban fabric	Urban	0
4077	Krabbäng Moholm	T	860	6496182.90141423	444552.750845092	Västra Götalands län	Svensk Dagfjärilsövervakning, LU	112.0	Discontinuous urban fabric	Urban	0
3190	Kulan, Kulla	P	16	6494907.61547884	509061.09063508	Östergötlands län	Svensk Dagfjärilsövervakning, LU	312.0	Coniferous forest	Forest	0
316	Brattefors 10	P	37	6494210.98671224	300078.778475827	Västra Götalands län	Svensk Dagfjärilsövervakning, LU	312.0	Coniferous forest	Forest	0
1038	Medelplana 1930	T	14	6493821.84671195	406187.258086541	Västra Götalands län	Länsstyrelsen i Västra Götalands län	211.0	Non-irrigated arable land	Cropland	0
2871	Hageby, Norrköping	T	100	6493196.43264222	569013.71616607	Östergötlands län	Svensk Dagfjärilsövervakning, LU	112.0	Discontinuous urban fabric	Urban	0
3185	Åkaregatan 3	P	89	6492763.66497991	569938.655067777	Östergötlands län	Svensk Dagfjärilsövervakning, LU	112.0	Discontinuous urban fabric	Urban	0
948	Forsa	P	109	6492526.38522165	464772.342998345	Västra Götalands län	Svensk Dagfjärilsövervakning, LU	312.0	Coniferous forest	Forest	0
583	Tolsjö	T	41	6492343.57219982	390462.535869391	Västra Götalands län	Trafikverket	211.0	Non-irrigated arable land	Cropland	0
1059	Österplana 6084	T	59	6492234.12474619	407729.617080903	Västra Götalands län	Länsstyrelsen i Västra Götalands län	242.0	Complex cultivation patterns	Cropland	0
3296	Bikullen	T	155	6491336.49901743	317697.111543283	Västra Götalands län	Svensk Dagfjärilsövervakning, LU	312.0	Coniferous forest	Forest	0
878	Gustavslund, 300 m SV	T	36	6487354.11474564	556856.384498169	Östergötlands län	Svensk Dagfjärilsövervakning, LU	312.0	Coniferous forest	Forest	0
3266	Nordens Ark, Vägen i Ekoparken	T	8	6484052.12229905	291184.200899854	Västra Götalands län	Svensk Dagfjärilsövervakning, LU	324.0	Transitional woodland-shrub	Unmanaged grass/shrubland	0
3267	Nordens Ark, Grushålan	T	119	6483938.10407063	292258.924776498	Västra Götalands län	Svensk Dagfjärilsövervakning, LU	313.0	Mixed forest	Forest	0
3245	Nordens Ark, Eldfältet	T	28	6483347.55716228	291351.565604777	Västra Götalands län	Svensk Dagfjärilsövervakning, LU	211.0	Non-irrigated arable land	Cropland	0
243	Säter Stenbäcken	P	764	6483063.51637098	433227.224390912	Västra Götalands län	Svensk Dagfjärilsövervakning, LU	311.0	Broad-leaved forest	Forest	0
444	Hönsa	P	37	6482577.42121589	451779.131667446	Västra Götalands län	Svensk Dagfjärilsövervakning, LU	211.0	Non-irrigated arable land	Cropland	0
2879	Sjöhagen 333	P	38	6480976.24447684	306359.150291661	Västra Götalands län	Svensk Dagfjärilsövervakning, LU	312.0	Coniferous forest	Forest	0
1080	Tranum Sandebo	P	134	6480352.06297199	375521.9755492	Västra Götalands län	Svensk Dagfjärilsövervakning, LU	211.0	Non-irrigated arable land	Cropland	0
3601	Blistad Bergslund	P	28	6479605.36702533	555102.90206107	Östergötlands län	Svensk Dagfjärilsövervakning, LU	211.0	Non-irrigated arable land	Cropland	0
2692	Gillstad	P	69	6478761.27083877	380554.545079455	Västra Götalands län	Svensk Dagfjärilsövervakning, LU	243.0	Land principally occupied by agriculture with significant areas of natural vegetation	Cropland	0
205	Bjälbovägen 63	P	3219	6477368.49000463	494282.965879396	Östergötlands län	Svensk Dagfjärilsövervakning, LU	112.0	Discontinuous urban fabric	Urban	0
753	Brastad-Lycke	T	107	6476155.52125554	293486.662385288	Västra Götalands län	Svensk Dagfjärilsövervakning, LU	311.0	Broad-leaved forest	Forest	0
2762	Fiskartorpet, Eggby	T	1836	6476071.68799893	421733.24567724	Västra Götalands län	Svensk Dagfjärilsövervakning, LU	311.0	Broad-leaved forest	Forest	0
4232	Gullmarsberg Berget	P	2	6476063.44792811	302888.179506278	Västra Götalands län	Artportalen, SLU	312.0	Coniferous forest	Forest	0
880	Stintorp, 400 m SO	T	22	6475747.87605253	574561.602093605	Östergötlands län	Svensk Dagfjärilsövervakning, LU	312.0	Coniferous forest	Forest	0
881	Sandsveden	T	36	6475444.13668038	575160.080269988	Östergötlands län	Svensk Dagfjärilsövervakning, LU	312.0	Coniferous forest	Forest	0
127	Smärtungen	P	130	6475158.15747054	312316.544874645	Västra Götalands län	Svensk Dagfjärilsövervakning, LU	211.0	Non-irrigated arable land	Cropland	0
3225	Uddetorps naturbruksskola	T	1068	6474761.67278675	407761.385041156	Västra Götalands län	Svensk Dagfjärilsövervakning, LU	312.0	Coniferous forest	Forest	0
979	Askeby	P	1	6474441.74956542	549669.469249488	Östergötlands län	Svensk Dagfjärilsövervakning, LU	112.0	Discontinuous urban fabric	Urban	0
2713	Taborsvägen 4	P	2	6472881.3169584	320553.147424124	Västra Götalands län	Svensk Dagfjärilsövervakning, LU	112.0	Discontinuous urban fabric	Urban	0
224	Tempelbacken	P	129	6472177.16906291	410786.975289904	Västra Götalands län	Svensk Dagfjärilsövervakning, LU	211.0	Non-irrigated arable land	Cropland	0
3177	Utpost Hållö	P	3	6472115.01648716	278495.291648962	Västra Götalands län	Svensk Dagfjärilsövervakning, LU	332.0	Bare rocks	Sparse/no vegetation	0
374	Nygårdsängens naturreservat	P	155	6471980.15205677	342666.663873496	Västra Götalands län	Svensk Dagfjärilsövervakning, LU	231.0	Pastures	Pasture/Rangeland	0
2680	Vadbacken	P	417	6471267.06754047	321039.240665582	Västra Götalands län	Svensk Dagfjärilsövervakning, LU	112.0	Discontinuous urban fabric	Urban	0
210	Haga, Gibbenäs	P	459	6468881.49338849	594564.650128699	Östergötlands län	Svensk Dagfjärilsövervakning, LU	312.0	Coniferous forest	Forest	0
4248	Lidvägen	P	5	6467997.37693019	314824.021492083	Västra Götalands län	Svensk Dagfjärilsövervakning, LU	112.0	Discontinuous urban fabric	Urban	0
2940	Opalvägen 10, Trollhättan	P	410	6467640.03466636	340458.925933416	Västra Götalands län	Svensk Dagfjärilsövervakning, LU	112.0	Discontinuous urban fabric	Urban	0
3979	Karlsviks koloniområde	T	166	6466517.36000525	341852.628681775	Västra Götalands län	Svensk Dagfjärilsövervakning, LU	231.0	Pastures	Pasture/Rangeland	0
1006	Bolum	T	90	6466104.05261375	418384.292472979	Västra Götalands län	Länsstyrelsen i Västra Götalands län	231.0	Pastures	Pasture/Rangeland	0
2765	Grinnsjö	T	20	6465935.428612	350172.115040827	Västra Götalands län	Svensk Dagfjärilsövervakning, LU	312.0	Coniferous forest	Forest	0
774	Skår-Myren	T	509	6465774.5013598	296717.301686956	Västra Götalands län	Svensk Dagfjärilsövervakning, LU	312.0	Coniferous forest	Forest	0
295	Naturum Hornborgasjön	T	389	6465468.32178764	417214.446291037	Västra Götalands län	Svensk Dagfjärilsövervakning, LU	231.0	Pastures	Pasture/Rangeland	0
2732	Bolumsdreven	T	1205	6465110.35889453	419623.637810464	Västra Götalands län	Svensk Dagfjärilsövervakning, LU	211.0	Non-irrigated arable land	Cropland	0
180	Fridhem, Dags mosse	P	15	6464874.93009297	483586.749820202	Östergötlands län	Artportalen, SLU	312.0	Coniferous forest	Forest	0
2960	Hunneberg radiomasten	P	654	6464758.814831	349317.679286529	Västra Götalands län	Svensk Dagfjärilsövervakning, LU	312.0	Coniferous forest	Forest	0
807	Rörbäck	P	119	6463237.46941692	298923.412089851	Västra Götalands län	Svensk Dagfjärilsövervakning, LU	312.0	Coniferous forest	Forest	0
1010	Brunnhem 0706	T	40	6462991.47291441	423308.361530902	Västra Götalands län	Länsstyrelsen i Västra Götalands län	311.0	Broad-leaved forest	Forest	0
1013	Brunnhem 9437	T	27	6462800.16747264	423609.518115431	Västra Götalands län	Länsstyrelsen i Västra Götalands län	211.0	Non-irrigated arable land	Cropland	0
1011	Brunnhem 7018	T	22	6462658.59877698	423306.350859647	Västra Götalands län	Länsstyrelsen i Västra Götalands län	211.0	Non-irrigated arable land	Cropland	0
1012	Brunnhem 7841	T	44	6462622.83562067	423658.620738529	Västra Götalands län	Länsstyrelsen i Västra Götalands län	211.0	Non-irrigated arable land	Cropland	0
3767	Västergärdets koloniområde	P	116	6462126.29781804	339812.385459531	Västra Götalands län	Svensk Dagfjärilsövervakning, LU	141.0	Green urban areas	Urban	0
951	Torpet 1:6 trädgård	P	1092	6461071.75432559	325868.770492543	Västra Götalands län	Svensk Dagfjärilsövervakning, LU	312.0	Coniferous forest	Forest	0
2948	Horneksvägen 10, Skeda udde	P	506	6460805.01734949	532812.172772097	Östergötlands län	Svensk Dagfjärilsövervakning, LU	112.0	Discontinuous urban fabric	Urban	0
406	Fredenslund Linneberg 1:4	P	1705	6459335.39719026	312323.323194713	Västra Götalands län	Svensk Dagfjärilsövervakning, LU	312.0	Coniferous forest	Forest	0
3966	Skogen 13, Grundsund	P	119	6458168.0206619	289706.717917257	Västra Götalands län	Svensk Dagfjärilsövervakning, LU	112.0	Discontinuous urban fabric	Urban	0
2776	Övre Allén 12, Ljungskile	P	34	6457648.98108267	319467.42235304	Västra Götalands län	Svensk Dagfjärilsövervakning, LU	112.0	Discontinuous urban fabric	Urban	0
2723	Fjälla Mellangård	T	372	6456747.34437174	306852.525963362	Västra Götalands län	Svensk Dagfjärilsövervakning, LU	313.0	Mixed forest	Forest	0
759	Skogastorp, Högstena	T	130	6456244.92171494	425263.29302864	Västra Götalands län	Trafikverket	243.0	Land principally occupied by agriculture with significant areas of natural vegetation	Cropland	0
1051	Skogastorp 746	T	47	6455969.17680271	425775.365232324	Västra Götalands län	Länsstyrelsen i Västra Götalands län	243.0	Land principally occupied by agriculture with significant areas of natural vegetation	Cropland	0
3293	Baggeryrsvägen 24	P	96	6455578.97863083	339736.879174233	Västra Götalands län	Svensk Dagfjärilsövervakning, LU	312.0	Coniferous forest	Forest	0
3130	Baggeryr - Sjölanda	T	55	6455124.78982776	339700.339607648	Västra Götalands län	Svensk Dagfjärilsövervakning, LU	312.0	Coniferous forest	Forest	0
1033	Kungslena 5073	T	20	6454424.11535782	430055.956786402	Västra Götalands län	Länsstyrelsen i Västra Götalands län	211.0	Non-irrigated arable land	Cropland	0
2748	Törestorps Boställe	P	150	6454405.81012724	408646.92748454	Västra Götalands län	Svensk Dagfjärilsövervakning, LU	243.0	Land principally occupied by agriculture with significant areas of natural vegetation	Cropland	0
403	Fahls	P	296	6454312.32756549	421048.333073677	Västra Götalands län	Svensk Dagfjärilsövervakning, LU	211.0	Non-irrigated arable land	Cropland	0
60	Dammhult	P	141	6452674.8807423	551634.612372663	Östergötlands län	Svensk Dagfjärilsövervakning, LU	312.0	Coniferous forest	Forest	0
4255	Skogen 321	P	39	6451714.87430411	312996.232007097	Västra Götalands län	Svensk Dagfjärilsövervakning, LU	312.0	Coniferous forest	Forest	0
760	Åsle mosse, Åsle	T	133	6449381.02635579	421421.187404422	Västra Götalands län	Trafikverket	412.0	Peat bogs	Other	0
1047	Röd 2 1202	T	22	6448662.3827123	314477.92632093	Västra Götalands län	Länsstyrelsen i Västra Götalands län	312.0	Coniferous forest	Forest	0
1046	Röd 1 5317	T	48	6448092.15285775	314514.731941729	Västra Götalands län	Länsstyrelsen i Västra Götalands län	211.0	Non-irrigated arable land	Cropland	0
843	Boxvik slinga	T	46	6447020.03777781	293069.22800946	Västra Götalands län	Svensk Dagfjärilsövervakning, LU	333.0	Sparsely vegetated areas	Sparse/no vegetation	0
2690	Eksjöhult	P	485	6446966.63518399	528392.228996818	Östergötlands län	Svensk Dagfjärilsövervakning, LU	312.0	Coniferous forest	Forest	0
312	Surklev - Vasahagen	T	82	6446965.235874	544580.073685665	Östergötlands län	Svensk Dagfjärilsövervakning, LU	243.0	Land principally occupied by agriculture with significant areas of natural vegetation	Cropland	0
280	Nösund	P	100	6445511.39291707	294359.51170296	Västra Götalands län	Svensk Dagfjärilsövervakning, LU	242.0	Complex cultivation patterns	Cropland	0
488	Nösund, slinga	T	78	6445357.53908271	294698.149767204	Västra Götalands län	Svensk Dagfjärilsövervakning, LU	333.0	Sparsely vegetated areas	Sparse/no vegetation	0
1056	Ålleberg 4103	T	82	6445184.74119779	417476.189282785	Västra Götalands län	Länsstyrelsen i Västra Götalands län	211.0	Non-irrigated arable land	Cropland	0
1023	Fåglum slåtteräng	T	42	6444906.32606011	371704.710171441	Västra Götalands län	Länsstyrelsen i Västra Götalands län	211.0	Non-irrigated arable land	Cropland	0
1021	Fåglum 5820	T	31	6444817.3842766	371705.773715005	Västra Götalands län	Länsstyrelsen i Västra Götalands län	211.0	Non-irrigated arable land	Cropland	0
1022	Fåglum 8706	T	68	6444599.60167707	371547.46018827	Västra Götalands län	Länsstyrelsen i Västra Götalands län	211.0	Non-irrigated arable land	Cropland	0
1044	Ranahult slåtteräng	T	24	6443324.28730584	390193.37692915	Västra Götalands län	Länsstyrelsen i Västra Götalands län	312.0	Coniferous forest	Forest	0
1045	Ranahult (S)	T	33	6443146.51938792	390205.497239385	Västra Götalands län	Länsstyrelsen i Västra Götalands län	312.0	Coniferous forest	Forest	0
1054	Tovarp 8595	T	14	6441546.14530553	408505.863167474	Västra Götalands län	Länsstyrelsen i Västra Götalands län	211.0	Non-irrigated arable land	Cropland	0
1053	Tovarp 8093	T	14	6441478.40985262	408441.703212212	Västra Götalands län	Länsstyrelsen i Västra Götalands län	211.0	Non-irrigated arable land	Cropland	0
117	Ljungstorp	T	543	6440844.31562383	524264.796572295	Östergötlands län	Svensk Dagfjärilsövervakning, LU	312.0	Coniferous forest	Forest	0
2755	Knektvägen	P	27	6440380.51349578	313001.896241716	Västra Götalands län	Svensk Dagfjärilsövervakning, LU	112.0	Discontinuous urban fabric	Urban	0
448	Haraberget	P	169	6439455.19147177	384590.411375924	Västra Götalands län	Svensk Dagfjärilsövervakning, LU	312.0	Coniferous forest	Forest	0
438	Fabriksgatan 10	P	122	6438898.95993123	383460.623973353	Västra Götalands län	Svensk Dagfjärilsövervakning, LU	112.0	Discontinuous urban fabric	Urban	0
2903	Kullingsvik	T	526	6438719.71886217	385858.575783559	Västra Götalands län	Svensk Dagfjärilsövervakning, LU	231.0	Pastures	Pasture/Rangeland	0
3755	Fiskartorpet, Valdemarsvik	T	105	6438175.89265564	604495.653310144	Östergötlands län	Biogeografisk uppföljning av fjärilar, LU	312.0	Coniferous forest	Forest	0
998	Yttre Åsen	P	339	6437914.90935822	325792.060285575	Västra Götalands län	Svensk Dagfjärilsövervakning, LU	312.0	Coniferous forest	Forest	0
3729	Stensnäs	T	236	6437594.51071441	581017.563014506	Kalmar län	Biogeografisk uppföljning av fjärilar, LU	313.0	Mixed forest	Forest	0
2904	Bråttensby	P	78	6437285.94819102	376449.429892863	Västra Götalands län	Svensk Dagfjärilsövervakning, LU	211.0	Non-irrigated arable land	Cropland	0
2947	Hultsjö 1-8 gräsvägen, Gränna	P	53	6436895.48128981	476464.282226779	Jönköpings län	Svensk Dagfjärilsövervakning, LU	311.0	Broad-leaved forest	Forest	0
1026	Härön 6982	T	17	6436014.62272482	292479.275279269	Västra Götalands län	Länsstyrelsen i Västra Götalands län	333.0	Sparsely vegetated areas	Sparse/no vegetation	0
3684	Fiskaretorpet, Vinäs	T	203	6436013.03097703	582950.942094576	Kalmar län	Biogeografisk uppföljning av fjärilar, LU	211.0	Non-irrigated arable land	Cropland	0
3716	Ramsdal	T	291	6435821.87611256	598922.135349311	Östergötlands län	Biogeografisk uppföljning av fjärilar, LU	312.0	Coniferous forest	Forest	0
1025	Härön 4280	T	24	6435670.85182727	292397.436067036	Västra Götalands län	Länsstyrelsen i Västra Götalands län	333.0	Sparsely vegetated areas	Sparse/no vegetation	0
1027	Härön slåtteräng	T	16	6435388.5569679	292274.886167735	Västra Götalands län	Länsstyrelsen i Västra Götalands län	333.0	Sparsely vegetated areas	Sparse/no vegetation	0
3899	Fårö, Skärsviken	P	72	6434555.30604906	754130.035774973	Gotlands län	Svensk Dagfjärilsövervakning, LU	312.0	Coniferous forest	Forest	0
3705	Kråkvik	T	284	6434525.24897744	600517.231932972	Östergötlands län	Biogeografisk uppföljning av fjärilar, LU	211.0	Non-irrigated arable land	Cropland	0
3743	Tomåla	T	188	6434093.97368096	599815.555395581	Östergötlands län	Biogeografisk uppföljning av fjärilar, LU	211.0	Non-irrigated arable land	Cropland	0
2656	Kalbjärga	T	1300	6433851.25339415	748262.851612179	Gotlands län	Svensk Dagfjärilsövervakning, LU	333.0	Sparsely vegetated areas	Sparse/no vegetation	0
2654	Ekeviken, Fårö	P	702	6433636.13684235	750930.233174877	Gotlands län	Svensk Dagfjärilsövervakning, LU	211.0	Non-irrigated arable land	Cropland	0
3700	Hökdalen	T	288	6433506.90957523	601640.120760958	Östergötlands län	Biogeografisk uppföljning av fjärilar, LU	211.0	Non-irrigated arable land	Cropland	0
3167	Södra Anrås	P	2	6433274.16670079	312544.145809107	Västra Götalands län	Svensk Dagfjärilsövervakning, LU	231.0	Pastures	Pasture/Rangeland	0
3751	Östra Ed	T	253	6433106.56028982	599174.50640103	Östergötlands län	Biogeografisk uppföljning av fjärilar, LU	312.0	Coniferous forest	Forest	0
447	Svedjan	T	1037	6432969.76031884	338262.219434352	Västra Götalands län	Svensk Dagfjärilsövervakning, LU	312.0	Coniferous forest	Forest	0
3704	Kleva, Edsbruk	T	334	6432749.78627314	586625.952263932	Kalmar län	Biogeografisk uppföljning av fjärilar, LU	211.0	Non-irrigated arable land	Cropland	0
2833	Skärhamn	P	270	6432617.21189287	297208.053173677	Västra Götalands län	Svensk Dagfjärilsövervakning, LU	112.0	Discontinuous urban fabric	Urban	0
3664	Skalasandsvik, Fårö	P	24	6432044.29348295	755956.917716216	Gotlands län	Svensk Dagfjärilsövervakning, LU	523.0	Sea and ocean	Other	0
809	Elinstigen	T	65	6431616.42267676	310728.020044271	Västra Götalands län	Svensk Dagfjärilsövervakning, LU	312.0	Coniferous forest	Forest	0
794	Sudersand, Gotland	T	560	6431352.27645314	751598.470293935	Gotlands län	Svensk Dagfjärilsövervakning, LU	312.0	Coniferous forest	Forest	0
2919	Svalsjö Fjärilsruta	P	1373	6430683.57341992	525090.908982977	Östergötlands län	Svensk Dagfjärilsövervakning, LU	211.0	Non-irrigated arable land	Cropland	0
3657	Sudersand södra, Fårö	P	138	6430587.99219207	750230.693443774	Gotlands län	Svensk Dagfjärilsövervakning, LU	243.0	Land principally occupied by agriculture with significant areas of natural vegetation	Cropland	0
4340	Ringvida	T	2158	6430232.69283986	749449.991793996	Gotlands län	Svensk Dagfjärilsövervakning, LU	211.0	Non-irrigated arable land	Cropland	0
785	Ranebolund	T	111	6430229.21132212	316667.153958593	Västra Götalands län	Svensk Dagfjärilsövervakning, LU	311.0	Broad-leaved forest	Forest	0
3661	Fårö, St. Hoburga punkt	P	98	6430153.72906373	748698.988287304	Gotlands län	Svensk Dagfjärilsövervakning, LU	333.0	Sparsely vegetated areas	Sparse/no vegetation	0
3677	Björnhällen	T	145	6430061.82983523	600390.565303245	Östergötlands län	Biogeografisk uppföljning av fjärilar, LU	312.0	Coniferous forest	Forest	0
798	Fårö, Gåsmorahammaren	T	3840	6429614.59826072	749773.350857029	Gotlands län	Svensk Dagfjärilsövervakning, LU	333.0	Sparsely vegetated areas	Sparse/no vegetation	0
2814	Asklanda	P	1	6429409.53640886	377838.850803829	Västra Götalands län	Svensk Dagfjärilsövervakning, LU	311.0	Broad-leaved forest	Forest	0
2759	Brobacka	P	576	6428999.26492255	348500.080783775	Västra Götalands län	Svensk Dagfjärilsövervakning, LU	312.0	Coniferous forest	Forest	0
3662	Alnäsaudden 2	T	914	6428988.99325658	748462.915016179	Gotlands län	Svensk Dagfjärilsövervakning, LU	333.0	Sparsely vegetated areas	Sparse/no vegetation	0
2854	Alnäsaudden, Fårö	T	2770	6428971.80892169	748531.115334662	Gotlands län	Svensk Dagfjärilsövervakning, LU	333.0	Sparsely vegetated areas	Sparse/no vegetation	0
2664	Friggars, Fårö	P	2	6428950.61245767	746588.509950982	Gotlands län	Svensk Dagfjärilsövervakning, LU	333.0	Sparsely vegetated areas	Sparse/no vegetation	0
3730	Stora Askö	T	145	6428545.88123114	603965.794894936	Kalmar län	Biogeografisk uppföljning av fjärilar, LU	243.0	Land principally occupied by agriculture with significant areas of natural vegetation	Cropland	0
3685	Flatvarp	T	177	6428503.39085533	606520.690559191	Kalmar län	Biogeografisk uppföljning av fjärilar, LU	312.0	Coniferous forest	Forest	0
3660	St. Hoburga - Fårö museum	T	46	6428426.95855326	747786.675313129	Gotlands län	Svensk Dagfjärilsövervakning, LU	333.0	Sparsely vegetated areas	Sparse/no vegetation	0
1034	Kurebo	T	114	6427865.24482653	408395.399368508	Västra Götalands län	Länsstyrelsen i Västra Götalands län	312.0	Coniferous forest	Forest	0
443	Hedebacke 1:2	P	183	6427721.79487093	358783.853004164	Västra Götalands län	Svensk Dagfjärilsövervakning, LU	211.0	Non-irrigated arable land	Cropland	0
3707	Lilla Askö	T	148	6427467.42560426	603151.864895585	Kalmar län	Biogeografisk uppföljning av fjärilar, LU	312.0	Coniferous forest	Forest	0
361	Ådala fjärilssträcka	T	62	6427456.40707992	489635.985197455	Jönköpings län	Svensk Dagfjärilsövervakning, LU	313.0	Mixed forest	Forest	0
848	Föllingsö	P	23	6426501.20563325	535667.381282589	Östergötlands län	Svensk Dagfjärilsövervakning, LU	231.0	Pastures	Pasture/Rangeland	0
3693	Hellerö	T	645	6426341.20302408	597496.693408254	Kalmar län	Biogeografisk uppföljning av fjärilar, LU	211.0	Non-irrigated arable land	Cropland	0
3733	Stora Sandered	T	368	6426108.70271791	602477.245479799	Kalmar län	Biogeografisk uppföljning av fjärilar, LU	312.0	Coniferous forest	Forest	0
2754	Varden	T	121	6425808.86119358	744328.191711719	Gotlands län	Svensk Dagfjärilsövervakning, LU	333.0	Sparsely vegetated areas	Sparse/no vegetation	0
602	Blomsholm punkt	P	167	6425755.54401501	414451.76681333	Västra Götalands län	Svensk Dagfjärilsövervakning, LU	324.0	Transitional woodland-shrub	Unmanaged grass/shrubland	0
2722	Tolleröd	P	28	6425579.04210441	316260.949182068	Västra Götalands län	Svensk Dagfjärilsövervakning, LU	313.0	Mixed forest	Forest	0
3695	Horsö brygga	T	173	6425230.8902537	603564.458492795	Kalmar län	Biogeografisk uppföljning av fjärilar, LU	312.0	Coniferous forest	Forest	0
435	Älebräckevägen 12	P	111	6424756.41254843	328894.57042182	Västra Götalands län	Svensk Dagfjärilsövervakning, LU	231.0	Pastures	Pasture/Rangeland	0
3722	Sandered	T	155	6424171.62088121	603688.069112183	Kalmar län	Biogeografisk uppföljning av fjärilar, LU	312.0	Coniferous forest	Forest	0
3727	Snörum	T	494	6424000.49792375	597975.507873057	Kalmar län	Biogeografisk uppföljning av fjärilar, LU	312.0	Coniferous forest	Forest	0
3659	Klintängarna, Fårö	T	2	6423852.65248235	744549.525534868	Gotlands län	Svensk Dagfjärilsövervakning, LU	243.0	Land principally occupied by agriculture with significant areas of natural vegetation	Cropland	0
3710	Mistekärr A	T	419	6423331.31635736	601382.654792679	Kalmar län	Biogeografisk uppföljning av fjärilar, LU	243.0	Land principally occupied by agriculture with significant areas of natural vegetation	Cropland	0
2685	Kattkroken	P	38	6422669.71603078	301858.141811144	Västra Götalands län	Svensk Dagfjärilsövervakning, LU	311.0	Broad-leaved forest	Forest	0
2693	Smörholmen	P	140	6422549.6859617	298835.378506911	Västra Götalands län	Svensk Dagfjärilsövervakning, LU	333.0	Sparsely vegetated areas	Sparse/no vegetation	0
425	Sjöhagsvägen 8	P	107	6422478.40536667	344364.204096789	Västra Götalands län	Svensk Dagfjärilsövervakning, LU	112.0	Discontinuous urban fabric	Urban	0
883	Linneberg, 200 m SSV	T	190	6422057.02383773	528575.719226513	Östergötlands län	Svensk Dagfjärilsövervakning, LU	231.0	Pastures	Pasture/Rangeland	0
424	Torstövägen 5	P	86	6422055.79392721	344042.425234418	Västra Götalands län	Svensk Dagfjärilsövervakning, LU	112.0	Discontinuous urban fabric	Urban	0
844	Koön, Marstrand	T	1322	6421334.8391839	298954.81549198	Västra Götalands län	Trafikverket	311.0	Broad-leaved forest	Forest	0
3697	Hulöhamn B	T	338	6420864.66952521	606307.895276197	Kalmar län	Biogeografisk uppföljning av fjärilar, LU	312.0	Coniferous forest	Forest	0
299	Målvik	P	535	6420636.82095138	521980.858535559	Östergötlands län	Svensk Dagfjärilsövervakning, LU	312.0	Coniferous forest	Forest	0
1042	Nol 5668	T	9	6418392.53426706	330447.679700928	Västra Götalands län	Länsstyrelsen i Västra Götalands län	313.0	Mixed forest	Forest	0
1043	Nol 6363	T	73	6418319.13467636	330494.529476409	Västra Götalands län	Länsstyrelsen i Västra Götalands län	313.0	Mixed forest	Forest	0
891	Stora Viken	T	1327	6418237.51083812	323568.421121421	Västra Götalands län	Trafikverket	231.0	Pastures	Pasture/Rangeland	0
2704	Lyckan 6	P	224	6418055.59052465	319126.134779665	Västra Götalands län	Svensk Dagfjärilsövervakning, LU	112.0	Discontinuous urban fabric	Urban	0
2699	Runneröd	P	537	6417776.01660804	310435.512443636	Västra Götalands län	Svensk Dagfjärilsövervakning, LU	211.0	Non-irrigated arable land	Cropland	0
2703	Bräcke 200	P	202	6416654.06906174	307368.70431253	Västra Götalands län	Svensk Dagfjärilsövervakning, LU	312.0	Coniferous forest	Forest	0
1055	Åfärd	T	7	6416237.78140698	413263.897768228	Västra Götalands län	Länsstyrelsen i Västra Götalands län	211.0	Non-irrigated arable land	Cropland	0
450	Hällen, Jennylund	P	29	6416049.02281109	325266.574613871	Västra Götalands län	Svensk Dagfjärilsövervakning, LU	412.0	Peat bogs	Other	0
3731	Stora Hallmare A	T	171	6415909.43572109	604092.52060199	Kalmar län	Biogeografisk uppföljning av fjärilar, LU	312.0	Coniferous forest	Forest	0
3732	Stora Hallmare B	T	252	6415635.67914951	604610.659975514	Kalmar län	Biogeografisk uppföljning av fjärilar, LU	312.0	Coniferous forest	Forest	0
3624	Bondegatan 82, Alingsås	P	46	6415633.14880702	349226.268109398	Västra Götalands län	Svensk Dagfjärilsövervakning, LU	112.0	Discontinuous urban fabric	Urban	0
2710	Hållsungamyren	P	329	6415382.99283638	307132.013952142	Västra Götalands län	Svensk Dagfjärilsövervakning, LU	324.0	Transitional woodland-shrub	Unmanaged grass/shrubland	0
2709	Åkerhög 350	P	321	6415101.66681182	305163.533420975	Västra Götalands län	Svensk Dagfjärilsövervakning, LU	333.0	Sparsely vegetated areas	Sparse/no vegetation	0
59	Uppegårds-Nyhamn Lärbro	P	523	6415093.76773586	724125.814747577	Gotlands län	Svensk Dagfjärilsövervakning, LU	312.0	Coniferous forest	Forest	0
1048	Sandslätt, vägen	T	8	6415029.87750591	402073.577692846	Västra Götalands län	Länsstyrelsen i Västra Götalands län	312.0	Coniferous forest	Forest	0
2822	Klangstorp 11	P	214	6414257.10326632	361985.8921354	Västra Götalands län	Svensk Dagfjärilsövervakning, LU	312.0	Coniferous forest	Forest	0
3176	Rute Valleviksvägen	P	236	6413973.91942563	734361.208797422	Gotlands län	Svensk Dagfjärilsövervakning, LU	312.0	Coniferous forest	Forest	0
734	Glöskär 6:46	P	59	6413842.59134171	306351.856153189	Västra Götalands län	Svensk Dagfjärilsövervakning, LU	312.0	Coniferous forest	Forest	0
479	Flateby Harestad	P	156	6413464.54194772	310854.721188649	Västra Götalands län	Svensk Dagfjärilsövervakning, LU	211.0	Non-irrigated arable land	Cropland	0
106	Lärbo, Angelbos 1920	P	1930	6413383.69448905	724944.123541723	Gotlands län	Svensk Dagfjärilsövervakning, LU	312.0	Coniferous forest	Forest	0
629	Blåbärsåsvägen 72	P	314	6413201.97324901	343736.253473609	Västra Götalands län	Svensk Dagfjärilsövervakning, LU	313.0	Mixed forest	Forest	0
3724	Segersgärde B	T	5	6413196.19155992	590426.26458028	Kalmar län	Biogeografisk uppföljning av fjärilar, LU	243.0	Land principally occupied by agriculture with significant areas of natural vegetation	Cropland	0
3723	Segersgärde A	T	684	6412814.27044433	590256.860369302	Kalmar län	Biogeografisk uppföljning av fjärilar, LU	231.0	Pastures	Pasture/Rangeland	0
3640	Nääs	T	799	6411740.51733687	345391.782484399	Västra Götalands län	Svensk Dagfjärilsövervakning, LU	211.0	Non-irrigated arable land	Cropland	0
36	Granshult 7:2	P	948	6411183.42115179	446590.331719637	Jönköpings län	Svensk Dagfjärilsövervakning, LU	211.0	Non-irrigated arable land	Cropland	0
677	Lingonvägen, Floda	P	497	6411027.61986219	342600.809383686	Västra Götalands län	Svensk Dagfjärilsövervakning, LU	112.0	Discontinuous urban fabric	Urban	0
1028	Höga	T	10	6410717.31812386	307599.4069013	Västra Götalands län	Länsstyrelsen i Västra Götalands län	231.0	Pastures	Pasture/Rangeland	0
1035	Lilla Rydet	T	1	6410530.42344602	424419.842703387	Västra Götalands län	Länsstyrelsen i Västra Götalands län	312.0	Coniferous forest	Forest	0
1058	Önnarp	T	90	6410496.89566087	415482.327026478	Västra Götalands län	Länsstyrelsen i Västra Götalands län	311.0	Broad-leaved forest	Forest	0
309	Lärbro Kajlungs	T	230	6410286.75210412	727020.838911476	Gotlands län	Svensk Dagfjärilsövervakning, LU	211.0	Non-irrigated arable land	Cropland	0
1014	Bryngelsgärde 9055	T	2	6409933.71067704	353459.973975198	Västra Götalands län	Länsstyrelsen i Västra Götalands län	211.0	Non-irrigated arable land	Cropland	0
1015	Bryngelsgärde 9074	T	1	6409909.54937174	353529.225020239	Västra Götalands län	Länsstyrelsen i Västra Götalands län	211.0	Non-irrigated arable land	Cropland	0
1016	Bryngelsgärde slåtteräng	T	18	6409880.72273084	353458.606546089	Västra Götalands län	Länsstyrelsen i Västra Götalands län	211.0	Non-irrigated arable land	Cropland	0
1041	Mölarps ö	T	50	6409539.3451709	382431.663516676	Västra Götalands län	Länsstyrelsen i Västra Götalands län	211.0	Non-irrigated arable land	Cropland	0
4202	Furilden	T	64	6409336.88914766	738268.153236146	Gotlands län	Svensk Dagfjärilsövervakning, LU	312.0	Coniferous forest	Forest	0
3973	Mölarp övre	P	53	6409335.92881061	382472.068343566	Västra Götalands län	Svensk Dagfjärilsövervakning, LU	211.0	Non-irrigated arable land	Cropland	0
3602	Forsvidens naturreservat, slinga	T	1450	6409301.47877084	719186.370711258	Gotlands län	Svensk Dagfjärilsövervakning, LU	312.0	Coniferous forest	Forest	0
4085	Forsvidens naturreservat, slinga 2	T	273	6409066.81275132	719380.146915268	Gotlands län	Svensk Dagfjärilsövervakning, LU	333.0	Sparsely vegetated areas	Sparse/no vegetation	0
344	Sundsö	P	326	6408686.05085302	509744.550741056	Östergötlands län	Svensk Dagfjärilsövervakning, LU	311.0	Broad-leaved forest	Forest	0
423	Flylidenvägen 27	P	61	6407182.43179213	340730.686740917	Västra Götalands län	Svensk Dagfjärilsövervakning, LU	312.0	Coniferous forest	Forest	0
3656	Visby - Fårö, väg 148	T	116	6406501.83023388	719778.668657559	Gotlands län	Svensk Dagfjärilsövervakning, LU	312.0	Coniferous forest	Forest	0
2889	Aspenäs	P	237	6406257.76082544	336856.851161001	Västra Götalands län	Svensk Dagfjärilsövervakning, LU	112.0	Discontinuous urban fabric	Urban	0
706	Åtorps Udde 12	P	162	6406112.99600245	337205.383547472	Västra Götalands län	Svensk Dagfjärilsövervakning, LU	112.0	Discontinuous urban fabric	Urban	0
3189	Lindvägen 17	P	244	6405862.39654376	406532.749134795	Västra Götalands län	Svensk Dagfjärilsövervakning, LU	112.0	Discontinuous urban fabric	Urban	0
3774	Trulsegårdsslingan	T	69	6405382.79566512	312660.056030489	Västra Götalands län	Svensk Dagfjärilsövervakning, LU	311.0	Broad-leaved forest	Forest	0
967	Bergsjön	T	8	6404493.73055846	325278.384778127	Västra Götalands län	Svensk Dagfjärilsövervakning, LU	312.0	Coniferous forest	Forest	0
3813	Bohus-Björkö	P	60	6404491.74126208	302881.441684273	Västra Götalands län	Svensk Dagfjärilsövervakning, LU	311.0	Broad-leaved forest	Forest	0
789	Toleredsskogen	T	498	6402402.83803499	316125.561905827	Västra Götalands län	Svensk Dagfjärilsövervakning, LU	141.0	Green urban areas	Urban	0
2752	Borås Ryda	T	21	6402213.20932975	376655.889963036	Västra Götalands län	Svensk Dagfjärilsövervakning, LU	121.0	Industrial or commercial units	Urban	0
3772	Torpakolonin Göteborg	T	8	6401597.55655538	324034.610633278	Västra Götalands län	Svensk Dagfjärilsövervakning, LU	112.0	Discontinuous urban fabric	Urban	0
3924	Furulund-Prästtjärn	T	39	6401320.97801787	328840.178721451	Västra Götalands län	Svensk Dagfjärilsövervakning, LU	312.0	Coniferous forest	Forest	0
2617	Råbäcksgatan	P	33	6400904.97048078	324959.336601138	Västra Götalands län	Svensk Dagfjärilsövervakning, LU	112.0	Discontinuous urban fabric	Urban	0
125	Marbäck 10:3	P	24	6400810.34916999	404900.708993221	Västra Götalands län	Svensk Dagfjärilsövervakning, LU	211.0	Non-irrigated arable land	Cropland	0
108	Hejnum Bjärs	T	766	6400668.15556614	716647.484391485	Gotlands län	Svensk Dagfjärilsövervakning, LU	242.0	Complex cultivation patterns	Cropland	0
62	Väskinds 2:3	P	37	6400552.36514841	700706.734193423	Gotlands län	Svensk Dagfjärilsövervakning, LU	243.0	Land principally occupied by agriculture with significant areas of natural vegetation	Cropland	0
2912	Maderna SV	T	36	6400048.39402962	330493.409496326	Västra Götalands län	Svensk Dagfjärilsövervakning, LU	312.0	Coniferous forest	Forest	0
625	Ersdalsvägen 65	P	19	6400045.78521721	298886.821837783	Västra Götalands län	Svensk Dagfjärilsövervakning, LU	333.0	Sparsely vegetated areas	Sparse/no vegetation	0
3784	Korpebo	T	167	6399515.84993795	405143.010705737	Västra Götalands län	Svensk Dagfjärilsövervakning, LU	311.0	Broad-leaved forest	Forest	0
118	Drevstigen 6, 433 50 Öjersjö	P	633	6399187.30882487	329606.168274182	Västra Götalands län	Svensk Dagfjärilsövervakning, LU	112.0	Discontinuous urban fabric	Urban	0
712	Odlingslotterna, Stora Torps Odlareförening	P	132	6398895.3479244	322628.611035196	Västra Götalands län	Svensk Dagfjärilsövervakning, LU	311.0	Broad-leaved forest	Forest	0
2670	Kolshester slinga	T	1028	6398703.4527351	503098.802468522	Jönköpings län	Svensk Dagfjärilsövervakning, LU	211.0	Non-irrigated arable land	Cropland	0
2913	Ängen, Partille golfbana	T	73	6398456.82289349	328103.719375337	Västra Götalands län	Svensk Dagfjärilsövervakning, LU	112.0	Discontinuous urban fabric	Urban	0
3799	Sandslätt	P	102	6397768.3593615	404360.1915983	Västra Götalands län	Svensk Dagfjärilsövervakning, LU	312.0	Coniferous forest	Forest	0
119	Sjöbergen	P	272	6397722.46493866	315110.919833507	Västra Götalands län	Svensk Dagfjärilsövervakning, LU	141.0	Green urban areas	Urban	0
4309	Botaniska trädgården i Göteborg	P	12	6397325.87246473	318399.738876484	Västra Götalands län	Svensk Dagfjärilsövervakning, LU	311.0	Broad-leaved forest	Forest	0
1029	Klippan norr	T	8	6396940.84261914	349863.740254924	Västra Götalands län	Länsstyrelsen i Västra Götalands län	312.0	Coniferous forest	Forest	0
2668	Göteborgs botaniska trädgård	T	32	6396932.67906939	318532.345959195	Västra Götalands län	Svensk Dagfjärilsövervakning, LU	311.0	Broad-leaved forest	Forest	0
1030	Klippan söder	T	2	6396804.20957768	349888.354133634	Västra Götalands län	Länsstyrelsen i Västra Götalands län	312.0	Coniferous forest	Forest	0
1050	Skog 1666	T	5	6396723.48461865	398701.345059541	Västra Götalands län	Länsstyrelsen i Västra Götalands län	312.0	Coniferous forest	Forest	0
1049	Skog 372	T	8	6396613.3744737	398771.622076257	Västra Götalands län	Länsstyrelsen i Västra Götalands län	312.0	Coniferous forest	Forest	0
2881	Bråts skjutfält	T	890	6396175.09337021	375632.325589653	Västra Götalands län	Svensk Dagfjärilsövervakning, LU	231.0	Pastures	Pasture/Rangeland	0
2917	Safjällets naturreservat	T	281	6396044.75574766	320510.78209316	Västra Götalands län	Svensk Dagfjärilsövervakning, LU	312.0	Coniferous forest	Forest	0
3148	Källängen	P	5	6395250.79192647	312918.638281846	Västra Götalands län	Svensk Dagfjärilsövervakning, LU	112.0	Discontinuous urban fabric	Urban	0
1040	Målsryd 7667	T	11	6394144.82739363	381739.403155112	Västra Götalands län	Länsstyrelsen i Västra Götalands län	312.0	Coniferous forest	Forest	0
1039	Målsryd 6558	T	11	6394015.10197245	381672.980776017	Västra Götalands län	Länsstyrelsen i Västra Götalands län	312.0	Coniferous forest	Forest	0
2853	Botaniska trädgården, Visby	T	470	6393860.39525576	696603.914960817	Gotlands län	Svensk Dagfjärilsövervakning, LU	112.0	Discontinuous urban fabric	Urban	0
115	Kryddträdgården Botaniska trädgården	P	46	6393823.02409462	696656.352731432	Gotlands län	Svensk Dagfjärilsövervakning, LU	112.0	Discontinuous urban fabric	Urban	0
43	Norrbackagatan 10	P	123	6393785.83725229	697480.68733052	Gotlands län	Svensk Dagfjärilsövervakning, LU	112.0	Discontinuous urban fabric	Urban	0
456	Västra bergstoppen	P	643	6393667.82338854	445072.593194035	Jönköpings län	Svensk Dagfjärilsövervakning, LU	312.0	Coniferous forest	Forest	0
2681	Lejonsten, Mölndal	T	516	6393189.27557504	323775.915095693	Västra Götalands län	Svensk Dagfjärilsövervakning, LU	112.0	Discontinuous urban fabric	Urban	0
346	Tabergs gruva	T	36	6393047.53184742	445277.886459573	Jönköpings län	Biogeografisk uppföljning av fjärilar, LU	311.0	Broad-leaved forest	Forest	0
201	Forest Park, Taberg	P	2032	6393030.96585488	445649.92442123	Jönköpings län	Svensk Dagfjärilsövervakning, LU	112.0	Discontinuous urban fabric	Urban	0
1064	Sävshult 4147	T	4	6392839.00764598	382539.544220732	Västra Götalands län	Länsstyrelsen i Västra Götalands län	312.0	Coniferous forest	Forest	0
3646	Söderport, Visby	P	58	6392819.70384518	696534.306120355	Gotlands län	Svensk Dagfjärilsövervakning, LU	112.0	Discontinuous urban fabric	Urban	0
1052	Sävshult 4341	T	6	6392789.30135589	382562.124495767	Västra Götalands län	Länsstyrelsen i Västra Götalands län	312.0	Coniferous forest	Forest	0
2623	Boge Midsommarvägen 10	P	191	6392616.00396752	724714.494321411	Gotlands län	Svensk Dagfjärilsövervakning, LU	312.0	Coniferous forest	Forest	0
4308	Köpstadsö	P	26	6391979.79405924	309146.802034362	Västra Götalands län	Svensk Dagfjärilsövervakning, LU	312.0	Coniferous forest	Forest	0
3968	Remonthagens koloniområde, slinga	T	167	6391975.63443808	697948.163169483	Gotlands län	Svensk Dagfjärilsövervakning, LU	231.0	Pastures	Pasture/Rangeland	0
407	Furulunds koloniområde, Visby	P	422	6391210.40101361	698004.258995109	Gotlands län	Svensk Dagfjärilsövervakning, LU	231.0	Pastures	Pasture/Rangeland	0
398	N Glasmästargatan 6, Visby	P	117	6390643.11186421	698225.978218868	Gotlands län	Svensk Dagfjärilsövervakning, LU	112.0	Discontinuous urban fabric	Urban	0
41	Gothemhammar	P	54	6390537.62891605	727439.957326059	Gotlands län	Svensk Dagfjärilsövervakning, LU	312.0	Coniferous forest	Forest	0
621	Slättflis	T	607	6390119.40933351	698161.21574073	Gotlands län	Svensk Dagfjärilsövervakning, LU	231.0	Pastures	Pasture/Rangeland	0
718	Furustigen 2, Eksjö	P	12	6389961.89923214	497490.851675116	Jönköpings län	Svensk Dagfjärilsövervakning, LU	112.0	Discontinuous urban fabric	Urban	0
599	Skäret-Brännholmsviken	T	60	6389036.37381126	307705.692798041	Västra Götalands län	Svensk Dagfjärilsövervakning, LU	312.0	Coniferous forest	Forest	0
892	Eckern och Kringelsjön	T	804	6387441.87120077	448552.174450606	Jönköpings län	Svensk Dagfjärilsövervakning, LU	312.0	Coniferous forest	Forest	0
122	Hällesåker 2	T	222	6387216.06951968	332799.902948696	Västra Götalands län	Svensk Dagfjärilsövervakning, LU	311.0	Broad-leaved forest	Forest	0
121	Hällesåker 1	P	1247	6387171.23184301	332811.430000948	Västra Götalands län	Svensk Dagfjärilsövervakning, LU	312.0	Coniferous forest	Forest	0
1001	Hällesåker 2, slinga	T	122	6387047.79870164	333441.545323144	Västra Götalands län	Svensk Dagfjärilsövervakning, LU	312.0	Coniferous forest	Forest	0
992	Rörflatsvägen 7	P	313	6386769.91297339	318058.61350319	Västra Götalands län	Svensk Dagfjärilsövervakning, LU	312.0	Coniferous forest	Forest	0
175	Anderbåtels	P	595	6386131.45503736	709560.242207945	Gotlands län	Svensk Dagfjärilsövervakning, LU	312.0	Coniferous forest	Forest	0
53	Tofta skjutfält vid Suderbys	T	894	6386066.89507144	691513.292966356	Gotlands län	Svensk Dagfjärilsövervakning, LU	231.0	Pastures	Pasture/Rangeland	0
120	Björkvägen 6, 514 43 Länghem	P	1818	6385977.47255453	395236.898575619	Västra Götalands län	Svensk Dagfjärilsövervakning, LU	112.0	Discontinuous urban fabric	Urban	0
54	Suderbys	P	138	6385806.12821761	691866.344858079	Gotlands län	Svensk Dagfjärilsövervakning, LU	211.0	Non-irrigated arable land	Cropland	0
4337	Wrångö	T	28	6385772.94232397	307759.499785703	Västra Götalands län	Svensk Dagfjärilsövervakning, LU	112.0	Discontinuous urban fabric	Urban	0
42	Ingvards 235 Träkumla	P	40	6384633.04570108	697145.585293627	Gotlands län	Svensk Dagfjärilsövervakning, LU	312.0	Coniferous forest	Forest	0
176	Branden, Gothem	T	1262	6384582.32653099	723077.202601793	Gotlands län	Svensk Dagfjärilsövervakning, LU	312.0	Coniferous forest	Forest	0
771	Sågebacken, Seglora	T	62	6384372.26682358	364966.28940857	Västra Götalands län	Trafikverket	211.0	Non-irrigated arable land	Cropland	0
698	Sätila Hulta Hägnen	P	27	6384170.98275578	345175.273432331	Västra Götalands län	Svensk Dagfjärilsövervakning, LU	312.0	Coniferous forest	Forest	0
225	Stenkumla Kube	T	5969	6383135.74028837	694747.699496494	Gotlands län	Svensk Dagfjärilsövervakning, LU	312.0	Coniferous forest	Forest	0
261	Bragnum, Brottsgården 4	P	1331	6382856.34370642	392827.191947335	Västra Götalands län	Svensk Dagfjärilsövervakning, LU	211.0	Non-irrigated arable land	Cropland	0
3223	Sandsjöbacka, referensområde 3	T	185	6381978.11225877	323559.45309537	Hallands län	Trafikverket	231.0	Pastures	Pasture/Rangeland	0
3221	Sandsjöbacka, referensområde 1	T	79	6380283.93469777	323294.752727426	Hallands län	Trafikverket	312.0	Coniferous forest	Forest	0
3222	Sandsjöbacka, referensområde 2	T	15	6380264.42233618	323418.913624512	Hallands län	Trafikverket	312.0	Coniferous forest	Forest	0
3220	Sandsjöbacka, ekodukt	T	233	6380162.5087033	323337.172352363	Hallands län	Trafikverket	312.0	Coniferous forest	Forest	0
2891	Budskärs lillgårdsnad	T	39	6379386.8090436	317269.894552217	Hallands län	Svensk Dagfjärilsövervakning, LU	112.0	Discontinuous urban fabric	Urban	0
3808	Krängshult	P	1	6379257.9223078	451125.372348703	Jönköpings län	Svensk Dagfjärilsövervakning, LU	211.0	Non-irrigated arable land	Cropland	0
2725	Russnäs 16	P	22	6379050.59941379	498307.257131864	Jönköpings län	Svensk Dagfjärilsövervakning, LU	243.0	Land principally occupied by agriculture with significant areas of natural vegetation	Cropland	0
103	Enbjänne 1:38 Hogrän	P	116	6378282.49667944	695851.223805267	Gotlands län	Svensk Dagfjärilsövervakning, LU	312.0	Coniferous forest	Forest	0
707	Smågårde Naturskog	T	26	6376815.39291583	687575.782865017	Gotlands län	Svensk Dagfjärilsövervakning, LU	312.0	Coniferous forest	Forest	0
772	Roasjö-Roaskäl	T	97	6376799.87924151	378484.34256046	Västra Götalands län	Trafikverket	312.0	Coniferous forest	Forest	0
527	Björkebo	T	75	6376574.37567484	329883.105570452	Hallands län	Svensk Dagfjärilsövervakning, LU	311.0	Broad-leaved forest	Forest	0
2640	Fjärås Bräcka: Li till Svalhögen	T	107	6375291.13270336	331063.691112407	Hallands län	Svensk Dagfjärilsövervakning, LU	311.0	Broad-leaved forest	Forest	0
3227	Svenljunga naturbruksskola	T	268	6375112.06840495	385413.906334583	Västra Götalands län	Svensk Dagfjärilsövervakning, LU	211.0	Non-irrigated arable land	Cropland	0
703	Vallda Sandö NR	T	154	6374988.21013932	315910.976569001	Hallands län	Svensk Dagfjärilsövervakning, LU	231.0	Pastures	Pasture/Rangeland	0
104	Mästerby Ringome 1:39	P	130	6374605.46638	696986.750246858	Gotlands län	Svensk Dagfjärilsövervakning, LU	312.0	Coniferous forest	Forest	0
105	Mästerby Ringome 410	T	971	6374580.06539917	696700.089319048	Gotlands län	Svensk Dagfjärilsövervakning, LU	312.0	Coniferous forest	Forest	0
3576	Histilles	T	1895	6374240.0200537	726753.735624709	Gotlands län	Svensk Dagfjärilsövervakning, LU	312.0	Coniferous forest	Forest	0
3187	Kräklingbo Österby 741	P	1191	6374002.02004212	726246.610495158	Gotlands län	Svensk Dagfjärilsövervakning, LU	312.0	Coniferous forest	Forest	0
4059	Björkö-Ännaryd 3	P	38	6373788.94316707	498426.709164384	Jönköpings län	Svensk Dagfjärilsövervakning, LU	211.0	Non-irrigated arable land	Cropland	0
528	Davids lycka	P	388	6372228.97947499	329642.882344435	Hallands län	Svensk Dagfjärilsövervakning, LU	312.0	Coniferous forest	Forest	0
692	Älghagen	P	497	6371483.39552288	397918.85145076	Västra Götalands län	Svensk Dagfjärilsövervakning, LU	231.0	Pastures	Pasture/Rangeland	0
2639	Fjärås Bräcka: Grustaget	T	337	6370802.3731613	331039.041958724	Hallands län	Svensk Dagfjärilsövervakning, LU	243.0	Land principally occupied by agriculture with significant areas of natural vegetation	Cropland	0
46	Hallgårds 137	P	23	6370732.01894176	733042.817142002	Gotlands län	Svensk Dagfjärilsövervakning, LU	231.0	Pastures	Pasture/Rangeland	0
2793	Lunnabergsvägen 3	P	66	6370063.48651056	319733.278558747	Hallands län	Svensk Dagfjärilsövervakning, LU	311.0	Broad-leaved forest	Forest	0
769	Rättaregården-Nedergården	T	31	6369166.92532865	390036.220791636	Västra Götalands län	Trafikverket	243.0	Land principally occupied by agriculture with significant areas of natural vegetation	Cropland	0
49	Rågåkre backar	P	31	6368724.92601943	699067.297038869	Gotlands län	Svensk Dagfjärilsövervakning, LU	312.0	Coniferous forest	Forest	0
616	Herrgårdsklint	T	3738	6367771.31523398	724704.731860754	Gotlands län	Svensk Dagfjärilsövervakning, LU	312.0	Coniferous forest	Forest	0
1020	Fagerhult 8851	T	7	6367155.68378546	371906.264358633	Västra Götalands län	Länsstyrelsen i Västra Götalands län	243.0	Land principally occupied by agriculture with significant areas of natural vegetation	Cropland	0
1019	Fagerhult 6978	T	4	6366978.03997526	372181.231485492	Västra Götalands län	Länsstyrelsen i Västra Götalands län	243.0	Land principally occupied by agriculture with significant areas of natural vegetation	Cropland	0
47	Russvätar	T	17742	6366340.42960196	724112.770909188	Gotlands län	Svensk Dagfjärilsövervakning, LU	312.0	Coniferous forest	Forest	0
3634	Snäckan, Klintehamn	P	4	6365957.44462606	691496.139481773	Gotlands län	Artportalen, SLU	243.0	Land principally occupied by agriculture with significant areas of natural vegetation	Cropland	0
320	Sicklings, Klintehamn	P	224	6364887.57885566	692253.729914317	Gotlands län	Svensk Dagfjärilsövervakning, LU	112.0	Discontinuous urban fabric	Urban	0
582	Gällingeskolan	P	18	6364551.8116394	334653.239003544	Hallands län	Svensk Dagfjärilsövervakning, LU	242.0	Complex cultivation patterns	Cropland	0
3275	Nävelsjö Perstorp	T	35	6364327.72139511	491878.425733209	Jönköpings län	Svensk Dagfjärilsövervakning, LU	312.0	Coniferous forest	Forest	0
1081	Stubbatorpet i Fällhult	P	88	6364001.79202593	379529.799892744	Västra Götalands län	Svensk Dagfjärilsövervakning, LU	312.0	Coniferous forest	Forest	0
2744	Trädgård, Draget, Onsala	P	32	6363604.35782687	320418.589974458	Hallands län	Svensk Dagfjärilsövervakning, LU	112.0	Discontinuous urban fabric	Urban	0
3145	Hinkelsbo	P	13	6363601.87699934	404800.102077922	Västra Götalands län	Svensk Dagfjärilsövervakning, LU	312.0	Coniferous forest	Forest	0
3638	Blåbärsvägen 3, Ljugarn	P	1	6360914.39376472	723053.247380135	Gotlands län	Artportalen, SLU	112.0	Discontinuous urban fabric	Urban	0
58	Trädgård i Etelhem	P	63	6360251.37433166	710566.438379213	Gotlands län	Svensk Dagfjärilsövervakning, LU	211.0	Non-irrigated arable land	Cropland	0
2796	Flintvägen 12, Åsa	P	58	6359642.43136248	325540.671244465	Hallands län	Svensk Dagfjärilsövervakning, LU	112.0	Discontinuous urban fabric	Urban	0
534	Åsa Vita Sand	T	8	6359505.1960273	326862.544757969	Hallands län	Svensk Dagfjärilsövervakning, LU	523.0	Sea and ocean	Other	0
109	Nyman Fröjel -punkt	P	326	6359457.56629893	691600.223016811	Gotlands län	Svensk Dagfjärilsövervakning, LU	243.0	Land principally occupied by agriculture with significant areas of natural vegetation	Cropland	0
170	Autsarve änge Garda	P	12	6359336.55595372	714367.863086139	Gotlands län	Svensk Dagfjärilsövervakning, LU	211.0	Non-irrigated arable land	Cropland	0
598	Käldänget	P	104	6358082.51070901	717304.417391566	Gotlands län	Svensk Dagfjärilsövervakning, LU	243.0	Land principally occupied by agriculture with significant areas of natural vegetation	Cropland	0
378	Nidingen	T	23635	6355398.06211661	313334.102163161	Hallands län	Artportalen, SLU	523.0	Sea and ocean	Other	0
384	NV Mjöbäck	T	701	6354874.01164166	371736.076171729	Västra Götalands län	Svensk Dagfjärilsövervakning, LU	312.0	Coniferous forest	Forest	0
3141	Sjöstorp stugområde	P	11	6354722.53834324	625052.057066054	Kalmar län	Svensk Dagfjärilsövervakning, LU	211.0	Non-irrigated arable land	Cropland	0
2916	Kyrkänge	P	9	6354636.43985161	718280.167107131	Gotlands län	Svensk Dagfjärilsövervakning, LU	231.0	Pastures	Pasture/Rangeland	0
383	Korrasjö	P	42	6354436.08640503	371723.2755292	Västra Götalands län	Svensk Dagfjärilsövervakning, LU	312.0	Coniferous forest	Forest	0
2746	Ulvarp 11	P	34	6354086.81494093	530801.193730586	Jönköpings län	Svensk Dagfjärilsövervakning, LU	243.0	Land principally occupied by agriculture with significant areas of natural vegetation	Cropland	0
633	Böda östra, Fagerrör	T	9	6354042.84912016	627175.656619329	Kalmar län	Svensk Dagfjärilsövervakning, LU	312.0	Coniferous forest	Forest	0
3140	Enerums golfbana	T	0	6353662.64828719	620231.669325624	Kalmar län	Svensk Dagfjärilsövervakning, LU	231.0	Pastures	Pasture/Rangeland	0
4341	Stora Karlsö	T	476	6353211.98291772	679074.055846313	Gotlands län	Svensk Dagfjärilsövervakning, LU	231.0	Pastures	Pasture/Rangeland	0
2781	Hultsjö 1, Sävsjö	P	593	6352183.56258493	482367.022673677	Jönköpings län	Svensk Dagfjärilsövervakning, LU	243.0	Land principally occupied by agriculture with significant areas of natural vegetation	Cropland	0
3564	Björkgatan 17, Stockaryd	P	121	6352169.00235897	475567.844385041	Jönköpings län	Svensk Dagfjärilsövervakning, LU	112.0	Discontinuous urban fabric	Urban	0
495	Skogsslingan Mjöbäck	T	59	6351263.87096143	370807.358041284	Västra Götalands län	Svensk Dagfjärilsövervakning, LU	312.0	Coniferous forest	Forest	0
588	Norsbro punkt	P	130	6350988.93222737	708583.458713624	Gotlands län	Svensk Dagfjärilsövervakning, LU	312.0	Coniferous forest	Forest	0
1086	Burs Prästgården	P	18	6350361.8675841	711610.542916494	Gotlands län	Svensk Dagfjärilsövervakning, LU	243.0	Land principally occupied by agriculture with significant areas of natural vegetation	Cropland	0
805	Modala 1	P	155	6349529.25014824	429667.450943616	Jönköpings län	Svensk Dagfjärilsövervakning, LU	312.0	Coniferous forest	Forest	0
3635	Toffelgränd 3, Hemse	P	7	6348993.16354066	703602.693435318	Gotlands län	Artportalen, SLU	112.0	Discontinuous urban fabric	Urban	0
112	Burs Ammunde 417	P	291	6348639.92635102	712527.839233977	Gotlands län	Svensk Dagfjärilsövervakning, LU	312.0	Coniferous forest	Forest	0
632	Böda västra, Byrum	T	37	6345537.35497278	618450.305092958	Kalmar län	Svensk Dagfjärilsövervakning, LU	312.0	Coniferous forest	Forest	0
4203	Ingabo	T	163	6342720.23711366	455760.792511791	Jönköpings län	Svensk Dagfjärilsövervakning, LU	312.0	Coniferous forest	Forest	0
4204	Äng vid Ingabo mosse	T	264	6342654.5164712	455528.667557229	Jönköpings län	Svensk Dagfjärilsövervakning, LU	312.0	Coniferous forest	Forest	0
714	Släthult	P	4	6342238.90244579	566641.522368675	Kalmar län	Svensk Dagfjärilsövervakning, LU	243.0	Land principally occupied by agriculture with significant areas of natural vegetation	Cropland	0
35	Törnskatevägen 70	P	966	6339279.39776955	443654.667043628	Jönköpings län	Svensk Dagfjärilsövervakning, LU	112.0	Discontinuous urban fabric	Urban	0
2767	Silkeryd	P	5	6336652.20131918	483520.46923114	Kronobergs län	Svensk Dagfjärilsövervakning, LU	312.0	Coniferous forest	Forest	0
99	Trönninge - Bolse	T	1641	6335906.97259086	336095.010555104	Hallands län	Svensk Dagfjärilsövervakning, LU	112.0	Discontinuous urban fabric	Urban	0
3793	Slinga Tusenfalken	T	92	6334097.28286063	330543.565720964	Hallands län	Svensk Dagfjärilsövervakning, LU	142.0	Sport and leisure facilities	Urban	0
3186	Brunnsbergsskogen	T	77	6334079.91358688	334482.543384772	Hallands län	Svensk Dagfjärilsövervakning, LU	141.0	Green urban areas	Urban	0
3812	Gula huset, Köinge	P	167	6326903.8285942	356964.074234785	Hallands län	Svensk Dagfjärilsövervakning, LU	112.0	Discontinuous urban fabric	Urban	0
3933	Infart till Knisa mosse	T	101	6324416.89876919	613611.190267808	Kalmar län	Biogeografisk uppföljning av fjärilar, LU	231.0	Pastures	Pasture/Rangeland	0
3796	Vinninge, Berg	T	228	6324386.68239112	483161.626668113	Kronobergs län	Svensk Dagfjärilsövervakning, LU	211.0	Non-irrigated arable land	Cropland	0
28	Smedsgård	T	2042	6322744.78199599	338583.321583917	Hallands län	Svensk Dagfjärilsövervakning, LU	211.0	Non-irrigated arable land	Cropland	0
191	Rostock Hornsö	P	589	6320777.10419753	564107.988644691	Kronobergs län	Svensk Dagfjärilsövervakning, LU	312.0	Coniferous forest	Forest	0
31	Bondetorp	P	768	6317897.11546811	440899.657524471	Kronobergs län	Svensk Dagfjärilsövervakning, LU	312.0	Coniferous forest	Forest	0
2831	Klangebergsbacken 2	P	1303	6316899.27098552	357393.091520745	Hallands län	Svensk Dagfjärilsövervakning, LU	112.0	Discontinuous urban fabric	Urban	0
212	Sundre Socken	P	112	6316825.67476973	695693.104036034	Gotlands län	Svensk Dagfjärilsövervakning, LU	312.0	Coniferous forest	Forest	0
452	Gruebäcks hage, Tröingeberg	T	883	6311001.6146875	348853.374883444	Hallands län	Svensk Dagfjärilsövervakning, LU	311.0	Broad-leaved forest	Forest	0
451	Vidablicksvägen 25	P	475	6310676.27180848	348809.240269601	Hallands län	Svensk Dagfjärilsövervakning, LU	112.0	Discontinuous urban fabric	Urban	0
3926	Södra Tröingeberg	T	97	6310269.4952945	349232.810840471	Hallands län	Svensk Dagfjärilsövervakning, LU	112.0	Discontinuous urban fabric	Urban	0
3149	Hölminge	T	92	6308404.27766034	425899.402036809	Kronobergs län	Svensk Dagfjärilsövervakning, LU	211.0	Non-irrigated arable land	Cropland	0
4231	Råsa Nyborg	P	23	6305277.97734867	511562.714660134	Kronobergs län	Artportalen, SLU	312.0	Coniferous forest	Forest	0
4073	Södra Hov-Gamla Norr	T	23	6305220.55108343	489137.58643198	Kronobergs län	Svensk Dagfjärilsövervakning, LU	112.0	Discontinuous urban fabric	Urban	0
793	Bohult	P	438	6305038.09665162	410833.108142872	Kronobergs län	Svensk Dagfjärilsövervakning, LU	312.0	Coniferous forest	Forest	0
984	Guds gröna ängar	T	59	6296297.90947733	355744.096506906	Hallands län	Svensk Dagfjärilsövervakning, LU	311.0	Broad-leaved forest	Forest	0
3934	Karums södra alvar	T	264	6292987.75111674	599486.261069556	Kalmar län	Biogeografisk uppföljning av fjärilar, LU	231.0	Pastures	Pasture/Rangeland	0
933	Aplarydsvägen	T	100	6292557.09648826	477908.162291049	Kronobergs län	Artportalen, SLU	324.0	Transitional woodland-shrub	Unmanaged grass/shrubland	0
3797	Lidboholm	T	64	6291280.6136062	486995.674471896	Kronobergs län	Svensk Dagfjärilsövervakning, LU	324.0	Transitional woodland-shrub	Unmanaged grass/shrubland	0
3773	Hagaliden	P	70	6288947.50046415	472980.618891025	Kronobergs län	Svensk Dagfjärilsövervakning, LU	211.0	Non-irrigated arable land	Cropland	0
4282	Lynga	T	141	6287983.46227242	360333.600513516	Hallands län	Svensk Dagfjärilsövervakning, LU	211.0	Non-irrigated arable land	Cropland	0
172	Björkhem, Kalvsvik, Växjö	P	1437	6287494.73723064	481701.287965578	Kronobergs län	Svensk Dagfjärilsövervakning, LU	324.0	Transitional woodland-shrub	Unmanaged grass/shrubland	0
1083	Björkelund	T	651	6286331.95372942	383483.977331533	Hallands län	Svensk Dagfjärilsövervakning, LU	312.0	Coniferous forest	Forest	0
3927	Aledal	T	159	6285612.77542855	592280.881406776	Kalmar län	Biogeografisk uppföljning av fjärilar, LU	243.0	Land principally occupied by agriculture with significant areas of natural vegetation	Cropland	0
30	Trädgården till Tofta, Villa Toftasjö 223	P	538	6285505.84632696	378003.503939995	Hallands län	Svensk Dagfjärilsövervakning, LU	243.0	Land principally occupied by agriculture with significant areas of natural vegetation	Cropland	0
3282	Duvstigen 2	P	65	6284962.44086598	583399.842555186	Kalmar län	Svensk Dagfjärilsövervakning, LU	112.0	Discontinuous urban fabric	Urban	0
39	Jordtorpsåsen	T	3541	6282526.88244287	595198.451121103	Kalmar län	Svensk Dagfjärilsövervakning, LU	311.0	Broad-leaved forest	Forest	0
267	Gråborg	T	24	6281115.99309154	597898.373841887	Kalmar län	Svensk Dagfjärilsövervakning, LU	311.0	Broad-leaved forest	Forest	0
601	Krankelösa	P	88	6279813.17960559	570676.890333241	Kalmar län	Svensk Dagfjärilsövervakning, LU	312.0	Coniferous forest	Forest	0
3771	Rinkaby 7:41	P	26	6279746.22244556	574930.494401518	Kalmar län	Svensk Dagfjärilsövervakning, LU	211.0	Non-irrigated arable land	Cropland	0
266	Degerrörsbackarna	T	96	6278153.40325152	594554.049816412	Kalmar län	Svensk Dagfjärilsövervakning, LU	243.0	Land principally occupied by agriculture with significant areas of natural vegetation	Cropland	0
3939	Tävelsrum	T	141	6278006.79624183	596370.318307605	Kalmar län	Biogeografisk uppföljning av fjärilar, LU	311.0	Broad-leaved forest	Forest	0
3305	Hildeborg	T	1866	6277708.13292128	596647.760795041	Kalmar län	Svensk Dagfjärilsövervakning, LU	311.0	Broad-leaved forest	Forest	0
34	Hunshult 3	P	11492	6277257.68939715	481358.863592402	Kronobergs län	Svensk Dagfjärilsövervakning, LU	311.0	Broad-leaved forest	Forest	0
3930	Gårdby sandhed	T	316	6276617.32044601	600893.538280757	Kalmar län	Biogeografisk uppföljning av fjärilar, LU	312.0	Coniferous forest	Forest	0
2934	Mosslunda 3	T	352	6276571.83250817	401415.926689803	Kronobergs län	Svensk Dagfjärilsövervakning, LU	312.0	Coniferous forest	Forest	0
417	Öringe	P	3	6274257.58669886	380720.47083414	Hallands län	Svensk Dagfjärilsövervakning, LU	311.0	Broad-leaved forest	Forest	0
3937	Skarpa Alby, Biogeo	T	435	6272913.05664567	598496.667824654	Kalmar län	Biogeografisk uppföljning av fjärilar, LU	231.0	Pastures	Pasture/Rangeland	0
898	Skarpa Alby	P	109	6272789.8224178	597708.31118521	Kalmar län	Biogeografisk uppföljning av fjärilar, LU	333.0	Sparsely vegetated areas	Sparse/no vegetation	0
2930	Abrahams gård 10, punkt	P	1224	6272730.0862824	498003.778972782	Kalmar län	Svensk Dagfjärilsövervakning, LU	243.0	Land principally occupied by agriculture with significant areas of natural vegetation	Cropland	0
3965	Abrahams gård 10, slinga	T	220	6272730.0862824	498003.778972782	Kalmar län	Svensk Dagfjärilsövervakning, LU	243.0	Land principally occupied by agriculture with significant areas of natural vegetation	Cropland	0
614	Graneryd	P	1	6272524.26047936	456322.640875158	Kronobergs län	Svensk Dagfjärilsövervakning, LU	324.0	Transitional woodland-shrub	Unmanaged grass/shrubland	0
3935	Möckelmossen - Mysinge alvar	T	196	6266084.01588651	594602.865582997	Kalmar län	Biogeografisk uppföljning av fjärilar, LU	333.0	Sparsely vegetated areas	Sparse/no vegetation	0
709	Ängsvägen 7	P	72	6265507.90360534	488480.203437027	Kronobergs län	Svensk Dagfjärilsövervakning, LU	112.0	Discontinuous urban fabric	Urban	0
40	Stagneliusgatan 21, Mörbylånga	P	17	6264657.81444288	585187.037690827	Kalmar län	Svensk Dagfjärilsövervakning, LU	112.0	Discontinuous urban fabric	Urban	0
986	Idgränd 8, Laholm	P	460	6264418.5551099	378331.348936246	Hallands län	Svensk Dagfjärilsövervakning, LU	112.0	Discontinuous urban fabric	Urban	0
29	Körvelgången 17, Laholm	P	110	6263652.41298191	380669.148545694	Hallands län	Svensk Dagfjärilsövervakning, LU	112.0	Discontinuous urban fabric	Urban	0
3932	Gösslunda alvar	T	366	6261416.98651288	593477.944564189	Kalmar län	Biogeografisk uppföljning av fjärilar, LU	231.0	Pastures	Pasture/Rangeland	0
2905	Torrahems fjärilsslinga	T	24	6261092.10027655	416551.617211995	Kronobergs län	Svensk Dagfjärilsövervakning, LU	312.0	Coniferous forest	Forest	0
811	Bjärekusten slinga	T	178	6260316.34471577	360252.050165064	Skåne län	Länsstyrelsen i Malmö län	311.0	Broad-leaved forest	Forest	0
818	Hallands Väderö slinga	T	111	6258526.01153456	349071.161384819	Skåne län	Länsstyrelsen i Malmö län	311.0	Broad-leaved forest	Forest	0
589	Hårhult 7744	P	268	6257793.56713066	432391.068324678	Kronobergs län	Svensk Dagfjärilsövervakning, LU	312.0	Coniferous forest	Forest	0
646	Gråshult slinga	T	72	6256455.87918489	442421.319408278	Skåne län	Länsstyrelsen i Malmö län	231.0	Pastures	Pasture/Rangeland	0
647	Gråshult transekter	T	90	6256455.87918489	442421.319408278	Skåne län	Länsstyrelsen i Malmö län	231.0	Pastures	Pasture/Rangeland	0
3155	Enebacken, Torekov	P	4	6254470.25344287	354098.022399821	Skåne län	Svensk Dagfjärilsövervakning, LU	142.0	Sport and leisure facilities	Urban	0
4258	Skärlövs alvar NV	T	710	6253599.65420075	594730.351341692	Kalmar län	Svensk Dagfjärilsövervakning, LU	231.0	Pastures	Pasture/Rangeland	0
472	Lya ljunghed transekter	T	302	6253099.41542345	369726.737004179	Skåne län	Länsstyrelsen i Malmö län	243.0	Land principally occupied by agriculture with significant areas of natural vegetation	Cropland	0
471	Lya ljunghed slinga	T	108	6252852.48299746	369465.772170555	Skåne län	Länsstyrelsen i Malmö län	311.0	Broad-leaved forest	Forest	0
2944	Skärlövs alvar	T	1546	6252600.16721724	594582.110520539	Kalmar län	Svensk Dagfjärilsövervakning, LU	333.0	Sparsely vegetated areas	Sparse/no vegetation	0
962	Mellby alvar	T	1720	6251949.42875241	594675.718088048	Kalmar län	Svensk Dagfjärilsövervakning, LU	333.0	Sparsely vegetated areas	Sparse/no vegetation	0
52	Midingsbråte	T	137	6250105.80175154	489420.592841785	Kronobergs län	Svensk Dagfjärilsövervakning, LU	243.0	Land principally occupied by agriculture with significant areas of natural vegetation	Cropland	0
3162	Ängelbäcksstrand	P	115	6248311.16288849	360879.621279576	Skåne län	Svensk Dagfjärilsövervakning, LU	112.0	Discontinuous urban fabric	Urban	0
628	Gisslaboda 2357	P	656	6247920.89051367	458991.349338318	Skåne län	Svensk Dagfjärilsövervakning, LU	243.0	Land principally occupied by agriculture with significant areas of natural vegetation	Cropland	0
86	Linjevägen pkt 3 - grusgropen	P	194	6247195.43025435	496631.003369189	Blekinge län	Svensk Dagfjärilsövervakning, LU	312.0	Coniferous forest	Forest	0
84	Linjevägen pkt 1	P	286	6247194.36874626	496199.176371165	Blekinge län	Svensk Dagfjärilsövervakning, LU	312.0	Coniferous forest	Forest	0
85	Linjevägen pkt 2 1/2 vändpl	P	208	6247172.47336794	496463.334785177	Blekinge län	Svensk Dagfjärilsövervakning, LU	312.0	Coniferous forest	Forest	0
466	Hålebäckseröd transekter	T	59	6247117.88795474	372653.373320776	Skåne län	Länsstyrelsen i Malmö län	211.0	Non-irrigated arable land	Cropland	0
465	Hålebäckseröd slinga	T	61	6247052.92211814	372312.313714775	Skåne län	Länsstyrelsen i Malmö län	211.0	Non-irrigated arable land	Cropland	0
22	Fjärdingsmansvägen	P	655	6246968.29892683	364325.526801662	Skåne län	Svensk Dagfjärilsövervakning, LU	112.0	Discontinuous urban fabric	Urban	0
90	Linjevägen pkt 4 1/2 hyggeskanten	P	91	6246816.40052013	496616.451696165	Blekinge län	Svensk Dagfjärilsövervakning, LU	312.0	Coniferous forest	Forest	0
652	Ubbalt slinga	T	101	6246814.7191829	418165.384992391	Skåne län	Länsstyrelsen i Malmö län	313.0	Mixed forest	Forest	0
653	Ubbalt transekter	T	57	6246814.7191829	418165.384992391	Skåne län	Länsstyrelsen i Malmö län	313.0	Mixed forest	Forest	0
87	Linjevägen pkt 5 1/2 - jakttornet	P	125	6246585.99457651	496489.199683174	Blekinge län	Svensk Dagfjärilsövervakning, LU	312.0	Coniferous forest	Forest	0
3931	Gårdstorp	T	175	6246491.89239612	590331.802316747	Kalmar län	Biogeografisk uppföljning av fjärilar, LU	333.0	Sparsely vegetated areas	Sparse/no vegetation	0
88	Linjevägen pkt 7 - kärrkanten	P	85	6246408.03066901	496401.318309002	Blekinge län	Svensk Dagfjärilsövervakning, LU	312.0	Coniferous forest	Forest	0
4259	Krogsmåla Gård 	P	101	6246150.97058254	540841.013632658	Blekinge län	Svensk Dagfjärilsövervakning, LU	312.0	Coniferous forest	Forest	0
2951	Perstorpet transekter	T	350	6246100.3110103	454099.749611609	Skåne län	Länsstyrelsen i Malmö län	312.0	Coniferous forest	Forest	0
2952	Perstorpet slinga	T	168	6246085.49871892	454285.844435884	Skåne län	Länsstyrelsen i Malmö län	312.0	Coniferous forest	Forest	0
828	Malshult transekter	T	86	6245560.60774986	434825.468077349	Skåne län	Länsstyrelsen i Malmö län	211.0	Non-irrigated arable land	Cropland	0
297	Strömsborg, Osby	P	556	6245438.48006639	438990.047901627	Skåne län	Svensk Dagfjärilsövervakning, LU	311.0	Broad-leaved forest	Forest	0
89	Linjevägen Tranerås pkt 14	P	214	6245272.82116503	497115.358196409	Blekinge län	Svensk Dagfjärilsövervakning, LU	313.0	Mixed forest	Forest	0
829	Malshult slinga	T	157	6245239.42464255	434712.283664501	Skåne län	Länsstyrelsen i Malmö län	211.0	Non-irrigated arable land	Cropland	0
91	Linjevägen pkt 18	P	478	6244611.73763785	496575.306177668	Blekinge län	Svensk Dagfjärilsövervakning, LU	313.0	Mixed forest	Forest	0
2933	Ljungabolet, slinga	T	3	6243348.2061617	377033.293701449	Skåne län	Svensk Dagfjärilsövervakning, LU	312.0	Coniferous forest	Forest	0
70	Ljungabolet, punkt	P	369	6242999.63564285	376286.766934059	Skåne län	Svensk Dagfjärilsövervakning, LU	311.0	Broad-leaved forest	Forest	0
4200	Albrunna	T	294	6242664.85083064	588537.108733997	Kalmar län	Biogeografisk uppföljning av fjärilar, LU	333.0	Sparsely vegetated areas	Sparse/no vegetation	0
26	Hemsjö	P	289	6242510.78597258	481576.63775306	Blekinge län	Svensk Dagfjärilsövervakning, LU	211.0	Non-irrigated arable land	Cropland	0
2910	Magnarps ängen	P	232	6242185.25838431	362739.456607741	Skåne län	Svensk Dagfjärilsövervakning, LU	112.0	Discontinuous urban fabric	Urban	0
2791	Varehög	P	267	6242184.90713918	362709.476782898	Skåne län	Svensk Dagfjärilsövervakning, LU	112.0	Discontinuous urban fabric	Urban	0
824	Kullaberg slinga	T	212	6242058.68259522	342808.858538113	Skåne län	Länsstyrelsen i Malmö län	324.0	Transitional woodland-shrub	Unmanaged grass/shrubland	0
20	Nissakäll 9:10	P	2325	6241321.75500884	388935.966219809	Skåne län	Svensk Dagfjärilsövervakning, LU	311.0	Broad-leaved forest	Forest	0
727	Rasmus norra, Sonaboda	P	297	6241136.91787464	431866.64134401	Skåne län	Svensk Dagfjärilsövervakning, LU	311.0	Broad-leaved forest	Forest	0
728	Rasmus södra, Sonaboda	P	153	6241053.2877922	431809.646948739	Skåne län	Svensk Dagfjärilsövervakning, LU	311.0	Broad-leaved forest	Forest	0
684	Norrevång östra, Sonaboda	P	0	6241032.68458796	432098.757990141	Skåne län	Svensk Dagfjärilsövervakning, LU	311.0	Broad-leaved forest	Forest	0
4220	Gånarps Backaväg 123	P	146	6240977.86690984	372633.369107633	Skåne län	Svensk Dagfjärilsövervakning, LU	243.0	Land principally occupied by agriculture with significant areas of natural vegetation	Cropland	0
730	Alevången, Sonaboda	P	335	6240894.93139962	431858.480366007	Skåne län	Svensk Dagfjärilsövervakning, LU	311.0	Broad-leaved forest	Forest	0
729	Främre Kransavången, Sonaboda	P	1051	6240600.73686956	431915.901431118	Skåne län	Svensk Dagfjärilsövervakning, LU	311.0	Broad-leaved forest	Forest	0
82	Bårabygd-vägen-krönet	P	85	6239689.53155426	504256.154340953	Blekinge län	Svensk Dagfjärilsövervakning, LU	312.0	Coniferous forest	Forest	0
83	Bårabygd-vägen 25 N björkridån	P	163	6239630.78336169	504275.835303996	Blekinge län	Svensk Dagfjärilsövervakning, LU	312.0	Coniferous forest	Forest	0
832	Möllehässle slinga	T	176	6239385.45194221	345391.751095734	Skåne län	Länsstyrelsen i Malmö län	211.0	Non-irrigated arable land	Cropland	0
648	Sporrakulla slinga	T	58	6237029.91035309	453310.35924287	Skåne län	Länsstyrelsen i Malmö län	312.0	Coniferous forest	Forest	0
649	Sporrakulla transekter	T	62	6237029.91035309	453310.35924287	Skåne län	Länsstyrelsen i Malmö län	312.0	Coniferous forest	Forest	0
4091	Hässlehult	T	316	6235951.92587927	502209.667556537	Blekinge län	Svensk Dagfjärilsövervakning, LU	311.0	Broad-leaved forest	Forest	0
3290	Gaslunda, Torpet	P	247	6235754.08934017	479925.422749822	Blekinge län	Svensk Dagfjärilsövervakning, LU	312.0	Coniferous forest	Forest	0
3292	Gaslunda, Jordkällaren	P	416	6235708.1019821	479924.961375393	Blekinge län	Svensk Dagfjärilsövervakning, LU	312.0	Coniferous forest	Forest	0
3291	Gaslunda, Våtmarken	P	202	6235667.71372853	479890.447802914	Blekinge län	Svensk Dagfjärilsövervakning, LU	312.0	Coniferous forest	Forest	0
3272	Västerviks lägerplats	P	26	6234896.18762674	463761.969548797	Skåne län	Svensk Dagfjärilsövervakning, LU	311.0	Broad-leaved forest	Forest	0
3171	Sjukhuset, Ängelholm	P	45	6234866.94224464	367414.718516583	Skåne län	Svensk Dagfjärilsövervakning, LU	112.0	Discontinuous urban fabric	Urban	0
3269	Ängsmarken norr om Skogstorpet Månsas	P	51	6234702.46591757	463266.442048613	Skåne län	Svensk Dagfjärilsövervakning, LU	312.0	Coniferous forest	Forest	0
3270	Söder om Skogstorpet Månsas	P	39	6234652.62205683	463278.020832464	Skåne län	Svensk Dagfjärilsövervakning, LU	312.0	Coniferous forest	Forest	0
3182	Fångstvägen 11	P	368	6234583.0372862	356055.147845975	Skåne län	Svensk Dagfjärilsövervakning, LU	112.0	Discontinuous urban fabric	Urban	0
3610	Stjärnstoffs Gård	P	1	6233822.69917884	385363.626134243	Skåne län	Svensk Dagfjärilsövervakning, LU	211.0	Non-irrigated arable land	Cropland	0
2785	Ryedal 1:13	P	202	6233632.78039619	487687.248481401	Blekinge län	Svensk Dagfjärilsövervakning, LU	211.0	Non-irrigated arable land	Cropland	0
4090	Åkekvarna	P	109	6233580.18651232	476529.212967712	Blekinge län	Svensk Dagfjärilsövervakning, LU	311.0	Broad-leaved forest	Forest	0
830	Mannagården transekter	T	118	6233520.39926192	442120.285412372	Skåne län	Länsstyrelsen i Malmö län	211.0	Non-irrigated arable land	Cropland	0
831	Mannagården slinga	T	99	6233246.7153329	442222.444639746	Skåne län	Länsstyrelsen i Malmö län	211.0	Non-irrigated arable land	Cropland	0
3566	Pölsekruvägen 76	T	36	6232602.49912866	489594.579851113	Blekinge län	Svensk Dagfjärilsövervakning, LU	112.0	Discontinuous urban fabric	Urban	0
4221	Törnåkra	P	34	6231885.35848157	556723.187813067	Blekinge län	Svensk Dagfjärilsövervakning, LU	211.0	Non-irrigated arable land	Cropland	0
95	Sjöarp-3-torpet-4pÖ	P	132	6231873.3305256	510405.458729068	Blekinge län	Svensk Dagfjärilsövervakning, LU	312.0	Coniferous forest	Forest	0
97	Sjöarp-Bårkullen-Tågsvackan	P	322	6231867.370993	511263.224348607	Blekinge län	Svensk Dagfjärilsövervakning, LU	312.0	Coniferous forest	Forest	0
96	Sjöarp-BårkullensSV-översiln	P	394	6231846.66801728	511373.427625486	Blekinge län	Svensk Dagfjärilsövervakning, LU	312.0	Coniferous forest	Forest	0
94	Sjöarp-torpet	P	281	6231810.79842086	511981.632388807	Blekinge län	Svensk Dagfjärilsövervakning, LU	211.0	Non-irrigated arable land	Cropland	0
336	Sjöarp-Bårkullen-vändplatsen	P	272	6231807.2713387	511081.991868183	Blekinge län	Svensk Dagfjärilsövervakning, LU	312.0	Coniferous forest	Forest	0
92	Sjöarp-3-bäcken	P	116	6231782.64982369	510344.541586319	Blekinge län	Svensk Dagfjärilsövervakning, LU	312.0	Coniferous forest	Forest	0
1004	Sjöarp-Emilshem	P	132	6231486.79581421	510518.941935093	Blekinge län	Svensk Dagfjärilsövervakning, LU	312.0	Coniferous forest	Forest	0
98	Sjöarp-ren.verket	P	530	6230893.59256006	511765.44213868	Blekinge län	Svensk Dagfjärilsövervakning, LU	311.0	Broad-leaved forest	Forest	0
93	Sjöarp VF-lokalen	P	281	6230763.51050691	512010.877598778	Blekinge län	Svensk Dagfjärilsövervakning, LU	311.0	Broad-leaved forest	Forest	0
2728	Martins Fälad, Stidsvig	P	18	6230175.66612145	383750.149291063	Skåne län	Svensk Dagfjärilsövervakning, LU	112.0	Discontinuous urban fabric	Urban	0
306	Karstorp	P	1375	6229906.07402149	473831.288671389	Blekinge län	Svensk Dagfjärilsövervakning, LU	243.0	Land principally occupied by agriculture with significant areas of natural vegetation	Cropland	0
288	Blistorp	P	355	6229538.05565039	465441.994282044	Skåne län	Svensk Dagfjärilsövervakning, LU	231.0	Pastures	Pasture/Rangeland	0
2876	Elehus	T	1331	6229441.27249986	436316.599106157	Skåne län	Svensk Dagfjärilsövervakning, LU	312.0	Coniferous forest	Forest	0
3833	Annedal, Vankiva	T	202	6229432.65864579	422591.938260207	Skåne län	Svensk Dagfjärilsövervakning, LU	211.0	Non-irrigated arable land	Cropland	0
2878	Skrubbalyckan	P	101	6229136.73671141	436430.112258719	Skåne län	Svensk Dagfjärilsövervakning, LU	312.0	Coniferous forest	Forest	0
3955	Höjelycke 2	P	116	6229056.13459776	436461.041680133	Skåne län	Svensk Dagfjärilsövervakning, LU	312.0	Coniferous forest	Forest	0
2877	Höjelycke	P	99	6229022.54594071	436409.457741515	Skåne län	Svensk Dagfjärilsövervakning, LU	311.0	Broad-leaved forest	Forest	0
3692	Gärestad	T	27	6228947.75020724	520695.101946184	Blekinge län	Biogeografisk uppföljning av fjärilar, LU	312.0	Coniferous forest	Forest	0
342	Sibbarp	P	742	6228826.29258095	468514.06773428	Skåne län	Svensk Dagfjärilsövervakning, LU	311.0	Broad-leaved forest	Forest	0
4257	Solberget, Ronneby	P	10	6228766.61170782	518028.138938042	Blekinge län	Svensk Dagfjärilsövervakning, LU	112.0	Discontinuous urban fabric	Urban	0
3680	Bofinksvägen	T	28	6228627.94577305	519591.22215884	Blekinge län	Biogeografisk uppföljning av fjärilar, LU	312.0	Coniferous forest	Forest	0
3676	Binga	T	27	6228285.56337352	521514.568385722	Blekinge län	Biogeografisk uppföljning av fjärilar, LU	312.0	Coniferous forest	Forest	0
3719	Ronneby östra	T	20	6228083.87987102	519569.594294263	Blekinge län	Biogeografisk uppföljning av fjärilar, LU	112.0	Discontinuous urban fabric	Urban	0
591	Penarp	T	3557	6227968.81321222	386571.544153217	Skåne län	Svensk Dagfjärilsövervakning, LU	211.0	Non-irrigated arable land	Cropland	0
3686	Flisberget	T	7	6227758.00067169	519912.288595092	Blekinge län	Biogeografisk uppföljning av fjärilar, LU	243.0	Land principally occupied by agriculture with significant areas of natural vegetation	Cropland	0
3715	Påtorp	T	177	6227727.17997418	519584.761696898	Blekinge län	Biogeografisk uppföljning av fjärilar, LU	311.0	Broad-leaved forest	Forest	0
3673	Anglemåla	T	22	6227410.28837871	520696.087072963	Blekinge län	Biogeografisk uppföljning av fjärilar, LU	311.0	Broad-leaved forest	Forest	0
3717	Risatorp	T	17	6227268.14000283	516661.141973398	Blekinge län	Biogeografisk uppföljning av fjärilar, LU	313.0	Mixed forest	Forest	0
3132	Svedberga kulle	T	286	6227117.20452551	357601.723266987	Skåne län	Svensk Dagfjärilsövervakning, LU	311.0	Broad-leaved forest	Forest	0
4093	Gullregnsvägen, Mörrum	P	6	6226959.90674015	484829.431771591	Blekinge län	Svensk Dagfjärilsövervakning, LU	112.0	Discontinuous urban fabric	Urban	0
3920	Horsaryd Mark, Trädgård	P	126	6226595.83707246	489256.990634832	Blekinge län	Svensk Dagfjärilsövervakning, LU	311.0	Broad-leaved forest	Forest	0
3674	Askeboda	T	115	6225999.40029033	510746.058792803	Blekinge län	Biogeografisk uppföljning av fjärilar, LU	211.0	Non-irrigated arable land	Cropland	0
4260	Långakärr	T	84	6225939.79396655	492737.344806702	Blekinge län	Svensk Dagfjärilsövervakning, LU	312.0	Coniferous forest	Forest	0
3636	Attanäs 367, Karlskrona	P	27	6225742.27161045	557841.718891923	Blekinge län	Artportalen, SLU	211.0	Non-irrigated arable land	Cropland	0
4246	Ringvägen 8	P	37	6225612.03641073	491892.497131388	Blekinge län	Svensk Dagfjärilsövervakning, LU	112.0	Discontinuous urban fabric	Urban	0
4227	Målen	P	232	6225600.81395953	554036.511957574	Blekinge län	Svensk Dagfjärilsövervakning, LU	211.0	Non-irrigated arable land	Cropland	0
3690	Guttamåla	T	3	6225518.00849351	511296.493748497	Blekinge län	Biogeografisk uppföljning av fjärilar, LU	312.0	Coniferous forest	Forest	0
3273	Arkelstorps scoutstuga	P	49	6225401.40581502	456093.27990737	Skåne län	Svensk Dagfjärilsövervakning, LU	112.0	Discontinuous urban fabric	Urban	0
3288	Rosengården 1	P	6	6224596.39453087	492061.311380279	Blekinge län	Svensk Dagfjärilsövervakning, LU	141.0	Green urban areas	Urban	0
3289	Rosengården 2	P	4	6224573.86203598	492100.560058322	Blekinge län	Svensk Dagfjärilsövervakning, LU	141.0	Green urban areas	Urban	0
994	Smålarp 1117	P	8	6224446.23365217	384830.647941841	Skåne län	Svensk Dagfjärilsövervakning, LU	211.0	Non-irrigated arable land	Cropland	0
292	Gudahagen	P	811	6224242.6866228	468131.840692415	Skåne län	Svensk Dagfjärilsövervakning, LU	231.0	Pastures	Pasture/Rangeland	0
2622	Aspan, punkt	P	49	6224234.87030335	519626.591536027	Blekinge län	Svensk Dagfjärilsövervakning, LU	311.0	Broad-leaved forest	Forest	0
981	Flyktinggatan 14	P	111	6224228.18494972	413112.276970052	Skåne län	Svensk Dagfjärilsövervakning, LU	112.0	Discontinuous urban fabric	Urban	0
786	Rallaregatan 30	P	511	6224219.4475593	362103.201608759	Skåne län	Svensk Dagfjärilsövervakning, LU	112.0	Discontinuous urban fabric	Urban	0
415	Aspan-halvön slinga 1	T	1396	6224206.80083538	519790.863279527	Blekinge län	Svensk Dagfjärilsövervakning, LU	311.0	Broad-leaved forest	Forest	0
419	Aspan-halvön slinga 2	T	545	6224172.78966385	519532.349881208	Blekinge län	Svensk Dagfjärilsövervakning, LU	311.0	Broad-leaved forest	Forest	0
2883	Kattarps mosse	T	39	6223727.09969255	362734.622868563	Skåne län	Svensk Dagfjärilsövervakning, LU	211.0	Non-irrigated arable land	Cropland	0
982	Sanatorieskogen	T	137	6223665.67179921	412618.09148928	Skåne län	Svensk Dagfjärilsövervakning, LU	313.0	Mixed forest	Forest	0
440	Hallarumsviken	T	312	6223630.41345526	551043.460600394	Blekinge län	Svensk Dagfjärilsövervakning, LU	311.0	Broad-leaved forest	Forest	0
656	Orehagen transekter	T	118	6223548.23524419	463536.846237339	Skåne län	Länsstyrelsen i Malmö län	311.0	Broad-leaved forest	Forest	0
657	Orehagen slinga	T	47	6223548.23524419	463536.846237339	Skåne län	Länsstyrelsen i Malmö län	311.0	Broad-leaved forest	Forest	0
4229	Slättamossen	T	369	6222982.31886159	551873.784802126	Blekinge län	Svensk Dagfjärilsövervakning, LU	311.0	Broad-leaved forest	Forest	0
826	Kvidinge transekter	T	32	6222946.65770469	379928.703732902	Skåne län	Länsstyrelsen i Malmö län	211.0	Non-irrigated arable land	Cropland	0
827	Kvidinge slinga	T	23	6222919.75237416	379679.147208433	Skåne län	Länsstyrelsen i Malmö län	211.0	Non-irrigated arable land	Cropland	0
4226	Branthalla	P	277	6222721.25793671	551263.022972889	Blekinge län	Svensk Dagfjärilsövervakning, LU	311.0	Broad-leaved forest	Forest	0
476	Skälsböke transekter	T	145	6222051.53673424	411001.740138578	Skåne län	Länsstyrelsen i Malmö län	311.0	Broad-leaved forest	Forest	0
475	Skälsböke slinga	T	211	6222011.52215296	410742.332028202	Skåne län	Länsstyrelsen i Malmö län	311.0	Broad-leaved forest	Forest	0
2953	Ignaberga flygplats slinga 2	T	59	6221631.69221138	430495.573310389	Skåne län	Länsstyrelsen i Malmö län	211.0	Non-irrigated arable land	Cropland	0
1103	Ignaberga flygplats transekter	T	429	6221631.31568473	430805.437209299	Skåne län	Länsstyrelsen i Malmö län	211.0	Non-irrigated arable land	Cropland	0
341	Hagstad	P	663	6221504.87866742	471217.603229716	Skåne län	Svensk Dagfjärilsövervakning, LU	311.0	Broad-leaved forest	Forest	0
102	Svanhalla 12:23	P	833	6221276.5268374	554755.85386804	Blekinge län	Svensk Dagfjärilsövervakning, LU	311.0	Broad-leaved forest	Forest	0
291	Leingaryd	P	294	6220674.28731675	471138.345540436	Skåne län	Svensk Dagfjärilsövervakning, LU	311.0	Broad-leaved forest	Forest	0
562	Gummastorp Kristianstad slinga	T	88	6220215.20969575	445453.486633735	Skåne län	Länsstyrelsen i Malmö län	311.0	Broad-leaved forest	Forest	0
671	Gummastorp Perstorp slinga	T	89	6220066.44479853	396117.199333133	Skåne län	Länsstyrelsen i Malmö län	312.0	Coniferous forest	Forest	0
672	Gummastorp Perstorp transekter	T	63	6220066.44479853	396117.199333133	Skåne län	Länsstyrelsen i Malmö län	312.0	Coniferous forest	Forest	0
561	Gummastorp Kristianstad transekter	T	108	6219955.30125756	445879.339865503	Skåne län	Länsstyrelsen i Malmö län	211.0	Non-irrigated arable land	Cropland	0
654	Bjärlöv transekter	T	114	6219861.44316463	444177.178952869	Skåne län	Länsstyrelsen i Malmö län	243.0	Land principally occupied by agriculture with significant areas of natural vegetation	Cropland	0
655	Bjärlöv slinga	T	179	6219563.29000417	444409.562939283	Skåne län	Länsstyrelsen i Malmö län	311.0	Broad-leaved forest	Forest	0
2959	Herrevadskloster-Horsabacken slinga	T	148	6219318.51400379	391216.390449645	Skåne län	Länsstyrelsen i Malmö län	231.0	Pastures	Pasture/Rangeland	0
4271	Björka skog	T	250	6218971.52168874	361184.082063235	Skåne län	Svensk Dagfjärilsövervakning, LU	311.0	Broad-leaved forest	Forest	0
27	Bredavik 19:32 (Sturkö)	P	1884	6218836.1205125	542935.018141145	Blekinge län	Svensk Dagfjärilsövervakning, LU	211.0	Non-irrigated arable land	Cropland	0
3170	Stugehus, Ljungbyhed	P	8	6218294.82383149	393337.29702735	Skåne län	Svensk Dagfjärilsövervakning, LU	312.0	Coniferous forest	Forest	0
553	Herrevadskloster transekter	T	253	6217850.73925705	389547.39085567	Skåne län	Länsstyrelsen i Malmö län	243.0	Land principally occupied by agriculture with significant areas of natural vegetation	Cropland	0
554	Herrevadskloster slinga	T	317	6217545.7944655	389538.960082952	Skåne län	Länsstyrelsen i Malmö län	231.0	Pastures	Pasture/Rangeland	0
3759	Herrevadskloster slinga 2	T	27	6217545.7944655	389538.960082952	Skåne län	Länsstyrelsen i Malmö län	231.0	Pastures	Pasture/Rangeland	0
4066	Järbäck-Rynke	T	1940	6217408.82703585	387739.470679966	Skåne län	Svensk Dagfjärilsövervakning, LU	124.0	Airports	Urban	0
470	Åraslövs mosse transekter	T	159	6216481.98813304	435112.691130842	Skåne län	Länsstyrelsen i Malmö län	311.0	Broad-leaved forest	Forest	0
24	Johanneshus	P	5979	6216351.96009983	415425.273153739	Skåne län	Svensk Dagfjärilsövervakning, LU	312.0	Coniferous forest	Forest	0
469	Åraslövs mosse slinga	T	137	6216279.40203556	434113.50710502	Skåne län	Länsstyrelsen i Malmö län	211.0	Non-irrigated arable land	Cropland	0
838	Åvarps fälad slinga	T	40	6215351.5229337	376416.333900169	Skåne län	Länsstyrelsen i Malmö län	243.0	Land principally occupied by agriculture with significant areas of natural vegetation	Cropland	0
72	Båvs yttre stenbrott	P	1524	6215280.27539854	377418.645531474	Skåne län	Svensk Dagfjärilsövervakning, LU	311.0	Broad-leaved forest	Forest	0
483	Lilla Mörshög	P	293	6215234.11113879	371499.280768217	Skåne län	Svensk Dagfjärilsövervakning, LU	211.0	Non-irrigated arable land	Cropland	0
3758	Hallabäckens dalgång slinga 2	T	10	6215120.5039542	377773.328855707	Skåne län	Länsstyrelsen i Malmö län	311.0	Broad-leaved forest	Forest	0
3255	Hallabäckens dalgång slinga	T	104	6214945.09612868	376276.157293414	Skåne län	Länsstyrelsen i Malmö län	243.0	Land principally occupied by agriculture with significant areas of natural vegetation	Cropland	0
837	Åvarps fälad transekter	T	247	6214874.96922079	376518.85058524	Skåne län	Länsstyrelsen i Malmö län	243.0	Land principally occupied by agriculture with significant areas of natural vegetation	Cropland	0
3761	Åvarps fälad slinga 2	T	20	6214874.96922079	376518.85058524	Skåne län	Länsstyrelsen i Malmö län	243.0	Land principally occupied by agriculture with significant areas of natural vegetation	Cropland	0
1099	Skäralid	P	7	6211757.87558995	391007.862515846	Skåne län	Svensk Dagfjärilsövervakning, LU	311.0	Broad-leaved forest	Forest	0
2887	Råå slinga	T	749	6209206.21162123	358309.774638539	Skåne län	Svensk Dagfjärilsövervakning, LU	141.0	Green urban areas	Urban	0
3804	Raus södra	P	295	6208941.6319119	359703.10963972	Skåne län	Svensk Dagfjärilsövervakning, LU	112.0	Discontinuous urban fabric	Urban	0
836	Tosteberga ängar slinga	T	215	6208140.1889925	465300.157052775	Skåne län	Länsstyrelsen i Malmö län	211.0	Non-irrigated arable land	Cropland	0
3760	Tosteberga slinga 2	T	294	6208140.1889925	465300.157052775	Skåne län	Länsstyrelsen i Malmö län	211.0	Non-irrigated arable land	Cropland	0
581	Hagagatan, Kågeröd	P	6	6207790.07131773	380321.655131314	Skåne län	Artportalen, SLU	112.0	Discontinuous urban fabric	Urban	0
3626	Tjörnevallen	T	471	6207066.18058259	415153.875629692	Skåne län	Svensk Dagfjärilsövervakning, LU	112.0	Discontinuous urban fabric	Urban	0
2920	Svenska Björn 7	P	539	6204867.74567456	360637.183592145	Skåne län	Svensk Dagfjärilsövervakning, LU	112.0	Discontinuous urban fabric	Urban	0
3195	Björkögatan 6, Rydebäck	P	126	6204867.69902508	360633.18629821	Skåne län	Svensk Dagfjärilsövervakning, LU	112.0	Discontinuous urban fabric	Urban	0
227	Rydebäck	P	20	6204352.62222013	361030.985458777	Skåne län	Svensk Dagfjärilsövervakning, LU	112.0	Discontinuous urban fabric	Urban	0
606	Ellensro	P	63	6203809.01465783	397273.56232603	Skåne län	Svensk Dagfjärilsövervakning, LU	211.0	Non-irrigated arable land	Cropland	0
966	Slätthult	P	477	6203006.45807523	393507.805077031	Skåne län	Svensk Dagfjärilsövervakning, LU	211.0	Non-irrigated arable land	Cropland	0
1097	Våtseröd hygge	P	421	6202948.62600033	400887.822144955	Skåne län	Svensk Dagfjärilsövervakning, LU	311.0	Broad-leaved forest	Forest	0
739	Våtseröd	T	222	6202789.57926026	400705.767906007	Skåne län	Svensk Dagfjärilsövervakning, LU	312.0	Coniferous forest	Forest	0
3954	Östra Sand, parkeringsplatsen	T	414	6200573.67025831	457702.62451719	Skåne län	Biogeografisk uppföljning av fjärilar, LU	312.0	Coniferous forest	Forest	0
4233	Pallers, Lingonstigen 6	P	99	6200199.8906359	454536.32420749	Skåne län	Artportalen, SLU	112.0	Discontinuous urban fabric	Urban	0
2915	Pallers, Lingonstigen 8	P	145	6200160.97077229	454541.775918453	Skåne län	Svensk Dagfjärilsövervakning, LU	112.0	Discontinuous urban fabric	Urban	0
749	Lilla delen, Lyngsjö	T	253	6199479.96917665	442258.033202987	Skåne län	Svensk Dagfjärilsövervakning, LU	211.0	Non-irrigated arable land	Cropland	0
23	Enningervägen	P	3118	6199414.44656608	408866.183980755	Skåne län	Svensk Dagfjärilsövervakning, LU	112.0	Discontinuous urban fabric	Urban	0
676	Agnes källa slinga	T	92	6199235.08602882	402399.415759214	Skåne län	Länsstyrelsen i Malmö län	231.0	Pastures	Pasture/Rangeland	0
555	Boarps hed transekter	T	173	6199185.64519707	423360.005307782	Skåne län	Länsstyrelsen i Malmö län	231.0	Pastures	Pasture/Rangeland	0
751	Trädgården, Lyngsjö	P	46	6199165.32536204	442276.695359738	Skåne län	Svensk Dagfjärilsövervakning, LU	211.0	Non-irrigated arable land	Cropland	0
566	Södra Rörum N slinga	T	300	6199157.29592851	420328.746756455	Skåne län	Länsstyrelsen i Malmö län	231.0	Pastures	Pasture/Rangeland	0
675	Agnes källa transekter	T	36	6199137.24931257	402323.594331903	Skåne län	Länsstyrelsen i Malmö län	231.0	Pastures	Pasture/Rangeland	0
750	Stora delen, Lyngsjö	T	250	6198965.97655786	442324.999473157	Skåne län	Svensk Dagfjärilsövervakning, LU	211.0	Non-irrigated arable land	Cropland	0
556	Boarps hed slinga 1	T	689	6198918.16311045	423993.832126044	Skåne län	Länsstyrelsen i Malmö län	211.0	Non-irrigated arable land	Cropland	0
2957	Boarps hed slinga 2	T	59	6198918.16311045	423993.832126044	Skåne län	Länsstyrelsen i Malmö län	211.0	Non-irrigated arable land	Cropland	0
666	Björkåsen slinga	T	73	6198784.71618173	406291.774325229	Skåne län	Länsstyrelsen i Malmö län	313.0	Mixed forest	Forest	0
3942	Everöd, tvärrakan	T	556	6198722.88071944	442221.880468561	Skåne län	Biogeografisk uppföljning av fjärilar, LU	211.0	Non-irrigated arable land	Cropland	0
667	Ry slinga	T	51	6198645.18469538	404097.468584483	Skåne län	Länsstyrelsen i Malmö län	311.0	Broad-leaved forest	Forest	0
478	Mariedal - Östra Vram transekter	T	430	6198549.82997065	439639.040134219	Skåne län	Länsstyrelsen i Malmö län	231.0	Pastures	Pasture/Rangeland	0
1067	Älleköpinge transekter	T	121	6198487.69274582	452056.35420118	Skåne län	Länsstyrelsen i Malmö län	231.0	Pastures	Pasture/Rangeland	0
542	Hommentorp transekter	T	227	6198410.62352643	440130.446119932	Skåne län	Länsstyrelsen i Malmö län	231.0	Pastures	Pasture/Rangeland	0
665	Björkåsen transekter	T	39	6198395.68058359	406358.280594579	Skåne län	Länsstyrelsen i Malmö län	311.0	Broad-leaved forest	Forest	0
3953	Östra Sånnarna	T	380	6198350.07275827	453198.471253511	Skåne län	Biogeografisk uppföljning av fjärilar, LU	231.0	Pastures	Pasture/Rangeland	0
73	Linnekullav 100-22, 258 91 Tollarp	P	617	6198296.50576636	433085.927336858	Skåne län	Svensk Dagfjärilsövervakning, LU	311.0	Broad-leaved forest	Forest	0
2954	Mariedal - Östra Vram slinga 1	T	271	6198284.99610229	439300.279485131	Skåne län	Länsstyrelsen i Malmö län	231.0	Pastures	Pasture/Rangeland	0
586	Hommentorp slinga	T	81	6198171.0420086	440157.228734191	Skåne län	Länsstyrelsen i Malmö län	231.0	Pastures	Pasture/Rangeland	0
567	Södra Rörum S transekter	T	426	6198105.92666078	420597.885609666	Skåne län	Länsstyrelsen i Malmö län	211.0	Non-irrigated arable land	Cropland	0
3628	Linnekullavägen 188	P	261	6197598.46110134	432283.43202114	Skåne län	Svensk Dagfjärilsövervakning, LU	311.0	Broad-leaved forest	Forest	0
840	Ekebo slinga	T	296	6197565.92209599	439609.529240749	Skåne län	Länsstyrelsen i Malmö län	211.0	Non-irrigated arable land	Cropland	0
841	Sånnarna transekter	T	432	6197550.22478694	453353.733645398	Skåne län	Länsstyrelsen i Malmö län	231.0	Pastures	Pasture/Rangeland	0
4285	Kalasgatan 15, Landskrona	P	52	6196672.70872349	363854.097288076	Skåne län	Biogeografisk uppföljning av fjärilar, LU	112.0	Discontinuous urban fabric	Urban	0
541	Flintabacken transekter	T	299	6196198.30061014	454254.115770108	Skåne län	Länsstyrelsen i Malmö län	211.0	Non-irrigated arable land	Cropland	0
1071	Torastorp slinga	T	94	6196195.95731239	423267.919811141	Skåne län	Länsstyrelsen i Malmö län	211.0	Non-irrigated arable land	Cropland	0
1072	Torastorp transekter	T	51	6196195.95731239	423267.919811141	Skåne län	Länsstyrelsen i Malmö län	211.0	Non-irrigated arable land	Cropland	0
3947	Lyngby, Everöd	T	603	6195984.01303463	444187.959792427	Skåne län	Biogeografisk uppföljning av fjärilar, LU	312.0	Coniferous forest	Forest	0
1075	Ekeröd slinga	T	39	6195374.27655193	419146.424134504	Skåne län	Länsstyrelsen i Malmö län	243.0	Land principally occupied by agriculture with significant areas of natural vegetation	Cropland	0
1076	Ekeröd transekter	T	144	6195374.27655193	419146.424134504	Skåne län	Länsstyrelsen i Malmö län	243.0	Land principally occupied by agriculture with significant areas of natural vegetation	Cropland	0
3254	Fulltofta slinga	T	117	6194852.67127347	412727.542230561	Skåne län	Länsstyrelsen i Malmö län	311.0	Broad-leaved forest	Forest	0
547	Prästängen transekter	T	249	6194663.461437	448808.347266675	Skåne län	Länsstyrelsen i Malmö län	231.0	Pastures	Pasture/Rangeland	0
1073	Kyle slinga	T	170	6194585.00320827	420634.931076424	Skåne län	Länsstyrelsen i Malmö län	311.0	Broad-leaved forest	Forest	0
1074	Kyle transekter	T	94	6194585.00320827	420634.931076424	Skåne län	Länsstyrelsen i Malmö län	311.0	Broad-leaved forest	Forest	0
673	Ringsjön transekter	T	208	6194391.75450705	402853.686259148	Skåne län	Länsstyrelsen i Malmö län	211.0	Non-irrigated arable land	Cropland	0
548	Prästängen slinga	T	356	6194240.82973474	448824.267785525	Skåne län	Länsstyrelsen i Malmö län	211.0	Non-irrigated arable land	Cropland	0
960	Rosenvägen, Billeberga	P	20	6194160.10940616	374404.80443606	Skåne län	Svensk Dagfjärilsövervakning, LU	112.0	Discontinuous urban fabric	Urban	0
674	Ringsjön slinga	T	286	6193990.4621958	402983.302244446	Skåne län	Länsstyrelsen i Malmö län	512.0	Water bodies	Other	0
912	Skaneyland, Everöd	T	356	6193009.28298366	442984.170676996	Skåne län	Svensk Dagfjärilsövervakning, LU	211.0	Non-irrigated arable land	Cropland	0
3922	Häljarps våtmark	T	1637	6191985.98847982	370437.24785144	Skåne län	Svensk Dagfjärilsövervakning, LU	211.0	Non-irrigated arable land	Cropland	0
815	Everöds utmark transekter	T	150	6191781.47720032	432831.0095971	Skåne län	Länsstyrelsen i Malmö län	312.0	Coniferous forest	Forest	0
816	Everöds utmark slinga	T	106	6191536.12810188	432105.197924293	Skåne län	Länsstyrelsen i Malmö län	211.0	Non-irrigated arable land	Cropland	0
2918	Kelebekler Vadisi, Rönneberga	T	499	6191074.585903	393092.196617606	Skåne län	Svensk Dagfjärilsövervakning, LU	211.0	Non-irrigated arable land	Cropland	0
2832	Villa Wig-Wam Wueggertzro	P	127	6190893.86107801	393965.865777804	Skåne län	Svensk Dagfjärilsövervakning, LU	112.0	Discontinuous urban fabric	Urban	0
3921	Kvärlövs naturreservat	P	307	6189418.3999883	373787.41453491	Skåne län	Svensk Dagfjärilsövervakning, LU	211.0	Non-irrigated arable land	Cropland	0
3668	Askebacken Lyby NR	T	21	6189269.55428227	413175.414387257	Skåne län	Länsstyrelsen i Malmö län	243.0	Land principally occupied by agriculture with significant areas of natural vegetation	Cropland	0
4243	Dösjebro-gamla tippen-ån-järnvägen	T	849	6188231.74429054	376080.044454244	Skåne län	Svensk Dagfjärilsövervakning, LU	242.0	Complex cultivation patterns	Cropland	0
467	Fjällmossen slinga	T	303	6188101.07515692	431194.64274289	Skåne län	Länsstyrelsen i Malmö län	311.0	Broad-leaved forest	Forest	0
3757	Fjällmossen slinga 2	T	87	6188101.07515692	431194.64274289	Skåne län	Länsstyrelsen i Malmö län	311.0	Broad-leaved forest	Forest	0
188	Abullahagen	T	609	6187986.81397811	394523.469653241	Skåne län	Svensk Dagfjärilsövervakning, LU	231.0	Pastures	Pasture/Rangeland	0
2888	Dösjebro-Dagstorps mosse	T	4625	6187562.5508409	378092.794012523	Skåne län	Svensk Dagfjärilsövervakning, LU	211.0	Non-irrigated arable land	Cropland	0
468	Fjällmossen transekter	T	280	6187402.05673877	431165.800349135	Skåne län	Länsstyrelsen i Malmö län	231.0	Pastures	Pasture/Rangeland	0
21	Gudmuntorp 102	P	1225	6186867.98489614	404445.608265707	Skåne län	Svensk Dagfjärilsövervakning, LU	311.0	Broad-leaved forest	Forest	0
3669	Hunnabacken NR	T	25	6186778.52941109	429121.996168645	Skåne län	Länsstyrelsen i Malmö län	231.0	Pastures	Pasture/Rangeland	0
551	Rövarekulan transekter	T	398	6184397.36946861	405748.7566078	Skåne län	Länsstyrelsen i Malmö län	211.0	Non-irrigated arable land	Cropland	0
552	Rövarekulan slinga	T	357	6184293.30736934	405824.931739791	Skåne län	Länsstyrelsen i Malmö län	211.0	Non-irrigated arable land	Cropland	0
69	Tullsåkra, punkt	P	7	6182644.92269179	418688.980421379	Skåne län	Svensk Dagfjärilsövervakning, LU	211.0	Non-irrigated arable land	Cropland	0
3943	Fästan	T	85	6181447.84469698	448092.631507699	Skåne län	Biogeografisk uppföljning av fjärilar, LU	231.0	Pastures	Pasture/Rangeland	0
4286	Södra Lökaröd 9:67	P	32	6180777.87130572	442314.958155981	Skåne län	Svensk Dagfjärilsövervakning, LU	211.0	Non-irrigated arable land	Cropland	0
3941	Drakamöllan, naturreservat	T	1125	6180500.50459443	444592.186446399	Skåne län	Biogeografisk uppföljning av fjärilar, LU	231.0	Pastures	Pasture/Rangeland	0
640	Drakamöllan slinga	T	153	6179635.96441889	445973.646679952	Skåne län	Länsstyrelsen i Malmö län	231.0	Pastures	Pasture/Rangeland	0
641	Drakamöllan transekter	T	385	6179635.96441889	445973.646679952	Skåne län	Länsstyrelsen i Malmö län	231.0	Pastures	Pasture/Rangeland	0
348	Flyingeängen	P	859	6178311.16448876	396457.202020565	Skåne län	Svensk Dagfjärilsövervakning, LU	211.0	Non-irrigated arable land	Cropland	0
596	Odarslöv	P	306	6178140.7755768	392293.269961332	Skåne län	Svensk Dagfjärilsövervakning, LU	211.0	Non-irrigated arable land	Cropland	0
25	Lunds ladugårdsstråk	T	433	6177989.8611733	387827.286389227	Skåne län	Svensk Dagfjärilsövervakning, LU	211.0	Non-irrigated arable land	Cropland	0
595	Linnebjer	P	1060	6177798.58335847	393378.708059222	Skåne län	Svensk Dagfjärilsövervakning, LU	311.0	Broad-leaved forest	Forest	0
3940	Brösarps backar	T	405	6177790.84007666	442886.476310751	Skåne län	Biogeografisk uppföljning av fjärilar, LU	231.0	Pastures	Pasture/Rangeland	0
537	Sakförarevägen 4	P	532	6177366.08549962	387389.770569934	Skåne län	Svensk Dagfjärilsövervakning, LU	112.0	Discontinuous urban fabric	Urban	0
18	Sandbymosse, grustaget	P	441	6177156.09843017	399065.353056193	Skåne län	Svensk Dagfjärilsövervakning, LU	243.0	Land principally occupied by agriculture with significant areas of natural vegetation	Cropland	0
600	Räften	P	865	6176437.97892125	392237.119468418	Skåne län	Svensk Dagfjärilsövervakning, LU	231.0	Pastures	Pasture/Rangeland	0
67	Kungsmarken, Lund	T	1851	6175935.94675655	391439.364600475	Skåne län	Svensk Dagfjärilsövervakning, LU	142.0	Sport and leisure facilities	Urban	0
825	Kungsmarken slinga Bushlife	T	23	6175888.75422179	391077.096658259	Skåne län	Länsstyrelsen i Malmö län	142.0	Sport and leisure facilities	Urban	0
574	Ekologihusets äng	P	13	6175886.99264608	387402.980294618	Skåne län	Svensk Dagfjärilsövervakning, LU	142.0	Sport and leisure facilities	Urban	0
66	Reallinjen, Lund	P	523	6174828.97467318	389847.052415255	Skåne län	Svensk Dagfjärilsövervakning, LU	112.0	Discontinuous urban fabric	Urban	0
2950	Klammersbäck slinga	T	117	6174796.20071872	448304.955397047	Skåne län	Länsstyrelsen i Malmö län	312.0	Coniferous forest	Forest	0
410	Botan, Lund	T	560	6174684.02296542	387095.137593028	Skåne län	Svensk Dagfjärilsövervakning, LU	112.0	Discontinuous urban fabric	Urban	0
182	Lottagården	P	651	6174394.40146073	405161.499794683	Skåne län	Svensk Dagfjärilsövervakning, LU	312.0	Coniferous forest	Forest	0
1077	Rögle fälad slinga	T	154	6173925.92944774	395905.515560205	Skåne län	Länsstyrelsen i Malmö län	312.0	Coniferous forest	Forest	0
474	Måryd naturreservat transekter	T	468	6173756.66713752	397078.900498921	Skåne län	Länsstyrelsen i Malmö län	231.0	Pastures	Pasture/Rangeland	0
1078	Rögle fälad transekter	T	369	6173580.9042212	395974.495790853	Skåne län	Länsstyrelsen i Malmö län	231.0	Pastures	Pasture/Rangeland	0
335	Måryd - Torna Hällestad	P	286	6173539.82986745	398372.780887623	Skåne län	Svensk Dagfjärilsövervakning, LU	211.0	Non-irrigated arable land	Cropland	0
2955	Vitemölla strandbackar slinga 2	T	208	6173535.034587	449103.281541715	Skåne län	Länsstyrelsen i Malmö län	211.0	Non-irrigated arable land	Cropland	0
473	Måryd naturreservat slinga	T	444	6173487.03605109	397442.856829064	Skåne län	Länsstyrelsen i Malmö län	311.0	Broad-leaved forest	Forest	0
642	Vitemölla strandbackar slinga 1	T	43	6173376.11350124	447986.614272845	Skåne län	Länsstyrelsen i Malmö län	211.0	Non-irrigated arable land	Cropland	0
3265	Stensoffa punkt	P	22	6173181.66545996	402468.927371902	Skåne län	Svensk Dagfjärilsövervakning, LU	231.0	Pastures	Pasture/Rangeland	0
3949	Revingefältet	T	193	6173143.94838292	406015.633298784	Skåne län	Biogeografisk uppföljning av fjärilar, LU	321.0	Natural grasslands	Unmanaged grass/shrubland	0
2941	Eljaröd 303	P	233	6172755.49759827	439485.569487731	Skåne län	Svensk Dagfjärilsövervakning, LU	211.0	Non-irrigated arable land	Cropland	0
9	Billebjer	T	3955	6172640.0811805	394488.18517342	Skåne län	Svensk Dagfjärilsövervakning, LU	211.0	Non-irrigated arable land	Cropland	0
890	Måryd-Hällestad slinga	T	440	6172190.5652762	399667.837739343	Skåne län	Länsstyrelsen i Malmö län	311.0	Broad-leaved forest	Forest	0
710	Övedskloster	T	650	6172160.03300141	414148.165189504	Skåne län	Svensk Dagfjärilsövervakning, LU	112.0	Discontinuous urban fabric	Urban	0
814	Djurrödsbäcken slinga	T	239	6171854.47021684	434978.067628197	Skåne län	Länsstyrelsen i Malmö län	243.0	Land principally occupied by agriculture with significant areas of natural vegetation	Cropland	0
559	Oremöllan, Ry transekter	T	41	6171531.67592926	432575.907709638	Skåne län	Länsstyrelsen i Malmö län	231.0	Pastures	Pasture/Rangeland	0
564	Annehem slinga	T	136	6171496.87312886	431473.812972112	Skåne län	Länsstyrelsen i Malmö län	311.0	Broad-leaved forest	Forest	0
560	Oremöllan, Ry slinga	T	129	6171401.25222608	432792.326572872	Skåne län	Länsstyrelsen i Malmö län	243.0	Land principally occupied by agriculture with significant areas of natural vegetation	Cropland	0
558	Dalby Fälad no 5 slinga	T	320	6171258.38612499	398495.262404698	Skåne län	Länsstyrelsen i Malmö län	231.0	Pastures	Pasture/Rangeland	0
545	Vomb transekter	T	240	6171175.11330909	413512.924839852	Skåne län	Länsstyrelsen i Malmö län	231.0	Pastures	Pasture/Rangeland	0
563	Annehem transekter	T	137	6171165.30169855	431325.736814676	Skåne län	Länsstyrelsen i Malmö län	311.0	Broad-leaved forest	Forest	0
557	Dalby Fälad no 5 transekter	T	853	6171063.34644569	398483.537003768	Skåne län	Länsstyrelsen i Malmö län	231.0	Pastures	Pasture/Rangeland	0
546	Vomb slinga	T	282	6170657.72101251	413457.969013096	Skåne län	Länsstyrelsen i Malmö län	211.0	Non-irrigated arable land	Cropland	0
7	Lyftvägen 39	P	1967	6170415.60725459	397016.800157365	Skåne län	Svensk Dagfjärilsövervakning, LU	112.0	Discontinuous urban fabric	Urban	0
33	Lyftvägen 10, Dalby	P	66	6170326.08244654	397053.823040528	Skåne län	Svensk Dagfjärilsövervakning, LU	112.0	Discontinuous urban fabric	Urban	0
669	Dalby transekter	T	156	6169948.12334593	397299.097130915	Skåne län	Länsstyrelsen i Malmö län	112.0	Discontinuous urban fabric	Urban	0
670	Dalby slinga	T	149	6169948.12334593	397299.097130915	Skåne län	Länsstyrelsen i Malmö län	112.0	Discontinuous urban fabric	Urban	0
264	Alnarps västerskog	P	1785	6169644.52760936	378836.024559693	Skåne län	Svensk Dagfjärilsövervakning, LU	211.0	Non-irrigated arable land	Cropland	0
1070	Betesmark öster om Dalby, slinga	T	340	6169567.33741704	398418.969671136	Skåne län	Länsstyrelsen i Malmö län	231.0	Pastures	Pasture/Rangeland	0
3952	Vombs vattenverksdammar	T	652	6169450.37685476	408047.611413253	Skåne län	Biogeografisk uppföljning av fjärilar, LU	313.0	Mixed forest	Forest	0
184	Vombs vattenverk p-plats	P	733	6169416.21005754	408547.766814671	Skåne län	Svensk Dagfjärilsövervakning, LU	312.0	Coniferous forest	Forest	0
711	Äskebäskan	T	1364	6169381.07599522	412662.196873596	Skåne län	Svensk Dagfjärilsövervakning, LU	231.0	Pastures	Pasture/Rangeland	0
3671	Stenshuvud NR	T	168	6168611.9863591	454076.397881647	Skåne län	Länsstyrelsen i Malmö län	311.0	Broad-leaved forest	Forest	0
3944	Högebjär	T	249	6168475.54690216	399078.340095203	Skåne län	Biogeografisk uppföljning av fjärilar, LU	211.0	Non-irrigated arable land	Cropland	0
587	Björkafältet	T	619	6168392.4027092	412821.617732501	Skåne län	Svensk Dagfjärilsövervakning, LU	124.0	Airports	Urban	0
263	Sjölunda	P	1277	6167629.99528754	377324.242865842	Skåne län	Svensk Dagfjärilsövervakning, LU	231.0	Pastures	Pasture/Rangeland	0
822	Klingavälsån slinga	T	428	6166747.68114252	407703.205427938	Skåne län	Länsstyrelsen i Malmö län	312.0	Coniferous forest	Forest	0
3945	Klingvalla	T	82	6166447.77652943	405806.613613417	Skåne län	Biogeografisk uppföljning av fjärilar, LU	112.0	Discontinuous urban fabric	Urban	0
823	Kronovall slinga	T	100	6165597.96620883	439251.900402429	Skåne län	Länsstyrelsen i Malmö län	311.0	Broad-leaved forest	Forest	0
396	Humlamaden	T	1700	6164745.62317613	407356.647765035	Skåne län	Svensk Dagfjärilsövervakning, LU	312.0	Coniferous forest	Forest	0
2817	Enehusa, ängen	P	36	6164356.21455501	403777.918499605	Skåne län	Artportalen, SLU	243.0	Land principally occupied by agriculture with significant areas of natural vegetation	Cropland	0
232	Snapparp, Klangstorp	P	1927	6164282.70534755	446492.994409864	Skåne län	Svensk Dagfjärilsövervakning, LU	312.0	Coniferous forest	Forest	0
3287	Lundavägens Koloniförening	T	1	6164181.07825557	375972.051786237	Skåne län	Artportalen, SLU	122.0	Road and rail networks and associated land	Urban	0
416	Östra Sommarstaden	P	25	6163974.78414065	377227.792483914	Skåne län	Svensk Dagfjärilsövervakning, LU	112.0	Discontinuous urban fabric	Urban	0
3279	Kirsebergsspåret	T	58	6163957.85496258	377061.076454731	Skåne län	Svensk Dagfjärilsövervakning, LU	112.0	Discontinuous urban fabric	Urban	0
2922	Bulltofta	T	217	6163673.48856589	378995.372767062	Skåne län	Svensk Dagfjärilsövervakning, LU	141.0	Green urban areas	Urban	0
2899	Tranesvägen 25, Skåne-Tranås	P	210	6163490.53673958	436552.600189606	Skåne län	Svensk Dagfjärilsövervakning, LU	112.0	Discontinuous urban fabric	Urban	0
3151	Ribbersborg	T	1	6163399.90601586	371362.562986744	Skåne län	Svensk Dagfjärilsövervakning, LU	141.0	Green urban areas	Urban	0
819	Humlamaden slinga Bushlife	T	331	6163346.60902265	407210.979306696	Skåne län	Länsstyrelsen i Malmö län	311.0	Broad-leaved forest	Forest	0
213	Tågratorp	P	2883	6162886.03319011	422545.034690661	Skåne län	Svensk Dagfjärilsövervakning, LU	312.0	Coniferous forest	Forest	0
3154	Köpenhamnsvägen	P	0	6162643.70989909	372601.696949282	Skåne län	Svensk Dagfjärilsövervakning, LU	112.0	Discontinuous urban fabric	Urban	0
3152	Pildammsparken	T	1	6162310.41232511	373249.228863077	Skåne län	Svensk Dagfjärilsövervakning, LU	141.0	Green urban areas	Urban	0
3951	Risen, Genarp	T	118	6161802.41195652	399556.677619629	Skåne län	Biogeografisk uppföljning av fjärilar, LU	231.0	Pastures	Pasture/Rangeland	0
821	Humlarödshus fälad slinga	T	90	6161387.9868749	407247.722589354	Skåne län	Länsstyrelsen i Malmö län	142.0	Sport and leisure facilities	Urban	0
820	Humlarödshus fälad transekter	T	291	6161241.30655798	407527.291284805	Skåne län	Länsstyrelsen i Malmö län	211.0	Non-irrigated arable land	Cropland	0
609	Örngatan 4	P	13	6160733.14295707	411623.218975935	Skåne län	Svensk Dagfjärilsövervakning, LU	112.0	Discontinuous urban fabric	Urban	0
251	Daltofta	P	58	6159920.89777745	410191.34454424	Skåne län	Svensk Dagfjärilsövervakning, LU	211.0	Non-irrigated arable land	Cropland	0
262	Resåkra	P	828	6158131.6230124	394769.71151454	Skåne län	Svensk Dagfjärilsövervakning, LU	211.0	Non-irrigated arable land	Cropland	0
272	Frihult	T	1037	6157750.07387737	413990.739400182	Skåne län	Svensk Dagfjärilsövervakning, LU	211.0	Non-irrigated arable land	Cropland	0
3670	Skogshejdan NR	T	66	6156920.11731505	426273.610241616	Skåne län	Länsstyrelsen i Malmö län	231.0	Pastures	Pasture/Rangeland	0
271	Ågerups skola	P	2054	6156780.12966838	411803.051798015	Skåne län	Svensk Dagfjärilsövervakning, LU	211.0	Non-irrigated arable land	Cropland	0
817	Fredriksbergs mosse slinga	T	1243	6154577.23621803	423778.97180882	Skåne län	Länsstyrelsen i Malmö län	231.0	Pastures	Pasture/Rangeland	0
644	Högestads mosse slinga 1	T	146	6152132.83515185	426317.17149932	Skåne län	Länsstyrelsen i Malmö län	211.0	Non-irrigated arable land	Cropland	0
645	Högestads mosse transekter	T	389	6152132.83515185	426317.17149932	Skåne län	Länsstyrelsen i Malmö län	211.0	Non-irrigated arable land	Cropland	0
2958	Högestads mosse slinga 2	T	141	6152132.83515185	426317.17149932	Skåne län	Länsstyrelsen i Malmö län	211.0	Non-irrigated arable land	Cropland	0
462	Hunneröds mosse	T	17051	6151007.61247327	398682.481850449	Skåne län	Svensk Dagfjärilsövervakning, LU	231.0	Pastures	Pasture/Rangeland	0
499	Killerödsvägen	T	8720	6149814.51824731	399484.931249038	Skåne län	Svensk Dagfjärilsövervakning, LU	211.0	Non-irrigated arable land	Cropland	0
1104	Näsbyholm slinga	T	142	6147985.31103631	402577.630666234	Skåne län	Länsstyrelsen i Malmö län	211.0	Non-irrigated arable land	Cropland	0
461	Torsgårdsparken	T	683	6147980.25889248	374737.873129575	Skåne län	Svensk Dagfjärilsövervakning, LU	112.0	Discontinuous urban fabric	Urban	0
658	Bastardssvärmarerundan	T	226	6147980.25889248	374737.873129575	Skåne län	Svensk Dagfjärilsövervakning, LU	112.0	Discontinuous urban fabric	Urban	0
4281	Vellinge Väster Byaväg 6	P	35	6147973.81189817	373061.832813844	Skåne län	Svensk Dagfjärilsövervakning, LU	211.0	Non-irrigated arable land	Cropland	0
1105	Näsbyholm transekter	T	37	6147962.52884389	402767.801460626	Skåne län	Länsstyrelsen i Malmö län	211.0	Non-irrigated arable land	Cropland	0
2777	Östra Hoby	P	57	6147716.66813329	451469.185149196	Skåne län	Svensk Dagfjärilsövervakning, LU	211.0	Non-irrigated arable land	Cropland	0
359	Gabeljung	T	3486	6147472.68558286	397847.920074896	Skåne län	Svensk Dagfjärilsövervakning, LU	311.0	Broad-leaved forest	Forest	0
3173	Gabeljung 2	T	335	6147453.41943994	397824.155453103	Skåne län	Svensk Dagfjärilsövervakning, LU	231.0	Pastures	Pasture/Rangeland	0
650	Lilla Hammars näs slinga	T	139	6147020.11283395	370200.418928407	Skåne län	Länsstyrelsen i Malmö län	231.0	Pastures	Pasture/Rangeland	0
651	Lilla Hammars näs transekter	T	366	6147020.11283395	370200.418928407	Skåne län	Länsstyrelsen i Malmö län	231.0	Pastures	Pasture/Rangeland	0
813	Bjäresjö slinga	T	31	6146902.98743493	420777.439224746	Skåne län	Länsstyrelsen i Malmö län	211.0	Non-irrigated arable land	Cropland	0
812	Bjäresjö transekter	T	15	6146845.24776799	420280.342521502	Skåne län	Länsstyrelsen i Malmö län	211.0	Non-irrigated arable land	Cropland	0
16	Alstad, Stenekullevägen 3	P	12637	6146663.66613496	386692.940314182	Skåne län	Svensk Dagfjärilsövervakning, LU	211.0	Non-irrigated arable land	Cropland	0
834	Skillinge slinga	T	201	6145866.61345001	453723.676264871	Skåne län	Länsstyrelsen i Malmö län	211.0	Non-irrigated arable land	Cropland	0
4275	Lilla Köpinge naturreservat	T	1309	6145510.00990695	432103.361687572	Skåne län	Svensk Dagfjärilsövervakning, LU	312.0	Coniferous forest	Forest	0
4279	Krigsstigen 16, Köpingebro	P	96	6145433.25491632	432380.125994933	Skåne län	Svensk Dagfjärilsövervakning, LU	112.0	Discontinuous urban fabric	Urban	0
2907	Lilla Hammar 13:6	P	46	6145382.64938254	370516.250196835	Skåne län	Svensk Dagfjärilsövervakning, LU	231.0	Pastures	Pasture/Rangeland	0
389	Bodarp	P	148	6145347.32796779	376865.305277449	Skåne län	Svensk Dagfjärilsövervakning, LU	211.0	Non-irrigated arable land	Cropland	0
3948	Nybrofältet, Biogeo	T	223	6144550.87077278	432312.390704185	Skåne län	Biogeografisk uppföljning av fjärilar, LU	231.0	Pastures	Pasture/Rangeland	0
745	Knösen, punkt	P	31	6143845.86685332	364516.295617341	Skåne län	Svensk Dagfjärilsövervakning, LU	231.0	Pastures	Pasture/Rangeland	0
2673	Lagmanshejden	T	1370	6143626.1889299	364533.834470214	Skåne län	Svensk Dagfjärilsövervakning, LU	231.0	Pastures	Pasture/Rangeland	0
3146	KFV Skanör	P	626	6143502.20282098	364874.089061108	Skåne län	Svensk Dagfjärilsövervakning, LU	231.0	Pastures	Pasture/Rangeland	0
4079	Nybrostrand, Vipvägen	P	24	6143219.63362183	433533.273892979	Skåne län	Svensk Dagfjärilsövervakning, LU	112.0	Discontinuous urban fabric	Urban	0
71	Grenvägen 3	P	62	6143193.44778292	371174.296046183	Skåne län	Svensk Dagfjärilsövervakning, LU	112.0	Discontinuous urban fabric	Urban	0
2830	N. Sparvstyckevägen 12, Skanör	P	36	6142998.62156678	363938.435827	Skåne län	Svensk Dagfjärilsövervakning, LU	141.0	Green urban areas	Urban	0
2932	Lyckan, Rängs sand	P	400	6142162.64232999	373213.170313051	Skåne län	Svensk Dagfjärilsövervakning, LU	211.0	Non-irrigated arable land	Cropland	0
987	Sjövägen, Kämpinge	P	670	6141481.3058293	371600.926849937	Skåne län	Svensk Dagfjärilsövervakning, LU	141.0	Green urban areas	Urban	0
743	Ängsnäset	P	90	6140981.43262022	365638.913481085	Skåne län	Svensk Dagfjärilsövervakning, LU	231.0	Pastures	Pasture/Rangeland	0
487	Kämpinge	T	989	6140604.63808203	372710.504318986	Skåne län	Svensk Dagfjärilsövervakning, LU	231.0	Pastures	Pasture/Rangeland	0
744	Falsterbo Fågelstation	P	148	6140199.42378504	362928.446868876	Skåne län	Svensk Dagfjärilsövervakning, LU	141.0	Green urban areas	Urban	0
241	Nabben	T	1506	6140094.64855418	362253.028333624	Skåne län	Svensk Dagfjärilsövervakning, LU	112.0	Discontinuous urban fabric	Urban	0
2829	Golfbanans kantstig, Ljunghusen	P	15	6139920.59467656	368190.844088653	Skåne län	Svensk Dagfjärilsövervakning, LU	112.0	Discontinuous urban fabric	Urban	0
190	Beddingestrand	T	8199	6136999.50007013	401609.503999175	Skåne län	Svensk Dagfjärilsövervakning, LU	112.0	Discontinuous urban fabric	Urban	0
627	Modeshögsvägen 1	P	32	6135360.80765197	389484.575721134	Skåne län	Svensk Dagfjärilsövervakning, LU	112.0	Discontinuous urban fabric	Urban	0
